modelo_id,macro_regiao,outcome,exposure,rr_p05,rr_p05_low,rr_p05_high,rr_p95,rr_p95_low,rr_p95_high,cen,p05_val,p50_val,p95_val,p_association,p_method,family,dispersion,alerta_convergencia,rr_explosivo,modelo_invalido,lb_pvalue,lb_statistic,acf_lag1,acf_lag7,acf_lag14,n_obs,df_exp,df_lag,lag_max,p_fdr_p05,p_p05,p_p95,classificacao,contraste,posterior_mean,posterior_sd,ci95_lower,ci95_upper,prob_rr_gt_1,prob_rr_gt_110,mu_hat,tau_hat,rr_posterior_p05,rr_posterior_p95,cr95_lower_p05,cr95_upper_p05
baia_da_ilha_grande_internacoes_i60_i69_temp_med,Baia da Ilha Grande,internacoes_i60_i69,temp_med,1.2813573311409243,0.86628545810776,1.8953066736857944,0.9183709737059048,0.6414153980780529,1.3149126882091149,22.827219202898547,18.35,22.827219202898547,27.87374999999999,0.07724964246412044,Wald HAC,quasipoisson,1.046119291700157,FALSE,FALSE,FALSE,7.630147762716089e-5,43.314158306526025,-0.03989890014649309,-0.03614477459436315,-0.01678972386870213,5844,4,3,21,0.15032362857882897,1,1,evidencia_insuficiente,P05_vs_P50,0.21328819782609673,0.15226726444463287,-0.08515564048538368,0.5117320361375771,0.91935540763696,0.21922632121744265,0.16522101925113877,0.235298592474574,1.2377413142024107,1.2377413142024107,0.9183693378281078,1.668178038812373
baia_da_ilha_grande_internacoes_i60_i69_temp_med,Baia da Ilha Grande,internacoes_i60_i69,temp_med,1.2813573311409243,0.86628545810776,1.8953066736857944,0.9183709737059048,0.6414153980780529,1.3149126882091149,22.827219202898547,18.35,22.827219202898547,27.87374999999999,0.07724964246412044,Wald HAC,quasipoisson,1.046119291700157,FALSE,FALSE,FALSE,7.630147762716089e-5,43.314158306526025,-0.03989890014649309,-0.03614477459436315,-0.01678972386870213,5844,4,3,21,0.15032362857882897,1,1,evidencia_insuficiente,P95_vs_P50,-0.08286805642447415,0.15845330619723674,-0.39343653657105815,0.22770042372210983,0.3004937642423886,0.8695961611291263,-0.0760578458943113,0.3160876086668327,0.9204725896528264,0.9204725896528264,0.6747341371600873,1.2557090884244937
baia_da_ilha_grande_internacoes_i60_i69_ur_med,Baia da Ilha Grande,internacoes_i60_i69,ur_med,0.8474092963665959,0.5384981481872028,1.3335282915752742,1.0994006343193343,0.721895025533964,1.6743178883214067,81.375,69.68966131907308,81.375,91.1875,0.06523382556148186,Wald HAC,quasipoisson,1.0465531354302706,FALSE,FALSE,FALSE,3.820048903613315e-5,45.17563989422558,-0.0395574467889922,-0.03611156169993061,-0.01672422837086618,5844,4,3,21,0.13419529829790552,1,1,evidencia_insuficiente,P05_vs_P50,-0.06097392584936486,0.07938293883769032,-0.2165644859712379,0.09461663427250816,0.22121429807393353,0.9755083331483728,-0.04701218738247648,0.08451508065881352,0.9408477712627021,0.9408477712627021,0.8052806039464153,1.099237364406825
baia_da_ilha_grande_internacoes_i60_i69_ur_med,Baia da Ilha Grande,internacoes_i60_i69,ur_med,0.8474092963665959,0.5384981481872028,1.3335282915752742,1.0994006343193343,0.721895025533964,1.6743178883214067,81.375,69.68966131907308,81.375,91.1875,0.06523382556148186,Wald HAC,quasipoisson,1.0465531354302706,FALSE,FALSE,FALSE,3.820048903613315e-5,45.17563989422558,-0.0395574467889922,-0.03611156169993061,-0.01672422837086618,5844,4,3,21,0.13419529829790552,1,1,evidencia_insuficiente,P95_vs_P50,-0.01947107360931436,0.07009664428533757,-0.15686049640857602,0.11791834918994729,0.3905926608077057,0.9492339996729338,-0.03311316433404976,0.07416410488353914,0.9807172633890824,0.9807172633890824,0.8548233014206871,1.1251522380249597
baia_da_ilha_grande_obitos_i60_i69_temp_med,Baia da Ilha Grande,obitos_i60_i69,temp_med,1.6626066970342728,0.9890799375939182,2.79478020325403,1.2750842071594208,0.7577826993594075,2.145522372999244,22.8375,18.35,22.8375,27.83791666666666,0.07417112758418841,Wald HAC,quasipoisson,0.9834113587906153,FALSE,FALSE,FALSE,0.06340748347999414,22.811468096504544,-0.00810555147611931,-0.02087826296869549,-0.02951541142894366,5479,4,3,21,0.14834225516837682,1,1,evidencia_insuficiente,P05_vs_P50,0.2072154689212747,9.999928791940742e-4,0.2052554828780543,0.2091754549644951,1,0,0.2072111797121121,0.001,1.2302476233528437,1.2302476233528437,1.227838716664272,1.232661256094891
baia_da_ilha_grande_obitos_i60_i69_temp_med,Baia da Ilha Grande,obitos_i60_i69,temp_med,1.6626066970342728,0.9890799375939182,2.79478020325403,1.2750842071594208,0.7577826993594075,2.145522372999244,22.8375,18.35,22.8375,27.83791666666666,0.07417112758418841,Wald HAC,quasipoisson,0.9834113587906153,FALSE,FALSE,FALSE,0.06340748347999414,22.811468096504544,-0.00810555147611931,-0.02087826296869549,-0.02951541142894366,5479,4,3,21,0.14834225516837682,1,1,evidencia_insuficiente,P95_vs_P50,0.04892998529981222,9.999929066459808e-4,0.0469699992027861,0.05088997139683834,1,1,0.04892723188249881,0.001,1.0501468224511006,1.0501468224511006,1.048090565055481,1.0522071140348122
baia_da_ilha_grande_obitos_i60_i69_ur_med,Baia da Ilha Grande,obitos_i60_i69,ur_med,1.1773440141622025,0.6200879747188657,2.235390757758225,0.932042961227613,0.5013240319612143,1.7328195462234417,81.47916666666667,69.75,81.47916666666667,91.20083333333332,0.02656722509490489,Wald HAC,quasipoisson,0.9778008123488656,FALSE,FALSE,FALSE,0.05179874054232836,23.556294423043248,-0.00975729548605435,-0.02104363319942102,-0.0297194653598648,5479,4,3,21,0.07229705744991713,1,1,sinal_sugestivo,P05_vs_P50,0.08665846702346021,9.999953274596532e-4,0.08469847618163928,0.08861845786528114,1,1,0.0866577511609733,0.001,1.090524166144612,1.090524166144612,1.0883888420575936,1.0926636795514584
baia_da_ilha_grande_obitos_i60_i69_ur_med,Baia da Ilha Grande,obitos_i60_i69,ur_med,1.1773440141622025,0.6200879747188657,2.235390757758225,0.932042961227613,0.5013240319612143,1.7328195462234417,81.47916666666667,69.75,81.47916666666667,91.20083333333332,0.02656722509490489,Wald HAC,quasipoisson,0.9778008123488656,FALSE,FALSE,FALSE,0.05179874054232836,23.556294423043248,-0.00975729548605435,-0.02104363319942102,-0.0297194653598648,5479,4,3,21,0.07229705744991713,1,1,sinal_sugestivo,P95_vs_P50,0.02036540023803626,0.05718835652156824,-0.0917237785442375,0.13245457902031002,0.6391212631763055,0.9049849677521016,0.02343018757939063,0.05814610011939918,1.0205741899548242,1.0205741899548242,0.9123571273565431,1.1416271610874438
baia_da_ilha_grande_internacoes_i60_i64_temp_med,Baia da Ilha Grande,internacoes_i60_i64,temp_med,1.3499923967641558,0.9021524723673916,2.0201457371596554,0.894825328506582,0.6183113126944157,1.2949987362315067,22.827219202898547,18.35,22.827219202898547,27.87374999999999,0.06141979737071128,Wald HAC,quasipoisson,1.0453905053610144,FALSE,FALSE,FALSE,1.802548655667202e-4,40.96327383277239,-0.03666632643899181,-0.04013836122650889,-0.01317548695877233,5844,4,3,21,0.1340068306270064,1,1,evidencia_insuficiente,P05_vs_P50,0.1708802975687586,0.12089652179460332,-0.06607688514866392,0.4078374802861811,0.921237190509334,0.265958951330745,0.1026368208236652,0.1494490312625595,1.1863487316944876,1.1863487316944876,0.9360588924977654,1.5035627827193356
baia_da_ilha_grande_internacoes_i60_i64_temp_med,Baia da Ilha Grande,internacoes_i60_i64,temp_med,1.3499923967641558,0.9021524723673916,2.0201457371596554,0.894825328506582,0.6183113126944157,1.2949987362315067,22.827219202898547,18.35,22.827219202898547,27.87374999999999,0.06141979737071128,Wald HAC,quasipoisson,1.0453905053610144,FALSE,FALSE,FALSE,1.802548655667202e-4,40.96327383277239,-0.03666632643899181,-0.04013836122650889,-0.01317548695877233,5844,4,3,21,0.1340068306270064,1,1,evidencia_insuficiente,P95_vs_P50,-0.10388097334621374,9.99985942005213e-4,-0.10584094579254397,-0.10192100089988353,0,1,-0.10388076961992154,0.001,0.9013325736369022,0.9013325736369022,0.8995677167280242,0.903100893008751
baia_da_ilha_grande_internacoes_i60_i64_ur_med,Baia da Ilha Grande,internacoes_i60_i64,ur_med,0.8540948905904385,0.5357099613912492,1.3617034117458342,1.1734632682205142,0.7631580215554188,1.8043655481157448,81.375,69.68966131907308,81.375,91.1875,0.04693620946214158,Wald HAC,quasipoisson,1.0450543624178366,FALSE,FALSE,FALSE,8.132182170261792e-5,43.14140627872575,-0.03655733480089997,-0.04005132728241898,-0.01347754609420482,5844,4,3,21,0.11653127866462738,1,1,evidencia_insuficiente,P05_vs_P50,-0.02948087830407407,0.06523194412949056,-0.15733548879787554,0.0983737321897274,0.32565636054438096,0.9721282786651084,-0.01906392772073906,0.06782977787690288,0.970949443663708,0.970949443663708,0.8544173632747135,1.103375074843548
baia_da_ilha_grande_internacoes_i60_i64_ur_med,Baia da Ilha Grande,internacoes_i60_i64,ur_med,0.8540948905904385,0.5357099613912492,1.3617034117458342,1.1734632682205142,0.7631580215554188,1.8043655481157448,81.375,69.68966131907308,81.375,91.1875,0.04693620946214158,Wald HAC,quasipoisson,1.0450543624178366,FALSE,FALSE,FALSE,8.132182170261792e-5,43.14140627872575,-0.03655733480089997,-0.04005132728241898,-0.01347754609420482,5844,4,3,21,0.11653127866462738,1,1,evidencia_insuficiente,P95_vs_P50,0.06224801600484282,9.999896238930277e-4,0.06028803634201248,0.06420799566767316,1,1,0.06224598824501537,0.001,1.0642262571439751,1.0642262571439751,1.0621424381118707,1.0663141644241358
baia_da_ilha_grande_obitos_i60_i64_temp_med,Baia da Ilha Grande,obitos_i60_i64,temp_med,1.980734036269787,1.0235993450488907,3.832854467340647,1.25552208110525,0.643245716341556,2.4505964922832715,22.8375,18.35,22.8375,27.83791666666666,0.11164367669132372,Wald HAC,quasipoisson,1.009532916166854,FALSE,FALSE,FALSE,0.0016596690909707,34.64307980255792,-0.02105888067869586,-0.03289701683480839,-0.02472267973381662,5479,4,3,21,0.19605718833598315,0.11164367669132372,1,evidencia_insuficiente,P05_vs_P50,0.231690180464386,9.999955923801446e-4,0.2297301891033209,0.2336501718254511,1,0,0.23168619791267564,0.001,1.2607290698196114,1.2607290698196114,1.25826047173985,1.2632025110750238
baia_da_ilha_grande_obitos_i60_i64_temp_med,Baia da Ilha Grande,obitos_i60_i64,temp_med,1.980734036269787,1.0235993450488907,3.832854467340647,1.25552208110525,0.643245716341556,2.4505964922832715,22.8375,18.35,22.8375,27.83791666666666,0.11164367669132372,Wald HAC,quasipoisson,1.009532916166854,FALSE,FALSE,FALSE,0.0016596690909707,34.64307980255792,-0.02105888067869586,-0.03289701683480839,-0.02472267973381662,5479,4,3,21,0.19605718833598315,0.11164367669132372,1,evidencia_insuficiente,P95_vs_P50,0.03183285587398615,9.999957054978056e-4,0.02987286429121044,0.03379284745676184,1,1,0.03183117483497588,0.001,1.0323449404910994,1.0323449404910994,1.0303235347134843,1.034370312092245
baia_da_ilha_grande_obitos_i60_i64_ur_med,Baia da Ilha Grande,obitos_i60_i64,ur_med,1.1830617053264636,0.5171707506193035,2.706330543507962,0.9042167818170924,0.4052759130427872,2.01741076192046,81.47916666666667,69.75,81.47916666666667,91.20083333333332,0.055980292690554,Wald HAC,quasipoisson,1.0040016717043776,FALSE,FALSE,FALSE,0.00172388121400657,34.53109905013906,-0.02311955503486332,-0.03302592775557121,-0.02203462079591236,5479,4,3,21,0.1300187443135448,1,1,evidencia_insuficiente,P05_vs_P50,0.01275825335265436,9.999971948442244e-4,0.01079825885075968,0.01471824785454904,1,1,0.0127573818011677,0.001,1.012839987090333,1.012839987090333,1.010856770466067,1.01482709462011
baia_da_ilha_grande_obitos_i60_i64_ur_med,Baia da Ilha Grande,obitos_i60_i64,ur_med,1.1830617053264636,0.5171707506193035,2.706330543507962,0.9042167818170924,0.4052759130427872,2.01741076192046,81.47916666666667,69.75,81.47916666666667,91.20083333333332,0.055980292690554,Wald HAC,quasipoisson,1.0040016717043776,FALSE,FALSE,FALSE,0.00172388121400657,34.53109905013906,-0.02311955503486332,-0.03302592775557121,-0.02203462079591236,5479,4,3,21,0.1300187443135448,1,1,evidencia_insuficiente,P95_vs_P50,0.0093885541503166,9.999970174412694e-4,0.00742855999613172,0.01134854830450149,1,1,0.0093892107617608,0.001,1.0094327648747772,1.0094327648747772,1.0074562201973405,1.011413187367233
baixada_litoranea_internacoes_i60_i69_temp_med,Baixada Litoranea,internacoes_i60_i69,temp_med,0.9249922880187372,0.7037304498821745,1.215821672967815,0.9840851293399964,0.7362512853155608,1.3153437706706976,23.345833333333335,19.770833333333332,23.345833333333335,26.987499999999997,0.18140770241953985,Wald HAC,quasipoisson,1.0325241555807605,FALSE,FALSE,FALSE,0.01056649387589037,28.96450797316132,-0.01832926722505428,0.00334256788241377,-6.266243034234754e-4,5844,4,3,21,0.2839424907436276,1,1,evidencia_insuficiente,P05_vs_P50,-0.01473239910269918,0.11998665535794442,-0.24990624360427025,0.2204414453988719,0.4511392121457871,0.8204610307464073,0.16522101925113877,0.235298592474574,0.98537559171724,0.98537559171724,0.7788738040488555,1.2466269268586112
baixada_litoranea_internacoes_i60_i69_temp_med,Baixada Litoranea,internacoes_i60_i69,temp_med,0.9249922880187372,0.7037304498821745,1.215821672967815,0.9840851293399964,0.7362512853155608,1.3153437706706976,23.345833333333335,19.770833333333332,23.345833333333335,26.987499999999997,0.18140770241953985,Wald HAC,quasipoisson,1.0325241555807605,FALSE,FALSE,FALSE,0.01056649387589037,28.96450797316132,-0.01832926722505428,0.00334256788241377,-6.266243034234754e-4,5844,4,3,21,0.2839424907436276,1,1,evidencia_insuficiente,P95_vs_P50,-0.026838068487177,0.13405806113445165,-0.2895918683107022,0.2359157313363482,0.4206631200947961,0.8188942757236384,-0.0760578458943113,0.3160876086668327,0.9735188721450381,0.9735188721450381,0.7485690199806035,1.266067615845369
baixada_litoranea_internacoes_i60_i69_ur_med,Baixada Litoranea,internacoes_i60_i69,ur_med,1.1488043883741583,0.879919360220751,1.4998550803753532,1.0473001914592692,0.7995904821756676,1.3717493085287251,80.08333333333333,67.4223484848485,80.08333333333333,89.23312499999999,0.14085468822208855,Wald HAC,quasipoisson,1.033088456226137,FALSE,FALSE,FALSE,0.01335307641752014,28.20723534885807,-0.01688835210545539,0.00187186366082389,-7.207532112383605e-4,5844,4,3,21,0.24146517980929463,1,1,evidencia_insuficiente,P05_vs_P50,0.00470775989909955,0.07178994848498575,-0.13600053913147253,0.14541605892967163,0.5261426465139122,0.896534390411428,-0.04701218738247648,0.08451508065881352,1.0047188588109022,1.0047188588109022,0.8728421619119124,1.1565206509262975
baixada_litoranea_internacoes_i60_i69_ur_med,Baixada Litoranea,internacoes_i60_i69,ur_med,1.1488043883741583,0.879919360220751,1.4998550803753532,1.0473001914592692,0.7995904821756676,1.3717493085287251,80.08333333333333,67.4223484848485,80.08333333333333,89.23312499999999,0.14085468822208855,Wald HAC,quasipoisson,1.033088456226137,FALSE,FALSE,FALSE,0.01335307641752014,28.20723534885807,-0.01688835210545539,0.00187186366082389,-7.207532112383605e-4,5844,4,3,21,0.24146517980929463,1,1,evidencia_insuficiente,P95_vs_P50,-0.01527355954180453,0.06529466505264261,-0.14325110304498406,0.112703983961375,0.4075245448509033,0.9548303523899028,-0.03311316433404976,0.07416410488353914,0.9848424896892165,0.9848424896892165,0.8665364516328591,1.119300552988388
baixada_litoranea_obitos_i60_i69_temp_med,Baixada Litoranea,obitos_i60_i69,temp_med,1.3215069573180835,0.9874822722077596,1.7685184710563318,0.924846726244008,0.6775921185715515,1.2623249940501449,23.375,19.81625,23.375,26.92125,0.35099601041414424,Wald HAC,quasipoisson,1.0520596103646376,FALSE,FALSE,FALSE,0.4371355247664363,14.169846673888545,-0.00120245896931784,-0.01369738062559176,-0.0127590044370305,5479,4,3,21,0.4182987646506703,1,1,evidencia_insuficiente,P05_vs_P50,0.20721441776641825,9.999773754803625e-4,0.2052544621104767,0.20917437342235973,1,0,0.2072111797121121,0.001,1.2302463301727595,1.2302463301727595,1.227837463326959,1.2326599229205248
baixada_litoranea_obitos_i60_i69_temp_med,Baixada Litoranea,obitos_i60_i69,temp_med,1.3215069573180835,0.9874822722077596,1.7685184710563318,0.924846726244008,0.6775921185715515,1.2623249940501449,23.375,19.81625,23.375,26.92125,0.35099601041414424,Wald HAC,quasipoisson,1.0520596103646376,FALSE,FALSE,FALSE,0.4371355247664363,14.169846673888545,-0.00120245896931784,-0.01369738062559176,-0.0127590044370305,5479,4,3,21,0.4182987646506703,1,1,evidencia_insuficiente,P95_vs_P50,0.04892218836276698,9.99980151941713e-4,0.04696222726496122,0.05088214946057274,1,1,0.04892723188249881,0.001,1.050138634554358,1.050138634554358,1.0480824193924285,1.0521988837700165
baixada_litoranea_obitos_i60_i69_ur_med,Baixada Litoranea,obitos_i60_i69,ur_med,1.3415106706886255,0.9401162711498232,1.9142854291526687,1.1709372278577033,0.8581026549844611,1.59782047476349,80.3125,67.71369047619046,80.3125,89.41666666666667,0.16897980028333506,Wald HAC,quasipoisson,1.0487200008821178,FALSE,FALSE,FALSE,0.4351920576021606,14.19628980984228,-8.874733123130971e-4,-0.0138253556932776,-0.01166321516703164,5479,4,3,21,0.2703676804533361,1,1,evidencia_insuficiente,P05_vs_P50,0.08666404569134314,9.999848058778692e-4,0.08470407547182252,0.08862401591086377,1,1,0.0866577511609733,0.001,1.0905302498337226,1.0905302498337226,1.0883949362796141,1.092669752642873
baixada_litoranea_obitos_i60_i69_ur_med,Baixada Litoranea,obitos_i60_i69,ur_med,1.3415106706886255,0.9401162711498232,1.9142854291526687,1.1709372278577033,0.8581026549844611,1.59782047476349,80.3125,67.71369047619046,80.3125,89.41666666666667,0.16897980028333506,Wald HAC,quasipoisson,1.0487200008821178,FALSE,FALSE,FALSE,0.4351920576021606,14.19628980984228,-8.874733123130971e-4,-0.0138253556932776,-0.01166321516703164,5479,4,3,21,0.2703676804533361,1,1,evidencia_insuficiente,P95_vs_P50,0.03935336687554323,0.05459238515760711,-0.06764770803336673,0.14635444178445317,0.7645016093865074,0.8473167559506356,0.02343018757939063,0.05814610011939918,1.0401379690220023,1.0401379690220023,0.9345896640189673,1.1576064194299276
baixada_litoranea_internacoes_i60_i64_temp_med,Baixada Litoranea,internacoes_i60_i64,temp_med,0.917615602737515,0.6929650301483616,1.2150950737110926,0.9965024879633424,0.7399343127985365,1.3420342743147016,23.345833333333335,19.770833333333332,23.345833333333335,26.987499999999997,0.06395383920018699,Wald HAC,quasipoisson,1.0289571159186748,FALSE,FALSE,FALSE,0.0068299491512459,30.34912558706948,-0.02082849792466457,0.00136772908987953,-0.00627619866487992,5844,4,3,21,0.13419529829790552,1,1,evidencia_insuficiente,P05_vs_P50,0.00434696133515917,0.10342069975704445,-0.19835761018864792,0.2070515328589663,0.5167633383186241,0.8104472322951449,0.1026368208236652,0.1494490312625595,1.0043564230765574,1.0043564230765574,0.8200765329701555,1.2300459579323761
baixada_litoranea_internacoes_i60_i64_temp_med,Baixada Litoranea,internacoes_i60_i64,temp_med,0.917615602737515,0.6929650301483616,1.2150950737110926,0.9965024879633424,0.7399343127985365,1.3420342743147016,23.345833333333335,19.770833333333332,23.345833333333335,26.987499999999997,0.06395383920018699,Wald HAC,quasipoisson,1.0289571159186748,FALSE,FALSE,FALSE,0.0068299491512459,30.34912558706948,-0.02082849792466457,0.00136772908987953,-0.00627619866487992,5844,4,3,21,0.13419529829790552,1,1,evidencia_insuficiente,P95_vs_P50,-0.10387641852115012,9.999783260088463e-4,-0.10583637604012744,-0.10191646100217278,0,1,-0.10388076961992154,0.001,0.9013366790584489,0.9013366790584489,0.8995718275391642,0.9031049930037345
baixada_litoranea_internacoes_i60_i64_ur_med,Baixada Litoranea,internacoes_i60_i64,ur_med,1.1739810621835665,0.8926631947372453,1.5439546992539963,1.063840977089461,0.8062892871411911,1.403661989045471,80.08333333333333,67.4223484848485,80.08333333333333,89.23312499999999,0.27559339441051234,Wald HAC,quasipoisson,1.0298027504785836,FALSE,FALSE,FALSE,0.01050833629181458,28.98223524326461,-0.01847699314860386,6.857487545693417e-4,-0.00651186445196717,5844,4,3,21,0.36603446073788576,1,1,evidencia_insuficiente,P05_vs_P50,0.01514594022249318,0.06102336028674753,-0.10445984593953198,0.13475172638451835,0.5980098004123425,0.9055204820214708,-0.01906392772073906,0.06782977787690288,1.0152612212529681,1.0152612212529681,0.9008109678987575,1.1442526613373953
baixada_litoranea_internacoes_i60_i64_ur_med,Baixada Litoranea,internacoes_i60_i64,ur_med,1.1739810621835665,0.8926631947372453,1.5439546992539963,1.063840977089461,0.8062892871411911,1.403661989045471,80.08333333333333,67.4223484848485,80.08333333333333,89.23312499999999,0.27559339441051234,Wald HAC,quasipoisson,1.0298027504785836,FALSE,FALSE,FALSE,0.01050833629181458,28.98223524326461,-0.01847699314860386,6.857487545693417e-4,-0.00651186445196717,5844,4,3,21,0.36603446073788576,1,1,evidencia_insuficiente,P95_vs_P50,0.06224597024426524,9.9997500323662e-4,0.06028601923792147,0.06420592125060902,1,1,0.06224598824501537,0.001,1.0642240799940794,1.0642240799940794,1.0621402956621744,1.0663119524461317
baixada_litoranea_obitos_i60_i64_temp_med,Baixada Litoranea,obitos_i60_i64,temp_med,1.577146210017646,1.088420687815303,2.2853205526309477,0.8934436047211127,0.5979908517700799,1.33487238551263,23.375,19.81625,23.375,26.92125,0.20273492591357692,Wald HAC,quasipoisson,1.0745270185820035,FALSE,FALSE,FALSE,0.03627400164428962,24.830895540025587,0.00543252154653328,-0.03366390110137987,0.00981864196394173,5479,4,3,21,0.3041023888703654,0.20273492591357692,1,evidencia_insuficiente,P05_vs_P50,0.23169245144381825,9.999860368152802e-4,0.2297324788116603,0.2336524240759762,1,0,0.23168619791267564,0.001,1.2607319329126496,1.2607319329126496,1.2582633527926437,1.2632053561267467
baixada_litoranea_obitos_i60_i64_temp_med,Baixada Litoranea,obitos_i60_i64,temp_med,1.577146210017646,1.088420687815303,2.2853205526309477,0.8934436047211127,0.5979908517700799,1.33487238551263,23.375,19.81625,23.375,26.92125,0.20273492591357692,Wald HAC,quasipoisson,1.0745270185820035,FALSE,FALSE,FALSE,0.03627400164428962,24.830895540025587,0.00543252154653328,-0.03366390110137987,0.00981864196394173,5479,4,3,21,0.3041023888703654,0.20273492591357692,1,evidencia_insuficiente,P95_vs_P50,0.03182773140315841,9.999880852070591e-4,0.02986775475615257,0.03378770805016425,1,1,0.03183117483497588,0.001,1.0323396502831226,1.0323396502831226,1.0303182702527123,1.0343649960562993
baixada_litoranea_obitos_i60_i64_ur_med,Baixada Litoranea,obitos_i60_i64,ur_med,1.444668263041834,0.9166243075939772,2.27690491398662,1.3403725818330017,0.900678580273149,1.99471675854089,80.3125,67.71369047619046,80.3125,89.41666666666667,0.24845916885178151,Wald HAC,quasipoisson,1.0711667552178843,FALSE,FALSE,FALSE,0.03944952740808305,24.534617517771455,0.00659167147891636,-0.03469337333743065,0.01017694962261079,5479,4,3,21,0.33752943693072207,1,1,evidencia_insuficiente,P05_vs_P50,0.01276397322088516,9.99990719465372e-4,0.01080399141073303,0.01472395503103729,1,1,0.0127573818011677,0.001,1.0128457804181665,1.0128457804181665,1.0108625652797376,1.0148328864339713
baixada_litoranea_obitos_i60_i64_ur_med,Baixada Litoranea,obitos_i60_i64,ur_med,1.444668263041834,0.9166243075939772,2.27690491398662,1.3403725818330017,0.900678580273149,1.99471675854089,80.3125,67.71369047619046,80.3125,89.41666666666667,0.24845916885178151,Wald HAC,quasipoisson,1.0711667552178843,FALSE,FALSE,FALSE,0.03944952740808305,24.534617517771455,0.00659167147891636,-0.03469337333743065,0.01017694962261079,5479,4,3,21,0.33752943693072207,1,1,evidencia_insuficiente,P95_vs_P50,0.00939610285108027,9.999878470697055e-4,0.00743612667082365,0.01135607903133689,1,1,0.0093892107617608,0.001,1.0094403848094204,1.0094403848094204,1.0074638433196659,1.0114208040723445
centro_sul_internacoes_i60_i69_temp_med,Centro-Sul,internacoes_i60_i69,temp_med,1.047393899030258,0.7000207054387042,1.567145044714489,0.979621194300304,0.7306615614501477,1.3134092922826217,19.670833333333334,10.321041666666668,19.670833333333334,26.454166666666666,0.7423209199657115,Wald HAC,quasipoisson,1.4692174886723754,FALSE,FALSE,FALSE,0.02586341155439142,26.003103496080573,-0.0149448538454894,-0.01170796621170632,-0.01701705798764686,5844,4,3,21,0.7527761441905806,1,1,evidencia_insuficiente,P05_vs_P50,0.09778543826300053,0.15481751034652136,-0.20565688201618132,0.40122775854218234,0.7361815534040455,0.49362188952183866,0.16522101925113877,0.235298592474574,1.1027261568840783,1.1027261568840783,0.8141123649589636,1.4936574229991253
centro_sul_internacoes_i60_i69_temp_med,Centro-Sul,internacoes_i60_i69,temp_med,1.047393899030258,0.7000207054387042,1.567145044714489,0.979621194300304,0.7306615614501477,1.3134092922826217,19.670833333333334,10.321041666666668,19.670833333333334,26.454166666666666,0.7423209199657115,Wald HAC,quasipoisson,1.4692174886723754,FALSE,FALSE,FALSE,0.02586341155439142,26.003103496080573,-0.0149448538454894,-0.01170796621170632,-0.01701705798764686,5844,4,3,21,0.7527761441905806,1,1,evidencia_insuficiente,P95_vs_P50,-0.03074040256806225,0.1352198237556261,-0.2957712571290894,0.2342904519929649,0.4100810433849815,0.8243808571419634,-0.0760578458943113,0.3160876086668327,0.9697272791148299,0.9697272791148299,0.7439575835520026,1.2640115735761155
centro_sul_internacoes_i60_i69_ur_med,Centro-Sul,internacoes_i60_i69,ur_med,1.02917493558715,0.7397663513791165,1.431804847660601,1.0163992432983489,0.7340845802040012,1.40728663921856,80.95833333333333,63.25625,80.95833333333333,96.99374999999998,0.3819158155020553,Wald HAC,quasipoisson,1.4717780572470711,FALSE,FALSE,FALSE,0.02584085121849089,26.00608484914896,-0.01531770256014355,-0.0107498814954513,-0.01809562889567454,5844,4,3,21,0.443515140583032,1,1,evidencia_insuficiente,P05_vs_P50,-0.03177592906241547,0.07554123193710856,-0.17983674365914823,0.11628488553431728,0.33700770790819223,0.9537486288686718,-0.04701218738247648,0.08451508065881352,0.9687236205722021,0.9687236205722021,0.8354065857012904,1.1233158429876933
centro_sul_internacoes_i60_i69_ur_med,Centro-Sul,internacoes_i60_i69,ur_med,1.02917493558715,0.7397663513791165,1.431804847660601,1.0163992432983489,0.7340845802040012,1.40728663921856,80.95833333333333,63.25625,80.95833333333333,96.99374999999998,0.3819158155020553,Wald HAC,quasipoisson,1.4717780572470711,FALSE,FALSE,FALSE,0.02584085121849089,26.00608484914896,-0.01531770256014355,-0.0107498814954513,-0.01809562889567454,5844,4,3,21,0.443515140583032,1,1,evidencia_insuficiente,P95_vs_P50,-0.02489838450564569,0.067714691563595,-0.15761917997029187,0.1078224109590005,0.3565501639498846,0.9620693248181535,-0.03311316433404976,0.07416410488353914,0.9754090236627456,0.9754090236627456,0.8541750069899879,1.113849920282042
centro_sul_obitos_i60_i69_temp_med,Centro-Sul,obitos_i60_i69,temp_med,1.3759578690352336,0.8366434702905251,2.2629233653165843,0.7815216580639391,0.5239555729332109,1.1657020815787082,19.4,10.2,19.4,26.453063725490196,0.01266504050019043,Wald HAC,quasipoisson,1.0089388748113417,FALSE,FALSE,FALSE,5.464740946726776e-4,37.85704159216134,-0.01478502392958099,0.00184325796709467,-0.05206117090498707,5479,4,3,21,0.04342299600065292,1,1,sinal_sugestivo,P05_vs_P50,0.20721291706299233,9.999922397085073e-4,0.20525293227316369,0.209172901852821,1,0,0.2072111797121121,0.001,1.2302444839392623,1.2302444839392623,1.22783558493683,1.2326581089770654
centro_sul_obitos_i60_i69_temp_med,Centro-Sul,obitos_i60_i69,temp_med,1.3759578690352336,0.8366434702905251,2.2629233653165843,0.7815216580639391,0.5239555729332109,1.1657020815787082,19.4,10.2,19.4,26.453063725490196,0.01266504050019043,Wald HAC,quasipoisson,1.0089388748113417,FALSE,FALSE,FALSE,5.464740946726776e-4,37.85704159216134,-0.01478502392958099,0.00184325796709467,-0.05206117090498707,5479,4,3,21,0.04342299600065292,1,1,sinal_sugestivo,P95_vs_P50,0.04892013272570535,9.99987985364371e-4,0.04696015627439118,0.05088010917701952,1,1,0.04892723188249881,0.001,1.0501364758526797,1.0501364758526797,1.048080248825869,1.052196736988129
centro_sul_obitos_i60_i69_ur_med,Centro-Sul,obitos_i60_i69,ur_med,1.158469436659846,0.791811202344663,1.6949134234284389,0.969549553424368,0.6486365777912634,1.449234237986344,81.625,63.416666666666664,81.625,97.1708333333333,0.3543920089401512,Wald HAC,quasipoisson,1.0109398199563684,FALSE,FALSE,FALSE,9.319510942684684e-4,36.32717690550605,-0.0144842712138037,0.00191926915999263,-0.05139715384947575,5479,4,3,21,0.4182987646506703,1,1,evidencia_insuficiente,P05_vs_P50,0.08665935461545611,9.999867354907755e-4,0.08469938061389419,0.08861932861701803,1,1,0.0866577511609733,0.001,1.0905251340855628,1.0905251340855628,1.0883898264320133,1.0926646309906693
centro_sul_obitos_i60_i69_ur_med,Centro-Sul,obitos_i60_i69,ur_med,1.158469436659846,0.791811202344663,1.6949134234284389,0.969549553424368,0.6486365777912634,1.449234237986344,81.625,63.416666666666664,81.625,97.1708333333333,0.3543920089401512,Wald HAC,quasipoisson,1.0109398199563684,FALSE,FALSE,FALSE,9.319510942684684e-4,36.32717690550605,-0.0144842712138037,0.00191926915999263,-0.05139715384947575,5479,4,3,21,0.4182987646506703,1,1,evidencia_insuficiente,P95_vs_P50,0.01938591213756559,0.0559410699067285,-0.09025858487962228,0.12903040915475344,0.6355321654716295,0.9126441388976396,0.02343018757939063,0.05814610011939918,1.0195750390881901,1.0195750390881901,0.9136948870385935,1.1377247208868047
centro_sul_internacoes_i60_i64_temp_med,Centro-Sul,internacoes_i60_i64,temp_med,0.8999356243456739,0.6250229836920796,1.2957669543324035,0.9186894169355256,0.7084601797118856,1.1913023045735154,19.670833333333334,10.321041666666668,19.670833333333334,26.454166666666666,0.7329314675094916,Wald HAC,quasipoisson,1.032386043285213,FALSE,FALSE,FALSE,0.01835079400050565,27.16016954667305,-0.02301307919012223,-0.01202851810901392,-0.01636032126928157,5844,4,3,21,0.7527761441905806,1,1,evidencia_insuficiente,P05_vs_P50,0.02100097939440268,0.1164983619427943,-0.20733581001347415,0.2493377688022795,0.5715290893045115,0.7382163483637867,0.1026368208236652,0.1494490312625595,1.0212230518171797,1.0212230518171797,0.8127466756842714,1.2831753764907792
centro_sul_internacoes_i60_i64_temp_med,Centro-Sul,internacoes_i60_i64,temp_med,0.8999356243456739,0.6250229836920796,1.2957669543324035,0.9186894169355256,0.7084601797118856,1.1913023045735154,19.670833333333334,10.321041666666668,19.670833333333334,26.454166666666666,0.7329314675094916,Wald HAC,quasipoisson,1.032386043285213,FALSE,FALSE,FALSE,0.01835079400050565,27.16016954667305,-0.02301307919012223,-0.01202851810901392,-0.01636032126928157,5844,4,3,21,0.7527761441905806,1,1,evidencia_insuficiente,P95_vs_P50,-0.1038796845433034,9.999715551298413e-4,-0.10583962879135787,-0.10191974029524892,0,1,-0.10388076961992154,0.001,0.9013337352776949,0.9013337352776949,0.8995689014605541,0.9031020314626398
centro_sul_internacoes_i60_i64_ur_med,Centro-Sul,internacoes_i60_i64,ur_med,0.9172693712168354,0.6859426390734322,1.2266085404882607,0.8266474994749867,0.616857165990763,1.107786576963395,80.95833333333333,63.25625,80.95833333333333,96.99374999999998,0.08418742117574848,Wald HAC,quasipoisson,1.0298490288308644,FALSE,FALSE,FALSE,0.02156680180088277,26.61939497652125,-0.02439233592336052,-0.01041009503543519,-0.01718662741445497,5844,4,3,21,0.15951300854352343,1,1,evidencia_insuficiente,P05_vs_P50,-0.03070955404671231,0.06168163461678241,-0.15160555789560584,0.0901864498021812,0.30928715899059,0.9794771143248574,-0.01906392772073906,0.06782977787690288,0.9697571942289195,0.9697571942289195,0.8593271687176784,1.0943783113038206
centro_sul_internacoes_i60_i64_ur_med,Centro-Sul,internacoes_i60_i64,ur_med,0.9172693712168354,0.6859426390734322,1.2266085404882607,0.8266474994749867,0.616857165990763,1.107786576963395,80.95833333333333,63.25625,80.95833333333333,96.99374999999998,0.08418742117574848,Wald HAC,quasipoisson,1.0298490288308644,FALSE,FALSE,FALSE,0.02156680180088277,26.61939497652125,-0.02439233592336052,-0.01041009503543519,-0.01718662741445497,5844,4,3,21,0.15951300854352343,1,1,evidencia_insuficiente,P95_vs_P50,0.06223466427543111,9.999775869559966e-4,0.06027470820499735,0.06419462034586486,1,1,0.06224598824501537,0.001,1.0642120479778154,1.0642120479778154,1.0621282818262647,1.066299902224419
centro_sul_obitos_i60_i64_temp_med,Centro-Sul,obitos_i60_i64,temp_med,1.3658724279275916,0.7499544875776181,2.4876276097750916,0.8405121803166609,0.5102343214520312,1.3845809573339016,19.4,10.2,19.4,26.453063725490196,0.22248066802426952,Wald HAC,quasipoisson,1.002575243856493,FALSE,FALSE,FALSE,0.1350790452799666,19.845781440664,-0.00692456632659639,0.01900622147428764,-0.01827246022848133,5479,4,3,21,0.3203721619549481,1,1,evidencia_insuficiente,P05_vs_P50,0.2316870540593388,9.999946562275687e-4,0.22972706453313277,0.2336470435855449,1,0,0.23168619791267564,0.001,1.2607251282760459,1.2607251282760459,1.2582565402228332,1.2631985594806998
centro_sul_obitos_i60_i64_temp_med,Centro-Sul,obitos_i60_i64,temp_med,1.3658724279275916,0.7499544875776181,2.4876276097750916,0.8405121803166609,0.5102343214520312,1.3845809573339016,19.4,10.2,19.4,26.453063725490196,0.22248066802426952,Wald HAC,quasipoisson,1.002575243856493,FALSE,FALSE,FALSE,0.1350790452799666,19.845781440664,-0.00692456632659639,0.01900622147428764,-0.01827246022848133,5479,4,3,21,0.3203721619549481,1,1,evidencia_insuficiente,P95_vs_P50,0.03182800505855367,9.999922904329384e-4,0.02986802016930511,0.03378798994780223,1,1,0.03183117483497588,0.001,1.0323399327884761,1.0323399327884761,1.0303185437127687,1.0343652876413896
centro_sul_obitos_i60_i64_ur_med,Centro-Sul,obitos_i60_i64,ur_med,1.006462231868799,0.63206675930672,1.6026253702842916,0.8980292502063488,0.5512591122815153,1.462935516636573,81.625,63.416666666666664,81.625,97.1708333333333,0.15974697020210157,Wald HAC,quasipoisson,1.001713558192466,FALSE,FALSE,FALSE,0.09379727277194372,21.316301608847457,-0.00830638829001495,0.01775301444403991,-0.01946552762628456,5479,4,3,21,0.26140413305798443,1,1,evidencia_insuficiente,P05_vs_P50,0.01275726968715758,9.999911244805647e-4,0.01079728708317568,0.01471725229113949,1,1,0.0127573818011677,0.001,1.012838990795074,1.012838990795074,1.0108557881487026,1.0148260842958905
centro_sul_obitos_i60_i64_ur_med,Centro-Sul,obitos_i60_i64,ur_med,1.006462231868799,0.63206675930672,1.6026253702842916,0.8980292502063488,0.5512591122815153,1.462935516636573,81.625,63.416666666666664,81.625,97.1708333333333,0.15974697020210157,Wald HAC,quasipoisson,1.001713558192466,FALSE,FALSE,FALSE,0.09379727277194372,21.316301608847457,-0.00830638829001495,0.01775301444403991,-0.01946552762628456,5479,4,3,21,0.26140413305798443,1,1,evidencia_insuficiente,P95_vs_P50,0.00938732433662919,9.999919343128673e-4,0.00742734014537597,0.01134730852788241,1,1,0.0093892107617608,0.001,1.0094315234613098,1.0094315234613098,1.0074549912518584,1.0114119334415883
medio_paraiba_internacoes_i60_i69_temp_med,Medio Paraiba,internacoes_i60_i69,temp_med,0.9456896016574105,0.7255158392315015,1.2326799420812975,1.138098830277786,0.912615706896866,1.419292849872068,21.88294082125604,16.7378125,21.88294082125604,26.34375,0.02244039350029963,Wald HAC,negative_binomial,6.0977627588578995,FALSE,FALSE,FALSE,0.00185769217485176,34.310108779142425,-0.01461963717193247,-0.00587531702204222,0.00878884887716615,5844,4,3,21,0.0673211805008989,1,1,sinal_sugestivo,P05_vs_P50,-9.595708346448944e-4,0.1172396770347062,-0.23074933782266904,0.22883019615337924,0.4967348161250167,0.7942156726582632,0.16522101925113877,0.235298592474574,0.9990408894062255,0.9990408894062255,0.7939384514360477,1.2571285556207605
medio_paraiba_internacoes_i60_i69_temp_med,Medio Paraiba,internacoes_i60_i69,temp_med,0.9456896016574105,0.7255158392315015,1.2326799420812975,1.138098830277786,0.912615706896866,1.419292849872068,21.88294082125604,16.7378125,21.88294082125604,26.34375,0.02244039350029963,Wald HAC,negative_binomial,6.0977627588578995,FALSE,FALSE,FALSE,0.00185769217485176,34.310108779142425,-0.01461963717193247,-0.00587531702204222,0.00878884887716615,5844,4,3,21,0.0673211805008989,1,1,sinal_sugestivo,P95_vs_P50,0.1062079243175045,0.10611493377789906,-0.10177734588717766,0.31419319452218664,0.8415566967188406,0.4591015061146615,-0.0760578458943113,0.3160876086668327,1.1120530753464877,1.1120530753464877,0.9032306372979965,1.369154224093904
medio_paraiba_internacoes_i60_i69_ur_med,Medio Paraiba,internacoes_i60_i69,ur_med,0.7767826577402376,0.5827073531400335,1.035496281477304,0.8046576110169609,0.6076197918489011,1.0655904887451924,76.67708333333334,61.35416666666667,76.67708333333334,87.79166666666666,0.00104743929723454,Wald HAC,negative_binomial,6.299001439028021,FALSE,FALSE,FALSE,0.0021688967446023,33.85026187356164,-0.01485594879703789,-0.00668525659641025,0.01188097082700874,5844,4,3,21,0.0058012022616067,1,1,sinal_sugestivo,P05_vs_P50,-0.09825708607813982,0.07322797286274141,-0.24178391288911297,0.04526974073283332,0.08983088652882265,0.9958955107028202,-0.04701218738247648,0.08451508065881352,0.9064158469021247,0.9064158469021247,0.785225836403006,1.0463100542881612
medio_paraiba_internacoes_i60_i69_ur_med,Medio Paraiba,internacoes_i60_i69,ur_med,0.7767826577402376,0.5827073531400335,1.035496281477304,0.8046576110169609,0.6076197918489011,1.0655904887451924,76.67708333333334,61.35416666666667,76.67708333333334,87.79166666666666,0.00104743929723454,Wald HAC,negative_binomial,6.299001439028021,FALSE,FALSE,FALSE,0.0021688967446023,33.85026187356164,-0.01485594879703789,-0.00668525659641025,0.01188097082700874,5844,4,3,21,0.0058012022616067,1,1,sinal_sugestivo,P95_vs_P50,-0.07203352688326016,0.06586569748137448,-0.20113029394675416,0.05706324018023383,0.13705589815134134,0.9944681547560368,-0.03311316433404976,0.07416410488353914,0.9304996985334686,0.9304996985334686,0.8178058694574017,1.0587227620967516
medio_paraiba_obitos_i60_i69_temp_med,Medio Paraiba,obitos_i60_i69,temp_med,1.3020889976017749,1.0415145542966189,1.6278560397272583,1.0909618059878554,0.8842785365076098,1.3459533540471056,21.913888888888888,16.794583333333332,21.913888888888888,26.329541666666664,0.00112995082209441,Wald HAC,quasipoisson,0.9850499046601868,FALSE,FALSE,FALSE,0.00394936092194075,32.043527519286414,-0.03303527947345541,5.736474935523378e-4,0.01626380567179704,5479,4,3,21,0.00581117565648555,0.00112995082209441,1,sinal_sugestivo,P05_vs_P50,0.2072155524895477,9.999614785010343e-4,0.20525562799168567,0.20917547698740976,1,0,0.2072111797121121,0.001,1.2302477261625173,1.2302477261625173,1.2278388948404197,1.232661283241685
medio_paraiba_obitos_i60_i69_temp_med,Medio Paraiba,obitos_i60_i69,temp_med,1.3020889976017749,1.0415145542966189,1.6278560397272583,1.0909618059878554,0.8842785365076098,1.3459533540471056,21.913888888888888,16.794583333333332,21.913888888888888,26.329541666666664,0.00112995082209441,Wald HAC,quasipoisson,0.9850499046601868,FALSE,FALSE,FALSE,0.00394936092194075,32.043527519286414,-0.03303527947345541,5.736474935523378e-4,0.01626380567179704,5479,4,3,21,0.00581117565648555,0.00112995082209441,1,sinal_sugestivo,P95_vs_P50,0.04893055199884214,9.999564650682816e-4,0.0469706373273083,0.05089046667037597,1,1,0.04892723188249881,0.001,1.0501474175684546,1.0501474175684546,1.0480912338679855,1.052207635165281
medio_paraiba_obitos_i60_i69_ur_med,Medio Paraiba,obitos_i60_i69,ur_med,1.10903796754234,0.8611077659797683,1.4283522481660471,1.1604633164711236,0.8974583821437584,1.5005432404100532,76.85416666666667,61.45416666666666,76.85416666666667,87.875,1.0801545384655466e-6,Wald HAC,quasipoisson,0.9836405663669976,FALSE,FALSE,FALSE,0.00359151392986678,32.33292994639687,-0.03323365742201889,7.754568699862272e-4,0.01746235630238206,5479,4,3,21,1.944278169237984e-5,1,1,sinal_sugestivo,P05_vs_P50,0.08665876126260921,9.999699998443645e-4,0.08469882006291427,0.08861870246230416,1,1,0.0866577511609733,0.001,1.0905244870195618,1.0905244870195618,1.0883892163342006,1.0926639468137742
medio_paraiba_obitos_i60_i69_ur_med,Medio Paraiba,obitos_i60_i69,ur_med,1.10903796754234,0.8611077659797683,1.4283522481660471,1.1604633164711236,0.8974583821437584,1.5005432404100532,76.85416666666667,61.45416666666666,76.85416666666667,87.875,1.0801545384655466e-6,Wald HAC,quasipoisson,0.9836405663669976,FALSE,FALSE,FALSE,0.00359151392986678,32.33292994639687,-0.03323365742201889,7.754568699862272e-4,0.01746235630238206,5479,4,3,21,1.944278169237984e-5,1,1,sinal_sugestivo,P95_vs_P50,0.04403453190937873,0.053154467068077,-0.06014822354405221,0.14821728736280965,0.796285299874954,0.8326408279476305,0.02343018757939063,0.05814610011939918,1.0450184407474783,1.0450184407474783,0.9416249522522936,1.159764871236855
medio_paraiba_internacoes_i60_i64_temp_med,Medio Paraiba,internacoes_i60_i64,temp_med,1.053119413164026,0.8700458489712233,1.2747150046107796,0.8421454353944782,0.7167583534331815,0.9894672743732033,21.88294082125604,16.7378125,21.88294082125604,26.34375,0.00548977755523251,Wald HAC,quasipoisson,1.031504880552486,FALSE,FALSE,FALSE,1.5562491298748427e-5,47.55655704507963,0.004850765230781,0.00479849536315578,-0.01406007923234684,5844,4,3,21,0.02195911022093007,1,0.00548977755523251,sinal_sugestivo,P05_vs_P50,0.0669320318740652,0.08161854409912803,-0.09304031456022573,0.22690437830835616,0.7939087988374794,0.6359643996086104,0.1026368208236652,0.1494490312625595,1.0692228026347161,1.0692228026347161,0.9111567666713505,1.2547098847221723
medio_paraiba_internacoes_i60_i64_temp_med,Medio Paraiba,internacoes_i60_i64,temp_med,1.053119413164026,0.8700458489712233,1.2747150046107796,0.8421454353944782,0.7167583534331815,0.9894672743732033,21.88294082125604,16.7378125,21.88294082125604,26.34375,0.00548977755523251,Wald HAC,quasipoisson,1.031504880552486,FALSE,FALSE,FALSE,1.5562491298748427e-5,47.55655704507963,0.004850765230781,0.00479849536315578,-0.01406007923234684,5844,4,3,21,0.02195911022093007,1,0.00548977755523251,sinal_sugestivo,P95_vs_P50,-0.1038908077244249,9.999261026813991e-4,-0.10585066288568044,-0.10193095256316936,0,1,-0.10388076961992154,0.001,0.901323709635065,0.901323709635065,0.8995589755872074,0.90309190569747
medio_paraiba_internacoes_i60_i64_ur_med,Medio Paraiba,internacoes_i60_i64,ur_med,0.7593988946266665,0.61726126873273,0.9342667527871484,1.039099801714382,0.8461957999378266,1.275979386806458,76.67708333333334,61.35416666666667,76.67708333333334,87.79166666666666,9.100167363387064e-4,Wald HAC,quasipoisson,1.031116438740218,FALSE,FALSE,FALSE,5.077649693929764e-6,50.47776526249058,0.00489672463913007,0.00370605201166253,-0.01488523412535491,5844,4,3,21,0.00546010041803223,9.100167363387064e-4,1,sinal_sugestivo,P05_vs_P50,-0.09375147401104247,0.05709151191670467,-0.20565083736778364,0.01814788934569866,0.05028191470918176,0.9995361041879104,-0.01906392772073906,0.06782977787690288,0.9105090192786963,0.9105090192786963,0.8141172859968389,1.0183135629809885
medio_paraiba_internacoes_i60_i64_ur_med,Medio Paraiba,internacoes_i60_i64,ur_med,0.7593988946266665,0.61726126873273,0.9342667527871484,1.039099801714382,0.8461957999378266,1.275979386806458,76.67708333333334,61.35416666666667,76.67708333333334,87.79166666666666,9.100167363387064e-4,Wald HAC,quasipoisson,1.031116438740218,FALSE,FALSE,FALSE,5.077649693929764e-6,50.47776526249058,0.00489672463913007,0.00370605201166253,-0.01488523412535491,5844,4,3,21,0.00546010041803223,9.100167363387064e-4,1,sinal_sugestivo,P95_vs_P50,0.06224381212725502,9.9995445676608e-4,0.06028390139199351,0.06420372286251654,1,1,0.06224598824501537,0.001,1.064221783276468,1.064221783276468,1.0621380462150563,1.0663096082812094
medio_paraiba_obitos_i60_i64_temp_med,Medio Paraiba,obitos_i60_i64,temp_med,1.2492354989907295,0.93034953952925,1.6774225875666735,1.0852131257609443,0.8210310392593873,1.4344007376215338,21.913888888888888,16.794583333333332,21.913888888888888,26.329541666666664,3.724976859846403e-4,Wald HAC,quasipoisson,1.011493966572328,FALSE,FALSE,FALSE,0.0090431595236553,29.462360841779063,-0.01249649610287361,-0.01484831084476562,0.02294405836337754,5479,4,3,21,0.00355706100909078,1,1,sinal_sugestivo,P05_vs_P50,0.2316857930706766,9.99977887958312e-4,0.2297258364102783,0.2336457497310749,1,0,0.23168619791267564,0.001,1.2607235385169553,1.2607235385169553,1.2582549949301682,1.2631969250866546
medio_paraiba_obitos_i60_i64_temp_med,Medio Paraiba,obitos_i60_i64,temp_med,1.2492354989907295,0.93034953952925,1.6774225875666735,1.0852131257609443,0.8210310392593873,1.4344007376215338,21.913888888888888,16.794583333333332,21.913888888888888,26.329541666666664,3.724976859846403e-4,Wald HAC,quasipoisson,1.011493966572328,FALSE,FALSE,FALSE,0.0090431595236553,29.462360841779063,-0.01249649610287361,-0.01484831084476562,0.02294405836337754,5479,4,3,21,0.00355706100909078,1,1,sinal_sugestivo,P95_vs_P50,0.03183364012081814,9.99975319798783e-4,0.02987368849401252,0.03379359174762376,1,1,0.03183117483497588,0.001,1.032345750104666,1.032345750104666,1.0303243839093787,1.0343710819649026
medio_paraiba_obitos_i60_i64_ur_med,Medio Paraiba,obitos_i60_i64,ur_med,0.9528274288866728,0.6809301317187615,1.3332940737211514,1.233189672086111,0.877370373599156,1.7333121941437222,76.85416666666667,61.45416666666666,76.85416666666667,87.875,8.823206249660032e-4,Wald HAC,quasipoisson,1.014924472402129,FALSE,FALSE,FALSE,0.01021748854059989,29.072299127646783,-0.01163915698857911,-0.01321328991133598,0.02327416994509828,5479,4,3,21,0.00546010041803223,1,1,sinal_sugestivo,P05_vs_P50,0.01275530317374682,9.999829839222648e-4,0.01079533652525918,0.01471526982223446,1,1,0.0127573818011677,0.001,1.0128369990355741,1.0128369990355741,1.0108538164178655,1.0148240724367286
medio_paraiba_obitos_i60_i64_ur_med,Medio Paraiba,obitos_i60_i64,ur_med,0.9528274288866728,0.6809301317187615,1.3332940737211514,1.233189672086111,0.877370373599156,1.7333121941437222,76.85416666666667,61.45416666666666,76.85416666666667,87.875,8.823206249660032e-4,Wald HAC,quasipoisson,1.014924472402129,FALSE,FALSE,FALSE,0.01021748854059989,29.072299127646783,-0.01163915698857911,-0.01321328991133598,0.02327416994509828,5479,4,3,21,0.00546010041803223,1,1,sinal_sugestivo,P95_vs_P50,0.00939584724635089,9.99983426453622e-4,0.00743587973050179,0.01135581476219999,1,1,0.0093892107617608,0.001,1.009440126791717,1.009440126791717,1.007463594536251,1.0114205367850768
metropolitana_i_internacoes_i60_i69_temp_med,Metropolitana I,internacoes_i60_i69,temp_med,1.3430331927017778,0.9593831579376052,1.8801019611145176,1.5479458196827234,1.1339600897131767,2.1130693067683675,23.440486111111113,18.95347644927536,23.440486111111113,28.231291666666664,0.02711139654371892,Wald HAC,quasipoisson,22.315412765710345,FALSE,FALSE,FALSE,0,138.85351239635904,0.05182925481479612,0.0325651501482132,0.0329334779889885,5844,4,3,21,0.07229705744991713,1,0.02711139654371892,sinal_sugestivo,P05_vs_P50,0.24988532282364292,0.13866218384614518,-0.02189255751480159,0.5216632031620875,0.9642364117534415,0.13247650646415035,0.16522101925113877,0.235298592474574,1.2838781767212781,1.2838781767212781,0.9783453452597349,1.6848275311449916
metropolitana_i_internacoes_i60_i69_temp_med,Metropolitana I,internacoes_i60_i69,temp_med,1.3430331927017778,0.9593831579376052,1.8801019611145176,1.5479458196827234,1.1339600897131767,2.1130693067683675,23.440486111111113,18.95347644927536,23.440486111111113,28.231291666666664,0.02711139654371892,Wald HAC,quasipoisson,22.315412765710345,FALSE,FALSE,FALSE,0,138.85351239635904,0.05182925481479612,0.0325651501482132,0.0329334779889885,5844,4,3,21,0.07229705744991713,1,0.02711139654371892,sinal_sugestivo,P95_vs_P50,0.3335643295052869,0.14188616162394088,0.05546745272236281,0.611661206288211,0.9906367032743464,0.04655728633590547,-0.0760578458943113,0.3160876086668327,1.3959348434510856,1.3959348434510856,1.0570346129135264,1.8434912758341435
metropolitana_i_internacoes_i60_i69_ur_med,Metropolitana I,internacoes_i60_i69,ur_med,0.8225500172528066,0.5277251024532789,1.282085176045786,0.6913629468042434,0.4682840156785103,1.0207111671776454,77.30376984126984,62.48234126984127,77.30376984126984,88.96423611111112,0.7142317005295964,Wald HAC,quasipoisson,22.4268250474462,FALSE,FALSE,FALSE,0,136.0077562679993,0.05261071023708322,0.02699215171561239,0.03671956302207097,5844,4,3,21,0.7527761441905806,1,1,evidencia_insuficiente,P05_vs_P50,-0.06514826025172256,0.07918006433724678,-0.22034118635272623,0.09004466584928113,0.20531480719760184,0.9786432392851954,-0.04701218738247648,0.08451508065881352,0.936928543817781,0.936928543817781,0.8022450362053508,1.0942231570203296
metropolitana_i_internacoes_i60_i69_ur_med,Metropolitana I,internacoes_i60_i69,ur_med,0.8225500172528066,0.5277251024532789,1.282085176045786,0.6913629468042434,0.4682840156785103,1.0207111671776454,77.30376984126984,62.48234126984127,77.30376984126984,88.96423611111112,0.7142317005295964,Wald HAC,quasipoisson,22.4268250474462,FALSE,FALSE,FALSE,0,136.0077562679993,0.05261071023708322,0.02699215171561239,0.03671956302207097,5844,4,3,21,0.7527761441905806,1,1,evidencia_insuficiente,P95_vs_P50,-0.07417028430165724,0.06948499425914123,-0.21036087304957407,0.06202030444625957,0.14288912372289447,0.9926379404260114,-0.03311316433404976,0.07416410488353914,0.9285135690938957,0.9285135690938957,0.8102917807359916,1.063983948113606
metropolitana_i_obitos_i60_i69_temp_med,Metropolitana I,obitos_i60_i69,temp_med,1.209877965359042,1.124727179642113,1.301475342248879,1.0604215206541356,0.9874808949603936,1.1387499314723768,23.456304347826087,18.991666666666667,23.456304347826087,28.188666666666663,1.0049755800286911e-16,Wald HAC,quasipoisson,1.0275774870226886,FALSE,FALSE,FALSE,0.01593566835325333,27.627679948248073,-0.00969824973202418,-0.00472977183109654,0.00728477369290634,5479,4,3,21,7.235824176206576e-15,1.0049755800286911e-16,1,sinal_sugestivo,P05_vs_P50,0.20719914867026584,9.99639544660191e-4,0.20523985516273183,0.20915844217779983,1,0,0.2072111797121121,0.001,1.2302275455666651,1.2302275455666651,1.22781952850028,1.2326402852702603
metropolitana_i_obitos_i60_i69_temp_med,Metropolitana I,obitos_i60_i69,temp_med,1.209877965359042,1.124727179642113,1.301475342248879,1.0604215206541356,0.9874808949603936,1.1387499314723768,23.456304347826087,18.991666666666667,23.456304347826087,28.188666666666663,1.0049755800286911e-16,Wald HAC,quasipoisson,1.0275774870226886,FALSE,FALSE,FALSE,0.01593566835325333,27.627679948248073,-0.00969824973202418,-0.00472977183109654,0.00728477369290634,5479,4,3,21,7.235824176206576e-15,1.0049755800286911e-16,1,sinal_sugestivo,P95_vs_P50,0.04893459330419379,9.996220033851263e-4,0.04697533417755895,0.05089385243082864,1,1,0.04892723188249881,0.001,1.050151661543409,1.050151661543409,1.0480961566071207,1.052211197694311
metropolitana_i_obitos_i60_i69_ur_med,Metropolitana I,obitos_i60_i69,ur_med,1.1198285324648003,1.0081763503809025,1.2438458228547864,1.1037266552881582,1.0056521887960062,1.211365662170001,77.19166666666666,62.21481209150327,77.19166666666666,88.9079861111111,5.646696890437128e-4,Wald HAC,quasipoisson,1.0337567383351092,FALSE,FALSE,FALSE,0.07374302275408073,22.243736463455644,-0.00393762733101331,0.00113540847702551,0.00830188699601232,5479,4,3,21,0.0040656217611147296,5.646696890437128e-4,5.646696890437128e-4,sinal_consistente,P05_vs_P50,0.08666698222324684,9.998259309488427e-4,0.08470732339858711,0.08862664104790657,1,1,0.0866577511609733,0.001,1.0905334522152952,1.0905334522152952,1.0883984713123989,1.0926726210544813
metropolitana_i_obitos_i60_i69_ur_med,Metropolitana I,obitos_i60_i69,ur_med,1.1198285324648003,1.0081763503809025,1.2438458228547864,1.1037266552881582,1.0056521887960062,1.211365662170001,77.19166666666666,62.21481209150327,77.19166666666666,88.9079861111111,5.646696890437128e-4,Wald HAC,quasipoisson,1.0337567383351092,FALSE,FALSE,FALSE,0.07374302275408073,22.243736463455644,-0.00393762733101331,0.00113540847702551,0.00830188699601232,5479,4,3,21,0.0040656217611147296,5.646696890437128e-4,5.646696890437128e-4,sinal_consistente,P95_vs_P50,0.06858633986207603,0.03677551199316429,-0.00349366364452598,0.14066634336867806,0.9689093169432188,0.7662874205241483,0.02343018757939063,0.05814610011939918,1.0709930903549025,1.0709930903549025,0.9965124320974142,1.1510405316005294
metropolitana_i_internacoes_i60_i64_temp_med,Metropolitana I,internacoes_i60_i64,temp_med,1.0936736769235422,1.0013463749836349,1.194513848032864,0.8994332361629805,0.8251004576376626,0.9804626077057276,23.440486111111113,18.95347644927536,23.440486111111113,28.231291666666664,9.252997665703772e-16,Wald HAC,quasipoisson,1.3612813526229723,FALSE,FALSE,FALSE,5.625112597940074e-9,67.4256900869897,-0.0076689504517274704,0.02339188737074107,0.03223225928790944,5844,4,3,21,3.331079159653358e-14,9.252997665703772e-16,9.252997665703772e-16,sinal_sugestivo,P05_vs_P50,0.0906308206635188,0.04308765818197233,0.00617901062685305,0.17508263070018457,0.982284834466528,0.5432404828492677,0.1026368208236652,0.1494490312625595,1.0948647292036102,1.0948647292036102,1.006198140093112,1.191344654188256
metropolitana_i_internacoes_i60_i64_temp_med,Metropolitana I,internacoes_i60_i64,temp_med,1.0936736769235422,1.0013463749836349,1.194513848032864,0.8994332361629805,0.8251004576376626,0.9804626077057276,23.440486111111113,18.95347644927536,23.440486111111113,28.231291666666664,9.252997665703772e-16,Wald HAC,quasipoisson,1.3612813526229723,FALSE,FALSE,FALSE,5.625112597940074e-9,67.4256900869897,-0.0076689504517274704,0.02339188737074107,0.03223225928790944,5844,4,3,21,3.331079159653358e-14,9.252997665703772e-16,9.252997665703772e-16,sinal_sugestivo,P95_vs_P50,-0.10388185827242025,9.997419532950795e-4,-0.1058413525008786,-0.10192236404396188,0,1,-0.10388076961992154,0.001,0.9013317760244399,0.9013317760244399,0.8995673508664106,0.9030996619529555
metropolitana_i_internacoes_i60_i64_ur_med,Metropolitana I,internacoes_i60_i64,ur_med,0.9763596372850856,0.8662513493346136,1.1004636726415462,1.07927511884619,0.972886477117156,1.197297741882568,77.30376984126984,62.48234126984127,77.30376984126984,88.96423611111112,0.00287439041301065,Wald HAC,quasipoisson,1.3813266855433703,FALSE,FALSE,FALSE,5.1574902792950184e-8,62.02771516272647,0.00320616197976774,0.02436798473558468,0.03111545697859093,5844,4,3,21,0.01379707398245113,1,1,sinal_sugestivo,P05_vs_P50,-0.02174912139155268,0.04537660136900472,-0.11068726007480192,0.06718901729169657,0.3158616991135166,0.9950560957040948,-0.01906392772073906,0.06782977787690288,0.9784856853879389,0.9784856853879389,0.895218675776297,1.0694976126127584
metropolitana_i_internacoes_i60_i64_ur_med,Metropolitana I,internacoes_i60_i64,ur_med,0.9763596372850856,0.8662513493346136,1.1004636726415462,1.07927511884619,0.972886477117156,1.197297741882568,77.30376984126984,62.48234126984127,77.30376984126984,88.96423611111112,0.00287439041301065,Wald HAC,quasipoisson,1.3813266855433703,FALSE,FALSE,FALSE,5.1574902792950184e-8,62.02771516272647,0.00320616197976774,0.02436798473558468,0.03111545697859093,5844,4,3,21,0.01379707398245113,1,1,sinal_sugestivo,P95_vs_P50,0.06225099585531558,9.998216966428785e-4,0.06029134532989554,0.06421064638073562,1,1,0.06224598824501537,0.001,1.0642294283838154,1.0642294283838154,1.0621459527341435,1.0663169909207664
metropolitana_i_obitos_i60_i64_temp_med,Metropolitana I,obitos_i60_i64,temp_med,1.2242455267099934,1.1193566355646003,1.3389629918202526,1.0257037966128602,0.939023443223734,1.1203855302847507,23.456304347826087,18.991666666666667,23.456304347826087,28.188666666666663,1.214816630167655e-12,Wald HAC,quasipoisson,1.0282442713601712,FALSE,FALSE,FALSE,0.00310883647749748,32.77038996913986,-0.02506341026349097,-0.0207582781848975,0.00279833187407245,5479,4,3,21,2.915559912402371e-11,1.214816630167655e-12,1,sinal_sugestivo,P05_vs_P50,0.23167214553061757,9.997606714159516e-4,0.22971261461464232,0.23363167644659283,1,0,0.23168619791267564,0.001,1.2607063328593677,1.2607063328593677,1.2582383586497483,1.263179147882063
metropolitana_i_obitos_i60_i64_temp_med,Metropolitana I,obitos_i60_i64,temp_med,1.2242455267099934,1.1193566355646003,1.3389629918202526,1.0257037966128602,0.939023443223734,1.1203855302847507,23.456304347826087,18.991666666666667,23.456304347826087,28.188666666666663,1.214816630167655e-12,Wald HAC,quasipoisson,1.0282442713601712,FALSE,FALSE,FALSE,0.00310883647749748,32.77038996913986,-0.02506341026349097,-0.0207582781848975,0.00279833187407245,5479,4,3,21,2.915559912402371e-11,1.214816630167655e-12,1,sinal_sugestivo,P95_vs_P50,0.031827996914988,9.997537020212778e-4,0.0298684796590263,0.03378751417094971,1,1,0.03183117483497588,0.001,1.0323399243815483,1.0323399243815483,1.0303190171336578,1.0343647955144457
metropolitana_i_obitos_i60_i64_ur_med,Metropolitana I,obitos_i60_i64,ur_med,0.9901736827389592,0.8696427799830738,1.1274099487239069,1.0285289771684614,0.9169708985758476,1.1536591384941308,77.19166666666666,62.21481209150327,77.19166666666666,88.9079861111111,0.00345069316310742,Wald HAC,quasipoisson,1.035099314577745,FALSE,FALSE,FALSE,0.01891110126694817,27.059928267534325,-0.01861280733481041,-0.018814215338494,0.00421488140951901,5479,4,3,21,0.01461470045551379,1,1,sinal_sugestivo,P05_vs_P50,0.0127522223104012,9.998860083645915e-4,0.0107924457340066,0.0147119988867958,1,1,0.0127573818011677,0.001,1.0128338786279953,1.0128338786279953,1.010850894254719,1.0148207530181348
metropolitana_i_obitos_i60_i64_ur_med,Metropolitana I,obitos_i60_i64,ur_med,0.9901736827389592,0.8696427799830738,1.1274099487239069,1.0285289771684614,0.9169708985758476,1.1536591384941308,77.19166666666666,62.21481209150327,77.19166666666666,88.9079861111111,0.00345069316310742,Wald HAC,quasipoisson,1.035099314577745,FALSE,FALSE,FALSE,0.01891110126694817,27.059928267534325,-0.01861280733481041,-0.018814215338494,0.00421488140951901,5479,4,3,21,0.01461470045551379,1,1,sinal_sugestivo,P95_vs_P50,0.00939467099642264,9.998543084875455e-4,0.00743495655178705,0.01135438544105823,1,1,0.0093892107617608,0.001,1.0094389394385388,1.0094389394385388,1.0074626644677338,1.0114190911413534
metropolitana_ii_internacoes_i60_i69_temp_med,Metropolitana II,internacoes_i60_i69,temp_med,1.0968768593328777,0.8858446933170822,1.358182595229819,0.8614665538929159,0.7308788897226735,1.0153865899146846,21.996875000000003,14.417291666666667,21.996875000000003,28.229166666666668,0.00971241910312742,Wald HAC,quasipoisson,1.3796018650131492,FALSE,FALSE,FALSE,0.00206828150035431,33.991580372868484,0.00977903072659915,0.01361653811470325,-6.454784090427558e-4,5844,4,3,21,0.03496470877125873,1,1,sinal_sugestivo,P05_vs_P50,0.10532502779130028,0.09891885655193113,-0.08855593105048468,0.2992059866330853,0.8565081504898091,0.4596787566485869,0.16522101925113877,0.235298592474574,1.1110716808479566,1.1110716808479566,0.9152519183031389,1.3487874270408615
metropolitana_ii_internacoes_i60_i69_temp_med,Metropolitana II,internacoes_i60_i69,temp_med,1.0968768593328777,0.8858446933170822,1.358182595229819,0.8614665538929159,0.7308788897226735,1.0153865899146846,21.996875000000003,14.417291666666667,21.996875000000003,28.229166666666668,0.00971241910312742,Wald HAC,quasipoisson,1.3796018650131492,FALSE,FALSE,FALSE,0.00206828150035431,33.991580372868484,0.00977903072659915,0.01361653811470325,-6.454784090427558e-4,5844,4,3,21,0.03496470877125873,1,1,sinal_sugestivo,P95_vs_P50,-0.14431338211460912,0.08106638430132448,-0.3032034953452051,0.01457673111598686,0.03752262192544305,0.9984411741119658,-0.0760578458943113,0.3160876086668327,0.8656164368399664,0.8656164368399664,0.7384488101841867,1.01468348976096
metropolitana_ii_internacoes_i60_i69_ur_med,Metropolitana II,internacoes_i60_i69,ur_med,1.1298610622041572,0.9574397331506204,1.3333330294161492,1.0554615895634012,0.864419054128251,1.2887258346788142,79.54166666666666,64.94375000000001,79.54166666666666,94.58333333333331,0.29425235051706883,Wald HAC,quasipoisson,1.4274980249638467,FALSE,FALSE,FALSE,7.218388122200992e-4,37.06250997678932,0.01319110303701936,0.01301443111321746,-0.0038143766983895,5844,4,3,21,0.371687179600508,1,1,evidencia_insuficiente,P05_vs_P50,0.03757309148035865,0.059749930198209913,-0.07953677170813278,0.15468295466885007,0.7352727957274764,0.8330560160735091,-0.04701218738247648,0.08451508065881352,1.038287884306939,1.038287884306939,0.9235440590516225,1.167287819279146
metropolitana_ii_internacoes_i60_i69_ur_med,Metropolitana II,internacoes_i60_i69,ur_med,1.1298610622041572,0.9574397331506204,1.3333330294161492,1.0554615895634012,0.864419054128251,1.2887258346788142,79.54166666666666,64.94375000000001,79.54166666666666,94.58333333333331,0.29425235051706883,Wald HAC,quasipoisson,1.4274980249638467,FALSE,FALSE,FALSE,7.218388122200992e-4,37.06250997678932,0.01319110303701936,0.01301443111321746,-0.0038143766983895,5844,4,3,21,0.371687179600508,1,1,evidencia_insuficiente,P95_vs_P50,-0.00294549230358849,0.0599587733677388,-0.12046468810435657,0.11457370349717956,0.4804097234594406,0.949364260480649,-0.03311316433404976,0.07416410488353914,0.9970588414028563,0.9970588414028563,0.8865083910844709,1.1213952887727159
metropolitana_ii_obitos_i60_i69_temp_med,Metropolitana II,obitos_i60_i69,temp_med,1.0958807406969393,0.8817974155979549,1.361939348638365,1.0136196298723203,0.8301981365196472,1.23756571939521,21.870833333333337,14.291666666666666,21.870833333333337,28.064791666666665,0.5107579865428858,Wald HAC,quasipoisson,1.0194543459191725,FALSE,FALSE,FALSE,0.07694976115726493,22.08176992833914,-0.00475925050439852,-0.00895176061125019,-0.0345839323526643,5479,4,3,21,0.5746027348607465,1,1,evidencia_insuficiente,P05_vs_P50,0.20720177580113017,9.999593433911217e-4,0.20524185548808355,0.20916169611417676,1,0,0.2072111797121121,0.001,1.2302307775396657,1.2302307775396657,1.2278219845412666,1.2326442962098498
metropolitana_ii_obitos_i60_i69_temp_med,Metropolitana II,obitos_i60_i69,temp_med,1.0958807406969393,0.8817974155979549,1.361939348638365,1.0136196298723203,0.8301981365196472,1.23756571939521,21.870833333333337,14.291666666666666,21.870833333333337,28.064791666666665,0.5107579865428858,Wald HAC,quasipoisson,1.0194543459191725,FALSE,FALSE,FALSE,0.07694976115726493,22.08176992833914,-0.00475925050439852,-0.00895176061125019,-0.0345839323526643,5479,4,3,21,0.5746027348607465,1,1,evidencia_insuficiente,P95_vs_P50,0.04892381943825004,9.9995179981368e-4,0.04696391391061522,0.05088372496588485,1,1,0.04892723188249881,0.001,1.0501403474111355,1.0501403474111355,1.048084187137577,1.052200541516253
metropolitana_ii_obitos_i60_i69_ur_med,Metropolitana II,obitos_i60_i69,ur_med,0.9702114865655138,0.7944301462477699,1.1848874732531671,0.8322502885449333,0.676782734538789,1.023431165476085,79.95833333333333,65.7465579710145,79.95833333333333,94.75,0.1531915861176105,Wald HAC,quasipoisson,1.017211818534053,FALSE,FALSE,FALSE,0.05394767479559304,23.407906756848952,-0.00569917520505723,-0.01037709175881301,-0.03511566091021167,5479,4,3,21,0.2565068418713478,1,1,evidencia_insuficiente,P05_vs_P50,0.08664651279518787,9.999519301267358e-4,0.08468660701213947,0.08860641857823627,1,1,0.0866577511609733,0.001,1.090511129847713,1.090511129847713,1.0883759238626098,1.0926505247389642
metropolitana_ii_obitos_i60_i69_ur_med,Metropolitana II,obitos_i60_i69,ur_med,0.9702114865655138,0.7944301462477699,1.1848874732531671,0.8322502885449333,0.676782734538789,1.023431165476085,79.95833333333333,65.7465579710145,79.95833333333333,94.75,0.1531915861176105,Wald HAC,quasipoisson,1.017211818534053,FALSE,FALSE,FALSE,0.05394767479559304,23.407906756848952,-0.00569917520505723,-0.01037709175881301,-0.03511566091021167,5479,4,3,21,0.2565068418713478,1,1,evidencia_insuficiente,P95_vs_P50,-0.02480986836531339,0.05092400303906991,-0.12462091432189044,0.07500117759126365,0.3130604310395625,0.9908331803406616,0.02343018757939063,0.05814610011939918,0.9754953669260954,0.9754953669260954,0.8828315079393831,1.0778854201923382
metropolitana_ii_internacoes_i60_i64_temp_med,Metropolitana II,internacoes_i60_i64,temp_med,1.0060424392343368,0.8273367440520639,1.223348771605969,0.8957523540243739,0.771304975638875,1.040278884595032,21.996875000000003,14.417291666666667,21.996875000000003,28.229166666666668,5.342755907561536e-4,Wald HAC,quasipoisson,1.1015304821910443,FALSE,FALSE,FALSE,0.00247767982720803,33.45286187827907,0.00440930331052742,0.01108570569628535,-0.00614545049596927,5844,4,3,21,0.0040656217611147296,1,1,sinal_sugestivo,P05_vs_P50,0.03581182302348734,0.08298389399546965,-0.12683660920763318,0.19846025525460784,0.6669662886668586,0.763308879890752,0.1026368208236652,0.1494490312625595,1.0364607900811853,1.0364607900811853,0.8808775881267028,1.2195235567977665
metropolitana_ii_internacoes_i60_i64_temp_med,Metropolitana II,internacoes_i60_i64,temp_med,1.0060424392343368,0.8273367440520639,1.223348771605969,0.8957523540243739,0.771304975638875,1.040278884595032,21.996875000000003,14.417291666666667,21.996875000000003,28.229166666666668,5.342755907561536e-4,Wald HAC,quasipoisson,1.1015304821910443,FALSE,FALSE,FALSE,0.00247767982720803,33.45286187827907,0.00440930331052742,0.01108570569628535,-0.00614545049596927,5844,4,3,21,0.0040656217611147296,1,1,sinal_sugestivo,P95_vs_P50,-0.10388183576939064,9.999141622329243e-4,-0.10584166752736718,-0.1019220040114141,0,1,-0.10388076961992154,0.001,0.9013317963071358,0.9013317963071358,0.8995670674789115,0.9030999870982863
metropolitana_ii_internacoes_i60_i64_ur_med,Metropolitana II,internacoes_i60_i64,ur_med,1.1085381155355305,0.9552862579413772,1.2863754119558115,1.0558491696342769,0.881790963761746,1.2642650183911484,79.54166666666666,64.94375000000001,79.54166666666666,94.58333333333331,0.2796096575081072,Wald HAC,quasipoisson,1.1070881220913895,FALSE,FALSE,FALSE,0.00220185406507644,33.80533959604687,0.00733594777585444,0.01167161390261852,-0.00909947665283394,5844,4,3,21,0.36603446073788576,1,1,evidencia_insuficiente,P05_vs_P50,0.03514550367547682,0.05057965860261692,-0.06399062718565234,0.13428163453660596,0.7564267570218196,0.8828791840319511,-0.01906392772073906,0.06782977787690288,1.0357704062368995,1.0357704062368995,0.9380137913186491,1.1437148839016462
metropolitana_ii_internacoes_i60_i64_ur_med,Metropolitana II,internacoes_i60_i64,ur_med,1.1085381155355305,0.9552862579413772,1.2863754119558115,1.0558491696342769,0.881790963761746,1.2642650183911484,79.54166666666666,64.94375000000001,79.54166666666666,94.58333333333331,0.2796096575081072,Wald HAC,quasipoisson,1.1070881220913895,FALSE,FALSE,FALSE,0.00220185406507644,33.80533959604687,0.00733594777585444,0.01167161390261852,-0.00909947665283394,5844,4,3,21,0.36603446073788576,1,1,evidencia_insuficiente,P95_vs_P50,0.06224505310642895,9.999408170936993e-4,0.0602851691049253,0.0642049371079326,1,1,0.06224598824501537,0.001,1.064223103954357,1.064223103954357,1.0621393927020464,1.0663109030435494
metropolitana_ii_obitos_i60_i64_temp_med,Metropolitana II,obitos_i60_i64,temp_med,1.1052379242983286,0.8379382193762257,1.4578054098267763,1.0558226768490653,0.8139032241890481,1.3696487393319334,21.870833333333337,14.291666666666666,21.870833333333337,28.064791666666665,0.3175201893615696,Wald HAC,quasipoisson,1.0215238693913653,FALSE,FALSE,FALSE,0.00214858687686125,33.87827298130182,-0.01600798081099592,-0.03138157586902025,-0.03086759111581321,5479,4,3,21,0.39416299369022434,1,1,evidencia_insuficiente,P05_vs_P50,0.23167960201312057,9.99974944145775e-4,0.22971965112259485,0.2336395529036463,1,0,0.23168619791267564,0.001,1.2607157333291272,1.2607157333291272,1.2582472122851145,1.2631890972975552
metropolitana_ii_obitos_i60_i64_temp_med,Metropolitana II,obitos_i60_i64,temp_med,1.1052379242983286,0.8379382193762257,1.4578054098267763,1.0558226768490653,0.8139032241890481,1.3696487393319334,21.870833333333337,14.291666666666666,21.870833333333337,28.064791666666665,0.3175201893615696,Wald HAC,quasipoisson,1.0215238693913653,FALSE,FALSE,FALSE,0.00214858687686125,33.87827298130182,-0.01600798081099592,-0.03138157586902025,-0.03086759111581321,5479,4,3,21,0.39416299369022434,1,1,evidencia_insuficiente,P95_vs_P50,0.03183245048298565,9.999716380953067e-4,0.02987250607231885,0.03379239489365245,1,1,0.03183117483497588,0.001,1.032344521987836,1.032344521987836,1.0303231656321958,1.0343698439745062
metropolitana_ii_obitos_i60_i64_ur_med,Metropolitana II,obitos_i60_i64,ur_med,0.9860619187196268,0.7604209370636559,1.2786577277890463,0.8478061292128767,0.6497816175435166,1.1061796968775957,79.95833333333333,65.7465579710145,79.95833333333333,94.75,0.6482860297381734,Wald HAC,quasipoisson,1.020257000445017,FALSE,FALSE,FALSE,0.00204904519582882,34.01934956926124,-0.01548993877615325,-0.03145691859276683,-0.03092411648764841,5479,4,3,21,0.7072211233507346,1,1,evidencia_insuficiente,P05_vs_P50,0.01275585746197977,9.999715535431092e-4,0.01079591321703527,0.01471580170692426,1,1,0.0127573818011677,0.001,1.01283756043936,1.01283756043936,1.0108543993691164,1.014824612206259
metropolitana_ii_obitos_i60_i64_ur_med,Metropolitana II,obitos_i60_i64,ur_med,0.9860619187196268,0.7604209370636559,1.2786577277890463,0.8478061292128767,0.6497816175435166,1.1061796968775957,79.95833333333333,65.7465579710145,79.95833333333333,94.75,0.6482860297381734,Wald HAC,quasipoisson,1.020257000445017,FALSE,FALSE,FALSE,0.00204904519582882,34.01934956926124,-0.01548993877615325,-0.03145691859276683,-0.03092411648764841,5479,4,3,21,0.7072211233507346,1,1,evidencia_insuficiente,P95_vs_P50,0.00937973855992155,9.999728574857944e-4,0.0074197917592494,0.01133968536059371,1,1,0.0093892107617608,0.001,1.0094238661682144,1.0094238661682144,1.0074473866212807,1.0114042233086098
noroeste_internacoes_i60_i69_temp_med,Noroeste,internacoes_i60_i69,temp_med,1.796217097387641,1.3243140255118182,2.4362770451674036,0.7863295693664989,0.5886485028107102,1.0503962699433431,23.820833333333333,18.439375,23.820833333333333,28.620833333333337,1.8322648501943763e-4,Wald HAC,negative_binomial,3.1298151439651485,FALSE,FALSE,FALSE,0.03149654038311955,25.32441490306342,0.02053518599392771,0.04617917412094836,0.00617133958650526,5844,4,3,21,0.00219871782023325,1.8322648501943763e-4,1,sinal_sugestivo,P05_vs_P50,0.457866289059808,0.12973274102759252,0.20359011664572668,0.7121424614738894,0.999791672938838,0.00259788918626538,0.16522101925113877,0.235298592474574,1.5806976323638646,1.5806976323638646,1.2257956172533808,2.0383536780457
noroeste_internacoes_i60_i69_temp_med,Noroeste,internacoes_i60_i69,temp_med,1.796217097387641,1.3243140255118182,2.4362770451674036,0.7863295693664989,0.5886485028107102,1.0503962699433431,23.820833333333333,18.439375,23.820833333333333,28.620833333333337,1.8322648501943763e-4,Wald HAC,negative_binomial,3.1298151439651485,FALSE,FALSE,FALSE,0.03149654038311955,25.32441490306342,0.02053518599392771,0.04617917412094836,0.00617133958650526,5844,4,3,21,0.00219871782023325,1.8322648501943763e-4,1,sinal_sugestivo,P95_vs_P50,-0.2109212026921236,0.13383278978169943,-0.4732334706642545,0.05139106528000725,0.05751227652718219,0.9889360162105884,-0.0760578458943113,0.3160876086668327,0.8098378774117506,0.8098378774117506,0.6229846055676601,1.0527345007075644
noroeste_internacoes_i60_i69_ur_med,Noroeste,internacoes_i60_i69,ur_med,0.8782914409053791,0.6572641820814878,1.1736465734747876,1.0333947663343577,0.7218633264642363,1.4793724849798826,75,61.541666666666664,75,88.89177631578946,0.02682619502559073,Wald HAC,negative_binomial,3.168295230359513,FALSE,FALSE,FALSE,0.03213449379379896,25.25471418652295,0.02278150083249512,0.04619070489997643,0.00801732228336197,5844,4,3,21,0.07229705744991713,1,1,sinal_sugestivo,P05_vs_P50,-0.06738441110148458,0.07337999483369737,-0.21120920097553145,0.07644037877256227,0.17923247624034444,0.9866936414995442,-0.04701218738247648,0.08451508065881352,0.934835771008258,0.934835771008258,0.8096046790751896,1.079437831010166
noroeste_internacoes_i60_i69_ur_med,Noroeste,internacoes_i60_i69,ur_med,0.8782914409053791,0.6572641820814878,1.1736465734747876,1.0333947663343577,0.7218633264642363,1.4793724849798826,75,61.541666666666664,75,88.89177631578946,0.02682619502559073,Wald HAC,negative_binomial,3.168295230359513,FALSE,FALSE,FALSE,0.03213449379379896,25.25471418652295,0.02278150083249512,0.04619070489997643,0.00801732228336197,5844,4,3,21,0.07229705744991713,1,1,sinal_sugestivo,P95_vs_P50,-0.02381164120754786,0.0687364661317048,-0.15853511482568927,0.11091183241059356,0.364513796458369,0.9584541375131044,-0.03311316433404976,0.07416410488353914,0.9764696190752123,0.9764696190752123,0.853392996518472,1.1172963931820261
noroeste_obitos_i60_i69_temp_med,Noroeste,obitos_i60_i69,temp_med,1.4185182078870844,0.997598976635212,2.017036858732641,1.2057495515809329,0.8473226754454911,1.7157949660361085,23.8,18.44875,23.8,28.6,0.18707866804443352,Wald HAC,quasipoisson,1.0197797939816295,FALSE,FALSE,FALSE,0.10042253428581371,21.047457042240083,-0.01046608709426259,-0.00689754193627574,-0.02477871361431824,5479,4,3,21,0.28658859785530244,1,1,evidencia_insuficiente,P05_vs_P50,0.20721559426837344,9.999844995087857e-4,0.20525562464933625,0.20917556388741065,1,0,0.2072111797121121,0.001,1.2302477775608236,1.2302477775608236,1.2278388907365532,1.2326613903599564
noroeste_obitos_i60_i69_temp_med,Noroeste,obitos_i60_i69,temp_med,1.4185182078870844,0.997598976635212,2.017036858732641,1.2057495515809329,0.8473226754454911,1.7157949660361085,23.8,18.44875,23.8,28.6,0.18707866804443352,Wald HAC,quasipoisson,1.0197797939816295,FALSE,FALSE,FALSE,0.10042253428581371,21.047457042240083,-0.01046608709426259,-0.00689754193627574,-0.02477871361431824,5479,4,3,21,0.28658859785530244,1,1,evidencia_insuficiente,P95_vs_P50,0.04893149698789995,9.99984566080172e-4,0.04697152723838281,0.05089146673741708,1,1,0.04892723188249881,0.001,1.0501484099467424,1.0501484099467424,1.0480921665763967,1.0522086874439835
noroeste_obitos_i60_i69_ur_med,Noroeste,obitos_i60_i69,ur_med,0.9850778651960468,0.7107546276888057,1.3652790466586566,1.0418668139284528,0.7080960609410993,1.5329649716208746,75.08333333333333,61.416666666666664,75.08333333333333,89.08749999999998,0.4793470050213065,Wald HAC,quasipoisson,1.0223910007476045,FALSE,FALSE,FALSE,0.14255818950385613,19.620770005227403,-0.01155697993633724,-0.00649340397829293,-0.02366887184660537,5479,4,3,21,0.5478251485957788,1,1,evidencia_insuficiente,P05_vs_P50,0.08665408423689623,9.99981970337721e-4,0.0846941195750343,0.08861404889875817,1,1,0.0866577511609733,0.001,1.0905193866204228,1.0905193866204228,1.0883841003859043,1.0926588620444946
noroeste_obitos_i60_i69_ur_med,Noroeste,obitos_i60_i69,ur_med,0.9850778651960468,0.7107546276888057,1.3652790466586566,1.0418668139284528,0.7080960609410993,1.5329649716208746,75.08333333333333,61.416666666666664,75.08333333333333,89.08749999999998,0.4793470050213065,Wald HAC,quasipoisson,1.0223910007476045,FALSE,FALSE,FALSE,0.14255818950385613,19.620770005227403,-0.01155697993633724,-0.00649340397829293,-0.02366887184660537,5479,4,3,21,0.5478251485957788,1,1,evidencia_insuficiente,P95_vs_P50,0.02483883999093521,0.05576843916496424,-0.0844673007723947,0.13414498075426512,0.6719819048834478,0.8968207172027535,0.02343018757939063,0.05814610011939918,1.0251498940446189,1.0251498940446189,0.9190017055314594,1.1435586016153676
noroeste_internacoes_i60_i64_temp_med,Noroeste,internacoes_i60_i64,temp_med,1.9196651490347747,1.4530528637840885,2.5361185241545905,0.9236260458199942,0.7097179167054236,1.202005828565211,23.820833333333333,18.439375,23.820833333333333,28.620833333333337,8.734333157208651e-5,Wald HAC,quasipoisson,1.1070208213266846,FALSE,FALSE,FALSE,0.00329523757201699,32.594219108389545,-0.00995296477134371,0.01025200917028135,-0.00591210589229952,5844,4,3,21,0.00125774397463804,8.734333157208651e-5,1,sinal_sugestivo,P05_vs_P50,0.3912679993629248,0.10297372951973116,0.18943948950425168,0.5930965092215978,0.99992756068686,0.00202583949334281,0.1026368208236652,0.1494490312625595,1.4788547924517457,1.4788547924517457,1.208571990486491,1.809583139749209
noroeste_internacoes_i60_i64_temp_med,Noroeste,internacoes_i60_i64,temp_med,1.9196651490347747,1.4530528637840885,2.5361185241545905,0.9236260458199942,0.7097179167054236,1.202005828565211,23.820833333333333,18.439375,23.820833333333333,28.620833333333337,8.734333157208651e-5,Wald HAC,quasipoisson,1.1070208213266846,FALSE,FALSE,FALSE,0.00329523757201699,32.594219108389545,-0.00995296477134371,0.01025200917028135,-0.00591210589229952,5844,4,3,21,0.00125774397463804,8.734333157208651e-5,1,sinal_sugestivo,P95_vs_P50,-0.10387941724106314,9.99972324102404e-4,-0.10583936299630384,-0.10191947148582244,0,1,-0.10388076961992154,0.001,0.9013339762062537,0.9013339762062537,0.8995691405615507,0.9031022742250115
noroeste_internacoes_i60_i64_ur_med,Noroeste,internacoes_i60_i64,ur_med,0.903677994341291,0.6954094428640865,1.174321007338269,1.0714214235990036,0.7753056745465419,1.480633903032273,75,61.541666666666664,75,88.89177631578946,0.28980279778953444,Wald HAC,quasipoisson,1.1091701410414427,FALSE,FALSE,FALSE,0.0151434649501162,27.795509888323107,-0.00651111929888959,0.00924642895063068,-0.00363730533934734,5844,4,3,21,0.371687179600508,1,1,evidencia_insuficiente,P05_vs_P50,-0.03590187535658719,0.06048667985253885,-0.15445576786756332,0.08265201715438895,0.2764065296424192,0.9849689765069388,-0.01906392772073906,0.06782977787690288,0.9647349531120879,0.9647349531120879,0.8568813929951302,1.0861637764159873
noroeste_internacoes_i60_i64_ur_med,Noroeste,internacoes_i60_i64,ur_med,0.903677994341291,0.6954094428640865,1.174321007338269,1.0714214235990036,0.7753056745465419,1.480633903032273,75,61.541666666666664,75,88.89177631578946,0.28980279778953444,Wald HAC,quasipoisson,1.1091701410414427,FALSE,FALSE,FALSE,0.0151434649501162,27.795509888323107,-0.00651111929888959,0.00924642895063068,-0.00363730533934734,5844,4,3,21,0.371687179600508,1,1,evidencia_insuficiente,P95_vs_P50,0.0622462356815637,9.999816445816184e-4,0.06028627165818373,0.06420619970494368,1,1,0.06224598824501537,0.001,1.0642243624788816,1.0642243624788816,1.0621405637679402,1.0663122493653585
noroeste_obitos_i60_i64_temp_med,Noroeste,obitos_i60_i64,temp_med,1.8478364950032355,1.1651882709914183,2.930427465906916,1.4068054472812546,0.8870154116572526,2.23119186035625,23.8,18.44875,23.8,28.6,0.01492765331378218,Wald HAC,quasipoisson,1.0286813812518298,FALSE,FALSE,FALSE,0.07682405454754115,22.088007304009583,-0.01078457753397312,-0.00811049880201211,-0.0117465056070277,5479,4,3,21,0.04885413811783259,0.01492765331378218,1,sinal_consistente,P05_vs_P50,0.23169310491846531,9.999909671622328e-4,0.22973312262282733,0.2336530872141033,1,0,0.23168619791267564,0.001,1.2607327567692737,1.2607327567692737,1.258264162876902,1.2632061938066583
noroeste_obitos_i60_i64_temp_med,Noroeste,obitos_i60_i64,temp_med,1.8478364950032355,1.1651882709914183,2.930427465906916,1.4068054472812546,0.8870154116572526,2.23119186035625,23.8,18.44875,23.8,28.6,0.01492765331378218,Wald HAC,quasipoisson,1.0286813812518298,FALSE,FALSE,FALSE,0.07682405454754115,22.088007304009583,-0.01078457753397312,-0.00811049880201211,-0.0117465056070277,5479,4,3,21,0.04885413811783259,0.01492765331378218,1,sinal_consistente,P95_vs_P50,0.03183676398313521,9.999909703582754e-4,0.02987678168123299,0.03379674628503743,1,1,0.03183117483497588,0.001,1.03234897501569,1.03234897501569,1.0303275709005248,1.0343743449323268
noroeste_obitos_i60_i64_ur_med,Noroeste,obitos_i60_i64,ur_med,0.7877596379759283,0.513965795803532,1.207405730674697,1.1012756897175937,0.6644273466509573,1.8253435095290929,75.08333333333333,61.416666666666664,75.08333333333333,89.08749999999998,0.2133754305775533,Wald HAC,quasipoisson,1.0314956425159485,FALSE,FALSE,FALSE,0.133878345154122,19.88285089225889,-0.01087428543516606,-0.00663943507389607,-0.01211159818383,5479,4,3,21,0.3135312449302824,1,1,evidencia_insuficiente,P05_vs_P50,0.01275208760717812,9.99989467154741e-4,0.01079210825155483,0.01471206696280142,1,1,0.0127573818011677,0.001,1.0128337421960167,1.0128337421960167,1.0108505531103384,1.0148208221030803
noroeste_obitos_i60_i64_ur_med,Noroeste,obitos_i60_i64,ur_med,0.7877596379759283,0.513965795803532,1.207405730674697,1.1012756897175937,0.6644273466509573,1.8253435095290929,75.08333333333333,61.416666666666664,75.08333333333333,89.08749999999998,0.2133754305775533,Wald HAC,quasipoisson,1.0314956425159485,FALSE,FALSE,FALSE,0.133878345154122,19.88285089225889,-0.01087428543516606,-0.00663943507389607,-0.01211159818383,5479,4,3,21,0.3135312449302824,1,1,evidencia_insuficiente,P95_vs_P50,0.00939052093064598,9.99992477184271e-4,0.00743053567536481,0.01135050618592715,1,1,0.0093892107617608,0.001,1.0094347502092353,1.0094347502092353,1.0074582106096392,1.0114151675962648
norte_internacoes_i60_i69_temp_med,Norte,internacoes_i60_i69,temp_med,0.8193150315567193,0.6023267049362825,1.1144734500951594,0.4038457241884322,0.29517030114601206,0.5525331251554428,23.764583333333334,19.796458333333337,23.764583333333334,27.6375,0.10501039884425682,Wald HAC,quasipoisson,2.151111217775683,FALSE,FALSE,FALSE,0.35700343051200156,15.31443963361662,-2.9827114516023243e-4,0.02669535294255654,0.00848785578528426,5844,4,3,21,0.19386535171247415,1,0.10501039884425682,evidencia_insuficiente,P05_vs_P50,-0.0870234308565396,0.13058241410450336,-0.3429649625013662,0.16891810078828698,0.2525696322836126,0.9186895103526768,0.16522101925113877,0.235298592474574,0.9166556173552596,0.9166556173552596,0.7096630759436671,1.1840231643891412
norte_internacoes_i60_i69_temp_med,Norte,internacoes_i60_i69,temp_med,0.8193150315567193,0.6023267049362825,1.1144734500951594,0.4038457241884322,0.29517030114601206,0.5525331251554428,23.764583333333334,19.796458333333337,23.764583333333334,27.6375,0.10501039884425682,Wald HAC,quasipoisson,2.151111217775683,FALSE,FALSE,FALSE,0.35700343051200156,15.31443963361662,-2.9827114516023243e-4,0.02669535294255654,0.00848785578528426,5844,4,3,21,0.19386535171247415,1,0.10501039884425682,evidencia_insuficiente,P95_vs_P50,-0.7373982067850289,0.14270989368171563,-1.0171095984011915,-0.4576868151688662,1.18868504390531e-7,0.9999999973100372,-0.0760578458943113,0.3160876086668327,0.47835688354091416,0.47835688354091416,0.36163871209802134,0.6327456115067491
norte_internacoes_i60_i69_ur_med,Norte,internacoes_i60_i69,ur_med,0.8478393562321768,0.5903647811907168,1.2176057869278183,1.3642343190160506,0.942864038040398,1.9739169191872867,77.70833333333333,67.25208333333333,77.70833333333333,88.6473544973545,0.7241836201306011,Wald HAC,quasipoisson,2.3994266364412877,FALSE,FALSE,FALSE,0.27276888655371967,16.69548620049972,-0.00291244420765556,0.03086366679666839,0.00939186771246442,5844,4,3,21,0.7527761441905806,1,1,evidencia_insuficiente,P05_vs_P50,-0.06745623438267394,0.07684933333379486,-0.21808092771691184,0.08316845895156398,0.19003358512472673,0.982912205076974,-0.04701218738247648,0.08451508065881352,0.9347686304469676,0.9347686304469676,0.8040603682636114,1.0867248616601712
norte_internacoes_i60_i69_ur_med,Norte,internacoes_i60_i69,ur_med,0.8478393562321768,0.5903647811907168,1.2176057869278183,1.3642343190160506,0.942864038040398,1.9739169191872867,77.70833333333333,67.25208333333333,77.70833333333333,88.6473544973545,0.7241836201306011,Wald HAC,quasipoisson,2.3994266364412877,FALSE,FALSE,FALSE,0.27276888655371967,16.69548620049972,-0.00291244420765556,0.03086366679666839,0.00939186771246442,5844,4,3,21,0.7527761441905806,1,1,evidencia_insuficiente,P95_vs_P50,0.01296707885776345,0.06901373114054028,-0.12229983417769552,0.1482339918932224,0.5745190639969618,0.8835928897856591,-0.03311316433404976,0.07416410488353914,1.0130515159977787,1.0130515159977787,0.8848830105530978,1.1597842447262303
norte_obitos_i60_i69_temp_med,Norte,obitos_i60_i69,temp_med,1.4188458863895226,1.1145474695761637,1.8062251310749595,1.201667061302225,0.9222318153680412,1.5657708855364711,23.780555555555555,19.857916666666668,23.780555555555555,27.64569444444444,0.01879895776774094,Wald HAC,quasipoisson,0.9775776784609804,FALSE,FALSE,FALSE,0.1940759760617522,18.285715907255963,-0.02559650435777743,0.01331392875188886,-0.0231889527066593,5479,4,3,21,0.05884891127292817,0.01879895776774094,1,sinal_sugestivo,P05_vs_P50,0.20722058224016135,9.999670388022898e-4,0.20526064684410888,0.20918051763621387,1,0,0.2072111797121121,0.001,1.2302539140173345,1.2302539140173345,1.2278450571980963,1.232667496669968
norte_obitos_i60_i69_temp_med,Norte,obitos_i60_i69,temp_med,1.4188458863895226,1.1145474695761637,1.8062251310749595,1.201667061302225,0.9222318153680412,1.5657708855364711,23.780555555555555,19.857916666666668,23.780555555555555,27.64569444444444,0.01879895776774094,Wald HAC,quasipoisson,0.9775776784609804,FALSE,FALSE,FALSE,0.1940759760617522,18.285715907255963,-0.02559650435777743,0.01331392875188886,-0.0231889527066593,5479,4,3,21,0.05884891127292817,0.01879895776774094,1,sinal_sugestivo,P95_vs_P50,0.04893462312872876,9.999725804787209e-4,0.04697467687099047,0.05089456938646705,1,1,0.04892723188249881,0.001,1.0501516928636945,1.0501516928636945,1.048095467686859,1.0522119520833324
norte_obitos_i60_i69_ur_med,Norte,obitos_i60_i69,ur_med,1.1435096853305975,0.8611687535345728,1.5184183066070642,0.9840532523469832,0.7354996342866276,1.3166026987816295,77.81944444444444,67.22222222222223,77.81944444444444,88.77777777777779,0.00899222810099672,Wald HAC,quasipoisson,0.9763872900987124,FALSE,FALSE,FALSE,0.17251553446591317,18.80548917843304,-0.02560905665583044,0.01413680818606589,-0.02356688461924042,5479,4,3,21,0.03407581175114548,1,1,sinal_consistente,P05_vs_P50,0.08666001771178841,9.999761133522096e-4,0.08470006452961808,0.08861997089395875,1,1,0.0866577511609733,0.001,1.0905258572090193,1.0905258572090193,1.0883905707991839,1.0926653327841913
norte_obitos_i60_i69_ur_med,Norte,obitos_i60_i69,ur_med,1.1435096853305975,0.8611687535345728,1.5184183066070642,0.9840532523469832,0.7354996342866276,1.3166026987816295,77.81944444444444,67.22222222222223,77.81944444444444,88.77777777777779,0.00899222810099672,Wald HAC,quasipoisson,0.9763872900987124,FALSE,FALSE,FALSE,0.17251553446591317,18.80548917843304,-0.02560905665583044,0.01413680818606589,-0.02356688461924042,5479,4,3,21,0.03407581175114548,1,1,sinal_consistente,P95_vs_P50,0.01818071270712755,0.05414523647430643,-0.08794395078251305,0.12430537619676817,0.6314803961456723,0.9228479794912136,0.02343018757939063,0.05814610011939918,1.018346988003672,1.018346988003672,0.9158122058423361,1.1323616144887712
norte_internacoes_i60_i64_temp_med,Norte,internacoes_i60_i64,temp_med,0.959630774855022,0.7671663579473861,1.200380092934167,0.9725790108216936,0.7674604993274481,1.2325193715114162,23.764583333333334,19.796458333333337,23.764583333333334,27.6375,0.3405606694006015,Wald HAC,quasipoisson,1.0494869847816626,FALSE,FALSE,FALSE,7.916273986977584e-4,36.79755955993598,-0.02162376243806802,0.00535555458741303,-0.01046642563969758,5844,4,3,21,0.4155994609634459,1,1,evidencia_insuficiente,P05_vs_P50,0.01182524536588056,0.09074373993896737,-0.16603248491449546,0.18968297564625655,0.5518412840744548,0.8212156177934662,0.1026368208236652,0.1494490312625595,1.0118954399965643,1.0118954399965643,0.8470187184118346,1.208866296846096
norte_internacoes_i60_i64_temp_med,Norte,internacoes_i60_i64,temp_med,0.959630774855022,0.7671663579473861,1.200380092934167,0.9725790108216936,0.7674604993274481,1.2325193715114162,23.764583333333334,19.796458333333337,23.764583333333334,27.6375,0.3405606694006015,Wald HAC,quasipoisson,1.0494869847816626,FALSE,FALSE,FALSE,7.916273986977584e-4,36.79755955993598,-0.02162376243806802,0.00535555458741303,-0.01046642563969758,5844,4,3,21,0.4155994609634459,1,1,evidencia_insuficiente,P95_vs_P50,-0.10387556084670796,9.999657657667384e-4,-0.10583549374761075,-0.10191562794580517,0,1,-0.10388076961992154,0.001,0.9013374521122139,0.9013374521122139,0.8995726212250059,0.9031057453414129
norte_internacoes_i60_i64_ur_med,Norte,internacoes_i60_i64,ur_med,1.1057924436979707,0.860792341651266,1.4205248692081365,1.200605515493009,0.9290528438851546,1.551530263665411,77.70833333333333,67.25208333333333,77.70833333333333,88.6473544973545,0.777504033346293,Wald HAC,quasipoisson,1.0497152062427155,FALSE,FALSE,FALSE,5.248438082549045e-4,37.97179425931937,-0.02104553627597055,0.00533029502495427,-0.01190043893868513,5844,4,3,21,0.777504033346293,1,1,evidencia_insuficiente,P05_vs_P50,0.00723178206382217,0.05991271338079652,-0.110197136162539,0.12466070029018336,0.5480377696906997,0.9292342859766918,-0.01906392772073906,0.06782977787690288,1.0072579945492939,1.0072579945492939,0.8956575513989323,1.1327640413446023
norte_internacoes_i60_i64_ur_med,Norte,internacoes_i60_i64,ur_med,1.1057924436979707,0.860792341651266,1.4205248692081365,1.200605515493009,0.9290528438851546,1.551530263665411,77.70833333333333,67.25208333333333,77.70833333333333,88.6473544973545,0.777504033346293,Wald HAC,quasipoisson,1.0497152062427155,FALSE,FALSE,FALSE,5.248438082549045e-4,37.97179425931937,-0.02104553627597055,0.00533029502495427,-0.01190043893868513,5844,4,3,21,0.777504033346293,1,1,evidencia_insuficiente,P95_vs_P50,0.06225303311541325,9.999707871491655e-4,0.06029309037260088,0.06421297585822561,1,1,0.06224598824501537,0.001,1.064231596498173,1.064231596498173,1.0621478062258076,1.066319474885087
norte_obitos_i60_i64_temp_med,Norte,obitos_i60_i64,temp_med,1.3562877815245362,0.9835382318545308,1.8703050748156576,1.1075434525699266,0.7746771515090908,1.5834370446333197,23.780555555555555,19.857916666666668,23.780555555555555,27.64569444444444,0.6460912376769574,Wald HAC,quasipoisson,0.9932884169462824,FALSE,FALSE,FALSE,0.4672017720967041,13.76711169877213,-0.01688876966448395,-0.01038787285584466,0.00148930826066921,5479,4,3,21,0.7072211233507346,1,1,evidencia_insuficiente,P05_vs_P50,0.23168891591295449,9.999813999985287e-4,0.22972895236895735,0.2336488794569516,1,0,0.23168619791267564,0.001,1.2607274755638693,1.2607274755638693,1.2582589156068484,1.263200878552945
norte_obitos_i60_i64_temp_med,Norte,obitos_i60_i64,temp_med,1.3562877815245362,0.9835382318545308,1.8703050748156576,1.1075434525699266,0.7746771515090908,1.5834370446333197,23.780555555555555,19.857916666666668,23.780555555555555,27.64569444444444,0.6460912376769574,Wald HAC,quasipoisson,0.9932884169462824,FALSE,FALSE,FALSE,0.4672017720967041,13.76711169877213,-0.01688876966448395,-0.01038787285584466,0.00148930826066921,5479,4,3,21,0.7072211233507346,1,1,evidencia_insuficiente,P95_vs_P50,0.03183328879932792,9.9998496741884e-4,0.02987331826318699,0.03379325933546884,1,1,0.03183117483497588,0.001,1.0323453874194823,1.0323453874194823,1.030324002451602,1.0343707381274392
norte_obitos_i60_i64_ur_med,Norte,obitos_i60_i64,ur_med,1.2024839264803815,0.8198831708070713,1.7636263859646044,1.0992097550126445,0.7431296930098003,1.6259101162023188,77.81944444444444,67.22222222222223,77.81944444444444,88.77777777777779,0.10918504587305444,Wald HAC,quasipoisson,0.9910749477454288,FALSE,FALSE,FALSE,0.4409225250174341,14.118472919154678,-0.01677752681023156,-0.01051543156208252,0.00112365093881538,5479,4,3,21,0.19605718833598315,1,1,evidencia_insuficiente,P05_vs_P50,0.01276187691270961,9.999869047099428e-4,0.01080190257947812,0.0147218512459411,1,1,0.0127573818011677,0.001,1.012843657183502,1.012843657183502,1.010860453760622,1.0148307514459156
norte_obitos_i60_i64_ur_med,Norte,obitos_i60_i64,ur_med,1.2024839264803815,0.8198831708070713,1.7636263859646044,1.0992097550126445,0.7431296930098003,1.6259101162023188,77.81944444444444,67.22222222222223,77.81944444444444,88.77777777777779,0.10918504587305444,Wald HAC,quasipoisson,0.9910749477454288,FALSE,FALSE,FALSE,0.4409225250174341,14.118472919154678,-0.01677752681023156,-0.01051543156208252,0.00112365093881538,5479,4,3,21,0.19605718833598315,1,1,evidencia_insuficiente,P95_vs_P50,0.00939134646963747,9.99987466763798e-4,0.00743137103478042,0.01135132190449451,1,1,0.0093892107617608,0.001,1.009435583537325,1.009435583537325,1.007459052199693,1.0114159926267328
serrana_internacoes_i60_i69_temp_med,Serrana,internacoes_i60_i69,temp_med,2.726740747766628,1.504879149382536,4.940672550737112,1.3815271362345214,0.7729876233763854,2.469143321875683,17.786388888888887,12.093055555555557,17.786388888888887,22.439429924242425,0.04957749881003178,Wald HAC,quasipoisson,15.65613660482112,FALSE,FALSE,FALSE,0.0606986759265542,22.97372110570376,0.02765261264823857,0.02366748393824424,0.03438939432689242,5844,4,3,21,0.11898599714407627,0.04957749881003178,1,evidencia_insuficiente,P05_vs_P50,0.4800842453370101,0.18590332776693633,0.11571372291381492,0.8444547677602052,0.995094783288458,0.01923771639132962,0.16522101925113877,0.235298592474574,1.6162105546605643,1.6162105546605643,1.1226744301601135,2.326708871977846
serrana_internacoes_i60_i69_temp_med,Serrana,internacoes_i60_i69,temp_med,2.726740747766628,1.504879149382536,4.940672550737112,1.3815271362345214,0.7729876233763854,2.469143321875683,17.786388888888887,12.093055555555557,17.786388888888887,22.439429924242425,0.04957749881003178,Wald HAC,quasipoisson,15.65613660482112,FALSE,FALSE,FALSE,0.0606986759265542,22.97372110570376,0.02765261264823857,0.02366748393824424,0.03438939432689242,5844,4,3,21,0.11898599714407627,0.04957749881003178,1,evidencia_insuficiente,P95_vs_P50,0.13647562656976303,0.2161597110401329,-0.28719740706889746,0.5601486602084236,0.7360989776314152,0.42448219344533633,-0.0760578458943113,0.3160876086668327,1.1462269399529417,1.1462269399529417,0.7503635871390953,1.7509327749806416
serrana_internacoes_i60_i69_ur_med,Serrana,internacoes_i60_i69,ur_med,0.816506552055088,0.5705867500660308,1.1684164580964014,0.7137119873752471,0.5009308155299681,1.0168765528713035,83.18791666666667,67.35729166666667,83.18791666666667,94.78285024154587,0.0033207160841103,Wald HAC,negative_binomial,18.02870182127734,FALSE,FALSE,FALSE,9.460798811034009e-11,77.16517490484654,0.04664672903458764,0.05648232613217054,0.05111499479750132,5844,4,3,21,0.01461470045551379,1,1,sinal_sugestivo,P05_vs_P50,-0.07442371237604412,0.07671603616649117,-0.2247871432623668,0.07593971851027859,0.16599349845127573,0.9865337799259232,-0.04701218738247648,0.08451508065881352,0.9282782875027777,0.9282782875027777,0.7986862064075156,1.078897534646319
serrana_internacoes_i60_i69_ur_med,Serrana,internacoes_i60_i69,ur_med,0.816506552055088,0.5705867500660308,1.1684164580964014,0.7137119873752471,0.5009308155299681,1.0168765528713035,83.18791666666667,67.35729166666667,83.18791666666667,94.78285024154587,0.0033207160841103,Wald HAC,negative_binomial,18.02870182127734,FALSE,FALSE,FALSE,9.460798811034009e-11,77.16517490484654,0.04664672903458764,0.05648232613217054,0.05111499479750132,5844,4,3,21,0.01461470045551379,1,1,sinal_sugestivo,P95_vs_P50,-0.07699692138335403,0.06860571402983504,-0.2114641208818307,0.05747027811512263,0.13086519633870972,0.9939899914462604,-0.03311316433404976,0.07416410488353914,0.9258927040707988,0.9258927040707988,0.8093983210297646,1.0591537901398864
serrana_obitos_i60_i69_temp_med,Serrana,obitos_i60_i69,temp_med,1.1025301901375208,0.8692978165833205,1.3983387476369755,0.9244892855443518,0.7393310173973362,1.1560186424952572,17.716666666666665,12.032916666666669,17.716666666666665,22.313958333333336,0.23314320030023672,Wald HAC,quasipoisson,1.0263238626607267,FALSE,FALSE,FALSE,0.01365317906859608,28.134750762920397,0.00532801482096009,0.00508486784162048,-0.03588817840060954,5479,4,3,21,0.32477495084113234,1,1,evidencia_insuficiente,P05_vs_P50,0.20720372670014067,9.999659995309222e-4,0.20524379334106008,0.20916366005922127,1,0,0.2072111797121121,0.001,1.2302331775980135,1.2302331775980135,1.2278243638820594,1.232646717057884
serrana_obitos_i60_i69_temp_med,Serrana,obitos_i60_i69,temp_med,1.1025301901375208,0.8692978165833205,1.3983387476369755,0.9244892855443518,0.7393310173973362,1.1560186424952572,17.716666666666665,12.032916666666669,17.716666666666665,22.313958333333336,0.23314320030023672,Wald HAC,quasipoisson,1.0263238626607267,FALSE,FALSE,FALSE,0.01365317906859608,28.134750762920397,0.00532801482096009,0.00508486784162048,-0.03588817840060954,5479,4,3,21,0.32477495084113234,1,1,evidencia_insuficiente,P95_vs_P50,0.04891743134978889,9.9996154802094e-4,0.04695750671566785,0.05087735598390993,1,1,0.04892723188249881,0.001,1.0501336390431264,1.0501336390431264,1.0480774718793817,1.0521938400913107
serrana_obitos_i60_i69_ur_med,Serrana,obitos_i60_i69,ur_med,1.0217718331422374,0.781206972664377,1.3364162322337336,0.904500232985297,0.6905951105298207,1.184660387825218,83.4888888888889,67.41666666666667,83.4888888888889,94.95452898550724,0.03854728850271077,Wald HAC,quasipoisson,1.025406501951915,FALSE,FALSE,FALSE,0.02409747813455143,26.244047373106422,0.00539377936121657,0.00476645497841658,-0.0335248716299974,5479,4,3,21,0.09912159900697055,1,1,sinal_sugestivo,P05_vs_P50,0.08665428009709317,9.99973348167386e-4,0.0846943323346851,0.08861422785950124,1,1,0.0866577511609733,0.001,1.0905196002097854,1.0905196002097854,1.08838433195015,1.0926590575875539
serrana_obitos_i60_i69_ur_med,Serrana,obitos_i60_i69,ur_med,1.0217718331422374,0.781206972664377,1.3364162322337336,0.904500232985297,0.6905951105298207,1.184660387825218,83.4888888888889,67.41666666666667,83.4888888888889,94.95452898550724,0.03854728850271077,Wald HAC,quasipoisson,1.025406501951915,FALSE,FALSE,FALSE,0.02409747813455143,26.244047373106422,0.00539377936121657,0.00476645497841658,-0.0335248716299974,5479,4,3,21,0.09912159900697055,1,1,sinal_sugestivo,P95_vs_P50,0.00468812394565188,0.05356432186346909,-0.10029794690674752,0.10967419479805132,0.5348722003004526,0.9546613901819156,0.02343018757939063,0.05814610011939918,1.0046991303918564,1.0046991303918564,0.9045678646844341,1.1159144404961778
serrana_internacoes_i60_i64_temp_med,Serrana,internacoes_i60_i64,temp_med,1.1241942865478072,0.8806045400165969,1.4351649764182617,0.922602877299408,0.7422958755525605,1.1467072595109349,17.786388888888887,12.093055555555557,17.786388888888887,22.439429924242425,0.2345596867185956,Wald HAC,quasipoisson,1.3470605494054,FALSE,FALSE,FALSE,6.267656380942732e-5,43.84600563878833,-0.01683594451790842,0.0109024628476133,0.00191739442771339,5844,4,3,21,0.32477495084113234,1,1,evidencia_insuficiente,P05_vs_P50,0.11114951505904398,0.0957011006784621,-0.07642464227074174,0.2987236723888297,0.8772651580688493,0.43427192266090914,0.1026368208236652,0.1494490312625595,1.117561986710098,1.117561986710098,0.9264227247712814,1.3481370445093144
serrana_internacoes_i60_i64_temp_med,Serrana,internacoes_i60_i64,temp_med,1.1241942865478072,0.8806045400165969,1.4351649764182617,0.922602877299408,0.7422958755525605,1.1467072595109349,17.786388888888887,12.093055555555557,17.786388888888887,22.439429924242425,0.2345596867185956,Wald HAC,quasipoisson,1.3470605494054,FALSE,FALSE,FALSE,6.267656380942732e-5,43.84600563878833,-0.01683594451790842,0.0109024628476133,0.00191739442771339,5844,4,3,21,0.32477495084113234,1,1,evidencia_insuficiente,P95_vs_P50,-0.10387887481601944,9.99959380649136e-4,-0.10583879520209172,-0.10191895442994713,0,1,-0.10388076961992154,0.001,0.9013344651125077,0.9013344651125077,0.8995696513318472,0.9031027411794692
serrana_internacoes_i60_i64_ur_med,Serrana,internacoes_i60_i64,ur_med,0.9725167898102176,0.7594638311848252,1.2453376548390247,1.0853695979249924,0.8316878992595387,1.4164293662907337,83.18791666666667,67.35729166666667,83.18791666666667,94.78285024154587,0.05945918177877396,Wald HAC,quasipoisson,1.3462148303584072,FALSE,FALSE,FALSE,3.924474450056614e-5,45.10354099056872,-0.01773865379215488,0.01060943050080802,0.00138246886299572,5844,4,3,21,0.1337831590022414,1,1,evidencia_insuficiente,P05_vs_P50,-0.02103816768244191,0.05974247098081603,-0.13813341080484134,0.09605707543995752,0.36236378664168567,0.9742624750990744,-0.01906392772073906,0.06782977787690288,0.9791815907642191,0.9791815907642191,0.8709824855199917,1.1008218920947972
serrana_internacoes_i60_i64_ur_med,Serrana,internacoes_i60_i64,ur_med,0.9725167898102176,0.7594638311848252,1.2453376548390247,1.0853695979249924,0.8316878992595387,1.4164293662907337,83.18791666666667,67.35729166666667,83.18791666666667,94.78285024154587,0.05945918177877396,Wald HAC,quasipoisson,1.3462148303584072,FALSE,FALSE,FALSE,3.924474450056614e-5,45.10354099056872,-0.01773865379215488,0.01060943050080802,0.00138246886299572,5844,4,3,21,0.1337831590022414,1,1,evidencia_insuficiente,P95_vs_P50,0.0622470546382086,9.999728988515286e-4,0.0602871077564596,0.06420700151995759,1,1,0.06224598824501537,0.001,1.064225234032852,1.064225234032852,1.0621414518222057,1.0663131043508722
serrana_obitos_i60_i64_temp_med,Serrana,obitos_i60_i64,temp_med,1.2707095975729512,0.9421013939457216,1.7139374718482172,0.9403699310930534,0.7086962740136208,1.2477779829373823,17.716666666666665,12.032916666666669,17.716666666666665,22.313958333333336,0.6772183357569814,Wald HAC,quasipoisson,0.9850118932040391,FALSE,FALSE,FALSE,0.2659800396845311,16.81848378617322,0.0177449357024273,2.293267184787961e-4,-0.01283870715558644,5479,4,3,21,0.7277570175298905,1,1,evidencia_insuficiente,P05_vs_P50,0.23168653641069156,9.99978546746832e-4,0.22972657845906777,0.23364649436231535,1,0,0.23168619791267564,0.001,1.2607244756635576,1.2607244756635576,1.2582559286171104,1.263197865702898
serrana_obitos_i60_i64_temp_med,Serrana,obitos_i60_i64,temp_med,1.2707095975729512,0.9421013939457216,1.7139374718482172,0.9403699310930534,0.7086962740136208,1.2477779829373823,17.716666666666665,12.032916666666669,17.716666666666665,22.313958333333336,0.6772183357569814,Wald HAC,quasipoisson,0.9850118932040391,FALSE,FALSE,FALSE,0.2659800396845311,16.81848378617322,0.0177449357024273,2.293267184787961e-4,-0.01283870715558644,5479,4,3,21,0.7277570175298905,1,1,evidencia_insuficiente,P95_vs_P50,0.03182669426793061,9.99975991472562e-4,0.02986674132464439,0.03378664721121683,1,1,0.03183117483497588,0.001,1.0323385796078595,1.0323385796078595,1.0303172260962428,1.0343638987622075
serrana_obitos_i60_i64_ur_med,Serrana,obitos_i60_i64,ur_med,1.0336717014764365,0.7365000649759447,1.450749615980128,0.734976118719004,0.522430287073309,1.0339942159812998,83.4888888888889,67.41666666666667,83.4888888888889,94.95452898550724,3.952290010100869e-4,Wald HAC,quasipoisson,0.9811510547539302,FALSE,FALSE,FALSE,0.28956008163345404,16.40002947460588,0.0147803929190282,-0.00189870024985127,-0.01141451898210322,5479,4,3,21,0.00355706100909078,1,1,sinal_consistente,P05_vs_P50,0.01275806251872052,9.999832826970327e-4,0.01079809528463433,0.0147180297528067,1,1,0.0127573818011677,0.001,1.0128397938061124,1.0128397938061124,1.0108566051241552,1.0148268732845764
serrana_obitos_i60_i64_ur_med,Serrana,obitos_i60_i64,ur_med,1.0336717014764365,0.7365000649759447,1.450749615980128,0.734976118719004,0.522430287073309,1.0339942159812998,83.4888888888889,67.41666666666667,83.4888888888889,94.95452898550724,3.952290010100869e-4,Wald HAC,quasipoisson,0.9811510547539302,FALSE,FALSE,FALSE,0.28956008163345404,16.40002947460588,0.0147803929190282,-0.00189870024985127,-0.01141451898210322,5479,4,3,21,0.00355706100909078,1,1,sinal_consistente,P95_vs_P50,0.00937874945402923,9.999835153163713e-4,0.00741878176400914,0.01133871714404932,1,1,0.0093892107617608,0.001,1.0094228677416144,1.0094228677416144,1.0074463691047293,1.0114032440507819
