path,full_path,exists,is_dir,size_bytes,mtime,extension,tipo,funcao_provavel,risco,status_uso
.git/COMMIT_EDITMSG,C:/Users/oorie/OneDrive/Documentos/TRABALHOS/DLNM/05_publicacao_github/.git/COMMIT_EDITMSG,TRUE,FALSE,80,2026-06-21 18:29:28.401495,,outro,outro,controle de versão,ativo
.git/config,C:/Users/oorie/OneDrive/Documentos/TRABALHOS/DLNM/05_publicacao_github/.git/config,TRUE,FALSE,552,2026-06-21 16:29:08.687571,,outro,outro,controle de versão,ativo
.git/description,C:/Users/oorie/OneDrive/Documentos/TRABALHOS/DLNM/05_publicacao_github/.git/description,TRUE,FALSE,73,2026-06-19 20:02:47.400053,,outro,outro,controle de versão,ativo
.git/FETCH_HEAD,C:/Users/oorie/OneDrive/Documentos/TRABALHOS/DLNM/05_publicacao_github/.git/FETCH_HEAD,TRUE,FALSE,115,2026-06-20 12:09:21.408314,,outro,outro,controle de versão,ativo
.git/HEAD,C:/Users/oorie/OneDrive/Documentos/TRABALHOS/DLNM/05_publicacao_github/.git/HEAD,TRUE,FALSE,21,2026-06-20 09:28:19.156704,,outro,outro,controle de versão,ativo
.git/index,C:/Users/oorie/OneDrive/Documentos/TRABALHOS/DLNM/05_publicacao_github/.git/index,TRUE,FALSE,359586,2026-06-22 08:56:03.909431,,outro,outro,controle de versão,ativo
.git/info/exclude,C:/Users/oorie/OneDrive/Documentos/TRABALHOS/DLNM/05_publicacao_github/.git/info/exclude,TRUE,FALSE,240,2026-06-19 20:02:47.419146,,outro,outro,controle de versão,ativo
.git/info/refs,C:/Users/oorie/OneDrive/Documentos/TRABALHOS/DLNM/05_publicacao_github/.git/info/refs,TRUE,FALSE,189,2026-06-20 12:24:18.183832,,outro,outro,controle de versão,ativo
.git/lfs/cache/locks/refs/heads/main/verifiable,C:/Users/oorie/OneDrive/Documentos/TRABALHOS/DLNM/05_publicacao_github/.git/lfs/cache/locks/refs/heads/main/verifiable,TRUE,FALSE,24,2026-06-21 18:29:33.731192,,outro,outro,controle de versão,ativo
.git/lfs/objects/00/44/00440426bd98a89deff4c0683ecc188764b11cbfe92c2e6caeeb09dab28fa6d7,C:/Users/oorie/OneDrive/Documentos/TRABALHOS/DLNM/05_publicacao_github/.git/lfs/objects/00/44/00440426bd98a89deff4c0683ecc188764b11cbfe92c2e6caeeb09dab28fa6d7,TRUE,FALSE,4914,2026-06-22 08:54:03.169224,,outro,outro,controle de versão,ativo
.git/lfs/objects/03/22/032278fda740f98f86c42daf0b6d669cc69fcdf530b735044f3658f38a3196e1,C:/Users/oorie/OneDrive/Documentos/TRABALHOS/DLNM/05_publicacao_github/.git/lfs/objects/03/22/032278fda740f98f86c42daf0b6d669cc69fcdf530b735044f3658f38a3196e1,TRUE,FALSE,2326990,2026-06-20 12:14:25.028929,,outro,outro,controle de versão,ativo
.git/lfs/objects/04/2a/042a914bc57fee9eb3a22e1211191244657a5bc197f9e3c0281ffeb78f555ba1,C:/Users/oorie/OneDrive/Documentos/TRABALHOS/DLNM/05_publicacao_github/.git/lfs/objects/04/2a/042a914bc57fee9eb3a22e1211191244657a5bc197f9e3c0281ffeb78f555ba1,TRUE,FALSE,5602,2026-06-22 08:54:03.331003,,outro,outro,controle de versão,ativo
.git/lfs/objects/05/90/059052c3b8a36fbec9fbefaa8dffa4305365e3b6e062e05252b5a5522e6d1313,C:/Users/oorie/OneDrive/Documentos/TRABALHOS/DLNM/05_publicacao_github/.git/lfs/objects/05/90/059052c3b8a36fbec9fbefaa8dffa4305365e3b6e062e05252b5a5522e6d1313,TRUE,FALSE,2569076,2026-06-20 12:14:27.979183,,outro,outro,controle de versão,ativo
.git/lfs/objects/07/9b/079bc08981201564df18b00ed51e36cecafd5eccba181178a50409e0b57f6120,C:/Users/oorie/OneDrive/Documentos/TRABALHOS/DLNM/05_publicacao_github/.git/lfs/objects/07/9b/079bc08981201564df18b00ed51e36cecafd5eccba181178a50409e0b57f6120,TRUE,FALSE,6948,2026-06-22 08:54:03.710299,,outro,outro,controle de versão,ativo
.git/lfs/objects/08/0f/080f640c7f120a2252c5bc161501672440d7112fcdc4cd5fbb68daa72f92e320,C:/Users/oorie/OneDrive/Documentos/TRABALHOS/DLNM/05_publicacao_github/.git/lfs/objects/08/0f/080f640c7f120a2252c5bc161501672440d7112fcdc4cd5fbb68daa72f92e320,TRUE,FALSE,3035625,2026-06-20 12:14:28.820499,,outro,outro,controle de versão,ativo
.git/lfs/objects/09/1b/091b50813645fef98dfea7d6f2c040502a073c6fa84d2af41814c2028b63cf91,C:/Users/oorie/OneDrive/Documentos/TRABALHOS/DLNM/05_publicacao_github/.git/lfs/objects/09/1b/091b50813645fef98dfea7d6f2c040502a073c6fa84d2af41814c2028b63cf91,TRUE,FALSE,7925,2026-06-22 08:54:03.631439,,outro,outro,controle de versão,ativo
.git/lfs/objects/0a/13/0a1357692f589f575e022148a7920ba49f765a96a6280200c240a02ce81cca3a,C:/Users/oorie/OneDrive/Documentos/TRABALHOS/DLNM/05_publicacao_github/.git/lfs/objects/0a/13/0a1357692f589f575e022148a7920ba49f765a96a6280200c240a02ce81cca3a,TRUE,FALSE,7496,2026-06-22 08:54:03.654058,,outro,outro,controle de versão,ativo
.git/lfs/objects/0a/59/0a59c5a128f0cddc93088ced7e5ae90b3b3e9f91679b966a676f51995b10594a,C:/Users/oorie/OneDrive/Documentos/TRABALHOS/DLNM/05_publicacao_github/.git/lfs/objects/0a/59/0a59c5a128f0cddc93088ced7e5ae90b3b3e9f91679b966a676f51995b10594a,TRUE,FALSE,2427892,2026-06-20 12:14:25.206982,,outro,outro,controle de versão,ativo
.git/lfs/objects/0a/7f/0a7f89de57427f79b6f82943b2f7f2e932202d9253e34bf25629ed088d108ae7,C:/Users/oorie/OneDrive/Documentos/TRABALHOS/DLNM/05_publicacao_github/.git/lfs/objects/0a/7f/0a7f89de57427f79b6f82943b2f7f2e932202d9253e34bf25629ed088d108ae7,TRUE,FALSE,102772199,2026-06-20 11:50:15.576818,,outro,outro,controle de versão,ativo
.git/lfs/objects/0a/91/0a9130744fdf5d6eb21908338a5f9fd4defe2baecc7b784b5f471fb2c127fa35,C:/Users/oorie/OneDrive/Documentos/TRABALHOS/DLNM/05_publicacao_github/.git/lfs/objects/0a/91/0a9130744fdf5d6eb21908338a5f9fd4defe2baecc7b784b5f471fb2c127fa35,TRUE,FALSE,8295,2026-06-22 08:54:03.754442,,outro,outro,controle de versão,ativo
.git/lfs/objects/0a/e0/0ae08582f446a16f5e68a23df792659e9b18b53d1b7f91047deebcf5e6937440,C:/Users/oorie/OneDrive/Documentos/TRABALHOS/DLNM/05_publicacao_github/.git/lfs/objects/0a/e0/0ae08582f446a16f5e68a23df792659e9b18b53d1b7f91047deebcf5e6937440,TRUE,FALSE,7859,2026-06-22 08:54:03.842617,,outro,outro,controle de versão,ativo
.git/lfs/objects/0b/2d/0b2db07e819ebe356b32ba065316e8e9e6bd7489b2c624540ed22606a1a0c16c,C:/Users/oorie/OneDrive/Documentos/TRABALHOS/DLNM/05_publicacao_github/.git/lfs/objects/0b/2d/0b2db07e819ebe356b32ba065316e8e9e6bd7489b2c624540ed22606a1a0c16c,TRUE,FALSE,7115,2026-06-22 08:54:03.530895,,outro,outro,controle de versão,ativo
.git/lfs/objects/0b/5a/0b5aeebcbd7784892d28e394cf982f0b7e326e47952a55bb3e358c6a808e7fdc,C:/Users/oorie/OneDrive/Documentos/TRABALHOS/DLNM/05_publicacao_github/.git/lfs/objects/0b/5a/0b5aeebcbd7784892d28e394cf982f0b7e326e47952a55bb3e358c6a808e7fdc,TRUE,FALSE,582342,2026-06-22 08:54:02.984669,,outro,outro,controle de versão,ativo
.git/lfs/objects/0b/bd/0bbdf845605f85cb23927b073dd36cca4d1f1d8820d808aec1a5677aa477d9a3,C:/Users/oorie/OneDrive/Documentos/TRABALHOS/DLNM/05_publicacao_github/.git/lfs/objects/0b/bd/0bbdf845605f85cb23927b073dd36cca4d1f1d8820d808aec1a5677aa477d9a3,TRUE,FALSE,2782543,2026-06-20 12:14:28.027996,,outro,outro,controle de versão,ativo
.git/lfs/objects/0c/45/0c456d834cc271c2e3738132b7ed36a5d66bf773c08e081f82507359a3b922e4,C:/Users/oorie/OneDrive/Documentos/TRABALHOS/DLNM/05_publicacao_github/.git/lfs/objects/0c/45/0c456d834cc271c2e3738132b7ed36a5d66bf773c08e081f82507359a3b922e4,TRUE,FALSE,2175884,2026-06-20 12:14:25.143175,,outro,outro,controle de versão,ativo
.git/lfs/objects/0c/47/0c4782c15f36356793fb8f1b3674980e622fcd74eebb62ea7367c5ecbf0ab82f,C:/Users/oorie/OneDrive/Documentos/TRABALHOS/DLNM/05_publicacao_github/.git/lfs/objects/0c/47/0c4782c15f36356793fb8f1b3674980e622fcd74eebb62ea7367c5ecbf0ab82f,TRUE,FALSE,7048421,2026-06-20 12:14:30.565722,,outro,outro,controle de versão,ativo
.git/lfs/objects/0c/95/0c95a783a2fd39078f9464bdeee56df02d9f0ec45d6e940ffc54dc920cf67562,C:/Users/oorie/OneDrive/Documentos/TRABALHOS/DLNM/05_publicacao_github/.git/lfs/objects/0c/95/0c95a783a2fd39078f9464bdeee56df02d9f0ec45d6e940ffc54dc920cf67562,TRUE,FALSE,7994,2026-06-22 08:54:03.825472,,outro,outro,controle de versão,ativo
.git/lfs/objects/0c/a3/0ca3d8cffde15bbf197a68eb8523196481229548f735484da2903a1a0003f131,C:/Users/oorie/OneDrive/Documentos/TRABALHOS/DLNM/05_publicacao_github/.git/lfs/objects/0c/a3/0ca3d8cffde15bbf197a68eb8523196481229548f735484da2903a1a0003f131,TRUE,FALSE,7327,2026-06-22 08:54:03.645336,,outro,outro,controle de versão,ativo
.git/lfs/objects/0d/05/0d05a55d29c3ac4dfdbb42b4e78d2bfad926682d79b50e073435168715301e84,C:/Users/oorie/OneDrive/Documentos/TRABALHOS/DLNM/05_publicacao_github/.git/lfs/objects/0d/05/0d05a55d29c3ac4dfdbb42b4e78d2bfad926682d79b50e073435168715301e84,TRUE,FALSE,6568,2026-06-22 08:54:03.404888,,outro,outro,controle de versão,ativo
.git/lfs/objects/0d/29/0d29c6c5ec1cb63d2527989f4e9aae6aa6299a8807ba284c9b21245f352c0226,C:/Users/oorie/OneDrive/Documentos/TRABALHOS/DLNM/05_publicacao_github/.git/lfs/objects/0d/29/0d29c6c5ec1cb63d2527989f4e9aae6aa6299a8807ba284c9b21245f352c0226,TRUE,FALSE,8090,2026-06-22 08:54:03.805054,,outro,outro,controle de versão,ativo
.git/lfs/objects/0d/9e/0d9e15ba1a7d295ac21ef5f91ad4815bb144810f536ea620312debe164ab6f9a,C:/Users/oorie/OneDrive/Documentos/TRABALHOS/DLNM/05_publicacao_github/.git/lfs/objects/0d/9e/0d9e15ba1a7d295ac21ef5f91ad4815bb144810f536ea620312debe164ab6f9a,TRUE,FALSE,2435863,2026-06-20 12:14:25.752836,,outro,outro,controle de versão,ativo
.git/lfs/objects/0d/d3/0dd36463559b590e328b4bcb2d04352e6683dca4838298e7f92f0041a478a4fd,C:/Users/oorie/OneDrive/Documentos/TRABALHOS/DLNM/05_publicacao_github/.git/lfs/objects/0d/d3/0dd36463559b590e328b4bcb2d04352e6683dca4838298e7f92f0041a478a4fd,TRUE,FALSE,4995,2026-06-22 08:54:03.026571,,outro,outro,controle de versão,ativo
.git/lfs/objects/0e/ad/0ead0790bc86dbeb33318876279c732e6d591f89ca0acff2190e3452d3a28002,C:/Users/oorie/OneDrive/Documentos/TRABALHOS/DLNM/05_publicacao_github/.git/lfs/objects/0e/ad/0ead0790bc86dbeb33318876279c732e6d591f89ca0acff2190e3452d3a28002,TRUE,FALSE,3313537,2026-06-20 12:14:29.101423,,outro,outro,controle de versão,ativo
.git/lfs/objects/0f/62/0f620edffe32a9df55e2c0619f5f9d2fe9965ffe2fa03bfa48abac4a4a34c061,C:/Users/oorie/OneDrive/Documentos/TRABALHOS/DLNM/05_publicacao_github/.git/lfs/objects/0f/62/0f620edffe32a9df55e2c0619f5f9d2fe9965ffe2fa03bfa48abac4a4a34c061,TRUE,FALSE,109677898,2026-06-20 11:50:10.018982,,outro,outro,controle de versão,ativo
.git/lfs/objects/10/c1/10c11b2f4d29a53364a272f9e351192c7970a4c673b88fbd4d5fbaad31419008,C:/Users/oorie/OneDrive/Documentos/TRABALHOS/DLNM/05_publicacao_github/.git/lfs/objects/10/c1/10c11b2f4d29a53364a272f9e351192c7970a4c673b88fbd4d5fbaad31419008,TRUE,FALSE,2513259,2026-06-20 12:14:26.826706,,outro,outro,controle de versão,ativo
.git/lfs/objects/11/13/1113cbcc84028268614ccd931773144721353943617b1ce91821636e3ab3839e,C:/Users/oorie/OneDrive/Documentos/TRABALHOS/DLNM/05_publicacao_github/.git/lfs/objects/11/13/1113cbcc84028268614ccd931773144721353943617b1ce91821636e3ab3839e,TRUE,FALSE,8099,2026-06-22 08:54:03.789894,,outro,outro,controle de versão,ativo
.git/lfs/objects/11/43/114323457dd554b0b6cf80ff0324f39b310895ba3c0d152fa1dbdef18db096c6,C:/Users/oorie/OneDrive/Documentos/TRABALHOS/DLNM/05_publicacao_github/.git/lfs/objects/11/43/114323457dd554b0b6cf80ff0324f39b310895ba3c0d152fa1dbdef18db096c6,TRUE,FALSE,5215,2026-06-22 08:54:03.065145,,outro,outro,controle de versão,ativo
.git/lfs/objects/11/73/1173d34c86bd38891f67cfa5352dac4cf41f1ab0e0d14f7409bbd55a76465cbc,C:/Users/oorie/OneDrive/Documentos/TRABALHOS/DLNM/05_publicacao_github/.git/lfs/objects/11/73/1173d34c86bd38891f67cfa5352dac4cf41f1ab0e0d14f7409bbd55a76465cbc,TRUE,FALSE,7633,2026-06-22 08:54:03.636007,,outro,outro,controle de versão,ativo
.git/lfs/objects/12/f3/12f325811fc682e9959dcbfd158b8565feb02d17088d7cdf5b77cf8c5ec488a9,C:/Users/oorie/OneDrive/Documentos/TRABALHOS/DLNM/05_publicacao_github/.git/lfs/objects/12/f3/12f325811fc682e9959dcbfd158b8565feb02d17088d7cdf5b77cf8c5ec488a9,TRUE,FALSE,2415086,2026-06-20 12:14:25.430838,,outro,outro,controle de versão,ativo
.git/lfs/objects/13/67/1367aebd9f54e3efc1741cc3dcc112b46ddbba6e0ea263f4e990fe4e93b6a6c0,C:/Users/oorie/OneDrive/Documentos/TRABALHOS/DLNM/05_publicacao_github/.git/lfs/objects/13/67/1367aebd9f54e3efc1741cc3dcc112b46ddbba6e0ea263f4e990fe4e93b6a6c0,TRUE,FALSE,6262,2026-06-22 08:54:03.421751,,outro,outro,controle de versão,ativo
.git/lfs/objects/13/c6/13c6db7cde81d751108941b05c117cdd660126d734c7091f1a16f11cf246ac74,C:/Users/oorie/OneDrive/Documentos/TRABALHOS/DLNM/05_publicacao_github/.git/lfs/objects/13/c6/13c6db7cde81d751108941b05c117cdd660126d734c7091f1a16f11cf246ac74,TRUE,FALSE,8010,2026-06-22 08:54:03.838289,,outro,outro,controle de versão,ativo
.git/lfs/objects/14/84/14841289f6d45d7025896529c81ae783cb85f250e0eab523d868f806aa82b3e9,C:/Users/oorie/OneDrive/Documentos/TRABALHOS/DLNM/05_publicacao_github/.git/lfs/objects/14/84/14841289f6d45d7025896529c81ae783cb85f250e0eab523d868f806aa82b3e9,TRUE,FALSE,2303220,2026-06-20 12:14:25.369518,,outro,outro,controle de versão,ativo
.git/lfs/objects/14/98/14988d0b736ba969b48881589f602f3a6d7e97b95bd1de934456851fdac2cb89,C:/Users/oorie/OneDrive/Documentos/TRABALHOS/DLNM/05_publicacao_github/.git/lfs/objects/14/98/14988d0b736ba969b48881589f602f3a6d7e97b95bd1de934456851fdac2cb89,TRUE,FALSE,90898634,2026-06-20 11:50:16.306185,,outro,outro,controle de versão,ativo
.git/lfs/objects/15/10/151006b0407f7391e63d0656745e6d9aec9e5aa4b12db92c855bd1e86901982f,C:/Users/oorie/OneDrive/Documentos/TRABALHOS/DLNM/05_publicacao_github/.git/lfs/objects/15/10/151006b0407f7391e63d0656745e6d9aec9e5aa4b12db92c855bd1e86901982f,TRUE,FALSE,7683,2026-06-22 08:54:03.589756,,outro,outro,controle de versão,ativo
.git/lfs/objects/16/87/16870130d4c6cef78c2e6a79519977f211c1bb6882c3867dc4ca9ea74c40fa07,C:/Users/oorie/OneDrive/Documentos/TRABALHOS/DLNM/05_publicacao_github/.git/lfs/objects/16/87/16870130d4c6cef78c2e6a79519977f211c1bb6882c3867dc4ca9ea74c40fa07,TRUE,FALSE,7362,2026-06-22 08:54:03.810543,,outro,outro,controle de versão,ativo
.git/lfs/objects/16/88/16884146e682aeac92a672eb60bd15f00d2d599e464c23b59eae9b7195eae027,C:/Users/oorie/OneDrive/Documentos/TRABALHOS/DLNM/05_publicacao_github/.git/lfs/objects/16/88/16884146e682aeac92a672eb60bd15f00d2d599e464c23b59eae9b7195eae027,TRUE,FALSE,2318412,2026-06-20 12:14:25.307537,,outro,outro,controle de versão,ativo
.git/lfs/objects/18/ac/18acaeb2ad4c5b8e99e37322038e907e21139facfe29db42fbe43d7030598870,C:/Users/oorie/OneDrive/Documentos/TRABALHOS/DLNM/05_publicacao_github/.git/lfs/objects/18/ac/18acaeb2ad4c5b8e99e37322038e907e21139facfe29db42fbe43d7030598870,TRUE,FALSE,7700,2026-06-22 08:54:03.600637,,outro,outro,controle de versão,ativo
.git/lfs/objects/19/95/1995a7f138ee76e8b261d82da706226c8515faa9aef1e3f70fa4b28a4b5bace4,C:/Users/oorie/OneDrive/Documentos/TRABALHOS/DLNM/05_publicacao_github/.git/lfs/objects/19/95/1995a7f138ee76e8b261d82da706226c8515faa9aef1e3f70fa4b28a4b5bace4,TRUE,FALSE,4776,2026-06-22 08:54:03.012655,,outro,outro,controle de versão,ativo
.git/lfs/objects/1c/00/1c00bd62e80b8108137f2b678c330756511ab6543acadeb0cdbec3d9e66ce80b,C:/Users/oorie/OneDrive/Documentos/TRABALHOS/DLNM/05_publicacao_github/.git/lfs/objects/1c/00/1c00bd62e80b8108137f2b678c330756511ab6543acadeb0cdbec3d9e66ce80b,TRUE,FALSE,2480569,2026-06-20 12:14:25.068636,,outro,outro,controle de versão,ativo
.git/lfs/objects/1c/7a/1c7ad752a8b7a618ec23dacad3472e538d826d182c748a5582055bfa9b074e54,C:/Users/oorie/OneDrive/Documentos/TRABALHOS/DLNM/05_publicacao_github/.git/lfs/objects/1c/7a/1c7ad752a8b7a618ec23dacad3472e538d826d182c748a5582055bfa9b074e54,TRUE,FALSE,5431,2026-06-22 08:54:03.335472,,outro,outro,controle de versão,ativo
.git/lfs/objects/1d/bd/1dbd0ce5c5f5b92dabce404e556170bd81cc80046e2414a3ed82dd91aff284d9,C:/Users/oorie/OneDrive/Documentos/TRABALHOS/DLNM/05_publicacao_github/.git/lfs/objects/1d/bd/1dbd0ce5c5f5b92dabce404e556170bd81cc80046e2414a3ed82dd91aff284d9,TRUE,FALSE,2574484,2026-06-20 12:14:26.845146,,outro,outro,controle de versão,ativo
.git/lfs/objects/1d/ec/1dec2f8d9068a15811b4cca801d4bc00c304a346d85c23ad6148c0cdc597438b,C:/Users/oorie/OneDrive/Documentos/TRABALHOS/DLNM/05_publicacao_github/.git/lfs/objects/1d/ec/1dec2f8d9068a15811b4cca801d4bc00c304a346d85c23ad6148c0cdc597438b,TRUE,FALSE,2847178,2026-06-20 12:14:28.130905,,outro,outro,controle de versão,ativo
.git/lfs/objects/1e/0a/1e0a86abe56f7e8b6fc69e337f249f98dd5099e78d869fcb6fc1c4030e03d5e3,C:/Users/oorie/OneDrive/Documentos/TRABALHOS/DLNM/05_publicacao_github/.git/lfs/objects/1e/0a/1e0a86abe56f7e8b6fc69e337f249f98dd5099e78d869fcb6fc1c4030e03d5e3,TRUE,FALSE,7946,2026-06-22 08:54:03.612589,,outro,outro,controle de versão,ativo
.git/lfs/objects/20/22/2022016d967c3c6cb0dc4255191941baae3e779b0a17429dc5464655e5df6d62,C:/Users/oorie/OneDrive/Documentos/TRABALHOS/DLNM/05_publicacao_github/.git/lfs/objects/20/22/2022016d967c3c6cb0dc4255191941baae3e779b0a17429dc5464655e5df6d62,TRUE,FALSE,7524,2026-06-22 08:54:03.581722,,outro,outro,controle de versão,ativo
.git/lfs/objects/20/6c/206cc4fba1bbecfc48910b448f71cf80b249300965c90f6f5b9df792315580cc,C:/Users/oorie/OneDrive/Documentos/TRABALHOS/DLNM/05_publicacao_github/.git/lfs/objects/20/6c/206cc4fba1bbecfc48910b448f71cf80b249300965c90f6f5b9df792315580cc,TRUE,FALSE,4980,2026-06-22 08:54:03.217352,,outro,outro,controle de versão,ativo
.git/lfs/objects/20/76/2076d8d8ba753f6b28c8ba3d849dc15af29ec45444b05a3989262661bfc5b852,C:/Users/oorie/OneDrive/Documentos/TRABALHOS/DLNM/05_publicacao_github/.git/lfs/objects/20/76/2076d8d8ba753f6b28c8ba3d849dc15af29ec45444b05a3989262661bfc5b852,TRUE,FALSE,2881249,2026-06-20 12:14:28.462582,,outro,outro,controle de versão,ativo
.git/lfs/objects/20/f0/20f08a026456af0c8aa019d4174f777a594692f188c12a6f91169f98d4a91340,C:/Users/oorie/OneDrive/Documentos/TRABALHOS/DLNM/05_publicacao_github/.git/lfs/objects/20/f0/20f08a026456af0c8aa019d4174f777a594692f188c12a6f91169f98d4a91340,TRUE,FALSE,3548706,2026-06-20 12:14:30.169279,,outro,outro,controle de versão,ativo
.git/lfs/objects/21/c0/21c01b77aeb211a530c63b71711d0636273ddac012445bec373d9f60a966732e,C:/Users/oorie/OneDrive/Documentos/TRABALHOS/DLNM/05_publicacao_github/.git/lfs/objects/21/c0/21c01b77aeb211a530c63b71711d0636273ddac012445bec373d9f60a966732e,TRUE,FALSE,2747647,2026-06-20 12:14:28.064678,,outro,outro,controle de versão,ativo
.git/lfs/objects/21/c9/21c91259d0542e4ceadb1a3916e2ece43ed8c124e8d879b1ff81dbfa269c51b0,C:/Users/oorie/OneDrive/Documentos/TRABALHOS/DLNM/05_publicacao_github/.git/lfs/objects/21/c9/21c91259d0542e4ceadb1a3916e2ece43ed8c124e8d879b1ff81dbfa269c51b0,TRUE,FALSE,4765,2026-06-22 08:54:03.220694,,outro,outro,controle de versão,ativo
.git/lfs/objects/22/14/2214eb1f546cab5bca7ca439cc6d277cecdd80845f8664f9b57d6c38542a2fbc,C:/Users/oorie/OneDrive/Documentos/TRABALHOS/DLNM/05_publicacao_github/.git/lfs/objects/22/14/2214eb1f546cab5bca7ca439cc6d277cecdd80845f8664f9b57d6c38542a2fbc,TRUE,FALSE,4438,2026-06-22 08:54:03.154387,,outro,outro,controle de versão,ativo
.git/lfs/objects/22/4a/224a6fd02ac29ec44e3e12e6ddbf060d737b74d7a2618b1239436b9bcdca5d05,C:/Users/oorie/OneDrive/Documentos/TRABALHOS/DLNM/05_publicacao_github/.git/lfs/objects/22/4a/224a6fd02ac29ec44e3e12e6ddbf060d737b74d7a2618b1239436b9bcdca5d05,TRUE,FALSE,2805857,2026-06-20 12:14:28.765623,,outro,outro,controle de versão,ativo
.git/lfs/objects/23/04/230414f311c4688a4a8102e047737e8805fbc7c732755e11db143dd01cc5213c,C:/Users/oorie/OneDrive/Documentos/TRABALHOS/DLNM/05_publicacao_github/.git/lfs/objects/23/04/230414f311c4688a4a8102e047737e8805fbc7c732755e11db143dd01cc5213c,TRUE,FALSE,2483413,2026-06-20 12:14:27.512259,,outro,outro,controle de versão,ativo
.git/lfs/objects/23/1c/231c7ce4811cb6b86229814886292cf28bfa8230144b46bec1a415848de451f7,C:/Users/oorie/OneDrive/Documentos/TRABALHOS/DLNM/05_publicacao_github/.git/lfs/objects/23/1c/231c7ce4811cb6b86229814886292cf28bfa8230144b46bec1a415848de451f7,TRUE,FALSE,2058868,2026-06-20 12:14:25.605944,,outro,outro,controle de versão,ativo
.git/lfs/objects/23/ef/23ef4b7c9ebd1a1c75ac3a7f504309516de0a9acfd33ded6ac594584889fc668,C:/Users/oorie/OneDrive/Documentos/TRABALHOS/DLNM/05_publicacao_github/.git/lfs/objects/23/ef/23ef4b7c9ebd1a1c75ac3a7f504309516de0a9acfd33ded6ac594584889fc668,TRUE,FALSE,4926,2026-06-22 08:54:03.194866,,outro,outro,controle de versão,ativo
.git/lfs/objects/23/f4/23f43ca34be21ee25407126f2d2cbcef8222ca327fef0990e2b14b00008a4331,C:/Users/oorie/OneDrive/Documentos/TRABALHOS/DLNM/05_publicacao_github/.git/lfs/objects/23/f4/23f43ca34be21ee25407126f2d2cbcef8222ca327fef0990e2b14b00008a4331,TRUE,FALSE,8125,2026-06-22 08:54:03.743481,,outro,outro,controle de versão,ativo
.git/lfs/objects/24/9f/249f1decb25ae481bc84ee2de70b9ef6d96def85f73b2bdd8f7921adc1098030,C:/Users/oorie/OneDrive/Documentos/TRABALHOS/DLNM/05_publicacao_github/.git/lfs/objects/24/9f/249f1decb25ae481bc84ee2de70b9ef6d96def85f73b2bdd8f7921adc1098030,TRUE,FALSE,2172856,2026-06-20 12:14:25.014303,,outro,outro,controle de versão,ativo
.git/lfs/objects/24/ae/24aecd424d3911a238f9a564d257a9c039fca644fab4bba31db3b088ae0de468,C:/Users/oorie/OneDrive/Documentos/TRABALHOS/DLNM/05_publicacao_github/.git/lfs/objects/24/ae/24aecd424d3911a238f9a564d257a9c039fca644fab4bba31db3b088ae0de468,TRUE,FALSE,2653605,2026-06-20 12:14:26.975788,,outro,outro,controle de versão,ativo
.git/lfs/objects/24/d5/24d58ef68d1c6b396cd6c25f5b111db3b5a960f181deb70bfad85f0f891995c2,C:/Users/oorie/OneDrive/Documentos/TRABALHOS/DLNM/05_publicacao_github/.git/lfs/objects/24/d5/24d58ef68d1c6b396cd6c25f5b111db3b5a960f181deb70bfad85f0f891995c2,TRUE,FALSE,2453865,2026-06-20 12:14:26.863817,,outro,outro,controle de versão,ativo
.git/lfs/objects/25/63/25636a855fb14ca1172da80af0e2cd41417aabd2cedd89413d28fbd306e13273,C:/Users/oorie/OneDrive/Documentos/TRABALHOS/DLNM/05_publicacao_github/.git/lfs/objects/25/63/25636a855fb14ca1172da80af0e2cd41417aabd2cedd89413d28fbd306e13273,TRUE,FALSE,2914501,2026-06-20 12:14:28.696985,,outro,outro,controle de versão,ativo
.git/lfs/objects/26/12/261221bda02205d041320db6bbf93383f9bfd376b0a27077fb242409ec886e5d,C:/Users/oorie/OneDrive/Documentos/TRABALHOS/DLNM/05_publicacao_github/.git/lfs/objects/26/12/261221bda02205d041320db6bbf93383f9bfd376b0a27077fb242409ec886e5d,TRUE,FALSE,4934,2026-06-22 08:54:03.096109,,outro,outro,controle de versão,ativo
.git/lfs/objects/26/30/26308e517a375182051b31258c1b326a2330e513dddb7229cc16a2654f5428b9,C:/Users/oorie/OneDrive/Documentos/TRABALHOS/DLNM/05_publicacao_github/.git/lfs/objects/26/30/26308e517a375182051b31258c1b326a2330e513dddb7229cc16a2654f5428b9,TRUE,FALSE,5656,2026-06-22 08:54:03.35408,,outro,outro,controle de versão,ativo
.git/lfs/objects/26/69/2669017d330dc2bc6a3b6e42818a32b111cf705ac19a69ff8c8cd113157c45d6,C:/Users/oorie/OneDrive/Documentos/TRABALHOS/DLNM/05_publicacao_github/.git/lfs/objects/26/69/2669017d330dc2bc6a3b6e42818a32b111cf705ac19a69ff8c8cd113157c45d6,TRUE,FALSE,2611462,2026-06-20 12:14:27.214485,,outro,outro,controle de versão,ativo
.git/lfs/objects/26/83/268356d6d0e69c4f9148b429f995da579ad538b6b80e48d44422bbfef1df8ed9,C:/Users/oorie/OneDrive/Documentos/TRABALHOS/DLNM/05_publicacao_github/.git/lfs/objects/26/83/268356d6d0e69c4f9148b429f995da579ad538b6b80e48d44422bbfef1df8ed9,TRUE,FALSE,2122247,2026-06-20 12:14:25.398447,,outro,outro,controle de versão,ativo
.git/lfs/objects/26/a8/26a8810c5160798cb79ec069173500132536f8a9d7202b34596fa130b031fd15,C:/Users/oorie/OneDrive/Documentos/TRABALHOS/DLNM/05_publicacao_github/.git/lfs/objects/26/a8/26a8810c5160798cb79ec069173500132536f8a9d7202b34596fa130b031fd15,TRUE,FALSE,2577578,2026-06-20 12:14:26.165726,,outro,outro,controle de versão,ativo
.git/lfs/objects/26/bf/26bf195ba0e85f63dc0db4af13b54cc33341ade5c376af5ac6fb533746d65c71,C:/Users/oorie/OneDrive/Documentos/TRABALHOS/DLNM/05_publicacao_github/.git/lfs/objects/26/bf/26bf195ba0e85f63dc0db4af13b54cc33341ade5c376af5ac6fb533746d65c71,TRUE,FALSE,3363366,2026-06-20 12:14:29.733868,,outro,outro,controle de versão,ativo
.git/lfs/objects/28/56/2856ee29dac99e8e7c55124bca472157254986e4d4b828c541ef6a6f2572a8f4,C:/Users/oorie/OneDrive/Documentos/TRABALHOS/DLNM/05_publicacao_github/.git/lfs/objects/28/56/2856ee29dac99e8e7c55124bca472157254986e4d4b828c541ef6a6f2572a8f4,TRUE,FALSE,2181372,2026-06-20 12:14:25.098083,,outro,outro,controle de versão,ativo
.git/lfs/objects/28/b7/28b7ad9a233d6d21d2eb96f954aa841796e3e93ab5ce4b85d288df1863c90e3f,C:/Users/oorie/OneDrive/Documentos/TRABALHOS/DLNM/05_publicacao_github/.git/lfs/objects/28/b7/28b7ad9a233d6d21d2eb96f954aa841796e3e93ab5ce4b85d288df1863c90e3f,TRUE,FALSE,7483,2026-06-22 08:54:03.730097,,outro,outro,controle de versão,ativo
.git/lfs/objects/29/2d/292d997e0589486404827055f887327732f11d0bed9b5507952e6cad9bea286b,C:/Users/oorie/OneDrive/Documentos/TRABALHOS/DLNM/05_publicacao_github/.git/lfs/objects/29/2d/292d997e0589486404827055f887327732f11d0bed9b5507952e6cad9bea286b,TRUE,FALSE,90362801,2026-06-20 11:50:14.007116,,outro,outro,controle de versão,ativo
.git/lfs/objects/29/cb/29cb134478c6c7fc71f4bb1e9cd9cb31969fbb654ab0d63bbaedb35ac113e56d,C:/Users/oorie/OneDrive/Documentos/TRABALHOS/DLNM/05_publicacao_github/.git/lfs/objects/29/cb/29cb134478c6c7fc71f4bb1e9cd9cb31969fbb654ab0d63bbaedb35ac113e56d,TRUE,FALSE,1612838,2026-06-22 08:54:02.94589,,outro,outro,controle de versão,ativo
.git/lfs/objects/2a/15/2a15af7428f576715affdf499f9dab852bce39d4c110633172e3c96bd44b328a,C:/Users/oorie/OneDrive/Documentos/TRABALHOS/DLNM/05_publicacao_github/.git/lfs/objects/2a/15/2a15af7428f576715affdf499f9dab852bce39d4c110633172e3c96bd44b328a,TRUE,FALSE,2618669,2026-06-20 12:14:26.957952,,outro,outro,controle de versão,ativo
.git/lfs/objects/2b/42/2b4295dc771b0477e0e48d5edd3fa335235f56f47de5177af146a3a884d9038a,C:/Users/oorie/OneDrive/Documentos/TRABALHOS/DLNM/05_publicacao_github/.git/lfs/objects/2b/42/2b4295dc771b0477e0e48d5edd3fa335235f56f47de5177af146a3a884d9038a,TRUE,FALSE,9414315,2026-06-20 12:14:31.009644,,outro,outro,controle de versão,ativo
.git/lfs/objects/2b/d0/2bd0bc7085c20e5094b8f11ff230bbb34b9b67acaab535196b291555a1da446c,C:/Users/oorie/OneDrive/Documentos/TRABALHOS/DLNM/05_publicacao_github/.git/lfs/objects/2b/d0/2bd0bc7085c20e5094b8f11ff230bbb34b9b67acaab535196b291555a1da446c,TRUE,FALSE,7476,2026-06-22 08:54:03.694214,,outro,outro,controle de versão,ativo
.git/lfs/objects/2c/30/2c301454dd3ffb016b08d750a30badd4e720b8477f23aedaeda4ca25b4d3e237,C:/Users/oorie/OneDrive/Documentos/TRABALHOS/DLNM/05_publicacao_github/.git/lfs/objects/2c/30/2c301454dd3ffb016b08d750a30badd4e720b8477f23aedaeda4ca25b4d3e237,TRUE,FALSE,2568469,2026-06-20 12:14:26.256378,,outro,outro,controle de versão,ativo
.git/lfs/objects/2c/53/2c53ed9241b2c3f947629fa026f54767c7d77db064b6b4365c2611c30f266198,C:/Users/oorie/OneDrive/Documentos/TRABALHOS/DLNM/05_publicacao_github/.git/lfs/objects/2c/53/2c53ed9241b2c3f947629fa026f54767c7d77db064b6b4365c2611c30f266198,TRUE,FALSE,5078,2026-06-22 08:54:03.139391,,outro,outro,controle de versão,ativo
.git/lfs/objects/2d/03/2d03443dd9126d99a204377f384ba32e7921f0e68d0fcb40503d3eeb90b05b59,C:/Users/oorie/OneDrive/Documentos/TRABALHOS/DLNM/05_publicacao_github/.git/lfs/objects/2d/03/2d03443dd9126d99a204377f384ba32e7921f0e68d0fcb40503d3eeb90b05b59,TRUE,FALSE,7157,2026-06-22 08:54:03.562166,,outro,outro,controle de versão,ativo
.git/lfs/objects/2d/76/2d76143061377a0182563d4ad8a2c94ffc1e03e040c70b4447e385603316363c,C:/Users/oorie/OneDrive/Documentos/TRABALHOS/DLNM/05_publicacao_github/.git/lfs/objects/2d/76/2d76143061377a0182563d4ad8a2c94ffc1e03e040c70b4447e385603316363c,TRUE,FALSE,5403,2026-06-22 08:54:03.08313,,outro,outro,controle de versão,ativo
.git/lfs/objects/2f/e7/2fe7f913e2cbb66416ea8bebb04b540b320796462c123cec9df4bb50fdba9438,C:/Users/oorie/OneDrive/Documentos/TRABALHOS/DLNM/05_publicacao_github/.git/lfs/objects/2f/e7/2fe7f913e2cbb66416ea8bebb04b540b320796462c123cec9df4bb50fdba9438,TRUE,FALSE,2219810,2026-06-20 12:14:25.890207,,outro,outro,controle de versão,ativo
.git/lfs/objects/31/03/3103fa4c9e7049ad5649c270eb2fa0759e6f19e2a1dff0275c23cf19b46f8d68,C:/Users/oorie/OneDrive/Documentos/TRABALHOS/DLNM/05_publicacao_github/.git/lfs/objects/31/03/3103fa4c9e7049ad5649c270eb2fa0759e6f19e2a1dff0275c23cf19b46f8d68,TRUE,FALSE,7091,2026-06-22 08:54:03.540285,,outro,outro,controle de versão,ativo
.git/lfs/objects/31/3b/313bbbabcfa13541b48f0974705fa9347e6426c419568c3f49d264db6c217d71,C:/Users/oorie/OneDrive/Documentos/TRABALHOS/DLNM/05_publicacao_github/.git/lfs/objects/31/3b/313bbbabcfa13541b48f0974705fa9347e6426c419568c3f49d264db6c217d71,TRUE,FALSE,6165,2026-06-22 08:54:03.397274,,outro,outro,controle de versão,ativo
.git/lfs/objects/31/3d/313d4ce465a0b85c347f0ce6fec01609d119e7c9a7802d342658ca8cd2620a53,C:/Users/oorie/OneDrive/Documentos/TRABALHOS/DLNM/05_publicacao_github/.git/lfs/objects/31/3d/313d4ce465a0b85c347f0ce6fec01609d119e7c9a7802d342658ca8cd2620a53,TRUE,FALSE,7676,2026-06-22 08:54:03.820494,,outro,outro,controle de versão,ativo
.git/lfs/objects/31/d8/31d8346725ff0448ab1e6b87954f4e58948697c661857bd46db29e2af77cea81,C:/Users/oorie/OneDrive/Documentos/TRABALHOS/DLNM/05_publicacao_github/.git/lfs/objects/31/d8/31d8346725ff0448ab1e6b87954f4e58948697c661857bd46db29e2af77cea81,TRUE,FALSE,5444,2026-06-22 08:54:03.055182,,outro,outro,controle de versão,ativo
.git/lfs/objects/32/5b/325b576550c9aba7844d35d9911be4139cc94818863eb8fe3aae079b93609113,C:/Users/oorie/OneDrive/Documentos/TRABALHOS/DLNM/05_publicacao_github/.git/lfs/objects/32/5b/325b576550c9aba7844d35d9911be4139cc94818863eb8fe3aae079b93609113,TRUE,FALSE,4817,2026-06-22 08:54:03.032372,,outro,outro,controle de versão,ativo
.git/lfs/objects/34/78/34786ffa40d7e62bff97d8842eb32426e0f5e8072a109339cca2871bf5b4086c,C:/Users/oorie/OneDrive/Documentos/TRABALHOS/DLNM/05_publicacao_github/.git/lfs/objects/34/78/34786ffa40d7e62bff97d8842eb32426e0f5e8072a109339cca2871bf5b4086c,TRUE,FALSE,7380,2026-06-22 08:54:03.720753,,outro,outro,controle de versão,ativo
.git/lfs/objects/34/b3/34b3095e1ea646c596b870cea6239c4dc1abcb3fc3408297fd83ee02a4327854,C:/Users/oorie/OneDrive/Documentos/TRABALHOS/DLNM/05_publicacao_github/.git/lfs/objects/34/b3/34b3095e1ea646c596b870cea6239c4dc1abcb3fc3408297fd83ee02a4327854,TRUE,FALSE,1232660,2026-06-22 08:54:02.969786,,outro,outro,controle de versão,ativo
.git/lfs/objects/35/20/3520e6cf63e7f1aeb763f98120cbab96ac565af25522f90ba0ff345b6fe639c5,C:/Users/oorie/OneDrive/Documentos/TRABALHOS/DLNM/05_publicacao_github/.git/lfs/objects/35/20/3520e6cf63e7f1aeb763f98120cbab96ac565af25522f90ba0ff345b6fe639c5,TRUE,FALSE,2290953,2026-06-20 12:14:25.845303,,outro,outro,controle de versão,ativo
.git/lfs/objects/35/27/3527e3bfd0ced270f232b5e18bf41a5664f38e51f869fec767547eeeb608d230,C:/Users/oorie/OneDrive/Documentos/TRABALHOS/DLNM/05_publicacao_github/.git/lfs/objects/35/27/3527e3bfd0ced270f232b5e18bf41a5664f38e51f869fec767547eeeb608d230,TRUE,FALSE,6847,2026-06-22 08:54:03.503286,,outro,outro,controle de versão,ativo
.git/lfs/objects/35/5e/355e091140969731033a28d76314b6fc39e49fc5e06d91ee636d6dc92a3bfe8e,C:/Users/oorie/OneDrive/Documentos/TRABALHOS/DLNM/05_publicacao_github/.git/lfs/objects/35/5e/355e091140969731033a28d76314b6fc39e49fc5e06d91ee636d6dc92a3bfe8e,TRUE,FALSE,2361949,2026-06-20 12:14:26.332705,,outro,outro,controle de versão,ativo
.git/lfs/objects/35/65/3565a9081ad62defdbad76ad5f0fe99f823c288e05475334fbd809f08a26ec41,C:/Users/oorie/OneDrive/Documentos/TRABALHOS/DLNM/05_publicacao_github/.git/lfs/objects/35/65/3565a9081ad62defdbad76ad5f0fe99f823c288e05475334fbd809f08a26ec41,TRUE,FALSE,7575,2026-06-22 08:54:03.849823,,outro,outro,controle de versão,ativo
.git/lfs/objects/35/a4/35a44e617424021f6eaa2b966c57dc6b5e5fa188696a67add9a4eaa9ecfa9469,C:/Users/oorie/OneDrive/Documentos/TRABALHOS/DLNM/05_publicacao_github/.git/lfs/objects/35/a4/35a44e617424021f6eaa2b966c57dc6b5e5fa188696a67add9a4eaa9ecfa9469,TRUE,FALSE,6371,2026-06-22 08:54:03.371912,,outro,outro,controle de versão,ativo
.git/lfs/objects/36/0e/360e53e612cf30473371d76b520585f8cd34e61d0d2185e3afe1206ce949433b,C:/Users/oorie/OneDrive/Documentos/TRABALHOS/DLNM/05_publicacao_github/.git/lfs/objects/36/0e/360e53e612cf30473371d76b520585f8cd34e61d0d2185e3afe1206ce949433b,TRUE,FALSE,80571564,2026-06-20 11:50:13.107803,,outro,outro,controle de versão,ativo
.git/lfs/objects/37/3f/373f7fda650b5768cabd9c60f82da5c318a4bf525a4e33f66b49f15b29bd049b,C:/Users/oorie/OneDrive/Documentos/TRABALHOS/DLNM/05_publicacao_github/.git/lfs/objects/37/3f/373f7fda650b5768cabd9c60f82da5c318a4bf525a4e33f66b49f15b29bd049b,TRUE,FALSE,4851,2026-06-22 08:54:03.14266,,outro,outro,controle de versão,ativo
.git/lfs/objects/37/da/37da23904ad4cc7f5d344668aab7deed71699c9d29984f10c954941b9e9c6a63,C:/Users/oorie/OneDrive/Documentos/TRABALHOS/DLNM/05_publicacao_github/.git/lfs/objects/37/da/37da23904ad4cc7f5d344668aab7deed71699c9d29984f10c954941b9e9c6a63,TRUE,FALSE,2256499,2026-06-20 12:14:25.660709,,outro,outro,controle de versão,ativo
.git/lfs/objects/38/30/383055c19d3baf6ccc0eafcb0fcdf0289abfb857cf3b81e58a7b7b163652a2c9,C:/Users/oorie/OneDrive/Documentos/TRABALHOS/DLNM/05_publicacao_github/.git/lfs/objects/38/30/383055c19d3baf6ccc0eafcb0fcdf0289abfb857cf3b81e58a7b7b163652a2c9,TRUE,FALSE,4819,2026-06-22 08:54:03.050886,,outro,outro,controle de versão,ativo
.git/lfs/objects/38/cd/38cdc3f57ba96175f84ec39ab47addaad8feec398bd9f474cc263d7f73d7b98d,C:/Users/oorie/OneDrive/Documentos/TRABALHOS/DLNM/05_publicacao_github/.git/lfs/objects/38/cd/38cdc3f57ba96175f84ec39ab47addaad8feec398bd9f474cc263d7f73d7b98d,TRUE,FALSE,5196,2026-06-22 08:54:03.27607,,outro,outro,controle de versão,ativo
.git/lfs/objects/3a/34/3a347d86e7c274b67091386bb5fef35552d58376a57dc331000cb9d09763a378,C:/Users/oorie/OneDrive/Documentos/TRABALHOS/DLNM/05_publicacao_github/.git/lfs/objects/3a/34/3a347d86e7c274b67091386bb5fef35552d58376a57dc331000cb9d09763a378,TRUE,FALSE,6512,2026-06-22 08:54:03.450518,,outro,outro,controle de versão,ativo
.git/lfs/objects/3a/47/3a471d152aa7672cbecc90e2e1fbc017d942dcf460756d0d8412f8e2d4d36ee5,C:/Users/oorie/OneDrive/Documentos/TRABALHOS/DLNM/05_publicacao_github/.git/lfs/objects/3a/47/3a471d152aa7672cbecc90e2e1fbc017d942dcf460756d0d8412f8e2d4d36ee5,TRUE,FALSE,2496911,2026-06-20 12:14:27.669661,,outro,outro,controle de versão,ativo
.git/lfs/objects/3a/75/3a755b3acd72e8c35c2da9b29ad35d30922453fab6b078ecb72d3ed8c86672f1,C:/Users/oorie/OneDrive/Documentos/TRABALHOS/DLNM/05_publicacao_github/.git/lfs/objects/3a/75/3a755b3acd72e8c35c2da9b29ad35d30922453fab6b078ecb72d3ed8c86672f1,TRUE,FALSE,6884,2026-06-22 08:54:03.429487,,outro,outro,controle de versão,ativo
.git/lfs/objects/3a/83/3a83345f5e027ce8ebe5481711c0734453c7d6634f953dfe42fa0b61a960df49,C:/Users/oorie/OneDrive/Documentos/TRABALHOS/DLNM/05_publicacao_github/.git/lfs/objects/3a/83/3a83345f5e027ce8ebe5481711c0734453c7d6634f953dfe42fa0b61a960df49,TRUE,FALSE,3018453,2026-06-20 12:14:29.442375,,outro,outro,controle de versão,ativo
.git/lfs/objects/3a/ba/3aba813b9cfc93ad6a19a58a29ff902c4f72d2ef8db20322feaf54f3a797f101,C:/Users/oorie/OneDrive/Documentos/TRABALHOS/DLNM/05_publicacao_github/.git/lfs/objects/3a/ba/3aba813b9cfc93ad6a19a58a29ff902c4f72d2ef8db20322feaf54f3a797f101,TRUE,FALSE,7001674,2026-06-20 12:14:30.825592,,outro,outro,controle de versão,ativo
.git/lfs/objects/3a/fd/3afdadb8ce5fccb79fb3dcd96b3ac0fc79a66b8d3ac708e4b7df71096a8e5f54,C:/Users/oorie/OneDrive/Documentos/TRABALHOS/DLNM/05_publicacao_github/.git/lfs/objects/3a/fd/3afdadb8ce5fccb79fb3dcd96b3ac0fc79a66b8d3ac708e4b7df71096a8e5f54,TRUE,FALSE,4723,2026-06-22 08:54:03.306068,,outro,outro,controle de versão,ativo
.git/lfs/objects/3b/96/3b96efc6a3aff5d920a88e092e31778ea6125638348f12cad43a06355248ce62,C:/Users/oorie/OneDrive/Documentos/TRABALHOS/DLNM/05_publicacao_github/.git/lfs/objects/3b/96/3b96efc6a3aff5d920a88e092e31778ea6125638348f12cad43a06355248ce62,TRUE,FALSE,2704904,2026-06-20 12:14:28.273417,,outro,outro,controle de versão,ativo
.git/lfs/objects/3d/20/3d200437f80964416538bf150596902b463f0c491ea8a99893a0368331f99ddd,C:/Users/oorie/OneDrive/Documentos/TRABALHOS/DLNM/05_publicacao_github/.git/lfs/objects/3d/20/3d200437f80964416538bf150596902b463f0c491ea8a99893a0368331f99ddd,TRUE,FALSE,2385989,2026-06-20 12:14:26.110769,,outro,outro,controle de versão,ativo
.git/lfs/objects/3e/ac/3eac2381f424ce5a4df6b4dccf06019da788ce896cb8bfa632f32733b083e3ab,C:/Users/oorie/OneDrive/Documentos/TRABALHOS/DLNM/05_publicacao_github/.git/lfs/objects/3e/ac/3eac2381f424ce5a4df6b4dccf06019da788ce896cb8bfa632f32733b083e3ab,TRUE,FALSE,2907270,2026-06-20 12:14:27.312262,,outro,outro,controle de versão,ativo
.git/lfs/objects/3f/23/3f235a28e4cd19639b41d0ad9842629f8749bf4e0b611ad78a40158f679d6025,C:/Users/oorie/OneDrive/Documentos/TRABALHOS/DLNM/05_publicacao_github/.git/lfs/objects/3f/23/3f235a28e4cd19639b41d0ad9842629f8749bf4e0b611ad78a40158f679d6025,TRUE,FALSE,5156,2026-06-22 08:54:03.156977,,outro,outro,controle de versão,ativo
.git/lfs/objects/3f/64/3f64d74e29e0c18f9f57cf3e851179a8579bf1ac901c633aadb3d4d55d0f2c1e,C:/Users/oorie/OneDrive/Documentos/TRABALHOS/DLNM/05_publicacao_github/.git/lfs/objects/3f/64/3f64d74e29e0c18f9f57cf3e851179a8579bf1ac901c633aadb3d4d55d0f2c1e,TRUE,FALSE,4834,2026-06-22 08:54:03.02313,,outro,outro,controle de versão,ativo
.git/lfs/objects/3f/9f/3f9fde6427bf2491b9198314b452391d9ae4a53f4d125af01998d0f8b352ee49,C:/Users/oorie/OneDrive/Documentos/TRABALHOS/DLNM/05_publicacao_github/.git/lfs/objects/3f/9f/3f9fde6427bf2491b9198314b452391d9ae4a53f4d125af01998d0f8b352ee49,TRUE,FALSE,6747,2026-06-22 08:54:03.657951,,outro,outro,controle de versão,ativo
.git/lfs/objects/40/06/4006683d3f67a00a4548e7e912613ec9ec39997009882493bdbae34d081aa526,C:/Users/oorie/OneDrive/Documentos/TRABALHOS/DLNM/05_publicacao_github/.git/lfs/objects/40/06/4006683d3f67a00a4548e7e912613ec9ec39997009882493bdbae34d081aa526,TRUE,FALSE,5499937,2026-06-20 12:14:30.514074,,outro,outro,controle de versão,ativo
.git/lfs/objects/40/10/4010071e8b6b4a73923b32e5aa704bca0405e07e48f193db234211a6f68aaefa,C:/Users/oorie/OneDrive/Documentos/TRABALHOS/DLNM/05_publicacao_github/.git/lfs/objects/40/10/4010071e8b6b4a73923b32e5aa704bca0405e07e48f193db234211a6f68aaefa,TRUE,FALSE,2416164,2026-06-20 12:14:26.312815,,outro,outro,controle de versão,ativo
.git/lfs/objects/40/99/4099e4ca7438903903467da0f45cbd06d8c2bfed8b171baac3a87932000e756e,C:/Users/oorie/OneDrive/Documentos/TRABALHOS/DLNM/05_publicacao_github/.git/lfs/objects/40/99/4099e4ca7438903903467da0f45cbd06d8c2bfed8b171baac3a87932000e756e,TRUE,FALSE,2532232,2026-06-20 12:14:26.058813,,outro,outro,controle de versão,ativo
.git/lfs/objects/41/e2/41e286df1aa23455ab52828eb7877bbe456628b4a63e8c9b2ecac15f78deb64d,C:/Users/oorie/OneDrive/Documentos/TRABALHOS/DLNM/05_publicacao_github/.git/lfs/objects/41/e2/41e286df1aa23455ab52828eb7877bbe456628b4a63e8c9b2ecac15f78deb64d,TRUE,FALSE,7863,2026-06-22 08:54:03.774303,,outro,outro,controle de versão,ativo
.git/lfs/objects/42/0a/420a488a5d3b63bbbd2e28580747e62e529db63223cbc39e25dcf19490c9c57d,C:/Users/oorie/OneDrive/Documentos/TRABALHOS/DLNM/05_publicacao_github/.git/lfs/objects/42/0a/420a488a5d3b63bbbd2e28580747e62e529db63223cbc39e25dcf19490c9c57d,TRUE,FALSE,92552099,2026-06-20 11:50:06.482605,,outro,outro,controle de versão,ativo
.git/lfs/objects/42/3e/423e7ae336ed2379718caf4c42cbed66efe2d34f892e925eb19572a0cd9a930e,C:/Users/oorie/OneDrive/Documentos/TRABALHOS/DLNM/05_publicacao_github/.git/lfs/objects/42/3e/423e7ae336ed2379718caf4c42cbed66efe2d34f892e925eb19572a0cd9a930e,TRUE,FALSE,3109960,2026-06-20 12:14:28.544724,,outro,outro,controle de versão,ativo
.git/lfs/objects/42/7b/427bd651b4c31a1a67fc46638b44bda18951f3e60b2eeb57f080ebe831643387,C:/Users/oorie/OneDrive/Documentos/TRABALHOS/DLNM/05_publicacao_github/.git/lfs/objects/42/7b/427bd651b4c31a1a67fc46638b44bda18951f3e60b2eeb57f080ebe831643387,TRUE,FALSE,5079,2026-06-22 08:54:03.036444,,outro,outro,controle de versão,ativo
.git/lfs/objects/42/cc/42ccf1aa544afbb890f12200b81077bac03d1a3fb2eec9402c13fb521c879994,C:/Users/oorie/OneDrive/Documentos/TRABALHOS/DLNM/05_publicacao_github/.git/lfs/objects/42/cc/42ccf1aa544afbb890f12200b81077bac03d1a3fb2eec9402c13fb521c879994,TRUE,FALSE,2993960,2026-06-20 12:14:28.419346,,outro,outro,controle de versão,ativo
.git/lfs/objects/44/d7/44d7c7f93b709912c80bd5ababa42c440c86f44294c44e884e0b23c41f08d053,C:/Users/oorie/OneDrive/Documentos/TRABALHOS/DLNM/05_publicacao_github/.git/lfs/objects/44/d7/44d7c7f93b709912c80bd5ababa42c440c86f44294c44e884e0b23c41f08d053,TRUE,FALSE,3065402,2026-06-20 12:14:29.855434,,outro,outro,controle de versão,ativo
.git/lfs/objects/45/1c/451cca35a486412fc0bcad0ec56941bbfd4727578ec652faa0de24071ee6751e,C:/Users/oorie/OneDrive/Documentos/TRABALHOS/DLNM/05_publicacao_github/.git/lfs/objects/45/1c/451cca35a486412fc0bcad0ec56941bbfd4727578ec652faa0de24071ee6751e,TRUE,FALSE,8248,2026-06-22 08:54:03.801184,,outro,outro,controle de versão,ativo
.git/lfs/objects/45/e7/45e7baa278e73bd869a8eb6394ea92ae247b2248d49d0d28404581c34f7f6b2d,C:/Users/oorie/OneDrive/Documentos/TRABALHOS/DLNM/05_publicacao_github/.git/lfs/objects/45/e7/45e7baa278e73bd869a8eb6394ea92ae247b2248d49d0d28404581c34f7f6b2d,TRUE,FALSE,2556011,2026-06-20 12:14:26.20442,,outro,outro,controle de versão,ativo
.git/lfs/objects/46/c6/46c694cb7c6cc1836ba7230a75325289a2b71ecff5e89257c068a4dc7be2f5fa,C:/Users/oorie/OneDrive/Documentos/TRABALHOS/DLNM/05_publicacao_github/.git/lfs/objects/46/c6/46c694cb7c6cc1836ba7230a75325289a2b71ecff5e89257c068a4dc7be2f5fa,TRUE,FALSE,2310670,2026-06-20 12:14:25.178741,,outro,outro,controle de versão,ativo
.git/lfs/objects/47/41/4741af1f4d94585be9317471cf60208b27cd3299887927ddec27c3f01514cd9a,C:/Users/oorie/OneDrive/Documentos/TRABALHOS/DLNM/05_publicacao_github/.git/lfs/objects/47/41/4741af1f4d94585be9317471cf60208b27cd3299887927ddec27c3f01514cd9a,TRUE,FALSE,5115,2026-06-22 08:54:03.172581,,outro,outro,controle de versão,ativo
.git/lfs/objects/49/2c/492ce66a43466c819bc09d3e99c0254b86ec5d5e3a83099c0a4baa9922370c4d,C:/Users/oorie/OneDrive/Documentos/TRABALHOS/DLNM/05_publicacao_github/.git/lfs/objects/49/2c/492ce66a43466c819bc09d3e99c0254b86ec5d5e3a83099c0a4baa9922370c4d,TRUE,FALSE,2544579,2026-06-20 12:14:27.177088,,outro,outro,controle de versão,ativo
.git/lfs/objects/49/e9/49e9fd6fc02f9e47d859a63857f73e0e6c8a800e7e39ea2299fa4594c7df4dcc,C:/Users/oorie/OneDrive/Documentos/TRABALHOS/DLNM/05_publicacao_github/.git/lfs/objects/49/e9/49e9fd6fc02f9e47d859a63857f73e0e6c8a800e7e39ea2299fa4594c7df4dcc,TRUE,FALSE,2258612,2026-06-20 12:14:25.861988,,outro,outro,controle de versão,ativo
.git/lfs/objects/4a/7e/4a7ee9c4a4250f9557db55422eebfe213ab7b4510fa01595db7c1cc78267f219,C:/Users/oorie/OneDrive/Documentos/TRABALHOS/DLNM/05_publicacao_github/.git/lfs/objects/4a/7e/4a7ee9c4a4250f9557db55422eebfe213ab7b4510fa01595db7c1cc78267f219,TRUE,FALSE,2704785,2026-06-20 12:14:28.246418,,outro,outro,controle de versão,ativo
.git/lfs/objects/4c/06/4c06e029b7e1210b958c3b1072b17c876ca3e1f22983d4b16091f4b4fb4f9b04,C:/Users/oorie/OneDrive/Documentos/TRABALHOS/DLNM/05_publicacao_github/.git/lfs/objects/4c/06/4c06e029b7e1210b958c3b1072b17c876ca3e1f22983d4b16091f4b4fb4f9b04,TRUE,FALSE,7620,2026-06-22 08:54:03.670149,,outro,outro,controle de versão,ativo
.git/lfs/objects/4c/86/4c86b5456701f4729ce9009f4c6956fd49377f52a5f3eb7b8d5cbb7911a4c8ff,C:/Users/oorie/OneDrive/Documentos/TRABALHOS/DLNM/05_publicacao_github/.git/lfs/objects/4c/86/4c86b5456701f4729ce9009f4c6956fd49377f52a5f3eb7b8d5cbb7911a4c8ff,TRUE,FALSE,6614,2026-06-22 08:54:03.440559,,outro,outro,controle de versão,ativo
.git/lfs/objects/4c/eb/4ceb4aec08d6df44308de200754ed312ea673d30cd6e77a920673395a71c9d4c,C:/Users/oorie/OneDrive/Documentos/TRABALHOS/DLNM/05_publicacao_github/.git/lfs/objects/4c/eb/4ceb4aec08d6df44308de200754ed312ea673d30cd6e77a920673395a71c9d4c,TRUE,FALSE,4899,2026-06-22 08:54:03.117384,,outro,outro,controle de versão,ativo
.git/lfs/objects/4d/21/4d217106b0e31a3cade7859f5b1356b0092f4cff353738fe4f5745fcc944984e,C:/Users/oorie/OneDrive/Documentos/TRABALHOS/DLNM/05_publicacao_github/.git/lfs/objects/4d/21/4d217106b0e31a3cade7859f5b1356b0092f4cff353738fe4f5745fcc944984e,TRUE,FALSE,7577,2026-06-22 08:54:03.663223,,outro,outro,controle de versão,ativo
.git/lfs/objects/4d/72/4d72dd13056068fcb627b07ffbbfb2ee22e121908703e32b5abba55dcf5611e9,C:/Users/oorie/OneDrive/Documentos/TRABALHOS/DLNM/05_publicacao_github/.git/lfs/objects/4d/72/4d72dd13056068fcb627b07ffbbfb2ee22e121908703e32b5abba55dcf5611e9,TRUE,FALSE,2971774,2026-06-20 12:14:28.594286,,outro,outro,controle de versão,ativo
.git/lfs/objects/4d/88/4d88d249a4bc0d13e78d7846bdcb5f7b2c84244fda3937240e26482605256a91,C:/Users/oorie/OneDrive/Documentos/TRABALHOS/DLNM/05_publicacao_github/.git/lfs/objects/4d/88/4d88d249a4bc0d13e78d7846bdcb5f7b2c84244fda3937240e26482605256a91,TRUE,FALSE,2507144,2026-06-20 12:14:26.74262,,outro,outro,controle de versão,ativo
.git/lfs/objects/4f/22/4f2242af1692dd696803ee711627ea7d5b7bf120405d9677c86b3a9644e4254e,C:/Users/oorie/OneDrive/Documentos/TRABALHOS/DLNM/05_publicacao_github/.git/lfs/objects/4f/22/4f2242af1692dd696803ee711627ea7d5b7bf120405d9677c86b3a9644e4254e,TRUE,FALSE,2726921,2026-06-20 12:14:27.48811,,outro,outro,controle de versão,ativo
.git/lfs/objects/50/96/50960748ef8b7e28320db3818b4cb8ee2f8366a08216f6969568cc2bc37291ec,C:/Users/oorie/OneDrive/Documentos/TRABALHOS/DLNM/05_publicacao_github/.git/lfs/objects/50/96/50960748ef8b7e28320db3818b4cb8ee2f8366a08216f6969568cc2bc37291ec,TRUE,FALSE,3434665,2026-06-20 12:14:30.047506,,outro,outro,controle de versão,ativo
.git/lfs/objects/50/bd/50bd10e02eb245e27c085b3c361cbb7daa48f45a78643b8edb466e466b2c145e,C:/Users/oorie/OneDrive/Documentos/TRABALHOS/DLNM/05_publicacao_github/.git/lfs/objects/50/bd/50bd10e02eb245e27c085b3c361cbb7daa48f45a78643b8edb466e466b2c145e,TRUE,FALSE,3369128,2026-06-20 12:14:28.989256,,outro,outro,controle de versão,ativo
.git/lfs/objects/50/f2/50f2b49cf9472bf6e16c466e281c4f25e154d529646b5bd707a5b9f5d9995b37,C:/Users/oorie/OneDrive/Documentos/TRABALHOS/DLNM/05_publicacao_github/.git/lfs/objects/50/f2/50f2b49cf9472bf6e16c466e281c4f25e154d529646b5bd707a5b9f5d9995b37,TRUE,FALSE,2377887,2026-06-20 12:14:26.465153,,outro,outro,controle de versão,ativo
.git/lfs/objects/51/10/5110948be2e12c43813ea3a814a0cb485f6d43a9304269391bace03e8e753165,C:/Users/oorie/OneDrive/Documentos/TRABALHOS/DLNM/05_publicacao_github/.git/lfs/objects/51/10/5110948be2e12c43813ea3a814a0cb485f6d43a9304269391bace03e8e753165,TRUE,FALSE,6201,2026-06-22 08:54:03.418446,,outro,outro,controle de versão,ativo
.git/lfs/objects/51/37/51374c4bc27fd666f8dde96df1c0589ca47f037a1cdb29699b0d4f8001520e86,C:/Users/oorie/OneDrive/Documentos/TRABALHOS/DLNM/05_publicacao_github/.git/lfs/objects/51/37/51374c4bc27fd666f8dde96df1c0589ca47f037a1cdb29699b0d4f8001520e86,TRUE,FALSE,3381456,2026-06-20 12:14:28.95631,,outro,outro,controle de versão,ativo
.git/lfs/objects/51/66/5166f0fa779a47cb1de1c85f55ea1a4ef7652a0b5673d256fd817e6fe3383a82,C:/Users/oorie/OneDrive/Documentos/TRABALHOS/DLNM/05_publicacao_github/.git/lfs/objects/51/66/5166f0fa779a47cb1de1c85f55ea1a4ef7652a0b5673d256fd817e6fe3383a82,TRUE,FALSE,7696,2026-06-22 08:54:03.683165,,outro,outro,controle de versão,ativo
.git/lfs/objects/53/1d/531d1ccd0b1b8d9e7eced3d73c8fbc7a19d6c2c20d396dcea4307e2fcc46f6a6,C:/Users/oorie/OneDrive/Documentos/TRABALHOS/DLNM/05_publicacao_github/.git/lfs/objects/53/1d/531d1ccd0b1b8d9e7eced3d73c8fbc7a19d6c2c20d396dcea4307e2fcc46f6a6,TRUE,FALSE,2746192,2026-06-20 12:14:27.154236,,outro,outro,controle de versão,ativo
.git/lfs/objects/53/2d/532d0a96d7f367d2b2e596ee549c20ae48ee02dd9299aea3422a171a0de31f20,C:/Users/oorie/OneDrive/Documentos/TRABALHOS/DLNM/05_publicacao_github/.git/lfs/objects/53/2d/532d0a96d7f367d2b2e596ee549c20ae48ee02dd9299aea3422a171a0de31f20,TRUE,FALSE,2223477,2026-06-20 12:14:26.093887,,outro,outro,controle de versão,ativo
.git/lfs/objects/53/8c/538cef35cbb319e626555ad85e879665bf0d9f50d0007dd8089ad1c5a786719d,C:/Users/oorie/OneDrive/Documentos/TRABALHOS/DLNM/05_publicacao_github/.git/lfs/objects/53/8c/538cef35cbb319e626555ad85e879665bf0d9f50d0007dd8089ad1c5a786719d,TRUE,FALSE,2516456,2026-06-20 12:14:26.912716,,outro,outro,controle de versão,ativo
.git/lfs/objects/54/76/54767eb1c1c6b190a563b17ce1dc5f84a1773525815746c0b7c8cc1f4dc5562d,C:/Users/oorie/OneDrive/Documentos/TRABALHOS/DLNM/05_publicacao_github/.git/lfs/objects/54/76/54767eb1c1c6b190a563b17ce1dc5f84a1773525815746c0b7c8cc1f4dc5562d,TRUE,FALSE,8048,2026-06-22 08:54:03.620518,,outro,outro,controle de versão,ativo
.git/lfs/objects/55/08/5508532dce907e0985ab82ff2fce2e2e714c0e2074c76f22f38fc8be002576a3,C:/Users/oorie/OneDrive/Documentos/TRABALHOS/DLNM/05_publicacao_github/.git/lfs/objects/55/08/5508532dce907e0985ab82ff2fce2e2e714c0e2074c76f22f38fc8be002576a3,TRUE,FALSE,3302490,2026-06-20 12:14:28.925184,,outro,outro,controle de versão,ativo
.git/lfs/objects/56/2f/562f6dcf835316c2e816d337fd8dee0d48f751203327afbc72342071ffb38b95,C:/Users/oorie/OneDrive/Documentos/TRABALHOS/DLNM/05_publicacao_github/.git/lfs/objects/56/2f/562f6dcf835316c2e816d337fd8dee0d48f751203327afbc72342071ffb38b95,TRUE,FALSE,2059947,2026-06-20 12:14:27.566353,,outro,outro,controle de versão,ativo
.git/lfs/objects/56/52/56527c4aacf29f68fca5d2bcdc36dc91f4b675b8b9b6bee279c8099ffed8ccff,C:/Users/oorie/OneDrive/Documentos/TRABALHOS/DLNM/05_publicacao_github/.git/lfs/objects/56/52/56527c4aacf29f68fca5d2bcdc36dc91f4b675b8b9b6bee279c8099ffed8ccff,TRUE,FALSE,6834,2026-06-22 08:54:03.477697,,outro,outro,controle de versão,ativo
.git/lfs/objects/57/22/57228b52b1999b28556ab95f3f41dc9ea177865b7bdf1d1985495f4d8d3b2083,C:/Users/oorie/OneDrive/Documentos/TRABALHOS/DLNM/05_publicacao_github/.git/lfs/objects/57/22/57228b52b1999b28556ab95f3f41dc9ea177865b7bdf1d1985495f4d8d3b2083,TRUE,FALSE,4946,2026-06-22 08:54:03.316929,,outro,outro,controle de versão,ativo
.git/lfs/objects/57/30/5730c55e08eece4e93f4a36f0c11a90bb431361e55dbd05f09ceb26df883396a,C:/Users/oorie/OneDrive/Documentos/TRABALHOS/DLNM/05_publicacao_github/.git/lfs/objects/57/30/5730c55e08eece4e93f4a36f0c11a90bb431361e55dbd05f09ceb26df883396a,TRUE,FALSE,2289867,2026-06-20 12:14:26.362373,,outro,outro,controle de versão,ativo
.git/lfs/objects/57/41/5741ceaa2b81f379af906584108fb26f1de5406665993d8d261122f1e5b07212,C:/Users/oorie/OneDrive/Documentos/TRABALHOS/DLNM/05_publicacao_github/.git/lfs/objects/57/41/5741ceaa2b81f379af906584108fb26f1de5406665993d8d261122f1e5b07212,TRUE,FALSE,2570304,2026-06-20 12:14:26.146095,,outro,outro,controle de versão,ativo
.git/lfs/objects/58/48/5848c6a0571ba30399379b42b7fe499f9b8663b5d6af0923a71605c74ac3952a,C:/Users/oorie/OneDrive/Documentos/TRABALHOS/DLNM/05_publicacao_github/.git/lfs/objects/58/48/5848c6a0571ba30399379b42b7fe499f9b8663b5d6af0923a71605c74ac3952a,TRUE,FALSE,2434009,2026-06-20 12:14:26.651609,,outro,outro,controle de versão,ativo
.git/lfs/objects/58/78/587853508acd67f7324ad489d0e2346c55f9f5805d8b902ef9c3a59603f0e375,C:/Users/oorie/OneDrive/Documentos/TRABALHOS/DLNM/05_publicacao_github/.git/lfs/objects/58/78/587853508acd67f7324ad489d0e2346c55f9f5805d8b902ef9c3a59603f0e375,TRUE,FALSE,2249491,2026-06-20 12:14:25.804077,,outro,outro,controle de versão,ativo
.git/lfs/objects/59/39/59390ebba8b2e71a18c881efb12a7738ef70a8d5524b4080ba4174ffc22a9482,C:/Users/oorie/OneDrive/Documentos/TRABALHOS/DLNM/05_publicacao_github/.git/lfs/objects/59/39/59390ebba8b2e71a18c881efb12a7738ef70a8d5524b4080ba4174ffc22a9482,TRUE,FALSE,2903212,2026-06-20 12:14:28.667349,,outro,outro,controle de versão,ativo
.git/lfs/objects/59/45/5945143e03115e33e60299cf31d26badf0e1c81d69eabc736d1280fc00296fe6,C:/Users/oorie/OneDrive/Documentos/TRABALHOS/DLNM/05_publicacao_github/.git/lfs/objects/59/45/5945143e03115e33e60299cf31d26badf0e1c81d69eabc736d1280fc00296fe6,TRUE,FALSE,2524099,2026-06-20 12:14:26.289724,,outro,outro,controle de versão,ativo
.git/lfs/objects/59/f9/59f968f8740f5ea63a30c16391f13cddbbed41f2850c31a2266c47f2e4dc20c0,C:/Users/oorie/OneDrive/Documentos/TRABALHOS/DLNM/05_publicacao_github/.git/lfs/objects/59/f9/59f968f8740f5ea63a30c16391f13cddbbed41f2850c31a2266c47f2e4dc20c0,TRUE,FALSE,2402302,2026-06-20 12:14:26.353319,,outro,outro,controle de versão,ativo
.git/lfs/objects/5a/d5/5ad5a811edb2a4b926986b60f55a403df61e50cf0e6ab8c3ff98ba0c84717a21,C:/Users/oorie/OneDrive/Documentos/TRABALHOS/DLNM/05_publicacao_github/.git/lfs/objects/5a/d5/5ad5a811edb2a4b926986b60f55a403df61e50cf0e6ab8c3ff98ba0c84717a21,TRUE,FALSE,7392226,2026-06-20 12:14:30.709175,,outro,outro,controle de versão,ativo
.git/lfs/objects/5b/3e/5b3e17c5c47efd3bd92e62ddbe294b5850d9b9d7a8ed7d0f209552cab8c4214c,C:/Users/oorie/OneDrive/Documentos/TRABALHOS/DLNM/05_publicacao_github/.git/lfs/objects/5b/3e/5b3e17c5c47efd3bd92e62ddbe294b5850d9b9d7a8ed7d0f209552cab8c4214c,TRUE,FALSE,7902,2026-06-22 08:54:03.765562,,outro,outro,controle de versão,ativo
.git/lfs/objects/5b/bb/5bbbf7130e589d63539d02a392bed29ad737da8a72174f6d263ee29e27494e03,C:/Users/oorie/OneDrive/Documentos/TRABALHOS/DLNM/05_publicacao_github/.git/lfs/objects/5b/bb/5bbbf7130e589d63539d02a392bed29ad737da8a72174f6d263ee29e27494e03,TRUE,FALSE,2614613,2026-06-20 12:14:26.781044,,outro,outro,controle de versão,ativo
.git/lfs/objects/5c/18/5c180cb002fb577afd3e12b879fac9572063ef7ca9aadfe27b8a66e1573d2b8b,C:/Users/oorie/OneDrive/Documentos/TRABALHOS/DLNM/05_publicacao_github/.git/lfs/objects/5c/18/5c180cb002fb577afd3e12b879fac9572063ef7ca9aadfe27b8a66e1573d2b8b,TRUE,FALSE,4965,2026-06-22 08:54:03.209806,,outro,outro,controle de versão,ativo
.git/lfs/objects/5c/c5/5cc5d176a42d60bd2b620fa1429d79603882b2441570e6d449b4e5c3576597df,C:/Users/oorie/OneDrive/Documentos/TRABALHOS/DLNM/05_publicacao_github/.git/lfs/objects/5c/c5/5cc5d176a42d60bd2b620fa1429d79603882b2441570e6d449b4e5c3576597df,TRUE,FALSE,6854,2026-06-22 08:54:03.433012,,outro,outro,controle de versão,ativo
.git/lfs/objects/5d/1e/5d1eb2e2173b85895931294cc1f67e1f81bd358e4e699d04d019ea33449aecf6,C:/Users/oorie/OneDrive/Documentos/TRABALHOS/DLNM/05_publicacao_github/.git/lfs/objects/5d/1e/5d1eb2e2173b85895931294cc1f67e1f81bd358e4e699d04d019ea33449aecf6,TRUE,FALSE,2442745,2026-06-20 12:14:26.414082,,outro,outro,controle de versão,ativo
.git/lfs/objects/5e/2f/5e2fd818801af75503a8ca4d1b421fec3e0bddfeaa233ccb12f7ed4fc286234b,C:/Users/oorie/OneDrive/Documentos/TRABALHOS/DLNM/05_publicacao_github/.git/lfs/objects/5e/2f/5e2fd818801af75503a8ca4d1b421fec3e0bddfeaa233ccb12f7ed4fc286234b,TRUE,FALSE,2234212,2026-06-20 12:14:25.972378,,outro,outro,controle de versão,ativo
.git/lfs/objects/5e/66/5e661550bdd8603e1a07d33dbf74826ac0bec69909a877b437a7faf95bbdb3d4,C:/Users/oorie/OneDrive/Documentos/TRABALHOS/DLNM/05_publicacao_github/.git/lfs/objects/5e/66/5e661550bdd8603e1a07d33dbf74826ac0bec69909a877b437a7faf95bbdb3d4,TRUE,FALSE,7360,2026-06-22 08:54:03.688839,,outro,outro,controle de versão,ativo
.git/lfs/objects/5f/3b/5f3b94835b22ba949c9ab2556851bfa47eb6a833d5b1b6baf17468d8f2fd9d3f,C:/Users/oorie/OneDrive/Documentos/TRABALHOS/DLNM/05_publicacao_github/.git/lfs/objects/5f/3b/5f3b94835b22ba949c9ab2556851bfa47eb6a833d5b1b6baf17468d8f2fd9d3f,TRUE,FALSE,2676417,2026-06-20 12:14:26.232639,,outro,outro,controle de versão,ativo
.git/lfs/objects/60/21/60218550ff8917d44be38c3b71b43e54552386765b137e6a86e1ce7265834a02,C:/Users/oorie/OneDrive/Documentos/TRABALHOS/DLNM/05_publicacao_github/.git/lfs/objects/60/21/60218550ff8917d44be38c3b71b43e54552386765b137e6a86e1ce7265834a02,TRUE,FALSE,7337,2026-06-22 08:54:03.674562,,outro,outro,controle de versão,ativo
.git/lfs/objects/62/20/6220508bcc57133bf38658bbd25e7532844745e287158a81381c7c6faef29a47,C:/Users/oorie/OneDrive/Documentos/TRABALHOS/DLNM/05_publicacao_github/.git/lfs/objects/62/20/6220508bcc57133bf38658bbd25e7532844745e287158a81381c7c6faef29a47,TRUE,FALSE,2317706,2026-06-20 12:14:25.050793,,outro,outro,controle de versão,ativo
.git/lfs/objects/62/a8/62a88787f1d976d7898dba2acbf5874f79cd486816e6d9531c53966557eb20a6,C:/Users/oorie/OneDrive/Documentos/TRABALHOS/DLNM/05_publicacao_github/.git/lfs/objects/62/a8/62a88787f1d976d7898dba2acbf5874f79cd486816e6d9531c53966557eb20a6,TRUE,FALSE,102439056,2026-06-20 11:50:08.959749,,outro,outro,controle de versão,ativo
.git/lfs/objects/63/15/6315931db0efe8522a2824ba2f29418761e7f0bf03b018988def294657ca9a39,C:/Users/oorie/OneDrive/Documentos/TRABALHOS/DLNM/05_publicacao_github/.git/lfs/objects/63/15/6315931db0efe8522a2824ba2f29418761e7f0bf03b018988def294657ca9a39,TRUE,FALSE,7811,2026-06-22 08:54:03.782196,,outro,outro,controle de versão,ativo
.git/lfs/objects/64/98/6498454ae7f47c1c9811ea71f6be08f71ae74bd7490e06e96dda4ad5ab6355bd,C:/Users/oorie/OneDrive/Documentos/TRABALHOS/DLNM/05_publicacao_github/.git/lfs/objects/64/98/6498454ae7f47c1c9811ea71f6be08f71ae74bd7490e06e96dda4ad5ab6355bd,TRUE,FALSE,5036,2026-06-22 08:54:03.188032,,outro,outro,controle de versão,ativo
.git/lfs/objects/64/ad/64ad0c17d7f734fcdb4f1c64cc4ed7a5cc7ba7139eae063ce9e4eef56c00537f,C:/Users/oorie/OneDrive/Documentos/TRABALHOS/DLNM/05_publicacao_github/.git/lfs/objects/64/ad/64ad0c17d7f734fcdb4f1c64cc4ed7a5cc7ba7139eae063ce9e4eef56c00537f,TRUE,FALSE,2247883,2026-06-20 12:14:26.568872,,outro,outro,controle de versão,ativo
.git/lfs/objects/65/6d/656ddd68ccf382b1628ad7b5b5e95227c498fd59e337413b34650983cc1dc4e3,C:/Users/oorie/OneDrive/Documentos/TRABALHOS/DLNM/05_publicacao_github/.git/lfs/objects/65/6d/656ddd68ccf382b1628ad7b5b5e95227c498fd59e337413b34650983cc1dc4e3,TRUE,FALSE,5114,2026-06-22 08:54:03.228605,,outro,outro,controle de versão,ativo
.git/lfs/objects/65/7f/657fe8d03f461d15e4cf470dc43888b5b935b6274be6389d0cfd6958f7380cf2,C:/Users/oorie/OneDrive/Documentos/TRABALHOS/DLNM/05_publicacao_github/.git/lfs/objects/65/7f/657fe8d03f461d15e4cf470dc43888b5b935b6274be6389d0cfd6958f7380cf2,TRUE,FALSE,7377,2026-06-22 08:54:03.58634,,outro,outro,controle de versão,ativo
.git/lfs/objects/67/74/67749cc826f8390cfa8a0f0c4f9fc0fb826cf59ed3ea6de0b48943c33c16af64,C:/Users/oorie/OneDrive/Documentos/TRABALHOS/DLNM/05_publicacao_github/.git/lfs/objects/67/74/67749cc826f8390cfa8a0f0c4f9fc0fb826cf59ed3ea6de0b48943c33c16af64,TRUE,FALSE,2314958,2026-06-20 12:14:26.672157,,outro,outro,controle de versão,ativo
.git/lfs/objects/67/b8/67b8be43398029ad724e59258558698215af69e161febed75ff3e211a78020ab,C:/Users/oorie/OneDrive/Documentos/TRABALHOS/DLNM/05_publicacao_github/.git/lfs/objects/67/b8/67b8be43398029ad724e59258558698215af69e161febed75ff3e211a78020ab,TRUE,FALSE,4573,2026-06-22 08:54:03.101522,,outro,outro,controle de versão,ativo
.git/lfs/objects/67/d2/67d2841ca1d369ce4d03cb3bf11387b6e8658414612c6cbfca55bdc24bd1e13b,C:/Users/oorie/OneDrive/Documentos/TRABALHOS/DLNM/05_publicacao_github/.git/lfs/objects/67/d2/67d2841ca1d369ce4d03cb3bf11387b6e8658414612c6cbfca55bdc24bd1e13b,TRUE,FALSE,7398,2026-06-22 08:54:03.770006,,outro,outro,controle de versão,ativo
.git/lfs/objects/67/ec/67ecec4f93f826ad6c2a27a0dc76a6121570cf4b0279417c7d63b30d33c97712,C:/Users/oorie/OneDrive/Documentos/TRABALHOS/DLNM/05_publicacao_github/.git/lfs/objects/67/ec/67ecec4f93f826ad6c2a27a0dc76a6121570cf4b0279417c7d63b30d33c97712,TRUE,FALSE,7588,2026-06-22 08:54:03.577385,,outro,outro,controle de versão,ativo
.git/lfs/objects/68/db/68dbb24960791762b203d69762ee2707cb70b9729d0970d93a2831eb3ef8cdf4,C:/Users/oorie/OneDrive/Documentos/TRABALHOS/DLNM/05_publicacao_github/.git/lfs/objects/68/db/68dbb24960791762b203d69762ee2707cb70b9729d0970d93a2831eb3ef8cdf4,TRUE,FALSE,4888,2026-06-22 08:54:03.160254,,outro,outro,controle de versão,ativo
.git/lfs/objects/68/df/68df3f43968f28da666b2b7759ca778fe10cce8153b5a46f3fc6747494b7bc73,C:/Users/oorie/OneDrive/Documentos/TRABALHOS/DLNM/05_publicacao_github/.git/lfs/objects/68/df/68df3f43968f28da666b2b7759ca778fe10cce8153b5a46f3fc6747494b7bc73,TRUE,FALSE,6621,2026-06-22 08:54:03.42552,,outro,outro,controle de versão,ativo
.git/lfs/objects/69/2d/692d80b171121575f80f799f08efff51737db638af33d977bf07528eac24f20b,C:/Users/oorie/OneDrive/Documentos/TRABALHOS/DLNM/05_publicacao_github/.git/lfs/objects/69/2d/692d80b171121575f80f799f08efff51737db638af33d977bf07528eac24f20b,TRUE,FALSE,2105813,2026-06-20 12:14:24.955204,,outro,outro,controle de versão,ativo
.git/lfs/objects/69/86/6986901c8b90a02674984bf0e3576b40ed76addf78e9f6179282cb8a93ca354d,C:/Users/oorie/OneDrive/Documentos/TRABALHOS/DLNM/05_publicacao_github/.git/lfs/objects/69/86/6986901c8b90a02674984bf0e3576b40ed76addf78e9f6179282cb8a93ca354d,TRUE,FALSE,5034,2026-06-22 08:54:03.14682,,outro,outro,controle de versão,ativo
.git/lfs/objects/69/d8/69d82b03ee0b9427af2cefcae4032ef004a79b375a70bb403b63f1e19dc5deb1,C:/Users/oorie/OneDrive/Documentos/TRABALHOS/DLNM/05_publicacao_github/.git/lfs/objects/69/d8/69d82b03ee0b9427af2cefcae4032ef004a79b375a70bb403b63f1e19dc5deb1,TRUE,FALSE,2496648,2026-06-20 12:14:25.535885,,outro,outro,controle de versão,ativo
.git/lfs/objects/69/e7/69e79f25d4b87d3a3a8953ef1aa999fd84b0ad00ecdd7ed0edd1c8361c0b73f3,C:/Users/oorie/OneDrive/Documentos/TRABALHOS/DLNM/05_publicacao_github/.git/lfs/objects/69/e7/69e79f25d4b87d3a3a8953ef1aa999fd84b0ad00ecdd7ed0edd1c8361c0b73f3,TRUE,FALSE,7646,2026-06-22 08:54:03.734175,,outro,outro,controle de versão,ativo
.git/lfs/objects/6a/6c/6a6ce1fce890305149bbdd243ab49465aee380ab044b4fecd73c5cc5411aa4ab,C:/Users/oorie/OneDrive/Documentos/TRABALHOS/DLNM/05_publicacao_github/.git/lfs/objects/6a/6c/6a6ce1fce890305149bbdd243ab49465aee380ab044b4fecd73c5cc5411aa4ab,TRUE,FALSE,2880165,2026-06-20 12:14:27.40436,,outro,outro,controle de versão,ativo
.git/lfs/objects/6a/94/6a94c5cabd9962660a4124d452a4e647c13b970567dee26319f6bcf7deb10acc,C:/Users/oorie/OneDrive/Documentos/TRABALHOS/DLNM/05_publicacao_github/.git/lfs/objects/6a/94/6a94c5cabd9962660a4124d452a4e647c13b970567dee26319f6bcf7deb10acc,TRUE,FALSE,4954,2026-06-22 08:54:03.111599,,outro,outro,controle de versão,ativo
.git/lfs/objects/6a/c6/6ac6210701a46554b6ff045b3b2c8c0933b47421bd89764a408914e3f78a0849,C:/Users/oorie/OneDrive/Documentos/TRABALHOS/DLNM/05_publicacao_github/.git/lfs/objects/6a/c6/6ac6210701a46554b6ff045b3b2c8c0933b47421bd89764a408914e3f78a0849,TRUE,FALSE,2384789,2026-06-20 12:14:27.134041,,outro,outro,controle de versão,ativo
.git/lfs/objects/6c/40/6c4026ad120686cc6d4864cb7459f9fdc58058c04ac901783a1d16a8fcb8051f,C:/Users/oorie/OneDrive/Documentos/TRABALHOS/DLNM/05_publicacao_github/.git/lfs/objects/6c/40/6c4026ad120686cc6d4864cb7459f9fdc58058c04ac901783a1d16a8fcb8051f,TRUE,FALSE,7399265,2026-06-20 12:14:30.768478,,outro,outro,controle de versão,ativo
.git/lfs/objects/6c/8d/6c8dd5e4a75c789538e5bf024c92c7814571399c9f3671824442987eb2d9b7ba,C:/Users/oorie/OneDrive/Documentos/TRABALHOS/DLNM/05_publicacao_github/.git/lfs/objects/6c/8d/6c8dd5e4a75c789538e5bf024c92c7814571399c9f3671824442987eb2d9b7ba,TRUE,FALSE,7021,2026-06-22 08:54:03.558237,,outro,outro,controle de versão,ativo
.git/lfs/objects/6c/bf/6cbf3ce66048678316668307f735969a9270cfe8db41dec9d6eec331bbc56dad,C:/Users/oorie/OneDrive/Documentos/TRABALHOS/DLNM/05_publicacao_github/.git/lfs/objects/6c/bf/6cbf3ce66048678316668307f735969a9270cfe8db41dec9d6eec331bbc56dad,TRUE,FALSE,5108,2026-06-22 08:54:03.294394,,outro,outro,controle de versão,ativo
.git/lfs/objects/6d/35/6d35fad2440ae79cb5712bd7ee0dd83a00eef412145021353cf99570b0d4b4ad,C:/Users/oorie/OneDrive/Documentos/TRABALHOS/DLNM/05_publicacao_github/.git/lfs/objects/6d/35/6d35fad2440ae79cb5712bd7ee0dd83a00eef412145021353cf99570b0d4b4ad,TRUE,FALSE,4973,2026-06-22 08:54:03.214411,,outro,outro,controle de versão,ativo
.git/lfs/objects/6d/aa/6daa18403e2acd5cc1ddad4cd68555811ae9e0d3e353c31337a024652d1293e4,C:/Users/oorie/OneDrive/Documentos/TRABALHOS/DLNM/05_publicacao_github/.git/lfs/objects/6d/aa/6daa18403e2acd5cc1ddad4cd68555811ae9e0d3e353c31337a024652d1293e4,TRUE,FALSE,2462435,2026-06-20 12:14:25.499744,,outro,outro,controle de versão,ativo
.git/lfs/objects/6d/f3/6df3556e7c9862ef6fa4f8817e3563353a8f88a503a97d54af3232196bbd0132,C:/Users/oorie/OneDrive/Documentos/TRABALHOS/DLNM/05_publicacao_github/.git/lfs/objects/6d/f3/6df3556e7c9862ef6fa4f8817e3563353a8f88a503a97d54af3232196bbd0132,TRUE,FALSE,7478,2026-06-22 08:54:03.648151,,outro,outro,controle de versão,ativo
.git/lfs/objects/6e/42/6e42c462f4b2a5ebad4186fb7bfb71d441da89a88e43fe52a8adc6689ae48223,C:/Users/oorie/OneDrive/Documentos/TRABALHOS/DLNM/05_publicacao_github/.git/lfs/objects/6e/42/6e42c462f4b2a5ebad4186fb7bfb71d441da89a88e43fe52a8adc6689ae48223,TRUE,FALSE,2237650,2026-06-20 12:14:26.548267,,outro,outro,controle de versão,ativo
.git/lfs/objects/6f/15/6f151dcabb80f35bfa356efd7e768312130c94f991ef75b347eb0176bbefa4eb,C:/Users/oorie/OneDrive/Documentos/TRABALHOS/DLNM/05_publicacao_github/.git/lfs/objects/6f/15/6f151dcabb80f35bfa356efd7e768312130c94f991ef75b347eb0176bbefa4eb,TRUE,FALSE,5066,2026-06-22 08:54:03.131701,,outro,outro,controle de versão,ativo
.git/lfs/objects/71/79/7179a0153d02751d4fb5ef1da451e0f6a4255c0170c5522f92e14e5fa01ea609,C:/Users/oorie/OneDrive/Documentos/TRABALHOS/DLNM/05_publicacao_github/.git/lfs/objects/71/79/7179a0153d02751d4fb5ef1da451e0f6a4255c0170c5522f92e14e5fa01ea609,TRUE,FALSE,6165,2026-06-22 08:54:03.392838,,outro,outro,controle de versão,ativo
.git/lfs/objects/72/d0/72d0e5df5579b2c37fe27dfb6e8cad62638f21b41cf5bf11c6d7c87ac6d4c069,C:/Users/oorie/OneDrive/Documentos/TRABALHOS/DLNM/05_publicacao_github/.git/lfs/objects/72/d0/72d0e5df5579b2c37fe27dfb6e8cad62638f21b41cf5bf11c6d7c87ac6d4c069,TRUE,FALSE,2236702,2026-06-20 12:14:26.621868,,outro,outro,controle de versão,ativo
.git/lfs/objects/72/eb/72eb06d239320404952cda3a45362eafdce5b5998ac0d45ebca8a79f9e50d2ec,C:/Users/oorie/OneDrive/Documentos/TRABALHOS/DLNM/05_publicacao_github/.git/lfs/objects/72/eb/72eb06d239320404952cda3a45362eafdce5b5998ac0d45ebca8a79f9e50d2ec,TRUE,FALSE,5645,2026-06-22 08:54:03.350288,,outro,outro,controle de versão,ativo
.git/lfs/objects/73/87/7387649503ce5999f4e4fc2d052c713997a472217694450aa7ef7b07a355c44a,C:/Users/oorie/OneDrive/Documentos/TRABALHOS/DLNM/05_publicacao_github/.git/lfs/objects/73/87/7387649503ce5999f4e4fc2d052c713997a472217694450aa7ef7b07a355c44a,TRUE,FALSE,7378,2026-06-22 08:54:03.573992,,outro,outro,controle de versão,ativo
.git/lfs/objects/74/b4/74b429ac9edcbb9e36a4b393ac4c45e2fa9bef449b2163cc52f98ffd6d86da4c,C:/Users/oorie/OneDrive/Documentos/TRABALHOS/DLNM/05_publicacao_github/.git/lfs/objects/74/b4/74b429ac9edcbb9e36a4b393ac4c45e2fa9bef449b2163cc52f98ffd6d86da4c,TRUE,FALSE,5609,2026-06-22 08:54:03.327457,,outro,outro,controle de versão,ativo
.git/lfs/objects/74/d9/74d93309b47224afe2710b12e29f1f71a0369ec386a52b6af2335ac60cd101b4,C:/Users/oorie/OneDrive/Documentos/TRABALHOS/DLNM/05_publicacao_github/.git/lfs/objects/74/d9/74d93309b47224afe2710b12e29f1f71a0369ec386a52b6af2335ac60cd101b4,TRUE,FALSE,2516214,2026-06-20 12:14:27.870344,,outro,outro,controle de versão,ativo
.git/lfs/objects/75/78/757871030b9626857e9dc8bf81ca83fe0aff37b7b6ccfc2cf22275b8d487f40c,C:/Users/oorie/OneDrive/Documentos/TRABALHOS/DLNM/05_publicacao_github/.git/lfs/objects/75/78/757871030b9626857e9dc8bf81ca83fe0aff37b7b6ccfc2cf22275b8d487f40c,TRUE,FALSE,7091,2026-06-22 08:54:03.518316,,outro,outro,controle de versão,ativo
.git/lfs/objects/7b/32/7b32bb0c96e8ecc49dd456277f90c3493b969f1bf1faf5d8652d5835caa1ecad,C:/Users/oorie/OneDrive/Documentos/TRABALHOS/DLNM/05_publicacao_github/.git/lfs/objects/7b/32/7b32bb0c96e8ecc49dd456277f90c3493b969f1bf1faf5d8652d5835caa1ecad,TRUE,FALSE,5000,2026-06-22 08:54:03.042627,,outro,outro,controle de versão,ativo
.git/lfs/objects/7b/72/7b72a398b566b5a7eb121d07ebf8e3b3a64012ac9456640b71a70d24703d82bb,C:/Users/oorie/OneDrive/Documentos/TRABALHOS/DLNM/05_publicacao_github/.git/lfs/objects/7b/72/7b72a398b566b5a7eb121d07ebf8e3b3a64012ac9456640b71a70d24703d82bb,TRUE,FALSE,4849,2026-06-22 08:54:03.302341,,outro,outro,controle de versão,ativo
.git/lfs/objects/7b/b1/7bb18308c1c33d663ad979e2df55ae01eb3ef1431efee25daee6247458cceadb,C:/Users/oorie/OneDrive/Documentos/TRABALHOS/DLNM/05_publicacao_github/.git/lfs/objects/7b/b1/7bb18308c1c33d663ad979e2df55ae01eb3ef1431efee25daee6247458cceadb,TRUE,FALSE,3039580,2026-06-20 12:14:28.633356,,outro,outro,controle de versão,ativo
.git/lfs/objects/7b/bd/7bbd07c8d9316061f75001bff61b243c7a80e525a073ecfe6b42057ce1d30b42,C:/Users/oorie/OneDrive/Documentos/TRABALHOS/DLNM/05_publicacao_github/.git/lfs/objects/7b/bd/7bbd07c8d9316061f75001bff61b243c7a80e525a073ecfe6b42057ce1d30b42,TRUE,FALSE,3282958,2026-06-20 12:14:29.958996,,outro,outro,controle de versão,ativo
.git/lfs/objects/7c/a4/7ca45af880978c95f7e76b327255806f13d420d9ef6db5a6e7f8d24ef99d87c7,C:/Users/oorie/OneDrive/Documentos/TRABALHOS/DLNM/05_publicacao_github/.git/lfs/objects/7c/a4/7ca45af880978c95f7e76b327255806f13d420d9ef6db5a6e7f8d24ef99d87c7,TRUE,FALSE,5003,2026-06-22 08:54:03.266947,,outro,outro,controle de versão,ativo
.git/lfs/objects/7c/cb/7ccbbb1e747a8cb2da0da066983e65c8bf7293e84275b6828336d9e13049c2bf,C:/Users/oorie/OneDrive/Documentos/TRABALHOS/DLNM/05_publicacao_github/.git/lfs/objects/7c/cb/7ccbbb1e747a8cb2da0da066983e65c8bf7293e84275b6828336d9e13049c2bf,TRUE,FALSE,7422,2026-06-22 08:54:03.500658,,outro,outro,controle de versão,ativo
.git/lfs/objects/7d/67/7d6707c5af7d8ea0a43433cc2c63efe23e2a56a6b47910e9b2e4a78092702d52,C:/Users/oorie/OneDrive/Documentos/TRABALHOS/DLNM/05_publicacao_github/.git/lfs/objects/7d/67/7d6707c5af7d8ea0a43433cc2c63efe23e2a56a6b47910e9b2e4a78092702d52,TRUE,FALSE,2424945,2026-06-20 12:14:25.272766,,outro,outro,controle de versão,ativo
.git/lfs/objects/7e/58/7e58a0ebce7420e6c76505d43fda81f51acb96f2b54fc65fa499a5a03ae0d735,C:/Users/oorie/OneDrive/Documentos/TRABALHOS/DLNM/05_publicacao_github/.git/lfs/objects/7e/58/7e58a0ebce7420e6c76505d43fda81f51acb96f2b54fc65fa499a5a03ae0d735,TRUE,FALSE,2489147,2026-06-20 12:14:26.273031,,outro,outro,controle de versão,ativo
.git/lfs/objects/7f/af/7faf01f2134a36210f6a45dd194c71a9ef68d58da70df5e68d2535db023adf70,C:/Users/oorie/OneDrive/Documentos/TRABALHOS/DLNM/05_publicacao_github/.git/lfs/objects/7f/af/7faf01f2134a36210f6a45dd194c71a9ef68d58da70df5e68d2535db023adf70,TRUE,FALSE,7894,2026-06-22 08:54:03.814054,,outro,outro,controle de versão,ativo
.git/lfs/objects/7f/e0/7fe082024298f29e115b7a7757e5724ac6e1dcd70d9c35056dfca869ee13bdac,C:/Users/oorie/OneDrive/Documentos/TRABALHOS/DLNM/05_publicacao_github/.git/lfs/objects/7f/e0/7fe082024298f29e115b7a7757e5724ac6e1dcd70d9c35056dfca869ee13bdac,TRUE,FALSE,2679791,2026-06-20 12:14:28.222317,,outro,outro,controle de versão,ativo
.git/lfs/objects/80/26/8026b6750ce3d15bd60d3d1e2bbda7141a2dc3770362fbd8ce27b48cd33736a3,C:/Users/oorie/OneDrive/Documentos/TRABALHOS/DLNM/05_publicacao_github/.git/lfs/objects/80/26/8026b6750ce3d15bd60d3d1e2bbda7141a2dc3770362fbd8ce27b48cd33736a3,TRUE,FALSE,6287,2026-06-22 08:54:03.414982,,outro,outro,controle de versão,ativo
.git/lfs/objects/80/79/8079738f711900772dbad7d67aa03abdefe7d7fe57e7254c528cb2fd0fa3a54d,C:/Users/oorie/OneDrive/Documentos/TRABALHOS/DLNM/05_publicacao_github/.git/lfs/objects/80/79/8079738f711900772dbad7d67aa03abdefe7d7fe57e7254c528cb2fd0fa3a54d,TRUE,FALSE,2295295,2026-06-20 12:14:26.124943,,outro,outro,controle de versão,ativo
.git/lfs/objects/80/c1/80c189e8eb4911ce7bd308e9cfccdaf52ffa0b72922c563b6904a8ef803388c9,C:/Users/oorie/OneDrive/Documentos/TRABALHOS/DLNM/05_publicacao_github/.git/lfs/objects/80/c1/80c189e8eb4911ce7bd308e9cfccdaf52ffa0b72922c563b6904a8ef803388c9,TRUE,FALSE,3484599,2026-06-20 12:14:29.636599,,outro,outro,controle de versão,ativo
.git/lfs/objects/81/1f/811f75bda6b3a926bec6c43b0c3717071166786f745a234e336a562fb343853a,C:/Users/oorie/OneDrive/Documentos/TRABALHOS/DLNM/05_publicacao_github/.git/lfs/objects/81/1f/811f75bda6b3a926bec6c43b0c3717071166786f745a234e336a562fb343853a,TRUE,FALSE,5180,2026-06-22 08:54:03.08782,,outro,outro,controle de versão,ativo
.git/lfs/objects/81/bc/81bca1128d73b3f6f0e97d22d0cddd129bdda5ce278511090de32b24a9b86477,C:/Users/oorie/OneDrive/Documentos/TRABALHOS/DLNM/05_publicacao_github/.git/lfs/objects/81/bc/81bca1128d73b3f6f0e97d22d0cddd129bdda5ce278511090de32b24a9b86477,TRUE,FALSE,4932,2026-06-22 08:54:03.225088,,outro,outro,controle de versão,ativo
.git/lfs/objects/82/0d/820d5306eaa653fdf6ba3de2db31e239e075f6285618d9070f3261cfd761278d,C:/Users/oorie/OneDrive/Documentos/TRABALHOS/DLNM/05_publicacao_github/.git/lfs/objects/82/0d/820d5306eaa653fdf6ba3de2db31e239e075f6285618d9070f3261cfd761278d,TRUE,FALSE,7302,2026-06-22 08:54:03.609255,,outro,outro,controle de versão,ativo
.git/lfs/objects/82/48/82481d34db4bd38ffe3548055ae097e78bccbb0d30a3512fead459ede8c2466c,C:/Users/oorie/OneDrive/Documentos/TRABALHOS/DLNM/05_publicacao_github/.git/lfs/objects/82/48/82481d34db4bd38ffe3548055ae097e78bccbb0d30a3512fead459ede8c2466c,TRUE,FALSE,3595193,2026-06-20 12:14:30.092407,,outro,outro,controle de versão,ativo
.git/lfs/objects/82/7c/827c80510a9f1db6399028abb353ad2cdff4a91bf635b7fedfe123dc6fa8a0c8,C:/Users/oorie/OneDrive/Documentos/TRABALHOS/DLNM/05_publicacao_github/.git/lfs/objects/82/7c/827c80510a9f1db6399028abb353ad2cdff4a91bf635b7fedfe123dc6fa8a0c8,TRUE,FALSE,7502703,2026-06-20 12:14:31.060719,,outro,outro,controle de versão,ativo
.git/lfs/objects/82/ef/82ef86379e0b627930b71ea02ccdc9bd93f695f2a4239bd61dd5b19fbbe10f84,C:/Users/oorie/OneDrive/Documentos/TRABALHOS/DLNM/05_publicacao_github/.git/lfs/objects/82/ef/82ef86379e0b627930b71ea02ccdc9bd93f695f2a4239bd61dd5b19fbbe10f84,TRUE,FALSE,2351931,2026-06-20 12:14:25.569254,,outro,outro,controle de versão,ativo
.git/lfs/objects/83/fc/83fc2348736dfcb5375c739a91b004a1315b1f0fab5ead38eb565e86c579cecd,C:/Users/oorie/OneDrive/Documentos/TRABALHOS/DLNM/05_publicacao_github/.git/lfs/objects/83/fc/83fc2348736dfcb5375c739a91b004a1315b1f0fab5ead38eb565e86c579cecd,TRUE,FALSE,2422736,2026-06-20 12:14:25.254625,,outro,outro,controle de versão,ativo
.git/lfs/objects/84/9c/849ca4aa562aaf7775cab55fd07344e076fa12b9704ccb4a2c8c7b3e93b69e08,C:/Users/oorie/OneDrive/Documentos/TRABALHOS/DLNM/05_publicacao_github/.git/lfs/objects/84/9c/849ca4aa562aaf7775cab55fd07344e076fa12b9704ccb4a2c8c7b3e93b69e08,TRUE,FALSE,2573899,2026-06-20 12:14:27.108639,,outro,outro,controle de versão,ativo
.git/lfs/objects/85/81/8581c3475b9e2bd87acfe9ca3c8b57f6ef8798cc7914235ee8db090bdaa1aabe,C:/Users/oorie/OneDrive/Documentos/TRABALHOS/DLNM/05_publicacao_github/.git/lfs/objects/85/81/8581c3475b9e2bd87acfe9ca3c8b57f6ef8798cc7914235ee8db090bdaa1aabe,TRUE,FALSE,7480,2026-06-22 08:54:03.496302,,outro,outro,controle de versão,ativo
.git/lfs/objects/87/40/874008316adaa0f402b02bf642bc91277de0e4459a599e7603094ef02d29af8c,C:/Users/oorie/OneDrive/Documentos/TRABALHOS/DLNM/05_publicacao_github/.git/lfs/objects/87/40/874008316adaa0f402b02bf642bc91277de0e4459a599e7603094ef02d29af8c,TRUE,FALSE,4562,2026-06-22 08:54:03.20442,,outro,outro,controle de versão,ativo
.git/lfs/objects/89/4b/894b3d8bbe29328bfab6c228770e4fd2019f6a0cf22d4425f00af8cc3d56c9d5,C:/Users/oorie/OneDrive/Documentos/TRABALHOS/DLNM/05_publicacao_github/.git/lfs/objects/89/4b/894b3d8bbe29328bfab6c228770e4fd2019f6a0cf22d4425f00af8cc3d56c9d5,TRUE,FALSE,8272,2026-06-22 08:54:03.604168,,outro,outro,controle de versão,ativo
.git/lfs/objects/89/5c/895cf950e6bb6e53e01522a2c036314099c13afd9060f7fe7b3cc01f385a0a59,C:/Users/oorie/OneDrive/Documentos/TRABALHOS/DLNM/05_publicacao_github/.git/lfs/objects/89/5c/895cf950e6bb6e53e01522a2c036314099c13afd9060f7fe7b3cc01f385a0a59,TRUE,FALSE,2342658,2026-06-20 12:14:25.676264,,outro,outro,controle de versão,ativo
.git/lfs/objects/89/eb/89eb422be1c250fdcc1deb986eaffd3025442b1c1c643eb13a1f49dd845ebe8f,C:/Users/oorie/OneDrive/Documentos/TRABALHOS/DLNM/05_publicacao_github/.git/lfs/objects/89/eb/89eb422be1c250fdcc1deb986eaffd3025442b1c1c643eb13a1f49dd845ebe8f,TRUE,FALSE,3162205,2026-06-20 12:14:29.81498,,outro,outro,controle de versão,ativo
.git/lfs/objects/8a/f0/8af0905ac1d77ea30009173c30a536eee778e4fe71d787c8f2b8a130c866e825,C:/Users/oorie/OneDrive/Documentos/TRABALHOS/DLNM/05_publicacao_github/.git/lfs/objects/8a/f0/8af0905ac1d77ea30009173c30a536eee778e4fe71d787c8f2b8a130c866e825,TRUE,FALSE,5144,2026-06-22 08:54:03.125111,,outro,outro,controle de versão,ativo
.git/lfs/objects/8b/03/8b03516ea30405b7d839e3017d0ebc849fd1472e5ecaac6566a04afb6432329e,C:/Users/oorie/OneDrive/Documentos/TRABALHOS/DLNM/05_publicacao_github/.git/lfs/objects/8b/03/8b03516ea30405b7d839e3017d0ebc849fd1472e5ecaac6566a04afb6432329e,TRUE,FALSE,5203,2026-06-22 08:54:03.092533,,outro,outro,controle de versão,ativo
.git/lfs/objects/8b/2f/8b2f4a76c750e90580ff9ab520a276382106e6eaaa0fa43a07b78021cf32b9b9,C:/Users/oorie/OneDrive/Documentos/TRABALHOS/DLNM/05_publicacao_github/.git/lfs/objects/8b/2f/8b2f4a76c750e90580ff9ab520a276382106e6eaaa0fa43a07b78021cf32b9b9,TRUE,FALSE,2162253,2026-06-20 12:14:25.5921,,outro,outro,controle de versão,ativo
.git/lfs/objects/8b/e2/8be2163a2a1408c6bf8fd493578fb0b0a7650d1e6c72271f36471f17aeadb5bb,C:/Users/oorie/OneDrive/Documentos/TRABALHOS/DLNM/05_publicacao_github/.git/lfs/objects/8b/e2/8be2163a2a1408c6bf8fd493578fb0b0a7650d1e6c72271f36471f17aeadb5bb,TRUE,FALSE,7276,2026-06-22 08:54:03.511595,,outro,outro,controle de versão,ativo
.git/lfs/objects/8d/1c/8d1c648548eca643dd2f79e7b3586d29a8e6bcf865d8a6f3db7b5ebf6b63bc24,C:/Users/oorie/OneDrive/Documentos/TRABALHOS/DLNM/05_publicacao_github/.git/lfs/objects/8d/1c/8d1c648548eca643dd2f79e7b3586d29a8e6bcf865d8a6f3db7b5ebf6b63bc24,TRUE,FALSE,5046,2026-06-22 08:54:03.322588,,outro,outro,controle de versão,ativo
.git/lfs/objects/8e/66/8e66bffdcac9580ceeb885d93d98521809902652f6e6385c35ae89565e379ed0,C:/Users/oorie/OneDrive/Documentos/TRABALHOS/DLNM/05_publicacao_github/.git/lfs/objects/8e/66/8e66bffdcac9580ceeb885d93d98521809902652f6e6385c35ae89565e379ed0,TRUE,FALSE,2756524,2026-06-20 12:14:27.273249,,outro,outro,controle de versão,ativo
.git/lfs/objects/8f/46/8f466cb63c3063bd706d45a8dc8e8036e6909fa0353671edda942439ecaabc55,C:/Users/oorie/OneDrive/Documentos/TRABALHOS/DLNM/05_publicacao_github/.git/lfs/objects/8f/46/8f466cb63c3063bd706d45a8dc8e8036e6909fa0353671edda942439ecaabc55,TRUE,FALSE,2407238,2026-06-20 12:14:25.695026,,outro,outro,controle de versão,ativo
.git/lfs/objects/8f/c5/8fc5667e54519cf724a924eaaf145cbf4200c0b21e72915fc7792095146b6f09,C:/Users/oorie/OneDrive/Documentos/TRABALHOS/DLNM/05_publicacao_github/.git/lfs/objects/8f/c5/8fc5667e54519cf724a924eaaf145cbf4200c0b21e72915fc7792095146b6f09,TRUE,FALSE,5062,2026-06-22 08:54:03.346649,,outro,outro,controle de versão,ativo
.git/lfs/objects/8f/e4/8fe490c521e1fd5c3c4b6b710558a8f3075cdd7c34501d9d9aa0e8a8a36ffde4,C:/Users/oorie/OneDrive/Documentos/TRABALHOS/DLNM/05_publicacao_github/.git/lfs/objects/8f/e4/8fe490c521e1fd5c3c4b6b710558a8f3075cdd7c34501d9d9aa0e8a8a36ffde4,TRUE,FALSE,99630718,2026-06-20 11:50:07.272333,,outro,outro,controle de versão,ativo
.git/lfs/objects/90/57/9057d2d020501cc7fe66c47886282b6f2503188283af261a9839c277ca1d9a36,C:/Users/oorie/OneDrive/Documentos/TRABALHOS/DLNM/05_publicacao_github/.git/lfs/objects/90/57/9057d2d020501cc7fe66c47886282b6f2503188283af261a9839c277ca1d9a36,TRUE,FALSE,2104455,2026-06-20 12:14:25.639009,,outro,outro,controle de versão,ativo
.git/lfs/objects/90/fa/90fa0a347c6b9be47919feed1066202efac68d5fd672c874630873e0230b4620,C:/Users/oorie/OneDrive/Documentos/TRABALHOS/DLNM/05_publicacao_github/.git/lfs/objects/90/fa/90fa0a347c6b9be47919feed1066202efac68d5fd672c874630873e0230b4620,TRUE,FALSE,3390550,2026-06-20 12:14:30.272875,,outro,outro,controle de versão,ativo
.git/lfs/objects/91/9d/919d27d9f330a9ce1f5623eed74c636616413962c281afa6c94bc9d94df9c9f7,C:/Users/oorie/OneDrive/Documentos/TRABALHOS/DLNM/05_publicacao_github/.git/lfs/objects/91/9d/919d27d9f330a9ce1f5623eed74c636616413962c281afa6c94bc9d94df9c9f7,TRUE,FALSE,6393,2026-06-22 08:54:03.461658,,outro,outro,controle de versão,ativo
.git/lfs/objects/91/ca/91cac4435d3de5d4ee7412318ab5f2c04648ba5e00e5b3752c008360ecfb111d,C:/Users/oorie/OneDrive/Documentos/TRABALHOS/DLNM/05_publicacao_github/.git/lfs/objects/91/ca/91cac4435d3de5d4ee7412318ab5f2c04648ba5e00e5b3752c008360ecfb111d,TRUE,FALSE,5193,2026-06-22 08:54:03.046459,,outro,outro,controle de versão,ativo
.git/lfs/objects/92/6f/926f1b63a793aceb74386f5daed52f829f4f3ac115b64bb33071c59b063dd647,C:/Users/oorie/OneDrive/Documentos/TRABALHOS/DLNM/05_publicacao_github/.git/lfs/objects/92/6f/926f1b63a793aceb74386f5daed52f829f4f3ac115b64bb33071c59b063dd647,TRUE,FALSE,7287,2026-06-22 08:54:03.488001,,outro,outro,controle de versão,ativo
.git/lfs/objects/92/f0/92f02472fbd9cb0a179073135b2082868ec794e0d706dc5cbf9b44a9a32a4b7e,C:/Users/oorie/OneDrive/Documentos/TRABALHOS/DLNM/05_publicacao_github/.git/lfs/objects/92/f0/92f02472fbd9cb0a179073135b2082868ec794e0d706dc5cbf9b44a9a32a4b7e,TRUE,FALSE,2388513,2026-06-20 12:14:25.083057,,outro,outro,controle de versão,ativo
.git/lfs/objects/93/9b/939b3b9dbf388d165d1a5a489d36a51c4dee7487973184fc5f17fe2c2d8cc3a7,C:/Users/oorie/OneDrive/Documentos/TRABALHOS/DLNM/05_publicacao_github/.git/lfs/objects/93/9b/939b3b9dbf388d165d1a5a489d36a51c4dee7487973184fc5f17fe2c2d8cc3a7,TRUE,FALSE,7701,2026-06-22 08:54:03.616467,,outro,outro,controle de versão,ativo
.git/lfs/objects/93/ea/93ea17021cf7dc17fea5faccad30f1da1f97805acf502415e7246737cb325e91,C:/Users/oorie/OneDrive/Documentos/TRABALHOS/DLNM/05_publicacao_github/.git/lfs/objects/93/ea/93ea17021cf7dc17fea5faccad30f1da1f97805acf502415e7246737cb325e91,TRUE,FALSE,97967689,2026-06-20 11:50:08.152302,,outro,outro,controle de versão,ativo
.git/lfs/objects/94/8a/948a8fdcdea7471f012cadd60201da45e7c4c7222b5ee352a399ba57d64d0123,C:/Users/oorie/OneDrive/Documentos/TRABALHOS/DLNM/05_publicacao_github/.git/lfs/objects/94/8a/948a8fdcdea7471f012cadd60201da45e7c4c7222b5ee352a399ba57d64d0123,TRUE,FALSE,1371656,2026-06-22 08:54:02.979242,,outro,outro,controle de versão,ativo
.git/lfs/objects/94/dd/94ddea399c52698f387abca6d1d499f9f55606da1ceaaaf8bbd9ba0b74b66fcf,C:/Users/oorie/OneDrive/Documentos/TRABALHOS/DLNM/05_publicacao_github/.git/lfs/objects/94/dd/94ddea399c52698f387abca6d1d499f9f55606da1ceaaaf8bbd9ba0b74b66fcf,TRUE,FALSE,6557,2026-06-22 08:54:03.444544,,outro,outro,controle de versão,ativo
.git/lfs/objects/96/ab/96ab717ca6870d8165794989f2f29b689e19a1ec53a27986aa1178c6777015f3,C:/Users/oorie/OneDrive/Documentos/TRABALHOS/DLNM/05_publicacao_github/.git/lfs/objects/96/ab/96ab717ca6870d8165794989f2f29b689e19a1ec53a27986aa1178c6777015f3,TRUE,FALSE,3378401,2026-06-20 12:14:29.594736,,outro,outro,controle de versão,ativo
.git/lfs/objects/96/ef/96ef624d5f415dd929a891720a49d329ddfdb62f08bfa0a1c71e772ea1963ac4,C:/Users/oorie/OneDrive/Documentos/TRABALHOS/DLNM/05_publicacao_github/.git/lfs/objects/96/ef/96ef624d5f415dd929a891720a49d329ddfdb62f08bfa0a1c71e772ea1963ac4,TRUE,FALSE,2169909,2026-06-20 12:14:25.618477,,outro,outro,controle de versão,ativo
.git/lfs/objects/97/0e/970efa314546c262d16e88b9bc6d13e147e5862e5384216845c1ffa6c8c668b4,C:/Users/oorie/OneDrive/Documentos/TRABALHOS/DLNM/05_publicacao_github/.git/lfs/objects/97/0e/970efa314546c262d16e88b9bc6d13e147e5862e5384216845c1ffa6c8c668b4,TRUE,FALSE,8273,2026-06-22 08:54:03.786564,,outro,outro,controle de versão,ativo
.git/lfs/objects/97/2f/972f6c2560dcbd7edd6bf5d8326e15756a959d6898d30c8512415d3950277e80,C:/Users/oorie/OneDrive/Documentos/TRABALHOS/DLNM/05_publicacao_github/.git/lfs/objects/97/2f/972f6c2560dcbd7edd6bf5d8326e15756a959d6898d30c8512415d3950277e80,TRUE,FALSE,2306270,2026-06-20 12:14:26.518709,,outro,outro,controle de versão,ativo
.git/lfs/objects/97/73/97736c796ea7498b75bc32cdc67bf7ff9fb8833954eb2f1fbd59c28e16b63047,C:/Users/oorie/OneDrive/Documentos/TRABALHOS/DLNM/05_publicacao_github/.git/lfs/objects/97/73/97736c796ea7498b75bc32cdc67bf7ff9fb8833954eb2f1fbd59c28e16b63047,TRUE,FALSE,2444785,2026-06-20 12:14:26.496143,,outro,outro,controle de versão,ativo
.git/lfs/objects/97/b0/97b00b90035bb5d8e1771914eead423dc3ee6a2371586b1ebf90fcd7377d6cdd,C:/Users/oorie/OneDrive/Documentos/TRABALHOS/DLNM/05_publicacao_github/.git/lfs/objects/97/b0/97b00b90035bb5d8e1771914eead423dc3ee6a2371586b1ebf90fcd7377d6cdd,TRUE,FALSE,3222908,2026-06-20 12:14:29.148252,,outro,outro,controle de versão,ativo
.git/lfs/objects/97/e8/97e8773bee62bc081bf1a31ca4298119e1a03db25e5867174860c0e7c5f75905,C:/Users/oorie/OneDrive/Documentos/TRABALHOS/DLNM/05_publicacao_github/.git/lfs/objects/97/e8/97e8773bee62bc081bf1a31ca4298119e1a03db25e5867174860c0e7c5f75905,TRUE,FALSE,3357456,2026-06-20 12:14:29.893414,,outro,outro,controle de versão,ativo
.git/lfs/objects/98/29/9829b4e8d16b3a620dfc64004b6abc0989325d9d99f3e62d67ff6e4919f33873,C:/Users/oorie/OneDrive/Documentos/TRABALHOS/DLNM/05_publicacao_github/.git/lfs/objects/98/29/9829b4e8d16b3a620dfc64004b6abc0989325d9d99f3e62d67ff6e4919f33873,TRUE,FALSE,2505349,2026-06-20 12:14:27.830179,,outro,outro,controle de versão,ativo
.git/lfs/objects/98/f7/98f75635a90775e1d709e5d6099a6a8929128610299053e4ce248fb511b629c1,C:/Users/oorie/OneDrive/Documentos/TRABALHOS/DLNM/05_publicacao_github/.git/lfs/objects/98/f7/98f75635a90775e1d709e5d6099a6a8929128610299053e4ce248fb511b629c1,TRUE,FALSE,6271,2026-06-22 08:54:03.454733,,outro,outro,controle de versão,ativo
.git/lfs/objects/99/ed/99ed620811c23d323aa9aa2deb4415ee918b89a82c67e561a06a700d54497271,C:/Users/oorie/OneDrive/Documentos/TRABALHOS/DLNM/05_publicacao_github/.git/lfs/objects/99/ed/99ed620811c23d323aa9aa2deb4415ee918b89a82c67e561a06a700d54497271,TRUE,FALSE,906961,2026-06-22 08:54:02.955015,,outro,outro,controle de versão,ativo
.git/lfs/objects/99/f6/99f686c28afb063f27d607a7fa552a4b341db9e8f81ab34172a1b634cd5fd9dd,C:/Users/oorie/OneDrive/Documentos/TRABALHOS/DLNM/05_publicacao_github/.git/lfs/objects/99/f6/99f686c28afb063f27d607a7fa552a4b341db9e8f81ab34172a1b634cd5fd9dd,TRUE,FALSE,7406,2026-06-22 08:54:03.549557,,outro,outro,controle de versão,ativo
.git/lfs/objects/9a/25/9a25ecaf25d0d3863d784dda5051a05fd5201d5af6852a50f62f13737039b53b,C:/Users/oorie/OneDrive/Documentos/TRABALHOS/DLNM/05_publicacao_github/.git/lfs/objects/9a/25/9a25ecaf25d0d3863d784dda5051a05fd5201d5af6852a50f62f13737039b53b,TRUE,FALSE,7515,2026-06-22 08:54:03.597292,,outro,outro,controle de versão,ativo
.git/lfs/objects/9a/30/9a30c342a444e500504bd0f8a2090a69a65d1f8133ab8474b354289403396491,C:/Users/oorie/OneDrive/Documentos/TRABALHOS/DLNM/05_publicacao_github/.git/lfs/objects/9a/30/9a30c342a444e500504bd0f8a2090a69a65d1f8133ab8474b354289403396491,TRUE,FALSE,7349,2026-06-22 08:54:03.666578,,outro,outro,controle de versão,ativo
.git/lfs/objects/9a/48/9a4896fd9314158fae7848349a87f926145c977ea4194cc1e27cd41415502615,C:/Users/oorie/OneDrive/Documentos/TRABALHOS/DLNM/05_publicacao_github/.git/lfs/objects/9a/48/9a4896fd9314158fae7848349a87f926145c977ea4194cc1e27cd41415502615,TRUE,FALSE,4752217,2026-06-20 12:14:30.392355,,outro,outro,controle de versão,ativo
.git/lfs/objects/9c/4a/9c4ae38cf7c5db72f860f6bec3420ab4258ec4cdb516de97a80cfa700f3d2f5a,C:/Users/oorie/OneDrive/Documentos/TRABALHOS/DLNM/05_publicacao_github/.git/lfs/objects/9c/4a/9c4ae38cf7c5db72f860f6bec3420ab4258ec4cdb516de97a80cfa700f3d2f5a,TRUE,FALSE,7416,2026-06-22 08:54:03.570471,,outro,outro,controle de versão,ativo
.git/lfs/objects/9c/68/9c68d2e58e5765e36683787e769594c490c877f3f5d7348eb79e17aa3b1ca459,C:/Users/oorie/OneDrive/Documentos/TRABALHOS/DLNM/05_publicacao_github/.git/lfs/objects/9c/68/9c68d2e58e5765e36683787e769594c490c877f3f5d7348eb79e17aa3b1ca459,TRUE,FALSE,5038,2026-06-22 08:54:03.290264,,outro,outro,controle de versão,ativo
.git/lfs/objects/9c/96/9c96d194a568d784c735c924ef533b63d1298d08b8145843a91b54cf083ee28f,C:/Users/oorie/OneDrive/Documentos/TRABALHOS/DLNM/05_publicacao_github/.git/lfs/objects/9c/96/9c96d194a568d784c735c924ef533b63d1298d08b8145843a91b54cf083ee28f,TRUE,FALSE,7723,2026-06-22 08:54:03.724663,,outro,outro,controle de versão,ativo
.git/lfs/objects/9d/3c/9d3c5072a58b38d6b971b350f235e956f1878c82da50fa99788eb3ebd6957e84,C:/Users/oorie/OneDrive/Documentos/TRABALHOS/DLNM/05_publicacao_github/.git/lfs/objects/9d/3c/9d3c5072a58b38d6b971b350f235e956f1878c82da50fa99788eb3ebd6957e84,TRUE,FALSE,4905,2026-06-22 08:54:03.200399,,outro,outro,controle de versão,ativo
.git/lfs/objects/9d/c5/9dc53f6c94d4ef45d6cbbc1592173065687123942adb46c0af54e2483fcc3f91,C:/Users/oorie/OneDrive/Documentos/TRABALHOS/DLNM/05_publicacao_github/.git/lfs/objects/9d/c5/9dc53f6c94d4ef45d6cbbc1592173065687123942adb46c0af54e2483fcc3f91,TRUE,FALSE,3530020,2026-06-20 12:14:30.130606,,outro,outro,controle de versão,ativo
.git/lfs/objects/9e/06/9e0624e73f70fa029a39c3dc2a104c9594975e5ecdaf6773a8cb9f982e60dd5c,C:/Users/oorie/OneDrive/Documentos/TRABALHOS/DLNM/05_publicacao_github/.git/lfs/objects/9e/06/9e0624e73f70fa029a39c3dc2a104c9594975e5ecdaf6773a8cb9f982e60dd5c,TRUE,FALSE,2496598,2026-06-20 12:14:27.699709,,outro,outro,controle de versão,ativo
.git/lfs/objects/9e/cc/9ecc9436ef06e37ac8b0b29a2ecc544de7f8365fbae50aaada3ee08c9e27d55b,C:/Users/oorie/OneDrive/Documentos/TRABALHOS/DLNM/05_publicacao_github/.git/lfs/objects/9e/cc/9ecc9436ef06e37ac8b0b29a2ecc544de7f8365fbae50aaada3ee08c9e27d55b,TRUE,FALSE,5976,2026-06-22 08:54:03.388885,,outro,outro,controle de versão,ativo
.git/lfs/objects/9f/56/9f566f8e1adb608128c3a98838e983525628a29632ed23d02c8f4333947d2636,C:/Users/oorie/OneDrive/Documentos/TRABALHOS/DLNM/05_publicacao_github/.git/lfs/objects/9f/56/9f566f8e1adb608128c3a98838e983525628a29632ed23d02c8f4333947d2636,TRUE,FALSE,6706,2026-06-22 08:54:03.47109,,outro,outro,controle de versão,ativo
.git/lfs/objects/9f/d9/9fd9090704fe27cfdbe6a50ed9e048d847522fcc2aced52087e5ea2e7d53a405,C:/Users/oorie/OneDrive/Documentos/TRABALHOS/DLNM/05_publicacao_github/.git/lfs/objects/9f/d9/9fd9090704fe27cfdbe6a50ed9e048d847522fcc2aced52087e5ea2e7d53a405,TRUE,FALSE,4959,2026-06-22 08:54:03.134989,,outro,outro,controle de versão,ativo
.git/lfs/objects/a0/b1/a0b10ff0aa46a0e744ab2b682e87025f969b23f4a2b9055af57cc7fb47baf063,C:/Users/oorie/OneDrive/Documentos/TRABALHOS/DLNM/05_publicacao_github/.git/lfs/objects/a0/b1/a0b10ff0aa46a0e744ab2b682e87025f969b23f4a2b9055af57cc7fb47baf063,TRUE,FALSE,2654262,2026-06-20 12:14:27.093916,,outro,outro,controle de versão,ativo
.git/lfs/objects/a1/26/a12639cc1355cd5982cc20bba243f36ffc805a6349c96be4157e0653f82402a6,C:/Users/oorie/OneDrive/Documentos/TRABALHOS/DLNM/05_publicacao_github/.git/lfs/objects/a1/26/a12639cc1355cd5982cc20bba243f36ffc805a6349c96be4157e0653f82402a6,TRUE,FALSE,2949393,2026-06-20 12:14:28.734442,,outro,outro,controle de versão,ativo
.git/lfs/objects/a1/6f/a16fcf4adffd33d5d79700feea4d36593baae5f0f0ff2d655cef016531dcd2a4,C:/Users/oorie/OneDrive/Documentos/TRABALHOS/DLNM/05_publicacao_github/.git/lfs/objects/a1/6f/a16fcf4adffd33d5d79700feea4d36593baae5f0f0ff2d655cef016531dcd2a4,TRUE,FALSE,6370,2026-06-22 08:54:03.380573,,outro,outro,controle de versão,ativo
.git/lfs/objects/a3/38/a338b165239511837a4fabbd65cfc04e9c92917c91973483c6bedc10ba33c76c,C:/Users/oorie/OneDrive/Documentos/TRABALHOS/DLNM/05_publicacao_github/.git/lfs/objects/a3/38/a338b165239511837a4fabbd65cfc04e9c92917c91973483c6bedc10ba33c76c,TRUE,FALSE,7971,2026-06-22 08:54:03.757189,,outro,outro,controle de versão,ativo
.git/lfs/objects/a3/49/a34909937e338dc84d633fff8e5271057b5fbd1256924233944a90a0c264d713,C:/Users/oorie/OneDrive/Documentos/TRABALHOS/DLNM/05_publicacao_github/.git/lfs/objects/a3/49/a34909937e338dc84d633fff8e5271057b5fbd1256924233944a90a0c264d713,TRUE,FALSE,8107,2026-06-22 08:54:03.830606,,outro,outro,controle de versão,ativo
.git/lfs/objects/a5/a5/a5a5f4ad5405ecd350fd7626dfccb58fe0af84757fc461ca7294eb1bf2af80a0,C:/Users/oorie/OneDrive/Documentos/TRABALHOS/DLNM/05_publicacao_github/.git/lfs/objects/a5/a5/a5a5f4ad5405ecd350fd7626dfccb58fe0af84757fc461ca7294eb1bf2af80a0,TRUE,FALSE,2398238,2026-06-20 12:14:25.73241,,outro,outro,controle de versão,ativo
.git/lfs/objects/a6/65/a665f207d0c95bcbf352fe6c91a52f8466ac12220a4f354c23e6a7835a8bac58,C:/Users/oorie/OneDrive/Documentos/TRABALHOS/DLNM/05_publicacao_github/.git/lfs/objects/a6/65/a665f207d0c95bcbf352fe6c91a52f8466ac12220a4f354c23e6a7835a8bac58,TRUE,FALSE,90166397,2026-06-20 11:50:06.051714,,outro,outro,controle de versão,ativo
.git/lfs/objects/a7/6b/a76b0f45890ea67257c88cd2d59e5723b5f75c2efb5bfc3407e3eb3660e470cf,C:/Users/oorie/OneDrive/Documentos/TRABALHOS/DLNM/05_publicacao_github/.git/lfs/objects/a7/6b/a76b0f45890ea67257c88cd2d59e5723b5f75c2efb5bfc3407e3eb3660e470cf,TRUE,FALSE,2844647,2026-06-20 12:14:28.169563,,outro,outro,controle de versão,ativo
.git/lfs/objects/a7/6b/a76bbb8aac969882b18a517ff6315ca11cc7abdf07b089caa3d2f9b1a84c630f,C:/Users/oorie/OneDrive/Documentos/TRABALHOS/DLNM/05_publicacao_github/.git/lfs/objects/a7/6b/a76bbb8aac969882b18a517ff6315ca11cc7abdf07b089caa3d2f9b1a84c630f,TRUE,FALSE,4475,2026-06-22 08:54:03.298449,,outro,outro,controle de versão,ativo
.git/lfs/objects/a8/3e/a83e9897031db963fcd263ad1e33045204ed9de640ae6913413d7122d8a6f82a,C:/Users/oorie/OneDrive/Documentos/TRABALHOS/DLNM/05_publicacao_github/.git/lfs/objects/a8/3e/a83e9897031db963fcd263ad1e33045204ed9de640ae6913413d7122d8a6f82a,TRUE,FALSE,6775,2026-06-22 08:54:03.4746,,outro,outro,controle de versão,ativo
.git/lfs/objects/a8/c7/a8c75673ac3dfe83c9306e89b4c6df460c53f40d1e6c1278c4d4c0d69923ec7e,C:/Users/oorie/OneDrive/Documentos/TRABALHOS/DLNM/05_publicacao_github/.git/lfs/objects/a8/c7/a8c75673ac3dfe83c9306e89b4c6df460c53f40d1e6c1278c4d4c0d69923ec7e,TRUE,FALSE,5599,2026-06-22 08:54:03.338768,,outro,outro,controle de versão,ativo
.git/lfs/objects/a9/6f/a96f361d739234fd641c8808d7a90cb4b1de139205543ef30d3192fda579aad0,C:/Users/oorie/OneDrive/Documentos/TRABALHOS/DLNM/05_publicacao_github/.git/lfs/objects/a9/6f/a96f361d739234fd641c8808d7a90cb4b1de139205543ef30d3192fda579aad0,TRUE,FALSE,8153,2026-06-22 08:54:03.854362,,outro,outro,controle de versão,ativo
.git/lfs/objects/a9/c8/a9c8a38c0fd520f3aea85328fda6b1a056739126ad9b0e45a614ede55d655c3c,C:/Users/oorie/OneDrive/Documentos/TRABALHOS/DLNM/05_publicacao_github/.git/lfs/objects/a9/c8/a9c8a38c0fd520f3aea85328fda6b1a056739126ad9b0e45a614ede55d655c3c,TRUE,FALSE,7702,2026-06-22 08:54:03.678751,,outro,outro,controle de versão,ativo
.git/lfs/objects/aa/1a/aa1ad1c4f7b8a75069a782fb75365fbc7f66e2114c074096f70bac10fe3a6ac3,C:/Users/oorie/OneDrive/Documentos/TRABALHOS/DLNM/05_publicacao_github/.git/lfs/objects/aa/1a/aa1ad1c4f7b8a75069a782fb75365fbc7f66e2114c074096f70bac10fe3a6ac3,TRUE,FALSE,6151,2026-06-22 08:54:03.408806,,outro,outro,controle de versão,ativo
.git/lfs/objects/aa/5f/aa5f4f13070de3263be7d2e75b966cb95187c564799f74d24d29522f5e196d97,C:/Users/oorie/OneDrive/Documentos/TRABALHOS/DLNM/05_publicacao_github/.git/lfs/objects/aa/5f/aa5f4f13070de3263be7d2e75b966cb95187c564799f74d24d29522f5e196d97,TRUE,FALSE,3369179,2026-06-20 12:14:28.853777,,outro,outro,controle de versão,ativo
.git/lfs/objects/aa/a3/aaa3d234249f00f8a438a6f16ea06d9f1135c7859578f05a1bf8b5171f487c34,C:/Users/oorie/OneDrive/Documentos/TRABALHOS/DLNM/05_publicacao_github/.git/lfs/objects/aa/a3/aaa3d234249f00f8a438a6f16ea06d9f1135c7859578f05a1bf8b5171f487c34,TRUE,FALSE,7243,2026-06-22 08:54:03.534668,,outro,outro,controle de versão,ativo
.git/lfs/objects/aa/c7/aac7ad8534200e02d6ac6a62dda4c0b598029970ec6356563804badc7ca32fdf,C:/Users/oorie/OneDrive/Documentos/TRABALHOS/DLNM/05_publicacao_github/.git/lfs/objects/aa/c7/aac7ad8534200e02d6ac6a62dda4c0b598029970ec6356563804badc7ca32fdf,TRUE,FALSE,2363665,2026-06-20 12:14:27.903126,,outro,outro,controle de versão,ativo
.git/lfs/objects/ab/5d/ab5d81af93e435eb6b65efb0ebda2e0b82e99e5114d4d64a95d6f53de673964e,C:/Users/oorie/OneDrive/Documentos/TRABALHOS/DLNM/05_publicacao_github/.git/lfs/objects/ab/5d/ab5d81af93e435eb6b65efb0ebda2e0b82e99e5114d4d64a95d6f53de673964e,TRUE,FALSE,4919446,2026-06-20 12:14:30.467268,,outro,outro,controle de versão,ativo
.git/lfs/objects/ac/8e/ac8ed39eef297284583825adf4faacfa6f70b277d63ad2eaef07b3e5c6f3bd34,C:/Users/oorie/OneDrive/Documentos/TRABALHOS/DLNM/05_publicacao_github/.git/lfs/objects/ac/8e/ac8ed39eef297284583825adf4faacfa6f70b277d63ad2eaef07b3e5c6f3bd34,TRUE,FALSE,2294619,2026-06-20 12:14:25.350206,,outro,outro,controle de versão,ativo
.git/lfs/objects/ad/a9/ada9ba31e40aa62db2409b7b91ca29956c5f403879f0141ed13952f842b39a9f,C:/Users/oorie/OneDrive/Documentos/TRABALHOS/DLNM/05_publicacao_github/.git/lfs/objects/ad/a9/ada9ba31e40aa62db2409b7b91ca29956c5f403879f0141ed13952f842b39a9f,TRUE,FALSE,2681967,2026-06-20 12:14:27.000282,,outro,outro,controle de versão,ativo
.git/lfs/objects/ad/e1/ade1485af59aaf3449b476c3ba33112a6c7bce15d70f0ce5ed8332d31f62443f,C:/Users/oorie/OneDrive/Documentos/TRABALHOS/DLNM/05_publicacao_github/.git/lfs/objects/ad/e1/ade1485af59aaf3449b476c3ba33112a6c7bce15d70f0ce5ed8332d31f62443f,TRUE,FALSE,2631438,2026-06-20 12:14:27.07222,,outro,outro,controle de versão,ativo
.git/lfs/objects/ae/78/ae780941ecdc1c3c32b7bad74c930e85d92fe1d069125db0d810c325128d75d0,C:/Users/oorie/OneDrive/Documentos/TRABALHOS/DLNM/05_publicacao_github/.git/lfs/objects/ae/78/ae780941ecdc1c3c32b7bad74c930e85d92fe1d069125db0d810c325128d75d0,TRUE,FALSE,7633,2026-06-22 08:54:03.706108,,outro,outro,controle de versão,ativo
.git/lfs/objects/ae/89/ae89d5138326bd7978d2f5f0093179b9ae6310c67ff7317eaabcfd6469b7067c,C:/Users/oorie/OneDrive/Documentos/TRABALHOS/DLNM/05_publicacao_github/.git/lfs/objects/ae/89/ae89d5138326bd7978d2f5f0093179b9ae6310c67ff7317eaabcfd6469b7067c,TRUE,FALSE,2677913,2026-06-20 12:14:26.806324,,outro,outro,controle de versão,ativo
.git/lfs/objects/b1/73/b17391392cc1219151977cc2c46a7ab24368d821fd780311da9fff62a627bfd8,C:/Users/oorie/OneDrive/Documentos/TRABALHOS/DLNM/05_publicacao_github/.git/lfs/objects/b1/73/b17391392cc1219151977cc2c46a7ab24368d821fd780311da9fff62a627bfd8,TRUE,FALSE,107069252,2026-06-20 11:50:14.84589,,outro,outro,controle de versão,ativo
.git/lfs/objects/b1/d7/b1d727d44609a8caee869d2e76ec0d537ad81bbd088a7e3a1ffdce8d4f6426b1,C:/Users/oorie/OneDrive/Documentos/TRABALHOS/DLNM/05_publicacao_github/.git/lfs/objects/b1/d7/b1d727d44609a8caee869d2e76ec0d537ad81bbd088a7e3a1ffdce8d4f6426b1,TRUE,FALSE,4866,2026-06-22 08:54:03.314188,,outro,outro,controle de versão,ativo
.git/lfs/objects/b3/0e/b30e336292918d7fb411c15c8a87f14481328fdf3aa18aea33905f58b00e6fc5,C:/Users/oorie/OneDrive/Documentos/TRABALHOS/DLNM/05_publicacao_github/.git/lfs/objects/b3/0e/b30e336292918d7fb411c15c8a87f14481328fdf3aa18aea33905f58b00e6fc5,TRUE,FALSE,2524653,2026-06-20 12:14:27.769707,,outro,outro,controle de versão,ativo
.git/lfs/objects/b3/2b/b32ba817a68bf66a100275d502c9782106eb1c7909dd513bdbe9989dfc6ecc32,C:/Users/oorie/OneDrive/Documentos/TRABALHOS/DLNM/05_publicacao_github/.git/lfs/objects/b3/2b/b32ba817a68bf66a100275d502c9782106eb1c7909dd513bdbe9989dfc6ecc32,TRUE,FALSE,6256,2026-06-22 08:54:03.361591,,outro,outro,controle de versão,ativo
.git/lfs/objects/b4/7a/b47ada8ac25df308b0b85c90c1bbe70e46d25fa93db6e88cb023f5c5181cd7f6,C:/Users/oorie/OneDrive/Documentos/TRABALHOS/DLNM/05_publicacao_github/.git/lfs/objects/b4/7a/b47ada8ac25df308b0b85c90c1bbe70e46d25fa93db6e88cb023f5c5181cd7f6,TRUE,FALSE,6141,2026-06-22 08:54:03.37711,,outro,outro,controle de versão,ativo
.git/lfs/objects/b4/b7/b4b74b55040d245851417e27de86e34cec5322693a7af315e709f50ac04576e4,C:/Users/oorie/OneDrive/Documentos/TRABALHOS/DLNM/05_publicacao_github/.git/lfs/objects/b4/b7/b4b74b55040d245851417e27de86e34cec5322693a7af315e709f50ac04576e4,TRUE,FALSE,8037,2026-06-22 08:54:03.845873,,outro,outro,controle de versão,ativo
.git/lfs/objects/b4/c0/b4c0ad86c94c06546937e7a300250f5f293ee07692c2b05f23b5611d520239eb,C:/Users/oorie/OneDrive/Documentos/TRABALHOS/DLNM/05_publicacao_github/.git/lfs/objects/b4/c0/b4c0ad86c94c06546937e7a300250f5f293ee07692c2b05f23b5611d520239eb,TRUE,FALSE,2553869,2026-06-20 12:14:26.382607,,outro,outro,controle de versão,ativo
.git/lfs/objects/b6/0d/b60deccf4f6dff4f3cfb18ad87630b36764c9fb4a9d7d3c413da143967eeaad4,C:/Users/oorie/OneDrive/Documentos/TRABALHOS/DLNM/05_publicacao_github/.git/lfs/objects/b6/0d/b60deccf4f6dff4f3cfb18ad87630b36764c9fb4a9d7d3c413da143967eeaad4,TRUE,FALSE,2488534,2026-06-20 12:14:26.017904,,outro,outro,controle de versão,ativo
.git/lfs/objects/b6/7a/b67aa16a831b599655e575f5500c985c189f69e6ec269ecdfc3e806dcefd74f7,C:/Users/oorie/OneDrive/Documentos/TRABALHOS/DLNM/05_publicacao_github/.git/lfs/objects/b6/7a/b67aa16a831b599655e575f5500c985c189f69e6ec269ecdfc3e806dcefd74f7,TRUE,FALSE,3036669,2026-06-20 12:14:28.512209,,outro,outro,controle de versão,ativo
.git/lfs/objects/b7/c4/b7c48976ffb0caf55192c9e176476a4599c6b4655a4cb9721900cfe8238a6232,C:/Users/oorie/OneDrive/Documentos/TRABALHOS/DLNM/05_publicacao_github/.git/lfs/objects/b7/c4/b7c48976ffb0caf55192c9e176476a4599c6b4655a4cb9721900cfe8238a6232,TRUE,FALSE,3640356,2026-06-20 12:14:30.199488,,outro,outro,controle de versão,ativo
.git/lfs/objects/b8/4e/b84e1cdef3ece9854f6e39e2d985d73e38d101646dd5b35a7c3f0bf7cf8602ab,C:/Users/oorie/OneDrive/Documentos/TRABALHOS/DLNM/05_publicacao_github/.git/lfs/objects/b8/4e/b84e1cdef3ece9854f6e39e2d985d73e38d101646dd5b35a7c3f0bf7cf8602ab,TRUE,FALSE,8037,2026-06-22 08:54:03.797085,,outro,outro,controle de versão,ativo
.git/lfs/objects/b8/76/b87685df7a8b92fad4271f290773249e3c6cc1238885055508ceff358019f445,C:/Users/oorie/OneDrive/Documentos/TRABALHOS/DLNM/05_publicacao_github/.git/lfs/objects/b8/76/b87685df7a8b92fad4271f290773249e3c6cc1238885055508ceff358019f445,TRUE,FALSE,4720,2026-06-22 08:54:03.019487,,outro,outro,controle de versão,ativo
.git/lfs/objects/b8/d1/b8d1aa69913c964def07be9aa4c96bdadf2c4cff02d19a631e46a2b3322cf06e,C:/Users/oorie/OneDrive/Documentos/TRABALHOS/DLNM/05_publicacao_github/.git/lfs/objects/b8/d1/b8d1aa69913c964def07be9aa4c96bdadf2c4cff02d19a631e46a2b3322cf06e,TRUE,FALSE,2721773,2026-06-20 12:14:27.051867,,outro,outro,controle de versão,ativo
.git/lfs/objects/b8/ea/b8eace292dfef3a1226b0ad224f30e7465c601e7f3649a5acd9b940c358b414c,C:/Users/oorie/OneDrive/Documentos/TRABALHOS/DLNM/05_publicacao_github/.git/lfs/objects/b8/ea/b8eace292dfef3a1226b0ad224f30e7465c601e7f3649a5acd9b940c358b414c,TRUE,FALSE,4952,2026-06-22 08:54:03.15082,,outro,outro,controle de versão,ativo
.git/lfs/objects/b9/c9/b9c9105f99a6f4c9e5102270de21457f61e7af5de2a12f8c3e1eba815befbec5,C:/Users/oorie/OneDrive/Documentos/TRABALHOS/DLNM/05_publicacao_github/.git/lfs/objects/b9/c9/b9c9105f99a6f4c9e5102270de21457f61e7af5de2a12f8c3e1eba815befbec5,TRUE,FALSE,7210869,2026-06-20 12:14:30.880337,,outro,outro,controle de versão,ativo
.git/lfs/objects/ba/5f/ba5f2a1b18a09709d00a551ea63cd5348830204d321205496a75eab8434be122,C:/Users/oorie/OneDrive/Documentos/TRABALHOS/DLNM/05_publicacao_github/.git/lfs/objects/ba/5f/ba5f2a1b18a09709d00a551ea63cd5348830204d321205496a75eab8434be122,TRUE,FALSE,5754,2026-06-22 08:54:03.357109,,outro,outro,controle de versão,ativo
.git/lfs/objects/ba/6c/ba6ce8a4f481dbd98f92ec4dbf1cae8a749f332f2a8562dddd09d2028ead0f38,C:/Users/oorie/OneDrive/Documentos/TRABALHOS/DLNM/05_publicacao_github/.git/lfs/objects/ba/6c/ba6ce8a4f481dbd98f92ec4dbf1cae8a749f332f2a8562dddd09d2028ead0f38,TRUE,FALSE,3318495,2026-06-20 12:14:29.066267,,outro,outro,controle de versão,ativo
.git/lfs/objects/bb/59/bb59cd98467ab86dcf031ff37bbfe8ea4f0459e20e4fbede7c3f79b863e81ec1,C:/Users/oorie/OneDrive/Documentos/TRABALHOS/DLNM/05_publicacao_github/.git/lfs/objects/bb/59/bb59cd98467ab86dcf031ff37bbfe8ea4f0459e20e4fbede7c3f79b863e81ec1,TRUE,FALSE,2818311,2026-06-20 12:14:27.37332,,outro,outro,controle de versão,ativo
.git/lfs/objects/bc/4a/bc4acbdc16f173fa05e17cb7eb8654795fe5b8149bc8281eb11e7f109eb75dd8,C:/Users/oorie/OneDrive/Documentos/TRABALHOS/DLNM/05_publicacao_github/.git/lfs/objects/bc/4a/bc4acbdc16f173fa05e17cb7eb8654795fe5b8149bc8281eb11e7f109eb75dd8,TRUE,FALSE,4795,2026-06-22 08:54:03.107569,,outro,outro,controle de versão,ativo
.git/lfs/objects/bc/e9/bce9a4947a319bafe6f0642374a27fd8052cf6af61e51d5fc6aaeda4f3c2bea8,C:/Users/oorie/OneDrive/Documentos/TRABALHOS/DLNM/05_publicacao_github/.git/lfs/objects/bc/e9/bce9a4947a319bafe6f0642374a27fd8052cf6af61e51d5fc6aaeda4f3c2bea8,TRUE,FALSE,2737762,2026-06-20 12:14:27.430569,,outro,outro,controle de versão,ativo
.git/lfs/objects/bf/96/bf96b33518c4f53f7bc4cf1d03526d5991b4db3cea8cfd8fb7e9f4abc815b82e,C:/Users/oorie/OneDrive/Documentos/TRABALHOS/DLNM/05_publicacao_github/.git/lfs/objects/bf/96/bf96b33518c4f53f7bc4cf1d03526d5991b4db3cea8cfd8fb7e9f4abc815b82e,TRUE,FALSE,2239153,2026-06-20 12:14:27.60437,,outro,outro,controle de versão,ativo
.git/lfs/objects/c0/2d/c02d925c37ef32566b4bb30490bf04c73923545823dc55d7a4e5a26bc4b8e080,C:/Users/oorie/OneDrive/Documentos/TRABALHOS/DLNM/05_publicacao_github/.git/lfs/objects/c0/2d/c02d925c37ef32566b4bb30490bf04c73923545823dc55d7a4e5a26bc4b8e080,TRUE,FALSE,7470,2026-06-22 08:54:03.553226,,outro,outro,controle de versão,ativo
.git/lfs/objects/c0/49/c049d955b19259483fbb9e18274fd37a6c8a3fd045fff03cb852f43cfeca1b8c,C:/Users/oorie/OneDrive/Documentos/TRABALHOS/DLNM/05_publicacao_github/.git/lfs/objects/c0/49/c049d955b19259483fbb9e18274fd37a6c8a3fd045fff03cb852f43cfeca1b8c,TRUE,FALSE,2148543,2026-06-20 12:14:24.979702,,outro,outro,controle de versão,ativo
.git/lfs/objects/c0/bc/c0bccfce02c84f86bd4547885e2a23e606e6e6b14141bc3927568ced618499ca,C:/Users/oorie/OneDrive/Documentos/TRABALHOS/DLNM/05_publicacao_github/.git/lfs/objects/c0/bc/c0bccfce02c84f86bd4547885e2a23e606e6e6b14141bc3927568ced618499ca,TRUE,FALSE,3329453,2026-06-20 12:14:29.532484,,outro,outro,controle de versão,ativo
.git/lfs/objects/c0/f9/c0f98958ae7e9b0a6d8335762552e705dd68a3595b1bd5c5b36e5a79e684ae7c,C:/Users/oorie/OneDrive/Documentos/TRABALHOS/DLNM/05_publicacao_github/.git/lfs/objects/c0/f9/c0f98958ae7e9b0a6d8335762552e705dd68a3595b1bd5c5b36e5a79e684ae7c,TRUE,FALSE,2175926,2026-06-20 12:14:25.124125,,outro,outro,controle de versão,ativo
.git/lfs/objects/c1/2e/c12e121acd9bb6e652b348897762cd44b1eb2dfeac61e84bf16e2927ddcb0bff,C:/Users/oorie/OneDrive/Documentos/TRABALHOS/DLNM/05_publicacao_github/.git/lfs/objects/c1/2e/c12e121acd9bb6e652b348897762cd44b1eb2dfeac61e84bf16e2927ddcb0bff,TRUE,FALSE,2469727,2026-06-20 12:14:27.800749,,outro,outro,controle de versão,ativo
.git/lfs/objects/c1/a3/c1a33eef777e0d3b051ff873afff208369f44dc364e2100e3142eb349de5f596,C:/Users/oorie/OneDrive/Documentos/TRABALHOS/DLNM/05_publicacao_github/.git/lfs/objects/c1/a3/c1a33eef777e0d3b051ff873afff208369f44dc364e2100e3142eb349de5f596,TRUE,FALSE,2549949,2026-06-20 12:14:25.234386,,outro,outro,controle de versão,ativo
.git/lfs/objects/c2/3b/c23ba903994a5fab372d1ba47fa2bd3161930089c417d2a8e698ed66408a902c,C:/Users/oorie/OneDrive/Documentos/TRABALHOS/DLNM/05_publicacao_github/.git/lfs/objects/c2/3b/c23ba903994a5fab372d1ba47fa2bd3161930089c417d2a8e698ed66408a902c,TRUE,FALSE,2790325,2026-06-20 12:14:27.036148,,outro,outro,controle de versão,ativo
.git/lfs/objects/c2/77/c27796d4b25aa642cec2ffd1c54674dbf3b68992afe73e34c9adeb3b80855e63,C:/Users/oorie/OneDrive/Documentos/TRABALHOS/DLNM/05_publicacao_github/.git/lfs/objects/c2/77/c27796d4b25aa642cec2ffd1c54674dbf3b68992afe73e34c9adeb3b80855e63,TRUE,FALSE,4905,2026-06-22 08:54:03.191683,,outro,outro,controle de versão,ativo
.git/lfs/objects/c2/9d/c29d6821ed2285e7cfb4a1425e989494026addaf0d35f5841a3693cdd0649a07,C:/Users/oorie/OneDrive/Documentos/TRABALHOS/DLNM/05_publicacao_github/.git/lfs/objects/c2/9d/c29d6821ed2285e7cfb4a1425e989494026addaf0d35f5841a3693cdd0649a07,TRUE,FALSE,2549448,2026-06-20 12:14:26.185286,,outro,outro,controle de versão,ativo
.git/lfs/objects/c3/9e/c39e6019a29527cf6f0e60a8778d18449509f7b5bf98d93c0ea9fbcdc2021537,C:/Users/oorie/OneDrive/Documentos/TRABALHOS/DLNM/05_publicacao_github/.git/lfs/objects/c3/9e/c39e6019a29527cf6f0e60a8778d18449509f7b5bf98d93c0ea9fbcdc2021537,TRUE,FALSE,5559,2026-06-22 08:54:03.342758,,outro,outro,controle de versão,ativo
.git/lfs/objects/c3/b8/c3b85d733c32f706c78124f8bcc6118fbc1bea347af83eb28dc1bfa353478976,C:/Users/oorie/OneDrive/Documentos/TRABALHOS/DLNM/05_publicacao_github/.git/lfs/objects/c3/b8/c3b85d733c32f706c78124f8bcc6118fbc1bea347af83eb28dc1bfa353478976,TRUE,FALSE,3467394,2026-06-20 12:14:29.570553,,outro,outro,controle de versão,ativo
.git/lfs/objects/c4/16/c4167d1211cc80b211ec85cb802165d79c5d385079f1d762e93abe7baa9842b4,C:/Users/oorie/OneDrive/Documentos/TRABALHOS/DLNM/05_publicacao_github/.git/lfs/objects/c4/16/c4167d1211cc80b211ec85cb802165d79c5d385079f1d762e93abe7baa9842b4,TRUE,FALSE,3425234,2026-06-20 12:14:30.226482,,outro,outro,controle de versão,ativo
.git/lfs/objects/c4/61/c46136b9070983c09fbaf72381fae1f3388f673b2e7eb0eb1c87df5d30d910cd,C:/Users/oorie/OneDrive/Documentos/TRABALHOS/DLNM/05_publicacao_github/.git/lfs/objects/c4/61/c46136b9070983c09fbaf72381fae1f3388f673b2e7eb0eb1c87df5d30d910cd,TRUE,FALSE,4700,2026-06-22 08:54:03.002851,,outro,outro,controle de versão,ativo
.git/lfs/objects/c4/a5/c4a58373dddeb9b4f54231bcd990b06467ae8afe5764f351a760e2e3e6ca2bda,C:/Users/oorie/OneDrive/Documentos/TRABALHOS/DLNM/05_publicacao_github/.git/lfs/objects/c4/a5/c4a58373dddeb9b4f54231bcd990b06467ae8afe5764f351a760e2e3e6ca2bda,TRUE,FALSE,4242,2026-06-22 08:54:02.992527,,outro,outro,controle de versão,ativo
.git/lfs/objects/c4/c8/c4c88833e7c88327c957f9081ecd426552f8c6197808a4843f1346fc5e5d51bc,C:/Users/oorie/OneDrive/Documentos/TRABALHOS/DLNM/05_publicacao_github/.git/lfs/objects/c4/c8/c4c88833e7c88327c957f9081ecd426552f8c6197808a4843f1346fc5e5d51bc,TRUE,FALSE,2814761,2026-06-20 12:14:28.386019,,outro,outro,controle de versão,ativo
.git/lfs/objects/c5/e1/c5e15f373ce85b894272341766a214dbe333c4b4ab18cc92a66da5023242b96e,C:/Users/oorie/OneDrive/Documentos/TRABALHOS/DLNM/05_publicacao_github/.git/lfs/objects/c5/e1/c5e15f373ce85b894272341766a214dbe333c4b4ab18cc92a66da5023242b96e,TRUE,FALSE,2225893,2026-06-20 12:14:26.535154,,outro,outro,controle de versão,ativo
.git/lfs/objects/c6/81/c6812cdb81fe943f1feb5652189e303363745b934e7a9361d93fd4b9752dad52,C:/Users/oorie/OneDrive/Documentos/TRABALHOS/DLNM/05_publicacao_github/.git/lfs/objects/c6/81/c6812cdb81fe943f1feb5652189e303363745b934e7a9361d93fd4b9752dad52,TRUE,FALSE,6924,2026-06-22 08:54:03.56657,,outro,outro,controle de versão,ativo
.git/lfs/objects/c7/c1/c7c147ed1374793dd4fa8f14f63103b7215ac94a5f65fe752349526153654585,C:/Users/oorie/OneDrive/Documentos/TRABALHOS/DLNM/05_publicacao_github/.git/lfs/objects/c7/c1/c7c147ed1374793dd4fa8f14f63103b7215ac94a5f65fe752349526153654585,TRUE,FALSE,7383,2026-06-22 08:54:03.522434,,outro,outro,controle de versão,ativo
.git/lfs/objects/c8/14/c8149ad68b515ffc8349717332a74a4fc19c89837e7d5de4cba56aa71ff6984d,C:/Users/oorie/OneDrive/Documentos/TRABALHOS/DLNM/05_publicacao_github/.git/lfs/objects/c8/14/c8149ad68b515ffc8349717332a74a4fc19c89837e7d5de4cba56aa71ff6984d,TRUE,FALSE,5292,2026-06-22 08:54:03.071928,,outro,outro,controle de versão,ativo
.git/lfs/objects/c8/52/c852bc09311e2ba8ad0abddb368247fb12440e9ec3fcc128b3cd372f6a36626e,C:/Users/oorie/OneDrive/Documentos/TRABALHOS/DLNM/05_publicacao_github/.git/lfs/objects/c8/52/c852bc09311e2ba8ad0abddb368247fb12440e9ec3fcc128b3cd372f6a36626e,TRUE,FALSE,7198,2026-06-22 08:54:03.482023,,outro,outro,controle de versão,ativo
.git/lfs/objects/c8/f3/c8f3c4c2ec78f28e1c91efa1f9d53f898491934efd7e0bfda0252258828e3f3b,C:/Users/oorie/OneDrive/Documentos/TRABALHOS/DLNM/05_publicacao_github/.git/lfs/objects/c8/f3/c8f3c4c2ec78f28e1c91efa1f9d53f898491934efd7e0bfda0252258828e3f3b,TRUE,FALSE,6320,2026-06-22 08:54:03.367565,,outro,outro,controle de versão,ativo
.git/lfs/objects/c9/50/c950272bf228c433ae1fb60c92ae5fa2d372d8e50613a91962cd79104b07a5d1,C:/Users/oorie/OneDrive/Documentos/TRABALHOS/DLNM/05_publicacao_github/.git/lfs/objects/c9/50/c950272bf228c433ae1fb60c92ae5fa2d372d8e50613a91962cd79104b07a5d1,TRUE,FALSE,7530,2026-06-22 08:54:03.715155,,outro,outro,controle de versão,ativo
.git/lfs/objects/c9/fa/c9fa1db0bdd675f95fd895f7c8404d158775beb0faecdeeb10c695ce15fb246a,C:/Users/oorie/OneDrive/Documentos/TRABALHOS/DLNM/05_publicacao_github/.git/lfs/objects/c9/fa/c9fa1db0bdd675f95fd895f7c8404d158775beb0faecdeeb10c695ce15fb246a,TRUE,FALSE,7336,2026-06-22 08:54:03.506186,,outro,outro,controle de versão,ativo
.git/lfs/objects/ca/44/ca44308b336e72d830ab1daedef45a59debc2f52bfda1a8be02c1e3d948861bb,C:/Users/oorie/OneDrive/Documentos/TRABALHOS/DLNM/05_publicacao_github/.git/lfs/objects/ca/44/ca44308b336e72d830ab1daedef45a59debc2f52bfda1a8be02c1e3d948861bb,TRUE,FALSE,117898042,2026-06-20 11:50:11.032633,,outro,outro,controle de versão,ativo
.git/lfs/objects/cb/03/cb03d4385047043c2d05fe13bb494ec6d5576615f56791595f53f5e9fb5cf9a0,C:/Users/oorie/OneDrive/Documentos/TRABALHOS/DLNM/05_publicacao_github/.git/lfs/objects/cb/03/cb03d4385047043c2d05fe13bb494ec6d5576615f56791595f53f5e9fb5cf9a0,TRUE,FALSE,3427720,2026-06-20 12:14:29.670431,,outro,outro,controle de versão,ativo
.git/lfs/objects/cb/d8/cbd893c28cf7a9a4f3ddb4a471376dbeea0bec20333c30e8c312ee6f5a73d5f9,C:/Users/oorie/OneDrive/Documentos/TRABALHOS/DLNM/05_publicacao_github/.git/lfs/objects/cb/d8/cbd893c28cf7a9a4f3ddb4a471376dbeea0bec20333c30e8c312ee6f5a73d5f9,TRUE,FALSE,2759697,2026-06-20 12:14:28.094851,,outro,outro,controle de versão,ativo
.git/lfs/objects/cb/f7/cbf77f1e853a06bd07945b6841ed7da962f247bf0c29cca275ef27f732d82ef6,C:/Users/oorie/OneDrive/Documentos/TRABALHOS/DLNM/05_publicacao_github/.git/lfs/objects/cb/f7/cbf77f1e853a06bd07945b6841ed7da962f247bf0c29cca275ef27f732d82ef6,TRUE,FALSE,7638,2026-06-22 08:54:03.76403,,outro,outro,controle de versão,ativo
.git/lfs/objects/cc/a6/cca6eb1371a6d8971dbc45ac422d1e9497ea624515da2b680a469a566943caa4,C:/Users/oorie/OneDrive/Documentos/TRABALHOS/DLNM/05_publicacao_github/.git/lfs/objects/cc/a6/cca6eb1371a6d8971dbc45ac422d1e9497ea624515da2b680a469a566943caa4,TRUE,FALSE,8609224,2026-06-20 12:14:30.945423,,outro,outro,controle de versão,ativo
.git/lfs/objects/cc/d4/ccd474fa07f04324b3fc61aaf5c29f7d9048117568fd07a1a09cf24133a8003c,C:/Users/oorie/OneDrive/Documentos/TRABALHOS/DLNM/05_publicacao_github/.git/lfs/objects/cc/d4/ccd474fa07f04324b3fc61aaf5c29f7d9048117568fd07a1a09cf24133a8003c,TRUE,FALSE,8073,2026-06-22 08:54:03.750036,,outro,outro,controle de versão,ativo
.git/lfs/objects/cd/31/cd3164fb6fe4a17b8c98148c40d3449706be3bf9c2ea5d820ef79f407b892d21,C:/Users/oorie/OneDrive/Documentos/TRABALHOS/DLNM/05_publicacao_github/.git/lfs/objects/cd/31/cd3164fb6fe4a17b8c98148c40d3449706be3bf9c2ea5d820ef79f407b892d21,TRUE,FALSE,7849,2026-06-22 08:54:03.737509,,outro,outro,controle de versão,ativo
.git/lfs/objects/cd/96/cd968bf560ecb45d257e3d3c098ef53ac2602134b762fada6a94830290f646f6,C:/Users/oorie/OneDrive/Documentos/TRABALHOS/DLNM/05_publicacao_github/.git/lfs/objects/cd/96/cd968bf560ecb45d257e3d3c098ef53ac2602134b762fada6a94830290f646f6,TRUE,FALSE,6036,2026-06-22 08:54:03.447237,,outro,outro,controle de versão,ativo
.git/lfs/objects/cd/b3/cdb3ea9f7c022e2450913574fe5cfb5e7782cc2144477fb941049b7d624bd1ce,C:/Users/oorie/OneDrive/Documentos/TRABALHOS/DLNM/05_publicacao_github/.git/lfs/objects/cd/b3/cdb3ea9f7c022e2450913574fe5cfb5e7782cc2144477fb941049b7d624bd1ce,TRUE,FALSE,7795,2026-06-22 08:54:03.623871,,outro,outro,controle de versão,ativo
.git/lfs/objects/ce/40/ce40ca90b0acd30337fac94284e24355ad6b9aee57f0839a0e4f75dfd205a89b,C:/Users/oorie/OneDrive/Documentos/TRABALHOS/DLNM/05_publicacao_github/.git/lfs/objects/ce/40/ce40ca90b0acd30337fac94284e24355ad6b9aee57f0839a0e4f75dfd205a89b,TRUE,FALSE,2323654,2026-06-20 12:14:25.458258,,outro,outro,controle de versão,ativo
.git/lfs/objects/cf/96/cf96c68edfb0cd8c4363d1da48e254622a71295e33ba4595646e242c62dfa9c8,C:/Users/oorie/OneDrive/Documentos/TRABALHOS/DLNM/05_publicacao_github/.git/lfs/objects/cf/96/cf96c68edfb0cd8c4363d1da48e254622a71295e33ba4595646e242c62dfa9c8,TRUE,FALSE,7596,2026-06-22 08:54:03.637941,,outro,outro,controle de versão,ativo
.git/lfs/objects/d0/96/d096a539de5bf30146b9126c188367e7f46bfd2e2825a7b60fbc87f24d98bc1a,C:/Users/oorie/OneDrive/Documentos/TRABALHOS/DLNM/05_publicacao_github/.git/lfs/objects/d0/96/d096a539de5bf30146b9126c188367e7f46bfd2e2825a7b60fbc87f24d98bc1a,TRUE,FALSE,6653452,2026-06-20 12:14:30.626911,,outro,outro,controle de versão,ativo
.git/lfs/objects/d0/f0/d0f02975b55b99a115cd77e66c38676918de9804f4d9fd8e5085d9066977fb74,C:/Users/oorie/OneDrive/Documentos/TRABALHOS/DLNM/05_publicacao_github/.git/lfs/objects/d0/f0/d0f02975b55b99a115cd77e66c38676918de9804f4d9fd8e5085d9066977fb74,TRUE,FALSE,2279385,2026-06-20 12:14:27.637802,,outro,outro,controle de versão,ativo
.git/lfs/objects/d0/f9/d0f9e528fa45fd5f1760747a10556743aadfa651758d696a8ffd03190667627e,C:/Users/oorie/OneDrive/Documentos/TRABALHOS/DLNM/05_publicacao_github/.git/lfs/objects/d0/f9/d0f9e528fa45fd5f1760747a10556743aadfa651758d696a8ffd03190667627e,TRUE,FALSE,5687,2026-06-22 08:54:03.400513,,outro,outro,controle de versão,ativo
.git/lfs/objects/d1/36/d136452a0b6c8ad7d0b290962b86b8b0243e850cb4d46a575c26c51ef57d1aa0,C:/Users/oorie/OneDrive/Documentos/TRABALHOS/DLNM/05_publicacao_github/.git/lfs/objects/d1/36/d136452a0b6c8ad7d0b290962b86b8b0243e850cb4d46a575c26c51ef57d1aa0,TRUE,FALSE,4928,2026-06-22 08:54:03.184355,,outro,outro,controle de versão,ativo
.git/lfs/objects/d1/7d/d17d22271085c095e2028e3ede44425823d78456536a08bfeb8ce8676ba23150,C:/Users/oorie/OneDrive/Documentos/TRABALHOS/DLNM/05_publicacao_github/.git/lfs/objects/d1/7d/d17d22271085c095e2028e3ede44425823d78456536a08bfeb8ce8676ba23150,TRUE,FALSE,4886,2026-06-22 08:54:03.310024,,outro,outro,controle de versão,ativo
.git/lfs/objects/d3/ae/d3aeb7e370fc1568b9da982501bf49909e0c3d099fca02cca5092a0b89d5c682,C:/Users/oorie/OneDrive/Documentos/TRABALHOS/DLNM/05_publicacao_github/.git/lfs/objects/d3/ae/d3aeb7e370fc1568b9da982501bf49909e0c3d099fca02cca5092a0b89d5c682,TRUE,FALSE,2272585,2026-06-20 12:14:25.00066,,outro,outro,controle de versão,ativo
.git/lfs/objects/d5/0f/d50fd38b1eafd3f2c9e8df39db3ca3411dc42a2f79324104d3374391034946d1,C:/Users/oorie/OneDrive/Documentos/TRABALHOS/DLNM/05_publicacao_github/.git/lfs/objects/d5/0f/d50fd38b1eafd3f2c9e8df39db3ca3411dc42a2f79324104d3374391034946d1,TRUE,FALSE,4589,2026-06-22 08:54:03.007765,,outro,outro,controle de versão,ativo
.git/lfs/objects/d6/5c/d65c31bc85a4e66b2bf21c9042ffa4d24defe00c2584f4c1e48a1a218113b368,C:/Users/oorie/OneDrive/Documentos/TRABALHOS/DLNM/05_publicacao_github/.git/lfs/objects/d6/5c/d65c31bc85a4e66b2bf21c9042ffa4d24defe00c2584f4c1e48a1a218113b368,TRUE,FALSE,2581406,2026-06-20 12:14:27.45997,,outro,outro,controle de versão,ativo
.git/lfs/objects/d6/d1/d6d11163053651297a162cf1c52346aca309d8488eb46444d92d82f221704155,C:/Users/oorie/OneDrive/Documentos/TRABALHOS/DLNM/05_publicacao_github/.git/lfs/objects/d6/d1/d6d11163053651297a162cf1c52346aca309d8488eb46444d92d82f221704155,TRUE,FALSE,2343543,2026-06-20 12:14:25.28685,,outro,outro,controle de versão,ativo
.git/lfs/objects/d7/4d/d74db09dc4cb84d29fc3ff8e6bd529a87e20bc959b1564f1b5f283ad0894db43,C:/Users/oorie/OneDrive/Documentos/TRABALHOS/DLNM/05_publicacao_github/.git/lfs/objects/d7/4d/d74db09dc4cb84d29fc3ff8e6bd529a87e20bc959b1564f1b5f283ad0894db43,TRUE,FALSE,5059533,2026-06-20 12:14:30.332499,,outro,outro,controle de versão,ativo
.git/lfs/objects/d8/5c/d85c8466a18dc24a0d6a2f0e7634084941e2da52f1fafec4bdfe8a16db4fcca6,C:/Users/oorie/OneDrive/Documentos/TRABALHOS/DLNM/05_publicacao_github/.git/lfs/objects/d8/5c/d85c8466a18dc24a0d6a2f0e7634084941e2da52f1fafec4bdfe8a16db4fcca6,TRUE,FALSE,7902,2026-06-22 08:54:03.827286,,outro,outro,controle de versão,ativo
.git/lfs/objects/d8/d0/d8d0a7b7655111f9e32a5b7986a53672ac9bfbb9db87ebdf45e5faa19f9b0005,C:/Users/oorie/OneDrive/Documentos/TRABALHOS/DLNM/05_publicacao_github/.git/lfs/objects/d8/d0/d8d0a7b7655111f9e32a5b7986a53672ac9bfbb9db87ebdf45e5faa19f9b0005,TRUE,FALSE,7091,2026-06-22 08:54:03.508043,,outro,outro,controle de versão,ativo
.git/lfs/objects/d9/40/d940a69d615d7e523b0d5f0435bd983c79ff308049d2ea612207e5bf306245dd,C:/Users/oorie/OneDrive/Documentos/TRABALHOS/DLNM/05_publicacao_github/.git/lfs/objects/d9/40/d940a69d615d7e523b0d5f0435bd983c79ff308049d2ea612207e5bf306245dd,TRUE,FALSE,2723628,2026-06-20 12:14:27.940548,,outro,outro,controle de versão,ativo
.git/lfs/objects/d9/79/d979a041bec60a1d9bc86c0d42d8359f96bcdeb50a665427f2097d9a1dc2c416,C:/Users/oorie/OneDrive/Documentos/TRABALHOS/DLNM/05_publicacao_github/.git/lfs/objects/d9/79/d979a041bec60a1d9bc86c0d42d8359f96bcdeb50a665427f2097d9a1dc2c416,TRUE,FALSE,3307570,2026-06-20 12:14:29.768528,,outro,outro,controle de versão,ativo
.git/lfs/objects/db/69/db6965d28c380a893e9dd9a321178b509b1c41f9728b69ca5ccba0ae359f539f,C:/Users/oorie/OneDrive/Documentos/TRABALHOS/DLNM/05_publicacao_github/.git/lfs/objects/db/69/db6965d28c380a893e9dd9a321178b509b1c41f9728b69ca5ccba0ae359f539f,TRUE,FALSE,3402408,2026-06-20 12:14:29.503811,,outro,outro,controle de versão,ativo
.git/lfs/objects/db/da/dbda474478666e82d10ca7e8de4dd2b5545bf38a13dfdee54affd0fb8e54b927,C:/Users/oorie/OneDrive/Documentos/TRABALHOS/DLNM/05_publicacao_github/.git/lfs/objects/db/da/dbda474478666e82d10ca7e8de4dd2b5545bf38a13dfdee54affd0fb8e54b927,TRUE,FALSE,8329,2026-06-22 08:54:03.793732,,outro,outro,controle de versão,ativo
.git/lfs/objects/dc/53/dc532b7aebb5143841ff67e42874aa34a2b61b233d34aec22e9df41e1dd824b6,C:/Users/oorie/OneDrive/Documentos/TRABALHOS/DLNM/05_publicacao_github/.git/lfs/objects/dc/53/dc532b7aebb5143841ff67e42874aa34a2b61b233d34aec22e9df41e1dd824b6,TRUE,FALSE,5025,2026-06-22 08:54:03.165617,,outro,outro,controle de versão,ativo
.git/lfs/objects/dd/6f/dd6fe05bc7a4e72a8fc9a93032c34bbcac9f79364b0f4642c453e2ebca7163d5,C:/Users/oorie/OneDrive/Documentos/TRABALHOS/DLNM/05_publicacao_github/.git/lfs/objects/dd/6f/dd6fe05bc7a4e72a8fc9a93032c34bbcac9f79364b0f4642c453e2ebca7163d5,TRUE,FALSE,4753,2026-06-22 08:54:03.03956,,outro,outro,controle de versão,ativo
.git/lfs/objects/dd/74/dd7410f7d251f51050d1b5457f827ef99d03a8a610760782efd066c4e0fd2fc0,C:/Users/oorie/OneDrive/Documentos/TRABALHOS/DLNM/05_publicacao_github/.git/lfs/objects/dd/74/dd7410f7d251f51050d1b5457f827ef99d03a8a610760782efd066c4e0fd2fc0,TRUE,FALSE,7129901,2026-06-20 12:14:31.111694,,outro,outro,controle de versão,ativo
.git/lfs/objects/de/f6/def6642749d4a8e63affc0f965ca8189fb0c6d507c6c1ee4145165a62cecb27a,C:/Users/oorie/OneDrive/Documentos/TRABALHOS/DLNM/05_publicacao_github/.git/lfs/objects/de/f6/def6642749d4a8e63affc0f965ca8189fb0c6d507c6c1ee4145165a62cecb27a,TRUE,FALSE,2472873,2026-06-20 12:14:25.521778,,outro,outro,controle de versão,ativo
.git/lfs/objects/e0/85/e08583b01bcfc657c8d734370da1beea75cf87ee1ef18dd700f467a4d7b95fe7,C:/Users/oorie/OneDrive/Documentos/TRABALHOS/DLNM/05_publicacao_github/.git/lfs/objects/e0/85/e08583b01bcfc657c8d734370da1beea75cf87ee1ef18dd700f467a4d7b95fe7,TRUE,FALSE,2442371,2026-06-20 12:14:25.483219,,outro,outro,controle de versão,ativo
.git/lfs/objects/e1/0f/e10f0e2ddbf0e330c891c76e39e5a5b73f79fcc4ffff3bdd6708db553073a3a6,C:/Users/oorie/OneDrive/Documentos/TRABALHOS/DLNM/05_publicacao_github/.git/lfs/objects/e1/0f/e10f0e2ddbf0e330c891c76e39e5a5b73f79fcc4ffff3bdd6708db553073a3a6,TRUE,FALSE,2477700,2026-06-20 12:14:27.731436,,outro,outro,controle de versão,ativo
.git/lfs/objects/e1/a7/e1a7de284f38ecd2f7697cd9d05e8f56117867793adeb6571e95167b1ea79542,C:/Users/oorie/OneDrive/Documentos/TRABALHOS/DLNM/05_publicacao_github/.git/lfs/objects/e1/a7/e1a7de284f38ecd2f7697cd9d05e8f56117867793adeb6571e95167b1ea79542,TRUE,FALSE,2355720,2026-06-20 12:14:25.330141,,outro,outro,controle de versão,ativo
.git/lfs/objects/e3/30/e330ca5dcdda459dc044911ee93d2cae7a5ed3efc88ec2436f94f43a32e5d397,C:/Users/oorie/OneDrive/Documentos/TRABALHOS/DLNM/05_publicacao_github/.git/lfs/objects/e3/30/e330ca5dcdda459dc044911ee93d2cae7a5ed3efc88ec2436f94f43a32e5d397,TRUE,FALSE,2208371,2026-06-20 12:14:25.164127,,outro,outro,controle de versão,ativo
.git/lfs/objects/e4/16/e4161bfcd7e18202d41ede1b1d84fbcfaef3528cc155fe48b0eb0d0ff91b4226,C:/Users/oorie/OneDrive/Documentos/TRABALHOS/DLNM/05_publicacao_github/.git/lfs/objects/e4/16/e4161bfcd7e18202d41ede1b1d84fbcfaef3528cc155fe48b0eb0d0ff91b4226,TRUE,FALSE,2202088,2026-06-20 12:14:25.110609,,outro,outro,controle de versão,ativo
.git/lfs/objects/e4/92/e4929c89b9648ac906280ed863437ef0db7fcc7ef86e981a6afccb784e55e811,C:/Users/oorie/OneDrive/Documentos/TRABALHOS/DLNM/05_publicacao_github/.git/lfs/objects/e4/92/e4929c89b9648ac906280ed863437ef0db7fcc7ef86e981a6afccb784e55e811,TRUE,FALSE,7392,2026-06-22 08:54:03.526577,,outro,outro,controle de versão,ativo
.git/lfs/objects/e6/2d/e62d892174703581a379246e940c4eb6df4694487dbe96d9e023f599f58bb9db,C:/Users/oorie/OneDrive/Documentos/TRABALHOS/DLNM/05_publicacao_github/.git/lfs/objects/e6/2d/e62d892174703581a379246e940c4eb6df4694487dbe96d9e023f599f58bb9db,TRUE,FALSE,2929762,2026-06-20 12:14:27.347654,,outro,outro,controle de versão,ativo
.git/lfs/objects/e6/50/e65094865622923601bea4852d551c9b2fe75660e0e8a2557fd2d58f692f46fe,C:/Users/oorie/OneDrive/Documentos/TRABALHOS/DLNM/05_publicacao_github/.git/lfs/objects/e6/50/e65094865622923601bea4852d551c9b2fe75660e0e8a2557fd2d58f692f46fe,TRUE,FALSE,5067,2026-06-22 08:54:03.068541,,outro,outro,controle de versão,ativo
.git/lfs/objects/e6/91/e6910be99353e1c32f63e91b5783f81131ed9b7d6e39a321c28a06455aad6f5c,C:/Users/oorie/OneDrive/Documentos/TRABALHOS/DLNM/05_publicacao_github/.git/lfs/objects/e6/91/e6910be99353e1c32f63e91b5783f81131ed9b7d6e39a321c28a06455aad6f5c,TRUE,FALSE,2337657,2026-06-20 12:14:26.430769,,outro,outro,controle de versão,ativo
.git/lfs/objects/e6/bc/e6bc00a72099c62c8d3b8d4a8b79529be75de065de5bb740dd1bf66aeaf96f8c,C:/Users/oorie/OneDrive/Documentos/TRABALHOS/DLNM/05_publicacao_github/.git/lfs/objects/e6/bc/e6bc00a72099c62c8d3b8d4a8b79529be75de065de5bb740dd1bf66aeaf96f8c,TRUE,FALSE,8119,2026-06-22 08:54:03.701202,,outro,outro,controle de versão,ativo
.git/lfs/objects/e6/cf/e6cf2016dd3b78d7180dac8cbd482e5f549b227dc87a9dff642ecb7bb9e5ba0b,C:/Users/oorie/OneDrive/Documentos/TRABALHOS/DLNM/05_publicacao_github/.git/lfs/objects/e6/cf/e6cf2016dd3b78d7180dac8cbd482e5f549b227dc87a9dff642ecb7bb9e5ba0b,TRUE,FALSE,103653055,2026-06-20 11:50:12.617714,,outro,outro,controle de versão,ativo
.git/lfs/objects/e7/27/e727af3fc2ca76ae81d9a734eb971a70e6214d5b0acf17e802cb9bb1779e7220,C:/Users/oorie/OneDrive/Documentos/TRABALHOS/DLNM/05_publicacao_github/.git/lfs/objects/e7/27/e727af3fc2ca76ae81d9a734eb971a70e6214d5b0acf17e802cb9bb1779e7220,TRUE,FALSE,5183,2026-06-22 08:54:03.080437,,outro,outro,controle de versão,ativo
.git/lfs/objects/e7/35/e735d3282b1dcf3502d5a3c93b79a6e3b7634cd2de00f3208b9bfc557db1c44d,C:/Users/oorie/OneDrive/Documentos/TRABALHOS/DLNM/05_publicacao_github/.git/lfs/objects/e7/35/e735d3282b1dcf3502d5a3c93b79a6e3b7634cd2de00f3208b9bfc557db1c44d,TRUE,FALSE,7375033,2026-06-20 12:14:31.170092,,outro,outro,controle de versão,ativo
.git/lfs/objects/e7/80/e78049d525b91e91dd715fc4d8f53b8f238ade2d4734bded0247fd2ed75c0d4e,C:/Users/oorie/OneDrive/Documentos/TRABALHOS/DLNM/05_publicacao_github/.git/lfs/objects/e7/80/e78049d525b91e91dd715fc4d8f53b8f238ade2d4734bded0247fd2ed75c0d4e,TRUE,FALSE,4813,2026-06-22 08:54:02.987511,,outro,outro,controle de versão,ativo
.git/lfs/objects/e7/9e/e79e98b684e928a603c0b951e300890d493533fb8519c907fe226a3e231769ff,C:/Users/oorie/OneDrive/Documentos/TRABALHOS/DLNM/05_publicacao_github/.git/lfs/objects/e7/9e/e79e98b684e928a603c0b951e300890d493533fb8519c907fe226a3e231769ff,TRUE,FALSE,3491812,2026-06-20 12:14:30.014038,,outro,outro,controle de versão,ativo
.git/lfs/objects/e8/77/e8776a2eb3be99108e176783c0b904819fd904975fb1ef40f83bb80001cf0403,C:/Users/oorie/OneDrive/Documentos/TRABALHOS/DLNM/05_publicacao_github/.git/lfs/objects/e8/77/e8776a2eb3be99108e176783c0b904819fd904975fb1ef40f83bb80001cf0403,TRUE,FALSE,2582940,2026-06-20 12:14:27.19269,,outro,outro,controle de versão,ativo
.git/lfs/objects/e9/29/e92993a6a92139be5d6237733288c34975ccc09bf81b247b5d4ffb85d240d776,C:/Users/oorie/OneDrive/Documentos/TRABALHOS/DLNM/05_publicacao_github/.git/lfs/objects/e9/29/e92993a6a92139be5d6237733288c34975ccc09bf81b247b5d4ffb85d240d776,TRUE,FALSE,4896,2026-06-22 08:54:03.059998,,outro,outro,controle de versão,ativo
.git/lfs/objects/e9/ee/e9ee215160c73862c24f1cd7e64122cc45b81745d768e40a8ac3d35a31e2bd18,C:/Users/oorie/OneDrive/Documentos/TRABALHOS/DLNM/05_publicacao_github/.git/lfs/objects/e9/ee/e9ee215160c73862c24f1cd7e64122cc45b81745d768e40a8ac3d35a31e2bd18,TRUE,FALSE,5281,2026-06-22 08:54:03.076391,,outro,outro,controle de versão,ativo
.git/lfs/objects/ea/14/ea1423d15e80ae237d5e5cb516a331d6287841ded4923499bce079670bc661e8,C:/Users/oorie/OneDrive/Documentos/TRABALHOS/DLNM/05_publicacao_github/.git/lfs/objects/ea/14/ea1423d15e80ae237d5e5cb516a331d6287841ded4923499bce079670bc661e8,TRUE,FALSE,2508508,2026-06-20 12:14:25.998634,,outro,outro,controle de versão,ativo
.git/lfs/objects/ea/5d/ea5d5c92f69897381a0d5f664f0350210c148351fe0a9032cbf411a7a648ea16,C:/Users/oorie/OneDrive/Documentos/TRABALHOS/DLNM/05_publicacao_github/.git/lfs/objects/ea/5d/ea5d5c92f69897381a0d5f664f0350210c148351fe0a9032cbf411a7a648ea16,TRUE,FALSE,3472716,2026-06-20 12:14:29.028059,,outro,outro,controle de versão,ativo
.git/lfs/objects/ea/c2/eac2cb00ca642b161d786470fe239ebc29f28d1dbfef61b6d1eb08525214b77a,C:/Users/oorie/OneDrive/Documentos/TRABALHOS/DLNM/05_publicacao_github/.git/lfs/objects/ea/c2/eac2cb00ca642b161d786470fe239ebc29f28d1dbfef61b6d1eb08525214b77a,TRUE,FALSE,7684,2026-06-22 08:54:03.697662,,outro,outro,controle de versão,ativo
.git/lfs/objects/ea/d5/ead543e4669b54fd7587ad7f0bfccc883a91d26e5eb62067650ddff9388281ac,C:/Users/oorie/OneDrive/Documentos/TRABALHOS/DLNM/05_publicacao_github/.git/lfs/objects/ea/d5/ead543e4669b54fd7587ad7f0bfccc883a91d26e5eb62067650ddff9388281ac,TRUE,FALSE,98909484,2026-06-20 11:50:07.654264,,outro,outro,controle de versão,ativo
.git/lfs/objects/ea/d7/ead72f98ad53f67f93b418777b15578aaabde50b0c37b22182ec8a6f61a55296,C:/Users/oorie/OneDrive/Documentos/TRABALHOS/DLNM/05_publicacao_github/.git/lfs/objects/ea/d7/ead72f98ad53f67f93b418777b15578aaabde50b0c37b22182ec8a6f61a55296,TRUE,FALSE,2392050,2026-06-20 12:14:26.080357,,outro,outro,controle de versão,ativo
.git/lfs/objects/eb/2b/eb2b5a8322b31a94245ea4bc0e0a473ee404433bd420a0536fce7a6663cd8168,C:/Users/oorie/OneDrive/Documentos/TRABALHOS/DLNM/05_publicacao_github/.git/lfs/objects/eb/2b/eb2b5a8322b31a94245ea4bc0e0a473ee404433bd420a0536fce7a6663cd8168,TRUE,FALSE,2331469,2026-06-20 12:14:25.558197,,outro,outro,controle de versão,ativo
.git/lfs/objects/ec/84/ec846d42e949ad10667648f53686d5071335cc5e5c98094cc998e37304d42e9d,C:/Users/oorie/OneDrive/Documentos/TRABALHOS/DLNM/05_publicacao_github/.git/lfs/objects/ec/84/ec846d42e949ad10667648f53686d5071335cc5e5c98094cc998e37304d42e9d,TRUE,FALSE,97765892,2026-06-20 11:50:06.888399,,outro,outro,controle de versão,ativo
.git/lfs/objects/ec/b1/ecb1fb2b4d29f7ed976f37de017d895b0a1544337c987a17a64f63881f0035ff,C:/Users/oorie/OneDrive/Documentos/TRABALHOS/DLNM/05_publicacao_github/.git/lfs/objects/ec/b1/ecb1fb2b4d29f7ed976f37de017d895b0a1544337c987a17a64f63881f0035ff,TRUE,FALSE,2422812,2026-06-20 12:14:25.193434,,outro,outro,controle de versão,ativo
.git/lfs/objects/ed/70/ed70db7fad5aa8aedb4eb477b488d20f449a1cdd59820d5f8aff2cf9dbb0cdf6,C:/Users/oorie/OneDrive/Documentos/TRABALHOS/DLNM/05_publicacao_github/.git/lfs/objects/ed/70/ed70db7fad5aa8aedb4eb477b488d20f449a1cdd59820d5f8aff2cf9dbb0cdf6,TRUE,FALSE,3271888,2026-06-20 12:14:29.989588,,outro,outro,controle de versão,ativo
.git/lfs/objects/ed/c6/edc6b9f123ef60c29941f0e6ff4d292fb2b5a9055c8b27cf1737742e993127be,C:/Users/oorie/OneDrive/Documentos/TRABALHOS/DLNM/05_publicacao_github/.git/lfs/objects/ed/c6/edc6b9f123ef60c29941f0e6ff4d292fb2b5a9055c8b27cf1737742e993127be,TRUE,FALSE,2383475,2026-06-20 12:14:25.783783,,outro,outro,controle de versão,ativo
.git/lfs/objects/ee/b6/eeb65e3bd613ddba0af4146ee0fa98e69ccc9ab62c16cedf9e37229deec9a495,C:/Users/oorie/OneDrive/Documentos/TRABALHOS/DLNM/05_publicacao_github/.git/lfs/objects/ee/b6/eeb65e3bd613ddba0af4146ee0fa98e69ccc9ab62c16cedf9e37229deec9a495,TRUE,FALSE,2502939,2026-06-20 12:14:26.034479,,outro,outro,controle de versão,ativo
.git/lfs/objects/ee/c2/eec23376533e0dd33bcb8256ff24dcfd87680004a3e5066d6d026a45e6c00d0d,C:/Users/oorie/OneDrive/Documentos/TRABALHOS/DLNM/05_publicacao_github/.git/lfs/objects/ee/c2/eec23376533e0dd33bcb8256ff24dcfd87680004a3e5066d6d026a45e6c00d0d,TRUE,FALSE,7638,2026-06-22 08:54:03.74065,,outro,outro,controle de versão,ativo
.git/lfs/objects/ef/7b/ef7b2769875a753e27ced78234dc369e3557fd6777b459fac134d7706e7a8791,C:/Users/oorie/OneDrive/Documentos/TRABALHOS/DLNM/05_publicacao_github/.git/lfs/objects/ef/7b/ef7b2769875a753e27ced78234dc369e3557fd6777b459fac134d7706e7a8791,TRUE,FALSE,2234409,2026-06-20 12:14:26.598486,,outro,outro,controle de versão,ativo
.git/lfs/objects/f0/9f/f09fa1f4314330be69093f574e7b273954881a5dcb24fc3eca9782545136af49,C:/Users/oorie/OneDrive/Documentos/TRABALHOS/DLNM/05_publicacao_github/.git/lfs/objects/f0/9f/f09fa1f4314330be69093f574e7b273954881a5dcb24fc3eca9782545136af49,TRUE,FALSE,117560201,2026-06-20 11:50:11.90675,,outro,outro,controle de versão,ativo
.git/lfs/objects/f0/c8/f0c8b38b27b36156e717d4ec6e3a6a637a7c7fd300fcd62553ab507b8995b378,C:/Users/oorie/OneDrive/Documentos/TRABALHOS/DLNM/05_publicacao_github/.git/lfs/objects/f0/c8/f0c8b38b27b36156e717d4ec6e3a6a637a7c7fd300fcd62553ab507b8995b378,TRUE,FALSE,2380566,2026-06-20 12:14:26.940687,,outro,outro,controle de versão,ativo
.git/lfs/objects/f0/ca/f0ca6a6044ce4ee71a6bc245d157f41fa11458a96b69ab8f13d1090bfc590f5c,C:/Users/oorie/OneDrive/Documentos/TRABALHOS/DLNM/05_publicacao_github/.git/lfs/objects/f0/ca/f0ca6a6044ce4ee71a6bc245d157f41fa11458a96b69ab8f13d1090bfc590f5c,TRUE,FALSE,2349460,2026-06-20 12:14:25.769047,,outro,outro,controle de versão,ativo
.git/lfs/objects/f0/db/f0db4d65844c1a330859010b2dd715d73dc6118b48916662d8d8ce15de483c8f,C:/Users/oorie/OneDrive/Documentos/TRABALHOS/DLNM/05_publicacao_github/.git/lfs/objects/f0/db/f0db4d65844c1a330859010b2dd715d73dc6118b48916662d8d8ce15de483c8f,TRUE,FALSE,7343,2026-06-22 08:54:03.77689,,outro,outro,controle de versão,ativo
.git/lfs/objects/f1/5e/f15ee79883adbf290870d44d8ce4884afff04a8ad0b1d3b26fa072b21d1bfacf,C:/Users/oorie/OneDrive/Documentos/TRABALHOS/DLNM/05_publicacao_github/.git/lfs/objects/f1/5e/f15ee79883adbf290870d44d8ce4884afff04a8ad0b1d3b26fa072b21d1bfacf,TRUE,FALSE,6309,2026-06-22 08:54:03.467569,,outro,outro,controle de versão,ativo
.git/lfs/objects/f2/53/f2535886c2885ab4b15af1aee4cc31154893cb42a565338bb02e73885bb9e98e,C:/Users/oorie/OneDrive/Documentos/TRABALHOS/DLNM/05_publicacao_github/.git/lfs/objects/f2/53/f2535886c2885ab4b15af1aee4cc31154893cb42a565338bb02e73885bb9e98e,TRUE,FALSE,2109247,2026-06-20 12:14:25.828201,,outro,outro,controle de versão,ativo
.git/lfs/objects/f2/a2/f2a21134aad39b7677df28e2891f78f6255f805ec34891be8558c5703ba36a93,C:/Users/oorie/OneDrive/Documentos/TRABALHOS/DLNM/05_publicacao_github/.git/lfs/objects/f2/a2/f2a21134aad39b7677df28e2891f78f6255f805ec34891be8558c5703ba36a93,TRUE,FALSE,2305386,2026-06-20 12:14:25.711956,,outro,outro,controle de versão,ativo
.git/lfs/objects/f3/e8/f3e8d56f5e1c28d1762f15e1f0c7e314c35a45e661bfebf909b001b6f53f2dfb,C:/Users/oorie/OneDrive/Documentos/TRABALHOS/DLNM/05_publicacao_github/.git/lfs/objects/f3/e8/f3e8d56f5e1c28d1762f15e1f0c7e314c35a45e661bfebf909b001b6f53f2dfb,TRUE,FALSE,2399727,2026-06-20 12:14:26.894968,,outro,outro,controle de versão,ativo
.git/lfs/objects/f4/db/f4dbdfd580053f8dead0571ed751c756f72c9cb37dd5a3944f8cd889e7294c8e,C:/Users/oorie/OneDrive/Documentos/TRABALHOS/DLNM/05_publicacao_github/.git/lfs/objects/f4/db/f4dbdfd580053f8dead0571ed751c756f72c9cb37dd5a3944f8cd889e7294c8e,TRUE,FALSE,3191030,2026-06-20 12:14:29.922302,,outro,outro,controle de versão,ativo
.git/lfs/objects/f5/40/f540561aefb0156b515f6e78d37edf63699684c86bc96b8d1b7591c9315789ac,C:/Users/oorie/OneDrive/Documentos/TRABALHOS/DLNM/05_publicacao_github/.git/lfs/objects/f5/40/f540561aefb0156b515f6e78d37edf63699684c86bc96b8d1b7591c9315789ac,TRUE,FALSE,5055,2026-06-22 08:54:03.177967,,outro,outro,controle de versão,ativo
.git/lfs/objects/f5/75/f575475e5956e160ae112df5008ef5bde1a0abefe0a14b63793260e42649307d,C:/Users/oorie/OneDrive/Documentos/TRABALHOS/DLNM/05_publicacao_github/.git/lfs/objects/f5/75/f575475e5956e160ae112df5008ef5bde1a0abefe0a14b63793260e42649307d,TRUE,FALSE,2637231,2026-06-20 12:14:28.310875,,outro,outro,controle de versão,ativo
.git/lfs/objects/f6/9a/f69ac74fa02c759583b618252c9e202ddbc305c157e2cc95f9cba638b41eb2b0,C:/Users/oorie/OneDrive/Documentos/TRABALHOS/DLNM/05_publicacao_github/.git/lfs/objects/f6/9a/f69ac74fa02c759583b618252c9e202ddbc305c157e2cc95f9cba638b41eb2b0,TRUE,FALSE,4900,2026-06-22 08:54:03.286337,,outro,outro,controle de versão,ativo
.git/lfs/objects/f6/c1/f6c1ebfbe9b2291a91b08c86c7e95ba51a4072baeba18a3b2c4116fd82752abd,C:/Users/oorie/OneDrive/Documentos/TRABALHOS/DLNM/05_publicacao_github/.git/lfs/objects/f6/c1/f6c1ebfbe9b2291a91b08c86c7e95ba51a4072baeba18a3b2c4116fd82752abd,TRUE,FALSE,2864783,2026-06-20 12:14:28.347155,,outro,outro,controle de versão,ativo
.git/lfs/objects/f7/dc/f7dceb811310376cde9fbd454943e9ddfd65632a852ead3eb2b743eaad41a507,C:/Users/oorie/OneDrive/Documentos/TRABALHOS/DLNM/05_publicacao_github/.git/lfs/objects/f7/dc/f7dceb811310376cde9fbd454943e9ddfd65632a852ead3eb2b743eaad41a507,TRUE,FALSE,6557,2026-06-22 08:54:03.436119,,outro,outro,controle de versão,ativo
.git/lfs/objects/f8/66/f866280fa1ca09017f9f1946f1999f474b1bbc90a14a5deae08be157675af66e,C:/Users/oorie/OneDrive/Documentos/TRABALHOS/DLNM/05_publicacao_github/.git/lfs/objects/f8/66/f866280fa1ca09017f9f1946f1999f474b1bbc90a14a5deae08be157675af66e,TRUE,FALSE,2755191,2026-06-20 12:14:28.197725,,outro,outro,controle de versão,ativo
.git/lfs/objects/f8/bf/f8bfbc99c7e2f98cb941d37f2a066da97c51dd00c5f046c91d0f9b32842169b6,C:/Users/oorie/OneDrive/Documentos/TRABALHOS/DLNM/05_publicacao_github/.git/lfs/objects/f8/bf/f8bfbc99c7e2f98cb941d37f2a066da97c51dd00c5f046c91d0f9b32842169b6,TRUE,FALSE,2317738,2026-06-20 12:14:25.948093,,outro,outro,controle de versão,ativo
.git/lfs/objects/fa/d3/fad30b4e7dff56015248d78e4c9905dad7654291870287cd956d53e359e0378d,C:/Users/oorie/OneDrive/Documentos/TRABALHOS/DLNM/05_publicacao_github/.git/lfs/objects/fa/d3/fad30b4e7dff56015248d78e4c9905dad7654291870287cd956d53e359e0378d,TRUE,FALSE,2400401,2026-06-20 12:14:27.538124,,outro,outro,controle de versão,ativo
.git/lfs/objects/fb/14/fb14cce855f75612757e5e581bdbe16c62367d2f0b59e79e5bd0d8bf7cf65c04,C:/Users/oorie/OneDrive/Documentos/TRABALHOS/DLNM/05_publicacao_github/.git/lfs/objects/fb/14/fb14cce855f75612757e5e581bdbe16c62367d2f0b59e79e5bd0d8bf7cf65c04,TRUE,FALSE,2287909,2026-06-20 12:14:25.920118,,outro,outro,controle de versão,ativo
.git/lfs/objects/fb/2e/fb2e49f9ab8a77fcd5a92a2e2c2e4fa9c8264aa6e3b8f5218c5c966da807fa91,C:/Users/oorie/OneDrive/Documentos/TRABALHOS/DLNM/05_publicacao_github/.git/lfs/objects/fb/2e/fb2e49f9ab8a77fcd5a92a2e2c2e4fa9c8264aa6e3b8f5218c5c966da807fa91,TRUE,FALSE,8138,2026-06-22 08:54:03.628656,,outro,outro,controle de versão,ativo
.git/lfs/objects/fb/5e/fb5ea4d43aeae8d70c4a0b7fe2834635ab2f25cfac4118c6a2823da558d127e0,C:/Users/oorie/OneDrive/Documentos/TRABALHOS/DLNM/05_publicacao_github/.git/lfs/objects/fb/5e/fb5ea4d43aeae8d70c4a0b7fe2834635ab2f25cfac4118c6a2823da558d127e0,TRUE,FALSE,2645064,2026-06-20 12:14:27.018787,,outro,outro,controle de versão,ativo
.git/lfs/objects/fc/5f/fc5f275ba8723b95f7f2596f39136275dd802f9c1f4ba57d76a3d2222f5fac4e,C:/Users/oorie/OneDrive/Documentos/TRABALHOS/DLNM/05_publicacao_github/.git/lfs/objects/fc/5f/fc5f275ba8723b95f7f2596f39136275dd802f9c1f4ba57d76a3d2222f5fac4e,TRUE,FALSE,2894590,2026-06-20 12:14:27.246559,,outro,outro,controle de versão,ativo
.git/lfs/objects/fc/d4/fcd40cb51520328d1b5218f107aa0b5e5e9b40aa941755a159285fffc136d7ed,C:/Users/oorie/OneDrive/Documentos/TRABALHOS/DLNM/05_publicacao_github/.git/lfs/objects/fc/d4/fcd40cb51520328d1b5218f107aa0b5e5e9b40aa941755a159285fffc136d7ed,TRUE,FALSE,2072291,2026-06-20 12:14:25.417095,,outro,outro,controle de versão,ativo
.git/lfs/objects/fd/8a/fd8a24a1cf1e6334a149f8c995ef776753ba2f83696736ebf25955850d6a26d2,C:/Users/oorie/OneDrive/Documentos/TRABALHOS/DLNM/05_publicacao_github/.git/lfs/objects/fd/8a/fd8a24a1cf1e6334a149f8c995ef776753ba2f83696736ebf25955850d6a26d2,TRUE,FALSE,2573081,2026-06-20 12:14:26.693924,,outro,outro,controle de versão,ativo
.git/lfs/objects/fd/a3/fda3bc2d391a58575beb9e7fc251418874bf55091712ccdf9006ccc816f32abf,C:/Users/oorie/OneDrive/Documentos/TRABALHOS/DLNM/05_publicacao_github/.git/lfs/objects/fd/a3/fda3bc2d391a58575beb9e7fc251418874bf55091712ccdf9006ccc816f32abf,TRUE,FALSE,5024,2026-06-22 08:54:03.102545,,outro,outro,controle de versão,ativo
.git/lfs/objects/fe/68/fe6861ce119831ff3d6ebc035e131e6ad489e67f45e2a49dbf294b5d62ad9a7e,C:/Users/oorie/OneDrive/Documentos/TRABALHOS/DLNM/05_publicacao_github/.git/lfs/objects/fe/68/fe6861ce119831ff3d6ebc035e131e6ad489e67f45e2a49dbf294b5d62ad9a7e,TRUE,FALSE,3228169,2026-06-20 12:14:28.790915,,outro,outro,controle de versão,ativo
.git/lfs/objects/fe/bf/febf84327799618ab1dd3a093d33b38cd15d612863bac55f3f17ccf7c6812798,C:/Users/oorie/OneDrive/Documentos/TRABALHOS/DLNM/05_publicacao_github/.git/lfs/objects/fe/bf/febf84327799618ab1dd3a093d33b38cd15d612863bac55f3f17ccf7c6812798,TRUE,FALSE,3306981,2026-06-20 12:14:28.888359,,outro,outro,controle de versão,ativo
.git/lfs/objects/ff/e7/ffe72c2070ecd6169a3d6e94fb2c04d755018e27e14a8aa2e0dc3e4b312aca30,C:/Users/oorie/OneDrive/Documentos/TRABALHOS/DLNM/05_publicacao_github/.git/lfs/objects/ff/e7/ffe72c2070ecd6169a3d6e94fb2c04d755018e27e14a8aa2e0dc3e4b312aca30,TRUE,FALSE,2377983,2026-06-20 12:14:26.444517,,outro,outro,controle de versão,ativo
.git/ORIG_HEAD,C:/Users/oorie/OneDrive/Documentos/TRABALHOS/DLNM/05_publicacao_github/.git/ORIG_HEAD,TRUE,FALSE,41,2026-06-21 14:26:39.330173,,outro,outro,controle de versão,ativo
.gitattributes,C:/Users/oorie/OneDrive/Documentos/TRABALHOS/DLNM/05_publicacao_github/.gitattributes,TRUE,FALSE,422,2026-06-22 08:54:00.852575,,outro,outro,ok,ativo
.github/workflows/ci.yml,C:/Users/oorie/OneDrive/Documentos/TRABALHOS/DLNM/05_publicacao_github/.github/workflows/ci.yml,TRUE,FALSE,5686,2026-06-21 18:06:07.274202,yml,configuração,CI/CD,ok,ativo
.gitignore,C:/Users/oorie/OneDrive/Documentos/TRABALHOS/DLNM/05_publicacao_github/.gitignore,TRUE,FALSE,1514,2026-07-14 09:32:42.343184,,outro,outro,ok,ativo
.Rprofile,C:/Users/oorie/OneDrive/Documentos/TRABALHOS/DLNM/05_publicacao_github/.Rprofile,TRUE,FALSE,26,2026-06-21 17:18:29.275679,,outro,outro,ok,ativo
_targets.R,C:/Users/oorie/OneDrive/Documentos/TRABALHOS/DLNM/05_publicacao_github/_targets.R,TRUE,FALSE,4853,2026-06-21 17:18:29.279846,r,script R,script de análise,ok,ativo
audit/air_quality/auditoria_20260621_113955.log,C:/Users/oorie/OneDrive/Documentos/TRABALHOS/DLNM/05_publicacao_github/audit/air_quality/auditoria_20260621_113955.log,TRUE,FALSE,8798,2026-06-21 17:18:29.280008,log,documentação/log,auditoria,ok,ativo
audit/air_quality/auditoria_20260621_114017.log,C:/Users/oorie/OneDrive/Documentos/TRABALHOS/DLNM/05_publicacao_github/audit/air_quality/auditoria_20260621_114017.log,TRUE,FALSE,9359,2026-06-21 17:18:29.280132,log,documentação/log,auditoria,ok,ativo
audit/air_quality/auditoria_decisao_metodologica_pm25_github.csv,C:/Users/oorie/OneDrive/Documentos/TRABALHOS/DLNM/05_publicacao_github/audit/air_quality/auditoria_decisao_metodologica_pm25_github.csv,TRUE,FALSE,1131,2026-06-21 17:18:29.280264,csv,dados tabulares,auditoria,ok,ativo
audit/air_quality/auditoria_granularidade_exposicoes_clima_pm25.csv,C:/Users/oorie/OneDrive/Documentos/TRABALHOS/DLNM/05_publicacao_github/audit/air_quality/auditoria_granularidade_exposicoes_clima_pm25.csv,TRUE,FALSE,968,2026-06-21 17:18:29.280392,csv,dados tabulares,auditoria,ok,ativo
audit/air_quality/auditoria_granularidade_pm25.csv,C:/Users/oorie/OneDrive/Documentos/TRABALHOS/DLNM/05_publicacao_github/audit/air_quality/auditoria_granularidade_pm25.csv,TRUE,FALSE,415,2026-06-21 17:18:29.280535,csv,dados tabulares,auditoria,ok,ativo
audit/air_quality/auditoria_mp25_cobertura_municipal.csv,C:/Users/oorie/OneDrive/Documentos/TRABALHOS/DLNM/05_publicacao_github/audit/air_quality/auditoria_mp25_cobertura_municipal.csv,TRUE,FALSE,271,2026-06-21 17:18:29.280657,csv,dados tabulares,auditoria,ok,ativo
audit/air_quality/benchmark_mp25_sha256.csv,C:/Users/oorie/OneDrive/Documentos/TRABALHOS/DLNM/05_publicacao_github/audit/air_quality/benchmark_mp25_sha256.csv,TRUE,FALSE,521,2026-06-21 17:18:29.280783,csv,dados tabulares,auditoria,ok,ativo
audit/air_quality/compliance_pm25_mensal_20260621.csv,C:/Users/oorie/OneDrive/Documentos/TRABALHOS/DLNM/05_publicacao_github/audit/air_quality/compliance_pm25_mensal_20260621.csv,TRUE,FALSE,1063,2026-06-21 17:18:29.280922,csv,dados tabulares,auditoria,ok,ativo
audit/air_quality/relatorio_auditoria_20260621_113955.txt,C:/Users/oorie/OneDrive/Documentos/TRABALHOS/DLNM/05_publicacao_github/audit/air_quality/relatorio_auditoria_20260621_113955.txt,TRUE,FALSE,4389,2026-06-21 17:18:29.281046,txt,documentação/log,auditoria,ok,ativo
audit/air_quality/relatorio_auditoria_20260621_114017.txt,C:/Users/oorie/OneDrive/Documentos/TRABALHOS/DLNM/05_publicacao_github/audit/air_quality/relatorio_auditoria_20260621_114017.txt,TRUE,FALSE,4396,2026-06-21 17:18:29.281168,txt,documentação/log,auditoria,ok,ativo
audit/auditoria_campos_estratificacao_sih_sim.csv,C:/Users/oorie/OneDrive/Documentos/TRABALHOS/DLNM/05_publicacao_github/audit/auditoria_campos_estratificacao_sih_sim.csv,TRUE,FALSE,491,2026-06-21 17:18:29.281298,csv,dados tabulares,auditoria,ok,ativo
audit/auditoria_centroides_macrorregionais.csv,C:/Users/oorie/OneDrive/Documentos/TRABALHOS/DLNM/05_publicacao_github/audit/auditoria_centroides_macrorregionais.csv,TRUE,FALSE,848,2026-06-21 17:18:29.281425,csv,dados tabulares,auditoria,ok,ativo
audit/auditoria_centroides_municipais_indisponiveis.csv,C:/Users/oorie/OneDrive/Documentos/TRABALHOS/DLNM/05_publicacao_github/audit/auditoria_centroides_municipais_indisponiveis.csv,TRUE,FALSE,118,2026-06-21 17:18:29.28159,csv,dados tabulares,auditoria,ok,ativo
audit/auditoria_criterio_geografico_desfechos.csv,C:/Users/oorie/OneDrive/Documentos/TRABALHOS/DLNM/05_publicacao_github/audit/auditoria_criterio_geografico_desfechos.csv,TRUE,FALSE,423,2026-06-21 17:18:29.281742,csv,dados tabulares,auditoria,ok,ativo
audit/auditoria_dataset_analitico_macrorregional.csv,C:/Users/oorie/OneDrive/Documentos/TRABALHOS/DLNM/05_publicacao_github/audit/auditoria_dataset_analitico_macrorregional.csv,TRUE,FALSE,1244,2026-06-21 17:18:29.281866,csv,dados tabulares,auditoria,ok,ativo
audit/auditoria_desfechos_brutos.csv,C:/Users/oorie/OneDrive/Documentos/TRABALHOS/DLNM/05_publicacao_github/audit/auditoria_desfechos_brutos.csv,TRUE,FALSE,55,2026-06-21 17:18:29.282001,csv,dados tabulares,auditoria,ok,ativo
audit/auditoria_desfechos_diarios.csv,C:/Users/oorie/OneDrive/Documentos/TRABALHOS/DLNM/05_publicacao_github/audit/auditoria_desfechos_diarios.csv,TRUE,FALSE,351,2026-06-21 17:18:29.282125,csv,dados tabulares,auditoria,ok,ativo
audit/auditoria_download_sim.csv,C:/Users/oorie/OneDrive/Documentos/TRABALHOS/DLNM/05_publicacao_github/audit/auditoria_download_sim.csv,TRUE,FALSE,1909,2026-06-21 17:18:29.282246,csv,dados tabulares,auditoria,ok,ativo
audit/auditoria_estacoes_inmet_detalhada.csv,C:/Users/oorie/OneDrive/Documentos/TRABALHOS/DLNM/05_publicacao_github/audit/auditoria_estacoes_inmet_detalhada.csv,TRUE,FALSE,4293,2026-07-14 11:10:50.639799,csv,dados tabulares,auditoria,ok,ativo
audit/auditoria_inmet_aliases_municipais_estacoes.csv,C:/Users/oorie/OneDrive/Documentos/TRABALHOS/DLNM/05_publicacao_github/audit/auditoria_inmet_aliases_municipais_estacoes.csv,TRUE,FALSE,558,2026-06-21 17:18:29.28237,csv,dados tabulares,auditoria,ok,ativo
audit/auditoria_inmet_cobertura_temporal_macrorregiao.csv,C:/Users/oorie/OneDrive/Documentos/TRABALHOS/DLNM/05_publicacao_github/audit/auditoria_inmet_cobertura_temporal_macrorregiao.csv,TRUE,FALSE,465,2026-06-21 17:18:29.282495,csv,dados tabulares,auditoria,ok,ativo
audit/auditoria_inmet_download_2010.csv,C:/Users/oorie/OneDrive/Documentos/TRABALHOS/DLNM/05_publicacao_github/audit/auditoria_inmet_download_2010.csv,TRUE,FALSE,30,2026-06-21 17:18:29.282621,csv,dados tabulares,auditoria,ok,ativo
audit/auditoria_inmet_download_2011.csv,C:/Users/oorie/OneDrive/Documentos/TRABALHOS/DLNM/05_publicacao_github/audit/auditoria_inmet_download_2011.csv,TRUE,FALSE,30,2026-06-21 17:18:29.282742,csv,dados tabulares,auditoria,ok,ativo
audit/auditoria_inmet_download_2012.csv,C:/Users/oorie/OneDrive/Documentos/TRABALHOS/DLNM/05_publicacao_github/audit/auditoria_inmet_download_2012.csv,TRUE,FALSE,30,2026-06-21 17:18:29.282883,csv,dados tabulares,auditoria,ok,ativo
audit/auditoria_inmet_download_2013.csv,C:/Users/oorie/OneDrive/Documentos/TRABALHOS/DLNM/05_publicacao_github/audit/auditoria_inmet_download_2013.csv,TRUE,FALSE,30,2026-06-21 17:18:29.283012,csv,dados tabulares,auditoria,ok,ativo
audit/auditoria_inmet_download_2014.csv,C:/Users/oorie/OneDrive/Documentos/TRABALHOS/DLNM/05_publicacao_github/audit/auditoria_inmet_download_2014.csv,TRUE,FALSE,30,2026-06-21 17:18:29.283134,csv,dados tabulares,auditoria,ok,ativo
audit/auditoria_inmet_download_2015.csv,C:/Users/oorie/OneDrive/Documentos/TRABALHOS/DLNM/05_publicacao_github/audit/auditoria_inmet_download_2015.csv,TRUE,FALSE,30,2026-06-21 17:18:29.283274,csv,dados tabulares,auditoria,ok,ativo
audit/auditoria_inmet_download_2016.csv,C:/Users/oorie/OneDrive/Documentos/TRABALHOS/DLNM/05_publicacao_github/audit/auditoria_inmet_download_2016.csv,TRUE,FALSE,30,2026-06-21 17:18:29.283394,csv,dados tabulares,auditoria,ok,ativo
audit/auditoria_inmet_download_2017.csv,C:/Users/oorie/OneDrive/Documentos/TRABALHOS/DLNM/05_publicacao_github/audit/auditoria_inmet_download_2017.csv,TRUE,FALSE,30,2026-06-21 17:18:29.28355,csv,dados tabulares,auditoria,ok,ativo
audit/auditoria_inmet_download_2018.csv,C:/Users/oorie/OneDrive/Documentos/TRABALHOS/DLNM/05_publicacao_github/audit/auditoria_inmet_download_2018.csv,TRUE,FALSE,30,2026-06-21 17:18:29.283678,csv,dados tabulares,auditoria,ok,ativo
audit/auditoria_inmet_download_2019.csv,C:/Users/oorie/OneDrive/Documentos/TRABALHOS/DLNM/05_publicacao_github/audit/auditoria_inmet_download_2019.csv,TRUE,FALSE,30,2026-06-21 17:18:29.283794,csv,dados tabulares,auditoria,ok,ativo
audit/auditoria_inmet_download_2020.csv,C:/Users/oorie/OneDrive/Documentos/TRABALHOS/DLNM/05_publicacao_github/audit/auditoria_inmet_download_2020.csv,TRUE,FALSE,30,2026-06-21 17:18:29.283958,csv,dados tabulares,auditoria,ok,ativo
audit/auditoria_inmet_download_2021.csv,C:/Users/oorie/OneDrive/Documentos/TRABALHOS/DLNM/05_publicacao_github/audit/auditoria_inmet_download_2021.csv,TRUE,FALSE,30,2026-06-21 17:18:29.284092,csv,dados tabulares,auditoria,ok,ativo
audit/auditoria_inmet_download_2022.csv,C:/Users/oorie/OneDrive/Documentos/TRABALHOS/DLNM/05_publicacao_github/audit/auditoria_inmet_download_2022.csv,TRUE,FALSE,30,2026-06-21 17:18:29.284214,csv,dados tabulares,auditoria,ok,ativo
audit/auditoria_inmet_download_2023.csv,C:/Users/oorie/OneDrive/Documentos/TRABALHOS/DLNM/05_publicacao_github/audit/auditoria_inmet_download_2023.csv,TRUE,FALSE,30,2026-06-21 17:18:29.284336,csv,dados tabulares,auditoria,ok,ativo
audit/auditoria_inmet_download_2024.csv,C:/Users/oorie/OneDrive/Documentos/TRABALHOS/DLNM/05_publicacao_github/audit/auditoria_inmet_download_2024.csv,TRUE,FALSE,30,2026-06-21 17:18:29.284458,csv,dados tabulares,auditoria,ok,ativo
audit/auditoria_inmet_download_2025.csv,C:/Users/oorie/OneDrive/Documentos/TRABALHOS/DLNM/05_publicacao_github/audit/auditoria_inmet_download_2025.csv,TRUE,FALSE,30,2026-06-21 17:18:29.284576,csv,dados tabulares,auditoria,ok,ativo
audit/auditoria_inmet_estacoes_historicas_criterio.csv,C:/Users/oorie/OneDrive/Documentos/TRABALHOS/DLNM/05_publicacao_github/audit/auditoria_inmet_estacoes_historicas_criterio.csv,TRUE,FALSE,373,2026-06-21 17:18:29.284698,csv,dados tabulares,auditoria,ok,ativo
audit/auditoria_inmet_estacoes_por_macro_resumo.csv,C:/Users/oorie/OneDrive/Documentos/TRABALHOS/DLNM/05_publicacao_github/audit/auditoria_inmet_estacoes_por_macro_resumo.csv,TRUE,FALSE,682,2026-06-21 17:18:29.284819,csv,dados tabulares,auditoria,ok,ativo
audit/auditoria_inmet_estacoes_por_macrorregiao.csv,C:/Users/oorie/OneDrive/Documentos/TRABALHOS/DLNM/05_publicacao_github/audit/auditoria_inmet_estacoes_por_macrorregiao.csv,TRUE,FALSE,5884,2026-06-21 17:18:29.284946,csv,dados tabulares,auditoria,ok,ativo
audit/auditoria_inmet_metodos_preenchimento_macrorregiao.csv,C:/Users/oorie/OneDrive/Documentos/TRABALHOS/DLNM/05_publicacao_github/audit/auditoria_inmet_metodos_preenchimento_macrorregiao.csv,TRUE,FALSE,1187,2026-06-21 17:18:29.285072,csv,dados tabulares,auditoria,ok,ativo
audit/auditoria_inmet_qc.csv,C:/Users/oorie/OneDrive/Documentos/TRABALHOS/DLNM/05_publicacao_github/audit/auditoria_inmet_qc.csv,TRUE,FALSE,121,2026-06-21 17:18:29.285196,csv,dados tabulares,auditoria,ok,ativo
audit/auditoria_inmet_series_compartilhadas_macrorregiao.csv,C:/Users/oorie/OneDrive/Documentos/TRABALHOS/DLNM/05_publicacao_github/audit/auditoria_inmet_series_compartilhadas_macrorregiao.csv,TRUE,FALSE,1207,2026-06-21 17:18:29.285332,csv,dados tabulares,auditoria,ok,ativo
audit/auditoria_municipios_macrorregiao.csv,C:/Users/oorie/OneDrive/Documentos/TRABALHOS/DLNM/05_publicacao_github/audit/auditoria_municipios_macrorregiao.csv,TRUE,FALSE,44,2026-06-21 17:18:29.28546,csv,dados tabulares,auditoria,ok,ativo
audit/auditoria_obitos_anos_ausentes.csv,C:/Users/oorie/OneDrive/Documentos/TRABALHOS/DLNM/05_publicacao_github/audit/auditoria_obitos_anos_ausentes.csv,TRUE,FALSE,128,2026-06-21 17:18:29.285595,csv,dados tabulares,auditoria,ok,ativo
audit/auditoria_obitos_sih_aih_substitutos.csv,C:/Users/oorie/OneDrive/Documentos/TRABALHOS/DLNM/05_publicacao_github/audit/auditoria_obitos_sih_aih_substitutos.csv,TRUE,FALSE,428,2026-06-21 17:18:29.28574,csv,dados tabulares,auditoria,ok,ativo
audit/auditoria_populacao_sidra_offset.csv,C:/Users/oorie/OneDrive/Documentos/TRABALHOS/DLNM/05_publicacao_github/audit/auditoria_populacao_sidra_offset.csv,TRUE,FALSE,612,2026-06-21 17:18:29.28586,csv,dados tabulares,auditoria,ok,ativo
audit/auditoria_sazonalidade_mensal_internacoes.csv,C:/Users/oorie/OneDrive/Documentos/TRABALHOS/DLNM/05_publicacao_github/audit/auditoria_sazonalidade_mensal_internacoes.csv,TRUE,FALSE,124,2026-06-21 17:18:29.285982,csv,dados tabulares,auditoria,ok,ativo
audit/checklist_curadoria_medina.csv,C:/Users/oorie/OneDrive/Documentos/TRABALHOS/DLNM/05_publicacao_github/audit/checklist_curadoria_medina.csv,TRUE,FALSE,622,2026-06-21 17:18:29.286118,csv,dados tabulares,auditoria,ok,ativo
audit/contagens_por_macrorregiao.csv,C:/Users/oorie/OneDrive/Documentos/TRABALHOS/DLNM/05_publicacao_github/audit/contagens_por_macrorregiao.csv,TRUE,FALSE,822,2026-07-14 11:10:50.066862,csv,dados tabulares,auditoria,ok,ativo
audit/dataset_audit.txt,C:/Users/oorie/OneDrive/Documentos/TRABALHOS/DLNM/05_publicacao_github/audit/dataset_audit.txt,TRUE,FALSE,2789,2026-07-14 11:10:54.180285,txt,documentação/log,auditoria,ok,ativo
audit/diagnosticos_autocorrelacao_dlnm.csv,C:/Users/oorie/OneDrive/Documentos/TRABALHOS/DLNM/05_publicacao_github/audit/diagnosticos_autocorrelacao_dlnm.csv,TRUE,FALSE,50138,2026-06-21 17:18:29.286238,csv,dados tabulares,auditoria,ok,ativo
audit/diagnosticos_moran_espacial_corrigido.csv,C:/Users/oorie/OneDrive/Documentos/TRABALHOS/DLNM/05_publicacao_github/audit/diagnosticos_moran_espacial_corrigido.csv,TRUE,FALSE,1382,2026-07-14 11:16:32.351423,csv,dados tabulares,auditoria,ok,ativo
audit/diagnosticos_moran_espacial_dlnm.csv,C:/Users/oorie/OneDrive/Documentos/TRABALHOS/DLNM/05_publicacao_github/audit/diagnosticos_moran_espacial_dlnm.csv,TRUE,FALSE,49,2026-06-21 17:18:29.28636,csv,dados tabulares,auditoria,ok,ativo
audit/distribuicao_cid_sih.csv,C:/Users/oorie/OneDrive/Documentos/TRABALHOS/DLNM/05_publicacao_github/audit/distribuicao_cid_sih.csv,TRUE,FALSE,100,2026-07-14 11:10:36.881441,csv,dados tabulares,auditoria,ok,ativo
audit/distribuicao_cid_sim.csv,C:/Users/oorie/OneDrive/Documentos/TRABALHOS/DLNM/05_publicacao_github/audit/distribuicao_cid_sim.csv,TRUE,FALSE,74,2026-07-14 11:10:36.886446,csv,dados tabulares,auditoria,ok,ativo
audit/downloads/.gitkeep,C:/Users/oorie/OneDrive/Documentos/TRABALHOS/DLNM/05_publicacao_github/audit/downloads/.gitkeep,TRUE,FALSE,0,2026-06-21 17:18:29.286491,,outro,auditoria,ok,ativo
audit/elegibilidade_expansao_dlnm_estratificada.csv,C:/Users/oorie/OneDrive/Documentos/TRABALHOS/DLNM/05_publicacao_github/audit/elegibilidade_expansao_dlnm_estratificada.csv,TRUE,FALSE,682,2026-06-21 17:18:29.286617,csv,dados tabulares,auditoria,ok,ativo
audit/especificacao_modelos_dlnm.csv,C:/Users/oorie/OneDrive/Documentos/TRABALHOS/DLNM/05_publicacao_github/audit/especificacao_modelos_dlnm.csv,TRUE,FALSE,76214,2026-06-21 17:18:29.286741,csv,dados tabulares,auditoria,ok,ativo
audit/estatisticas_descritivas_diarias.csv,C:/Users/oorie/OneDrive/Documentos/TRABALHOS/DLNM/05_publicacao_github/audit/estatisticas_descritivas_diarias.csv,TRUE,FALSE,1462,2026-07-14 11:10:50.503433,csv,dados tabulares,auditoria,ok,ativo
audit/falhas_parsing_datasus_datas.csv,C:/Users/oorie/OneDrive/Documentos/TRABALHOS/DLNM/05_publicacao_github/audit/falhas_parsing_datasus_datas.csv,TRUE,FALSE,50,2026-06-21 11:58:36.262737,csv,dados tabulares,auditoria,ok,ativo
audit/fluxograma_exclusoes.csv,C:/Users/oorie/OneDrive/Documentos/TRABALHOS/DLNM/05_publicacao_github/audit/fluxograma_exclusoes.csv,TRUE,FALSE,278,2026-07-14 11:10:36.849659,csv,dados tabulares,auditoria,ok,ativo
audit/nota_metodologica_formula_dlnm.csv,C:/Users/oorie/OneDrive/Documentos/TRABALHOS/DLNM/05_publicacao_github/audit/nota_metodologica_formula_dlnm.csv,TRUE,FALSE,1854,2026-06-21 17:18:29.287245,csv,dados tabulares,auditoria,ok,ativo
audit/nota_validacao_bayesiana_dlnm.csv,C:/Users/oorie/OneDrive/Documentos/TRABALHOS/DLNM/05_publicacao_github/audit/nota_validacao_bayesiana_dlnm.csv,TRUE,FALSE,396,2026-06-21 17:18:29.287405,csv,dados tabulares,auditoria,ok,ativo
audit/populacao_offset_macrorregiao_ano.csv,C:/Users/oorie/OneDrive/Documentos/TRABALHOS/DLNM/05_publicacao_github/audit/populacao_offset_macrorregiao_ano.csv,TRUE,FALSE,15131,2026-06-21 17:18:29.287556,csv,dados tabulares,auditoria,ok,ativo
audit/relatorio_auditoria_dados.md,C:/Users/oorie/OneDrive/Documentos/TRABALHOS/DLNM/05_publicacao_github/audit/relatorio_auditoria_dados.md,TRUE,FALSE,8278,2026-07-14 11:18:15.131618,md,documentação/log,auditoria,ok,ativo
audit/RELATORIO_AUDITORIA_ESTATISTICA.md,C:/Users/oorie/OneDrive/Documentos/TRABALHOS/DLNM/05_publicacao_github/audit/RELATORIO_AUDITORIA_ESTATISTICA.md,TRUE,FALSE,8385,2026-07-14 11:19:34.874254,md,documentação/log,auditoria,ok,ativo
audit/relatorio_auditoria_resultados_pipeline.md,C:/Users/oorie/OneDrive/Documentos/TRABALHOS/DLNM/05_publicacao_github/audit/relatorio_auditoria_resultados_pipeline.md,TRUE,FALSE,4449,2026-06-21 17:18:29.288212,md,documentação/log,auditoria,ok,ativo
audit/resumo_familia_modelos_dlnm.csv,C:/Users/oorie/OneDrive/Documentos/TRABALHOS/DLNM/05_publicacao_github/audit/resumo_familia_modelos_dlnm.csv,TRUE,FALSE,1181,2026-06-21 17:18:29.289076,csv,dados tabulares,auditoria,ok,ativo
audit/resumo_qualidade_modelos_dlnm.csv,C:/Users/oorie/OneDrive/Documentos/TRABALHOS/DLNM/05_publicacao_github/audit/resumo_qualidade_modelos_dlnm.csv,TRUE,FALSE,47757,2026-06-21 17:18:29.289207,csv,dados tabulares,auditoria,ok,ativo
audit/sensitivity/.gitkeep,C:/Users/oorie/OneDrive/Documentos/TRABALHOS/DLNM/05_publicacao_github/audit/sensitivity/.gitkeep,TRUE,FALSE,0,2026-06-21 17:18:29.289335,,outro,auditoria,ok,ativo
audit/session_info.txt,C:/Users/oorie/OneDrive/Documentos/TRABALHOS/DLNM/05_publicacao_github/audit/session_info.txt,TRUE,FALSE,2542,2026-07-14 11:16:42.718981,txt,documentação/log,auditoria,ok,ativo
audit/tabela_problemas_correcoes.csv,C:/Users/oorie/OneDrive/Documentos/TRABALHOS/DLNM/05_publicacao_github/audit/tabela_problemas_correcoes.csv,TRUE,FALSE,6119,2026-07-14 11:19:34.578142,csv,dados tabulares,auditoria,ok,ativo
audit/testes_integridade_finais.csv,C:/Users/oorie/OneDrive/Documentos/TRABALHOS/DLNM/05_publicacao_github/audit/testes_integridade_finais.csv,TRUE,FALSE,131,2026-07-14 11:16:42.580261,csv,dados tabulares,auditoria,ok,ativo
audit/validacao_cruzada_imputacao_climatica.csv,C:/Users/oorie/OneDrive/Documentos/TRABALHOS/DLNM/05_publicacao_github/audit/validacao_cruzada_imputacao_climatica.csv,TRUE,FALSE,2714,2026-06-21 17:18:29.289463,csv,dados tabulares,auditoria,ok,ativo
audit/validacao_figuras_modelos_principais.csv,C:/Users/oorie/OneDrive/Documentos/TRABALHOS/DLNM/05_publicacao_github/audit/validacao_figuras_modelos_principais.csv,TRUE,FALSE,1710,2026-06-21 17:18:29.289595,csv,dados tabulares,auditoria,ok,ativo
audit/validacao_saidas_dlnm.csv,C:/Users/oorie/OneDrive/Documentos/TRABALHOS/DLNM/05_publicacao_github/audit/validacao_saidas_dlnm.csv,TRUE,FALSE,94,2026-06-21 17:18:29.289728,csv,dados tabulares,auditoria,ok,ativo
audit/validacoes_priorizacao_robusta.csv,C:/Users/oorie/OneDrive/Documentos/TRABALHOS/DLNM/05_publicacao_github/audit/validacoes_priorizacao_robusta.csv,TRUE,FALSE,255,2026-06-21 17:18:29.289873,csv,dados tabulares,auditoria,ok,ativo
audit/validacoes_priorizacao_robusta_20260619_114632.csv,C:/Users/oorie/OneDrive/Documentos/TRABALHOS/DLNM/05_publicacao_github/audit/validacoes_priorizacao_robusta_20260619_114632.csv,TRUE,FALSE,255,2026-06-21 17:18:29.290009,csv,dados tabulares,auditoria,ok,ativo
audit_cid.R,C:/Users/oorie/OneDrive/Documentos/TRABALHOS/DLNM/05_publicacao_github/audit_cid.R,TRUE,FALSE,2833,2026-07-14 09:58:52.583652,r,script R,script de análise,ok,ativo
audit_full.R,C:/Users/oorie/OneDrive/Documentos/TRABALHOS/DLNM/05_publicacao_github/audit_full.R,TRUE,FALSE,2432,2026-07-14 09:58:25.457098,r,script R,script de análise,ok,ativo
audit_phaseA.R,C:/Users/oorie/OneDrive/Documentos/TRABALHOS/DLNM/05_publicacao_github/audit_phaseA.R,TRUE,FALSE,34057,2026-07-14 11:25:12.140226,r,script R,script de análise,ok,ativo
check_nas.R,C:/Users/oorie/OneDrive/Documentos/TRABALHOS/DLNM/05_publicacao_github/check_nas.R,TRUE,FALSE,680,2026-07-14 10:33:49.020222,r,script R,script de análise,arquivo de teste/depuração,depuração
check_station.R,C:/Users/oorie/OneDrive/Documentos/TRABALHOS/DLNM/05_publicacao_github/check_station.R,TRUE,FALSE,188,2026-07-14 10:20:33.046867,r,script R,script de análise,arquivo de teste/depuração,depuração
check_types.R,C:/Users/oorie/OneDrive/Documentos/TRABALHOS/DLNM/05_publicacao_github/check_types.R,TRUE,FALSE,236,2026-07-14 10:08:15.326557,r,script R,script de análise,arquivo de teste/depuração,depuração
CITATION.cff,C:/Users/oorie/OneDrive/Documentos/TRABALHOS/DLNM/05_publicacao_github/CITATION.cff,TRUE,FALSE,2111,2026-06-21 17:18:29.276991,cff,metadados,outro,ok,ativo
COMPENDIUM_MANIFEST.yml,C:/Users/oorie/OneDrive/Documentos/TRABALHOS/DLNM/05_publicacao_github/COMPENDIUM_MANIFEST.yml,TRUE,FALSE,6581,2026-07-14 09:32:09.644808,yml,configuração,outro,ok,ativo
config/config.R,C:/Users/oorie/OneDrive/Documentos/TRABALHOS/DLNM/05_publicacao_github/config/config.R,TRUE,FALSE,5110,2026-07-14 09:51:37.64686,r,script R,configuração,ok,ativo
config/README.md,C:/Users/oorie/OneDrive/Documentos/TRABALHOS/DLNM/05_publicacao_github/config/README.md,TRUE,FALSE,1908,2026-07-14 09:51:44.75836,md,documentação/log,configuração,ok,ativo
data/external/.gitkeep,C:/Users/oorie/OneDrive/Documentos/TRABALHOS/DLNM/05_publicacao_github/data/external/.gitkeep,TRUE,FALSE,0,2026-06-21 17:18:29.290388,,outro,outro,ok,ativo
data/interim/.gitkeep,C:/Users/oorie/OneDrive/Documentos/TRABALHOS/DLNM/05_publicacao_github/data/interim/.gitkeep,TRUE,FALSE,0,2026-06-21 17:18:29.290514,,outro,dados intermediários,ok,ativo
data/interim/sih_cerebrovascular_individual.rds,C:/Users/oorie/OneDrive/Documentos/TRABALHOS/DLNM/05_publicacao_github/data/interim/sih_cerebrovascular_individual.rds,TRUE,FALSE,1127957,2026-07-14 11:10:48.450306,rds,dados R serializados,dados intermediários,ok,ativo
data/interim/sim_cerebrovascular_individual.rds,C:/Users/oorie/OneDrive/Documentos/TRABALHOS/DLNM/05_publicacao_github/data/interim/sim_cerebrovascular_individual.rds,TRUE,FALSE,650152,2026-07-14 11:10:48.921888,rds,dados R serializados,dados intermediários,ok,ativo
data/processed/.gitkeep,C:/Users/oorie/OneDrive/Documentos/TRABALHOS/DLNM/05_publicacao_github/data/processed/.gitkeep,TRUE,FALSE,0,2026-06-21 17:18:29.290646,,outro,dados processados,ok,ativo
data/processed/dataset_dlnm_macrorregiao.rds,C:/Users/oorie/OneDrive/Documentos/TRABALHOS/DLNM/05_publicacao_github/data/processed/dataset_dlnm_macrorregiao.rds,TRUE,FALSE,1488360,2026-07-14 11:10:53.767242,rds,dados R serializados,dados processados,ok,ativo
data/processed/desfechos_diarios_municipio.rds,C:/Users/oorie/OneDrive/Documentos/TRABALHOS/DLNM/05_publicacao_github/data/processed/desfechos_diarios_municipio.rds,TRUE,FALSE,1082551,2026-07-14 11:10:49.927307,rds,dados R serializados,dados processados,ok,ativo
data/processed/inmet_diario_macrorregiao.rds,C:/Users/oorie/OneDrive/Documentos/TRABALHOS/DLNM/05_publicacao_github/data/processed/inmet_diario_macrorregiao.rds,TRUE,FALSE,582342,2026-06-22 08:54:00.853638,rds,dados R serializados,dados processados,ok,ativo
data/processed/lookup_municipio_macrorregiao.csv,C:/Users/oorie/OneDrive/Documentos/TRABALHOS/DLNM/05_publicacao_github/data/processed/lookup_municipio_macrorregiao.csv,TRUE,FALSE,4941,2026-06-21 14:52:29.337996,csv,dados tabulares,dados processados,ok,ativo
data/processed/modelos_dlnm_macrorregiao.rds,C:/Users/oorie/OneDrive/Documentos/TRABALHOS/DLNM/05_publicacao_github/data/processed/modelos_dlnm_macrorregiao.rds,TRUE,FALSE,3886191465,2026-06-21 13:02:00.24658,rds,dados R serializados,dados processados,arquivo grande (>100MB),ativo
data/processed/modelos_dlnm_macrorregiao_corrigido.rds,C:/Users/oorie/OneDrive/Documentos/TRABALHOS/DLNM/05_publicacao_github/data/processed/modelos_dlnm_macrorregiao_corrigido.rds,TRUE,FALSE,1509102022,2026-07-14 11:16:31.214443,rds,dados R serializados,dados processados,arquivo grande (>100MB),ativo
data/processed/modelos_dlnm_pm25.rds,C:/Users/oorie/OneDrive/Documentos/TRABALHOS/DLNM/05_publicacao_github/data/processed/modelos_dlnm_pm25.rds,TRUE,FALSE,483839450,2026-06-21 16:21:32.483273,rds,dados R serializados,dados processados,arquivo grande (>100MB),ativo
data/processed/pm25/.gitkeep,C:/Users/oorie/OneDrive/Documentos/TRABALHOS/DLNM/05_publicacao_github/data/processed/pm25/.gitkeep,TRUE,FALSE,0,2026-06-22 08:44:30.768824,,outro,dados processados,ok,ativo
data/processed/pm25/mp25_macroregiao_mensal_2010_2025.csv,C:/Users/oorie/OneDrive/Documentos/TRABALHOS/DLNM/05_publicacao_github/data/processed/pm25/mp25_macroregiao_mensal_2010_2025.csv,TRUE,FALSE,55468,2026-06-21 17:18:29.290812,csv,dados tabulares,dados processados,ok,ativo
data/processed/pm25/mp25_rj_estatisticas_macroregiao.csv,C:/Users/oorie/OneDrive/Documentos/TRABALHOS/DLNM/05_publicacao_github/data/processed/pm25/mp25_rj_estatisticas_macroregiao.csv,TRUE,FALSE,548,2026-06-21 17:18:29.290941,csv,dados tabulares,dados processados,ok,ativo
data/processed/pm25/mp25_rj_media_municipal.csv,C:/Users/oorie/OneDrive/Documentos/TRABALHOS/DLNM/05_publicacao_github/data/processed/pm25/mp25_rj_media_municipal.csv,TRUE,FALSE,9437,2026-06-21 17:18:29.291067,csv,dados tabulares,dados processados,ok,ativo
data/processed/pm25/mp25_rj_mensal_2010_2025.csv,C:/Users/oorie/OneDrive/Documentos/TRABALHOS/DLNM/05_publicacao_github/data/processed/pm25/mp25_rj_mensal_2010_2025.csv,TRUE,FALSE,1836517,2026-06-21 17:18:29.291191,csv,dados tabulares,dados processados,ok,ativo
data/raw/.gitkeep,C:/Users/oorie/OneDrive/Documentos/TRABALHOS/DLNM/05_publicacao_github/data/raw/.gitkeep,TRUE,FALSE,0,2026-06-21 17:18:29.291319,,outro,dados brutos,ok,ativo
data/raw/inmet/inmet_A601_seropedica_ecologia_agricola.rds,C:/Users/oorie/OneDrive/Documentos/TRABALHOS/DLNM/05_publicacao_github/data/raw/inmet/inmet_A601_seropedica_ecologia_agricola.rds,TRUE,FALSE,3546193,2026-06-21 14:08:01.633162,rds,dados R serializados,dados brutos,ok,ativo
data/raw/inmet/inmet_A602_rio_de_janeiro_marambaia.rds,C:/Users/oorie/OneDrive/Documentos/TRABALHOS/DLNM/05_publicacao_github/data/raw/inmet/inmet_A602_rio_de_janeiro_marambaia.rds,TRUE,FALSE,3365126,2026-06-21 14:07:38.799875,rds,dados R serializados,dados brutos,ok,ativo
data/raw/inmet/inmet_A603_duque_de_caxias_xerem.rds,C:/Users/oorie/OneDrive/Documentos/TRABALHOS/DLNM/05_publicacao_github/data/raw/inmet/inmet_A603_duque_de_caxias_xerem.rds,TRUE,FALSE,3365256,2026-06-21 14:06:23.217709,rds,dados R serializados,dados brutos,ok,ativo
data/raw/inmet/inmet_A604_cambuci.rds,C:/Users/oorie/OneDrive/Documentos/TRABALHOS/DLNM/05_publicacao_github/data/raw/inmet/inmet_A604_cambuci.rds,TRUE,FALSE,3241355,2026-06-21 14:06:10.987375,rds,dados R serializados,dados brutos,ok,ativo
data/raw/inmet/inmet_A606_arraial_do_cabo.rds,C:/Users/oorie/OneDrive/Documentos/TRABALHOS/DLNM/05_publicacao_github/data/raw/inmet/inmet_A606_arraial_do_cabo.rds,TRUE,FALSE,3297819,2026-06-21 14:06:06.693317,rds,dados R serializados,dados brutos,ok,ativo
data/raw/inmet/inmet_A607_campos_dos_goytacazes.rds,C:/Users/oorie/OneDrive/Documentos/TRABALHOS/DLNM/05_publicacao_github/data/raw/inmet/inmet_A607_campos_dos_goytacazes.rds,TRUE,FALSE,3476793,2026-06-21 14:06:14.621246,rds,dados R serializados,dados brutos,ok,ativo
data/raw/inmet/inmet_A608_macae.rds,C:/Users/oorie/OneDrive/Documentos/TRABALHOS/DLNM/05_publicacao_github/data/raw/inmet/inmet_A608_macae.rds,TRUE,FALSE,3405215,2026-06-21 14:06:26.660971,rds,dados R serializados,dados brutos,ok,ativo
data/raw/inmet/inmet_A609_resende.rds,C:/Users/oorie/OneDrive/Documentos/TRABALHOS/DLNM/05_publicacao_github/data/raw/inmet/inmet_A609_resende.rds,TRUE,FALSE,3422259,2026-06-21 14:06:57.862291,rds,dados R serializados,dados brutos,ok,ativo
data/raw/inmet/inmet_A610_pico_do_couto.rds,C:/Users/oorie/OneDrive/Documentos/TRABALHOS/DLNM/05_publicacao_github/data/raw/inmet/inmet_A610_pico_do_couto.rds,TRUE,FALSE,2711805,2026-06-21 14:06:43.945312,rds,dados R serializados,dados brutos,ok,ativo
data/raw/inmet/inmet_A611_valenca.rds,C:/Users/oorie/OneDrive/Documentos/TRABALHOS/DLNM/05_publicacao_github/data/raw/inmet/inmet_A611_valenca.rds,TRUE,FALSE,3152440,2026-06-21 14:08:33.397078,rds,dados R serializados,dados brutos,ok,ativo
data/raw/inmet/inmet_A618_teresopolis_parque_nacional.rds,C:/Users/oorie/OneDrive/Documentos/TRABALHOS/DLNM/05_publicacao_github/data/raw/inmet/inmet_A618_teresopolis_parque_nacional.rds,TRUE,FALSE,3333817,2026-06-21 14:08:18.114918,rds,dados R serializados,dados brutos,ok,ativo
data/raw/inmet/inmet_A619_paraty.rds,C:/Users/oorie/OneDrive/Documentos/TRABALHOS/DLNM/05_publicacao_github/data/raw/inmet/inmet_A619_paraty.rds,TRUE,FALSE,3306342,2026-06-21 14:06:36.125208,rds,dados R serializados,dados brutos,ok,ativo
data/raw/inmet/inmet_A620_campos_dos_goytacazes_sao_tome.rds,C:/Users/oorie/OneDrive/Documentos/TRABALHOS/DLNM/05_publicacao_github/data/raw/inmet/inmet_A620_campos_dos_goytacazes_sao_tome.rds,TRUE,FALSE,3259328,2026-06-21 14:06:18.627825,rds,dados R serializados,dados brutos,ok,ativo
data/raw/inmet/inmet_A621_rio_de_janeiro_vila_militar.rds,C:/Users/oorie/OneDrive/Documentos/TRABALHOS/DLNM/05_publicacao_github/data/raw/inmet/inmet_A621_rio_de_janeiro_vila_militar.rds,TRUE,FALSE,3575809,2026-06-21 14:07:28.937447,rds,dados R serializados,dados brutos,ok,ativo
data/raw/inmet/inmet_A624_nova_friburgo_salinas.rds,C:/Users/oorie/OneDrive/Documentos/TRABALHOS/DLNM/05_publicacao_github/data/raw/inmet/inmet_A624_nova_friburgo_salinas.rds,TRUE,FALSE,3260000,2026-06-21 14:06:32.391598,rds,dados R serializados,dados brutos,ok,ativo
data/raw/inmet/inmet_A625_tres_rios.rds,C:/Users/oorie/OneDrive/Documentos/TRABALHOS/DLNM/05_publicacao_github/data/raw/inmet/inmet_A625_tres_rios.rds,TRUE,FALSE,1995526,2026-06-21 14:08:23.671047,rds,dados R serializados,dados brutos,ok,ativo
data/raw/inmet/inmet_A626_rio_claro.rds,C:/Users/oorie/OneDrive/Documentos/TRABALHOS/DLNM/05_publicacao_github/data/raw/inmet/inmet_A626_rio_claro.rds,TRUE,FALSE,1943714,2026-06-21 14:07:05.162472,rds,dados R serializados,dados brutos,ok,ativo
data/raw/inmet/inmet_A627_niteroi.rds,C:/Users/oorie/OneDrive/Documentos/TRABALHOS/DLNM/05_publicacao_github/data/raw/inmet/inmet_A627_niteroi.rds,TRUE,FALSE,1653273,2026-06-21 14:06:28.8873,rds,dados R serializados,dados brutos,ok,ativo
data/raw/inmet/inmet_A628_angra_dos_reis.rds,C:/Users/oorie/OneDrive/Documentos/TRABALHOS/DLNM/05_publicacao_github/data/raw/inmet/inmet_A628_angra_dos_reis.rds,TRUE,FALSE,1589954,2026-06-21 14:06:02.004938,rds,dados R serializados,dados brutos,ok,ativo
data/raw/inmet/inmet_A629_carmo.rds,C:/Users/oorie/OneDrive/Documentos/TRABALHOS/DLNM/05_publicacao_github/data/raw/inmet/inmet_A629_carmo.rds,TRUE,FALSE,1400844,2026-06-21 14:06:20.038801,rds,dados R serializados,dados brutos,ok,ativo
data/raw/inmet/inmet_A630_santa_maria_madalena.rds,C:/Users/oorie/OneDrive/Documentos/TRABALHOS/DLNM/05_publicacao_github/data/raw/inmet/inmet_A630_santa_maria_madalena.rds,TRUE,FALSE,1460643,2026-06-21 14:07:44.494499,rds,dados R serializados,dados brutos,ok,ativo
data/raw/inmet/inmet_A636_rio_de_janeiro_jacarepagua.rds,C:/Users/oorie/OneDrive/Documentos/TRABALHOS/DLNM/05_publicacao_github/data/raw/inmet/inmet_A636_rio_de_janeiro_jacarepagua.rds,TRUE,FALSE,1833315,2026-06-21 14:07:19.020035,rds,dados R serializados,dados brutos,ok,ativo
data/raw/inmet/inmet_A637_paty_do_alferes_avelar.rds,C:/Users/oorie/OneDrive/Documentos/TRABALHOS/DLNM/05_publicacao_github/data/raw/inmet/inmet_A637_paty_do_alferes_avelar.rds,TRUE,FALSE,698426,2026-06-21 14:06:47.298483,rds,dados R serializados,dados brutos,ok,ativo
data/raw/inmet/inmet_A652_rio_de_janeiro_forte_de_copacabana.rds,C:/Users/oorie/OneDrive/Documentos/TRABALHOS/DLNM/05_publicacao_github/data/raw/inmet/inmet_A652_rio_de_janeiro_forte_de_copacabana.rds,TRUE,FALSE,3416205,2026-06-21 14:07:14.139021,rds,dados R serializados,dados brutos,ok,ativo
data/raw/inmet/inmet_A659_silva_jardim.rds,C:/Users/oorie/OneDrive/Documentos/TRABALHOS/DLNM/05_publicacao_github/data/raw/inmet/inmet_A659_silva_jardim.rds,TRUE,FALSE,2236124,2026-06-21 14:08:07.130278,rds,dados R serializados,dados brutos,ok,ativo
data/raw/inmet/inmet_A667_saquarema_sampaio_correia.rds,C:/Users/oorie/OneDrive/Documentos/TRABALHOS/DLNM/05_publicacao_github/data/raw/inmet/inmet_A667_saquarema_sampaio_correia.rds,TRUE,FALSE,2197902,2026-06-21 14:07:52.434401,rds,dados R serializados,dados brutos,ok,ativo
data/raw/inmet/inmet_rj_2010_01.rds,C:/Users/oorie/OneDrive/Documentos/TRABALHOS/DLNM/05_publicacao_github/data/raw/inmet/inmet_rj_2010_01.rds,TRUE,FALSE,4813,2026-06-22 08:54:00.853638,rds,dados R serializados,dados brutos,ok,ativo
data/raw/inmet/inmet_rj_2010_02.rds,C:/Users/oorie/OneDrive/Documentos/TRABALHOS/DLNM/05_publicacao_github/data/raw/inmet/inmet_rj_2010_02.rds,TRUE,FALSE,4242,2026-06-22 08:54:00.854153,rds,dados R serializados,dados brutos,ok,ativo
data/raw/inmet/inmet_rj_2010_03.rds,C:/Users/oorie/OneDrive/Documentos/TRABALHOS/DLNM/05_publicacao_github/data/raw/inmet/inmet_rj_2010_03.rds,TRUE,FALSE,4700,2026-06-22 08:54:00.854153,rds,dados R serializados,dados brutos,ok,ativo
data/raw/inmet/inmet_rj_2010_04.rds,C:/Users/oorie/OneDrive/Documentos/TRABALHOS/DLNM/05_publicacao_github/data/raw/inmet/inmet_rj_2010_04.rds,TRUE,FALSE,4589,2026-06-22 08:54:00.854671,rds,dados R serializados,dados brutos,ok,ativo
data/raw/inmet/inmet_rj_2010_05.rds,C:/Users/oorie/OneDrive/Documentos/TRABALHOS/DLNM/05_publicacao_github/data/raw/inmet/inmet_rj_2010_05.rds,TRUE,FALSE,4776,2026-06-22 08:54:00.854671,rds,dados R serializados,dados brutos,ok,ativo
data/raw/inmet/inmet_rj_2010_06.rds,C:/Users/oorie/OneDrive/Documentos/TRABALHOS/DLNM/05_publicacao_github/data/raw/inmet/inmet_rj_2010_06.rds,TRUE,FALSE,4720,2026-06-22 08:54:00.854671,rds,dados R serializados,dados brutos,ok,ativo
data/raw/inmet/inmet_rj_2010_07.rds,C:/Users/oorie/OneDrive/Documentos/TRABALHOS/DLNM/05_publicacao_github/data/raw/inmet/inmet_rj_2010_07.rds,TRUE,FALSE,4834,2026-06-22 08:54:00.854671,rds,dados R serializados,dados brutos,ok,ativo
data/raw/inmet/inmet_rj_2010_08.rds,C:/Users/oorie/OneDrive/Documentos/TRABALHOS/DLNM/05_publicacao_github/data/raw/inmet/inmet_rj_2010_08.rds,TRUE,FALSE,4995,2026-06-22 08:54:00.854671,rds,dados R serializados,dados brutos,ok,ativo
data/raw/inmet/inmet_rj_2010_09.rds,C:/Users/oorie/OneDrive/Documentos/TRABALHOS/DLNM/05_publicacao_github/data/raw/inmet/inmet_rj_2010_09.rds,TRUE,FALSE,4817,2026-06-22 08:54:00.855194,rds,dados R serializados,dados brutos,ok,ativo
data/raw/inmet/inmet_rj_2010_10.rds,C:/Users/oorie/OneDrive/Documentos/TRABALHOS/DLNM/05_publicacao_github/data/raw/inmet/inmet_rj_2010_10.rds,TRUE,FALSE,5079,2026-06-22 08:54:00.855194,rds,dados R serializados,dados brutos,ok,ativo
data/raw/inmet/inmet_rj_2010_11.rds,C:/Users/oorie/OneDrive/Documentos/TRABALHOS/DLNM/05_publicacao_github/data/raw/inmet/inmet_rj_2010_11.rds,TRUE,FALSE,4753,2026-06-22 08:54:00.855194,rds,dados R serializados,dados brutos,ok,ativo
data/raw/inmet/inmet_rj_2010_12.rds,C:/Users/oorie/OneDrive/Documentos/TRABALHOS/DLNM/05_publicacao_github/data/raw/inmet/inmet_rj_2010_12.rds,TRUE,FALSE,5000,2026-06-22 08:54:00.855194,rds,dados R serializados,dados brutos,ok,ativo
data/raw/inmet/inmet_rj_2011_01.rds,C:/Users/oorie/OneDrive/Documentos/TRABALHOS/DLNM/05_publicacao_github/data/raw/inmet/inmet_rj_2011_01.rds,TRUE,FALSE,5193,2026-06-22 08:54:00.855194,rds,dados R serializados,dados brutos,ok,ativo
data/raw/inmet/inmet_rj_2011_02.rds,C:/Users/oorie/OneDrive/Documentos/TRABALHOS/DLNM/05_publicacao_github/data/raw/inmet/inmet_rj_2011_02.rds,TRUE,FALSE,4819,2026-06-22 08:54:00.855721,rds,dados R serializados,dados brutos,ok,ativo
data/raw/inmet/inmet_rj_2011_03.rds,C:/Users/oorie/OneDrive/Documentos/TRABALHOS/DLNM/05_publicacao_github/data/raw/inmet/inmet_rj_2011_03.rds,TRUE,FALSE,5444,2026-06-22 08:54:00.855721,rds,dados R serializados,dados brutos,ok,ativo
data/raw/inmet/inmet_rj_2011_04.rds,C:/Users/oorie/OneDrive/Documentos/TRABALHOS/DLNM/05_publicacao_github/data/raw/inmet/inmet_rj_2011_04.rds,TRUE,FALSE,4896,2026-06-22 08:54:00.855721,rds,dados R serializados,dados brutos,ok,ativo
data/raw/inmet/inmet_rj_2011_05.rds,C:/Users/oorie/OneDrive/Documentos/TRABALHOS/DLNM/05_publicacao_github/data/raw/inmet/inmet_rj_2011_05.rds,TRUE,FALSE,5215,2026-06-22 08:54:00.855721,rds,dados R serializados,dados brutos,ok,ativo
data/raw/inmet/inmet_rj_2011_06.rds,C:/Users/oorie/OneDrive/Documentos/TRABALHOS/DLNM/05_publicacao_github/data/raw/inmet/inmet_rj_2011_06.rds,TRUE,FALSE,5067,2026-06-22 08:54:00.855721,rds,dados R serializados,dados brutos,ok,ativo
data/raw/inmet/inmet_rj_2011_07.rds,C:/Users/oorie/OneDrive/Documentos/TRABALHOS/DLNM/05_publicacao_github/data/raw/inmet/inmet_rj_2011_07.rds,TRUE,FALSE,5292,2026-06-22 08:54:00.856251,rds,dados R serializados,dados brutos,ok,ativo
data/raw/inmet/inmet_rj_2011_08.rds,C:/Users/oorie/OneDrive/Documentos/TRABALHOS/DLNM/05_publicacao_github/data/raw/inmet/inmet_rj_2011_08.rds,TRUE,FALSE,5281,2026-06-22 08:54:00.856251,rds,dados R serializados,dados brutos,ok,ativo
data/raw/inmet/inmet_rj_2011_09.rds,C:/Users/oorie/OneDrive/Documentos/TRABALHOS/DLNM/05_publicacao_github/data/raw/inmet/inmet_rj_2011_09.rds,TRUE,FALSE,5183,2026-06-22 08:54:00.856251,rds,dados R serializados,dados brutos,ok,ativo
data/raw/inmet/inmet_rj_2011_10.rds,C:/Users/oorie/OneDrive/Documentos/TRABALHOS/DLNM/05_publicacao_github/data/raw/inmet/inmet_rj_2011_10.rds,TRUE,FALSE,5403,2026-06-22 08:54:00.856251,rds,dados R serializados,dados brutos,ok,ativo
data/raw/inmet/inmet_rj_2011_11.rds,C:/Users/oorie/OneDrive/Documentos/TRABALHOS/DLNM/05_publicacao_github/data/raw/inmet/inmet_rj_2011_11.rds,TRUE,FALSE,5180,2026-06-22 08:54:00.856251,rds,dados R serializados,dados brutos,ok,ativo
data/raw/inmet/inmet_rj_2011_12.rds,C:/Users/oorie/OneDrive/Documentos/TRABALHOS/DLNM/05_publicacao_github/data/raw/inmet/inmet_rj_2011_12.rds,TRUE,FALSE,5203,2026-06-22 08:54:00.856777,rds,dados R serializados,dados brutos,ok,ativo
data/raw/inmet/inmet_rj_2012_01.rds,C:/Users/oorie/OneDrive/Documentos/TRABALHOS/DLNM/05_publicacao_github/data/raw/inmet/inmet_rj_2012_01.rds,TRUE,FALSE,4934,2026-06-22 08:54:00.856777,rds,dados R serializados,dados brutos,ok,ativo
data/raw/inmet/inmet_rj_2012_02.rds,C:/Users/oorie/OneDrive/Documentos/TRABALHOS/DLNM/05_publicacao_github/data/raw/inmet/inmet_rj_2012_02.rds,TRUE,FALSE,4573,2026-06-22 08:54:00.856777,rds,dados R serializados,dados brutos,ok,ativo
data/raw/inmet/inmet_rj_2012_03.rds,C:/Users/oorie/OneDrive/Documentos/TRABALHOS/DLNM/05_publicacao_github/data/raw/inmet/inmet_rj_2012_03.rds,TRUE,FALSE,5024,2026-06-22 08:54:00.857302,rds,dados R serializados,dados brutos,ok,ativo
data/raw/inmet/inmet_rj_2012_04.rds,C:/Users/oorie/OneDrive/Documentos/TRABALHOS/DLNM/05_publicacao_github/data/raw/inmet/inmet_rj_2012_04.rds,TRUE,FALSE,4795,2026-06-22 08:54:00.857302,rds,dados R serializados,dados brutos,ok,ativo
data/raw/inmet/inmet_rj_2012_05.rds,C:/Users/oorie/OneDrive/Documentos/TRABALHOS/DLNM/05_publicacao_github/data/raw/inmet/inmet_rj_2012_05.rds,TRUE,FALSE,4954,2026-06-22 08:54:00.857302,rds,dados R serializados,dados brutos,ok,ativo
data/raw/inmet/inmet_rj_2012_06.rds,C:/Users/oorie/OneDrive/Documentos/TRABALHOS/DLNM/05_publicacao_github/data/raw/inmet/inmet_rj_2012_06.rds,TRUE,FALSE,4899,2026-06-22 08:54:00.857302,rds,dados R serializados,dados brutos,ok,ativo
data/raw/inmet/inmet_rj_2012_07.rds,C:/Users/oorie/OneDrive/Documentos/TRABALHOS/DLNM/05_publicacao_github/data/raw/inmet/inmet_rj_2012_07.rds,TRUE,FALSE,5144,2026-06-22 08:54:00.85783,rds,dados R serializados,dados brutos,ok,ativo
data/raw/inmet/inmet_rj_2012_08.rds,C:/Users/oorie/OneDrive/Documentos/TRABALHOS/DLNM/05_publicacao_github/data/raw/inmet/inmet_rj_2012_08.rds,TRUE,FALSE,5066,2026-06-22 08:54:00.85783,rds,dados R serializados,dados brutos,ok,ativo
data/raw/inmet/inmet_rj_2012_09.rds,C:/Users/oorie/OneDrive/Documentos/TRABALHOS/DLNM/05_publicacao_github/data/raw/inmet/inmet_rj_2012_09.rds,TRUE,FALSE,4959,2026-06-22 08:54:00.85783,rds,dados R serializados,dados brutos,ok,ativo
data/raw/inmet/inmet_rj_2012_10.rds,C:/Users/oorie/OneDrive/Documentos/TRABALHOS/DLNM/05_publicacao_github/data/raw/inmet/inmet_rj_2012_10.rds,TRUE,FALSE,5078,2026-06-22 08:54:00.85783,rds,dados R serializados,dados brutos,ok,ativo
data/raw/inmet/inmet_rj_2012_11.rds,C:/Users/oorie/OneDrive/Documentos/TRABALHOS/DLNM/05_publicacao_github/data/raw/inmet/inmet_rj_2012_11.rds,TRUE,FALSE,4851,2026-06-22 08:54:00.85783,rds,dados R serializados,dados brutos,ok,ativo
data/raw/inmet/inmet_rj_2012_12.rds,C:/Users/oorie/OneDrive/Documentos/TRABALHOS/DLNM/05_publicacao_github/data/raw/inmet/inmet_rj_2012_12.rds,TRUE,FALSE,5034,2026-06-22 08:54:00.858353,rds,dados R serializados,dados brutos,ok,ativo
data/raw/inmet/inmet_rj_2013_01.rds,C:/Users/oorie/OneDrive/Documentos/TRABALHOS/DLNM/05_publicacao_github/data/raw/inmet/inmet_rj_2013_01.rds,TRUE,FALSE,4952,2026-06-22 08:54:00.858353,rds,dados R serializados,dados brutos,ok,ativo
data/raw/inmet/inmet_rj_2013_02.rds,C:/Users/oorie/OneDrive/Documentos/TRABALHOS/DLNM/05_publicacao_github/data/raw/inmet/inmet_rj_2013_02.rds,TRUE,FALSE,4438,2026-06-22 08:54:00.858353,rds,dados R serializados,dados brutos,ok,ativo
data/raw/inmet/inmet_rj_2013_03.rds,C:/Users/oorie/OneDrive/Documentos/TRABALHOS/DLNM/05_publicacao_github/data/raw/inmet/inmet_rj_2013_03.rds,TRUE,FALSE,5156,2026-06-22 08:54:00.858353,rds,dados R serializados,dados brutos,ok,ativo
data/raw/inmet/inmet_rj_2013_04.rds,C:/Users/oorie/OneDrive/Documentos/TRABALHOS/DLNM/05_publicacao_github/data/raw/inmet/inmet_rj_2013_04.rds,TRUE,FALSE,4888,2026-06-22 08:54:00.858353,rds,dados R serializados,dados brutos,ok,ativo
data/raw/inmet/inmet_rj_2013_05.rds,C:/Users/oorie/OneDrive/Documentos/TRABALHOS/DLNM/05_publicacao_github/data/raw/inmet/inmet_rj_2013_05.rds,TRUE,FALSE,5025,2026-06-22 08:54:00.858898,rds,dados R serializados,dados brutos,ok,ativo
data/raw/inmet/inmet_rj_2013_06.rds,C:/Users/oorie/OneDrive/Documentos/TRABALHOS/DLNM/05_publicacao_github/data/raw/inmet/inmet_rj_2013_06.rds,TRUE,FALSE,4914,2026-06-22 08:54:00.858898,rds,dados R serializados,dados brutos,ok,ativo
data/raw/inmet/inmet_rj_2013_07.rds,C:/Users/oorie/OneDrive/Documentos/TRABALHOS/DLNM/05_publicacao_github/data/raw/inmet/inmet_rj_2013_07.rds,TRUE,FALSE,5115,2026-06-22 08:54:00.858898,rds,dados R serializados,dados brutos,ok,ativo
data/raw/inmet/inmet_rj_2013_08.rds,C:/Users/oorie/OneDrive/Documentos/TRABALHOS/DLNM/05_publicacao_github/data/raw/inmet/inmet_rj_2013_08.rds,TRUE,FALSE,5055,2026-06-22 08:54:00.858898,rds,dados R serializados,dados brutos,ok,ativo
data/raw/inmet/inmet_rj_2013_09.rds,C:/Users/oorie/OneDrive/Documentos/TRABALHOS/DLNM/05_publicacao_github/data/raw/inmet/inmet_rj_2013_09.rds,TRUE,FALSE,4928,2026-06-22 08:54:00.858898,rds,dados R serializados,dados brutos,ok,ativo
data/raw/inmet/inmet_rj_2013_10.rds,C:/Users/oorie/OneDrive/Documentos/TRABALHOS/DLNM/05_publicacao_github/data/raw/inmet/inmet_rj_2013_10.rds,TRUE,FALSE,5036,2026-06-22 08:54:00.859434,rds,dados R serializados,dados brutos,ok,ativo
data/raw/inmet/inmet_rj_2013_11.rds,C:/Users/oorie/OneDrive/Documentos/TRABALHOS/DLNM/05_publicacao_github/data/raw/inmet/inmet_rj_2013_11.rds,TRUE,FALSE,4905,2026-06-22 08:54:00.859434,rds,dados R serializados,dados brutos,ok,ativo
data/raw/inmet/inmet_rj_2013_12.rds,C:/Users/oorie/OneDrive/Documentos/TRABALHOS/DLNM/05_publicacao_github/data/raw/inmet/inmet_rj_2013_12.rds,TRUE,FALSE,4926,2026-06-22 08:54:00.859434,rds,dados R serializados,dados brutos,ok,ativo
data/raw/inmet/inmet_rj_2014_01.rds,C:/Users/oorie/OneDrive/Documentos/TRABALHOS/DLNM/05_publicacao_github/data/raw/inmet/inmet_rj_2014_01.rds,TRUE,FALSE,4905,2026-06-22 08:54:00.860062,rds,dados R serializados,dados brutos,ok,ativo
data/raw/inmet/inmet_rj_2014_02.rds,C:/Users/oorie/OneDrive/Documentos/TRABALHOS/DLNM/05_publicacao_github/data/raw/inmet/inmet_rj_2014_02.rds,TRUE,FALSE,4562,2026-06-22 08:54:00.860062,rds,dados R serializados,dados brutos,ok,ativo
data/raw/inmet/inmet_rj_2014_03.rds,C:/Users/oorie/OneDrive/Documentos/TRABALHOS/DLNM/05_publicacao_github/data/raw/inmet/inmet_rj_2014_03.rds,TRUE,FALSE,4965,2026-06-22 08:54:00.860062,rds,dados R serializados,dados brutos,ok,ativo
data/raw/inmet/inmet_rj_2014_04.rds,C:/Users/oorie/OneDrive/Documentos/TRABALHOS/DLNM/05_publicacao_github/data/raw/inmet/inmet_rj_2014_04.rds,TRUE,FALSE,4973,2026-06-22 08:54:00.860575,rds,dados R serializados,dados brutos,ok,ativo
data/raw/inmet/inmet_rj_2014_05.rds,C:/Users/oorie/OneDrive/Documentos/TRABALHOS/DLNM/05_publicacao_github/data/raw/inmet/inmet_rj_2014_05.rds,TRUE,FALSE,4980,2026-06-22 08:54:00.860575,rds,dados R serializados,dados brutos,ok,ativo
data/raw/inmet/inmet_rj_2014_06.rds,C:/Users/oorie/OneDrive/Documentos/TRABALHOS/DLNM/05_publicacao_github/data/raw/inmet/inmet_rj_2014_06.rds,TRUE,FALSE,4765,2026-06-22 08:54:00.860575,rds,dados R serializados,dados brutos,ok,ativo
data/raw/inmet/inmet_rj_2014_07.rds,C:/Users/oorie/OneDrive/Documentos/TRABALHOS/DLNM/05_publicacao_github/data/raw/inmet/inmet_rj_2014_07.rds,TRUE,FALSE,4932,2026-06-22 08:54:00.860575,rds,dados R serializados,dados brutos,ok,ativo
data/raw/inmet/inmet_rj_2014_08.rds,C:/Users/oorie/OneDrive/Documentos/TRABALHOS/DLNM/05_publicacao_github/data/raw/inmet/inmet_rj_2014_08.rds,TRUE,FALSE,5114,2026-06-22 08:54:00.861317,rds,dados R serializados,dados brutos,ok,ativo
data/raw/inmet/inmet_rj_2014_09.rds,C:/Users/oorie/OneDrive/Documentos/TRABALHOS/DLNM/05_publicacao_github/data/raw/inmet/inmet_rj_2014_09.rds,TRUE,FALSE,5003,2026-06-22 08:54:00.861317,rds,dados R serializados,dados brutos,ok,ativo
data/raw/inmet/inmet_rj_2014_10.rds,C:/Users/oorie/OneDrive/Documentos/TRABALHOS/DLNM/05_publicacao_github/data/raw/inmet/inmet_rj_2014_10.rds,TRUE,FALSE,5196,2026-06-22 08:54:00.861317,rds,dados R serializados,dados brutos,ok,ativo
data/raw/inmet/inmet_rj_2014_11.rds,C:/Users/oorie/OneDrive/Documentos/TRABALHOS/DLNM/05_publicacao_github/data/raw/inmet/inmet_rj_2014_11.rds,TRUE,FALSE,4900,2026-06-22 08:54:00.861317,rds,dados R serializados,dados brutos,ok,ativo
data/raw/inmet/inmet_rj_2014_12.rds,C:/Users/oorie/OneDrive/Documentos/TRABALHOS/DLNM/05_publicacao_github/data/raw/inmet/inmet_rj_2014_12.rds,TRUE,FALSE,5038,2026-06-22 08:54:00.861845,rds,dados R serializados,dados brutos,ok,ativo
data/raw/inmet/inmet_rj_2015_01.rds,C:/Users/oorie/OneDrive/Documentos/TRABALHOS/DLNM/05_publicacao_github/data/raw/inmet/inmet_rj_2015_01.rds,TRUE,FALSE,5108,2026-06-22 08:54:00.861845,rds,dados R serializados,dados brutos,ok,ativo
data/raw/inmet/inmet_rj_2015_02.rds,C:/Users/oorie/OneDrive/Documentos/TRABALHOS/DLNM/05_publicacao_github/data/raw/inmet/inmet_rj_2015_02.rds,TRUE,FALSE,4475,2026-06-22 08:54:00.861845,rds,dados R serializados,dados brutos,ok,ativo
data/raw/inmet/inmet_rj_2015_03.rds,C:/Users/oorie/OneDrive/Documentos/TRABALHOS/DLNM/05_publicacao_github/data/raw/inmet/inmet_rj_2015_03.rds,TRUE,FALSE,4849,2026-06-22 08:54:00.862398,rds,dados R serializados,dados brutos,ok,ativo
data/raw/inmet/inmet_rj_2015_04.rds,C:/Users/oorie/OneDrive/Documentos/TRABALHOS/DLNM/05_publicacao_github/data/raw/inmet/inmet_rj_2015_04.rds,TRUE,FALSE,4723,2026-06-22 08:54:00.862398,rds,dados R serializados,dados brutos,ok,ativo
data/raw/inmet/inmet_rj_2015_05.rds,C:/Users/oorie/OneDrive/Documentos/TRABALHOS/DLNM/05_publicacao_github/data/raw/inmet/inmet_rj_2015_05.rds,TRUE,FALSE,4886,2026-06-22 08:54:00.862398,rds,dados R serializados,dados brutos,ok,ativo
data/raw/inmet/inmet_rj_2015_06.rds,C:/Users/oorie/OneDrive/Documentos/TRABALHOS/DLNM/05_publicacao_github/data/raw/inmet/inmet_rj_2015_06.rds,TRUE,FALSE,4866,2026-06-22 08:54:00.862926,rds,dados R serializados,dados brutos,ok,ativo
data/raw/inmet/inmet_rj_2015_07.rds,C:/Users/oorie/OneDrive/Documentos/TRABALHOS/DLNM/05_publicacao_github/data/raw/inmet/inmet_rj_2015_07.rds,TRUE,FALSE,4946,2026-06-22 08:54:00.862926,rds,dados R serializados,dados brutos,ok,ativo
data/raw/inmet/inmet_rj_2015_08.rds,C:/Users/oorie/OneDrive/Documentos/TRABALHOS/DLNM/05_publicacao_github/data/raw/inmet/inmet_rj_2015_08.rds,TRUE,FALSE,5046,2026-06-22 08:54:00.862926,rds,dados R serializados,dados brutos,ok,ativo
data/raw/inmet/inmet_rj_2015_09.rds,C:/Users/oorie/OneDrive/Documentos/TRABALHOS/DLNM/05_publicacao_github/data/raw/inmet/inmet_rj_2015_09.rds,TRUE,FALSE,5609,2026-06-22 08:54:00.862926,rds,dados R serializados,dados brutos,ok,ativo
data/raw/inmet/inmet_rj_2015_10.rds,C:/Users/oorie/OneDrive/Documentos/TRABALHOS/DLNM/05_publicacao_github/data/raw/inmet/inmet_rj_2015_10.rds,TRUE,FALSE,5602,2026-06-22 08:54:00.863476,rds,dados R serializados,dados brutos,ok,ativo
data/raw/inmet/inmet_rj_2015_11.rds,C:/Users/oorie/OneDrive/Documentos/TRABALHOS/DLNM/05_publicacao_github/data/raw/inmet/inmet_rj_2015_11.rds,TRUE,FALSE,5431,2026-06-22 08:54:00.863476,rds,dados R serializados,dados brutos,ok,ativo
data/raw/inmet/inmet_rj_2015_12.rds,C:/Users/oorie/OneDrive/Documentos/TRABALHOS/DLNM/05_publicacao_github/data/raw/inmet/inmet_rj_2015_12.rds,TRUE,FALSE,5599,2026-06-22 08:54:00.863476,rds,dados R serializados,dados brutos,ok,ativo
data/raw/inmet/inmet_rj_2016_01.rds,C:/Users/oorie/OneDrive/Documentos/TRABALHOS/DLNM/05_publicacao_github/data/raw/inmet/inmet_rj_2016_01.rds,TRUE,FALSE,5559,2026-06-22 08:54:00.863476,rds,dados R serializados,dados brutos,ok,ativo
data/raw/inmet/inmet_rj_2016_02.rds,C:/Users/oorie/OneDrive/Documentos/TRABALHOS/DLNM/05_publicacao_github/data/raw/inmet/inmet_rj_2016_02.rds,TRUE,FALSE,5062,2026-06-22 08:54:00.863476,rds,dados R serializados,dados brutos,ok,ativo
data/raw/inmet/inmet_rj_2016_03.rds,C:/Users/oorie/OneDrive/Documentos/TRABALHOS/DLNM/05_publicacao_github/data/raw/inmet/inmet_rj_2016_03.rds,TRUE,FALSE,5645,2026-06-22 08:54:00.863993,rds,dados R serializados,dados brutos,ok,ativo
data/raw/inmet/inmet_rj_2016_04.rds,C:/Users/oorie/OneDrive/Documentos/TRABALHOS/DLNM/05_publicacao_github/data/raw/inmet/inmet_rj_2016_04.rds,TRUE,FALSE,5656,2026-06-22 08:54:00.863993,rds,dados R serializados,dados brutos,ok,ativo
data/raw/inmet/inmet_rj_2016_05.rds,C:/Users/oorie/OneDrive/Documentos/TRABALHOS/DLNM/05_publicacao_github/data/raw/inmet/inmet_rj_2016_05.rds,TRUE,FALSE,5754,2026-06-22 08:54:00.863993,rds,dados R serializados,dados brutos,ok,ativo
data/raw/inmet/inmet_rj_2016_06.rds,C:/Users/oorie/OneDrive/Documentos/TRABALHOS/DLNM/05_publicacao_github/data/raw/inmet/inmet_rj_2016_06.rds,TRUE,FALSE,6256,2026-06-22 08:54:00.863993,rds,dados R serializados,dados brutos,ok,ativo
data/raw/inmet/inmet_rj_2016_07.rds,C:/Users/oorie/OneDrive/Documentos/TRABALHOS/DLNM/05_publicacao_github/data/raw/inmet/inmet_rj_2016_07.rds,TRUE,FALSE,6320,2026-06-22 08:54:00.86451,rds,dados R serializados,dados brutos,ok,ativo
data/raw/inmet/inmet_rj_2016_08.rds,C:/Users/oorie/OneDrive/Documentos/TRABALHOS/DLNM/05_publicacao_github/data/raw/inmet/inmet_rj_2016_08.rds,TRUE,FALSE,6371,2026-06-22 08:54:00.86451,rds,dados R serializados,dados brutos,ok,ativo
data/raw/inmet/inmet_rj_2016_09.rds,C:/Users/oorie/OneDrive/Documentos/TRABALHOS/DLNM/05_publicacao_github/data/raw/inmet/inmet_rj_2016_09.rds,TRUE,FALSE,6141,2026-06-22 08:54:00.86451,rds,dados R serializados,dados brutos,ok,ativo
data/raw/inmet/inmet_rj_2016_10.rds,C:/Users/oorie/OneDrive/Documentos/TRABALHOS/DLNM/05_publicacao_github/data/raw/inmet/inmet_rj_2016_10.rds,TRUE,FALSE,6370,2026-06-22 08:54:00.86451,rds,dados R serializados,dados brutos,ok,ativo
data/raw/inmet/inmet_rj_2016_11.rds,C:/Users/oorie/OneDrive/Documentos/TRABALHOS/DLNM/05_publicacao_github/data/raw/inmet/inmet_rj_2016_11.rds,TRUE,FALSE,5976,2026-06-22 08:54:00.86508,rds,dados R serializados,dados brutos,ok,ativo
data/raw/inmet/inmet_rj_2016_12.rds,C:/Users/oorie/OneDrive/Documentos/TRABALHOS/DLNM/05_publicacao_github/data/raw/inmet/inmet_rj_2016_12.rds,TRUE,FALSE,6165,2026-06-22 08:54:00.86508,rds,dados R serializados,dados brutos,ok,ativo
data/raw/inmet/inmet_rj_2017_01.rds,C:/Users/oorie/OneDrive/Documentos/TRABALHOS/DLNM/05_publicacao_github/data/raw/inmet/inmet_rj_2017_01.rds,TRUE,FALSE,6165,2026-06-22 08:54:00.86561,rds,dados R serializados,dados brutos,ok,ativo
data/raw/inmet/inmet_rj_2017_02.rds,C:/Users/oorie/OneDrive/Documentos/TRABALHOS/DLNM/05_publicacao_github/data/raw/inmet/inmet_rj_2017_02.rds,TRUE,FALSE,5687,2026-06-22 08:54:00.86561,rds,dados R serializados,dados brutos,ok,ativo
data/raw/inmet/inmet_rj_2017_03.rds,C:/Users/oorie/OneDrive/Documentos/TRABALHOS/DLNM/05_publicacao_github/data/raw/inmet/inmet_rj_2017_03.rds,TRUE,FALSE,6568,2026-06-22 08:54:00.86561,rds,dados R serializados,dados brutos,ok,ativo
data/raw/inmet/inmet_rj_2017_04.rds,C:/Users/oorie/OneDrive/Documentos/TRABALHOS/DLNM/05_publicacao_github/data/raw/inmet/inmet_rj_2017_04.rds,TRUE,FALSE,6151,2026-06-22 08:54:00.86561,rds,dados R serializados,dados brutos,ok,ativo
data/raw/inmet/inmet_rj_2017_05.rds,C:/Users/oorie/OneDrive/Documentos/TRABALHOS/DLNM/05_publicacao_github/data/raw/inmet/inmet_rj_2017_05.rds,TRUE,FALSE,6287,2026-06-22 08:54:00.86615,rds,dados R serializados,dados brutos,ok,ativo
data/raw/inmet/inmet_rj_2017_06.rds,C:/Users/oorie/OneDrive/Documentos/TRABALHOS/DLNM/05_publicacao_github/data/raw/inmet/inmet_rj_2017_06.rds,TRUE,FALSE,6201,2026-06-22 08:54:00.86615,rds,dados R serializados,dados brutos,ok,ativo
data/raw/inmet/inmet_rj_2017_07.rds,C:/Users/oorie/OneDrive/Documentos/TRABALHOS/DLNM/05_publicacao_github/data/raw/inmet/inmet_rj_2017_07.rds,TRUE,FALSE,6262,2026-06-22 08:54:00.86615,rds,dados R serializados,dados brutos,ok,ativo
data/raw/inmet/inmet_rj_2017_08.rds,C:/Users/oorie/OneDrive/Documentos/TRABALHOS/DLNM/05_publicacao_github/data/raw/inmet/inmet_rj_2017_08.rds,TRUE,FALSE,6621,2026-06-22 08:54:00.866676,rds,dados R serializados,dados brutos,ok,ativo
data/raw/inmet/inmet_rj_2017_09.rds,C:/Users/oorie/OneDrive/Documentos/TRABALHOS/DLNM/05_publicacao_github/data/raw/inmet/inmet_rj_2017_09.rds,TRUE,FALSE,6884,2026-06-22 08:54:00.866676,rds,dados R serializados,dados brutos,ok,ativo
data/raw/inmet/inmet_rj_2017_10.rds,C:/Users/oorie/OneDrive/Documentos/TRABALHOS/DLNM/05_publicacao_github/data/raw/inmet/inmet_rj_2017_10.rds,TRUE,FALSE,6854,2026-06-22 08:54:00.867195,rds,dados R serializados,dados brutos,ok,ativo
data/raw/inmet/inmet_rj_2017_11.rds,C:/Users/oorie/OneDrive/Documentos/TRABALHOS/DLNM/05_publicacao_github/data/raw/inmet/inmet_rj_2017_11.rds,TRUE,FALSE,6557,2026-06-22 08:54:00.867195,rds,dados R serializados,dados brutos,ok,ativo
data/raw/inmet/inmet_rj_2017_12.rds,C:/Users/oorie/OneDrive/Documentos/TRABALHOS/DLNM/05_publicacao_github/data/raw/inmet/inmet_rj_2017_12.rds,TRUE,FALSE,6614,2026-06-22 08:54:00.867195,rds,dados R serializados,dados brutos,ok,ativo
data/raw/inmet/inmet_rj_2018_01.rds,C:/Users/oorie/OneDrive/Documentos/TRABALHOS/DLNM/05_publicacao_github/data/raw/inmet/inmet_rj_2018_01.rds,TRUE,FALSE,6557,2026-06-22 08:54:00.867195,rds,dados R serializados,dados brutos,ok,ativo
data/raw/inmet/inmet_rj_2018_02.rds,C:/Users/oorie/OneDrive/Documentos/TRABALHOS/DLNM/05_publicacao_github/data/raw/inmet/inmet_rj_2018_02.rds,TRUE,FALSE,6036,2026-06-22 08:54:00.867195,rds,dados R serializados,dados brutos,ok,ativo
data/raw/inmet/inmet_rj_2018_03.rds,C:/Users/oorie/OneDrive/Documentos/TRABALHOS/DLNM/05_publicacao_github/data/raw/inmet/inmet_rj_2018_03.rds,TRUE,FALSE,6512,2026-06-22 08:54:00.867723,rds,dados R serializados,dados brutos,ok,ativo
data/raw/inmet/inmet_rj_2018_04.rds,C:/Users/oorie/OneDrive/Documentos/TRABALHOS/DLNM/05_publicacao_github/data/raw/inmet/inmet_rj_2018_04.rds,TRUE,FALSE,6271,2026-06-22 08:54:00.867723,rds,dados R serializados,dados brutos,ok,ativo
data/raw/inmet/inmet_rj_2018_05.rds,C:/Users/oorie/OneDrive/Documentos/TRABALHOS/DLNM/05_publicacao_github/data/raw/inmet/inmet_rj_2018_05.rds,TRUE,FALSE,6393,2026-06-22 08:54:00.867723,rds,dados R serializados,dados brutos,ok,ativo
data/raw/inmet/inmet_rj_2018_06.rds,C:/Users/oorie/OneDrive/Documentos/TRABALHOS/DLNM/05_publicacao_github/data/raw/inmet/inmet_rj_2018_06.rds,TRUE,FALSE,6309,2026-06-22 08:54:00.867723,rds,dados R serializados,dados brutos,ok,ativo
data/raw/inmet/inmet_rj_2018_07.rds,C:/Users/oorie/OneDrive/Documentos/TRABALHOS/DLNM/05_publicacao_github/data/raw/inmet/inmet_rj_2018_07.rds,TRUE,FALSE,6706,2026-06-22 08:54:00.867723,rds,dados R serializados,dados brutos,ok,ativo
data/raw/inmet/inmet_rj_2018_08.rds,C:/Users/oorie/OneDrive/Documentos/TRABALHOS/DLNM/05_publicacao_github/data/raw/inmet/inmet_rj_2018_08.rds,TRUE,FALSE,6775,2026-06-22 08:54:00.868244,rds,dados R serializados,dados brutos,ok,ativo
data/raw/inmet/inmet_rj_2018_09.rds,C:/Users/oorie/OneDrive/Documentos/TRABALHOS/DLNM/05_publicacao_github/data/raw/inmet/inmet_rj_2018_09.rds,TRUE,FALSE,6834,2026-06-22 08:54:00.868244,rds,dados R serializados,dados brutos,ok,ativo
data/raw/inmet/inmet_rj_2018_10.rds,C:/Users/oorie/OneDrive/Documentos/TRABALHOS/DLNM/05_publicacao_github/data/raw/inmet/inmet_rj_2018_10.rds,TRUE,FALSE,7198,2026-06-22 08:54:00.868244,rds,dados R serializados,dados brutos,ok,ativo
data/raw/inmet/inmet_rj_2018_11.rds,C:/Users/oorie/OneDrive/Documentos/TRABALHOS/DLNM/05_publicacao_github/data/raw/inmet/inmet_rj_2018_11.rds,TRUE,FALSE,7287,2026-06-22 08:54:00.868244,rds,dados R serializados,dados brutos,ok,ativo
data/raw/inmet/inmet_rj_2018_12.rds,C:/Users/oorie/OneDrive/Documentos/TRABALHOS/DLNM/05_publicacao_github/data/raw/inmet/inmet_rj_2018_12.rds,TRUE,FALSE,7480,2026-06-22 08:54:00.868761,rds,dados R serializados,dados brutos,ok,ativo
data/raw/inmet/inmet_rj_2019_01.rds,C:/Users/oorie/OneDrive/Documentos/TRABALHOS/DLNM/05_publicacao_github/data/raw/inmet/inmet_rj_2019_01.rds,TRUE,FALSE,7422,2026-06-22 08:54:00.868761,rds,dados R serializados,dados brutos,ok,ativo
data/raw/inmet/inmet_rj_2019_02.rds,C:/Users/oorie/OneDrive/Documentos/TRABALHOS/DLNM/05_publicacao_github/data/raw/inmet/inmet_rj_2019_02.rds,TRUE,FALSE,6847,2026-06-22 08:54:00.868761,rds,dados R serializados,dados brutos,ok,ativo
data/raw/inmet/inmet_rj_2019_03.rds,C:/Users/oorie/OneDrive/Documentos/TRABALHOS/DLNM/05_publicacao_github/data/raw/inmet/inmet_rj_2019_03.rds,TRUE,FALSE,7336,2026-06-22 08:54:00.868761,rds,dados R serializados,dados brutos,ok,ativo
data/raw/inmet/inmet_rj_2019_04.rds,C:/Users/oorie/OneDrive/Documentos/TRABALHOS/DLNM/05_publicacao_github/data/raw/inmet/inmet_rj_2019_04.rds,TRUE,FALSE,7091,2026-06-22 08:54:00.868761,rds,dados R serializados,dados brutos,ok,ativo
data/raw/inmet/inmet_rj_2019_05.rds,C:/Users/oorie/OneDrive/Documentos/TRABALHOS/DLNM/05_publicacao_github/data/raw/inmet/inmet_rj_2019_05.rds,TRUE,FALSE,7276,2026-06-22 08:54:00.868761,rds,dados R serializados,dados brutos,ok,ativo
data/raw/inmet/inmet_rj_2019_06.rds,C:/Users/oorie/OneDrive/Documentos/TRABALHOS/DLNM/05_publicacao_github/data/raw/inmet/inmet_rj_2019_06.rds,TRUE,FALSE,7091,2026-06-22 08:54:00.869328,rds,dados R serializados,dados brutos,ok,ativo
data/raw/inmet/inmet_rj_2019_07.rds,C:/Users/oorie/OneDrive/Documentos/TRABALHOS/DLNM/05_publicacao_github/data/raw/inmet/inmet_rj_2019_07.rds,TRUE,FALSE,7383,2026-06-22 08:54:00.869328,rds,dados R serializados,dados brutos,ok,ativo
data/raw/inmet/inmet_rj_2019_08.rds,C:/Users/oorie/OneDrive/Documentos/TRABALHOS/DLNM/05_publicacao_github/data/raw/inmet/inmet_rj_2019_08.rds,TRUE,FALSE,7392,2026-06-22 08:54:00.869328,rds,dados R serializados,dados brutos,ok,ativo
data/raw/inmet/inmet_rj_2019_09.rds,C:/Users/oorie/OneDrive/Documentos/TRABALHOS/DLNM/05_publicacao_github/data/raw/inmet/inmet_rj_2019_09.rds,TRUE,FALSE,7115,2026-06-22 08:54:00.869328,rds,dados R serializados,dados brutos,ok,ativo
data/raw/inmet/inmet_rj_2019_10.rds,C:/Users/oorie/OneDrive/Documentos/TRABALHOS/DLNM/05_publicacao_github/data/raw/inmet/inmet_rj_2019_10.rds,TRUE,FALSE,7243,2026-06-22 08:54:00.869867,rds,dados R serializados,dados brutos,ok,ativo
data/raw/inmet/inmet_rj_2019_11.rds,C:/Users/oorie/OneDrive/Documentos/TRABALHOS/DLNM/05_publicacao_github/data/raw/inmet/inmet_rj_2019_11.rds,TRUE,FALSE,7091,2026-06-22 08:54:00.869867,rds,dados R serializados,dados brutos,ok,ativo
data/raw/inmet/inmet_rj_2019_12.rds,C:/Users/oorie/OneDrive/Documentos/TRABALHOS/DLNM/05_publicacao_github/data/raw/inmet/inmet_rj_2019_12.rds,TRUE,FALSE,7406,2026-06-22 08:54:00.869867,rds,dados R serializados,dados brutos,ok,ativo
data/raw/inmet/inmet_rj_2020_01.rds,C:/Users/oorie/OneDrive/Documentos/TRABALHOS/DLNM/05_publicacao_github/data/raw/inmet/inmet_rj_2020_01.rds,TRUE,FALSE,7470,2026-06-22 08:54:00.869867,rds,dados R serializados,dados brutos,ok,ativo
data/raw/inmet/inmet_rj_2020_02.rds,C:/Users/oorie/OneDrive/Documentos/TRABALHOS/DLNM/05_publicacao_github/data/raw/inmet/inmet_rj_2020_02.rds,TRUE,FALSE,7021,2026-06-22 08:54:00.870392,rds,dados R serializados,dados brutos,ok,ativo
data/raw/inmet/inmet_rj_2020_03.rds,C:/Users/oorie/OneDrive/Documentos/TRABALHOS/DLNM/05_publicacao_github/data/raw/inmet/inmet_rj_2020_03.rds,TRUE,FALSE,7157,2026-06-22 08:54:00.870392,rds,dados R serializados,dados brutos,ok,ativo
data/raw/inmet/inmet_rj_2020_04.rds,C:/Users/oorie/OneDrive/Documentos/TRABALHOS/DLNM/05_publicacao_github/data/raw/inmet/inmet_rj_2020_04.rds,TRUE,FALSE,6924,2026-06-22 08:54:00.870392,rds,dados R serializados,dados brutos,ok,ativo
data/raw/inmet/inmet_rj_2020_05.rds,C:/Users/oorie/OneDrive/Documentos/TRABALHOS/DLNM/05_publicacao_github/data/raw/inmet/inmet_rj_2020_05.rds,TRUE,FALSE,7416,2026-06-22 08:54:00.870913,rds,dados R serializados,dados brutos,ok,ativo
data/raw/inmet/inmet_rj_2020_06.rds,C:/Users/oorie/OneDrive/Documentos/TRABALHOS/DLNM/05_publicacao_github/data/raw/inmet/inmet_rj_2020_06.rds,TRUE,FALSE,7378,2026-06-22 08:54:00.870913,rds,dados R serializados,dados brutos,ok,ativo
data/raw/inmet/inmet_rj_2020_07.rds,C:/Users/oorie/OneDrive/Documentos/TRABALHOS/DLNM/05_publicacao_github/data/raw/inmet/inmet_rj_2020_07.rds,TRUE,FALSE,7588,2026-06-22 08:54:00.870913,rds,dados R serializados,dados brutos,ok,ativo
data/raw/inmet/inmet_rj_2020_08.rds,C:/Users/oorie/OneDrive/Documentos/TRABALHOS/DLNM/05_publicacao_github/data/raw/inmet/inmet_rj_2020_08.rds,TRUE,FALSE,7524,2026-06-22 08:54:00.87145,rds,dados R serializados,dados brutos,ok,ativo
data/raw/inmet/inmet_rj_2020_09.rds,C:/Users/oorie/OneDrive/Documentos/TRABALHOS/DLNM/05_publicacao_github/data/raw/inmet/inmet_rj_2020_09.rds,TRUE,FALSE,7377,2026-06-22 08:54:00.87145,rds,dados R serializados,dados brutos,ok,ativo
data/raw/inmet/inmet_rj_2020_10.rds,C:/Users/oorie/OneDrive/Documentos/TRABALHOS/DLNM/05_publicacao_github/data/raw/inmet/inmet_rj_2020_10.rds,TRUE,FALSE,7683,2026-06-22 08:54:00.871975,rds,dados R serializados,dados brutos,ok,ativo
data/raw/inmet/inmet_rj_2020_11.rds,C:/Users/oorie/OneDrive/Documentos/TRABALHOS/DLNM/05_publicacao_github/data/raw/inmet/inmet_rj_2020_11.rds,TRUE,FALSE,7515,2026-06-22 08:54:00.871975,rds,dados R serializados,dados brutos,ok,ativo
data/raw/inmet/inmet_rj_2020_12.rds,C:/Users/oorie/OneDrive/Documentos/TRABALHOS/DLNM/05_publicacao_github/data/raw/inmet/inmet_rj_2020_12.rds,TRUE,FALSE,7700,2026-06-22 08:54:00.871975,rds,dados R serializados,dados brutos,ok,ativo
data/raw/inmet/inmet_rj_2021_01.rds,C:/Users/oorie/OneDrive/Documentos/TRABALHOS/DLNM/05_publicacao_github/data/raw/inmet/inmet_rj_2021_01.rds,TRUE,FALSE,8272,2026-06-22 08:54:00.872522,rds,dados R serializados,dados brutos,ok,ativo
data/raw/inmet/inmet_rj_2021_02.rds,C:/Users/oorie/OneDrive/Documentos/TRABALHOS/DLNM/05_publicacao_github/data/raw/inmet/inmet_rj_2021_02.rds,TRUE,FALSE,7302,2026-06-22 08:54:00.872522,rds,dados R serializados,dados brutos,ok,ativo
data/raw/inmet/inmet_rj_2021_03.rds,C:/Users/oorie/OneDrive/Documentos/TRABALHOS/DLNM/05_publicacao_github/data/raw/inmet/inmet_rj_2021_03.rds,TRUE,FALSE,7946,2026-06-22 08:54:00.872522,rds,dados R serializados,dados brutos,ok,ativo
data/raw/inmet/inmet_rj_2021_04.rds,C:/Users/oorie/OneDrive/Documentos/TRABALHOS/DLNM/05_publicacao_github/data/raw/inmet/inmet_rj_2021_04.rds,TRUE,FALSE,7701,2026-06-22 08:54:00.872522,rds,dados R serializados,dados brutos,ok,ativo
data/raw/inmet/inmet_rj_2021_05.rds,C:/Users/oorie/OneDrive/Documentos/TRABALHOS/DLNM/05_publicacao_github/data/raw/inmet/inmet_rj_2021_05.rds,TRUE,FALSE,8048,2026-06-22 08:54:00.872522,rds,dados R serializados,dados brutos,ok,ativo
data/raw/inmet/inmet_rj_2021_06.rds,C:/Users/oorie/OneDrive/Documentos/TRABALHOS/DLNM/05_publicacao_github/data/raw/inmet/inmet_rj_2021_06.rds,TRUE,FALSE,7795,2026-06-22 08:54:00.873129,rds,dados R serializados,dados brutos,ok,ativo
data/raw/inmet/inmet_rj_2021_07.rds,C:/Users/oorie/OneDrive/Documentos/TRABALHOS/DLNM/05_publicacao_github/data/raw/inmet/inmet_rj_2021_07.rds,TRUE,FALSE,8138,2026-06-22 08:54:00.873129,rds,dados R serializados,dados brutos,ok,ativo
data/raw/inmet/inmet_rj_2021_08.rds,C:/Users/oorie/OneDrive/Documentos/TRABALHOS/DLNM/05_publicacao_github/data/raw/inmet/inmet_rj_2021_08.rds,TRUE,FALSE,7925,2026-06-22 08:54:00.873661,rds,dados R serializados,dados brutos,ok,ativo
data/raw/inmet/inmet_rj_2021_09.rds,C:/Users/oorie/OneDrive/Documentos/TRABALHOS/DLNM/05_publicacao_github/data/raw/inmet/inmet_rj_2021_09.rds,TRUE,FALSE,7633,2026-06-22 08:54:00.873661,rds,dados R serializados,dados brutos,ok,ativo
data/raw/inmet/inmet_rj_2021_10.rds,C:/Users/oorie/OneDrive/Documentos/TRABALHOS/DLNM/05_publicacao_github/data/raw/inmet/inmet_rj_2021_10.rds,TRUE,FALSE,7596,2026-06-22 08:54:00.873661,rds,dados R serializados,dados brutos,ok,ativo
data/raw/inmet/inmet_rj_2021_11.rds,C:/Users/oorie/OneDrive/Documentos/TRABALHOS/DLNM/05_publicacao_github/data/raw/inmet/inmet_rj_2021_11.rds,TRUE,FALSE,7327,2026-06-22 08:54:00.873661,rds,dados R serializados,dados brutos,ok,ativo
data/raw/inmet/inmet_rj_2021_12.rds,C:/Users/oorie/OneDrive/Documentos/TRABALHOS/DLNM/05_publicacao_github/data/raw/inmet/inmet_rj_2021_12.rds,TRUE,FALSE,7478,2026-06-22 08:54:00.873661,rds,dados R serializados,dados brutos,ok,ativo
data/raw/inmet/inmet_rj_2022_01.rds,C:/Users/oorie/OneDrive/Documentos/TRABALHOS/DLNM/05_publicacao_github/data/raw/inmet/inmet_rj_2022_01.rds,TRUE,FALSE,7496,2026-06-22 08:54:00.874191,rds,dados R serializados,dados brutos,ok,ativo
data/raw/inmet/inmet_rj_2022_02.rds,C:/Users/oorie/OneDrive/Documentos/TRABALHOS/DLNM/05_publicacao_github/data/raw/inmet/inmet_rj_2022_02.rds,TRUE,FALSE,6747,2026-06-22 08:54:00.874191,rds,dados R serializados,dados brutos,ok,ativo
data/raw/inmet/inmet_rj_2022_03.rds,C:/Users/oorie/OneDrive/Documentos/TRABALHOS/DLNM/05_publicacao_github/data/raw/inmet/inmet_rj_2022_03.rds,TRUE,FALSE,7577,2026-06-22 08:54:00.874191,rds,dados R serializados,dados brutos,ok,ativo
data/raw/inmet/inmet_rj_2022_04.rds,C:/Users/oorie/OneDrive/Documentos/TRABALHOS/DLNM/05_publicacao_github/data/raw/inmet/inmet_rj_2022_04.rds,TRUE,FALSE,7349,2026-06-22 08:54:00.874191,rds,dados R serializados,dados brutos,ok,ativo
data/raw/inmet/inmet_rj_2022_05.rds,C:/Users/oorie/OneDrive/Documentos/TRABALHOS/DLNM/05_publicacao_github/data/raw/inmet/inmet_rj_2022_05.rds,TRUE,FALSE,7620,2026-06-22 08:54:00.874191,rds,dados R serializados,dados brutos,ok,ativo
data/raw/inmet/inmet_rj_2022_06.rds,C:/Users/oorie/OneDrive/Documentos/TRABALHOS/DLNM/05_publicacao_github/data/raw/inmet/inmet_rj_2022_06.rds,TRUE,FALSE,7337,2026-06-22 08:54:00.874743,rds,dados R serializados,dados brutos,ok,ativo
data/raw/inmet/inmet_rj_2022_07.rds,C:/Users/oorie/OneDrive/Documentos/TRABALHOS/DLNM/05_publicacao_github/data/raw/inmet/inmet_rj_2022_07.rds,TRUE,FALSE,7702,2026-06-22 08:54:00.875402,rds,dados R serializados,dados brutos,ok,ativo
data/raw/inmet/inmet_rj_2022_08.rds,C:/Users/oorie/OneDrive/Documentos/TRABALHOS/DLNM/05_publicacao_github/data/raw/inmet/inmet_rj_2022_08.rds,TRUE,FALSE,7696,2026-06-22 08:54:00.875402,rds,dados R serializados,dados brutos,ok,ativo
data/raw/inmet/inmet_rj_2022_09.rds,C:/Users/oorie/OneDrive/Documentos/TRABALHOS/DLNM/05_publicacao_github/data/raw/inmet/inmet_rj_2022_09.rds,TRUE,FALSE,7360,2026-06-22 08:54:00.875402,rds,dados R serializados,dados brutos,ok,ativo
data/raw/inmet/inmet_rj_2022_10.rds,C:/Users/oorie/OneDrive/Documentos/TRABALHOS/DLNM/05_publicacao_github/data/raw/inmet/inmet_rj_2022_10.rds,TRUE,FALSE,7476,2026-06-22 08:54:00.875998,rds,dados R serializados,dados brutos,ok,ativo
data/raw/inmet/inmet_rj_2022_11.rds,C:/Users/oorie/OneDrive/Documentos/TRABALHOS/DLNM/05_publicacao_github/data/raw/inmet/inmet_rj_2022_11.rds,TRUE,FALSE,7684,2026-06-22 08:54:00.875998,rds,dados R serializados,dados brutos,ok,ativo
data/raw/inmet/inmet_rj_2022_12.rds,C:/Users/oorie/OneDrive/Documentos/TRABALHOS/DLNM/05_publicacao_github/data/raw/inmet/inmet_rj_2022_12.rds,TRUE,FALSE,8119,2026-06-22 08:54:00.875998,rds,dados R serializados,dados brutos,ok,ativo
data/raw/inmet/inmet_rj_2023_01.rds,C:/Users/oorie/OneDrive/Documentos/TRABALHOS/DLNM/05_publicacao_github/data/raw/inmet/inmet_rj_2023_01.rds,TRUE,FALSE,7633,2026-06-22 08:54:00.876589,rds,dados R serializados,dados brutos,ok,ativo
data/raw/inmet/inmet_rj_2023_02.rds,C:/Users/oorie/OneDrive/Documentos/TRABALHOS/DLNM/05_publicacao_github/data/raw/inmet/inmet_rj_2023_02.rds,TRUE,FALSE,6948,2026-06-22 08:54:00.877138,rds,dados R serializados,dados brutos,ok,ativo
data/raw/inmet/inmet_rj_2023_03.rds,C:/Users/oorie/OneDrive/Documentos/TRABALHOS/DLNM/05_publicacao_github/data/raw/inmet/inmet_rj_2023_03.rds,TRUE,FALSE,7530,2026-06-22 08:54:00.877138,rds,dados R serializados,dados brutos,ok,ativo
data/raw/inmet/inmet_rj_2023_04.rds,C:/Users/oorie/OneDrive/Documentos/TRABALHOS/DLNM/05_publicacao_github/data/raw/inmet/inmet_rj_2023_04.rds,TRUE,FALSE,7380,2026-06-22 08:54:00.877138,rds,dados R serializados,dados brutos,ok,ativo
data/raw/inmet/inmet_rj_2023_05.rds,C:/Users/oorie/OneDrive/Documentos/TRABALHOS/DLNM/05_publicacao_github/data/raw/inmet/inmet_rj_2023_05.rds,TRUE,FALSE,7723,2026-06-22 08:54:00.877138,rds,dados R serializados,dados brutos,ok,ativo
data/raw/inmet/inmet_rj_2023_06.rds,C:/Users/oorie/OneDrive/Documentos/TRABALHOS/DLNM/05_publicacao_github/data/raw/inmet/inmet_rj_2023_06.rds,TRUE,FALSE,7483,2026-06-22 08:54:00.877138,rds,dados R serializados,dados brutos,ok,ativo
data/raw/inmet/inmet_rj_2023_07.rds,C:/Users/oorie/OneDrive/Documentos/TRABALHOS/DLNM/05_publicacao_github/data/raw/inmet/inmet_rj_2023_07.rds,TRUE,FALSE,7646,2026-06-22 08:54:00.877913,rds,dados R serializados,dados brutos,ok,ativo
data/raw/inmet/inmet_rj_2023_08.rds,C:/Users/oorie/OneDrive/Documentos/TRABALHOS/DLNM/05_publicacao_github/data/raw/inmet/inmet_rj_2023_08.rds,TRUE,FALSE,7849,2026-06-22 08:54:00.877913,rds,dados R serializados,dados brutos,ok,ativo
data/raw/inmet/inmet_rj_2023_09.rds,C:/Users/oorie/OneDrive/Documentos/TRABALHOS/DLNM/05_publicacao_github/data/raw/inmet/inmet_rj_2023_09.rds,TRUE,FALSE,7638,2026-06-22 08:54:00.877913,rds,dados R serializados,dados brutos,ok,ativo
data/raw/inmet/inmet_rj_2023_10.rds,C:/Users/oorie/OneDrive/Documentos/TRABALHOS/DLNM/05_publicacao_github/data/raw/inmet/inmet_rj_2023_10.rds,TRUE,FALSE,8125,2026-06-22 08:54:00.877913,rds,dados R serializados,dados brutos,ok,ativo
data/raw/inmet/inmet_rj_2023_11.rds,C:/Users/oorie/OneDrive/Documentos/TRABALHOS/DLNM/05_publicacao_github/data/raw/inmet/inmet_rj_2023_11.rds,TRUE,FALSE,8073,2026-06-22 08:54:00.878454,rds,dados R serializados,dados brutos,ok,ativo
data/raw/inmet/inmet_rj_2023_12.rds,C:/Users/oorie/OneDrive/Documentos/TRABALHOS/DLNM/05_publicacao_github/data/raw/inmet/inmet_rj_2023_12.rds,TRUE,FALSE,8295,2026-06-22 08:54:00.878454,rds,dados R serializados,dados brutos,ok,ativo
data/raw/inmet/inmet_rj_2024_01.rds,C:/Users/oorie/OneDrive/Documentos/TRABALHOS/DLNM/05_publicacao_github/data/raw/inmet/inmet_rj_2024_01.rds,TRUE,FALSE,7971,2026-06-22 08:54:00.878454,rds,dados R serializados,dados brutos,ok,ativo
data/raw/inmet/inmet_rj_2024_02.rds,C:/Users/oorie/OneDrive/Documentos/TRABALHOS/DLNM/05_publicacao_github/data/raw/inmet/inmet_rj_2024_02.rds,TRUE,FALSE,7638,2026-06-22 08:54:00.878454,rds,dados R serializados,dados brutos,ok,ativo
data/raw/inmet/inmet_rj_2024_03.rds,C:/Users/oorie/OneDrive/Documentos/TRABALHOS/DLNM/05_publicacao_github/data/raw/inmet/inmet_rj_2024_03.rds,TRUE,FALSE,7902,2026-06-22 08:54:00.878984,rds,dados R serializados,dados brutos,ok,ativo
data/raw/inmet/inmet_rj_2024_04.rds,C:/Users/oorie/OneDrive/Documentos/TRABALHOS/DLNM/05_publicacao_github/data/raw/inmet/inmet_rj_2024_04.rds,TRUE,FALSE,7398,2026-06-22 08:54:00.878984,rds,dados R serializados,dados brutos,ok,ativo
data/raw/inmet/inmet_rj_2024_05.rds,C:/Users/oorie/OneDrive/Documentos/TRABALHOS/DLNM/05_publicacao_github/data/raw/inmet/inmet_rj_2024_05.rds,TRUE,FALSE,7863,2026-06-22 08:54:00.878984,rds,dados R serializados,dados brutos,ok,ativo
data/raw/inmet/inmet_rj_2024_06.rds,C:/Users/oorie/OneDrive/Documentos/TRABALHOS/DLNM/05_publicacao_github/data/raw/inmet/inmet_rj_2024_06.rds,TRUE,FALSE,7343,2026-06-22 08:54:00.878984,rds,dados R serializados,dados brutos,ok,ativo
data/raw/inmet/inmet_rj_2024_07.rds,C:/Users/oorie/OneDrive/Documentos/TRABALHOS/DLNM/05_publicacao_github/data/raw/inmet/inmet_rj_2024_07.rds,TRUE,FALSE,7811,2026-06-22 08:54:00.878984,rds,dados R serializados,dados brutos,ok,ativo
data/raw/inmet/inmet_rj_2024_08.rds,C:/Users/oorie/OneDrive/Documentos/TRABALHOS/DLNM/05_publicacao_github/data/raw/inmet/inmet_rj_2024_08.rds,TRUE,FALSE,8273,2026-06-22 08:54:00.879517,rds,dados R serializados,dados brutos,ok,ativo
data/raw/inmet/inmet_rj_2024_09.rds,C:/Users/oorie/OneDrive/Documentos/TRABALHOS/DLNM/05_publicacao_github/data/raw/inmet/inmet_rj_2024_09.rds,TRUE,FALSE,8099,2026-06-22 08:54:00.879517,rds,dados R serializados,dados brutos,ok,ativo
data/raw/inmet/inmet_rj_2024_10.rds,C:/Users/oorie/OneDrive/Documentos/TRABALHOS/DLNM/05_publicacao_github/data/raw/inmet/inmet_rj_2024_10.rds,TRUE,FALSE,8329,2026-06-22 08:54:00.880049,rds,dados R serializados,dados brutos,ok,ativo
data/raw/inmet/inmet_rj_2024_11.rds,C:/Users/oorie/OneDrive/Documentos/TRABALHOS/DLNM/05_publicacao_github/data/raw/inmet/inmet_rj_2024_11.rds,TRUE,FALSE,8037,2026-06-22 08:54:00.880049,rds,dados R serializados,dados brutos,ok,ativo
data/raw/inmet/inmet_rj_2024_12.rds,C:/Users/oorie/OneDrive/Documentos/TRABALHOS/DLNM/05_publicacao_github/data/raw/inmet/inmet_rj_2024_12.rds,TRUE,FALSE,8248,2026-06-22 08:54:00.880049,rds,dados R serializados,dados brutos,ok,ativo
data/raw/inmet/inmet_rj_2025_01.rds,C:/Users/oorie/OneDrive/Documentos/TRABALHOS/DLNM/05_publicacao_github/data/raw/inmet/inmet_rj_2025_01.rds,TRUE,FALSE,8090,2026-06-22 08:54:00.880049,rds,dados R serializados,dados brutos,ok,ativo
data/raw/inmet/inmet_rj_2025_02.rds,C:/Users/oorie/OneDrive/Documentos/TRABALHOS/DLNM/05_publicacao_github/data/raw/inmet/inmet_rj_2025_02.rds,TRUE,FALSE,7362,2026-06-22 08:54:00.880049,rds,dados R serializados,dados brutos,ok,ativo
data/raw/inmet/inmet_rj_2025_03.rds,C:/Users/oorie/OneDrive/Documentos/TRABALHOS/DLNM/05_publicacao_github/data/raw/inmet/inmet_rj_2025_03.rds,TRUE,FALSE,7894,2026-06-22 08:54:00.880575,rds,dados R serializados,dados brutos,ok,ativo
data/raw/inmet/inmet_rj_2025_04.rds,C:/Users/oorie/OneDrive/Documentos/TRABALHOS/DLNM/05_publicacao_github/data/raw/inmet/inmet_rj_2025_04.rds,TRUE,FALSE,7676,2026-06-22 08:54:00.880575,rds,dados R serializados,dados brutos,ok,ativo
data/raw/inmet/inmet_rj_2025_05.rds,C:/Users/oorie/OneDrive/Documentos/TRABALHOS/DLNM/05_publicacao_github/data/raw/inmet/inmet_rj_2025_05.rds,TRUE,FALSE,7994,2026-06-22 08:54:00.880575,rds,dados R serializados,dados brutos,ok,ativo
data/raw/inmet/inmet_rj_2025_06.rds,C:/Users/oorie/OneDrive/Documentos/TRABALHOS/DLNM/05_publicacao_github/data/raw/inmet/inmet_rj_2025_06.rds,TRUE,FALSE,7902,2026-06-22 08:54:00.881102,rds,dados R serializados,dados brutos,ok,ativo
data/raw/inmet/inmet_rj_2025_07.rds,C:/Users/oorie/OneDrive/Documentos/TRABALHOS/DLNM/05_publicacao_github/data/raw/inmet/inmet_rj_2025_07.rds,TRUE,FALSE,8107,2026-06-22 08:54:00.881102,rds,dados R serializados,dados brutos,ok,ativo
data/raw/inmet/inmet_rj_2025_08.rds,C:/Users/oorie/OneDrive/Documentos/TRABALHOS/DLNM/05_publicacao_github/data/raw/inmet/inmet_rj_2025_08.rds,TRUE,FALSE,8010,2026-06-22 08:54:00.881102,rds,dados R serializados,dados brutos,ok,ativo
data/raw/inmet/inmet_rj_2025_09.rds,C:/Users/oorie/OneDrive/Documentos/TRABALHOS/DLNM/05_publicacao_github/data/raw/inmet/inmet_rj_2025_09.rds,TRUE,FALSE,7859,2026-06-22 08:54:00.881636,rds,dados R serializados,dados brutos,ok,ativo
data/raw/inmet/inmet_rj_2025_10.rds,C:/Users/oorie/OneDrive/Documentos/TRABALHOS/DLNM/05_publicacao_github/data/raw/inmet/inmet_rj_2025_10.rds,TRUE,FALSE,8037,2026-06-22 08:54:00.881636,rds,dados R serializados,dados brutos,ok,ativo
data/raw/inmet/inmet_rj_2025_11.rds,C:/Users/oorie/OneDrive/Documentos/TRABALHOS/DLNM/05_publicacao_github/data/raw/inmet/inmet_rj_2025_11.rds,TRUE,FALSE,7575,2026-06-22 08:54:00.881636,rds,dados R serializados,dados brutos,ok,ativo
data/raw/inmet/inmet_rj_2025_12.rds,C:/Users/oorie/OneDrive/Documentos/TRABALHOS/DLNM/05_publicacao_github/data/raw/inmet/inmet_rj_2025_12.rds,TRUE,FALSE,8153,2026-06-22 08:54:00.881636,rds,dados R serializados,dados brutos,ok,ativo
data/raw/inmet_estacoes_rj.csv,C:/Users/oorie/OneDrive/Documentos/TRABALHOS/DLNM/05_publicacao_github/data/raw/inmet_estacoes_rj.csv,TRUE,FALSE,2383,2026-06-21 12:53:50.164143,csv,dados tabulares,dados brutos,ok,ativo
data/raw/inmet_zip/inmet_2010.zip,C:/Users/oorie/OneDrive/Documentos/TRABALHOS/DLNM/05_publicacao_github/data/raw/inmet_zip/inmet_2010.zip,TRUE,FALSE,90166397,2026-06-21 13:15:45.673519,zip,outro,dados brutos,ok,ativo
data/raw/inmet_zip/inmet_2011.zip,C:/Users/oorie/OneDrive/Documentos/TRABALHOS/DLNM/05_publicacao_github/data/raw/inmet_zip/inmet_2011.zip,TRUE,FALSE,92552099,2026-06-21 13:15:45.978621,zip,outro,dados brutos,ok,ativo
data/raw/inmet_zip/inmet_2012.zip,C:/Users/oorie/OneDrive/Documentos/TRABALHOS/DLNM/05_publicacao_github/data/raw/inmet_zip/inmet_2012.zip,TRUE,FALSE,97765892,2026-06-21 13:15:46.246725,zip,outro,dados brutos,ok,ativo
data/raw/inmet_zip/inmet_2013.zip,C:/Users/oorie/OneDrive/Documentos/TRABALHOS/DLNM/05_publicacao_github/data/raw/inmet_zip/inmet_2013.zip,TRUE,FALSE,99630718,2026-06-21 13:15:46.552532,zip,outro,dados brutos,ok,ativo
data/raw/inmet_zip/inmet_2014.zip,C:/Users/oorie/OneDrive/Documentos/TRABALHOS/DLNM/05_publicacao_github/data/raw/inmet_zip/inmet_2014.zip,TRUE,FALSE,98909484,2026-06-21 13:15:46.86739,zip,outro,dados brutos,ok,ativo
data/raw/inmet_zip/inmet_2015.zip,C:/Users/oorie/OneDrive/Documentos/TRABALHOS/DLNM/05_publicacao_github/data/raw/inmet_zip/inmet_2015.zip,TRUE,FALSE,97967689,2026-06-21 13:15:47.136972,zip,outro,dados brutos,ok,ativo
data/raw/inmet_zip/inmet_2016.zip,C:/Users/oorie/OneDrive/Documentos/TRABALHOS/DLNM/05_publicacao_github/data/raw/inmet_zip/inmet_2016.zip,TRUE,FALSE,102439056,2026-06-21 13:15:47.39006,zip,outro,dados brutos,arquivo grande (>100MB),ativo
data/raw/inmet_zip/inmet_2017.zip,C:/Users/oorie/OneDrive/Documentos/TRABALHOS/DLNM/05_publicacao_github/data/raw/inmet_zip/inmet_2017.zip,TRUE,FALSE,109677898,2026-06-21 13:15:47.6875,zip,outro,dados brutos,arquivo grande (>100MB),ativo
data/raw/inmet_zip/inmet_2018.zip,C:/Users/oorie/OneDrive/Documentos/TRABALHOS/DLNM/05_publicacao_github/data/raw/inmet_zip/inmet_2018.zip,TRUE,FALSE,117898042,2026-06-21 13:15:47.996521,zip,outro,dados brutos,arquivo grande (>100MB),ativo
data/raw/inmet_zip/inmet_2019.zip,C:/Users/oorie/OneDrive/Documentos/TRABALHOS/DLNM/05_publicacao_github/data/raw/inmet_zip/inmet_2019.zip,TRUE,FALSE,117560201,2026-06-21 13:15:48.326534,zip,outro,dados brutos,arquivo grande (>100MB),ativo
data/raw/inmet_zip/inmet_2020.zip,C:/Users/oorie/OneDrive/Documentos/TRABALHOS/DLNM/05_publicacao_github/data/raw/inmet_zip/inmet_2020.zip,TRUE,FALSE,103653055,2026-06-21 13:15:48.636332,zip,outro,dados brutos,arquivo grande (>100MB),ativo
data/raw/inmet_zip/inmet_2021.zip,C:/Users/oorie/OneDrive/Documentos/TRABALHOS/DLNM/05_publicacao_github/data/raw/inmet_zip/inmet_2021.zip,TRUE,FALSE,80571564,2026-06-21 13:15:48.900288,zip,outro,dados brutos,ok,ativo
data/raw/inmet_zip/inmet_2022.zip,C:/Users/oorie/OneDrive/Documentos/TRABALHOS/DLNM/05_publicacao_github/data/raw/inmet_zip/inmet_2022.zip,TRUE,FALSE,90362801,2026-06-21 13:15:49.158773,zip,outro,dados brutos,ok,ativo
data/raw/inmet_zip/inmet_2023.zip,C:/Users/oorie/OneDrive/Documentos/TRABALHOS/DLNM/05_publicacao_github/data/raw/inmet_zip/inmet_2023.zip,TRUE,FALSE,107069252,2026-06-21 13:15:49.5278,zip,outro,dados brutos,arquivo grande (>100MB),ativo
data/raw/inmet_zip/inmet_2024.zip,C:/Users/oorie/OneDrive/Documentos/TRABALHOS/DLNM/05_publicacao_github/data/raw/inmet_zip/inmet_2024.zip,TRUE,FALSE,102772199,2026-06-21 13:15:49.854418,zip,outro,dados brutos,arquivo grande (>100MB),ativo
data/raw/inmet_zip/inmet_2025.zip,C:/Users/oorie/OneDrive/Documentos/TRABALHOS/DLNM/05_publicacao_github/data/raw/inmet_zip/inmet_2025.zip,TRUE,FALSE,90898634,2026-06-21 13:15:50.123182,zip,outro,dados brutos,ok,ativo
data/raw/municipios_rj.csv,C:/Users/oorie/OneDrive/Documentos/TRABALHOS/DLNM/05_publicacao_github/data/raw/municipios_rj.csv,TRUE,FALSE,3804,2026-06-21 12:53:52.472746,csv,dados tabulares,dados brutos,ok,ativo
data/raw/populacao_sidra_municipio_rj.csv,C:/Users/oorie/OneDrive/Documentos/TRABALHOS/DLNM/05_publicacao_github/data/raw/populacao_sidra_municipio_rj.csv,TRUE,FALSE,84249,2026-06-21 17:18:29.32037,csv,dados tabulares,dados brutos,ok,ativo
data/raw/populacao_sidra_municipio_rj_2010-2025.csv,C:/Users/oorie/OneDrive/Documentos/TRABALHOS/DLNM/05_publicacao_github/data/raw/populacao_sidra_municipio_rj_2010-2025.csv,TRUE,FALSE,146328,2026-06-21 17:18:29.320494,csv,dados tabulares,dados brutos,ok,ativo
data/raw/sih/sih_rd_rj_2010_01.rds,C:/Users/oorie/OneDrive/Documentos/TRABALHOS/DLNM/05_publicacao_github/data/raw/sih/sih_rd_rj_2010_01.rds,TRUE,FALSE,2105813,2026-06-22 08:54:00.881636,rds,dados R serializados,dados brutos,ok,ativo
data/raw/sih/sih_rd_rj_2010_02.rds,C:/Users/oorie/OneDrive/Documentos/TRABALHOS/DLNM/05_publicacao_github/data/raw/sih/sih_rd_rj_2010_02.rds,TRUE,FALSE,2148543,2026-06-22 08:54:00.881636,rds,dados R serializados,dados brutos,ok,ativo
data/raw/sih/sih_rd_rj_2010_03.rds,C:/Users/oorie/OneDrive/Documentos/TRABALHOS/DLNM/05_publicacao_github/data/raw/sih/sih_rd_rj_2010_03.rds,TRUE,FALSE,2272585,2026-06-22 08:54:00.881636,rds,dados R serializados,dados brutos,ok,ativo
data/raw/sih/sih_rd_rj_2010_04.rds,C:/Users/oorie/OneDrive/Documentos/TRABALHOS/DLNM/05_publicacao_github/data/raw/sih/sih_rd_rj_2010_04.rds,TRUE,FALSE,2172856,2026-06-22 08:54:00.881636,rds,dados R serializados,dados brutos,ok,ativo
data/raw/sih/sih_rd_rj_2010_05.rds,C:/Users/oorie/OneDrive/Documentos/TRABALHOS/DLNM/05_publicacao_github/data/raw/sih/sih_rd_rj_2010_05.rds,TRUE,FALSE,2326990,2026-06-22 08:54:00.882662,rds,dados R serializados,dados brutos,ok,ativo
data/raw/sih/sih_rd_rj_2010_06.rds,C:/Users/oorie/OneDrive/Documentos/TRABALHOS/DLNM/05_publicacao_github/data/raw/sih/sih_rd_rj_2010_06.rds,TRUE,FALSE,2317706,2026-06-22 08:54:00.882662,rds,dados R serializados,dados brutos,ok,ativo
data/raw/sih/sih_rd_rj_2010_07.rds,C:/Users/oorie/OneDrive/Documentos/TRABALHOS/DLNM/05_publicacao_github/data/raw/sih/sih_rd_rj_2010_07.rds,TRUE,FALSE,2480569,2026-06-22 08:54:00.882662,rds,dados R serializados,dados brutos,ok,ativo
data/raw/sih/sih_rd_rj_2010_08.rds,C:/Users/oorie/OneDrive/Documentos/TRABALHOS/DLNM/05_publicacao_github/data/raw/sih/sih_rd_rj_2010_08.rds,TRUE,FALSE,2388513,2026-06-22 08:54:00.882662,rds,dados R serializados,dados brutos,ok,ativo
data/raw/sih/sih_rd_rj_2010_09.rds,C:/Users/oorie/OneDrive/Documentos/TRABALHOS/DLNM/05_publicacao_github/data/raw/sih/sih_rd_rj_2010_09.rds,TRUE,FALSE,2181372,2026-06-22 08:54:00.882662,rds,dados R serializados,dados brutos,ok,ativo
data/raw/sih/sih_rd_rj_2010_10.rds,C:/Users/oorie/OneDrive/Documentos/TRABALHOS/DLNM/05_publicacao_github/data/raw/sih/sih_rd_rj_2010_10.rds,TRUE,FALSE,2202088,2026-06-22 08:54:00.882662,rds,dados R serializados,dados brutos,ok,ativo
data/raw/sih/sih_rd_rj_2010_11.rds,C:/Users/oorie/OneDrive/Documentos/TRABALHOS/DLNM/05_publicacao_github/data/raw/sih/sih_rd_rj_2010_11.rds,TRUE,FALSE,2175926,2026-06-22 08:54:00.882662,rds,dados R serializados,dados brutos,ok,ativo
data/raw/sih/sih_rd_rj_2010_12.rds,C:/Users/oorie/OneDrive/Documentos/TRABALHOS/DLNM/05_publicacao_github/data/raw/sih/sih_rd_rj_2010_12.rds,TRUE,FALSE,2175884,2026-06-22 08:54:00.882662,rds,dados R serializados,dados brutos,ok,ativo
data/raw/sih/sih_rd_rj_2011_01.rds,C:/Users/oorie/OneDrive/Documentos/TRABALHOS/DLNM/05_publicacao_github/data/raw/sih/sih_rd_rj_2011_01.rds,TRUE,FALSE,2208371,2026-06-22 08:54:00.882662,rds,dados R serializados,dados brutos,ok,ativo
data/raw/sih/sih_rd_rj_2011_02.rds,C:/Users/oorie/OneDrive/Documentos/TRABALHOS/DLNM/05_publicacao_github/data/raw/sih/sih_rd_rj_2011_02.rds,TRUE,FALSE,2310670,2026-06-22 08:54:00.882662,rds,dados R serializados,dados brutos,ok,ativo
data/raw/sih/sih_rd_rj_2011_03.rds,C:/Users/oorie/OneDrive/Documentos/TRABALHOS/DLNM/05_publicacao_github/data/raw/sih/sih_rd_rj_2011_03.rds,TRUE,FALSE,2422812,2026-06-22 08:54:00.882662,rds,dados R serializados,dados brutos,ok,ativo
data/raw/sih/sih_rd_rj_2011_04.rds,C:/Users/oorie/OneDrive/Documentos/TRABALHOS/DLNM/05_publicacao_github/data/raw/sih/sih_rd_rj_2011_04.rds,TRUE,FALSE,2427892,2026-06-22 08:54:00.882662,rds,dados R serializados,dados brutos,ok,ativo
data/raw/sih/sih_rd_rj_2011_05.rds,C:/Users/oorie/OneDrive/Documentos/TRABALHOS/DLNM/05_publicacao_github/data/raw/sih/sih_rd_rj_2011_05.rds,TRUE,FALSE,2549949,2026-06-22 08:54:00.882662,rds,dados R serializados,dados brutos,ok,ativo
data/raw/sih/sih_rd_rj_2011_06.rds,C:/Users/oorie/OneDrive/Documentos/TRABALHOS/DLNM/05_publicacao_github/data/raw/sih/sih_rd_rj_2011_06.rds,TRUE,FALSE,2422736,2026-06-22 08:54:00.882662,rds,dados R serializados,dados brutos,ok,ativo
data/raw/sih/sih_rd_rj_2011_07.rds,C:/Users/oorie/OneDrive/Documentos/TRABALHOS/DLNM/05_publicacao_github/data/raw/sih/sih_rd_rj_2011_07.rds,TRUE,FALSE,2424945,2026-06-22 08:54:00.882662,rds,dados R serializados,dados brutos,ok,ativo
data/raw/sih/sih_rd_rj_2011_08.rds,C:/Users/oorie/OneDrive/Documentos/TRABALHOS/DLNM/05_publicacao_github/data/raw/sih/sih_rd_rj_2011_08.rds,TRUE,FALSE,2343543,2026-06-22 08:54:00.884195,rds,dados R serializados,dados brutos,ok,ativo
data/raw/sih/sih_rd_rj_2011_09.rds,C:/Users/oorie/OneDrive/Documentos/TRABALHOS/DLNM/05_publicacao_github/data/raw/sih/sih_rd_rj_2011_09.rds,TRUE,FALSE,2318412,2026-06-22 08:54:00.884195,rds,dados R serializados,dados brutos,ok,ativo
data/raw/sih/sih_rd_rj_2011_10.rds,C:/Users/oorie/OneDrive/Documentos/TRABALHOS/DLNM/05_publicacao_github/data/raw/sih/sih_rd_rj_2011_10.rds,TRUE,FALSE,2355720,2026-06-22 08:54:00.884195,rds,dados R serializados,dados brutos,ok,ativo
data/raw/sih/sih_rd_rj_2011_11.rds,C:/Users/oorie/OneDrive/Documentos/TRABALHOS/DLNM/05_publicacao_github/data/raw/sih/sih_rd_rj_2011_11.rds,TRUE,FALSE,2294619,2026-06-22 08:54:00.884195,rds,dados R serializados,dados brutos,ok,ativo
data/raw/sih/sih_rd_rj_2011_12.rds,C:/Users/oorie/OneDrive/Documentos/TRABALHOS/DLNM/05_publicacao_github/data/raw/sih/sih_rd_rj_2011_12.rds,TRUE,FALSE,2303220,2026-06-22 08:54:00.884195,rds,dados R serializados,dados brutos,ok,ativo
data/raw/sih/sih_rd_rj_2012_01.rds,C:/Users/oorie/OneDrive/Documentos/TRABALHOS/DLNM/05_publicacao_github/data/raw/sih/sih_rd_rj_2012_01.rds,TRUE,FALSE,2122247,2026-06-22 08:54:00.884195,rds,dados R serializados,dados brutos,ok,ativo
data/raw/sih/sih_rd_rj_2012_02.rds,C:/Users/oorie/OneDrive/Documentos/TRABALHOS/DLNM/05_publicacao_github/data/raw/sih/sih_rd_rj_2012_02.rds,TRUE,FALSE,2072291,2026-06-22 08:54:00.884195,rds,dados R serializados,dados brutos,ok,ativo
data/raw/sih/sih_rd_rj_2012_03.rds,C:/Users/oorie/OneDrive/Documentos/TRABALHOS/DLNM/05_publicacao_github/data/raw/sih/sih_rd_rj_2012_03.rds,TRUE,FALSE,2415086,2026-06-22 08:54:00.884195,rds,dados R serializados,dados brutos,ok,ativo
data/raw/sih/sih_rd_rj_2012_04.rds,C:/Users/oorie/OneDrive/Documentos/TRABALHOS/DLNM/05_publicacao_github/data/raw/sih/sih_rd_rj_2012_04.rds,TRUE,FALSE,2323654,2026-06-22 08:54:00.884195,rds,dados R serializados,dados brutos,ok,ativo
data/raw/sih/sih_rd_rj_2012_05.rds,C:/Users/oorie/OneDrive/Documentos/TRABALHOS/DLNM/05_publicacao_github/data/raw/sih/sih_rd_rj_2012_05.rds,TRUE,FALSE,2442371,2026-06-22 08:54:00.884195,rds,dados R serializados,dados brutos,ok,ativo
data/raw/sih/sih_rd_rj_2012_06.rds,C:/Users/oorie/OneDrive/Documentos/TRABALHOS/DLNM/05_publicacao_github/data/raw/sih/sih_rd_rj_2012_06.rds,TRUE,FALSE,2462435,2026-06-22 08:54:00.884195,rds,dados R serializados,dados brutos,ok,ativo
data/raw/sih/sih_rd_rj_2012_07.rds,C:/Users/oorie/OneDrive/Documentos/TRABALHOS/DLNM/05_publicacao_github/data/raw/sih/sih_rd_rj_2012_07.rds,TRUE,FALSE,2472873,2026-06-22 08:54:00.884195,rds,dados R serializados,dados brutos,ok,ativo
data/raw/sih/sih_rd_rj_2012_08.rds,C:/Users/oorie/OneDrive/Documentos/TRABALHOS/DLNM/05_publicacao_github/data/raw/sih/sih_rd_rj_2012_08.rds,TRUE,FALSE,2496648,2026-06-22 08:54:00.884195,rds,dados R serializados,dados brutos,ok,ativo
data/raw/sih/sih_rd_rj_2012_09.rds,C:/Users/oorie/OneDrive/Documentos/TRABALHOS/DLNM/05_publicacao_github/data/raw/sih/sih_rd_rj_2012_09.rds,TRUE,FALSE,2331469,2026-06-22 08:54:00.884195,rds,dados R serializados,dados brutos,ok,ativo
data/raw/sih/sih_rd_rj_2012_10.rds,C:/Users/oorie/OneDrive/Documentos/TRABALHOS/DLNM/05_publicacao_github/data/raw/sih/sih_rd_rj_2012_10.rds,TRUE,FALSE,2351931,2026-06-22 08:54:00.884195,rds,dados R serializados,dados brutos,ok,ativo
data/raw/sih/sih_rd_rj_2012_11.rds,C:/Users/oorie/OneDrive/Documentos/TRABALHOS/DLNM/05_publicacao_github/data/raw/sih/sih_rd_rj_2012_11.rds,TRUE,FALSE,2162253,2026-06-22 08:54:00.884195,rds,dados R serializados,dados brutos,ok,ativo
data/raw/sih/sih_rd_rj_2012_12.rds,C:/Users/oorie/OneDrive/Documentos/TRABALHOS/DLNM/05_publicacao_github/data/raw/sih/sih_rd_rj_2012_12.rds,TRUE,FALSE,2058868,2026-06-22 08:54:00.884195,rds,dados R serializados,dados brutos,ok,ativo
data/raw/sih/sih_rd_rj_2013_01.rds,C:/Users/oorie/OneDrive/Documentos/TRABALHOS/DLNM/05_publicacao_github/data/raw/sih/sih_rd_rj_2013_01.rds,TRUE,FALSE,2169909,2026-06-22 08:54:00.884195,rds,dados R serializados,dados brutos,ok,ativo
data/raw/sih/sih_rd_rj_2013_02.rds,C:/Users/oorie/OneDrive/Documentos/TRABALHOS/DLNM/05_publicacao_github/data/raw/sih/sih_rd_rj_2013_02.rds,TRUE,FALSE,2104455,2026-06-22 08:54:00.884195,rds,dados R serializados,dados brutos,ok,ativo
data/raw/sih/sih_rd_rj_2013_03.rds,C:/Users/oorie/OneDrive/Documentos/TRABALHOS/DLNM/05_publicacao_github/data/raw/sih/sih_rd_rj_2013_03.rds,TRUE,FALSE,2256499,2026-06-22 08:54:00.884195,rds,dados R serializados,dados brutos,ok,ativo
data/raw/sih/sih_rd_rj_2013_04.rds,C:/Users/oorie/OneDrive/Documentos/TRABALHOS/DLNM/05_publicacao_github/data/raw/sih/sih_rd_rj_2013_04.rds,TRUE,FALSE,2342658,2026-06-22 08:54:00.884195,rds,dados R serializados,dados brutos,ok,ativo
data/raw/sih/sih_rd_rj_2013_05.rds,C:/Users/oorie/OneDrive/Documentos/TRABALHOS/DLNM/05_publicacao_github/data/raw/sih/sih_rd_rj_2013_05.rds,TRUE,FALSE,2407238,2026-06-22 08:54:00.884195,rds,dados R serializados,dados brutos,ok,ativo
data/raw/sih/sih_rd_rj_2013_06.rds,C:/Users/oorie/OneDrive/Documentos/TRABALHOS/DLNM/05_publicacao_github/data/raw/sih/sih_rd_rj_2013_06.rds,TRUE,FALSE,2305386,2026-06-22 08:54:00.884195,rds,dados R serializados,dados brutos,ok,ativo
data/raw/sih/sih_rd_rj_2013_07.rds,C:/Users/oorie/OneDrive/Documentos/TRABALHOS/DLNM/05_publicacao_github/data/raw/sih/sih_rd_rj_2013_07.rds,TRUE,FALSE,2398238,2026-06-22 08:54:00.884195,rds,dados R serializados,dados brutos,ok,ativo
data/raw/sih/sih_rd_rj_2013_08.rds,C:/Users/oorie/OneDrive/Documentos/TRABALHOS/DLNM/05_publicacao_github/data/raw/sih/sih_rd_rj_2013_08.rds,TRUE,FALSE,2435863,2026-06-22 08:54:00.884195,rds,dados R serializados,dados brutos,ok,ativo
data/raw/sih/sih_rd_rj_2013_09.rds,C:/Users/oorie/OneDrive/Documentos/TRABALHOS/DLNM/05_publicacao_github/data/raw/sih/sih_rd_rj_2013_09.rds,TRUE,FALSE,2349460,2026-06-22 08:54:00.884195,rds,dados R serializados,dados brutos,ok,ativo
data/raw/sih/sih_rd_rj_2013_10.rds,C:/Users/oorie/OneDrive/Documentos/TRABALHOS/DLNM/05_publicacao_github/data/raw/sih/sih_rd_rj_2013_10.rds,TRUE,FALSE,2383475,2026-06-22 08:54:00.884195,rds,dados R serializados,dados brutos,ok,ativo
data/raw/sih/sih_rd_rj_2013_11.rds,C:/Users/oorie/OneDrive/Documentos/TRABALHOS/DLNM/05_publicacao_github/data/raw/sih/sih_rd_rj_2013_11.rds,TRUE,FALSE,2249491,2026-06-22 08:54:00.884195,rds,dados R serializados,dados brutos,ok,ativo
data/raw/sih/sih_rd_rj_2013_12.rds,C:/Users/oorie/OneDrive/Documentos/TRABALHOS/DLNM/05_publicacao_github/data/raw/sih/sih_rd_rj_2013_12.rds,TRUE,FALSE,2109247,2026-06-22 08:54:00.884195,rds,dados R serializados,dados brutos,ok,ativo
data/raw/sih/sih_rd_rj_2014_01.rds,C:/Users/oorie/OneDrive/Documentos/TRABALHOS/DLNM/05_publicacao_github/data/raw/sih/sih_rd_rj_2014_01.rds,TRUE,FALSE,2290953,2026-06-22 08:54:00.884195,rds,dados R serializados,dados brutos,ok,ativo
data/raw/sih/sih_rd_rj_2014_02.rds,C:/Users/oorie/OneDrive/Documentos/TRABALHOS/DLNM/05_publicacao_github/data/raw/sih/sih_rd_rj_2014_02.rds,TRUE,FALSE,2258612,2026-06-22 08:54:00.887062,rds,dados R serializados,dados brutos,ok,ativo
data/raw/sih/sih_rd_rj_2014_03.rds,C:/Users/oorie/OneDrive/Documentos/TRABALHOS/DLNM/05_publicacao_github/data/raw/sih/sih_rd_rj_2014_03.rds,TRUE,FALSE,2219810,2026-06-22 08:54:00.887062,rds,dados R serializados,dados brutos,ok,ativo
data/raw/sih/sih_rd_rj_2014_04.rds,C:/Users/oorie/OneDrive/Documentos/TRABALHOS/DLNM/05_publicacao_github/data/raw/sih/sih_rd_rj_2014_04.rds,TRUE,FALSE,2287909,2026-06-22 08:54:00.887062,rds,dados R serializados,dados brutos,ok,ativo
data/raw/sih/sih_rd_rj_2014_05.rds,C:/Users/oorie/OneDrive/Documentos/TRABALHOS/DLNM/05_publicacao_github/data/raw/sih/sih_rd_rj_2014_05.rds,TRUE,FALSE,2317738,2026-06-22 08:54:00.887062,rds,dados R serializados,dados brutos,ok,ativo
data/raw/sih/sih_rd_rj_2014_06.rds,C:/Users/oorie/OneDrive/Documentos/TRABALHOS/DLNM/05_publicacao_github/data/raw/sih/sih_rd_rj_2014_06.rds,TRUE,FALSE,2234212,2026-06-22 08:54:00.887062,rds,dados R serializados,dados brutos,ok,ativo
data/raw/sih/sih_rd_rj_2014_07.rds,C:/Users/oorie/OneDrive/Documentos/TRABALHOS/DLNM/05_publicacao_github/data/raw/sih/sih_rd_rj_2014_07.rds,TRUE,FALSE,2508508,2026-06-22 08:54:00.887062,rds,dados R serializados,dados brutos,ok,ativo
data/raw/sih/sih_rd_rj_2014_08.rds,C:/Users/oorie/OneDrive/Documentos/TRABALHOS/DLNM/05_publicacao_github/data/raw/sih/sih_rd_rj_2014_08.rds,TRUE,FALSE,2488534,2026-06-22 08:54:00.887602,rds,dados R serializados,dados brutos,ok,ativo
data/raw/sih/sih_rd_rj_2014_09.rds,C:/Users/oorie/OneDrive/Documentos/TRABALHOS/DLNM/05_publicacao_github/data/raw/sih/sih_rd_rj_2014_09.rds,TRUE,FALSE,2502939,2026-06-22 08:54:00.887602,rds,dados R serializados,dados brutos,ok,ativo
data/raw/sih/sih_rd_rj_2014_10.rds,C:/Users/oorie/OneDrive/Documentos/TRABALHOS/DLNM/05_publicacao_github/data/raw/sih/sih_rd_rj_2014_10.rds,TRUE,FALSE,2532232,2026-06-22 08:54:00.887602,rds,dados R serializados,dados brutos,ok,ativo
data/raw/sih/sih_rd_rj_2014_11.rds,C:/Users/oorie/OneDrive/Documentos/TRABALHOS/DLNM/05_publicacao_github/data/raw/sih/sih_rd_rj_2014_11.rds,TRUE,FALSE,2392050,2026-06-22 08:54:00.887602,rds,dados R serializados,dados brutos,ok,ativo
data/raw/sih/sih_rd_rj_2014_12.rds,C:/Users/oorie/OneDrive/Documentos/TRABALHOS/DLNM/05_publicacao_github/data/raw/sih/sih_rd_rj_2014_12.rds,TRUE,FALSE,2223477,2026-06-22 08:54:00.887602,rds,dados R serializados,dados brutos,ok,ativo
data/raw/sih/sih_rd_rj_2015_01.rds,C:/Users/oorie/OneDrive/Documentos/TRABALHOS/DLNM/05_publicacao_github/data/raw/sih/sih_rd_rj_2015_01.rds,TRUE,FALSE,2385989,2026-06-22 08:54:00.888132,rds,dados R serializados,dados brutos,ok,ativo
data/raw/sih/sih_rd_rj_2015_02.rds,C:/Users/oorie/OneDrive/Documentos/TRABALHOS/DLNM/05_publicacao_github/data/raw/sih/sih_rd_rj_2015_02.rds,TRUE,FALSE,2295295,2026-06-22 08:54:00.888132,rds,dados R serializados,dados brutos,ok,ativo
data/raw/sih/sih_rd_rj_2015_03.rds,C:/Users/oorie/OneDrive/Documentos/TRABALHOS/DLNM/05_publicacao_github/data/raw/sih/sih_rd_rj_2015_03.rds,TRUE,FALSE,2570304,2026-06-22 08:54:00.888132,rds,dados R serializados,dados brutos,ok,ativo
data/raw/sih/sih_rd_rj_2015_04.rds,C:/Users/oorie/OneDrive/Documentos/TRABALHOS/DLNM/05_publicacao_github/data/raw/sih/sih_rd_rj_2015_04.rds,TRUE,FALSE,2577578,2026-06-22 08:54:00.888653,rds,dados R serializados,dados brutos,ok,ativo
data/raw/sih/sih_rd_rj_2015_05.rds,C:/Users/oorie/OneDrive/Documentos/TRABALHOS/DLNM/05_publicacao_github/data/raw/sih/sih_rd_rj_2015_05.rds,TRUE,FALSE,2549448,2026-06-22 08:54:00.888653,rds,dados R serializados,dados brutos,ok,ativo
data/raw/sih/sih_rd_rj_2015_06.rds,C:/Users/oorie/OneDrive/Documentos/TRABALHOS/DLNM/05_publicacao_github/data/raw/sih/sih_rd_rj_2015_06.rds,TRUE,FALSE,2556011,2026-06-22 08:54:00.888653,rds,dados R serializados,dados brutos,ok,ativo
data/raw/sih/sih_rd_rj_2015_07.rds,C:/Users/oorie/OneDrive/Documentos/TRABALHOS/DLNM/05_publicacao_github/data/raw/sih/sih_rd_rj_2015_07.rds,TRUE,FALSE,2676417,2026-06-22 08:54:00.888653,rds,dados R serializados,dados brutos,ok,ativo
data/raw/sih/sih_rd_rj_2015_08.rds,C:/Users/oorie/OneDrive/Documentos/TRABALHOS/DLNM/05_publicacao_github/data/raw/sih/sih_rd_rj_2015_08.rds,TRUE,FALSE,2568469,2026-06-22 08:54:00.889193,rds,dados R serializados,dados brutos,ok,ativo
data/raw/sih/sih_rd_rj_2015_09.rds,C:/Users/oorie/OneDrive/Documentos/TRABALHOS/DLNM/05_publicacao_github/data/raw/sih/sih_rd_rj_2015_09.rds,TRUE,FALSE,2489147,2026-06-22 08:54:00.889727,rds,dados R serializados,dados brutos,ok,ativo
data/raw/sih/sih_rd_rj_2015_10.rds,C:/Users/oorie/OneDrive/Documentos/TRABALHOS/DLNM/05_publicacao_github/data/raw/sih/sih_rd_rj_2015_10.rds,TRUE,FALSE,2524099,2026-06-22 08:54:00.889727,rds,dados R serializados,dados brutos,ok,ativo
data/raw/sih/sih_rd_rj_2015_11.rds,C:/Users/oorie/OneDrive/Documentos/TRABALHOS/DLNM/05_publicacao_github/data/raw/sih/sih_rd_rj_2015_11.rds,TRUE,FALSE,2416164,2026-06-22 08:54:00.889727,rds,dados R serializados,dados brutos,ok,ativo
data/raw/sih/sih_rd_rj_2015_12.rds,C:/Users/oorie/OneDrive/Documentos/TRABALHOS/DLNM/05_publicacao_github/data/raw/sih/sih_rd_rj_2015_12.rds,TRUE,FALSE,2361949,2026-06-22 08:54:00.889727,rds,dados R serializados,dados brutos,ok,ativo
data/raw/sih/sih_rd_rj_2016_01.rds,C:/Users/oorie/OneDrive/Documentos/TRABALHOS/DLNM/05_publicacao_github/data/raw/sih/sih_rd_rj_2016_01.rds,TRUE,FALSE,2402302,2026-06-22 08:54:00.889727,rds,dados R serializados,dados brutos,ok,ativo
data/raw/sih/sih_rd_rj_2016_02.rds,C:/Users/oorie/OneDrive/Documentos/TRABALHOS/DLNM/05_publicacao_github/data/raw/sih/sih_rd_rj_2016_02.rds,TRUE,FALSE,2289867,2026-06-22 08:54:00.890978,rds,dados R serializados,dados brutos,ok,ativo
data/raw/sih/sih_rd_rj_2016_03.rds,C:/Users/oorie/OneDrive/Documentos/TRABALHOS/DLNM/05_publicacao_github/data/raw/sih/sih_rd_rj_2016_03.rds,TRUE,FALSE,2553869,2026-06-22 08:54:00.890978,rds,dados R serializados,dados brutos,ok,ativo
data/raw/sih/sih_rd_rj_2016_04.rds,C:/Users/oorie/OneDrive/Documentos/TRABALHOS/DLNM/05_publicacao_github/data/raw/sih/sih_rd_rj_2016_04.rds,TRUE,FALSE,2442745,2026-06-22 08:54:00.890978,rds,dados R serializados,dados brutos,ok,ativo
data/raw/sih/sih_rd_rj_2016_05.rds,C:/Users/oorie/OneDrive/Documentos/TRABALHOS/DLNM/05_publicacao_github/data/raw/sih/sih_rd_rj_2016_05.rds,TRUE,FALSE,2337657,2026-06-22 08:54:00.891724,rds,dados R serializados,dados brutos,ok,ativo
data/raw/sih/sih_rd_rj_2016_06.rds,C:/Users/oorie/OneDrive/Documentos/TRABALHOS/DLNM/05_publicacao_github/data/raw/sih/sih_rd_rj_2016_06.rds,TRUE,FALSE,2377983,2026-06-22 08:54:00.892233,rds,dados R serializados,dados brutos,ok,ativo
data/raw/sih/sih_rd_rj_2016_07.rds,C:/Users/oorie/OneDrive/Documentos/TRABALHOS/DLNM/05_publicacao_github/data/raw/sih/sih_rd_rj_2016_07.rds,TRUE,FALSE,2377887,2026-06-22 08:54:00.892756,rds,dados R serializados,dados brutos,ok,ativo
data/raw/sih/sih_rd_rj_2016_08.rds,C:/Users/oorie/OneDrive/Documentos/TRABALHOS/DLNM/05_publicacao_github/data/raw/sih/sih_rd_rj_2016_08.rds,TRUE,FALSE,2444785,2026-06-22 08:54:00.892756,rds,dados R serializados,dados brutos,ok,ativo
data/raw/sih/sih_rd_rj_2016_09.rds,C:/Users/oorie/OneDrive/Documentos/TRABALHOS/DLNM/05_publicacao_github/data/raw/sih/sih_rd_rj_2016_09.rds,TRUE,FALSE,2306270,2026-06-22 08:54:00.892756,rds,dados R serializados,dados brutos,ok,ativo
data/raw/sih/sih_rd_rj_2016_10.rds,C:/Users/oorie/OneDrive/Documentos/TRABALHOS/DLNM/05_publicacao_github/data/raw/sih/sih_rd_rj_2016_10.rds,TRUE,FALSE,2225893,2026-06-22 08:54:00.893295,rds,dados R serializados,dados brutos,ok,ativo
data/raw/sih/sih_rd_rj_2016_11.rds,C:/Users/oorie/OneDrive/Documentos/TRABALHOS/DLNM/05_publicacao_github/data/raw/sih/sih_rd_rj_2016_11.rds,TRUE,FALSE,2237650,2026-06-22 08:54:00.893295,rds,dados R serializados,dados brutos,ok,ativo
data/raw/sih/sih_rd_rj_2016_12.rds,C:/Users/oorie/OneDrive/Documentos/TRABALHOS/DLNM/05_publicacao_github/data/raw/sih/sih_rd_rj_2016_12.rds,TRUE,FALSE,2247883,2026-06-22 08:54:00.89386,rds,dados R serializados,dados brutos,ok,ativo
data/raw/sih/sih_rd_rj_2017_01.rds,C:/Users/oorie/OneDrive/Documentos/TRABALHOS/DLNM/05_publicacao_github/data/raw/sih/sih_rd_rj_2017_01.rds,TRUE,FALSE,2234409,2026-06-22 08:54:00.89386,rds,dados R serializados,dados brutos,ok,ativo
data/raw/sih/sih_rd_rj_2017_02.rds,C:/Users/oorie/OneDrive/Documentos/TRABALHOS/DLNM/05_publicacao_github/data/raw/sih/sih_rd_rj_2017_02.rds,TRUE,FALSE,2236702,2026-06-22 08:54:00.89386,rds,dados R serializados,dados brutos,ok,ativo
data/raw/sih/sih_rd_rj_2017_03.rds,C:/Users/oorie/OneDrive/Documentos/TRABALHOS/DLNM/05_publicacao_github/data/raw/sih/sih_rd_rj_2017_03.rds,TRUE,FALSE,2434009,2026-06-22 08:54:00.89386,rds,dados R serializados,dados brutos,ok,ativo
data/raw/sih/sih_rd_rj_2017_04.rds,C:/Users/oorie/OneDrive/Documentos/TRABALHOS/DLNM/05_publicacao_github/data/raw/sih/sih_rd_rj_2017_04.rds,TRUE,FALSE,2314958,2026-06-22 08:54:00.894415,rds,dados R serializados,dados brutos,ok,ativo
data/raw/sih/sih_rd_rj_2017_05.rds,C:/Users/oorie/OneDrive/Documentos/TRABALHOS/DLNM/05_publicacao_github/data/raw/sih/sih_rd_rj_2017_05.rds,TRUE,FALSE,2573081,2026-06-22 08:54:00.894415,rds,dados R serializados,dados brutos,ok,ativo
data/raw/sih/sih_rd_rj_2017_06.rds,C:/Users/oorie/OneDrive/Documentos/TRABALHOS/DLNM/05_publicacao_github/data/raw/sih/sih_rd_rj_2017_06.rds,TRUE,FALSE,2507144,2026-06-22 08:54:00.894415,rds,dados R serializados,dados brutos,ok,ativo
data/raw/sih/sih_rd_rj_2017_07.rds,C:/Users/oorie/OneDrive/Documentos/TRABALHOS/DLNM/05_publicacao_github/data/raw/sih/sih_rd_rj_2017_07.rds,TRUE,FALSE,2614613,2026-06-22 08:54:00.894415,rds,dados R serializados,dados brutos,ok,ativo
data/raw/sih/sih_rd_rj_2017_08.rds,C:/Users/oorie/OneDrive/Documentos/TRABALHOS/DLNM/05_publicacao_github/data/raw/sih/sih_rd_rj_2017_08.rds,TRUE,FALSE,2677913,2026-06-22 08:54:00.894415,rds,dados R serializados,dados brutos,ok,ativo
data/raw/sih/sih_rd_rj_2017_09.rds,C:/Users/oorie/OneDrive/Documentos/TRABALHOS/DLNM/05_publicacao_github/data/raw/sih/sih_rd_rj_2017_09.rds,TRUE,FALSE,2513259,2026-06-22 08:54:00.894983,rds,dados R serializados,dados brutos,ok,ativo
data/raw/sih/sih_rd_rj_2017_10.rds,C:/Users/oorie/OneDrive/Documentos/TRABALHOS/DLNM/05_publicacao_github/data/raw/sih/sih_rd_rj_2017_10.rds,TRUE,FALSE,2574484,2026-06-22 08:54:00.894983,rds,dados R serializados,dados brutos,ok,ativo
data/raw/sih/sih_rd_rj_2017_11.rds,C:/Users/oorie/OneDrive/Documentos/TRABALHOS/DLNM/05_publicacao_github/data/raw/sih/sih_rd_rj_2017_11.rds,TRUE,FALSE,2453865,2026-06-22 08:54:00.894983,rds,dados R serializados,dados brutos,ok,ativo
data/raw/sih/sih_rd_rj_2017_12.rds,C:/Users/oorie/OneDrive/Documentos/TRABALHOS/DLNM/05_publicacao_github/data/raw/sih/sih_rd_rj_2017_12.rds,TRUE,FALSE,2399727,2026-06-22 08:54:00.894983,rds,dados R serializados,dados brutos,ok,ativo
data/raw/sih/sih_rd_rj_2018_01.rds,C:/Users/oorie/OneDrive/Documentos/TRABALHOS/DLNM/05_publicacao_github/data/raw/sih/sih_rd_rj_2018_01.rds,TRUE,FALSE,2516456,2026-06-22 08:54:00.895521,rds,dados R serializados,dados brutos,ok,ativo
data/raw/sih/sih_rd_rj_2018_02.rds,C:/Users/oorie/OneDrive/Documentos/TRABALHOS/DLNM/05_publicacao_github/data/raw/sih/sih_rd_rj_2018_02.rds,TRUE,FALSE,2380566,2026-06-22 08:54:00.895521,rds,dados R serializados,dados brutos,ok,ativo
data/raw/sih/sih_rd_rj_2018_03.rds,C:/Users/oorie/OneDrive/Documentos/TRABALHOS/DLNM/05_publicacao_github/data/raw/sih/sih_rd_rj_2018_03.rds,TRUE,FALSE,2618669,2026-06-22 08:54:00.895521,rds,dados R serializados,dados brutos,ok,ativo
data/raw/sih/sih_rd_rj_2018_04.rds,C:/Users/oorie/OneDrive/Documentos/TRABALHOS/DLNM/05_publicacao_github/data/raw/sih/sih_rd_rj_2018_04.rds,TRUE,FALSE,2653605,2026-06-22 08:54:00.895521,rds,dados R serializados,dados brutos,ok,ativo
data/raw/sih/sih_rd_rj_2018_05.rds,C:/Users/oorie/OneDrive/Documentos/TRABALHOS/DLNM/05_publicacao_github/data/raw/sih/sih_rd_rj_2018_05.rds,TRUE,FALSE,2681967,2026-06-22 08:54:00.895521,rds,dados R serializados,dados brutos,ok,ativo
data/raw/sih/sih_rd_rj_2018_06.rds,C:/Users/oorie/OneDrive/Documentos/TRABALHOS/DLNM/05_publicacao_github/data/raw/sih/sih_rd_rj_2018_06.rds,TRUE,FALSE,2645064,2026-06-22 08:54:00.896175,rds,dados R serializados,dados brutos,ok,ativo
data/raw/sih/sih_rd_rj_2018_07.rds,C:/Users/oorie/OneDrive/Documentos/TRABALHOS/DLNM/05_publicacao_github/data/raw/sih/sih_rd_rj_2018_07.rds,TRUE,FALSE,2790325,2026-06-22 08:54:00.896175,rds,dados R serializados,dados brutos,ok,ativo
data/raw/sih/sih_rd_rj_2018_08.rds,C:/Users/oorie/OneDrive/Documentos/TRABALHOS/DLNM/05_publicacao_github/data/raw/sih/sih_rd_rj_2018_08.rds,TRUE,FALSE,2721773,2026-06-22 08:54:00.896175,rds,dados R serializados,dados brutos,ok,ativo
data/raw/sih/sih_rd_rj_2018_09.rds,C:/Users/oorie/OneDrive/Documentos/TRABALHOS/DLNM/05_publicacao_github/data/raw/sih/sih_rd_rj_2018_09.rds,TRUE,FALSE,2631438,2026-06-22 08:54:00.896175,rds,dados R serializados,dados brutos,ok,ativo
data/raw/sih/sih_rd_rj_2018_10.rds,C:/Users/oorie/OneDrive/Documentos/TRABALHOS/DLNM/05_publicacao_github/data/raw/sih/sih_rd_rj_2018_10.rds,TRUE,FALSE,2654262,2026-06-22 08:54:00.896729,rds,dados R serializados,dados brutos,ok,ativo
data/raw/sih/sih_rd_rj_2018_11.rds,C:/Users/oorie/OneDrive/Documentos/TRABALHOS/DLNM/05_publicacao_github/data/raw/sih/sih_rd_rj_2018_11.rds,TRUE,FALSE,2573899,2026-06-22 08:54:00.896729,rds,dados R serializados,dados brutos,ok,ativo
data/raw/sih/sih_rd_rj_2018_12.rds,C:/Users/oorie/OneDrive/Documentos/TRABALHOS/DLNM/05_publicacao_github/data/raw/sih/sih_rd_rj_2018_12.rds,TRUE,FALSE,2384789,2026-06-22 08:54:00.896729,rds,dados R serializados,dados brutos,ok,ativo
data/raw/sih/sih_rd_rj_2019_01.rds,C:/Users/oorie/OneDrive/Documentos/TRABALHOS/DLNM/05_publicacao_github/data/raw/sih/sih_rd_rj_2019_01.rds,TRUE,FALSE,2746192,2026-06-22 08:54:00.896729,rds,dados R serializados,dados brutos,ok,ativo
data/raw/sih/sih_rd_rj_2019_02.rds,C:/Users/oorie/OneDrive/Documentos/TRABALHOS/DLNM/05_publicacao_github/data/raw/sih/sih_rd_rj_2019_02.rds,TRUE,FALSE,2544579,2026-06-22 08:54:00.896729,rds,dados R serializados,dados brutos,ok,ativo
data/raw/sih/sih_rd_rj_2019_03.rds,C:/Users/oorie/OneDrive/Documentos/TRABALHOS/DLNM/05_publicacao_github/data/raw/sih/sih_rd_rj_2019_03.rds,TRUE,FALSE,2582940,2026-06-22 08:54:00.897255,rds,dados R serializados,dados brutos,ok,ativo
data/raw/sih/sih_rd_rj_2019_04.rds,C:/Users/oorie/OneDrive/Documentos/TRABALHOS/DLNM/05_publicacao_github/data/raw/sih/sih_rd_rj_2019_04.rds,TRUE,FALSE,2611462,2026-06-22 08:54:00.897799,rds,dados R serializados,dados brutos,ok,ativo
data/raw/sih/sih_rd_rj_2019_05.rds,C:/Users/oorie/OneDrive/Documentos/TRABALHOS/DLNM/05_publicacao_github/data/raw/sih/sih_rd_rj_2019_05.rds,TRUE,FALSE,2894590,2026-06-22 08:54:00.897799,rds,dados R serializados,dados brutos,ok,ativo
data/raw/sih/sih_rd_rj_2019_06.rds,C:/Users/oorie/OneDrive/Documentos/TRABALHOS/DLNM/05_publicacao_github/data/raw/sih/sih_rd_rj_2019_06.rds,TRUE,FALSE,2756524,2026-06-22 08:54:00.898367,rds,dados R serializados,dados brutos,ok,ativo
data/raw/sih/sih_rd_rj_2019_07.rds,C:/Users/oorie/OneDrive/Documentos/TRABALHOS/DLNM/05_publicacao_github/data/raw/sih/sih_rd_rj_2019_07.rds,TRUE,FALSE,2907270,2026-06-22 08:54:00.898367,rds,dados R serializados,dados brutos,ok,ativo
data/raw/sih/sih_rd_rj_2019_08.rds,C:/Users/oorie/OneDrive/Documentos/TRABALHOS/DLNM/05_publicacao_github/data/raw/sih/sih_rd_rj_2019_08.rds,TRUE,FALSE,2929762,2026-06-22 08:54:00.898367,rds,dados R serializados,dados brutos,ok,ativo
data/raw/sih/sih_rd_rj_2019_09.rds,C:/Users/oorie/OneDrive/Documentos/TRABALHOS/DLNM/05_publicacao_github/data/raw/sih/sih_rd_rj_2019_09.rds,TRUE,FALSE,2818311,2026-06-22 08:54:00.898367,rds,dados R serializados,dados brutos,ok,ativo
data/raw/sih/sih_rd_rj_2019_10.rds,C:/Users/oorie/OneDrive/Documentos/TRABALHOS/DLNM/05_publicacao_github/data/raw/sih/sih_rd_rj_2019_10.rds,TRUE,FALSE,2880165,2026-06-22 08:54:00.898367,rds,dados R serializados,dados brutos,ok,ativo
data/raw/sih/sih_rd_rj_2019_11.rds,C:/Users/oorie/OneDrive/Documentos/TRABALHOS/DLNM/05_publicacao_github/data/raw/sih/sih_rd_rj_2019_11.rds,TRUE,FALSE,2737762,2026-06-22 08:54:00.898932,rds,dados R serializados,dados brutos,ok,ativo
data/raw/sih/sih_rd_rj_2019_12.rds,C:/Users/oorie/OneDrive/Documentos/TRABALHOS/DLNM/05_publicacao_github/data/raw/sih/sih_rd_rj_2019_12.rds,TRUE,FALSE,2581406,2026-06-22 08:54:00.898932,rds,dados R serializados,dados brutos,ok,ativo
data/raw/sih/sih_rd_rj_2020_01.rds,C:/Users/oorie/OneDrive/Documentos/TRABALHOS/DLNM/05_publicacao_github/data/raw/sih/sih_rd_rj_2020_01.rds,TRUE,FALSE,2726921,2026-06-22 08:54:00.898932,rds,dados R serializados,dados brutos,ok,ativo
data/raw/sih/sih_rd_rj_2020_02.rds,C:/Users/oorie/OneDrive/Documentos/TRABALHOS/DLNM/05_publicacao_github/data/raw/sih/sih_rd_rj_2020_02.rds,TRUE,FALSE,2483413,2026-06-22 08:54:00.900438,rds,dados R serializados,dados brutos,ok,ativo
data/raw/sih/sih_rd_rj_2020_03.rds,C:/Users/oorie/OneDrive/Documentos/TRABALHOS/DLNM/05_publicacao_github/data/raw/sih/sih_rd_rj_2020_03.rds,TRUE,FALSE,2400401,2026-06-22 08:54:00.900438,rds,dados R serializados,dados brutos,ok,ativo
data/raw/sih/sih_rd_rj_2020_04.rds,C:/Users/oorie/OneDrive/Documentos/TRABALHOS/DLNM/05_publicacao_github/data/raw/sih/sih_rd_rj_2020_04.rds,TRUE,FALSE,2059947,2026-06-22 08:54:00.90107,rds,dados R serializados,dados brutos,ok,ativo
data/raw/sih/sih_rd_rj_2020_05.rds,C:/Users/oorie/OneDrive/Documentos/TRABALHOS/DLNM/05_publicacao_github/data/raw/sih/sih_rd_rj_2020_05.rds,TRUE,FALSE,2239153,2026-06-22 08:54:00.90107,rds,dados R serializados,dados brutos,ok,ativo
data/raw/sih/sih_rd_rj_2020_06.rds,C:/Users/oorie/OneDrive/Documentos/TRABALHOS/DLNM/05_publicacao_github/data/raw/sih/sih_rd_rj_2020_06.rds,TRUE,FALSE,2279385,2026-06-22 08:54:00.90107,rds,dados R serializados,dados brutos,ok,ativo
data/raw/sih/sih_rd_rj_2020_07.rds,C:/Users/oorie/OneDrive/Documentos/TRABALHOS/DLNM/05_publicacao_github/data/raw/sih/sih_rd_rj_2020_07.rds,TRUE,FALSE,2496911,2026-06-22 08:54:00.90107,rds,dados R serializados,dados brutos,ok,ativo
data/raw/sih/sih_rd_rj_2020_08.rds,C:/Users/oorie/OneDrive/Documentos/TRABALHOS/DLNM/05_publicacao_github/data/raw/sih/sih_rd_rj_2020_08.rds,TRUE,FALSE,2496598,2026-06-22 08:54:00.901579,rds,dados R serializados,dados brutos,ok,ativo
data/raw/sih/sih_rd_rj_2020_09.rds,C:/Users/oorie/OneDrive/Documentos/TRABALHOS/DLNM/05_publicacao_github/data/raw/sih/sih_rd_rj_2020_09.rds,TRUE,FALSE,2477700,2026-06-22 08:54:00.901579,rds,dados R serializados,dados brutos,ok,ativo
data/raw/sih/sih_rd_rj_2020_10.rds,C:/Users/oorie/OneDrive/Documentos/TRABALHOS/DLNM/05_publicacao_github/data/raw/sih/sih_rd_rj_2020_10.rds,TRUE,FALSE,2524653,2026-06-22 08:54:00.901579,rds,dados R serializados,dados brutos,ok,ativo
data/raw/sih/sih_rd_rj_2020_11.rds,C:/Users/oorie/OneDrive/Documentos/TRABALHOS/DLNM/05_publicacao_github/data/raw/sih/sih_rd_rj_2020_11.rds,TRUE,FALSE,2469727,2026-06-22 08:54:00.90202,rds,dados R serializados,dados brutos,ok,ativo
data/raw/sih/sih_rd_rj_2020_12.rds,C:/Users/oorie/OneDrive/Documentos/TRABALHOS/DLNM/05_publicacao_github/data/raw/sih/sih_rd_rj_2020_12.rds,TRUE,FALSE,2505349,2026-06-22 08:54:00.902826,rds,dados R serializados,dados brutos,ok,ativo
data/raw/sih/sih_rd_rj_2021_01.rds,C:/Users/oorie/OneDrive/Documentos/TRABALHOS/DLNM/05_publicacao_github/data/raw/sih/sih_rd_rj_2021_01.rds,TRUE,FALSE,2516214,2026-06-22 08:54:00.902826,rds,dados R serializados,dados brutos,ok,ativo
data/raw/sih/sih_rd_rj_2021_02.rds,C:/Users/oorie/OneDrive/Documentos/TRABALHOS/DLNM/05_publicacao_github/data/raw/sih/sih_rd_rj_2021_02.rds,TRUE,FALSE,2363665,2026-06-22 08:54:00.903336,rds,dados R serializados,dados brutos,ok,ativo
data/raw/sih/sih_rd_rj_2021_03.rds,C:/Users/oorie/OneDrive/Documentos/TRABALHOS/DLNM/05_publicacao_github/data/raw/sih/sih_rd_rj_2021_03.rds,TRUE,FALSE,2723628,2026-06-22 08:54:00.903336,rds,dados R serializados,dados brutos,ok,ativo
data/raw/sih/sih_rd_rj_2021_04.rds,C:/Users/oorie/OneDrive/Documentos/TRABALHOS/DLNM/05_publicacao_github/data/raw/sih/sih_rd_rj_2021_04.rds,TRUE,FALSE,2569076,2026-06-22 08:54:00.903336,rds,dados R serializados,dados brutos,ok,ativo
data/raw/sih/sih_rd_rj_2021_05.rds,C:/Users/oorie/OneDrive/Documentos/TRABALHOS/DLNM/05_publicacao_github/data/raw/sih/sih_rd_rj_2021_05.rds,TRUE,FALSE,2782543,2026-06-22 08:54:00.903336,rds,dados R serializados,dados brutos,ok,ativo
data/raw/sih/sih_rd_rj_2021_06.rds,C:/Users/oorie/OneDrive/Documentos/TRABALHOS/DLNM/05_publicacao_github/data/raw/sih/sih_rd_rj_2021_06.rds,TRUE,FALSE,2747647,2026-06-22 08:54:00.904018,rds,dados R serializados,dados brutos,ok,ativo
data/raw/sih/sih_rd_rj_2021_07.rds,C:/Users/oorie/OneDrive/Documentos/TRABALHOS/DLNM/05_publicacao_github/data/raw/sih/sih_rd_rj_2021_07.rds,TRUE,FALSE,2759697,2026-06-22 08:54:00.904018,rds,dados R serializados,dados brutos,ok,ativo
data/raw/sih/sih_rd_rj_2021_08.rds,C:/Users/oorie/OneDrive/Documentos/TRABALHOS/DLNM/05_publicacao_github/data/raw/sih/sih_rd_rj_2021_08.rds,TRUE,FALSE,2847178,2026-06-22 08:54:00.904547,rds,dados R serializados,dados brutos,ok,ativo
data/raw/sih/sih_rd_rj_2021_09.rds,C:/Users/oorie/OneDrive/Documentos/TRABALHOS/DLNM/05_publicacao_github/data/raw/sih/sih_rd_rj_2021_09.rds,TRUE,FALSE,2844647,2026-06-22 08:54:00.904547,rds,dados R serializados,dados brutos,ok,ativo
data/raw/sih/sih_rd_rj_2021_10.rds,C:/Users/oorie/OneDrive/Documentos/TRABALHOS/DLNM/05_publicacao_github/data/raw/sih/sih_rd_rj_2021_10.rds,TRUE,FALSE,2755191,2026-06-22 08:54:00.904547,rds,dados R serializados,dados brutos,ok,ativo
data/raw/sih/sih_rd_rj_2021_11.rds,C:/Users/oorie/OneDrive/Documentos/TRABALHOS/DLNM/05_publicacao_github/data/raw/sih/sih_rd_rj_2021_11.rds,TRUE,FALSE,2679791,2026-06-22 08:54:00.904547,rds,dados R serializados,dados brutos,ok,ativo
data/raw/sih/sih_rd_rj_2021_12.rds,C:/Users/oorie/OneDrive/Documentos/TRABALHOS/DLNM/05_publicacao_github/data/raw/sih/sih_rd_rj_2021_12.rds,TRUE,FALSE,2704785,2026-06-22 08:54:00.905079,rds,dados R serializados,dados brutos,ok,ativo
data/raw/sih/sih_rd_rj_2022_01.rds,C:/Users/oorie/OneDrive/Documentos/TRABALHOS/DLNM/05_publicacao_github/data/raw/sih/sih_rd_rj_2022_01.rds,TRUE,FALSE,2704904,2026-06-22 08:54:00.905079,rds,dados R serializados,dados brutos,ok,ativo
data/raw/sih/sih_rd_rj_2022_02.rds,C:/Users/oorie/OneDrive/Documentos/TRABALHOS/DLNM/05_publicacao_github/data/raw/sih/sih_rd_rj_2022_02.rds,TRUE,FALSE,2637231,2026-06-22 08:54:00.905079,rds,dados R serializados,dados brutos,ok,ativo
data/raw/sih/sih_rd_rj_2022_03.rds,C:/Users/oorie/OneDrive/Documentos/TRABALHOS/DLNM/05_publicacao_github/data/raw/sih/sih_rd_rj_2022_03.rds,TRUE,FALSE,2864783,2026-06-22 08:54:00.905079,rds,dados R serializados,dados brutos,ok,ativo
data/raw/sih/sih_rd_rj_2022_04.rds,C:/Users/oorie/OneDrive/Documentos/TRABALHOS/DLNM/05_publicacao_github/data/raw/sih/sih_rd_rj_2022_04.rds,TRUE,FALSE,2814761,2026-06-22 08:54:00.905607,rds,dados R serializados,dados brutos,ok,ativo
data/raw/sih/sih_rd_rj_2022_05.rds,C:/Users/oorie/OneDrive/Documentos/TRABALHOS/DLNM/05_publicacao_github/data/raw/sih/sih_rd_rj_2022_05.rds,TRUE,FALSE,2993960,2026-06-22 08:54:00.908869,rds,dados R serializados,dados brutos,ok,ativo
data/raw/sih/sih_rd_rj_2022_06.rds,C:/Users/oorie/OneDrive/Documentos/TRABALHOS/DLNM/05_publicacao_github/data/raw/sih/sih_rd_rj_2022_06.rds,TRUE,FALSE,2881249,2026-06-22 08:54:00.909437,rds,dados R serializados,dados brutos,ok,ativo
data/raw/sih/sih_rd_rj_2022_07.rds,C:/Users/oorie/OneDrive/Documentos/TRABALHOS/DLNM/05_publicacao_github/data/raw/sih/sih_rd_rj_2022_07.rds,TRUE,FALSE,3036669,2026-06-22 08:54:00.90995,rds,dados R serializados,dados brutos,ok,ativo
data/raw/sih/sih_rd_rj_2022_08.rds,C:/Users/oorie/OneDrive/Documentos/TRABALHOS/DLNM/05_publicacao_github/data/raw/sih/sih_rd_rj_2022_08.rds,TRUE,FALSE,3109960,2026-06-22 08:54:00.90995,rds,dados R serializados,dados brutos,ok,ativo
data/raw/sih/sih_rd_rj_2022_09.rds,C:/Users/oorie/OneDrive/Documentos/TRABALHOS/DLNM/05_publicacao_github/data/raw/sih/sih_rd_rj_2022_09.rds,TRUE,FALSE,2971774,2026-06-22 08:54:00.910391,rds,dados R serializados,dados brutos,ok,ativo
data/raw/sih/sih_rd_rj_2022_10.rds,C:/Users/oorie/OneDrive/Documentos/TRABALHOS/DLNM/05_publicacao_github/data/raw/sih/sih_rd_rj_2022_10.rds,TRUE,FALSE,3039580,2026-06-22 08:54:00.910391,rds,dados R serializados,dados brutos,ok,ativo
data/raw/sih/sih_rd_rj_2022_11.rds,C:/Users/oorie/OneDrive/Documentos/TRABALHOS/DLNM/05_publicacao_github/data/raw/sih/sih_rd_rj_2022_11.rds,TRUE,FALSE,2903212,2026-06-22 08:54:00.910898,rds,dados R serializados,dados brutos,ok,ativo
data/raw/sih/sih_rd_rj_2022_12.rds,C:/Users/oorie/OneDrive/Documentos/TRABALHOS/DLNM/05_publicacao_github/data/raw/sih/sih_rd_rj_2022_12.rds,TRUE,FALSE,2914501,2026-06-22 08:54:00.910898,rds,dados R serializados,dados brutos,ok,ativo
data/raw/sih/sih_rd_rj_2023_01.rds,C:/Users/oorie/OneDrive/Documentos/TRABALHOS/DLNM/05_publicacao_github/data/raw/sih/sih_rd_rj_2023_01.rds,TRUE,FALSE,2949393,2026-06-22 08:54:00.911676,rds,dados R serializados,dados brutos,ok,ativo
data/raw/sih/sih_rd_rj_2023_02.rds,C:/Users/oorie/OneDrive/Documentos/TRABALHOS/DLNM/05_publicacao_github/data/raw/sih/sih_rd_rj_2023_02.rds,TRUE,FALSE,2805857,2026-06-22 08:54:00.911676,rds,dados R serializados,dados brutos,ok,ativo
data/raw/sih/sih_rd_rj_2023_03.rds,C:/Users/oorie/OneDrive/Documentos/TRABALHOS/DLNM/05_publicacao_github/data/raw/sih/sih_rd_rj_2023_03.rds,TRUE,FALSE,3228169,2026-06-22 08:54:00.911676,rds,dados R serializados,dados brutos,ok,ativo
data/raw/sih/sih_rd_rj_2023_04.rds,C:/Users/oorie/OneDrive/Documentos/TRABALHOS/DLNM/05_publicacao_github/data/raw/sih/sih_rd_rj_2023_04.rds,TRUE,FALSE,3035625,2026-06-22 08:54:00.912319,rds,dados R serializados,dados brutos,ok,ativo
data/raw/sih/sih_rd_rj_2023_05.rds,C:/Users/oorie/OneDrive/Documentos/TRABALHOS/DLNM/05_publicacao_github/data/raw/sih/sih_rd_rj_2023_05.rds,TRUE,FALSE,3369179,2026-06-22 08:54:00.912319,rds,dados R serializados,dados brutos,ok,ativo
data/raw/sih/sih_rd_rj_2023_06.rds,C:/Users/oorie/OneDrive/Documentos/TRABALHOS/DLNM/05_publicacao_github/data/raw/sih/sih_rd_rj_2023_06.rds,TRUE,FALSE,3306981,2026-06-22 08:54:00.913002,rds,dados R serializados,dados brutos,ok,ativo
data/raw/sih/sih_rd_rj_2023_07.rds,C:/Users/oorie/OneDrive/Documentos/TRABALHOS/DLNM/05_publicacao_github/data/raw/sih/sih_rd_rj_2023_07.rds,TRUE,FALSE,3302490,2026-06-22 08:54:00.913002,rds,dados R serializados,dados brutos,ok,ativo
data/raw/sih/sih_rd_rj_2023_08.rds,C:/Users/oorie/OneDrive/Documentos/TRABALHOS/DLNM/05_publicacao_github/data/raw/sih/sih_rd_rj_2023_08.rds,TRUE,FALSE,3381456,2026-06-22 08:54:00.913572,rds,dados R serializados,dados brutos,ok,ativo
data/raw/sih/sih_rd_rj_2023_09.rds,C:/Users/oorie/OneDrive/Documentos/TRABALHOS/DLNM/05_publicacao_github/data/raw/sih/sih_rd_rj_2023_09.rds,TRUE,FALSE,3369128,2026-06-22 08:54:00.913572,rds,dados R serializados,dados brutos,ok,ativo
data/raw/sih/sih_rd_rj_2023_10.rds,C:/Users/oorie/OneDrive/Documentos/TRABALHOS/DLNM/05_publicacao_github/data/raw/sih/sih_rd_rj_2023_10.rds,TRUE,FALSE,3472716,2026-06-22 08:54:00.913572,rds,dados R serializados,dados brutos,ok,ativo
data/raw/sih/sih_rd_rj_2023_11.rds,C:/Users/oorie/OneDrive/Documentos/TRABALHOS/DLNM/05_publicacao_github/data/raw/sih/sih_rd_rj_2023_11.rds,TRUE,FALSE,3318495,2026-06-22 08:54:00.91423,rds,dados R serializados,dados brutos,ok,ativo
data/raw/sih/sih_rd_rj_2023_12.rds,C:/Users/oorie/OneDrive/Documentos/TRABALHOS/DLNM/05_publicacao_github/data/raw/sih/sih_rd_rj_2023_12.rds,TRUE,FALSE,3313537,2026-06-22 08:54:00.91423,rds,dados R serializados,dados brutos,ok,ativo
data/raw/sih/sih_rd_rj_2024_01.rds,C:/Users/oorie/OneDrive/Documentos/TRABALHOS/DLNM/05_publicacao_github/data/raw/sih/sih_rd_rj_2024_01.rds,TRUE,FALSE,3222908,2026-06-22 08:54:00.914831,rds,dados R serializados,dados brutos,ok,ativo
data/raw/sih/sih_rd_rj_2024_02.rds,C:/Users/oorie/OneDrive/Documentos/TRABALHOS/DLNM/05_publicacao_github/data/raw/sih/sih_rd_rj_2024_02.rds,TRUE,FALSE,3018453,2026-06-22 08:54:00.914831,rds,dados R serializados,dados brutos,ok,ativo
data/raw/sih/sih_rd_rj_2024_03.rds,C:/Users/oorie/OneDrive/Documentos/TRABALHOS/DLNM/05_publicacao_github/data/raw/sih/sih_rd_rj_2024_03.rds,TRUE,FALSE,3402408,2026-06-22 08:54:00.915419,rds,dados R serializados,dados brutos,ok,ativo
data/raw/sih/sih_rd_rj_2024_04.rds,C:/Users/oorie/OneDrive/Documentos/TRABALHOS/DLNM/05_publicacao_github/data/raw/sih/sih_rd_rj_2024_04.rds,TRUE,FALSE,3329453,2026-06-22 08:54:00.915419,rds,dados R serializados,dados brutos,ok,ativo
data/raw/sih/sih_rd_rj_2024_05.rds,C:/Users/oorie/OneDrive/Documentos/TRABALHOS/DLNM/05_publicacao_github/data/raw/sih/sih_rd_rj_2024_05.rds,TRUE,FALSE,3467394,2026-06-22 08:54:00.915419,rds,dados R serializados,dados brutos,ok,ativo
data/raw/sih/sih_rd_rj_2024_06.rds,C:/Users/oorie/OneDrive/Documentos/TRABALHOS/DLNM/05_publicacao_github/data/raw/sih/sih_rd_rj_2024_06.rds,TRUE,FALSE,3378401,2026-06-22 08:54:00.915964,rds,dados R serializados,dados brutos,ok,ativo
data/raw/sih/sih_rd_rj_2024_07.rds,C:/Users/oorie/OneDrive/Documentos/TRABALHOS/DLNM/05_publicacao_github/data/raw/sih/sih_rd_rj_2024_07.rds,TRUE,FALSE,3484599,2026-06-22 08:54:00.915964,rds,dados R serializados,dados brutos,ok,ativo
data/raw/sih/sih_rd_rj_2024_08.rds,C:/Users/oorie/OneDrive/Documentos/TRABALHOS/DLNM/05_publicacao_github/data/raw/sih/sih_rd_rj_2024_08.rds,TRUE,FALSE,3427720,2026-06-22 08:54:00.915964,rds,dados R serializados,dados brutos,ok,ativo
data/raw/sih/sih_rd_rj_2024_09.rds,C:/Users/oorie/OneDrive/Documentos/TRABALHOS/DLNM/05_publicacao_github/data/raw/sih/sih_rd_rj_2024_09.rds,TRUE,FALSE,3363366,2026-06-22 08:54:00.915964,rds,dados R serializados,dados brutos,ok,ativo
data/raw/sih/sih_rd_rj_2024_10.rds,C:/Users/oorie/OneDrive/Documentos/TRABALHOS/DLNM/05_publicacao_github/data/raw/sih/sih_rd_rj_2024_10.rds,TRUE,FALSE,3307570,2026-06-22 08:54:00.916546,rds,dados R serializados,dados brutos,ok,ativo
data/raw/sih/sih_rd_rj_2024_11.rds,C:/Users/oorie/OneDrive/Documentos/TRABALHOS/DLNM/05_publicacao_github/data/raw/sih/sih_rd_rj_2024_11.rds,TRUE,FALSE,3162205,2026-06-22 08:54:00.916546,rds,dados R serializados,dados brutos,ok,ativo
data/raw/sih/sih_rd_rj_2024_12.rds,C:/Users/oorie/OneDrive/Documentos/TRABALHOS/DLNM/05_publicacao_github/data/raw/sih/sih_rd_rj_2024_12.rds,TRUE,FALSE,3065402,2026-06-22 08:54:00.916546,rds,dados R serializados,dados brutos,ok,ativo
data/raw/sih/sih_rd_rj_2025_01.rds,C:/Users/oorie/OneDrive/Documentos/TRABALHOS/DLNM/05_publicacao_github/data/raw/sih/sih_rd_rj_2025_01.rds,TRUE,FALSE,3357456,2026-06-22 08:54:00.916546,rds,dados R serializados,dados brutos,ok,ativo
data/raw/sih/sih_rd_rj_2025_02.rds,C:/Users/oorie/OneDrive/Documentos/TRABALHOS/DLNM/05_publicacao_github/data/raw/sih/sih_rd_rj_2025_02.rds,TRUE,FALSE,3191030,2026-06-22 08:54:00.916546,rds,dados R serializados,dados brutos,ok,ativo
data/raw/sih/sih_rd_rj_2025_03.rds,C:/Users/oorie/OneDrive/Documentos/TRABALHOS/DLNM/05_publicacao_github/data/raw/sih/sih_rd_rj_2025_03.rds,TRUE,FALSE,3282958,2026-06-22 08:54:00.917099,rds,dados R serializados,dados brutos,ok,ativo
data/raw/sih/sih_rd_rj_2025_04.rds,C:/Users/oorie/OneDrive/Documentos/TRABALHOS/DLNM/05_publicacao_github/data/raw/sih/sih_rd_rj_2025_04.rds,TRUE,FALSE,3271888,2026-06-22 08:54:00.917099,rds,dados R serializados,dados brutos,ok,ativo
data/raw/sih/sih_rd_rj_2025_05.rds,C:/Users/oorie/OneDrive/Documentos/TRABALHOS/DLNM/05_publicacao_github/data/raw/sih/sih_rd_rj_2025_05.rds,TRUE,FALSE,3491812,2026-06-22 08:54:00.917099,rds,dados R serializados,dados brutos,ok,ativo
data/raw/sih/sih_rd_rj_2025_06.rds,C:/Users/oorie/OneDrive/Documentos/TRABALHOS/DLNM/05_publicacao_github/data/raw/sih/sih_rd_rj_2025_06.rds,TRUE,FALSE,3434665,2026-06-22 08:54:00.917099,rds,dados R serializados,dados brutos,ok,ativo
data/raw/sih/sih_rd_rj_2025_07.rds,C:/Users/oorie/OneDrive/Documentos/TRABALHOS/DLNM/05_publicacao_github/data/raw/sih/sih_rd_rj_2025_07.rds,TRUE,FALSE,3595193,2026-06-22 08:54:00.917099,rds,dados R serializados,dados brutos,ok,ativo
data/raw/sih/sih_rd_rj_2025_08.rds,C:/Users/oorie/OneDrive/Documentos/TRABALHOS/DLNM/05_publicacao_github/data/raw/sih/sih_rd_rj_2025_08.rds,TRUE,FALSE,3530020,2026-06-22 08:54:00.917629,rds,dados R serializados,dados brutos,ok,ativo
data/raw/sih/sih_rd_rj_2025_09.rds,C:/Users/oorie/OneDrive/Documentos/TRABALHOS/DLNM/05_publicacao_github/data/raw/sih/sih_rd_rj_2025_09.rds,TRUE,FALSE,3548706,2026-06-22 08:54:00.917629,rds,dados R serializados,dados brutos,ok,ativo
data/raw/sih/sih_rd_rj_2025_10.rds,C:/Users/oorie/OneDrive/Documentos/TRABALHOS/DLNM/05_publicacao_github/data/raw/sih/sih_rd_rj_2025_10.rds,TRUE,FALSE,3640356,2026-06-22 08:54:00.917629,rds,dados R serializados,dados brutos,ok,ativo
data/raw/sih/sih_rd_rj_2025_11.rds,C:/Users/oorie/OneDrive/Documentos/TRABALHOS/DLNM/05_publicacao_github/data/raw/sih/sih_rd_rj_2025_11.rds,TRUE,FALSE,3425234,2026-06-22 08:54:00.917629,rds,dados R serializados,dados brutos,ok,ativo
data/raw/sih/sih_rd_rj_2025_12.rds,C:/Users/oorie/OneDrive/Documentos/TRABALHOS/DLNM/05_publicacao_github/data/raw/sih/sih_rd_rj_2025_12.rds,TRUE,FALSE,3390550,2026-06-22 08:54:00.917629,rds,dados R serializados,dados brutos,ok,ativo
data/raw/sim/sim_do_rj_2017_01.rds,C:/Users/oorie/OneDrive/Documentos/TRABALHOS/DLNM/05_publicacao_github/data/raw/sim/sim_do_rj_2017_01.rds,TRUE,FALSE,7399265,2026-06-22 08:54:00.918215,rds,dados R serializados,dados brutos,ok,ativo
data/raw/sim/sim_do_rj_2017_02.rds,C:/Users/oorie/OneDrive/Documentos/TRABALHOS/DLNM/05_publicacao_github/data/raw/sim/sim_do_rj_2017_02.rds,TRUE,FALSE,7399265,2026-06-22 08:54:00.918215,rds,dados R serializados,dados brutos,ok,ativo
data/raw/sim/sim_do_rj_2017_03.rds,C:/Users/oorie/OneDrive/Documentos/TRABALHOS/DLNM/05_publicacao_github/data/raw/sim/sim_do_rj_2017_03.rds,TRUE,FALSE,7399265,2026-06-22 08:54:00.918215,rds,dados R serializados,dados brutos,ok,ativo
data/raw/sim/sim_do_rj_2017_04.rds,C:/Users/oorie/OneDrive/Documentos/TRABALHOS/DLNM/05_publicacao_github/data/raw/sim/sim_do_rj_2017_04.rds,TRUE,FALSE,7399265,2026-06-22 08:54:00.918215,rds,dados R serializados,dados brutos,ok,ativo
data/raw/sim/sim_do_rj_2017_05.rds,C:/Users/oorie/OneDrive/Documentos/TRABALHOS/DLNM/05_publicacao_github/data/raw/sim/sim_do_rj_2017_05.rds,TRUE,FALSE,7399265,2026-06-22 08:54:00.918774,rds,dados R serializados,dados brutos,ok,ativo
data/raw/sim/sim_do_rj_2017_06.rds,C:/Users/oorie/OneDrive/Documentos/TRABALHOS/DLNM/05_publicacao_github/data/raw/sim/sim_do_rj_2017_06.rds,TRUE,FALSE,7399265,2026-06-22 08:54:00.918774,rds,dados R serializados,dados brutos,ok,ativo
data/raw/sim/sim_do_rj_2017_07.rds,C:/Users/oorie/OneDrive/Documentos/TRABALHOS/DLNM/05_publicacao_github/data/raw/sim/sim_do_rj_2017_07.rds,TRUE,FALSE,7399265,2026-06-22 08:54:00.918774,rds,dados R serializados,dados brutos,ok,ativo
data/raw/sim/sim_do_rj_2017_08.rds,C:/Users/oorie/OneDrive/Documentos/TRABALHOS/DLNM/05_publicacao_github/data/raw/sim/sim_do_rj_2017_08.rds,TRUE,FALSE,7399265,2026-06-22 08:54:00.918774,rds,dados R serializados,dados brutos,ok,ativo
data/raw/sim/sim_do_rj_2017_09.rds,C:/Users/oorie/OneDrive/Documentos/TRABALHOS/DLNM/05_publicacao_github/data/raw/sim/sim_do_rj_2017_09.rds,TRUE,FALSE,7399265,2026-06-22 08:54:00.918774,rds,dados R serializados,dados brutos,ok,ativo
data/raw/sim/sim_do_rj_2017_10.rds,C:/Users/oorie/OneDrive/Documentos/TRABALHOS/DLNM/05_publicacao_github/data/raw/sim/sim_do_rj_2017_10.rds,TRUE,FALSE,7399265,2026-06-22 08:54:00.919325,rds,dados R serializados,dados brutos,ok,ativo
data/raw/sim/sim_do_rj_2017_11.rds,C:/Users/oorie/OneDrive/Documentos/TRABALHOS/DLNM/05_publicacao_github/data/raw/sim/sim_do_rj_2017_11.rds,TRUE,FALSE,7399265,2026-06-22 08:54:00.919325,rds,dados R serializados,dados brutos,ok,ativo
data/raw/sim/sim_do_rj_2017_12.rds,C:/Users/oorie/OneDrive/Documentos/TRABALHOS/DLNM/05_publicacao_github/data/raw/sim/sim_do_rj_2017_12.rds,TRUE,FALSE,7399265,2026-06-22 08:54:00.919325,rds,dados R serializados,dados brutos,ok,ativo
data/raw/sim/sim_do_rj_2018_01.rds,C:/Users/oorie/OneDrive/Documentos/TRABALHOS/DLNM/05_publicacao_github/data/raw/sim/sim_do_rj_2018_01.rds,TRUE,FALSE,7001674,2026-06-22 08:54:00.919325,rds,dados R serializados,dados brutos,ok,ativo
data/raw/sim/sim_do_rj_2018_02.rds,C:/Users/oorie/OneDrive/Documentos/TRABALHOS/DLNM/05_publicacao_github/data/raw/sim/sim_do_rj_2018_02.rds,TRUE,FALSE,7001674,2026-06-22 08:54:00.919325,rds,dados R serializados,dados brutos,ok,ativo
data/raw/sim/sim_do_rj_2018_03.rds,C:/Users/oorie/OneDrive/Documentos/TRABALHOS/DLNM/05_publicacao_github/data/raw/sim/sim_do_rj_2018_03.rds,TRUE,FALSE,7001674,2026-06-22 08:54:00.919891,rds,dados R serializados,dados brutos,ok,ativo
data/raw/sim/sim_do_rj_2018_04.rds,C:/Users/oorie/OneDrive/Documentos/TRABALHOS/DLNM/05_publicacao_github/data/raw/sim/sim_do_rj_2018_04.rds,TRUE,FALSE,7001674,2026-06-22 08:54:00.919891,rds,dados R serializados,dados brutos,ok,ativo
data/raw/sim/sim_do_rj_2018_05.rds,C:/Users/oorie/OneDrive/Documentos/TRABALHOS/DLNM/05_publicacao_github/data/raw/sim/sim_do_rj_2018_05.rds,TRUE,FALSE,7001674,2026-06-22 08:54:00.919891,rds,dados R serializados,dados brutos,ok,ativo
data/raw/sim/sim_do_rj_2018_06.rds,C:/Users/oorie/OneDrive/Documentos/TRABALHOS/DLNM/05_publicacao_github/data/raw/sim/sim_do_rj_2018_06.rds,TRUE,FALSE,7001674,2026-06-22 08:54:00.919891,rds,dados R serializados,dados brutos,ok,ativo
data/raw/sim/sim_do_rj_2018_07.rds,C:/Users/oorie/OneDrive/Documentos/TRABALHOS/DLNM/05_publicacao_github/data/raw/sim/sim_do_rj_2018_07.rds,TRUE,FALSE,7001674,2026-06-22 08:54:00.920425,rds,dados R serializados,dados brutos,ok,ativo
data/raw/sim/sim_do_rj_2018_08.rds,C:/Users/oorie/OneDrive/Documentos/TRABALHOS/DLNM/05_publicacao_github/data/raw/sim/sim_do_rj_2018_08.rds,TRUE,FALSE,7001674,2026-06-22 08:54:00.920425,rds,dados R serializados,dados brutos,ok,ativo
data/raw/sim/sim_do_rj_2018_09.rds,C:/Users/oorie/OneDrive/Documentos/TRABALHOS/DLNM/05_publicacao_github/data/raw/sim/sim_do_rj_2018_09.rds,TRUE,FALSE,7001674,2026-06-22 08:54:00.921623,rds,dados R serializados,dados brutos,ok,ativo
data/raw/sim/sim_do_rj_2018_10.rds,C:/Users/oorie/OneDrive/Documentos/TRABALHOS/DLNM/05_publicacao_github/data/raw/sim/sim_do_rj_2018_10.rds,TRUE,FALSE,7001674,2026-06-22 08:54:00.922489,rds,dados R serializados,dados brutos,ok,ativo
data/raw/sim/sim_do_rj_2018_11.rds,C:/Users/oorie/OneDrive/Documentos/TRABALHOS/DLNM/05_publicacao_github/data/raw/sim/sim_do_rj_2018_11.rds,TRUE,FALSE,7001674,2026-06-22 08:54:00.922997,rds,dados R serializados,dados brutos,ok,ativo
data/raw/sim/sim_do_rj_2018_12.rds,C:/Users/oorie/OneDrive/Documentos/TRABALHOS/DLNM/05_publicacao_github/data/raw/sim/sim_do_rj_2018_12.rds,TRUE,FALSE,7001674,2026-06-22 08:54:00.923306,rds,dados R serializados,dados brutos,ok,ativo
data/raw/sim/sim_do_rj_2019_01.rds,C:/Users/oorie/OneDrive/Documentos/TRABALHOS/DLNM/05_publicacao_github/data/raw/sim/sim_do_rj_2019_01.rds,TRUE,FALSE,7210869,2026-06-22 08:54:00.923306,rds,dados R serializados,dados brutos,ok,ativo
data/raw/sim/sim_do_rj_2019_02.rds,C:/Users/oorie/OneDrive/Documentos/TRABALHOS/DLNM/05_publicacao_github/data/raw/sim/sim_do_rj_2019_02.rds,TRUE,FALSE,7210869,2026-06-22 08:54:00.923662,rds,dados R serializados,dados brutos,ok,ativo
data/raw/sim/sim_do_rj_2019_03.rds,C:/Users/oorie/OneDrive/Documentos/TRABALHOS/DLNM/05_publicacao_github/data/raw/sim/sim_do_rj_2019_03.rds,TRUE,FALSE,7210869,2026-06-22 08:54:00.923662,rds,dados R serializados,dados brutos,ok,ativo
data/raw/sim/sim_do_rj_2019_04.rds,C:/Users/oorie/OneDrive/Documentos/TRABALHOS/DLNM/05_publicacao_github/data/raw/sim/sim_do_rj_2019_04.rds,TRUE,FALSE,7210869,2026-06-22 08:54:00.924345,rds,dados R serializados,dados brutos,ok,ativo
data/raw/sim/sim_do_rj_2019_05.rds,C:/Users/oorie/OneDrive/Documentos/TRABALHOS/DLNM/05_publicacao_github/data/raw/sim/sim_do_rj_2019_05.rds,TRUE,FALSE,7210869,2026-06-22 08:54:00.926912,rds,dados R serializados,dados brutos,ok,ativo
data/raw/sim/sim_do_rj_2019_06.rds,C:/Users/oorie/OneDrive/Documentos/TRABALHOS/DLNM/05_publicacao_github/data/raw/sim/sim_do_rj_2019_06.rds,TRUE,FALSE,7210869,2026-06-22 08:54:00.927422,rds,dados R serializados,dados brutos,ok,ativo
data/raw/sim/sim_do_rj_2019_07.rds,C:/Users/oorie/OneDrive/Documentos/TRABALHOS/DLNM/05_publicacao_github/data/raw/sim/sim_do_rj_2019_07.rds,TRUE,FALSE,7210869,2026-06-22 08:54:00.927422,rds,dados R serializados,dados brutos,ok,ativo
data/raw/sim/sim_do_rj_2019_08.rds,C:/Users/oorie/OneDrive/Documentos/TRABALHOS/DLNM/05_publicacao_github/data/raw/sim/sim_do_rj_2019_08.rds,TRUE,FALSE,7210869,2026-06-22 08:54:00.928219,rds,dados R serializados,dados brutos,ok,ativo
data/raw/sim/sim_do_rj_2019_09.rds,C:/Users/oorie/OneDrive/Documentos/TRABALHOS/DLNM/05_publicacao_github/data/raw/sim/sim_do_rj_2019_09.rds,TRUE,FALSE,7210869,2026-06-22 08:54:00.92889,rds,dados R serializados,dados brutos,ok,ativo
data/raw/sim/sim_do_rj_2019_10.rds,C:/Users/oorie/OneDrive/Documentos/TRABALHOS/DLNM/05_publicacao_github/data/raw/sim/sim_do_rj_2019_10.rds,TRUE,FALSE,7210869,2026-06-22 08:54:00.929399,rds,dados R serializados,dados brutos,ok,ativo
data/raw/sim/sim_do_rj_2019_11.rds,C:/Users/oorie/OneDrive/Documentos/TRABALHOS/DLNM/05_publicacao_github/data/raw/sim/sim_do_rj_2019_11.rds,TRUE,FALSE,7210869,2026-06-22 08:54:00.929399,rds,dados R serializados,dados brutos,ok,ativo
data/raw/sim/sim_do_rj_2019_12.rds,C:/Users/oorie/OneDrive/Documentos/TRABALHOS/DLNM/05_publicacao_github/data/raw/sim/sim_do_rj_2019_12.rds,TRUE,FALSE,7210869,2026-06-22 08:54:00.929934,rds,dados R serializados,dados brutos,ok,ativo
data/raw/sim/sim_do_rj_2020_01.rds,C:/Users/oorie/OneDrive/Documentos/TRABALHOS/DLNM/05_publicacao_github/data/raw/sim/sim_do_rj_2020_01.rds,TRUE,FALSE,8609224,2026-06-22 08:54:00.929934,rds,dados R serializados,dados brutos,ok,ativo
data/raw/sim/sim_do_rj_2020_02.rds,C:/Users/oorie/OneDrive/Documentos/TRABALHOS/DLNM/05_publicacao_github/data/raw/sim/sim_do_rj_2020_02.rds,TRUE,FALSE,8609224,2026-06-22 08:54:00.929934,rds,dados R serializados,dados brutos,ok,ativo
data/raw/sim/sim_do_rj_2020_03.rds,C:/Users/oorie/OneDrive/Documentos/TRABALHOS/DLNM/05_publicacao_github/data/raw/sim/sim_do_rj_2020_03.rds,TRUE,FALSE,8609224,2026-06-22 08:54:00.929934,rds,dados R serializados,dados brutos,ok,ativo
data/raw/sim/sim_do_rj_2020_04.rds,C:/Users/oorie/OneDrive/Documentos/TRABALHOS/DLNM/05_publicacao_github/data/raw/sim/sim_do_rj_2020_04.rds,TRUE,FALSE,8609224,2026-06-22 08:54:00.93047,rds,dados R serializados,dados brutos,ok,ativo
data/raw/sim/sim_do_rj_2020_05.rds,C:/Users/oorie/OneDrive/Documentos/TRABALHOS/DLNM/05_publicacao_github/data/raw/sim/sim_do_rj_2020_05.rds,TRUE,FALSE,8609224,2026-06-22 08:54:00.93047,rds,dados R serializados,dados brutos,ok,ativo
data/raw/sim/sim_do_rj_2020_06.rds,C:/Users/oorie/OneDrive/Documentos/TRABALHOS/DLNM/05_publicacao_github/data/raw/sim/sim_do_rj_2020_06.rds,TRUE,FALSE,8609224,2026-06-22 08:54:00.93047,rds,dados R serializados,dados brutos,ok,ativo
data/raw/sim/sim_do_rj_2020_07.rds,C:/Users/oorie/OneDrive/Documentos/TRABALHOS/DLNM/05_publicacao_github/data/raw/sim/sim_do_rj_2020_07.rds,TRUE,FALSE,8609224,2026-06-22 08:54:00.93047,rds,dados R serializados,dados brutos,ok,ativo
data/raw/sim/sim_do_rj_2020_08.rds,C:/Users/oorie/OneDrive/Documentos/TRABALHOS/DLNM/05_publicacao_github/data/raw/sim/sim_do_rj_2020_08.rds,TRUE,FALSE,8609224,2026-06-22 08:54:00.93047,rds,dados R serializados,dados brutos,ok,ativo
data/raw/sim/sim_do_rj_2020_09.rds,C:/Users/oorie/OneDrive/Documentos/TRABALHOS/DLNM/05_publicacao_github/data/raw/sim/sim_do_rj_2020_09.rds,TRUE,FALSE,8609224,2026-06-22 08:54:00.931005,rds,dados R serializados,dados brutos,ok,ativo
data/raw/sim/sim_do_rj_2020_10.rds,C:/Users/oorie/OneDrive/Documentos/TRABALHOS/DLNM/05_publicacao_github/data/raw/sim/sim_do_rj_2020_10.rds,TRUE,FALSE,8609224,2026-06-22 08:54:00.931005,rds,dados R serializados,dados brutos,ok,ativo
data/raw/sim/sim_do_rj_2020_11.rds,C:/Users/oorie/OneDrive/Documentos/TRABALHOS/DLNM/05_publicacao_github/data/raw/sim/sim_do_rj_2020_11.rds,TRUE,FALSE,8609224,2026-06-22 08:54:00.931005,rds,dados R serializados,dados brutos,ok,ativo
data/raw/sim/sim_do_rj_2020_12.rds,C:/Users/oorie/OneDrive/Documentos/TRABALHOS/DLNM/05_publicacao_github/data/raw/sim/sim_do_rj_2020_12.rds,TRUE,FALSE,8609224,2026-06-22 08:54:00.931005,rds,dados R serializados,dados brutos,ok,ativo
data/raw/sim/sim_do_rj_2021_01.rds,C:/Users/oorie/OneDrive/Documentos/TRABALHOS/DLNM/05_publicacao_github/data/raw/sim/sim_do_rj_2021_01.rds,TRUE,FALSE,9414315,2026-06-22 08:54:00.931005,rds,dados R serializados,dados brutos,ok,ativo
data/raw/sim/sim_do_rj_2021_02.rds,C:/Users/oorie/OneDrive/Documentos/TRABALHOS/DLNM/05_publicacao_github/data/raw/sim/sim_do_rj_2021_02.rds,TRUE,FALSE,9414315,2026-06-22 08:54:00.93154,rds,dados R serializados,dados brutos,ok,ativo
data/raw/sim/sim_do_rj_2021_03.rds,C:/Users/oorie/OneDrive/Documentos/TRABALHOS/DLNM/05_publicacao_github/data/raw/sim/sim_do_rj_2021_03.rds,TRUE,FALSE,9414315,2026-06-22 08:54:00.93154,rds,dados R serializados,dados brutos,ok,ativo
data/raw/sim/sim_do_rj_2021_04.rds,C:/Users/oorie/OneDrive/Documentos/TRABALHOS/DLNM/05_publicacao_github/data/raw/sim/sim_do_rj_2021_04.rds,TRUE,FALSE,9414315,2026-06-22 08:54:00.93154,rds,dados R serializados,dados brutos,ok,ativo
data/raw/sim/sim_do_rj_2021_05.rds,C:/Users/oorie/OneDrive/Documentos/TRABALHOS/DLNM/05_publicacao_github/data/raw/sim/sim_do_rj_2021_05.rds,TRUE,FALSE,9414315,2026-06-22 08:54:00.93154,rds,dados R serializados,dados brutos,ok,ativo
data/raw/sim/sim_do_rj_2021_06.rds,C:/Users/oorie/OneDrive/Documentos/TRABALHOS/DLNM/05_publicacao_github/data/raw/sim/sim_do_rj_2021_06.rds,TRUE,FALSE,9414315,2026-06-22 08:54:00.93154,rds,dados R serializados,dados brutos,ok,ativo
data/raw/sim/sim_do_rj_2021_07.rds,C:/Users/oorie/OneDrive/Documentos/TRABALHOS/DLNM/05_publicacao_github/data/raw/sim/sim_do_rj_2021_07.rds,TRUE,FALSE,9414315,2026-06-22 08:54:00.93154,rds,dados R serializados,dados brutos,ok,ativo
data/raw/sim/sim_do_rj_2021_08.rds,C:/Users/oorie/OneDrive/Documentos/TRABALHOS/DLNM/05_publicacao_github/data/raw/sim/sim_do_rj_2021_08.rds,TRUE,FALSE,9414315,2026-06-22 08:54:00.93207,rds,dados R serializados,dados brutos,ok,ativo
data/raw/sim/sim_do_rj_2021_09.rds,C:/Users/oorie/OneDrive/Documentos/TRABALHOS/DLNM/05_publicacao_github/data/raw/sim/sim_do_rj_2021_09.rds,TRUE,FALSE,9414315,2026-06-22 08:54:00.93207,rds,dados R serializados,dados brutos,ok,ativo
data/raw/sim/sim_do_rj_2021_10.rds,C:/Users/oorie/OneDrive/Documentos/TRABALHOS/DLNM/05_publicacao_github/data/raw/sim/sim_do_rj_2021_10.rds,TRUE,FALSE,9414315,2026-06-22 08:54:00.93207,rds,dados R serializados,dados brutos,ok,ativo
data/raw/sim/sim_do_rj_2021_11.rds,C:/Users/oorie/OneDrive/Documentos/TRABALHOS/DLNM/05_publicacao_github/data/raw/sim/sim_do_rj_2021_11.rds,TRUE,FALSE,9414315,2026-06-22 08:54:00.93207,rds,dados R serializados,dados brutos,ok,ativo
data/raw/sim/sim_do_rj_2021_12.rds,C:/Users/oorie/OneDrive/Documentos/TRABALHOS/DLNM/05_publicacao_github/data/raw/sim/sim_do_rj_2021_12.rds,TRUE,FALSE,9414315,2026-06-22 08:54:00.932598,rds,dados R serializados,dados brutos,ok,ativo
data/raw/sim/sim_do_rj_2022_01.rds,C:/Users/oorie/OneDrive/Documentos/TRABALHOS/DLNM/05_publicacao_github/data/raw/sim/sim_do_rj_2022_01.rds,TRUE,FALSE,7502703,2026-06-22 08:54:00.932598,rds,dados R serializados,dados brutos,ok,ativo
data/raw/sim/sim_do_rj_2022_02.rds,C:/Users/oorie/OneDrive/Documentos/TRABALHOS/DLNM/05_publicacao_github/data/raw/sim/sim_do_rj_2022_02.rds,TRUE,FALSE,7502703,2026-06-22 08:54:00.932598,rds,dados R serializados,dados brutos,ok,ativo
data/raw/sim/sim_do_rj_2022_03.rds,C:/Users/oorie/OneDrive/Documentos/TRABALHOS/DLNM/05_publicacao_github/data/raw/sim/sim_do_rj_2022_03.rds,TRUE,FALSE,7502703,2026-06-22 08:54:00.932598,rds,dados R serializados,dados brutos,ok,ativo
data/raw/sim/sim_do_rj_2022_04.rds,C:/Users/oorie/OneDrive/Documentos/TRABALHOS/DLNM/05_publicacao_github/data/raw/sim/sim_do_rj_2022_04.rds,TRUE,FALSE,7502703,2026-06-22 08:54:00.932598,rds,dados R serializados,dados brutos,ok,ativo
data/raw/sim/sim_do_rj_2022_05.rds,C:/Users/oorie/OneDrive/Documentos/TRABALHOS/DLNM/05_publicacao_github/data/raw/sim/sim_do_rj_2022_05.rds,TRUE,FALSE,7502703,2026-06-22 08:54:00.932598,rds,dados R serializados,dados brutos,ok,ativo
data/raw/sim/sim_do_rj_2022_06.rds,C:/Users/oorie/OneDrive/Documentos/TRABALHOS/DLNM/05_publicacao_github/data/raw/sim/sim_do_rj_2022_06.rds,TRUE,FALSE,7502703,2026-06-22 08:54:00.933126,rds,dados R serializados,dados brutos,ok,ativo
data/raw/sim/sim_do_rj_2022_07.rds,C:/Users/oorie/OneDrive/Documentos/TRABALHOS/DLNM/05_publicacao_github/data/raw/sim/sim_do_rj_2022_07.rds,TRUE,FALSE,7502703,2026-06-22 08:54:00.933126,rds,dados R serializados,dados brutos,ok,ativo
data/raw/sim/sim_do_rj_2022_08.rds,C:/Users/oorie/OneDrive/Documentos/TRABALHOS/DLNM/05_publicacao_github/data/raw/sim/sim_do_rj_2022_08.rds,TRUE,FALSE,7502703,2026-06-22 08:54:00.933126,rds,dados R serializados,dados brutos,ok,ativo
data/raw/sim/sim_do_rj_2022_09.rds,C:/Users/oorie/OneDrive/Documentos/TRABALHOS/DLNM/05_publicacao_github/data/raw/sim/sim_do_rj_2022_09.rds,TRUE,FALSE,7502703,2026-06-22 08:54:00.933126,rds,dados R serializados,dados brutos,ok,ativo
data/raw/sim/sim_do_rj_2022_10.rds,C:/Users/oorie/OneDrive/Documentos/TRABALHOS/DLNM/05_publicacao_github/data/raw/sim/sim_do_rj_2022_10.rds,TRUE,FALSE,7502703,2026-06-22 08:54:00.933126,rds,dados R serializados,dados brutos,ok,ativo
data/raw/sim/sim_do_rj_2022_11.rds,C:/Users/oorie/OneDrive/Documentos/TRABALHOS/DLNM/05_publicacao_github/data/raw/sim/sim_do_rj_2022_11.rds,TRUE,FALSE,7502703,2026-06-22 08:54:00.933655,rds,dados R serializados,dados brutos,ok,ativo
data/raw/sim/sim_do_rj_2022_12.rds,C:/Users/oorie/OneDrive/Documentos/TRABALHOS/DLNM/05_publicacao_github/data/raw/sim/sim_do_rj_2022_12.rds,TRUE,FALSE,7502703,2026-06-22 08:54:00.933655,rds,dados R serializados,dados brutos,ok,ativo
data/raw/sim/sim_do_rj_2023_01.rds,C:/Users/oorie/OneDrive/Documentos/TRABALHOS/DLNM/05_publicacao_github/data/raw/sim/sim_do_rj_2023_01.rds,TRUE,FALSE,7129901,2026-06-22 08:54:00.933655,rds,dados R serializados,dados brutos,ok,ativo
data/raw/sim/sim_do_rj_2023_02.rds,C:/Users/oorie/OneDrive/Documentos/TRABALHOS/DLNM/05_publicacao_github/data/raw/sim/sim_do_rj_2023_02.rds,TRUE,FALSE,7129901,2026-06-22 08:54:00.933655,rds,dados R serializados,dados brutos,ok,ativo
data/raw/sim/sim_do_rj_2023_03.rds,C:/Users/oorie/OneDrive/Documentos/TRABALHOS/DLNM/05_publicacao_github/data/raw/sim/sim_do_rj_2023_03.rds,TRUE,FALSE,7129901,2026-06-22 08:54:00.934183,rds,dados R serializados,dados brutos,ok,ativo
data/raw/sim/sim_do_rj_2023_04.rds,C:/Users/oorie/OneDrive/Documentos/TRABALHOS/DLNM/05_publicacao_github/data/raw/sim/sim_do_rj_2023_04.rds,TRUE,FALSE,7129901,2026-06-22 08:54:00.934183,rds,dados R serializados,dados brutos,ok,ativo
data/raw/sim/sim_do_rj_2023_05.rds,C:/Users/oorie/OneDrive/Documentos/TRABALHOS/DLNM/05_publicacao_github/data/raw/sim/sim_do_rj_2023_05.rds,TRUE,FALSE,7129901,2026-06-22 08:54:00.934183,rds,dados R serializados,dados brutos,ok,ativo
data/raw/sim/sim_do_rj_2023_06.rds,C:/Users/oorie/OneDrive/Documentos/TRABALHOS/DLNM/05_publicacao_github/data/raw/sim/sim_do_rj_2023_06.rds,TRUE,FALSE,7129901,2026-06-22 08:54:00.934183,rds,dados R serializados,dados brutos,ok,ativo
data/raw/sim/sim_do_rj_2023_07.rds,C:/Users/oorie/OneDrive/Documentos/TRABALHOS/DLNM/05_publicacao_github/data/raw/sim/sim_do_rj_2023_07.rds,TRUE,FALSE,7129901,2026-06-22 08:54:00.934183,rds,dados R serializados,dados brutos,ok,ativo
data/raw/sim/sim_do_rj_2023_08.rds,C:/Users/oorie/OneDrive/Documentos/TRABALHOS/DLNM/05_publicacao_github/data/raw/sim/sim_do_rj_2023_08.rds,TRUE,FALSE,7129901,2026-06-22 08:54:00.934713,rds,dados R serializados,dados brutos,ok,ativo
data/raw/sim/sim_do_rj_2023_09.rds,C:/Users/oorie/OneDrive/Documentos/TRABALHOS/DLNM/05_publicacao_github/data/raw/sim/sim_do_rj_2023_09.rds,TRUE,FALSE,7129901,2026-06-22 08:54:00.934713,rds,dados R serializados,dados brutos,ok,ativo
data/raw/sim/sim_do_rj_2023_10.rds,C:/Users/oorie/OneDrive/Documentos/TRABALHOS/DLNM/05_publicacao_github/data/raw/sim/sim_do_rj_2023_10.rds,TRUE,FALSE,7129901,2026-06-22 08:54:00.934713,rds,dados R serializados,dados brutos,ok,ativo
data/raw/sim/sim_do_rj_2023_11.rds,C:/Users/oorie/OneDrive/Documentos/TRABALHOS/DLNM/05_publicacao_github/data/raw/sim/sim_do_rj_2023_11.rds,TRUE,FALSE,7129901,2026-06-22 08:54:00.934713,rds,dados R serializados,dados brutos,ok,ativo
data/raw/sim/sim_do_rj_2023_12.rds,C:/Users/oorie/OneDrive/Documentos/TRABALHOS/DLNM/05_publicacao_github/data/raw/sim/sim_do_rj_2023_12.rds,TRUE,FALSE,7129901,2026-06-22 08:54:00.935255,rds,dados R serializados,dados brutos,ok,ativo
data/raw/sim/sim_do_rj_2024_01.rds,C:/Users/oorie/OneDrive/Documentos/TRABALHOS/DLNM/05_publicacao_github/data/raw/sim/sim_do_rj_2024_01.rds,TRUE,FALSE,7375033,2026-06-22 08:54:00.935255,rds,dados R serializados,dados brutos,ok,ativo
data/raw/sim/sim_do_rj_2024_02.rds,C:/Users/oorie/OneDrive/Documentos/TRABALHOS/DLNM/05_publicacao_github/data/raw/sim/sim_do_rj_2024_02.rds,TRUE,FALSE,7375033,2026-06-22 08:54:00.935255,rds,dados R serializados,dados brutos,ok,ativo
data/raw/sim/sim_do_rj_2024_03.rds,C:/Users/oorie/OneDrive/Documentos/TRABALHOS/DLNM/05_publicacao_github/data/raw/sim/sim_do_rj_2024_03.rds,TRUE,FALSE,7375033,2026-06-22 08:54:00.935255,rds,dados R serializados,dados brutos,ok,ativo
data/raw/sim/sim_do_rj_2024_04.rds,C:/Users/oorie/OneDrive/Documentos/TRABALHOS/DLNM/05_publicacao_github/data/raw/sim/sim_do_rj_2024_04.rds,TRUE,FALSE,7375033,2026-06-22 08:54:00.935812,rds,dados R serializados,dados brutos,ok,ativo
data/raw/sim/sim_do_rj_2024_05.rds,C:/Users/oorie/OneDrive/Documentos/TRABALHOS/DLNM/05_publicacao_github/data/raw/sim/sim_do_rj_2024_05.rds,TRUE,FALSE,7375033,2026-06-22 08:54:00.935812,rds,dados R serializados,dados brutos,ok,ativo
data/raw/sim/sim_do_rj_2024_06.rds,C:/Users/oorie/OneDrive/Documentos/TRABALHOS/DLNM/05_publicacao_github/data/raw/sim/sim_do_rj_2024_06.rds,TRUE,FALSE,7375033,2026-06-22 08:54:00.935812,rds,dados R serializados,dados brutos,ok,ativo
data/raw/sim/sim_do_rj_2024_07.rds,C:/Users/oorie/OneDrive/Documentos/TRABALHOS/DLNM/05_publicacao_github/data/raw/sim/sim_do_rj_2024_07.rds,TRUE,FALSE,7375033,2026-06-22 08:54:00.935812,rds,dados R serializados,dados brutos,ok,ativo
data/raw/sim/sim_do_rj_2024_08.rds,C:/Users/oorie/OneDrive/Documentos/TRABALHOS/DLNM/05_publicacao_github/data/raw/sim/sim_do_rj_2024_08.rds,TRUE,FALSE,7375033,2026-06-22 08:54:00.935812,rds,dados R serializados,dados brutos,ok,ativo
data/raw/sim/sim_do_rj_2024_09.rds,C:/Users/oorie/OneDrive/Documentos/TRABALHOS/DLNM/05_publicacao_github/data/raw/sim/sim_do_rj_2024_09.rds,TRUE,FALSE,7375033,2026-06-22 08:54:00.936348,rds,dados R serializados,dados brutos,ok,ativo
data/raw/sim/sim_do_rj_2024_10.rds,C:/Users/oorie/OneDrive/Documentos/TRABALHOS/DLNM/05_publicacao_github/data/raw/sim/sim_do_rj_2024_10.rds,TRUE,FALSE,7375033,2026-06-22 08:54:00.936348,rds,dados R serializados,dados brutos,ok,ativo
data/raw/sim/sim_do_rj_2024_11.rds,C:/Users/oorie/OneDrive/Documentos/TRABALHOS/DLNM/05_publicacao_github/data/raw/sim/sim_do_rj_2024_11.rds,TRUE,FALSE,7375033,2026-06-22 08:54:00.936348,rds,dados R serializados,dados brutos,ok,ativo
data/raw/sim/sim_do_rj_2024_12.rds,C:/Users/oorie/OneDrive/Documentos/TRABALHOS/DLNM/05_publicacao_github/data/raw/sim/sim_do_rj_2024_12.rds,TRUE,FALSE,7375033,2026-06-22 08:54:00.936348,rds,dados R serializados,dados brutos,ok,ativo
data/raw/sim/sim_do_rj_year_2010.rds,C:/Users/oorie/OneDrive/Documentos/TRABALHOS/DLNM/05_publicacao_github/data/raw/sim/sim_do_rj_year_2010.rds,TRUE,FALSE,5059533,2026-06-22 08:54:00.936348,rds,dados R serializados,dados brutos,ok,ativo
data/raw/sim/sim_do_rj_year_2011.rds,C:/Users/oorie/OneDrive/Documentos/TRABALHOS/DLNM/05_publicacao_github/data/raw/sim/sim_do_rj_year_2011.rds,TRUE,FALSE,4752217,2026-06-22 08:54:00.936937,rds,dados R serializados,dados brutos,ok,ativo
data/raw/sim/sim_do_rj_year_2012.rds,C:/Users/oorie/OneDrive/Documentos/TRABALHOS/DLNM/05_publicacao_github/data/raw/sim/sim_do_rj_year_2012.rds,TRUE,FALSE,4919446,2026-06-22 08:54:00.936937,rds,dados R serializados,dados brutos,ok,ativo
data/raw/sim/sim_do_rj_year_2013.rds,C:/Users/oorie/OneDrive/Documentos/TRABALHOS/DLNM/05_publicacao_github/data/raw/sim/sim_do_rj_year_2013.rds,TRUE,FALSE,5499937,2026-06-22 08:54:00.936937,rds,dados R serializados,dados brutos,ok,ativo
data/raw/sim/sim_do_rj_year_2014.rds,C:/Users/oorie/OneDrive/Documentos/TRABALHOS/DLNM/05_publicacao_github/data/raw/sim/sim_do_rj_year_2014.rds,TRUE,FALSE,7048421,2026-06-22 08:54:00.936937,rds,dados R serializados,dados brutos,ok,ativo
data/raw/sim/sim_do_rj_year_2015.rds,C:/Users/oorie/OneDrive/Documentos/TRABALHOS/DLNM/05_publicacao_github/data/raw/sim/sim_do_rj_year_2015.rds,TRUE,FALSE,6653452,2026-06-22 08:54:00.936937,rds,dados R serializados,dados brutos,ok,ativo
data/raw/sim/sim_do_rj_year_2016.rds,C:/Users/oorie/OneDrive/Documentos/TRABALHOS/DLNM/05_publicacao_github/data/raw/sim/sim_do_rj_year_2016.rds,TRUE,FALSE,7392226,2026-06-22 08:54:00.937506,rds,dados R serializados,dados brutos,ok,ativo
data/raw/sim/sim_do_rj_year_2017.rds,C:/Users/oorie/OneDrive/Documentos/TRABALHOS/DLNM/05_publicacao_github/data/raw/sim/sim_do_rj_year_2017.rds,TRUE,FALSE,7399265,2026-06-22 08:54:00.937506,rds,dados R serializados,dados brutos,ok,ativo
data/raw/sim/sim_do_rj_year_2018.rds,C:/Users/oorie/OneDrive/Documentos/TRABALHOS/DLNM/05_publicacao_github/data/raw/sim/sim_do_rj_year_2018.rds,TRUE,FALSE,7001674,2026-06-22 08:54:00.937506,rds,dados R serializados,dados brutos,ok,ativo
data/raw/sim/sim_do_rj_year_2019.rds,C:/Users/oorie/OneDrive/Documentos/TRABALHOS/DLNM/05_publicacao_github/data/raw/sim/sim_do_rj_year_2019.rds,TRUE,FALSE,7210869,2026-06-22 08:54:00.937506,rds,dados R serializados,dados brutos,ok,ativo
data/raw/sim/sim_do_rj_year_2020.rds,C:/Users/oorie/OneDrive/Documentos/TRABALHOS/DLNM/05_publicacao_github/data/raw/sim/sim_do_rj_year_2020.rds,TRUE,FALSE,8609224,2026-06-22 08:54:00.938051,rds,dados R serializados,dados brutos,ok,ativo
data/raw/sim/sim_do_rj_year_2021.rds,C:/Users/oorie/OneDrive/Documentos/TRABALHOS/DLNM/05_publicacao_github/data/raw/sim/sim_do_rj_year_2021.rds,TRUE,FALSE,9414315,2026-06-22 08:54:00.938051,rds,dados R serializados,dados brutos,ok,ativo
data/raw/sim/sim_do_rj_year_2022.rds,C:/Users/oorie/OneDrive/Documentos/TRABALHOS/DLNM/05_publicacao_github/data/raw/sim/sim_do_rj_year_2022.rds,TRUE,FALSE,7502703,2026-06-22 08:54:00.938051,rds,dados R serializados,dados brutos,ok,ativo
data/raw/sim/sim_do_rj_year_2023.rds,C:/Users/oorie/OneDrive/Documentos/TRABALHOS/DLNM/05_publicacao_github/data/raw/sim/sim_do_rj_year_2023.rds,TRUE,FALSE,7129901,2026-06-22 08:54:00.938051,rds,dados R serializados,dados brutos,ok,ativo
data/raw/sim/sim_do_rj_year_2024.rds,C:/Users/oorie/OneDrive/Documentos/TRABALHOS/DLNM/05_publicacao_github/data/raw/sim/sim_do_rj_year_2024.rds,TRUE,FALSE,7375033,2026-06-22 08:54:00.938589,rds,dados R serializados,dados brutos,ok,ativo
data/README.md,C:/Users/oorie/OneDrive/Documentos/TRABALHOS/DLNM/05_publicacao_github/data/README.md,TRUE,FALSE,1551,2026-06-22 08:43:42.555767,md,documentação/log,outro,ok,ativo
debug_cb2.R,C:/Users/oorie/OneDrive/Documentos/TRABALHOS/DLNM/05_publicacao_github/debug_cb2.R,TRUE,FALSE,2336,2026-07-14 11:03:32.871983,r,script R,script de análise,arquivo de teste/depuração,depuração
debug_cb3.R,C:/Users/oorie/OneDrive/Documentos/TRABALHOS/DLNM/05_publicacao_github/debug_cb3.R,TRUE,FALSE,1021,2026-07-14 11:04:01.042076,r,script R,script de análise,arquivo de teste/depuração,depuração
debug_cb4.R,C:/Users/oorie/OneDrive/Documentos/TRABALHOS/DLNM/05_publicacao_github/debug_cb4.R,TRUE,FALSE,1622,2026-07-14 11:04:27.57122,r,script R,script de análise,arquivo de teste/depuração,depuração
debug_cb5.R,C:/Users/oorie/OneDrive/Documentos/TRABALHOS/DLNM/05_publicacao_github/debug_cb5.R,TRUE,FALSE,2407,2026-07-14 11:04:54.074627,r,script R,script de análise,arquivo de teste/depuração,depuração
debug_final.R,C:/Users/oorie/OneDrive/Documentos/TRABALHOS/DLNM/05_publicacao_github/debug_final.R,TRUE,FALSE,2551,2026-07-14 11:05:20.150583,r,script R,script de análise,arquivo de teste/depuração,depuração
debug_metro.R,C:/Users/oorie/OneDrive/Documentos/TRABALHOS/DLNM/05_publicacao_github/debug_metro.R,TRUE,FALSE,1543,2026-07-14 10:51:37.332972,r,script R,script de análise,arquivo de teste/depuração,depuração
debug_metro2.R,C:/Users/oorie/OneDrive/Documentos/TRABALHOS/DLNM/05_publicacao_github/debug_metro2.R,TRUE,FALSE,2051,2026-07-14 10:52:01.899107,r,script R,script de análise,arquivo de teste/depuração,depuração
docker/docker-compose.yml,C:/Users/oorie/OneDrive/Documentos/TRABALHOS/DLNM/05_publicacao_github/docker/docker-compose.yml,TRUE,FALSE,2310,2026-06-21 17:18:29.363298,yml,configuração,containerização,ok,ativo
docker/Dockerfile,C:/Users/oorie/OneDrive/Documentos/TRABALHOS/DLNM/05_publicacao_github/docker/Dockerfile,TRUE,FALSE,1873,2026-06-22 08:45:00.637468,,outro,containerização,ok,ativo
docs/AI_DECLARATION.md,C:/Users/oorie/OneDrive/Documentos/TRABALHOS/DLNM/05_publicacao_github/docs/AI_DECLARATION.md,TRUE,FALSE,13305,2026-06-21 17:18:29.363428,md,documentação/log,documentação,ok,ativo
docs/data_sources/station_coverage.md,C:/Users/oorie/OneDrive/Documentos/TRABALHOS/DLNM/05_publicacao_github/docs/data_sources/station_coverage.md,TRUE,FALSE,13608,2026-06-21 17:18:29.363688,md,documentação/log,documentação,ok,ativo
docs/formulas/.gitkeep,C:/Users/oorie/OneDrive/Documentos/TRABALHOS/DLNM/05_publicacao_github/docs/formulas/.gitkeep,TRUE,FALSE,0,2026-06-21 17:18:29.363823,,outro,documentação,ok,ativo
docs/formulas/model_formulas.md,C:/Users/oorie/OneDrive/Documentos/TRABALHOS/DLNM/05_publicacao_github/docs/formulas/model_formulas.md,TRUE,FALSE,4715,2026-06-21 17:18:29.363943,md,documentação/log,documentação,ok,ativo
docs/methodology/.gitkeep,C:/Users/oorie/OneDrive/Documentos/TRABALHOS/DLNM/05_publicacao_github/docs/methodology/.gitkeep,TRUE,FALSE,0,2026-06-21 17:18:29.364067,,outro,documentação,ok,ativo
docs/methodology/analysis_overview.md,C:/Users/oorie/OneDrive/Documentos/TRABALHOS/DLNM/05_publicacao_github/docs/methodology/analysis_overview.md,TRUE,FALSE,615,2026-06-21 17:18:29.364191,md,documentação/log,documentação,ok,ativo
docs/methodology/pm25_granularity_note.md,C:/Users/oorie/OneDrive/Documentos/TRABALHOS/DLNM/05_publicacao_github/docs/methodology/pm25_granularity_note.md,TRUE,FALSE,2725,2026-06-21 17:18:29.364311,md,documentação/log,documentação,ok,ativo
docs/methodology/scientific_audit_response.md,C:/Users/oorie/OneDrive/Documentos/TRABALHOS/DLNM/05_publicacao_github/docs/methodology/scientific_audit_response.md,TRUE,FALSE,7500,2026-07-14 09:29:43.047087,md,documentação/log,documentação,ok,ativo
docs/STROBE_CHECKLIST.md,C:/Users/oorie/OneDrive/Documentos/TRABALHOS/DLNM/05_publicacao_github/docs/STROBE_CHECKLIST.md,TRUE,FALSE,4337,2026-06-21 17:18:29.363558,md,documentação/log,documentação,ok,ativo
docs/workflow/.gitkeep,C:/Users/oorie/OneDrive/Documentos/TRABALHOS/DLNM/05_publicacao_github/docs/workflow/.gitkeep,TRUE,FALSE,0,2026-06-21 17:18:29.364555,,outro,documentação,ok,ativo
docs/workflow/workflow.mmd,C:/Users/oorie/OneDrive/Documentos/TRABALHOS/DLNM/05_publicacao_github/docs/workflow/workflow.mmd,TRUE,FALSE,664,2026-06-21 17:18:29.364677,mmd,outro,documentação,ok,ativo
docs/workflow/workflow.png,C:/Users/oorie/OneDrive/Documentos/TRABALHOS/DLNM/05_publicacao_github/docs/workflow/workflow.png,TRUE,FALSE,23347,2026-06-21 17:18:29.364796,png,figura/imagem,documentação,ok,ativo
docs/workflow/workflow_notes.md,C:/Users/oorie/OneDrive/Documentos/TRABALHOS/DLNM/05_publicacao_github/docs/workflow/workflow_notes.md,TRUE,FALSE,542,2026-06-21 17:18:29.364923,md,documentação/log,documentação,ok,ativo
generate_final_deliverables.R,C:/Users/oorie/OneDrive/Documentos/TRABALHOS/DLNM/05_publicacao_github/generate_final_deliverables.R,TRUE,FALSE,17535,2026-07-14 11:19:29.214476,r,script R,script de análise,ok,ativo
generate_reports.R,C:/Users/oorie/OneDrive/Documentos/TRABALHOS/DLNM/05_publicacao_github/generate_reports.R,TRUE,FALSE,9459,2026-07-14 11:18:05.394926,r,script R,script de análise,ok,ativo
GITHUB_RELEASE_MANIFEST.csv,C:/Users/oorie/OneDrive/Documentos/TRABALHOS/DLNM/05_publicacao_github/GITHUB_RELEASE_MANIFEST.csv,TRUE,FALSE,3260,2026-07-14 09:28:58.009491,csv,dados tabulares,outro,ok,ativo
LICENSE,C:/Users/oorie/OneDrive/Documentos/TRABALHOS/DLNM/05_publicacao_github/LICENSE,TRUE,FALSE,1069,2026-06-21 17:18:29.277607,,outro,outro,ok,ativo
logs/pipeline.log,C:/Users/oorie/OneDrive/Documentos/TRABALHOS/DLNM/05_publicacao_github/logs/pipeline.log,TRUE,FALSE,0,2026-06-21 14:48:49.797279,log,documentação/log,log de execução,ok,ativo
logs/pipeline_corrigido.log,C:/Users/oorie/OneDrive/Documentos/TRABALHOS/DLNM/05_publicacao_github/logs/pipeline_corrigido.log,TRUE,FALSE,63275,2026-07-14 11:16:42.739124,log,documentação/log,log de execução,ok,ativo
logs/pipeline_final.log,C:/Users/oorie/OneDrive/Documentos/TRABALHOS/DLNM/05_publicacao_github/logs/pipeline_final.log,TRUE,FALSE,2356,2026-06-21 15:02:54.268673,log,documentação/log,log de execução,ok,ativo
logs/pipeline_final_err.log,C:/Users/oorie/OneDrive/Documentos/TRABALHOS/DLNM/05_publicacao_github/logs/pipeline_final_err.log,TRUE,FALSE,959,2026-06-21 15:02:56.326036,log,documentação/log,log de execução,ok,ativo
logs/pipeline_integrado.log,C:/Users/oorie/OneDrive/Documentos/TRABALHOS/DLNM/05_publicacao_github/logs/pipeline_integrado.log,TRUE,FALSE,231056,2026-06-22 08:49:18.357819,log,documentação/log,log de execução,ok,ativo
logs/pipeline_pm25_run.log,C:/Users/oorie/OneDrive/Documentos/TRABALHOS/DLNM/05_publicacao_github/logs/pipeline_pm25_run.log,TRUE,FALSE,1192,2026-06-21 14:37:39.163143,log,documentação/log,log de execução,ok,ativo
logs/pipeline_run_pm25.log,C:/Users/oorie/OneDrive/Documentos/TRABALHOS/DLNM/05_publicacao_github/logs/pipeline_run_pm25.log,TRUE,FALSE,91637,2026-06-21 14:23:55.486164,log,documentação/log,log de execução,ok,ativo
Makefile,C:/Users/oorie/OneDrive/Documentos/TRABALHOS/DLNM/05_publicacao_github/Makefile,TRUE,FALSE,8132,2026-06-22 08:55:57.835115,,build,outro,ok,ativo
metadata/data_dictionary.csv,C:/Users/oorie/OneDrive/Documentos/TRABALHOS/DLNM/05_publicacao_github/metadata/data_dictionary.csv,TRUE,FALSE,2321,2026-06-21 17:18:29.36795,csv,dados tabulares,metadados,ok,ativo
metadata/data_lineage.csv,C:/Users/oorie/OneDrive/Documentos/TRABALHOS/DLNM/05_publicacao_github/metadata/data_lineage.csv,TRUE,FALSE,3517,2026-06-21 17:18:29.368071,csv,dados tabulares,metadados,ok,ativo
nul,C:/Users/oorie/OneDrive/Documentos/TRABALHOS/DLNM/05_publicacao_github/nul,TRUE,FALSE,0,,,outro,outro,ok,ativo
outputs/figures/diagnosticos_residuos/diagnostic_residuals_baia_da_ilha_grande_obitos_i63_temp_med.png,C:/Users/oorie/OneDrive/Documentos/TRABALHOS/DLNM/05_publicacao_github/outputs/figures/diagnosticos_residuos/diagnostic_residuals_baia_da_ilha_grande_obitos_i63_temp_med.png,TRUE,FALSE,26474,2026-06-21 17:18:29.369366,png,figura/imagem,figura gerada,ok,ativo
outputs/figures/diagnosticos_residuos/diagnostic_residuals_metropolitana_ii_obitos_i63_ur_med.png,C:/Users/oorie/OneDrive/Documentos/TRABALHOS/DLNM/05_publicacao_github/outputs/figures/diagnosticos_residuos/diagnostic_residuals_metropolitana_ii_obitos_i63_ur_med.png,TRUE,FALSE,29346,2026-06-21 17:18:29.369513,png,figura/imagem,figura gerada,ok,ativo
outputs/figures/diagnosticos_residuos/diagnostic_residuals_noroeste_internacoes_i63_ur_med.png,C:/Users/oorie/OneDrive/Documentos/TRABALHOS/DLNM/05_publicacao_github/outputs/figures/diagnosticos_residuos/diagnostic_residuals_noroeste_internacoes_i63_ur_med.png,TRUE,FALSE,28196,2026-06-21 17:18:29.369652,png,figura/imagem,figura gerada,ok,ativo
outputs/figures/diagnosticos_residuos/diagnostic_residuals_serrana_obitos_i63_ur_med.png,C:/Users/oorie/OneDrive/Documentos/TRABALHOS/DLNM/05_publicacao_github/outputs/figures/diagnosticos_residuos/diagnostic_residuals_serrana_obitos_i63_ur_med.png,TRUE,FALSE,25564,2026-06-21 17:18:29.369781,png,figura/imagem,figura gerada,ok,ativo
outputs/figures/Fig01_daily_climate.png,C:/Users/oorie/OneDrive/Documentos/TRABALHOS/DLNM/05_publicacao_github/outputs/figures/Fig01_daily_climate.png,TRUE,FALSE,895987,2026-06-21 17:18:29.368212,png,figura/imagem,figura gerada,ok,ativo
outputs/figures/Fig01_sazonalidade_internacoes.png,C:/Users/oorie/OneDrive/Documentos/TRABALHOS/DLNM/05_publicacao_github/outputs/figures/Fig01_sazonalidade_internacoes.png,TRUE,FALSE,357721,2026-07-14 11:16:38.754967,png,figura/imagem,figura gerada,ok,ativo
outputs/figures/Fig02_distribuicao_cid.png,C:/Users/oorie/OneDrive/Documentos/TRABALHOS/DLNM/05_publicacao_github/outputs/figures/Fig02_distribuicao_cid.png,TRUE,FALSE,94293,2026-07-14 11:16:39.842762,png,figura/imagem,figura gerada,ok,ativo
outputs/figures/Fig02_exposure_lag.png,C:/Users/oorie/OneDrive/Documentos/TRABALHOS/DLNM/05_publicacao_github/outputs/figures/Fig02_exposure_lag.png,TRUE,FALSE,690286,2026-06-21 17:18:29.368341,png,figura/imagem,figura gerada,ok,ativo
outputs/figures/Fig03_auc_ranking.png,C:/Users/oorie/OneDrive/Documentos/TRABALHOS/DLNM/05_publicacao_github/outputs/figures/Fig03_auc_ranking.png,TRUE,FALSE,275315,2026-06-21 17:18:29.368467,png,figura/imagem,figura gerada,ok,ativo
outputs/figures/Fig03_curva_metropolitana_i_obitos_i60_i69_ur_med.png,C:/Users/oorie/OneDrive/Documentos/TRABALHOS/DLNM/05_publicacao_github/outputs/figures/Fig03_curva_metropolitana_i_obitos_i60_i69_ur_med.png,TRUE,FALSE,43024,2026-07-14 11:16:40.215841,png,figura/imagem,figura gerada,ok,ativo
outputs/figures/Fig03_curva_noroeste_obitos_i60_i64_temp_med.png,C:/Users/oorie/OneDrive/Documentos/TRABALHOS/DLNM/05_publicacao_github/outputs/figures/Fig03_curva_noroeste_obitos_i60_i64_temp_med.png,TRUE,FALSE,42834,2026-07-14 11:16:40.474199,png,figura/imagem,figura gerada,ok,ativo
outputs/figures/Fig03_curva_norte_obitos_i60_i69_ur_med.png,C:/Users/oorie/OneDrive/Documentos/TRABALHOS/DLNM/05_publicacao_github/outputs/figures/Fig03_curva_norte_obitos_i60_i69_ur_med.png,TRUE,FALSE,45117,2026-07-14 11:16:40.755638,png,figura/imagem,figura gerada,ok,ativo
outputs/figures/Fig03_curva_serrana_obitos_i60_i64_ur_med.png,C:/Users/oorie/OneDrive/Documentos/TRABALHOS/DLNM/05_publicacao_github/outputs/figures/Fig03_curva_serrana_obitos_i60_i64_ur_med.png,TRUE,FALSE,40423,2026-07-14 11:16:41.027885,png,figura/imagem,figura gerada,ok,ativo
outputs/figures/Fig04_bayesian_forest.png,C:/Users/oorie/OneDrive/Documentos/TRABALHOS/DLNM/05_publicacao_github/outputs/figures/Fig04_bayesian_forest.png,TRUE,FALSE,224928,2026-06-21 17:18:29.368591,png,figura/imagem,figura gerada,ok,ativo
outputs/figures/Fig04_forest_bayesiano.png,C:/Users/oorie/OneDrive/Documentos/TRABALHOS/DLNM/05_publicacao_github/outputs/figures/Fig04_forest_bayesiano.png,TRUE,FALSE,832022,2026-07-14 11:16:42.528193,png,figura/imagem,figura gerada,ok,ativo
outputs/figures/Fig05_priority_models.png,C:/Users/oorie/OneDrive/Documentos/TRABALHOS/DLNM/05_publicacao_github/outputs/figures/Fig05_priority_models.png,TRUE,FALSE,147894,2026-06-21 17:18:29.368713,png,figura/imagem,figura gerada,ok,ativo
outputs/figures/Fig06_climate_extremes.png,C:/Users/oorie/OneDrive/Documentos/TRABALHOS/DLNM/05_publicacao_github/outputs/figures/Fig06_climate_extremes.png,TRUE,FALSE,164030,2026-06-21 17:18:29.368839,png,figura/imagem,figura gerada,ok,ativo
outputs/figures/Fig07_lag_sensitivity.png,C:/Users/oorie/OneDrive/Documentos/TRABALHOS/DLNM/05_publicacao_github/outputs/figures/Fig07_lag_sensitivity.png,TRUE,FALSE,458328,2026-06-21 17:18:29.368967,png,figura/imagem,figura gerada,ok,ativo
outputs/figures/FigS1_icd_stratification.png,C:/Users/oorie/OneDrive/Documentos/TRABALHOS/DLNM/05_publicacao_github/outputs/figures/FigS1_icd_stratification.png,TRUE,FALSE,122639,2026-06-21 17:18:29.369085,png,figura/imagem,figura gerada,ok,ativo
outputs/figures/FigS3_monthly_seasonality.png,C:/Users/oorie/OneDrive/Documentos/TRABALHOS/DLNM/05_publicacao_github/outputs/figures/FigS3_monthly_seasonality.png,TRUE,FALSE,341402,2026-06-21 17:18:29.369226,png,figura/imagem,figura gerada,ok,ativo
outputs/figures/interactive/rr_surface_3d_baia_da_ilha_grande_internacoes_i60_i62_temp_med.html,C:/Users/oorie/OneDrive/Documentos/TRABALHOS/DLNM/05_publicacao_github/outputs/figures/interactive/rr_surface_3d_baia_da_ilha_grande_internacoes_i60_i62_temp_med.html,TRUE,FALSE,52133,2026-06-21 17:18:29.369921,html,HTML,figura gerada,ok,ativo
outputs/figures/interactive/rr_surface_3d_baia_da_ilha_grande_internacoes_i60_i62_temp_med_files/crosstalk-1.2.2/css/crosstalk.min.css,C:/Users/oorie/OneDrive/Documentos/TRABALHOS/DLNM/05_publicacao_github/outputs/figures/interactive/rr_surface_3d_baia_da_ilha_grande_internacoes_i60_i62_temp_med_files/crosstalk-1.2.2/css/crosstalk.min.css,TRUE,FALSE,1307,2026-06-21 17:18:29.370077,css,outro,figura gerada,ok,ativo
outputs/figures/interactive/rr_surface_3d_baia_da_ilha_grande_internacoes_i60_i62_temp_med_files/crosstalk-1.2.2/js/crosstalk.js,C:/Users/oorie/OneDrive/Documentos/TRABALHOS/DLNM/05_publicacao_github/outputs/figures/interactive/rr_surface_3d_baia_da_ilha_grande_internacoes_i60_i62_temp_med_files/crosstalk-1.2.2/js/crosstalk.js,TRUE,FALSE,50504,2026-06-21 17:18:29.370228,js,outro,figura gerada,ok,ativo
outputs/figures/interactive/rr_surface_3d_baia_da_ilha_grande_internacoes_i60_i62_temp_med_files/crosstalk-1.2.2/js/crosstalk.js.map,C:/Users/oorie/OneDrive/Documentos/TRABALHOS/DLNM/05_publicacao_github/outputs/figures/interactive/rr_surface_3d_baia_da_ilha_grande_internacoes_i60_i62_temp_med_files/crosstalk-1.2.2/js/crosstalk.js.map,TRUE,FALSE,54889,2026-06-21 17:18:29.370367,map,outro,figura gerada,ok,ativo
outputs/figures/interactive/rr_surface_3d_baia_da_ilha_grande_internacoes_i60_i62_temp_med_files/crosstalk-1.2.2/js/crosstalk.min.js,C:/Users/oorie/OneDrive/Documentos/TRABALHOS/DLNM/05_publicacao_github/outputs/figures/interactive/rr_surface_3d_baia_da_ilha_grande_internacoes_i60_i62_temp_med_files/crosstalk-1.2.2/js/crosstalk.min.js,TRUE,FALSE,18926,2026-06-21 17:18:29.370497,js,outro,figura gerada,ok,ativo
outputs/figures/interactive/rr_surface_3d_baia_da_ilha_grande_internacoes_i60_i62_temp_med_files/crosstalk-1.2.2/js/crosstalk.min.js.map,C:/Users/oorie/OneDrive/Documentos/TRABALHOS/DLNM/05_publicacao_github/outputs/figures/interactive/rr_surface_3d_baia_da_ilha_grande_internacoes_i60_i62_temp_med_files/crosstalk-1.2.2/js/crosstalk.min.js.map,TRUE,FALSE,50338,2026-06-21 17:18:29.370625,map,outro,figura gerada,ok,ativo
outputs/figures/interactive/rr_surface_3d_baia_da_ilha_grande_internacoes_i60_i62_temp_med_files/crosstalk-1.2.2/scss/crosstalk.scss,C:/Users/oorie/OneDrive/Documentos/TRABALHOS/DLNM/05_publicacao_github/outputs/figures/interactive/rr_surface_3d_baia_da_ilha_grande_internacoes_i60_i62_temp_med_files/crosstalk-1.2.2/scss/crosstalk.scss,TRUE,FALSE,1891,2026-06-21 17:18:29.370756,scss,outro,figura gerada,ok,ativo
outputs/figures/interactive/rr_surface_3d_baia_da_ilha_grande_internacoes_i60_i62_temp_med_files/htmltools-fill-0.5.9/fill.css,C:/Users/oorie/OneDrive/Documentos/TRABALHOS/DLNM/05_publicacao_github/outputs/figures/interactive/rr_surface_3d_baia_da_ilha_grande_internacoes_i60_i62_temp_med_files/htmltools-fill-0.5.9/fill.css,TRUE,FALSE,606,2026-06-21 17:18:29.370895,css,outro,figura gerada,ok,ativo
outputs/figures/interactive/rr_surface_3d_baia_da_ilha_grande_internacoes_i60_i62_temp_med_files/htmlwidgets-1.6.4/htmlwidgets.js,C:/Users/oorie/OneDrive/Documentos/TRABALHOS/DLNM/05_publicacao_github/outputs/figures/interactive/rr_surface_3d_baia_da_ilha_grande_internacoes_i60_i62_temp_med_files/htmlwidgets-1.6.4/htmlwidgets.js,TRUE,FALSE,34091,2026-06-21 17:18:29.371033,js,outro,figura gerada,ok,ativo
outputs/figures/interactive/rr_surface_3d_baia_da_ilha_grande_internacoes_i60_i62_temp_med_files/jquery-3.5.1/jquery-AUTHORS.txt,C:/Users/oorie/OneDrive/Documentos/TRABALHOS/DLNM/05_publicacao_github/outputs/figures/interactive/rr_surface_3d_baia_da_ilha_grande_internacoes_i60_i62_temp_med_files/jquery-3.5.1/jquery-AUTHORS.txt,TRUE,FALSE,13726,2026-06-21 17:18:29.371172,txt,documentação/log,figura gerada,ok,ativo
outputs/figures/interactive/rr_surface_3d_baia_da_ilha_grande_internacoes_i60_i62_temp_med_files/jquery-3.5.1/jquery.js,C:/Users/oorie/OneDrive/Documentos/TRABALHOS/DLNM/05_publicacao_github/outputs/figures/interactive/rr_surface_3d_baia_da_ilha_grande_internacoes_i60_i62_temp_med_files/jquery-3.5.1/jquery.js,TRUE,FALSE,298502,2026-06-21 17:18:29.371304,js,outro,figura gerada,ok,ativo
outputs/figures/interactive/rr_surface_3d_baia_da_ilha_grande_internacoes_i60_i62_temp_med_files/jquery-3.5.1/jquery.min.js,C:/Users/oorie/OneDrive/Documentos/TRABALHOS/DLNM/05_publicacao_github/outputs/figures/interactive/rr_surface_3d_baia_da_ilha_grande_internacoes_i60_i62_temp_med_files/jquery-3.5.1/jquery.min.js,TRUE,FALSE,89478,2026-06-21 17:18:29.371431,js,outro,figura gerada,ok,ativo
outputs/figures/interactive/rr_surface_3d_baia_da_ilha_grande_internacoes_i60_i62_temp_med_files/jquery-3.5.1/jquery.min.map,C:/Users/oorie/OneDrive/Documentos/TRABALHOS/DLNM/05_publicacao_github/outputs/figures/interactive/rr_surface_3d_baia_da_ilha_grande_internacoes_i60_i62_temp_med_files/jquery-3.5.1/jquery.min.map,TRUE,FALSE,137986,2026-06-21 17:18:29.371559,map,outro,figura gerada,ok,ativo
outputs/figures/interactive/rr_surface_3d_baia_da_ilha_grande_internacoes_i60_i62_temp_med_files/plotly-binding-4.12.0/plotly.js,C:/Users/oorie/OneDrive/Documentos/TRABALHOS/DLNM/05_publicacao_github/outputs/figures/interactive/rr_surface_3d_baia_da_ilha_grande_internacoes_i60_i62_temp_med_files/plotly-binding-4.12.0/plotly.js,TRUE,FALSE,34699,2026-06-21 17:18:29.371691,js,outro,figura gerada,ok,ativo
outputs/figures/interactive/rr_surface_3d_baia_da_ilha_grande_internacoes_i60_i62_temp_med_files/plotly-htmlwidgets-css-2.25.2/plotly-htmlwidgets.css,C:/Users/oorie/OneDrive/Documentos/TRABALHOS/DLNM/05_publicacao_github/outputs/figures/interactive/rr_surface_3d_baia_da_ilha_grande_internacoes_i60_i62_temp_med_files/plotly-htmlwidgets-css-2.25.2/plotly-htmlwidgets.css,TRUE,FALSE,182,2026-06-21 17:18:29.37183,css,outro,figura gerada,ok,ativo
outputs/figures/interactive/rr_surface_3d_baia_da_ilha_grande_internacoes_i60_i62_temp_med_files/plotly-main-2.25.2/plotly-latest.min.js,C:/Users/oorie/OneDrive/Documentos/TRABALHOS/DLNM/05_publicacao_github/outputs/figures/interactive/rr_surface_3d_baia_da_ilha_grande_internacoes_i60_i62_temp_med_files/plotly-main-2.25.2/plotly-latest.min.js,TRUE,FALSE,3575017,2026-06-21 17:18:29.371979,js,outro,figura gerada,ok,ativo
outputs/figures/interactive/rr_surface_3d_baia_da_ilha_grande_internacoes_i60_i62_temp_med_files/typedarray-0.1/typedarray.min.js,C:/Users/oorie/OneDrive/Documentos/TRABALHOS/DLNM/05_publicacao_github/outputs/figures/interactive/rr_surface_3d_baia_da_ilha_grande_internacoes_i60_i62_temp_med_files/typedarray-0.1/typedarray.min.js,TRUE,FALSE,22444,2026-06-21 17:18:29.372114,js,outro,figura gerada,ok,ativo
outputs/figures/interactive/rr_surface_3d_baia_da_ilha_grande_internacoes_i60_i62_ur_med.html,C:/Users/oorie/OneDrive/Documentos/TRABALHOS/DLNM/05_publicacao_github/outputs/figures/interactive/rr_surface_3d_baia_da_ilha_grande_internacoes_i60_i62_ur_med.html,TRUE,FALSE,52334,2026-06-21 17:18:29.396652,html,HTML,figura gerada,ok,ativo
outputs/figures/interactive/rr_surface_3d_baia_da_ilha_grande_internacoes_i60_i64_temp_med.html,C:/Users/oorie/OneDrive/Documentos/TRABALHOS/DLNM/05_publicacao_github/outputs/figures/interactive/rr_surface_3d_baia_da_ilha_grande_internacoes_i60_i64_temp_med.html,TRUE,FALSE,52091,2026-06-21 17:18:29.396948,html,HTML,figura gerada,ok,ativo
outputs/figures/interactive/rr_surface_3d_baia_da_ilha_grande_internacoes_i60_i64_ur_med.html,C:/Users/oorie/OneDrive/Documentos/TRABALHOS/DLNM/05_publicacao_github/outputs/figures/interactive/rr_surface_3d_baia_da_ilha_grande_internacoes_i60_i64_ur_med.html,TRUE,FALSE,51771,2026-06-21 17:18:29.397139,html,HTML,figura gerada,ok,ativo
outputs/figures/interactive/rr_surface_3d_baia_da_ilha_grande_internacoes_i60_i69_temp_med.html,C:/Users/oorie/OneDrive/Documentos/TRABALHOS/DLNM/05_publicacao_github/outputs/figures/interactive/rr_surface_3d_baia_da_ilha_grande_internacoes_i60_i69_temp_med.html,TRUE,FALSE,52124,2026-06-21 17:18:29.397348,html,HTML,figura gerada,ok,ativo
outputs/figures/interactive/rr_surface_3d_baia_da_ilha_grande_internacoes_i60_i69_ur_med.html,C:/Users/oorie/OneDrive/Documentos/TRABALHOS/DLNM/05_publicacao_github/outputs/figures/interactive/rr_surface_3d_baia_da_ilha_grande_internacoes_i60_i69_ur_med.html,TRUE,FALSE,51906,2026-06-21 17:18:29.397524,html,HTML,figura gerada,ok,ativo
outputs/figures/interactive/rr_surface_3d_baia_da_ilha_grande_internacoes_i63_temp_med.html,C:/Users/oorie/OneDrive/Documentos/TRABALHOS/DLNM/05_publicacao_github/outputs/figures/interactive/rr_surface_3d_baia_da_ilha_grande_internacoes_i63_temp_med.html,TRUE,FALSE,52062,2026-06-21 17:18:29.39769,html,HTML,figura gerada,ok,ativo
outputs/figures/interactive/rr_surface_3d_baia_da_ilha_grande_internacoes_i63_temp_med_files/crosstalk-1.2.2/css/crosstalk.min.css,C:/Users/oorie/OneDrive/Documentos/TRABALHOS/DLNM/05_publicacao_github/outputs/figures/interactive/rr_surface_3d_baia_da_ilha_grande_internacoes_i63_temp_med_files/crosstalk-1.2.2/css/crosstalk.min.css,TRUE,FALSE,1307,2026-06-21 17:18:29.397903,css,outro,figura gerada,ok,ativo
outputs/figures/interactive/rr_surface_3d_baia_da_ilha_grande_internacoes_i63_temp_med_files/crosstalk-1.2.2/js/crosstalk.js,C:/Users/oorie/OneDrive/Documentos/TRABALHOS/DLNM/05_publicacao_github/outputs/figures/interactive/rr_surface_3d_baia_da_ilha_grande_internacoes_i63_temp_med_files/crosstalk-1.2.2/js/crosstalk.js,TRUE,FALSE,50504,2026-06-21 17:18:29.39823,js,outro,figura gerada,ok,ativo
outputs/figures/interactive/rr_surface_3d_baia_da_ilha_grande_internacoes_i63_temp_med_files/crosstalk-1.2.2/js/crosstalk.js.map,C:/Users/oorie/OneDrive/Documentos/TRABALHOS/DLNM/05_publicacao_github/outputs/figures/interactive/rr_surface_3d_baia_da_ilha_grande_internacoes_i63_temp_med_files/crosstalk-1.2.2/js/crosstalk.js.map,TRUE,FALSE,54889,2026-06-21 17:18:29.398436,map,outro,figura gerada,ok,ativo
outputs/figures/interactive/rr_surface_3d_baia_da_ilha_grande_internacoes_i63_temp_med_files/crosstalk-1.2.2/js/crosstalk.min.js,C:/Users/oorie/OneDrive/Documentos/TRABALHOS/DLNM/05_publicacao_github/outputs/figures/interactive/rr_surface_3d_baia_da_ilha_grande_internacoes_i63_temp_med_files/crosstalk-1.2.2/js/crosstalk.min.js,TRUE,FALSE,18926,2026-06-21 17:18:29.398626,js,outro,figura gerada,ok,ativo
outputs/figures/interactive/rr_surface_3d_baia_da_ilha_grande_internacoes_i63_temp_med_files/crosstalk-1.2.2/js/crosstalk.min.js.map,C:/Users/oorie/OneDrive/Documentos/TRABALHOS/DLNM/05_publicacao_github/outputs/figures/interactive/rr_surface_3d_baia_da_ilha_grande_internacoes_i63_temp_med_files/crosstalk-1.2.2/js/crosstalk.min.js.map,TRUE,FALSE,50338,2026-06-21 17:18:29.398785,map,outro,figura gerada,ok,ativo
outputs/figures/interactive/rr_surface_3d_baia_da_ilha_grande_internacoes_i63_temp_med_files/crosstalk-1.2.2/scss/crosstalk.scss,C:/Users/oorie/OneDrive/Documentos/TRABALHOS/DLNM/05_publicacao_github/outputs/figures/interactive/rr_surface_3d_baia_da_ilha_grande_internacoes_i63_temp_med_files/crosstalk-1.2.2/scss/crosstalk.scss,TRUE,FALSE,1891,2026-06-21 17:18:29.398947,scss,outro,figura gerada,ok,ativo
outputs/figures/interactive/rr_surface_3d_baia_da_ilha_grande_internacoes_i63_temp_med_files/htmltools-fill-0.5.9/fill.css,C:/Users/oorie/OneDrive/Documentos/TRABALHOS/DLNM/05_publicacao_github/outputs/figures/interactive/rr_surface_3d_baia_da_ilha_grande_internacoes_i63_temp_med_files/htmltools-fill-0.5.9/fill.css,TRUE,FALSE,606,2026-06-21 17:18:29.399179,css,outro,figura gerada,ok,ativo
outputs/figures/interactive/rr_surface_3d_baia_da_ilha_grande_internacoes_i63_temp_med_files/htmlwidgets-1.6.4/htmlwidgets.js,C:/Users/oorie/OneDrive/Documentos/TRABALHOS/DLNM/05_publicacao_github/outputs/figures/interactive/rr_surface_3d_baia_da_ilha_grande_internacoes_i63_temp_med_files/htmlwidgets-1.6.4/htmlwidgets.js,TRUE,FALSE,34091,2026-06-21 17:18:29.39958,js,outro,figura gerada,ok,ativo
outputs/figures/interactive/rr_surface_3d_baia_da_ilha_grande_internacoes_i63_temp_med_files/jquery-3.5.1/jquery-AUTHORS.txt,C:/Users/oorie/OneDrive/Documentos/TRABALHOS/DLNM/05_publicacao_github/outputs/figures/interactive/rr_surface_3d_baia_da_ilha_grande_internacoes_i63_temp_med_files/jquery-3.5.1/jquery-AUTHORS.txt,TRUE,FALSE,13726,2026-06-21 17:18:29.399818,txt,documentação/log,figura gerada,ok,ativo
outputs/figures/interactive/rr_surface_3d_baia_da_ilha_grande_internacoes_i63_temp_med_files/jquery-3.5.1/jquery.js,C:/Users/oorie/OneDrive/Documentos/TRABALHOS/DLNM/05_publicacao_github/outputs/figures/interactive/rr_surface_3d_baia_da_ilha_grande_internacoes_i63_temp_med_files/jquery-3.5.1/jquery.js,TRUE,FALSE,298502,2026-06-21 17:18:29.400394,js,outro,figura gerada,ok,ativo
outputs/figures/interactive/rr_surface_3d_baia_da_ilha_grande_internacoes_i63_temp_med_files/jquery-3.5.1/jquery.min.js,C:/Users/oorie/OneDrive/Documentos/TRABALHOS/DLNM/05_publicacao_github/outputs/figures/interactive/rr_surface_3d_baia_da_ilha_grande_internacoes_i63_temp_med_files/jquery-3.5.1/jquery.min.js,TRUE,FALSE,89478,2026-06-21 17:18:29.400602,js,outro,figura gerada,ok,ativo
outputs/figures/interactive/rr_surface_3d_baia_da_ilha_grande_internacoes_i63_temp_med_files/jquery-3.5.1/jquery.min.map,C:/Users/oorie/OneDrive/Documentos/TRABALHOS/DLNM/05_publicacao_github/outputs/figures/interactive/rr_surface_3d_baia_da_ilha_grande_internacoes_i63_temp_med_files/jquery-3.5.1/jquery.min.map,TRUE,FALSE,137986,2026-06-21 17:18:29.400793,map,outro,figura gerada,ok,ativo
outputs/figures/interactive/rr_surface_3d_baia_da_ilha_grande_internacoes_i63_temp_med_files/plotly-binding-4.12.0/plotly.js,C:/Users/oorie/OneDrive/Documentos/TRABALHOS/DLNM/05_publicacao_github/outputs/figures/interactive/rr_surface_3d_baia_da_ilha_grande_internacoes_i63_temp_med_files/plotly-binding-4.12.0/plotly.js,TRUE,FALSE,34699,2026-06-21 17:18:29.401009,js,outro,figura gerada,ok,ativo
outputs/figures/interactive/rr_surface_3d_baia_da_ilha_grande_internacoes_i63_temp_med_files/plotly-htmlwidgets-css-2.25.2/plotly-htmlwidgets.css,C:/Users/oorie/OneDrive/Documentos/TRABALHOS/DLNM/05_publicacao_github/outputs/figures/interactive/rr_surface_3d_baia_da_ilha_grande_internacoes_i63_temp_med_files/plotly-htmlwidgets-css-2.25.2/plotly-htmlwidgets.css,TRUE,FALSE,182,2026-06-21 17:18:29.401163,css,outro,figura gerada,ok,ativo
outputs/figures/interactive/rr_surface_3d_baia_da_ilha_grande_internacoes_i63_temp_med_files/plotly-main-2.25.2/plotly-latest.min.js,C:/Users/oorie/OneDrive/Documentos/TRABALHOS/DLNM/05_publicacao_github/outputs/figures/interactive/rr_surface_3d_baia_da_ilha_grande_internacoes_i63_temp_med_files/plotly-main-2.25.2/plotly-latest.min.js,TRUE,FALSE,3575017,2026-06-21 17:18:29.401318,js,outro,figura gerada,ok,ativo
outputs/figures/interactive/rr_surface_3d_baia_da_ilha_grande_internacoes_i63_temp_med_files/typedarray-0.1/typedarray.min.js,C:/Users/oorie/OneDrive/Documentos/TRABALHOS/DLNM/05_publicacao_github/outputs/figures/interactive/rr_surface_3d_baia_da_ilha_grande_internacoes_i63_temp_med_files/typedarray-0.1/typedarray.min.js,TRUE,FALSE,22444,2026-06-21 17:18:29.401503,js,outro,figura gerada,ok,ativo
outputs/figures/interactive/rr_surface_3d_baia_da_ilha_grande_internacoes_i63_ur_med.html,C:/Users/oorie/OneDrive/Documentos/TRABALHOS/DLNM/05_publicacao_github/outputs/figures/interactive/rr_surface_3d_baia_da_ilha_grande_internacoes_i63_ur_med.html,TRUE,FALSE,52206,2026-06-21 17:18:29.401653,html,HTML,figura gerada,ok,ativo
outputs/figures/interactive/rr_surface_3d_baia_da_ilha_grande_internacoes_i63_ur_med_files/crosstalk-1.2.2/css/crosstalk.min.css,C:/Users/oorie/OneDrive/Documentos/TRABALHOS/DLNM/05_publicacao_github/outputs/figures/interactive/rr_surface_3d_baia_da_ilha_grande_internacoes_i63_ur_med_files/crosstalk-1.2.2/css/crosstalk.min.css,TRUE,FALSE,1307,2026-06-21 17:18:29.401804,css,outro,figura gerada,ok,ativo
outputs/figures/interactive/rr_surface_3d_baia_da_ilha_grande_internacoes_i63_ur_med_files/crosstalk-1.2.2/js/crosstalk.js,C:/Users/oorie/OneDrive/Documentos/TRABALHOS/DLNM/05_publicacao_github/outputs/figures/interactive/rr_surface_3d_baia_da_ilha_grande_internacoes_i63_ur_med_files/crosstalk-1.2.2/js/crosstalk.js,TRUE,FALSE,50504,2026-06-21 17:18:29.401979,js,outro,figura gerada,ok,ativo
outputs/figures/interactive/rr_surface_3d_baia_da_ilha_grande_internacoes_i63_ur_med_files/crosstalk-1.2.2/js/crosstalk.js.map,C:/Users/oorie/OneDrive/Documentos/TRABALHOS/DLNM/05_publicacao_github/outputs/figures/interactive/rr_surface_3d_baia_da_ilha_grande_internacoes_i63_ur_med_files/crosstalk-1.2.2/js/crosstalk.js.map,TRUE,FALSE,54889,2026-06-21 17:18:29.402142,map,outro,figura gerada,ok,ativo
outputs/figures/interactive/rr_surface_3d_baia_da_ilha_grande_internacoes_i63_ur_med_files/crosstalk-1.2.2/js/crosstalk.min.js,C:/Users/oorie/OneDrive/Documentos/TRABALHOS/DLNM/05_publicacao_github/outputs/figures/interactive/rr_surface_3d_baia_da_ilha_grande_internacoes_i63_ur_med_files/crosstalk-1.2.2/js/crosstalk.min.js,TRUE,FALSE,18926,2026-06-21 17:18:29.402275,js,outro,figura gerada,ok,ativo
outputs/figures/interactive/rr_surface_3d_baia_da_ilha_grande_internacoes_i63_ur_med_files/crosstalk-1.2.2/js/crosstalk.min.js.map,C:/Users/oorie/OneDrive/Documentos/TRABALHOS/DLNM/05_publicacao_github/outputs/figures/interactive/rr_surface_3d_baia_da_ilha_grande_internacoes_i63_ur_med_files/crosstalk-1.2.2/js/crosstalk.min.js.map,TRUE,FALSE,50338,2026-06-21 17:18:29.402412,map,outro,figura gerada,ok,ativo
outputs/figures/interactive/rr_surface_3d_baia_da_ilha_grande_internacoes_i63_ur_med_files/crosstalk-1.2.2/scss/crosstalk.scss,C:/Users/oorie/OneDrive/Documentos/TRABALHOS/DLNM/05_publicacao_github/outputs/figures/interactive/rr_surface_3d_baia_da_ilha_grande_internacoes_i63_ur_med_files/crosstalk-1.2.2/scss/crosstalk.scss,TRUE,FALSE,1891,2026-06-21 17:18:29.402592,scss,outro,figura gerada,ok,ativo
outputs/figures/interactive/rr_surface_3d_baia_da_ilha_grande_internacoes_i63_ur_med_files/htmltools-fill-0.5.9/fill.css,C:/Users/oorie/OneDrive/Documentos/TRABALHOS/DLNM/05_publicacao_github/outputs/figures/interactive/rr_surface_3d_baia_da_ilha_grande_internacoes_i63_ur_med_files/htmltools-fill-0.5.9/fill.css,TRUE,FALSE,606,2026-06-21 17:18:29.40275,css,outro,figura gerada,ok,ativo
outputs/figures/interactive/rr_surface_3d_baia_da_ilha_grande_internacoes_i63_ur_med_files/htmlwidgets-1.6.4/htmlwidgets.js,C:/Users/oorie/OneDrive/Documentos/TRABALHOS/DLNM/05_publicacao_github/outputs/figures/interactive/rr_surface_3d_baia_da_ilha_grande_internacoes_i63_ur_med_files/htmlwidgets-1.6.4/htmlwidgets.js,TRUE,FALSE,34091,2026-06-21 17:18:29.402927,js,outro,figura gerada,ok,ativo
outputs/figures/interactive/rr_surface_3d_baia_da_ilha_grande_internacoes_i63_ur_med_files/jquery-3.5.1/jquery-AUTHORS.txt,C:/Users/oorie/OneDrive/Documentos/TRABALHOS/DLNM/05_publicacao_github/outputs/figures/interactive/rr_surface_3d_baia_da_ilha_grande_internacoes_i63_ur_med_files/jquery-3.5.1/jquery-AUTHORS.txt,TRUE,FALSE,13726,2026-06-21 17:18:29.403122,txt,documentação/log,figura gerada,ok,ativo
outputs/figures/interactive/rr_surface_3d_baia_da_ilha_grande_internacoes_i63_ur_med_files/jquery-3.5.1/jquery.js,C:/Users/oorie/OneDrive/Documentos/TRABALHOS/DLNM/05_publicacao_github/outputs/figures/interactive/rr_surface_3d_baia_da_ilha_grande_internacoes_i63_ur_med_files/jquery-3.5.1/jquery.js,TRUE,FALSE,298502,2026-06-21 17:18:29.403313,js,outro,figura gerada,ok,ativo
outputs/figures/interactive/rr_surface_3d_baia_da_ilha_grande_internacoes_i63_ur_med_files/jquery-3.5.1/jquery.min.js,C:/Users/oorie/OneDrive/Documentos/TRABALHOS/DLNM/05_publicacao_github/outputs/figures/interactive/rr_surface_3d_baia_da_ilha_grande_internacoes_i63_ur_med_files/jquery-3.5.1/jquery.min.js,TRUE,FALSE,89478,2026-06-21 17:18:29.403492,js,outro,figura gerada,ok,ativo
outputs/figures/interactive/rr_surface_3d_baia_da_ilha_grande_internacoes_i63_ur_med_files/jquery-3.5.1/jquery.min.map,C:/Users/oorie/OneDrive/Documentos/TRABALHOS/DLNM/05_publicacao_github/outputs/figures/interactive/rr_surface_3d_baia_da_ilha_grande_internacoes_i63_ur_med_files/jquery-3.5.1/jquery.min.map,TRUE,FALSE,137986,2026-06-21 17:18:29.403635,map,outro,figura gerada,ok,ativo
outputs/figures/interactive/rr_surface_3d_baia_da_ilha_grande_internacoes_i63_ur_med_files/plotly-binding-4.12.0/plotly.js,C:/Users/oorie/OneDrive/Documentos/TRABALHOS/DLNM/05_publicacao_github/outputs/figures/interactive/rr_surface_3d_baia_da_ilha_grande_internacoes_i63_ur_med_files/plotly-binding-4.12.0/plotly.js,TRUE,FALSE,34699,2026-06-21 17:18:29.403786,js,outro,figura gerada,ok,ativo
outputs/figures/interactive/rr_surface_3d_baia_da_ilha_grande_internacoes_i63_ur_med_files/plotly-htmlwidgets-css-2.25.2/plotly-htmlwidgets.css,C:/Users/oorie/OneDrive/Documentos/TRABALHOS/DLNM/05_publicacao_github/outputs/figures/interactive/rr_surface_3d_baia_da_ilha_grande_internacoes_i63_ur_med_files/plotly-htmlwidgets-css-2.25.2/plotly-htmlwidgets.css,TRUE,FALSE,182,2026-06-21 17:18:29.40394,css,outro,figura gerada,ok,ativo
outputs/figures/interactive/rr_surface_3d_baia_da_ilha_grande_internacoes_i63_ur_med_files/plotly-main-2.25.2/plotly-latest.min.js,C:/Users/oorie/OneDrive/Documentos/TRABALHOS/DLNM/05_publicacao_github/outputs/figures/interactive/rr_surface_3d_baia_da_ilha_grande_internacoes_i63_ur_med_files/plotly-main-2.25.2/plotly-latest.min.js,TRUE,FALSE,3575017,2026-06-21 17:18:29.404119,js,outro,figura gerada,ok,ativo
outputs/figures/interactive/rr_surface_3d_baia_da_ilha_grande_internacoes_i63_ur_med_files/typedarray-0.1/typedarray.min.js,C:/Users/oorie/OneDrive/Documentos/TRABALHOS/DLNM/05_publicacao_github/outputs/figures/interactive/rr_surface_3d_baia_da_ilha_grande_internacoes_i63_ur_med_files/typedarray-0.1/typedarray.min.js,TRUE,FALSE,22444,2026-06-21 17:18:29.404272,js,outro,figura gerada,ok,ativo
outputs/figures/interactive/rr_surface_3d_baia_da_ilha_grande_obitos_i60_i62_temp_med.html,C:/Users/oorie/OneDrive/Documentos/TRABALHOS/DLNM/05_publicacao_github/outputs/figures/interactive/rr_surface_3d_baia_da_ilha_grande_obitos_i60_i62_temp_med.html,TRUE,FALSE,52589,2026-06-21 17:18:29.404423,html,HTML,figura gerada,ok,ativo
outputs/figures/interactive/rr_surface_3d_baia_da_ilha_grande_obitos_i60_i62_ur_med.html,C:/Users/oorie/OneDrive/Documentos/TRABALHOS/DLNM/05_publicacao_github/outputs/figures/interactive/rr_surface_3d_baia_da_ilha_grande_obitos_i60_i62_ur_med.html,TRUE,FALSE,52129,2026-06-21 17:18:29.404604,html,HTML,figura gerada,ok,ativo
outputs/figures/interactive/rr_surface_3d_baia_da_ilha_grande_obitos_i60_i64_temp_med.html,C:/Users/oorie/OneDrive/Documentos/TRABALHOS/DLNM/05_publicacao_github/outputs/figures/interactive/rr_surface_3d_baia_da_ilha_grande_obitos_i60_i64_temp_med.html,TRUE,FALSE,52222,2026-06-21 17:18:29.404797,html,HTML,figura gerada,ok,ativo
outputs/figures/interactive/rr_surface_3d_baia_da_ilha_grande_obitos_i60_i64_ur_med.html,C:/Users/oorie/OneDrive/Documentos/TRABALHOS/DLNM/05_publicacao_github/outputs/figures/interactive/rr_surface_3d_baia_da_ilha_grande_obitos_i60_i64_ur_med.html,TRUE,FALSE,52019,2026-06-21 17:18:29.404964,html,HTML,figura gerada,ok,ativo
outputs/figures/interactive/rr_surface_3d_baia_da_ilha_grande_obitos_i60_i69_temp_med.html,C:/Users/oorie/OneDrive/Documentos/TRABALHOS/DLNM/05_publicacao_github/outputs/figures/interactive/rr_surface_3d_baia_da_ilha_grande_obitos_i60_i69_temp_med.html,TRUE,FALSE,52132,2026-06-21 17:18:29.405128,html,HTML,figura gerada,ok,ativo
outputs/figures/interactive/rr_surface_3d_baia_da_ilha_grande_obitos_i60_i69_ur_med.html,C:/Users/oorie/OneDrive/Documentos/TRABALHOS/DLNM/05_publicacao_github/outputs/figures/interactive/rr_surface_3d_baia_da_ilha_grande_obitos_i60_i69_ur_med.html,TRUE,FALSE,52135,2026-06-21 17:18:29.40531,html,HTML,figura gerada,ok,ativo
outputs/figures/interactive/rr_surface_3d_baia_da_ilha_grande_obitos_i63_temp_med.html,C:/Users/oorie/OneDrive/Documentos/TRABALHOS/DLNM/05_publicacao_github/outputs/figures/interactive/rr_surface_3d_baia_da_ilha_grande_obitos_i63_temp_med.html,TRUE,FALSE,53225,2026-06-21 17:18:29.405485,html,HTML,figura gerada,ok,ativo
outputs/figures/interactive/rr_surface_3d_baia_da_ilha_grande_obitos_i63_ur_med.html,C:/Users/oorie/OneDrive/Documentos/TRABALHOS/DLNM/05_publicacao_github/outputs/figures/interactive/rr_surface_3d_baia_da_ilha_grande_obitos_i63_ur_med.html,TRUE,FALSE,54454,2026-06-21 17:18:29.405655,html,HTML,figura gerada,ok,ativo
outputs/figures/interactive/rr_surface_3d_baia_da_ilha_grande_obitos_i63_ur_med_files/crosstalk-1.2.2/css/crosstalk.min.css,C:/Users/oorie/OneDrive/Documentos/TRABALHOS/DLNM/05_publicacao_github/outputs/figures/interactive/rr_surface_3d_baia_da_ilha_grande_obitos_i63_ur_med_files/crosstalk-1.2.2/css/crosstalk.min.css,TRUE,FALSE,1307,2026-06-21 17:18:29.405855,css,outro,figura gerada,ok,ativo
outputs/figures/interactive/rr_surface_3d_baia_da_ilha_grande_obitos_i63_ur_med_files/crosstalk-1.2.2/js/crosstalk.js,C:/Users/oorie/OneDrive/Documentos/TRABALHOS/DLNM/05_publicacao_github/outputs/figures/interactive/rr_surface_3d_baia_da_ilha_grande_obitos_i63_ur_med_files/crosstalk-1.2.2/js/crosstalk.js,TRUE,FALSE,50504,2026-06-21 17:18:29.406025,js,outro,figura gerada,ok,ativo
outputs/figures/interactive/rr_surface_3d_baia_da_ilha_grande_obitos_i63_ur_med_files/crosstalk-1.2.2/js/crosstalk.js.map,C:/Users/oorie/OneDrive/Documentos/TRABALHOS/DLNM/05_publicacao_github/outputs/figures/interactive/rr_surface_3d_baia_da_ilha_grande_obitos_i63_ur_med_files/crosstalk-1.2.2/js/crosstalk.js.map,TRUE,FALSE,54889,2026-06-21 17:18:29.406178,map,outro,figura gerada,ok,ativo
outputs/figures/interactive/rr_surface_3d_baia_da_ilha_grande_obitos_i63_ur_med_files/crosstalk-1.2.2/js/crosstalk.min.js,C:/Users/oorie/OneDrive/Documentos/TRABALHOS/DLNM/05_publicacao_github/outputs/figures/interactive/rr_surface_3d_baia_da_ilha_grande_obitos_i63_ur_med_files/crosstalk-1.2.2/js/crosstalk.min.js,TRUE,FALSE,18926,2026-06-21 17:18:29.406328,js,outro,figura gerada,ok,ativo
outputs/figures/interactive/rr_surface_3d_baia_da_ilha_grande_obitos_i63_ur_med_files/crosstalk-1.2.2/js/crosstalk.min.js.map,C:/Users/oorie/OneDrive/Documentos/TRABALHOS/DLNM/05_publicacao_github/outputs/figures/interactive/rr_surface_3d_baia_da_ilha_grande_obitos_i63_ur_med_files/crosstalk-1.2.2/js/crosstalk.min.js.map,TRUE,FALSE,50338,2026-06-21 17:18:29.406462,map,outro,figura gerada,ok,ativo
outputs/figures/interactive/rr_surface_3d_baia_da_ilha_grande_obitos_i63_ur_med_files/crosstalk-1.2.2/scss/crosstalk.scss,C:/Users/oorie/OneDrive/Documentos/TRABALHOS/DLNM/05_publicacao_github/outputs/figures/interactive/rr_surface_3d_baia_da_ilha_grande_obitos_i63_ur_med_files/crosstalk-1.2.2/scss/crosstalk.scss,TRUE,FALSE,1891,2026-06-21 17:18:29.406607,scss,outro,figura gerada,ok,ativo
outputs/figures/interactive/rr_surface_3d_baia_da_ilha_grande_obitos_i63_ur_med_files/htmltools-fill-0.5.9/fill.css,C:/Users/oorie/OneDrive/Documentos/TRABALHOS/DLNM/05_publicacao_github/outputs/figures/interactive/rr_surface_3d_baia_da_ilha_grande_obitos_i63_ur_med_files/htmltools-fill-0.5.9/fill.css,TRUE,FALSE,606,2026-06-21 17:18:29.406748,css,outro,figura gerada,ok,ativo
outputs/figures/interactive/rr_surface_3d_baia_da_ilha_grande_obitos_i63_ur_med_files/htmlwidgets-1.6.4/htmlwidgets.js,C:/Users/oorie/OneDrive/Documentos/TRABALHOS/DLNM/05_publicacao_github/outputs/figures/interactive/rr_surface_3d_baia_da_ilha_grande_obitos_i63_ur_med_files/htmlwidgets-1.6.4/htmlwidgets.js,TRUE,FALSE,34091,2026-06-21 17:18:29.406879,js,outro,figura gerada,ok,ativo
outputs/figures/interactive/rr_surface_3d_baia_da_ilha_grande_obitos_i63_ur_med_files/jquery-3.5.1/jquery-AUTHORS.txt,C:/Users/oorie/OneDrive/Documentos/TRABALHOS/DLNM/05_publicacao_github/outputs/figures/interactive/rr_surface_3d_baia_da_ilha_grande_obitos_i63_ur_med_files/jquery-3.5.1/jquery-AUTHORS.txt,TRUE,FALSE,13726,2026-06-21 17:18:29.407019,txt,documentação/log,figura gerada,ok,ativo
outputs/figures/interactive/rr_surface_3d_baia_da_ilha_grande_obitos_i63_ur_med_files/jquery-3.5.1/jquery.js,C:/Users/oorie/OneDrive/Documentos/TRABALHOS/DLNM/05_publicacao_github/outputs/figures/interactive/rr_surface_3d_baia_da_ilha_grande_obitos_i63_ur_med_files/jquery-3.5.1/jquery.js,TRUE,FALSE,298502,2026-06-21 17:18:29.407169,js,outro,figura gerada,ok,ativo
outputs/figures/interactive/rr_surface_3d_baia_da_ilha_grande_obitos_i63_ur_med_files/jquery-3.5.1/jquery.min.js,C:/Users/oorie/OneDrive/Documentos/TRABALHOS/DLNM/05_publicacao_github/outputs/figures/interactive/rr_surface_3d_baia_da_ilha_grande_obitos_i63_ur_med_files/jquery-3.5.1/jquery.min.js,TRUE,FALSE,89478,2026-06-21 17:18:29.407396,js,outro,figura gerada,ok,ativo
outputs/figures/interactive/rr_surface_3d_baia_da_ilha_grande_obitos_i63_ur_med_files/jquery-3.5.1/jquery.min.map,C:/Users/oorie/OneDrive/Documentos/TRABALHOS/DLNM/05_publicacao_github/outputs/figures/interactive/rr_surface_3d_baia_da_ilha_grande_obitos_i63_ur_med_files/jquery-3.5.1/jquery.min.map,TRUE,FALSE,137986,2026-06-21 17:18:29.407541,map,outro,figura gerada,ok,ativo
outputs/figures/interactive/rr_surface_3d_baia_da_ilha_grande_obitos_i63_ur_med_files/plotly-binding-4.12.0/plotly.js,C:/Users/oorie/OneDrive/Documentos/TRABALHOS/DLNM/05_publicacao_github/outputs/figures/interactive/rr_surface_3d_baia_da_ilha_grande_obitos_i63_ur_med_files/plotly-binding-4.12.0/plotly.js,TRUE,FALSE,34699,2026-06-21 17:18:29.407726,js,outro,figura gerada,ok,ativo
outputs/figures/interactive/rr_surface_3d_baia_da_ilha_grande_obitos_i63_ur_med_files/plotly-htmlwidgets-css-2.25.2/plotly-htmlwidgets.css,C:/Users/oorie/OneDrive/Documentos/TRABALHOS/DLNM/05_publicacao_github/outputs/figures/interactive/rr_surface_3d_baia_da_ilha_grande_obitos_i63_ur_med_files/plotly-htmlwidgets-css-2.25.2/plotly-htmlwidgets.css,TRUE,FALSE,182,2026-06-21 17:18:29.407919,css,outro,figura gerada,ok,ativo
outputs/figures/interactive/rr_surface_3d_baia_da_ilha_grande_obitos_i63_ur_med_files/plotly-main-2.25.2/plotly-latest.min.js,C:/Users/oorie/OneDrive/Documentos/TRABALHOS/DLNM/05_publicacao_github/outputs/figures/interactive/rr_surface_3d_baia_da_ilha_grande_obitos_i63_ur_med_files/plotly-main-2.25.2/plotly-latest.min.js,TRUE,FALSE,3575017,2026-06-21 17:18:29.408123,js,outro,figura gerada,ok,ativo
outputs/figures/interactive/rr_surface_3d_baia_da_ilha_grande_obitos_i63_ur_med_files/typedarray-0.1/typedarray.min.js,C:/Users/oorie/OneDrive/Documentos/TRABALHOS/DLNM/05_publicacao_github/outputs/figures/interactive/rr_surface_3d_baia_da_ilha_grande_obitos_i63_ur_med_files/typedarray-0.1/typedarray.min.js,TRUE,FALSE,22444,2026-06-21 17:18:29.408278,js,outro,figura gerada,ok,ativo
outputs/figures/interactive/rr_surface_3d_baixada_litoranea_internacoes_i60_i62_temp_med.html,C:/Users/oorie/OneDrive/Documentos/TRABALHOS/DLNM/05_publicacao_github/outputs/figures/interactive/rr_surface_3d_baixada_litoranea_internacoes_i60_i62_temp_med.html,TRUE,FALSE,52313,2026-06-21 17:18:29.408421,html,HTML,figura gerada,ok,ativo
outputs/figures/interactive/rr_surface_3d_baixada_litoranea_internacoes_i60_i62_ur_med.html,C:/Users/oorie/OneDrive/Documentos/TRABALHOS/DLNM/05_publicacao_github/outputs/figures/interactive/rr_surface_3d_baixada_litoranea_internacoes_i60_i62_ur_med.html,TRUE,FALSE,52503,2026-06-21 17:18:29.408556,html,HTML,figura gerada,ok,ativo
outputs/figures/interactive/rr_surface_3d_baixada_litoranea_internacoes_i60_i64_temp_med.html,C:/Users/oorie/OneDrive/Documentos/TRABALHOS/DLNM/05_publicacao_github/outputs/figures/interactive/rr_surface_3d_baixada_litoranea_internacoes_i60_i64_temp_med.html,TRUE,FALSE,51997,2026-06-21 17:18:29.408691,html,HTML,figura gerada,ok,ativo
outputs/figures/interactive/rr_surface_3d_baixada_litoranea_internacoes_i60_i64_ur_med.html,C:/Users/oorie/OneDrive/Documentos/TRABALHOS/DLNM/05_publicacao_github/outputs/figures/interactive/rr_surface_3d_baixada_litoranea_internacoes_i60_i64_ur_med.html,TRUE,FALSE,51769,2026-06-21 17:18:29.40885,html,HTML,figura gerada,ok,ativo
outputs/figures/interactive/rr_surface_3d_baixada_litoranea_internacoes_i60_i69_temp_med.html,C:/Users/oorie/OneDrive/Documentos/TRABALHOS/DLNM/05_publicacao_github/outputs/figures/interactive/rr_surface_3d_baixada_litoranea_internacoes_i60_i69_temp_med.html,TRUE,FALSE,51801,2026-06-21 17:18:29.409027,html,HTML,figura gerada,ok,ativo
outputs/figures/interactive/rr_surface_3d_baixada_litoranea_internacoes_i60_i69_ur_med.html,C:/Users/oorie/OneDrive/Documentos/TRABALHOS/DLNM/05_publicacao_github/outputs/figures/interactive/rr_surface_3d_baixada_litoranea_internacoes_i60_i69_ur_med.html,TRUE,FALSE,51801,2026-06-21 17:18:29.409163,html,HTML,figura gerada,ok,ativo
outputs/figures/interactive/rr_surface_3d_baixada_litoranea_obitos_i60_i62_temp_med.html,C:/Users/oorie/OneDrive/Documentos/TRABALHOS/DLNM/05_publicacao_github/outputs/figures/interactive/rr_surface_3d_baixada_litoranea_obitos_i60_i62_temp_med.html,TRUE,FALSE,51652,2026-06-21 17:18:29.40929,html,HTML,figura gerada,ok,ativo
outputs/figures/interactive/rr_surface_3d_baixada_litoranea_obitos_i60_i62_ur_med.html,C:/Users/oorie/OneDrive/Documentos/TRABALHOS/DLNM/05_publicacao_github/outputs/figures/interactive/rr_surface_3d_baixada_litoranea_obitos_i60_i62_ur_med.html,TRUE,FALSE,51799,2026-06-21 17:18:29.409428,html,HTML,figura gerada,ok,ativo
outputs/figures/interactive/rr_surface_3d_baixada_litoranea_obitos_i60_i64_temp_med.html,C:/Users/oorie/OneDrive/Documentos/TRABALHOS/DLNM/05_publicacao_github/outputs/figures/interactive/rr_surface_3d_baixada_litoranea_obitos_i60_i64_temp_med.html,TRUE,FALSE,51934,2026-06-21 17:18:29.40955,html,HTML,figura gerada,ok,ativo
outputs/figures/interactive/rr_surface_3d_baixada_litoranea_obitos_i60_i64_ur_med.html,C:/Users/oorie/OneDrive/Documentos/TRABALHOS/DLNM/05_publicacao_github/outputs/figures/interactive/rr_surface_3d_baixada_litoranea_obitos_i60_i64_ur_med.html,TRUE,FALSE,51775,2026-06-21 17:18:29.409678,html,HTML,figura gerada,ok,ativo
outputs/figures/interactive/rr_surface_3d_baixada_litoranea_obitos_i60_i69_temp_med.html,C:/Users/oorie/OneDrive/Documentos/TRABALHOS/DLNM/05_publicacao_github/outputs/figures/interactive/rr_surface_3d_baixada_litoranea_obitos_i60_i69_temp_med.html,TRUE,FALSE,52118,2026-06-21 17:18:29.409807,html,HTML,figura gerada,ok,ativo
outputs/figures/interactive/rr_surface_3d_baixada_litoranea_obitos_i60_i69_ur_med.html,C:/Users/oorie/OneDrive/Documentos/TRABALHOS/DLNM/05_publicacao_github/outputs/figures/interactive/rr_surface_3d_baixada_litoranea_obitos_i60_i69_ur_med.html,TRUE,FALSE,51810,2026-06-21 17:18:29.409935,html,HTML,figura gerada,ok,ativo
outputs/figures/interactive/rr_surface_3d_baixada_litoranea_obitos_i63_temp_med.html,C:/Users/oorie/OneDrive/Documentos/TRABALHOS/DLNM/05_publicacao_github/outputs/figures/interactive/rr_surface_3d_baixada_litoranea_obitos_i63_temp_med.html,TRUE,FALSE,51743,2026-06-21 17:18:29.410076,html,HTML,figura gerada,ok,ativo
outputs/figures/interactive/rr_surface_3d_baixada_litoranea_obitos_i63_temp_med_files/crosstalk-1.2.2/css/crosstalk.min.css,C:/Users/oorie/OneDrive/Documentos/TRABALHOS/DLNM/05_publicacao_github/outputs/figures/interactive/rr_surface_3d_baixada_litoranea_obitos_i63_temp_med_files/crosstalk-1.2.2/css/crosstalk.min.css,TRUE,FALSE,1307,2026-06-21 17:18:29.410257,css,outro,figura gerada,ok,ativo
outputs/figures/interactive/rr_surface_3d_baixada_litoranea_obitos_i63_temp_med_files/crosstalk-1.2.2/js/crosstalk.js,C:/Users/oorie/OneDrive/Documentos/TRABALHOS/DLNM/05_publicacao_github/outputs/figures/interactive/rr_surface_3d_baixada_litoranea_obitos_i63_temp_med_files/crosstalk-1.2.2/js/crosstalk.js,TRUE,FALSE,50504,2026-06-21 17:18:29.410423,js,outro,figura gerada,ok,ativo
outputs/figures/interactive/rr_surface_3d_baixada_litoranea_obitos_i63_temp_med_files/crosstalk-1.2.2/js/crosstalk.js.map,C:/Users/oorie/OneDrive/Documentos/TRABALHOS/DLNM/05_publicacao_github/outputs/figures/interactive/rr_surface_3d_baixada_litoranea_obitos_i63_temp_med_files/crosstalk-1.2.2/js/crosstalk.js.map,TRUE,FALSE,54889,2026-06-21 17:18:29.410576,map,outro,figura gerada,ok,ativo
outputs/figures/interactive/rr_surface_3d_baixada_litoranea_obitos_i63_temp_med_files/crosstalk-1.2.2/js/crosstalk.min.js,C:/Users/oorie/OneDrive/Documentos/TRABALHOS/DLNM/05_publicacao_github/outputs/figures/interactive/rr_surface_3d_baixada_litoranea_obitos_i63_temp_med_files/crosstalk-1.2.2/js/crosstalk.min.js,TRUE,FALSE,18926,2026-06-21 17:18:29.410706,js,outro,figura gerada,ok,ativo
outputs/figures/interactive/rr_surface_3d_baixada_litoranea_obitos_i63_temp_med_files/crosstalk-1.2.2/js/crosstalk.min.js.map,C:/Users/oorie/OneDrive/Documentos/TRABALHOS/DLNM/05_publicacao_github/outputs/figures/interactive/rr_surface_3d_baixada_litoranea_obitos_i63_temp_med_files/crosstalk-1.2.2/js/crosstalk.min.js.map,TRUE,FALSE,50338,2026-06-21 17:18:29.410837,map,outro,figura gerada,ok,ativo
outputs/figures/interactive/rr_surface_3d_baixada_litoranea_obitos_i63_temp_med_files/crosstalk-1.2.2/scss/crosstalk.scss,C:/Users/oorie/OneDrive/Documentos/TRABALHOS/DLNM/05_publicacao_github/outputs/figures/interactive/rr_surface_3d_baixada_litoranea_obitos_i63_temp_med_files/crosstalk-1.2.2/scss/crosstalk.scss,TRUE,FALSE,1891,2026-06-21 17:18:29.410969,scss,outro,figura gerada,ok,ativo
outputs/figures/interactive/rr_surface_3d_baixada_litoranea_obitos_i63_temp_med_files/htmltools-fill-0.5.9/fill.css,C:/Users/oorie/OneDrive/Documentos/TRABALHOS/DLNM/05_publicacao_github/outputs/figures/interactive/rr_surface_3d_baixada_litoranea_obitos_i63_temp_med_files/htmltools-fill-0.5.9/fill.css,TRUE,FALSE,606,2026-06-21 17:18:29.41111,css,outro,figura gerada,ok,ativo
outputs/figures/interactive/rr_surface_3d_baixada_litoranea_obitos_i63_temp_med_files/htmlwidgets-1.6.4/htmlwidgets.js,C:/Users/oorie/OneDrive/Documentos/TRABALHOS/DLNM/05_publicacao_github/outputs/figures/interactive/rr_surface_3d_baixada_litoranea_obitos_i63_temp_med_files/htmlwidgets-1.6.4/htmlwidgets.js,TRUE,FALSE,34091,2026-06-21 17:18:29.411272,js,outro,figura gerada,ok,ativo
outputs/figures/interactive/rr_surface_3d_baixada_litoranea_obitos_i63_temp_med_files/jquery-3.5.1/jquery-AUTHORS.txt,C:/Users/oorie/OneDrive/Documentos/TRABALHOS/DLNM/05_publicacao_github/outputs/figures/interactive/rr_surface_3d_baixada_litoranea_obitos_i63_temp_med_files/jquery-3.5.1/jquery-AUTHORS.txt,TRUE,FALSE,13726,2026-06-21 17:18:29.411409,txt,documentação/log,figura gerada,ok,ativo
outputs/figures/interactive/rr_surface_3d_baixada_litoranea_obitos_i63_temp_med_files/jquery-3.5.1/jquery.js,C:/Users/oorie/OneDrive/Documentos/TRABALHOS/DLNM/05_publicacao_github/outputs/figures/interactive/rr_surface_3d_baixada_litoranea_obitos_i63_temp_med_files/jquery-3.5.1/jquery.js,TRUE,FALSE,298502,2026-06-21 17:18:29.411552,js,outro,figura gerada,ok,ativo
outputs/figures/interactive/rr_surface_3d_baixada_litoranea_obitos_i63_temp_med_files/jquery-3.5.1/jquery.min.js,C:/Users/oorie/OneDrive/Documentos/TRABALHOS/DLNM/05_publicacao_github/outputs/figures/interactive/rr_surface_3d_baixada_litoranea_obitos_i63_temp_med_files/jquery-3.5.1/jquery.min.js,TRUE,FALSE,89478,2026-06-21 17:18:29.411764,js,outro,figura gerada,ok,ativo
outputs/figures/interactive/rr_surface_3d_baixada_litoranea_obitos_i63_temp_med_files/jquery-3.5.1/jquery.min.map,C:/Users/oorie/OneDrive/Documentos/TRABALHOS/DLNM/05_publicacao_github/outputs/figures/interactive/rr_surface_3d_baixada_litoranea_obitos_i63_temp_med_files/jquery-3.5.1/jquery.min.map,TRUE,FALSE,137986,2026-06-21 17:18:29.41193,map,outro,figura gerada,ok,ativo
outputs/figures/interactive/rr_surface_3d_baixada_litoranea_obitos_i63_temp_med_files/plotly-binding-4.12.0/plotly.js,C:/Users/oorie/OneDrive/Documentos/TRABALHOS/DLNM/05_publicacao_github/outputs/figures/interactive/rr_surface_3d_baixada_litoranea_obitos_i63_temp_med_files/plotly-binding-4.12.0/plotly.js,TRUE,FALSE,34699,2026-06-21 17:18:29.412081,js,outro,figura gerada,ok,ativo
outputs/figures/interactive/rr_surface_3d_baixada_litoranea_obitos_i63_temp_med_files/plotly-htmlwidgets-css-2.25.2/plotly-htmlwidgets.css,C:/Users/oorie/OneDrive/Documentos/TRABALHOS/DLNM/05_publicacao_github/outputs/figures/interactive/rr_surface_3d_baixada_litoranea_obitos_i63_temp_med_files/plotly-htmlwidgets-css-2.25.2/plotly-htmlwidgets.css,TRUE,FALSE,182,2026-06-21 17:18:29.41222,css,outro,figura gerada,ok,ativo
outputs/figures/interactive/rr_surface_3d_baixada_litoranea_obitos_i63_temp_med_files/plotly-main-2.25.2/plotly-latest.min.js,C:/Users/oorie/OneDrive/Documentos/TRABALHOS/DLNM/05_publicacao_github/outputs/figures/interactive/rr_surface_3d_baixada_litoranea_obitos_i63_temp_med_files/plotly-main-2.25.2/plotly-latest.min.js,TRUE,FALSE,3575017,2026-06-21 17:18:29.41235,js,outro,figura gerada,ok,ativo
outputs/figures/interactive/rr_surface_3d_baixada_litoranea_obitos_i63_temp_med_files/typedarray-0.1/typedarray.min.js,C:/Users/oorie/OneDrive/Documentos/TRABALHOS/DLNM/05_publicacao_github/outputs/figures/interactive/rr_surface_3d_baixada_litoranea_obitos_i63_temp_med_files/typedarray-0.1/typedarray.min.js,TRUE,FALSE,22444,2026-06-21 17:18:29.412489,js,outro,figura gerada,ok,ativo
outputs/figures/interactive/rr_surface_3d_baixada_litoranea_obitos_i63_ur_med.html,C:/Users/oorie/OneDrive/Documentos/TRABALHOS/DLNM/05_publicacao_github/outputs/figures/interactive/rr_surface_3d_baixada_litoranea_obitos_i63_ur_med.html,TRUE,FALSE,51451,2026-06-21 17:18:29.412626,html,HTML,figura gerada,ok,ativo
outputs/figures/interactive/rr_surface_3d_baixada_litoranea_obitos_i63_ur_med_files/crosstalk-1.2.2/css/crosstalk.min.css,C:/Users/oorie/OneDrive/Documentos/TRABALHOS/DLNM/05_publicacao_github/outputs/figures/interactive/rr_surface_3d_baixada_litoranea_obitos_i63_ur_med_files/crosstalk-1.2.2/css/crosstalk.min.css,TRUE,FALSE,1307,2026-06-21 17:18:29.412773,css,outro,figura gerada,ok,ativo
outputs/figures/interactive/rr_surface_3d_baixada_litoranea_obitos_i63_ur_med_files/crosstalk-1.2.2/js/crosstalk.js,C:/Users/oorie/OneDrive/Documentos/TRABALHOS/DLNM/05_publicacao_github/outputs/figures/interactive/rr_surface_3d_baixada_litoranea_obitos_i63_ur_med_files/crosstalk-1.2.2/js/crosstalk.js,TRUE,FALSE,50504,2026-06-21 17:18:29.412933,js,outro,figura gerada,ok,ativo
outputs/figures/interactive/rr_surface_3d_baixada_litoranea_obitos_i63_ur_med_files/crosstalk-1.2.2/js/crosstalk.js.map,C:/Users/oorie/OneDrive/Documentos/TRABALHOS/DLNM/05_publicacao_github/outputs/figures/interactive/rr_surface_3d_baixada_litoranea_obitos_i63_ur_med_files/crosstalk-1.2.2/js/crosstalk.js.map,TRUE,FALSE,54889,2026-06-21 17:18:29.413069,map,outro,figura gerada,ok,ativo
outputs/figures/interactive/rr_surface_3d_baixada_litoranea_obitos_i63_ur_med_files/crosstalk-1.2.2/js/crosstalk.min.js,C:/Users/oorie/OneDrive/Documentos/TRABALHOS/DLNM/05_publicacao_github/outputs/figures/interactive/rr_surface_3d_baixada_litoranea_obitos_i63_ur_med_files/crosstalk-1.2.2/js/crosstalk.min.js,TRUE,FALSE,18926,2026-06-21 17:18:29.413219,js,outro,figura gerada,ok,ativo
outputs/figures/interactive/rr_surface_3d_baixada_litoranea_obitos_i63_ur_med_files/crosstalk-1.2.2/js/crosstalk.min.js.map,C:/Users/oorie/OneDrive/Documentos/TRABALHOS/DLNM/05_publicacao_github/outputs/figures/interactive/rr_surface_3d_baixada_litoranea_obitos_i63_ur_med_files/crosstalk-1.2.2/js/crosstalk.min.js.map,TRUE,FALSE,50338,2026-06-21 17:18:29.413359,map,outro,figura gerada,ok,ativo
outputs/figures/interactive/rr_surface_3d_baixada_litoranea_obitos_i63_ur_med_files/crosstalk-1.2.2/scss/crosstalk.scss,C:/Users/oorie/OneDrive/Documentos/TRABALHOS/DLNM/05_publicacao_github/outputs/figures/interactive/rr_surface_3d_baixada_litoranea_obitos_i63_ur_med_files/crosstalk-1.2.2/scss/crosstalk.scss,TRUE,FALSE,1891,2026-06-21 17:18:29.413498,scss,outro,figura gerada,ok,ativo
outputs/figures/interactive/rr_surface_3d_baixada_litoranea_obitos_i63_ur_med_files/htmltools-fill-0.5.9/fill.css,C:/Users/oorie/OneDrive/Documentos/TRABALHOS/DLNM/05_publicacao_github/outputs/figures/interactive/rr_surface_3d_baixada_litoranea_obitos_i63_ur_med_files/htmltools-fill-0.5.9/fill.css,TRUE,FALSE,606,2026-06-21 17:18:29.413651,css,outro,figura gerada,ok,ativo
outputs/figures/interactive/rr_surface_3d_baixada_litoranea_obitos_i63_ur_med_files/htmlwidgets-1.6.4/htmlwidgets.js,C:/Users/oorie/OneDrive/Documentos/TRABALHOS/DLNM/05_publicacao_github/outputs/figures/interactive/rr_surface_3d_baixada_litoranea_obitos_i63_ur_med_files/htmlwidgets-1.6.4/htmlwidgets.js,TRUE,FALSE,34091,2026-06-21 17:18:29.41379,js,outro,figura gerada,ok,ativo
outputs/figures/interactive/rr_surface_3d_baixada_litoranea_obitos_i63_ur_med_files/jquery-3.5.1/jquery-AUTHORS.txt,C:/Users/oorie/OneDrive/Documentos/TRABALHOS/DLNM/05_publicacao_github/outputs/figures/interactive/rr_surface_3d_baixada_litoranea_obitos_i63_ur_med_files/jquery-3.5.1/jquery-AUTHORS.txt,TRUE,FALSE,13726,2026-06-21 17:18:29.413923,txt,documentação/log,figura gerada,ok,ativo
outputs/figures/interactive/rr_surface_3d_baixada_litoranea_obitos_i63_ur_med_files/jquery-3.5.1/jquery.js,C:/Users/oorie/OneDrive/Documentos/TRABALHOS/DLNM/05_publicacao_github/outputs/figures/interactive/rr_surface_3d_baixada_litoranea_obitos_i63_ur_med_files/jquery-3.5.1/jquery.js,TRUE,FALSE,298502,2026-06-21 17:18:29.414061,js,outro,figura gerada,ok,ativo
outputs/figures/interactive/rr_surface_3d_baixada_litoranea_obitos_i63_ur_med_files/jquery-3.5.1/jquery.min.js,C:/Users/oorie/OneDrive/Documentos/TRABALHOS/DLNM/05_publicacao_github/outputs/figures/interactive/rr_surface_3d_baixada_litoranea_obitos_i63_ur_med_files/jquery-3.5.1/jquery.min.js,TRUE,FALSE,89478,2026-06-21 17:18:29.414228,js,outro,figura gerada,ok,ativo
outputs/figures/interactive/rr_surface_3d_baixada_litoranea_obitos_i63_ur_med_files/jquery-3.5.1/jquery.min.map,C:/Users/oorie/OneDrive/Documentos/TRABALHOS/DLNM/05_publicacao_github/outputs/figures/interactive/rr_surface_3d_baixada_litoranea_obitos_i63_ur_med_files/jquery-3.5.1/jquery.min.map,TRUE,FALSE,137986,2026-06-21 17:18:29.414394,map,outro,figura gerada,ok,ativo
outputs/figures/interactive/rr_surface_3d_baixada_litoranea_obitos_i63_ur_med_files/plotly-binding-4.12.0/plotly.js,C:/Users/oorie/OneDrive/Documentos/TRABALHOS/DLNM/05_publicacao_github/outputs/figures/interactive/rr_surface_3d_baixada_litoranea_obitos_i63_ur_med_files/plotly-binding-4.12.0/plotly.js,TRUE,FALSE,34699,2026-06-21 17:18:29.414547,js,outro,figura gerada,ok,ativo
outputs/figures/interactive/rr_surface_3d_baixada_litoranea_obitos_i63_ur_med_files/plotly-htmlwidgets-css-2.25.2/plotly-htmlwidgets.css,C:/Users/oorie/OneDrive/Documentos/TRABALHOS/DLNM/05_publicacao_github/outputs/figures/interactive/rr_surface_3d_baixada_litoranea_obitos_i63_ur_med_files/plotly-htmlwidgets-css-2.25.2/plotly-htmlwidgets.css,TRUE,FALSE,182,2026-06-21 17:18:29.414686,css,outro,figura gerada,ok,ativo
outputs/figures/interactive/rr_surface_3d_baixada_litoranea_obitos_i63_ur_med_files/plotly-main-2.25.2/plotly-latest.min.js,C:/Users/oorie/OneDrive/Documentos/TRABALHOS/DLNM/05_publicacao_github/outputs/figures/interactive/rr_surface_3d_baixada_litoranea_obitos_i63_ur_med_files/plotly-main-2.25.2/plotly-latest.min.js,TRUE,FALSE,3575017,2026-06-21 17:18:29.414839,js,outro,figura gerada,ok,ativo
outputs/figures/interactive/rr_surface_3d_baixada_litoranea_obitos_i63_ur_med_files/typedarray-0.1/typedarray.min.js,C:/Users/oorie/OneDrive/Documentos/TRABALHOS/DLNM/05_publicacao_github/outputs/figures/interactive/rr_surface_3d_baixada_litoranea_obitos_i63_ur_med_files/typedarray-0.1/typedarray.min.js,TRUE,FALSE,22444,2026-06-21 17:18:29.41497,js,outro,figura gerada,ok,ativo
outputs/figures/interactive/rr_surface_3d_centro_sul_internacoes_i60_i62_temp_med.html,C:/Users/oorie/OneDrive/Documentos/TRABALHOS/DLNM/05_publicacao_github/outputs/figures/interactive/rr_surface_3d_centro_sul_internacoes_i60_i62_temp_med.html,TRUE,FALSE,52351,2026-06-21 17:18:29.415134,html,HTML,figura gerada,ok,ativo
outputs/figures/interactive/rr_surface_3d_centro_sul_internacoes_i60_i62_ur_med.html,C:/Users/oorie/OneDrive/Documentos/TRABALHOS/DLNM/05_publicacao_github/outputs/figures/interactive/rr_surface_3d_centro_sul_internacoes_i60_i62_ur_med.html,TRUE,FALSE,52088,2026-06-21 17:18:29.415268,html,HTML,figura gerada,ok,ativo
outputs/figures/interactive/rr_surface_3d_centro_sul_internacoes_i60_i64_temp_med.html,C:/Users/oorie/OneDrive/Documentos/TRABALHOS/DLNM/05_publicacao_github/outputs/figures/interactive/rr_surface_3d_centro_sul_internacoes_i60_i64_temp_med.html,TRUE,FALSE,51762,2026-06-21 17:18:29.415396,html,HTML,figura gerada,ok,ativo
outputs/figures/interactive/rr_surface_3d_centro_sul_internacoes_i60_i64_ur_med.html,C:/Users/oorie/OneDrive/Documentos/TRABALHOS/DLNM/05_publicacao_github/outputs/figures/interactive/rr_surface_3d_centro_sul_internacoes_i60_i64_ur_med.html,TRUE,FALSE,52190,2026-06-21 17:18:29.415522,html,HTML,figura gerada,ok,ativo
outputs/figures/interactive/rr_surface_3d_centro_sul_internacoes_i60_i69_temp_med.html,C:/Users/oorie/OneDrive/Documentos/TRABALHOS/DLNM/05_publicacao_github/outputs/figures/interactive/rr_surface_3d_centro_sul_internacoes_i60_i69_temp_med.html,TRUE,FALSE,51773,2026-06-21 17:18:29.415651,html,HTML,figura gerada,ok,ativo
outputs/figures/interactive/rr_surface_3d_centro_sul_internacoes_i60_i69_ur_med.html,C:/Users/oorie/OneDrive/Documentos/TRABALHOS/DLNM/05_publicacao_github/outputs/figures/interactive/rr_surface_3d_centro_sul_internacoes_i60_i69_ur_med.html,TRUE,FALSE,52440,2026-06-21 17:18:29.415779,html,HTML,figura gerada,ok,ativo
outputs/figures/interactive/rr_surface_3d_centro_sul_internacoes_i63_temp_med.html,C:/Users/oorie/OneDrive/Documentos/TRABALHOS/DLNM/05_publicacao_github/outputs/figures/interactive/rr_surface_3d_centro_sul_internacoes_i63_temp_med.html,TRUE,FALSE,52159,2026-06-21 17:18:29.415916,html,HTML,figura gerada,ok,ativo
outputs/figures/interactive/rr_surface_3d_centro_sul_internacoes_i63_temp_med_files/crosstalk-1.2.2/css/crosstalk.min.css,C:/Users/oorie/OneDrive/Documentos/TRABALHOS/DLNM/05_publicacao_github/outputs/figures/interactive/rr_surface_3d_centro_sul_internacoes_i63_temp_med_files/crosstalk-1.2.2/css/crosstalk.min.css,TRUE,FALSE,1307,2026-06-21 17:18:29.416092,css,outro,figura gerada,ok,ativo
outputs/figures/interactive/rr_surface_3d_centro_sul_internacoes_i63_temp_med_files/crosstalk-1.2.2/js/crosstalk.js,C:/Users/oorie/OneDrive/Documentos/TRABALHOS/DLNM/05_publicacao_github/outputs/figures/interactive/rr_surface_3d_centro_sul_internacoes_i63_temp_med_files/crosstalk-1.2.2/js/crosstalk.js,TRUE,FALSE,50504,2026-06-21 17:18:29.416254,js,outro,figura gerada,ok,ativo
outputs/figures/interactive/rr_surface_3d_centro_sul_internacoes_i63_temp_med_files/crosstalk-1.2.2/js/crosstalk.js.map,C:/Users/oorie/OneDrive/Documentos/TRABALHOS/DLNM/05_publicacao_github/outputs/figures/interactive/rr_surface_3d_centro_sul_internacoes_i63_temp_med_files/crosstalk-1.2.2/js/crosstalk.js.map,TRUE,FALSE,54889,2026-06-21 17:18:29.416407,map,outro,figura gerada,ok,ativo
outputs/figures/interactive/rr_surface_3d_centro_sul_internacoes_i63_temp_med_files/crosstalk-1.2.2/js/crosstalk.min.js,C:/Users/oorie/OneDrive/Documentos/TRABALHOS/DLNM/05_publicacao_github/outputs/figures/interactive/rr_surface_3d_centro_sul_internacoes_i63_temp_med_files/crosstalk-1.2.2/js/crosstalk.min.js,TRUE,FALSE,18926,2026-06-21 17:18:29.416536,js,outro,figura gerada,ok,ativo
outputs/figures/interactive/rr_surface_3d_centro_sul_internacoes_i63_temp_med_files/crosstalk-1.2.2/js/crosstalk.min.js.map,C:/Users/oorie/OneDrive/Documentos/TRABALHOS/DLNM/05_publicacao_github/outputs/figures/interactive/rr_surface_3d_centro_sul_internacoes_i63_temp_med_files/crosstalk-1.2.2/js/crosstalk.min.js.map,TRUE,FALSE,50338,2026-06-21 17:18:29.416666,map,outro,figura gerada,ok,ativo
outputs/figures/interactive/rr_surface_3d_centro_sul_internacoes_i63_temp_med_files/crosstalk-1.2.2/scss/crosstalk.scss,C:/Users/oorie/OneDrive/Documentos/TRABALHOS/DLNM/05_publicacao_github/outputs/figures/interactive/rr_surface_3d_centro_sul_internacoes_i63_temp_med_files/crosstalk-1.2.2/scss/crosstalk.scss,TRUE,FALSE,1891,2026-06-21 17:18:29.416798,scss,outro,figura gerada,ok,ativo
outputs/figures/interactive/rr_surface_3d_centro_sul_internacoes_i63_temp_med_files/htmltools-fill-0.5.9/fill.css,C:/Users/oorie/OneDrive/Documentos/TRABALHOS/DLNM/05_publicacao_github/outputs/figures/interactive/rr_surface_3d_centro_sul_internacoes_i63_temp_med_files/htmltools-fill-0.5.9/fill.css,TRUE,FALSE,606,2026-06-21 17:18:29.416929,css,outro,figura gerada,ok,ativo
outputs/figures/interactive/rr_surface_3d_centro_sul_internacoes_i63_temp_med_files/htmlwidgets-1.6.4/htmlwidgets.js,C:/Users/oorie/OneDrive/Documentos/TRABALHOS/DLNM/05_publicacao_github/outputs/figures/interactive/rr_surface_3d_centro_sul_internacoes_i63_temp_med_files/htmlwidgets-1.6.4/htmlwidgets.js,TRUE,FALSE,34091,2026-06-21 17:18:29.417059,js,outro,figura gerada,ok,ativo
outputs/figures/interactive/rr_surface_3d_centro_sul_internacoes_i63_temp_med_files/jquery-3.5.1/jquery-AUTHORS.txt,C:/Users/oorie/OneDrive/Documentos/TRABALHOS/DLNM/05_publicacao_github/outputs/figures/interactive/rr_surface_3d_centro_sul_internacoes_i63_temp_med_files/jquery-3.5.1/jquery-AUTHORS.txt,TRUE,FALSE,13726,2026-06-21 17:18:29.417194,txt,documentação/log,figura gerada,ok,ativo
outputs/figures/interactive/rr_surface_3d_centro_sul_internacoes_i63_temp_med_files/jquery-3.5.1/jquery.js,C:/Users/oorie/OneDrive/Documentos/TRABALHOS/DLNM/05_publicacao_github/outputs/figures/interactive/rr_surface_3d_centro_sul_internacoes_i63_temp_med_files/jquery-3.5.1/jquery.js,TRUE,FALSE,298502,2026-06-21 17:18:29.417353,js,outro,figura gerada,ok,ativo
outputs/figures/interactive/rr_surface_3d_centro_sul_internacoes_i63_temp_med_files/jquery-3.5.1/jquery.min.js,C:/Users/oorie/OneDrive/Documentos/TRABALHOS/DLNM/05_publicacao_github/outputs/figures/interactive/rr_surface_3d_centro_sul_internacoes_i63_temp_med_files/jquery-3.5.1/jquery.min.js,TRUE,FALSE,89478,2026-06-21 17:18:29.417513,js,outro,figura gerada,ok,ativo
outputs/figures/interactive/rr_surface_3d_centro_sul_internacoes_i63_temp_med_files/jquery-3.5.1/jquery.min.map,C:/Users/oorie/OneDrive/Documentos/TRABALHOS/DLNM/05_publicacao_github/outputs/figures/interactive/rr_surface_3d_centro_sul_internacoes_i63_temp_med_files/jquery-3.5.1/jquery.min.map,TRUE,FALSE,137986,2026-06-21 17:18:29.417681,map,outro,figura gerada,ok,ativo
outputs/figures/interactive/rr_surface_3d_centro_sul_internacoes_i63_temp_med_files/plotly-binding-4.12.0/plotly.js,C:/Users/oorie/OneDrive/Documentos/TRABALHOS/DLNM/05_publicacao_github/outputs/figures/interactive/rr_surface_3d_centro_sul_internacoes_i63_temp_med_files/plotly-binding-4.12.0/plotly.js,TRUE,FALSE,34699,2026-06-21 17:18:29.417841,js,outro,figura gerada,ok,ativo
outputs/figures/interactive/rr_surface_3d_centro_sul_internacoes_i63_temp_med_files/plotly-htmlwidgets-css-2.25.2/plotly-htmlwidgets.css,C:/Users/oorie/OneDrive/Documentos/TRABALHOS/DLNM/05_publicacao_github/outputs/figures/interactive/rr_surface_3d_centro_sul_internacoes_i63_temp_med_files/plotly-htmlwidgets-css-2.25.2/plotly-htmlwidgets.css,TRUE,FALSE,182,2026-06-21 17:18:29.41799,css,outro,figura gerada,ok,ativo
outputs/figures/interactive/rr_surface_3d_centro_sul_internacoes_i63_temp_med_files/plotly-main-2.25.2/plotly-latest.min.js,C:/Users/oorie/OneDrive/Documentos/TRABALHOS/DLNM/05_publicacao_github/outputs/figures/interactive/rr_surface_3d_centro_sul_internacoes_i63_temp_med_files/plotly-main-2.25.2/plotly-latest.min.js,TRUE,FALSE,3575017,2026-06-21 17:18:29.418173,js,outro,figura gerada,ok,ativo
outputs/figures/interactive/rr_surface_3d_centro_sul_internacoes_i63_temp_med_files/typedarray-0.1/typedarray.min.js,C:/Users/oorie/OneDrive/Documentos/TRABALHOS/DLNM/05_publicacao_github/outputs/figures/interactive/rr_surface_3d_centro_sul_internacoes_i63_temp_med_files/typedarray-0.1/typedarray.min.js,TRUE,FALSE,22444,2026-06-21 17:18:29.418316,js,outro,figura gerada,ok,ativo
outputs/figures/interactive/rr_surface_3d_centro_sul_internacoes_i63_ur_med.html,C:/Users/oorie/OneDrive/Documentos/TRABALHOS/DLNM/05_publicacao_github/outputs/figures/interactive/rr_surface_3d_centro_sul_internacoes_i63_ur_med.html,TRUE,FALSE,52011,2026-06-21 17:18:29.418455,html,HTML,figura gerada,ok,ativo
outputs/figures/interactive/rr_surface_3d_centro_sul_internacoes_i63_ur_med_files/crosstalk-1.2.2/css/crosstalk.min.css,C:/Users/oorie/OneDrive/Documentos/TRABALHOS/DLNM/05_publicacao_github/outputs/figures/interactive/rr_surface_3d_centro_sul_internacoes_i63_ur_med_files/crosstalk-1.2.2/css/crosstalk.min.css,TRUE,FALSE,1307,2026-06-21 17:18:29.418642,css,outro,figura gerada,ok,ativo
outputs/figures/interactive/rr_surface_3d_centro_sul_internacoes_i63_ur_med_files/crosstalk-1.2.2/js/crosstalk.js,C:/Users/oorie/OneDrive/Documentos/TRABALHOS/DLNM/05_publicacao_github/outputs/figures/interactive/rr_surface_3d_centro_sul_internacoes_i63_ur_med_files/crosstalk-1.2.2/js/crosstalk.js,TRUE,FALSE,50504,2026-06-21 17:18:29.418791,js,outro,figura gerada,ok,ativo
outputs/figures/interactive/rr_surface_3d_centro_sul_internacoes_i63_ur_med_files/crosstalk-1.2.2/js/crosstalk.js.map,C:/Users/oorie/OneDrive/Documentos/TRABALHOS/DLNM/05_publicacao_github/outputs/figures/interactive/rr_surface_3d_centro_sul_internacoes_i63_ur_med_files/crosstalk-1.2.2/js/crosstalk.js.map,TRUE,FALSE,54889,2026-06-21 17:18:29.418934,map,outro,figura gerada,ok,ativo
outputs/figures/interactive/rr_surface_3d_centro_sul_internacoes_i63_ur_med_files/crosstalk-1.2.2/js/crosstalk.min.js,C:/Users/oorie/OneDrive/Documentos/TRABALHOS/DLNM/05_publicacao_github/outputs/figures/interactive/rr_surface_3d_centro_sul_internacoes_i63_ur_med_files/crosstalk-1.2.2/js/crosstalk.min.js,TRUE,FALSE,18926,2026-06-21 17:18:29.419191,js,outro,figura gerada,ok,ativo
outputs/figures/interactive/rr_surface_3d_centro_sul_internacoes_i63_ur_med_files/crosstalk-1.2.2/js/crosstalk.min.js.map,C:/Users/oorie/OneDrive/Documentos/TRABALHOS/DLNM/05_publicacao_github/outputs/figures/interactive/rr_surface_3d_centro_sul_internacoes_i63_ur_med_files/crosstalk-1.2.2/js/crosstalk.min.js.map,TRUE,FALSE,50338,2026-06-21 17:18:29.419449,map,outro,figura gerada,ok,ativo
outputs/figures/interactive/rr_surface_3d_centro_sul_internacoes_i63_ur_med_files/crosstalk-1.2.2/scss/crosstalk.scss,C:/Users/oorie/OneDrive/Documentos/TRABALHOS/DLNM/05_publicacao_github/outputs/figures/interactive/rr_surface_3d_centro_sul_internacoes_i63_ur_med_files/crosstalk-1.2.2/scss/crosstalk.scss,TRUE,FALSE,1891,2026-06-21 17:18:29.419647,scss,outro,figura gerada,ok,ativo
outputs/figures/interactive/rr_surface_3d_centro_sul_internacoes_i63_ur_med_files/htmltools-fill-0.5.9/fill.css,C:/Users/oorie/OneDrive/Documentos/TRABALHOS/DLNM/05_publicacao_github/outputs/figures/interactive/rr_surface_3d_centro_sul_internacoes_i63_ur_med_files/htmltools-fill-0.5.9/fill.css,TRUE,FALSE,606,2026-06-21 17:18:29.419811,css,outro,figura gerada,ok,ativo
outputs/figures/interactive/rr_surface_3d_centro_sul_internacoes_i63_ur_med_files/htmlwidgets-1.6.4/htmlwidgets.js,C:/Users/oorie/OneDrive/Documentos/TRABALHOS/DLNM/05_publicacao_github/outputs/figures/interactive/rr_surface_3d_centro_sul_internacoes_i63_ur_med_files/htmlwidgets-1.6.4/htmlwidgets.js,TRUE,FALSE,34091,2026-06-21 17:18:29.419968,js,outro,figura gerada,ok,ativo
outputs/figures/interactive/rr_surface_3d_centro_sul_internacoes_i63_ur_med_files/jquery-3.5.1/jquery-AUTHORS.txt,C:/Users/oorie/OneDrive/Documentos/TRABALHOS/DLNM/05_publicacao_github/outputs/figures/interactive/rr_surface_3d_centro_sul_internacoes_i63_ur_med_files/jquery-3.5.1/jquery-AUTHORS.txt,TRUE,FALSE,13726,2026-06-21 17:18:29.42013,txt,documentação/log,figura gerada,ok,ativo
outputs/figures/interactive/rr_surface_3d_centro_sul_internacoes_i63_ur_med_files/jquery-3.5.1/jquery.js,C:/Users/oorie/OneDrive/Documentos/TRABALHOS/DLNM/05_publicacao_github/outputs/figures/interactive/rr_surface_3d_centro_sul_internacoes_i63_ur_med_files/jquery-3.5.1/jquery.js,TRUE,FALSE,298502,2026-06-21 17:18:29.4205,js,outro,figura gerada,ok,ativo
outputs/figures/interactive/rr_surface_3d_centro_sul_internacoes_i63_ur_med_files/jquery-3.5.1/jquery.min.js,C:/Users/oorie/OneDrive/Documentos/TRABALHOS/DLNM/05_publicacao_github/outputs/figures/interactive/rr_surface_3d_centro_sul_internacoes_i63_ur_med_files/jquery-3.5.1/jquery.min.js,TRUE,FALSE,89478,2026-06-21 17:18:29.420921,js,outro,figura gerada,ok,ativo
outputs/figures/interactive/rr_surface_3d_centro_sul_internacoes_i63_ur_med_files/jquery-3.5.1/jquery.min.map,C:/Users/oorie/OneDrive/Documentos/TRABALHOS/DLNM/05_publicacao_github/outputs/figures/interactive/rr_surface_3d_centro_sul_internacoes_i63_ur_med_files/jquery-3.5.1/jquery.min.map,TRUE,FALSE,137986,2026-06-21 17:18:29.421144,map,outro,figura gerada,ok,ativo
outputs/figures/interactive/rr_surface_3d_centro_sul_internacoes_i63_ur_med_files/plotly-binding-4.12.0/plotly.js,C:/Users/oorie/OneDrive/Documentos/TRABALHOS/DLNM/05_publicacao_github/outputs/figures/interactive/rr_surface_3d_centro_sul_internacoes_i63_ur_med_files/plotly-binding-4.12.0/plotly.js,TRUE,FALSE,34699,2026-06-21 17:18:29.421318,js,outro,figura gerada,ok,ativo
outputs/figures/interactive/rr_surface_3d_centro_sul_internacoes_i63_ur_med_files/plotly-htmlwidgets-css-2.25.2/plotly-htmlwidgets.css,C:/Users/oorie/OneDrive/Documentos/TRABALHOS/DLNM/05_publicacao_github/outputs/figures/interactive/rr_surface_3d_centro_sul_internacoes_i63_ur_med_files/plotly-htmlwidgets-css-2.25.2/plotly-htmlwidgets.css,TRUE,FALSE,182,2026-06-21 17:18:29.421522,css,outro,figura gerada,ok,ativo
outputs/figures/interactive/rr_surface_3d_centro_sul_internacoes_i63_ur_med_files/plotly-main-2.25.2/plotly-latest.min.js,C:/Users/oorie/OneDrive/Documentos/TRABALHOS/DLNM/05_publicacao_github/outputs/figures/interactive/rr_surface_3d_centro_sul_internacoes_i63_ur_med_files/plotly-main-2.25.2/plotly-latest.min.js,TRUE,FALSE,3575017,2026-06-21 17:18:29.421675,js,outro,figura gerada,ok,ativo
outputs/figures/interactive/rr_surface_3d_centro_sul_internacoes_i63_ur_med_files/typedarray-0.1/typedarray.min.js,C:/Users/oorie/OneDrive/Documentos/TRABALHOS/DLNM/05_publicacao_github/outputs/figures/interactive/rr_surface_3d_centro_sul_internacoes_i63_ur_med_files/typedarray-0.1/typedarray.min.js,TRUE,FALSE,22444,2026-06-21 17:18:29.421831,js,outro,figura gerada,ok,ativo
outputs/figures/interactive/rr_surface_3d_centro_sul_obitos_i60_i62_temp_med.html,C:/Users/oorie/OneDrive/Documentos/TRABALHOS/DLNM/05_publicacao_github/outputs/figures/interactive/rr_surface_3d_centro_sul_obitos_i60_i62_temp_med.html,TRUE,FALSE,52183,2026-06-21 17:18:29.422277,html,HTML,figura gerada,ok,ativo
outputs/figures/interactive/rr_surface_3d_centro_sul_obitos_i60_i62_ur_med.html,C:/Users/oorie/OneDrive/Documentos/TRABALHOS/DLNM/05_publicacao_github/outputs/figures/interactive/rr_surface_3d_centro_sul_obitos_i60_i62_ur_med.html,TRUE,FALSE,51669,2026-06-21 17:18:29.42255,html,HTML,figura gerada,ok,ativo
outputs/figures/interactive/rr_surface_3d_centro_sul_obitos_i60_i62_ur_med_files/crosstalk-1.2.2/css/crosstalk.min.css,C:/Users/oorie/OneDrive/Documentos/TRABALHOS/DLNM/05_publicacao_github/outputs/figures/interactive/rr_surface_3d_centro_sul_obitos_i60_i62_ur_med_files/crosstalk-1.2.2/css/crosstalk.min.css,TRUE,FALSE,1307,2026-06-21 17:18:29.422731,css,outro,figura gerada,ok,ativo
outputs/figures/interactive/rr_surface_3d_centro_sul_obitos_i60_i62_ur_med_files/crosstalk-1.2.2/js/crosstalk.js,C:/Users/oorie/OneDrive/Documentos/TRABALHOS/DLNM/05_publicacao_github/outputs/figures/interactive/rr_surface_3d_centro_sul_obitos_i60_i62_ur_med_files/crosstalk-1.2.2/js/crosstalk.js,TRUE,FALSE,50504,2026-06-21 17:18:29.422928,js,outro,figura gerada,ok,ativo
outputs/figures/interactive/rr_surface_3d_centro_sul_obitos_i60_i62_ur_med_files/crosstalk-1.2.2/js/crosstalk.js.map,C:/Users/oorie/OneDrive/Documentos/TRABALHOS/DLNM/05_publicacao_github/outputs/figures/interactive/rr_surface_3d_centro_sul_obitos_i60_i62_ur_med_files/crosstalk-1.2.2/js/crosstalk.js.map,TRUE,FALSE,54889,2026-06-21 17:18:29.423082,map,outro,figura gerada,ok,ativo
outputs/figures/interactive/rr_surface_3d_centro_sul_obitos_i60_i62_ur_med_files/crosstalk-1.2.2/js/crosstalk.min.js,C:/Users/oorie/OneDrive/Documentos/TRABALHOS/DLNM/05_publicacao_github/outputs/figures/interactive/rr_surface_3d_centro_sul_obitos_i60_i62_ur_med_files/crosstalk-1.2.2/js/crosstalk.min.js,TRUE,FALSE,18926,2026-06-21 17:18:29.423231,js,outro,figura gerada,ok,ativo
outputs/figures/interactive/rr_surface_3d_centro_sul_obitos_i60_i62_ur_med_files/crosstalk-1.2.2/js/crosstalk.min.js.map,C:/Users/oorie/OneDrive/Documentos/TRABALHOS/DLNM/05_publicacao_github/outputs/figures/interactive/rr_surface_3d_centro_sul_obitos_i60_i62_ur_med_files/crosstalk-1.2.2/js/crosstalk.min.js.map,TRUE,FALSE,50338,2026-06-21 17:18:29.423428,map,outro,figura gerada,ok,ativo
outputs/figures/interactive/rr_surface_3d_centro_sul_obitos_i60_i62_ur_med_files/crosstalk-1.2.2/scss/crosstalk.scss,C:/Users/oorie/OneDrive/Documentos/TRABALHOS/DLNM/05_publicacao_github/outputs/figures/interactive/rr_surface_3d_centro_sul_obitos_i60_i62_ur_med_files/crosstalk-1.2.2/scss/crosstalk.scss,TRUE,FALSE,1891,2026-06-21 17:18:29.423594,scss,outro,figura gerada,ok,ativo
outputs/figures/interactive/rr_surface_3d_centro_sul_obitos_i60_i62_ur_med_files/htmltools-fill-0.5.9/fill.css,C:/Users/oorie/OneDrive/Documentos/TRABALHOS/DLNM/05_publicacao_github/outputs/figures/interactive/rr_surface_3d_centro_sul_obitos_i60_i62_ur_med_files/htmltools-fill-0.5.9/fill.css,TRUE,FALSE,606,2026-06-21 17:18:29.423767,css,outro,figura gerada,ok,ativo
outputs/figures/interactive/rr_surface_3d_centro_sul_obitos_i60_i62_ur_med_files/htmlwidgets-1.6.4/htmlwidgets.js,C:/Users/oorie/OneDrive/Documentos/TRABALHOS/DLNM/05_publicacao_github/outputs/figures/interactive/rr_surface_3d_centro_sul_obitos_i60_i62_ur_med_files/htmlwidgets-1.6.4/htmlwidgets.js,TRUE,FALSE,34091,2026-06-21 17:18:29.424017,js,outro,figura gerada,ok,ativo
outputs/figures/interactive/rr_surface_3d_centro_sul_obitos_i60_i62_ur_med_files/jquery-3.5.1/jquery-AUTHORS.txt,C:/Users/oorie/OneDrive/Documentos/TRABALHOS/DLNM/05_publicacao_github/outputs/figures/interactive/rr_surface_3d_centro_sul_obitos_i60_i62_ur_med_files/jquery-3.5.1/jquery-AUTHORS.txt,TRUE,FALSE,13726,2026-06-21 17:18:29.424175,txt,documentação/log,figura gerada,ok,ativo
outputs/figures/interactive/rr_surface_3d_centro_sul_obitos_i60_i62_ur_med_files/jquery-3.5.1/jquery.js,C:/Users/oorie/OneDrive/Documentos/TRABALHOS/DLNM/05_publicacao_github/outputs/figures/interactive/rr_surface_3d_centro_sul_obitos_i60_i62_ur_med_files/jquery-3.5.1/jquery.js,TRUE,FALSE,298502,2026-06-21 17:18:29.424316,js,outro,figura gerada,ok,ativo
outputs/figures/interactive/rr_surface_3d_centro_sul_obitos_i60_i62_ur_med_files/jquery-3.5.1/jquery.min.js,C:/Users/oorie/OneDrive/Documentos/TRABALHOS/DLNM/05_publicacao_github/outputs/figures/interactive/rr_surface_3d_centro_sul_obitos_i60_i62_ur_med_files/jquery-3.5.1/jquery.min.js,TRUE,FALSE,89478,2026-06-21 17:18:29.424442,js,outro,figura gerada,ok,ativo
outputs/figures/interactive/rr_surface_3d_centro_sul_obitos_i60_i62_ur_med_files/jquery-3.5.1/jquery.min.map,C:/Users/oorie/OneDrive/Documentos/TRABALHOS/DLNM/05_publicacao_github/outputs/figures/interactive/rr_surface_3d_centro_sul_obitos_i60_i62_ur_med_files/jquery-3.5.1/jquery.min.map,TRUE,FALSE,137986,2026-06-21 17:18:29.42457,map,outro,figura gerada,ok,ativo
outputs/figures/interactive/rr_surface_3d_centro_sul_obitos_i60_i62_ur_med_files/plotly-binding-4.12.0/plotly.js,C:/Users/oorie/OneDrive/Documentos/TRABALHOS/DLNM/05_publicacao_github/outputs/figures/interactive/rr_surface_3d_centro_sul_obitos_i60_i62_ur_med_files/plotly-binding-4.12.0/plotly.js,TRUE,FALSE,34699,2026-06-21 17:18:29.424711,js,outro,figura gerada,ok,ativo
outputs/figures/interactive/rr_surface_3d_centro_sul_obitos_i60_i62_ur_med_files/plotly-htmlwidgets-css-2.25.2/plotly-htmlwidgets.css,C:/Users/oorie/OneDrive/Documentos/TRABALHOS/DLNM/05_publicacao_github/outputs/figures/interactive/rr_surface_3d_centro_sul_obitos_i60_i62_ur_med_files/plotly-htmlwidgets-css-2.25.2/plotly-htmlwidgets.css,TRUE,FALSE,182,2026-06-21 17:18:29.424856,css,outro,figura gerada,ok,ativo
outputs/figures/interactive/rr_surface_3d_centro_sul_obitos_i60_i62_ur_med_files/plotly-main-2.25.2/plotly-latest.min.js,C:/Users/oorie/OneDrive/Documentos/TRABALHOS/DLNM/05_publicacao_github/outputs/figures/interactive/rr_surface_3d_centro_sul_obitos_i60_i62_ur_med_files/plotly-main-2.25.2/plotly-latest.min.js,TRUE,FALSE,3575017,2026-06-21 17:18:29.425009,js,outro,figura gerada,ok,ativo
outputs/figures/interactive/rr_surface_3d_centro_sul_obitos_i60_i62_ur_med_files/typedarray-0.1/typedarray.min.js,C:/Users/oorie/OneDrive/Documentos/TRABALHOS/DLNM/05_publicacao_github/outputs/figures/interactive/rr_surface_3d_centro_sul_obitos_i60_i62_ur_med_files/typedarray-0.1/typedarray.min.js,TRUE,FALSE,22444,2026-06-21 17:18:29.425144,js,outro,figura gerada,ok,ativo
outputs/figures/interactive/rr_surface_3d_centro_sul_obitos_i60_i64_temp_med.html,C:/Users/oorie/OneDrive/Documentos/TRABALHOS/DLNM/05_publicacao_github/outputs/figures/interactive/rr_surface_3d_centro_sul_obitos_i60_i64_temp_med.html,TRUE,FALSE,51981,2026-06-21 17:18:29.42528,html,HTML,figura gerada,ok,ativo
outputs/figures/interactive/rr_surface_3d_centro_sul_obitos_i60_i64_ur_med.html,C:/Users/oorie/OneDrive/Documentos/TRABALHOS/DLNM/05_publicacao_github/outputs/figures/interactive/rr_surface_3d_centro_sul_obitos_i60_i64_ur_med.html,TRUE,FALSE,52290,2026-06-21 17:18:29.425415,html,HTML,figura gerada,ok,ativo
outputs/figures/interactive/rr_surface_3d_centro_sul_obitos_i60_i69_temp_med.html,C:/Users/oorie/OneDrive/Documentos/TRABALHOS/DLNM/05_publicacao_github/outputs/figures/interactive/rr_surface_3d_centro_sul_obitos_i60_i69_temp_med.html,TRUE,FALSE,51707,2026-06-21 17:18:29.425545,html,HTML,figura gerada,ok,ativo
outputs/figures/interactive/rr_surface_3d_centro_sul_obitos_i60_i69_ur_med.html,C:/Users/oorie/OneDrive/Documentos/TRABALHOS/DLNM/05_publicacao_github/outputs/figures/interactive/rr_surface_3d_centro_sul_obitos_i60_i69_ur_med.html,TRUE,FALSE,52286,2026-06-21 17:18:29.425676,html,HTML,figura gerada,ok,ativo
outputs/figures/interactive/rr_surface_3d_centro_sul_obitos_i63_ur_med.html,C:/Users/oorie/OneDrive/Documentos/TRABALHOS/DLNM/05_publicacao_github/outputs/figures/interactive/rr_surface_3d_centro_sul_obitos_i63_ur_med.html,TRUE,FALSE,51577,2026-06-21 17:18:29.425808,html,HTML,figura gerada,ok,ativo
outputs/figures/interactive/rr_surface_3d_medio_paraiba_internacoes_i60_i62_temp_med.html,C:/Users/oorie/OneDrive/Documentos/TRABALHOS/DLNM/05_publicacao_github/outputs/figures/interactive/rr_surface_3d_medio_paraiba_internacoes_i60_i62_temp_med.html,TRUE,FALSE,51860,2026-06-21 17:18:29.425949,html,HTML,figura gerada,ok,ativo
outputs/figures/interactive/rr_surface_3d_medio_paraiba_internacoes_i60_i62_ur_med.html,C:/Users/oorie/OneDrive/Documentos/TRABALHOS/DLNM/05_publicacao_github/outputs/figures/interactive/rr_surface_3d_medio_paraiba_internacoes_i60_i62_ur_med.html,TRUE,FALSE,51987,2026-06-21 17:18:29.426102,html,HTML,figura gerada,ok,ativo
outputs/figures/interactive/rr_surface_3d_medio_paraiba_internacoes_i60_i62_ur_med_files/crosstalk-1.2.2/css/crosstalk.min.css,C:/Users/oorie/OneDrive/Documentos/TRABALHOS/DLNM/05_publicacao_github/outputs/figures/interactive/rr_surface_3d_medio_paraiba_internacoes_i60_i62_ur_med_files/crosstalk-1.2.2/css/crosstalk.min.css,TRUE,FALSE,1307,2026-06-21 17:18:29.426254,css,outro,figura gerada,ok,ativo
outputs/figures/interactive/rr_surface_3d_medio_paraiba_internacoes_i60_i62_ur_med_files/crosstalk-1.2.2/js/crosstalk.js,C:/Users/oorie/OneDrive/Documentos/TRABALHOS/DLNM/05_publicacao_github/outputs/figures/interactive/rr_surface_3d_medio_paraiba_internacoes_i60_i62_ur_med_files/crosstalk-1.2.2/js/crosstalk.js,TRUE,FALSE,50504,2026-06-21 17:18:29.426407,js,outro,figura gerada,ok,ativo
outputs/figures/interactive/rr_surface_3d_medio_paraiba_internacoes_i60_i62_ur_med_files/crosstalk-1.2.2/js/crosstalk.js.map,C:/Users/oorie/OneDrive/Documentos/TRABALHOS/DLNM/05_publicacao_github/outputs/figures/interactive/rr_surface_3d_medio_paraiba_internacoes_i60_i62_ur_med_files/crosstalk-1.2.2/js/crosstalk.js.map,TRUE,FALSE,54889,2026-06-21 17:18:29.426569,map,outro,figura gerada,ok,ativo
outputs/figures/interactive/rr_surface_3d_medio_paraiba_internacoes_i60_i62_ur_med_files/crosstalk-1.2.2/js/crosstalk.min.js,C:/Users/oorie/OneDrive/Documentos/TRABALHOS/DLNM/05_publicacao_github/outputs/figures/interactive/rr_surface_3d_medio_paraiba_internacoes_i60_i62_ur_med_files/crosstalk-1.2.2/js/crosstalk.min.js,TRUE,FALSE,18926,2026-06-21 17:18:29.426704,js,outro,figura gerada,ok,ativo
outputs/figures/interactive/rr_surface_3d_medio_paraiba_internacoes_i60_i62_ur_med_files/crosstalk-1.2.2/js/crosstalk.min.js.map,C:/Users/oorie/OneDrive/Documentos/TRABALHOS/DLNM/05_publicacao_github/outputs/figures/interactive/rr_surface_3d_medio_paraiba_internacoes_i60_i62_ur_med_files/crosstalk-1.2.2/js/crosstalk.min.js.map,TRUE,FALSE,50338,2026-06-21 17:18:29.426834,map,outro,figura gerada,ok,ativo
outputs/figures/interactive/rr_surface_3d_medio_paraiba_internacoes_i60_i62_ur_med_files/crosstalk-1.2.2/scss/crosstalk.scss,C:/Users/oorie/OneDrive/Documentos/TRABALHOS/DLNM/05_publicacao_github/outputs/figures/interactive/rr_surface_3d_medio_paraiba_internacoes_i60_i62_ur_med_files/crosstalk-1.2.2/scss/crosstalk.scss,TRUE,FALSE,1891,2026-06-21 17:18:29.42828,scss,outro,figura gerada,ok,ativo
outputs/figures/interactive/rr_surface_3d_medio_paraiba_internacoes_i60_i62_ur_med_files/htmltools-fill-0.5.9/fill.css,C:/Users/oorie/OneDrive/Documentos/TRABALHOS/DLNM/05_publicacao_github/outputs/figures/interactive/rr_surface_3d_medio_paraiba_internacoes_i60_i62_ur_med_files/htmltools-fill-0.5.9/fill.css,TRUE,FALSE,606,2026-06-21 17:18:29.42897,css,outro,figura gerada,ok,ativo
outputs/figures/interactive/rr_surface_3d_medio_paraiba_internacoes_i60_i62_ur_med_files/htmlwidgets-1.6.4/htmlwidgets.js,C:/Users/oorie/OneDrive/Documentos/TRABALHOS/DLNM/05_publicacao_github/outputs/figures/interactive/rr_surface_3d_medio_paraiba_internacoes_i60_i62_ur_med_files/htmlwidgets-1.6.4/htmlwidgets.js,TRUE,FALSE,34091,2026-06-21 17:18:29.429674,js,outro,figura gerada,ok,ativo
outputs/figures/interactive/rr_surface_3d_medio_paraiba_internacoes_i60_i62_ur_med_files/jquery-3.5.1/jquery-AUTHORS.txt,C:/Users/oorie/OneDrive/Documentos/TRABALHOS/DLNM/05_publicacao_github/outputs/figures/interactive/rr_surface_3d_medio_paraiba_internacoes_i60_i62_ur_med_files/jquery-3.5.1/jquery-AUTHORS.txt,TRUE,FALSE,13726,2026-06-21 17:18:29.430115,txt,documentação/log,figura gerada,ok,ativo
outputs/figures/interactive/rr_surface_3d_medio_paraiba_internacoes_i60_i62_ur_med_files/jquery-3.5.1/jquery.js,C:/Users/oorie/OneDrive/Documentos/TRABALHOS/DLNM/05_publicacao_github/outputs/figures/interactive/rr_surface_3d_medio_paraiba_internacoes_i60_i62_ur_med_files/jquery-3.5.1/jquery.js,TRUE,FALSE,298502,2026-06-21 17:18:29.43047,js,outro,figura gerada,ok,ativo
outputs/figures/interactive/rr_surface_3d_medio_paraiba_internacoes_i60_i62_ur_med_files/jquery-3.5.1/jquery.min.js,C:/Users/oorie/OneDrive/Documentos/TRABALHOS/DLNM/05_publicacao_github/outputs/figures/interactive/rr_surface_3d_medio_paraiba_internacoes_i60_i62_ur_med_files/jquery-3.5.1/jquery.min.js,TRUE,FALSE,89478,2026-06-21 17:18:29.431131,js,outro,figura gerada,ok,ativo
outputs/figures/interactive/rr_surface_3d_medio_paraiba_internacoes_i60_i62_ur_med_files/jquery-3.5.1/jquery.min.map,C:/Users/oorie/OneDrive/Documentos/TRABALHOS/DLNM/05_publicacao_github/outputs/figures/interactive/rr_surface_3d_medio_paraiba_internacoes_i60_i62_ur_med_files/jquery-3.5.1/jquery.min.map,TRUE,FALSE,137986,2026-06-21 17:18:29.431778,map,outro,figura gerada,ok,ativo
outputs/figures/interactive/rr_surface_3d_medio_paraiba_internacoes_i60_i62_ur_med_files/plotly-binding-4.12.0/plotly.js,C:/Users/oorie/OneDrive/Documentos/TRABALHOS/DLNM/05_publicacao_github/outputs/figures/interactive/rr_surface_3d_medio_paraiba_internacoes_i60_i62_ur_med_files/plotly-binding-4.12.0/plotly.js,TRUE,FALSE,34699,2026-06-21 17:18:29.432293,js,outro,figura gerada,ok,ativo
outputs/figures/interactive/rr_surface_3d_medio_paraiba_internacoes_i60_i62_ur_med_files/plotly-htmlwidgets-css-2.25.2/plotly-htmlwidgets.css,C:/Users/oorie/OneDrive/Documentos/TRABALHOS/DLNM/05_publicacao_github/outputs/figures/interactive/rr_surface_3d_medio_paraiba_internacoes_i60_i62_ur_med_files/plotly-htmlwidgets-css-2.25.2/plotly-htmlwidgets.css,TRUE,FALSE,182,2026-06-21 17:18:29.432665,css,outro,figura gerada,ok,ativo
outputs/figures/interactive/rr_surface_3d_medio_paraiba_internacoes_i60_i62_ur_med_files/plotly-main-2.25.2/plotly-latest.min.js,C:/Users/oorie/OneDrive/Documentos/TRABALHOS/DLNM/05_publicacao_github/outputs/figures/interactive/rr_surface_3d_medio_paraiba_internacoes_i60_i62_ur_med_files/plotly-main-2.25.2/plotly-latest.min.js,TRUE,FALSE,3575017,2026-06-21 17:18:29.4331,js,outro,figura gerada,ok,ativo
outputs/figures/interactive/rr_surface_3d_medio_paraiba_internacoes_i60_i62_ur_med_files/typedarray-0.1/typedarray.min.js,C:/Users/oorie/OneDrive/Documentos/TRABALHOS/DLNM/05_publicacao_github/outputs/figures/interactive/rr_surface_3d_medio_paraiba_internacoes_i60_i62_ur_med_files/typedarray-0.1/typedarray.min.js,TRUE,FALSE,22444,2026-06-21 17:18:29.43364,js,outro,figura gerada,ok,ativo
outputs/figures/interactive/rr_surface_3d_medio_paraiba_internacoes_i60_i64_temp_med.html,C:/Users/oorie/OneDrive/Documentos/TRABALHOS/DLNM/05_publicacao_github/outputs/figures/interactive/rr_surface_3d_medio_paraiba_internacoes_i60_i64_temp_med.html,TRUE,FALSE,51801,2026-06-21 17:18:29.434074,html,HTML,figura gerada,ok,ativo
outputs/figures/interactive/rr_surface_3d_medio_paraiba_internacoes_i60_i64_ur_med.html,C:/Users/oorie/OneDrive/Documentos/TRABALHOS/DLNM/05_publicacao_github/outputs/figures/interactive/rr_surface_3d_medio_paraiba_internacoes_i60_i64_ur_med.html,TRUE,FALSE,51538,2026-06-21 17:18:29.43453,html,HTML,figura gerada,ok,ativo
outputs/figures/interactive/rr_surface_3d_medio_paraiba_internacoes_i60_i64_ur_med_files/crosstalk-1.2.2/css/crosstalk.min.css,C:/Users/oorie/OneDrive/Documentos/TRABALHOS/DLNM/05_publicacao_github/outputs/figures/interactive/rr_surface_3d_medio_paraiba_internacoes_i60_i64_ur_med_files/crosstalk-1.2.2/css/crosstalk.min.css,TRUE,FALSE,1307,2026-06-21 17:18:29.435455,css,outro,figura gerada,ok,ativo
outputs/figures/interactive/rr_surface_3d_medio_paraiba_internacoes_i60_i64_ur_med_files/crosstalk-1.2.2/js/crosstalk.js,C:/Users/oorie/OneDrive/Documentos/TRABALHOS/DLNM/05_publicacao_github/outputs/figures/interactive/rr_surface_3d_medio_paraiba_internacoes_i60_i64_ur_med_files/crosstalk-1.2.2/js/crosstalk.js,TRUE,FALSE,50504,2026-06-21 17:18:29.435829,js,outro,figura gerada,ok,ativo
outputs/figures/interactive/rr_surface_3d_medio_paraiba_internacoes_i60_i64_ur_med_files/crosstalk-1.2.2/js/crosstalk.js.map,C:/Users/oorie/OneDrive/Documentos/TRABALHOS/DLNM/05_publicacao_github/outputs/figures/interactive/rr_surface_3d_medio_paraiba_internacoes_i60_i64_ur_med_files/crosstalk-1.2.2/js/crosstalk.js.map,TRUE,FALSE,54889,2026-06-21 17:18:29.436279,map,outro,figura gerada,ok,ativo
outputs/figures/interactive/rr_surface_3d_medio_paraiba_internacoes_i60_i64_ur_med_files/crosstalk-1.2.2/js/crosstalk.min.js,C:/Users/oorie/OneDrive/Documentos/TRABALHOS/DLNM/05_publicacao_github/outputs/figures/interactive/rr_surface_3d_medio_paraiba_internacoes_i60_i64_ur_med_files/crosstalk-1.2.2/js/crosstalk.min.js,TRUE,FALSE,18926,2026-06-21 17:18:29.43659,js,outro,figura gerada,ok,ativo
outputs/figures/interactive/rr_surface_3d_medio_paraiba_internacoes_i60_i64_ur_med_files/crosstalk-1.2.2/js/crosstalk.min.js.map,C:/Users/oorie/OneDrive/Documentos/TRABALHOS/DLNM/05_publicacao_github/outputs/figures/interactive/rr_surface_3d_medio_paraiba_internacoes_i60_i64_ur_med_files/crosstalk-1.2.2/js/crosstalk.min.js.map,TRUE,FALSE,50338,2026-06-21 17:18:29.436991,map,outro,figura gerada,ok,ativo
outputs/figures/interactive/rr_surface_3d_medio_paraiba_internacoes_i60_i64_ur_med_files/crosstalk-1.2.2/scss/crosstalk.scss,C:/Users/oorie/OneDrive/Documentos/TRABALHOS/DLNM/05_publicacao_github/outputs/figures/interactive/rr_surface_3d_medio_paraiba_internacoes_i60_i64_ur_med_files/crosstalk-1.2.2/scss/crosstalk.scss,TRUE,FALSE,1891,2026-06-21 17:18:29.437445,scss,outro,figura gerada,ok,ativo
outputs/figures/interactive/rr_surface_3d_medio_paraiba_internacoes_i60_i64_ur_med_files/htmltools-fill-0.5.9/fill.css,C:/Users/oorie/OneDrive/Documentos/TRABALHOS/DLNM/05_publicacao_github/outputs/figures/interactive/rr_surface_3d_medio_paraiba_internacoes_i60_i64_ur_med_files/htmltools-fill-0.5.9/fill.css,TRUE,FALSE,606,2026-06-21 17:18:29.437918,css,outro,figura gerada,ok,ativo
outputs/figures/interactive/rr_surface_3d_medio_paraiba_internacoes_i60_i64_ur_med_files/htmlwidgets-1.6.4/htmlwidgets.js,C:/Users/oorie/OneDrive/Documentos/TRABALHOS/DLNM/05_publicacao_github/outputs/figures/interactive/rr_surface_3d_medio_paraiba_internacoes_i60_i64_ur_med_files/htmlwidgets-1.6.4/htmlwidgets.js,TRUE,FALSE,34091,2026-06-21 17:18:29.438313,js,outro,figura gerada,ok,ativo
outputs/figures/interactive/rr_surface_3d_medio_paraiba_internacoes_i60_i64_ur_med_files/jquery-3.5.1/jquery-AUTHORS.txt,C:/Users/oorie/OneDrive/Documentos/TRABALHOS/DLNM/05_publicacao_github/outputs/figures/interactive/rr_surface_3d_medio_paraiba_internacoes_i60_i64_ur_med_files/jquery-3.5.1/jquery-AUTHORS.txt,TRUE,FALSE,13726,2026-06-21 17:18:29.438648,txt,documentação/log,figura gerada,ok,ativo
outputs/figures/interactive/rr_surface_3d_medio_paraiba_internacoes_i60_i64_ur_med_files/jquery-3.5.1/jquery.js,C:/Users/oorie/OneDrive/Documentos/TRABALHOS/DLNM/05_publicacao_github/outputs/figures/interactive/rr_surface_3d_medio_paraiba_internacoes_i60_i64_ur_med_files/jquery-3.5.1/jquery.js,TRUE,FALSE,298502,2026-06-21 17:18:29.438951,js,outro,figura gerada,ok,ativo
outputs/figures/interactive/rr_surface_3d_medio_paraiba_internacoes_i60_i64_ur_med_files/jquery-3.5.1/jquery.min.js,C:/Users/oorie/OneDrive/Documentos/TRABALHOS/DLNM/05_publicacao_github/outputs/figures/interactive/rr_surface_3d_medio_paraiba_internacoes_i60_i64_ur_med_files/jquery-3.5.1/jquery.min.js,TRUE,FALSE,89478,2026-06-21 17:18:29.439251,js,outro,figura gerada,ok,ativo
outputs/figures/interactive/rr_surface_3d_medio_paraiba_internacoes_i60_i64_ur_med_files/jquery-3.5.1/jquery.min.map,C:/Users/oorie/OneDrive/Documentos/TRABALHOS/DLNM/05_publicacao_github/outputs/figures/interactive/rr_surface_3d_medio_paraiba_internacoes_i60_i64_ur_med_files/jquery-3.5.1/jquery.min.map,TRUE,FALSE,137986,2026-06-21 17:18:29.439587,map,outro,figura gerada,ok,ativo
outputs/figures/interactive/rr_surface_3d_medio_paraiba_internacoes_i60_i64_ur_med_files/plotly-binding-4.12.0/plotly.js,C:/Users/oorie/OneDrive/Documentos/TRABALHOS/DLNM/05_publicacao_github/outputs/figures/interactive/rr_surface_3d_medio_paraiba_internacoes_i60_i64_ur_med_files/plotly-binding-4.12.0/plotly.js,TRUE,FALSE,34699,2026-06-21 17:18:29.439934,js,outro,figura gerada,ok,ativo
outputs/figures/interactive/rr_surface_3d_medio_paraiba_internacoes_i60_i64_ur_med_files/plotly-htmlwidgets-css-2.25.2/plotly-htmlwidgets.css,C:/Users/oorie/OneDrive/Documentos/TRABALHOS/DLNM/05_publicacao_github/outputs/figures/interactive/rr_surface_3d_medio_paraiba_internacoes_i60_i64_ur_med_files/plotly-htmlwidgets-css-2.25.2/plotly-htmlwidgets.css,TRUE,FALSE,182,2026-06-21 17:18:29.440283,css,outro,figura gerada,ok,ativo
outputs/figures/interactive/rr_surface_3d_medio_paraiba_internacoes_i60_i64_ur_med_files/plotly-main-2.25.2/plotly-latest.min.js,C:/Users/oorie/OneDrive/Documentos/TRABALHOS/DLNM/05_publicacao_github/outputs/figures/interactive/rr_surface_3d_medio_paraiba_internacoes_i60_i64_ur_med_files/plotly-main-2.25.2/plotly-latest.min.js,TRUE,FALSE,3575017,2026-06-21 17:18:29.440607,js,outro,figura gerada,ok,ativo
outputs/figures/interactive/rr_surface_3d_medio_paraiba_internacoes_i60_i64_ur_med_files/typedarray-0.1/typedarray.min.js,C:/Users/oorie/OneDrive/Documentos/TRABALHOS/DLNM/05_publicacao_github/outputs/figures/interactive/rr_surface_3d_medio_paraiba_internacoes_i60_i64_ur_med_files/typedarray-0.1/typedarray.min.js,TRUE,FALSE,22444,2026-06-21 17:18:29.441076,js,outro,figura gerada,ok,ativo
outputs/figures/interactive/rr_surface_3d_medio_paraiba_internacoes_i60_i69_temp_med.html,C:/Users/oorie/OneDrive/Documentos/TRABALHOS/DLNM/05_publicacao_github/outputs/figures/interactive/rr_surface_3d_medio_paraiba_internacoes_i60_i69_temp_med.html,TRUE,FALSE,52071,2026-06-21 17:18:29.44158,html,HTML,figura gerada,ok,ativo
outputs/figures/interactive/rr_surface_3d_medio_paraiba_internacoes_i60_i69_temp_med_files/crosstalk-1.2.2/css/crosstalk.min.css,C:/Users/oorie/OneDrive/Documentos/TRABALHOS/DLNM/05_publicacao_github/outputs/figures/interactive/rr_surface_3d_medio_paraiba_internacoes_i60_i69_temp_med_files/crosstalk-1.2.2/css/crosstalk.min.css,TRUE,FALSE,1307,2026-06-21 17:18:29.441923,css,outro,figura gerada,ok,ativo
outputs/figures/interactive/rr_surface_3d_medio_paraiba_internacoes_i60_i69_temp_med_files/crosstalk-1.2.2/js/crosstalk.js,C:/Users/oorie/OneDrive/Documentos/TRABALHOS/DLNM/05_publicacao_github/outputs/figures/interactive/rr_surface_3d_medio_paraiba_internacoes_i60_i69_temp_med_files/crosstalk-1.2.2/js/crosstalk.js,TRUE,FALSE,50504,2026-06-21 17:18:29.442394,js,outro,figura gerada,ok,ativo
outputs/figures/interactive/rr_surface_3d_medio_paraiba_internacoes_i60_i69_temp_med_files/crosstalk-1.2.2/js/crosstalk.js.map,C:/Users/oorie/OneDrive/Documentos/TRABALHOS/DLNM/05_publicacao_github/outputs/figures/interactive/rr_surface_3d_medio_paraiba_internacoes_i60_i69_temp_med_files/crosstalk-1.2.2/js/crosstalk.js.map,TRUE,FALSE,54889,2026-06-21 17:18:29.442841,map,outro,figura gerada,ok,ativo
outputs/figures/interactive/rr_surface_3d_medio_paraiba_internacoes_i60_i69_temp_med_files/crosstalk-1.2.2/js/crosstalk.min.js,C:/Users/oorie/OneDrive/Documentos/TRABALHOS/DLNM/05_publicacao_github/outputs/figures/interactive/rr_surface_3d_medio_paraiba_internacoes_i60_i69_temp_med_files/crosstalk-1.2.2/js/crosstalk.min.js,TRUE,FALSE,18926,2026-06-21 17:18:29.44314,js,outro,figura gerada,ok,ativo
outputs/figures/interactive/rr_surface_3d_medio_paraiba_internacoes_i60_i69_temp_med_files/crosstalk-1.2.2/js/crosstalk.min.js.map,C:/Users/oorie/OneDrive/Documentos/TRABALHOS/DLNM/05_publicacao_github/outputs/figures/interactive/rr_surface_3d_medio_paraiba_internacoes_i60_i69_temp_med_files/crosstalk-1.2.2/js/crosstalk.min.js.map,TRUE,FALSE,50338,2026-06-21 17:18:29.4436,map,outro,figura gerada,ok,ativo
outputs/figures/interactive/rr_surface_3d_medio_paraiba_internacoes_i60_i69_temp_med_files/crosstalk-1.2.2/scss/crosstalk.scss,C:/Users/oorie/OneDrive/Documentos/TRABALHOS/DLNM/05_publicacao_github/outputs/figures/interactive/rr_surface_3d_medio_paraiba_internacoes_i60_i69_temp_med_files/crosstalk-1.2.2/scss/crosstalk.scss,TRUE,FALSE,1891,2026-06-21 17:18:29.443939,scss,outro,figura gerada,ok,ativo
outputs/figures/interactive/rr_surface_3d_medio_paraiba_internacoes_i60_i69_temp_med_files/htmltools-fill-0.5.9/fill.css,C:/Users/oorie/OneDrive/Documentos/TRABALHOS/DLNM/05_publicacao_github/outputs/figures/interactive/rr_surface_3d_medio_paraiba_internacoes_i60_i69_temp_med_files/htmltools-fill-0.5.9/fill.css,TRUE,FALSE,606,2026-06-21 17:18:29.444288,css,outro,figura gerada,ok,ativo
outputs/figures/interactive/rr_surface_3d_medio_paraiba_internacoes_i60_i69_temp_med_files/htmlwidgets-1.6.4/htmlwidgets.js,C:/Users/oorie/OneDrive/Documentos/TRABALHOS/DLNM/05_publicacao_github/outputs/figures/interactive/rr_surface_3d_medio_paraiba_internacoes_i60_i69_temp_med_files/htmlwidgets-1.6.4/htmlwidgets.js,TRUE,FALSE,34091,2026-06-21 17:18:29.444597,js,outro,figura gerada,ok,ativo
outputs/figures/interactive/rr_surface_3d_medio_paraiba_internacoes_i60_i69_temp_med_files/jquery-3.5.1/jquery-AUTHORS.txt,C:/Users/oorie/OneDrive/Documentos/TRABALHOS/DLNM/05_publicacao_github/outputs/figures/interactive/rr_surface_3d_medio_paraiba_internacoes_i60_i69_temp_med_files/jquery-3.5.1/jquery-AUTHORS.txt,TRUE,FALSE,13726,2026-06-21 17:18:29.444952,txt,documentação/log,figura gerada,ok,ativo
outputs/figures/interactive/rr_surface_3d_medio_paraiba_internacoes_i60_i69_temp_med_files/jquery-3.5.1/jquery.js,C:/Users/oorie/OneDrive/Documentos/TRABALHOS/DLNM/05_publicacao_github/outputs/figures/interactive/rr_surface_3d_medio_paraiba_internacoes_i60_i69_temp_med_files/jquery-3.5.1/jquery.js,TRUE,FALSE,298502,2026-06-21 17:18:29.445593,js,outro,figura gerada,ok,ativo
outputs/figures/interactive/rr_surface_3d_medio_paraiba_internacoes_i60_i69_temp_med_files/jquery-3.5.1/jquery.min.js,C:/Users/oorie/OneDrive/Documentos/TRABALHOS/DLNM/05_publicacao_github/outputs/figures/interactive/rr_surface_3d_medio_paraiba_internacoes_i60_i69_temp_med_files/jquery-3.5.1/jquery.min.js,TRUE,FALSE,89478,2026-06-21 17:18:29.446043,js,outro,figura gerada,ok,ativo
outputs/figures/interactive/rr_surface_3d_medio_paraiba_internacoes_i60_i69_temp_med_files/jquery-3.5.1/jquery.min.map,C:/Users/oorie/OneDrive/Documentos/TRABALHOS/DLNM/05_publicacao_github/outputs/figures/interactive/rr_surface_3d_medio_paraiba_internacoes_i60_i69_temp_med_files/jquery-3.5.1/jquery.min.map,TRUE,FALSE,137986,2026-06-21 17:18:29.446478,map,outro,figura gerada,ok,ativo
outputs/figures/interactive/rr_surface_3d_medio_paraiba_internacoes_i60_i69_temp_med_files/plotly-binding-4.12.0/plotly.js,C:/Users/oorie/OneDrive/Documentos/TRABALHOS/DLNM/05_publicacao_github/outputs/figures/interactive/rr_surface_3d_medio_paraiba_internacoes_i60_i69_temp_med_files/plotly-binding-4.12.0/plotly.js,TRUE,FALSE,34699,2026-06-21 17:18:29.446859,js,outro,figura gerada,ok,ativo
outputs/figures/interactive/rr_surface_3d_medio_paraiba_internacoes_i60_i69_temp_med_files/plotly-htmlwidgets-css-2.25.2/plotly-htmlwidgets.css,C:/Users/oorie/OneDrive/Documentos/TRABALHOS/DLNM/05_publicacao_github/outputs/figures/interactive/rr_surface_3d_medio_paraiba_internacoes_i60_i69_temp_med_files/plotly-htmlwidgets-css-2.25.2/plotly-htmlwidgets.css,TRUE,FALSE,182,2026-06-21 17:18:29.447201,css,outro,figura gerada,ok,ativo
outputs/figures/interactive/rr_surface_3d_medio_paraiba_internacoes_i60_i69_temp_med_files/plotly-main-2.25.2/plotly-latest.min.js,C:/Users/oorie/OneDrive/Documentos/TRABALHOS/DLNM/05_publicacao_github/outputs/figures/interactive/rr_surface_3d_medio_paraiba_internacoes_i60_i69_temp_med_files/plotly-main-2.25.2/plotly-latest.min.js,TRUE,FALSE,3575017,2026-06-21 17:18:29.447578,js,outro,figura gerada,ok,ativo
outputs/figures/interactive/rr_surface_3d_medio_paraiba_internacoes_i60_i69_temp_med_files/typedarray-0.1/typedarray.min.js,C:/Users/oorie/OneDrive/Documentos/TRABALHOS/DLNM/05_publicacao_github/outputs/figures/interactive/rr_surface_3d_medio_paraiba_internacoes_i60_i69_temp_med_files/typedarray-0.1/typedarray.min.js,TRUE,FALSE,22444,2026-06-21 17:18:29.447956,js,outro,figura gerada,ok,ativo
outputs/figures/interactive/rr_surface_3d_medio_paraiba_internacoes_i60_i69_ur_med.html,C:/Users/oorie/OneDrive/Documentos/TRABALHOS/DLNM/05_publicacao_github/outputs/figures/interactive/rr_surface_3d_medio_paraiba_internacoes_i60_i69_ur_med.html,TRUE,FALSE,51635,2026-06-21 17:18:29.448166,html,HTML,figura gerada,ok,ativo
outputs/figures/interactive/rr_surface_3d_medio_paraiba_internacoes_i60_i69_ur_med_files/crosstalk-1.2.2/css/crosstalk.min.css,C:/Users/oorie/OneDrive/Documentos/TRABALHOS/DLNM/05_publicacao_github/outputs/figures/interactive/rr_surface_3d_medio_paraiba_internacoes_i60_i69_ur_med_files/crosstalk-1.2.2/css/crosstalk.min.css,TRUE,FALSE,1307,2026-06-21 17:18:29.448824,css,outro,figura gerada,ok,ativo
outputs/figures/interactive/rr_surface_3d_medio_paraiba_internacoes_i60_i69_ur_med_files/crosstalk-1.2.2/js/crosstalk.js,C:/Users/oorie/OneDrive/Documentos/TRABALHOS/DLNM/05_publicacao_github/outputs/figures/interactive/rr_surface_3d_medio_paraiba_internacoes_i60_i69_ur_med_files/crosstalk-1.2.2/js/crosstalk.js,TRUE,FALSE,50504,2026-06-21 17:18:29.44948,js,outro,figura gerada,ok,ativo
outputs/figures/interactive/rr_surface_3d_medio_paraiba_internacoes_i60_i69_ur_med_files/crosstalk-1.2.2/js/crosstalk.js.map,C:/Users/oorie/OneDrive/Documentos/TRABALHOS/DLNM/05_publicacao_github/outputs/figures/interactive/rr_surface_3d_medio_paraiba_internacoes_i60_i69_ur_med_files/crosstalk-1.2.2/js/crosstalk.js.map,TRUE,FALSE,54889,2026-06-21 17:18:29.449821,map,outro,figura gerada,ok,ativo
outputs/figures/interactive/rr_surface_3d_medio_paraiba_internacoes_i60_i69_ur_med_files/crosstalk-1.2.2/js/crosstalk.min.js,C:/Users/oorie/OneDrive/Documentos/TRABALHOS/DLNM/05_publicacao_github/outputs/figures/interactive/rr_surface_3d_medio_paraiba_internacoes_i60_i69_ur_med_files/crosstalk-1.2.2/js/crosstalk.min.js,TRUE,FALSE,18926,2026-06-21 17:18:29.450117,js,outro,figura gerada,ok,ativo
outputs/figures/interactive/rr_surface_3d_medio_paraiba_internacoes_i60_i69_ur_med_files/crosstalk-1.2.2/js/crosstalk.min.js.map,C:/Users/oorie/OneDrive/Documentos/TRABALHOS/DLNM/05_publicacao_github/outputs/figures/interactive/rr_surface_3d_medio_paraiba_internacoes_i60_i69_ur_med_files/crosstalk-1.2.2/js/crosstalk.min.js.map,TRUE,FALSE,50338,2026-06-21 17:18:29.450495,map,outro,figura gerada,ok,ativo
outputs/figures/interactive/rr_surface_3d_medio_paraiba_internacoes_i60_i69_ur_med_files/crosstalk-1.2.2/scss/crosstalk.scss,C:/Users/oorie/OneDrive/Documentos/TRABALHOS/DLNM/05_publicacao_github/outputs/figures/interactive/rr_surface_3d_medio_paraiba_internacoes_i60_i69_ur_med_files/crosstalk-1.2.2/scss/crosstalk.scss,TRUE,FALSE,1891,2026-06-21 17:18:29.471357,scss,outro,figura gerada,ok,ativo
outputs/figures/interactive/rr_surface_3d_medio_paraiba_internacoes_i60_i69_ur_med_files/htmltools-fill-0.5.9/fill.css,C:/Users/oorie/OneDrive/Documentos/TRABALHOS/DLNM/05_publicacao_github/outputs/figures/interactive/rr_surface_3d_medio_paraiba_internacoes_i60_i69_ur_med_files/htmltools-fill-0.5.9/fill.css,TRUE,FALSE,606,2026-06-21 17:18:29.472441,css,outro,figura gerada,ok,ativo
outputs/figures/interactive/rr_surface_3d_medio_paraiba_internacoes_i60_i69_ur_med_files/htmlwidgets-1.6.4/htmlwidgets.js,C:/Users/oorie/OneDrive/Documentos/TRABALHOS/DLNM/05_publicacao_github/outputs/figures/interactive/rr_surface_3d_medio_paraiba_internacoes_i60_i69_ur_med_files/htmlwidgets-1.6.4/htmlwidgets.js,TRUE,FALSE,34091,2026-06-21 17:18:29.472923,js,outro,figura gerada,ok,ativo
outputs/figures/interactive/rr_surface_3d_medio_paraiba_internacoes_i60_i69_ur_med_files/jquery-3.5.1/jquery-AUTHORS.txt,C:/Users/oorie/OneDrive/Documentos/TRABALHOS/DLNM/05_publicacao_github/outputs/figures/interactive/rr_surface_3d_medio_paraiba_internacoes_i60_i69_ur_med_files/jquery-3.5.1/jquery-AUTHORS.txt,TRUE,FALSE,13726,2026-06-21 17:18:29.47423,txt,documentação/log,figura gerada,ok,ativo
outputs/figures/interactive/rr_surface_3d_medio_paraiba_internacoes_i60_i69_ur_med_files/jquery-3.5.1/jquery.js,C:/Users/oorie/OneDrive/Documentos/TRABALHOS/DLNM/05_publicacao_github/outputs/figures/interactive/rr_surface_3d_medio_paraiba_internacoes_i60_i69_ur_med_files/jquery-3.5.1/jquery.js,TRUE,FALSE,298502,2026-06-21 17:18:29.474575,js,outro,figura gerada,ok,ativo
outputs/figures/interactive/rr_surface_3d_medio_paraiba_internacoes_i60_i69_ur_med_files/jquery-3.5.1/jquery.min.js,C:/Users/oorie/OneDrive/Documentos/TRABALHOS/DLNM/05_publicacao_github/outputs/figures/interactive/rr_surface_3d_medio_paraiba_internacoes_i60_i69_ur_med_files/jquery-3.5.1/jquery.min.js,TRUE,FALSE,89478,2026-06-21 17:18:29.474863,js,outro,figura gerada,ok,ativo
outputs/figures/interactive/rr_surface_3d_medio_paraiba_internacoes_i60_i69_ur_med_files/jquery-3.5.1/jquery.min.map,C:/Users/oorie/OneDrive/Documentos/TRABALHOS/DLNM/05_publicacao_github/outputs/figures/interactive/rr_surface_3d_medio_paraiba_internacoes_i60_i69_ur_med_files/jquery-3.5.1/jquery.min.map,TRUE,FALSE,137986,2026-06-21 17:18:29.475477,map,outro,figura gerada,ok,ativo
outputs/figures/interactive/rr_surface_3d_medio_paraiba_internacoes_i60_i69_ur_med_files/plotly-binding-4.12.0/plotly.js,C:/Users/oorie/OneDrive/Documentos/TRABALHOS/DLNM/05_publicacao_github/outputs/figures/interactive/rr_surface_3d_medio_paraiba_internacoes_i60_i69_ur_med_files/plotly-binding-4.12.0/plotly.js,TRUE,FALSE,34699,2026-06-21 17:18:29.475731,js,outro,figura gerada,ok,ativo
outputs/figures/interactive/rr_surface_3d_medio_paraiba_internacoes_i60_i69_ur_med_files/plotly-htmlwidgets-css-2.25.2/plotly-htmlwidgets.css,C:/Users/oorie/OneDrive/Documentos/TRABALHOS/DLNM/05_publicacao_github/outputs/figures/interactive/rr_surface_3d_medio_paraiba_internacoes_i60_i69_ur_med_files/plotly-htmlwidgets-css-2.25.2/plotly-htmlwidgets.css,TRUE,FALSE,182,2026-06-21 17:18:29.476402,css,outro,figura gerada,ok,ativo
outputs/figures/interactive/rr_surface_3d_medio_paraiba_internacoes_i60_i69_ur_med_files/plotly-main-2.25.2/plotly-latest.min.js,C:/Users/oorie/OneDrive/Documentos/TRABALHOS/DLNM/05_publicacao_github/outputs/figures/interactive/rr_surface_3d_medio_paraiba_internacoes_i60_i69_ur_med_files/plotly-main-2.25.2/plotly-latest.min.js,TRUE,FALSE,3575017,2026-06-21 17:18:29.476976,js,outro,figura gerada,ok,ativo
outputs/figures/interactive/rr_surface_3d_medio_paraiba_internacoes_i60_i69_ur_med_files/typedarray-0.1/typedarray.min.js,C:/Users/oorie/OneDrive/Documentos/TRABALHOS/DLNM/05_publicacao_github/outputs/figures/interactive/rr_surface_3d_medio_paraiba_internacoes_i60_i69_ur_med_files/typedarray-0.1/typedarray.min.js,TRUE,FALSE,22444,2026-06-21 17:18:29.477507,js,outro,figura gerada,ok,ativo
outputs/figures/interactive/rr_surface_3d_medio_paraiba_internacoes_i63_temp_med.html,C:/Users/oorie/OneDrive/Documentos/TRABALHOS/DLNM/05_publicacao_github/outputs/figures/interactive/rr_surface_3d_medio_paraiba_internacoes_i63_temp_med.html,TRUE,FALSE,51519,2026-06-21 17:18:29.477852,html,HTML,figura gerada,ok,ativo
outputs/figures/interactive/rr_surface_3d_medio_paraiba_internacoes_i63_ur_med.html,C:/Users/oorie/OneDrive/Documentos/TRABALHOS/DLNM/05_publicacao_github/outputs/figures/interactive/rr_surface_3d_medio_paraiba_internacoes_i63_ur_med.html,TRUE,FALSE,52366,2026-06-21 17:18:29.478369,html,HTML,figura gerada,ok,ativo
outputs/figures/interactive/rr_surface_3d_medio_paraiba_internacoes_i63_ur_med_files/crosstalk-1.2.2/css/crosstalk.min.css,C:/Users/oorie/OneDrive/Documentos/TRABALHOS/DLNM/05_publicacao_github/outputs/figures/interactive/rr_surface_3d_medio_paraiba_internacoes_i63_ur_med_files/crosstalk-1.2.2/css/crosstalk.min.css,TRUE,FALSE,1307,2026-06-21 17:18:29.478889,css,outro,figura gerada,ok,ativo
outputs/figures/interactive/rr_surface_3d_medio_paraiba_internacoes_i63_ur_med_files/crosstalk-1.2.2/js/crosstalk.js,C:/Users/oorie/OneDrive/Documentos/TRABALHOS/DLNM/05_publicacao_github/outputs/figures/interactive/rr_surface_3d_medio_paraiba_internacoes_i63_ur_med_files/crosstalk-1.2.2/js/crosstalk.js,TRUE,FALSE,50504,2026-06-21 17:18:29.47965,js,outro,figura gerada,ok,ativo
outputs/figures/interactive/rr_surface_3d_medio_paraiba_internacoes_i63_ur_med_files/crosstalk-1.2.2/js/crosstalk.js.map,C:/Users/oorie/OneDrive/Documentos/TRABALHOS/DLNM/05_publicacao_github/outputs/figures/interactive/rr_surface_3d_medio_paraiba_internacoes_i63_ur_med_files/crosstalk-1.2.2/js/crosstalk.js.map,TRUE,FALSE,54889,2026-06-21 17:18:29.480011,map,outro,figura gerada,ok,ativo
outputs/figures/interactive/rr_surface_3d_medio_paraiba_internacoes_i63_ur_med_files/crosstalk-1.2.2/js/crosstalk.min.js,C:/Users/oorie/OneDrive/Documentos/TRABALHOS/DLNM/05_publicacao_github/outputs/figures/interactive/rr_surface_3d_medio_paraiba_internacoes_i63_ur_med_files/crosstalk-1.2.2/js/crosstalk.min.js,TRUE,FALSE,18926,2026-06-21 17:18:29.480333,js,outro,figura gerada,ok,ativo
outputs/figures/interactive/rr_surface_3d_medio_paraiba_internacoes_i63_ur_med_files/crosstalk-1.2.2/js/crosstalk.min.js.map,C:/Users/oorie/OneDrive/Documentos/TRABALHOS/DLNM/05_publicacao_github/outputs/figures/interactive/rr_surface_3d_medio_paraiba_internacoes_i63_ur_med_files/crosstalk-1.2.2/js/crosstalk.min.js.map,TRUE,FALSE,50338,2026-06-21 17:18:29.4809,map,outro,figura gerada,ok,ativo
outputs/figures/interactive/rr_surface_3d_medio_paraiba_internacoes_i63_ur_med_files/crosstalk-1.2.2/scss/crosstalk.scss,C:/Users/oorie/OneDrive/Documentos/TRABALHOS/DLNM/05_publicacao_github/outputs/figures/interactive/rr_surface_3d_medio_paraiba_internacoes_i63_ur_med_files/crosstalk-1.2.2/scss/crosstalk.scss,TRUE,FALSE,1891,2026-06-21 17:18:29.4816,scss,outro,figura gerada,ok,ativo
outputs/figures/interactive/rr_surface_3d_medio_paraiba_internacoes_i63_ur_med_files/htmltools-fill-0.5.9/fill.css,C:/Users/oorie/OneDrive/Documentos/TRABALHOS/DLNM/05_publicacao_github/outputs/figures/interactive/rr_surface_3d_medio_paraiba_internacoes_i63_ur_med_files/htmltools-fill-0.5.9/fill.css,TRUE,FALSE,606,2026-06-21 17:18:29.482103,css,outro,figura gerada,ok,ativo
outputs/figures/interactive/rr_surface_3d_medio_paraiba_internacoes_i63_ur_med_files/htmlwidgets-1.6.4/htmlwidgets.js,C:/Users/oorie/OneDrive/Documentos/TRABALHOS/DLNM/05_publicacao_github/outputs/figures/interactive/rr_surface_3d_medio_paraiba_internacoes_i63_ur_med_files/htmlwidgets-1.6.4/htmlwidgets.js,TRUE,FALSE,34091,2026-06-21 17:18:29.482439,js,outro,figura gerada,ok,ativo
outputs/figures/interactive/rr_surface_3d_medio_paraiba_internacoes_i63_ur_med_files/jquery-3.5.1/jquery-AUTHORS.txt,C:/Users/oorie/OneDrive/Documentos/TRABALHOS/DLNM/05_publicacao_github/outputs/figures/interactive/rr_surface_3d_medio_paraiba_internacoes_i63_ur_med_files/jquery-3.5.1/jquery-AUTHORS.txt,TRUE,FALSE,13726,2026-06-21 17:18:29.482813,txt,documentação/log,figura gerada,ok,ativo
outputs/figures/interactive/rr_surface_3d_medio_paraiba_internacoes_i63_ur_med_files/jquery-3.5.1/jquery.js,C:/Users/oorie/OneDrive/Documentos/TRABALHOS/DLNM/05_publicacao_github/outputs/figures/interactive/rr_surface_3d_medio_paraiba_internacoes_i63_ur_med_files/jquery-3.5.1/jquery.js,TRUE,FALSE,298502,2026-06-21 17:18:29.483234,js,outro,figura gerada,ok,ativo
outputs/figures/interactive/rr_surface_3d_medio_paraiba_internacoes_i63_ur_med_files/jquery-3.5.1/jquery.min.js,C:/Users/oorie/OneDrive/Documentos/TRABALHOS/DLNM/05_publicacao_github/outputs/figures/interactive/rr_surface_3d_medio_paraiba_internacoes_i63_ur_med_files/jquery-3.5.1/jquery.min.js,TRUE,FALSE,89478,2026-06-21 17:18:29.483543,js,outro,figura gerada,ok,ativo
outputs/figures/interactive/rr_surface_3d_medio_paraiba_internacoes_i63_ur_med_files/jquery-3.5.1/jquery.min.map,C:/Users/oorie/OneDrive/Documentos/TRABALHOS/DLNM/05_publicacao_github/outputs/figures/interactive/rr_surface_3d_medio_paraiba_internacoes_i63_ur_med_files/jquery-3.5.1/jquery.min.map,TRUE,FALSE,137986,2026-06-21 17:18:29.484327,map,outro,figura gerada,ok,ativo
outputs/figures/interactive/rr_surface_3d_medio_paraiba_internacoes_i63_ur_med_files/plotly-binding-4.12.0/plotly.js,C:/Users/oorie/OneDrive/Documentos/TRABALHOS/DLNM/05_publicacao_github/outputs/figures/interactive/rr_surface_3d_medio_paraiba_internacoes_i63_ur_med_files/plotly-binding-4.12.0/plotly.js,TRUE,FALSE,34699,2026-06-21 17:18:29.484671,js,outro,figura gerada,ok,ativo
outputs/figures/interactive/rr_surface_3d_medio_paraiba_internacoes_i63_ur_med_files/plotly-htmlwidgets-css-2.25.2/plotly-htmlwidgets.css,C:/Users/oorie/OneDrive/Documentos/TRABALHOS/DLNM/05_publicacao_github/outputs/figures/interactive/rr_surface_3d_medio_paraiba_internacoes_i63_ur_med_files/plotly-htmlwidgets-css-2.25.2/plotly-htmlwidgets.css,TRUE,FALSE,182,2026-06-21 17:18:29.484997,css,outro,figura gerada,ok,ativo
outputs/figures/interactive/rr_surface_3d_medio_paraiba_internacoes_i63_ur_med_files/plotly-main-2.25.2/plotly-latest.min.js,C:/Users/oorie/OneDrive/Documentos/TRABALHOS/DLNM/05_publicacao_github/outputs/figures/interactive/rr_surface_3d_medio_paraiba_internacoes_i63_ur_med_files/plotly-main-2.25.2/plotly-latest.min.js,TRUE,FALSE,3575017,2026-06-21 17:18:29.485489,js,outro,figura gerada,ok,ativo
outputs/figures/interactive/rr_surface_3d_medio_paraiba_internacoes_i63_ur_med_files/typedarray-0.1/typedarray.min.js,C:/Users/oorie/OneDrive/Documentos/TRABALHOS/DLNM/05_publicacao_github/outputs/figures/interactive/rr_surface_3d_medio_paraiba_internacoes_i63_ur_med_files/typedarray-0.1/typedarray.min.js,TRUE,FALSE,22444,2026-06-21 17:18:29.485832,js,outro,figura gerada,ok,ativo
outputs/figures/interactive/rr_surface_3d_medio_paraiba_obitos_i60_i62_temp_med.html,C:/Users/oorie/OneDrive/Documentos/TRABALHOS/DLNM/05_publicacao_github/outputs/figures/interactive/rr_surface_3d_medio_paraiba_obitos_i60_i62_temp_med.html,TRUE,FALSE,51694,2026-06-21 17:18:29.48616,html,HTML,figura gerada,ok,ativo
outputs/figures/interactive/rr_surface_3d_medio_paraiba_obitos_i60_i62_temp_med_files/crosstalk-1.2.2/css/crosstalk.min.css,C:/Users/oorie/OneDrive/Documentos/TRABALHOS/DLNM/05_publicacao_github/outputs/figures/interactive/rr_surface_3d_medio_paraiba_obitos_i60_i62_temp_med_files/crosstalk-1.2.2/css/crosstalk.min.css,TRUE,FALSE,1307,2026-06-21 17:18:29.486691,css,outro,figura gerada,ok,ativo
outputs/figures/interactive/rr_surface_3d_medio_paraiba_obitos_i60_i62_temp_med_files/crosstalk-1.2.2/js/crosstalk.js,C:/Users/oorie/OneDrive/Documentos/TRABALHOS/DLNM/05_publicacao_github/outputs/figures/interactive/rr_surface_3d_medio_paraiba_obitos_i60_i62_temp_med_files/crosstalk-1.2.2/js/crosstalk.js,TRUE,FALSE,50504,2026-06-21 17:18:29.487482,js,outro,figura gerada,ok,ativo
outputs/figures/interactive/rr_surface_3d_medio_paraiba_obitos_i60_i62_temp_med_files/crosstalk-1.2.2/js/crosstalk.js.map,C:/Users/oorie/OneDrive/Documentos/TRABALHOS/DLNM/05_publicacao_github/outputs/figures/interactive/rr_surface_3d_medio_paraiba_obitos_i60_i62_temp_med_files/crosstalk-1.2.2/js/crosstalk.js.map,TRUE,FALSE,54889,2026-06-21 17:18:29.488533,map,outro,figura gerada,ok,ativo
outputs/figures/interactive/rr_surface_3d_medio_paraiba_obitos_i60_i62_temp_med_files/crosstalk-1.2.2/js/crosstalk.min.js,C:/Users/oorie/OneDrive/Documentos/TRABALHOS/DLNM/05_publicacao_github/outputs/figures/interactive/rr_surface_3d_medio_paraiba_obitos_i60_i62_temp_med_files/crosstalk-1.2.2/js/crosstalk.min.js,TRUE,FALSE,18926,2026-06-21 17:18:29.489729,js,outro,figura gerada,ok,ativo
outputs/figures/interactive/rr_surface_3d_medio_paraiba_obitos_i60_i62_temp_med_files/crosstalk-1.2.2/js/crosstalk.min.js.map,C:/Users/oorie/OneDrive/Documentos/TRABALHOS/DLNM/05_publicacao_github/outputs/figures/interactive/rr_surface_3d_medio_paraiba_obitos_i60_i62_temp_med_files/crosstalk-1.2.2/js/crosstalk.min.js.map,TRUE,FALSE,50338,2026-06-21 17:18:29.490433,map,outro,figura gerada,ok,ativo
outputs/figures/interactive/rr_surface_3d_medio_paraiba_obitos_i60_i62_temp_med_files/crosstalk-1.2.2/scss/crosstalk.scss,C:/Users/oorie/OneDrive/Documentos/TRABALHOS/DLNM/05_publicacao_github/outputs/figures/interactive/rr_surface_3d_medio_paraiba_obitos_i60_i62_temp_med_files/crosstalk-1.2.2/scss/crosstalk.scss,TRUE,FALSE,1891,2026-06-21 17:18:29.490946,scss,outro,figura gerada,ok,ativo
outputs/figures/interactive/rr_surface_3d_medio_paraiba_obitos_i60_i62_temp_med_files/htmltools-fill-0.5.9/fill.css,C:/Users/oorie/OneDrive/Documentos/TRABALHOS/DLNM/05_publicacao_github/outputs/figures/interactive/rr_surface_3d_medio_paraiba_obitos_i60_i62_temp_med_files/htmltools-fill-0.5.9/fill.css,TRUE,FALSE,606,2026-06-21 17:18:29.491556,css,outro,figura gerada,ok,ativo
outputs/figures/interactive/rr_surface_3d_medio_paraiba_obitos_i60_i62_temp_med_files/htmlwidgets-1.6.4/htmlwidgets.js,C:/Users/oorie/OneDrive/Documentos/TRABALHOS/DLNM/05_publicacao_github/outputs/figures/interactive/rr_surface_3d_medio_paraiba_obitos_i60_i62_temp_med_files/htmlwidgets-1.6.4/htmlwidgets.js,TRUE,FALSE,34091,2026-06-21 17:18:29.492006,js,outro,figura gerada,ok,ativo
outputs/figures/interactive/rr_surface_3d_medio_paraiba_obitos_i60_i62_temp_med_files/jquery-3.5.1/jquery-AUTHORS.txt,C:/Users/oorie/OneDrive/Documentos/TRABALHOS/DLNM/05_publicacao_github/outputs/figures/interactive/rr_surface_3d_medio_paraiba_obitos_i60_i62_temp_med_files/jquery-3.5.1/jquery-AUTHORS.txt,TRUE,FALSE,13726,2026-06-21 17:18:29.492577,txt,documentação/log,figura gerada,ok,ativo
outputs/figures/interactive/rr_surface_3d_medio_paraiba_obitos_i60_i62_temp_med_files/jquery-3.5.1/jquery.js,C:/Users/oorie/OneDrive/Documentos/TRABALHOS/DLNM/05_publicacao_github/outputs/figures/interactive/rr_surface_3d_medio_paraiba_obitos_i60_i62_temp_med_files/jquery-3.5.1/jquery.js,TRUE,FALSE,298502,2026-06-21 17:18:29.492903,js,outro,figura gerada,ok,ativo
outputs/figures/interactive/rr_surface_3d_medio_paraiba_obitos_i60_i62_temp_med_files/jquery-3.5.1/jquery.min.js,C:/Users/oorie/OneDrive/Documentos/TRABALHOS/DLNM/05_publicacao_github/outputs/figures/interactive/rr_surface_3d_medio_paraiba_obitos_i60_i62_temp_med_files/jquery-3.5.1/jquery.min.js,TRUE,FALSE,89478,2026-06-21 17:18:29.493183,js,outro,figura gerada,ok,ativo
outputs/figures/interactive/rr_surface_3d_medio_paraiba_obitos_i60_i62_temp_med_files/jquery-3.5.1/jquery.min.map,C:/Users/oorie/OneDrive/Documentos/TRABALHOS/DLNM/05_publicacao_github/outputs/figures/interactive/rr_surface_3d_medio_paraiba_obitos_i60_i62_temp_med_files/jquery-3.5.1/jquery.min.map,TRUE,FALSE,137986,2026-06-21 17:18:29.493849,map,outro,figura gerada,ok,ativo
outputs/figures/interactive/rr_surface_3d_medio_paraiba_obitos_i60_i62_temp_med_files/plotly-binding-4.12.0/plotly.js,C:/Users/oorie/OneDrive/Documentos/TRABALHOS/DLNM/05_publicacao_github/outputs/figures/interactive/rr_surface_3d_medio_paraiba_obitos_i60_i62_temp_med_files/plotly-binding-4.12.0/plotly.js,TRUE,FALSE,34699,2026-06-21 17:18:29.494444,js,outro,figura gerada,ok,ativo
outputs/figures/interactive/rr_surface_3d_medio_paraiba_obitos_i60_i62_temp_med_files/plotly-htmlwidgets-css-2.25.2/plotly-htmlwidgets.css,C:/Users/oorie/OneDrive/Documentos/TRABALHOS/DLNM/05_publicacao_github/outputs/figures/interactive/rr_surface_3d_medio_paraiba_obitos_i60_i62_temp_med_files/plotly-htmlwidgets-css-2.25.2/plotly-htmlwidgets.css,TRUE,FALSE,182,2026-06-21 17:18:29.494825,css,outro,figura gerada,ok,ativo
outputs/figures/interactive/rr_surface_3d_medio_paraiba_obitos_i60_i62_temp_med_files/plotly-main-2.25.2/plotly-latest.min.js,C:/Users/oorie/OneDrive/Documentos/TRABALHOS/DLNM/05_publicacao_github/outputs/figures/interactive/rr_surface_3d_medio_paraiba_obitos_i60_i62_temp_med_files/plotly-main-2.25.2/plotly-latest.min.js,TRUE,FALSE,3575017,2026-06-21 17:18:29.495146,js,outro,figura gerada,ok,ativo
outputs/figures/interactive/rr_surface_3d_medio_paraiba_obitos_i60_i62_temp_med_files/typedarray-0.1/typedarray.min.js,C:/Users/oorie/OneDrive/Documentos/TRABALHOS/DLNM/05_publicacao_github/outputs/figures/interactive/rr_surface_3d_medio_paraiba_obitos_i60_i62_temp_med_files/typedarray-0.1/typedarray.min.js,TRUE,FALSE,22444,2026-06-21 17:18:29.495724,js,outro,figura gerada,ok,ativo
outputs/figures/interactive/rr_surface_3d_medio_paraiba_obitos_i60_i64_temp_med.html,C:/Users/oorie/OneDrive/Documentos/TRABALHOS/DLNM/05_publicacao_github/outputs/figures/interactive/rr_surface_3d_medio_paraiba_obitos_i60_i64_temp_med.html,TRUE,FALSE,51709,2026-06-21 17:18:29.496191,html,HTML,figura gerada,ok,ativo
outputs/figures/interactive/rr_surface_3d_medio_paraiba_obitos_i60_i64_temp_med_files/crosstalk-1.2.2/css/crosstalk.min.css,C:/Users/oorie/OneDrive/Documentos/TRABALHOS/DLNM/05_publicacao_github/outputs/figures/interactive/rr_surface_3d_medio_paraiba_obitos_i60_i64_temp_med_files/crosstalk-1.2.2/css/crosstalk.min.css,TRUE,FALSE,1307,2026-06-21 17:18:29.496977,css,outro,figura gerada,ok,ativo
outputs/figures/interactive/rr_surface_3d_medio_paraiba_obitos_i60_i64_temp_med_files/crosstalk-1.2.2/js/crosstalk.js,C:/Users/oorie/OneDrive/Documentos/TRABALHOS/DLNM/05_publicacao_github/outputs/figures/interactive/rr_surface_3d_medio_paraiba_obitos_i60_i64_temp_med_files/crosstalk-1.2.2/js/crosstalk.js,TRUE,FALSE,50504,2026-06-21 17:18:29.497469,js,outro,figura gerada,ok,ativo
outputs/figures/interactive/rr_surface_3d_medio_paraiba_obitos_i60_i64_temp_med_files/crosstalk-1.2.2/js/crosstalk.js.map,C:/Users/oorie/OneDrive/Documentos/TRABALHOS/DLNM/05_publicacao_github/outputs/figures/interactive/rr_surface_3d_medio_paraiba_obitos_i60_i64_temp_med_files/crosstalk-1.2.2/js/crosstalk.js.map,TRUE,FALSE,54889,2026-06-21 17:18:29.498104,map,outro,figura gerada,ok,ativo
outputs/figures/interactive/rr_surface_3d_medio_paraiba_obitos_i60_i64_temp_med_files/crosstalk-1.2.2/js/crosstalk.min.js,C:/Users/oorie/OneDrive/Documentos/TRABALHOS/DLNM/05_publicacao_github/outputs/figures/interactive/rr_surface_3d_medio_paraiba_obitos_i60_i64_temp_med_files/crosstalk-1.2.2/js/crosstalk.min.js,TRUE,FALSE,18926,2026-06-21 17:18:29.49856,js,outro,figura gerada,ok,ativo
outputs/figures/interactive/rr_surface_3d_medio_paraiba_obitos_i60_i64_temp_med_files/crosstalk-1.2.2/js/crosstalk.min.js.map,C:/Users/oorie/OneDrive/Documentos/TRABALHOS/DLNM/05_publicacao_github/outputs/figures/interactive/rr_surface_3d_medio_paraiba_obitos_i60_i64_temp_med_files/crosstalk-1.2.2/js/crosstalk.min.js.map,TRUE,FALSE,50338,2026-06-21 17:18:29.499023,map,outro,figura gerada,ok,ativo
outputs/figures/interactive/rr_surface_3d_medio_paraiba_obitos_i60_i64_temp_med_files/crosstalk-1.2.2/scss/crosstalk.scss,C:/Users/oorie/OneDrive/Documentos/TRABALHOS/DLNM/05_publicacao_github/outputs/figures/interactive/rr_surface_3d_medio_paraiba_obitos_i60_i64_temp_med_files/crosstalk-1.2.2/scss/crosstalk.scss,TRUE,FALSE,1891,2026-06-21 17:18:29.499311,scss,outro,figura gerada,ok,ativo
outputs/figures/interactive/rr_surface_3d_medio_paraiba_obitos_i60_i64_temp_med_files/htmltools-fill-0.5.9/fill.css,C:/Users/oorie/OneDrive/Documentos/TRABALHOS/DLNM/05_publicacao_github/outputs/figures/interactive/rr_surface_3d_medio_paraiba_obitos_i60_i64_temp_med_files/htmltools-fill-0.5.9/fill.css,TRUE,FALSE,606,2026-06-21 17:18:29.499748,css,outro,figura gerada,ok,ativo
outputs/figures/interactive/rr_surface_3d_medio_paraiba_obitos_i60_i64_temp_med_files/htmlwidgets-1.6.4/htmlwidgets.js,C:/Users/oorie/OneDrive/Documentos/TRABALHOS/DLNM/05_publicacao_github/outputs/figures/interactive/rr_surface_3d_medio_paraiba_obitos_i60_i64_temp_med_files/htmlwidgets-1.6.4/htmlwidgets.js,TRUE,FALSE,34091,2026-06-21 17:18:29.500282,js,outro,figura gerada,ok,ativo
outputs/figures/interactive/rr_surface_3d_medio_paraiba_obitos_i60_i64_temp_med_files/jquery-3.5.1/jquery-AUTHORS.txt,C:/Users/oorie/OneDrive/Documentos/TRABALHOS/DLNM/05_publicacao_github/outputs/figures/interactive/rr_surface_3d_medio_paraiba_obitos_i60_i64_temp_med_files/jquery-3.5.1/jquery-AUTHORS.txt,TRUE,FALSE,13726,2026-06-21 17:18:29.500715,txt,documentação/log,figura gerada,ok,ativo
outputs/figures/interactive/rr_surface_3d_medio_paraiba_obitos_i60_i64_temp_med_files/jquery-3.5.1/jquery.js,C:/Users/oorie/OneDrive/Documentos/TRABALHOS/DLNM/05_publicacao_github/outputs/figures/interactive/rr_surface_3d_medio_paraiba_obitos_i60_i64_temp_med_files/jquery-3.5.1/jquery.js,TRUE,FALSE,298502,2026-06-21 17:18:29.500963,js,outro,figura gerada,ok,ativo
outputs/figures/interactive/rr_surface_3d_medio_paraiba_obitos_i60_i64_temp_med_files/jquery-3.5.1/jquery.min.js,C:/Users/oorie/OneDrive/Documentos/TRABALHOS/DLNM/05_publicacao_github/outputs/figures/interactive/rr_surface_3d_medio_paraiba_obitos_i60_i64_temp_med_files/jquery-3.5.1/jquery.min.js,TRUE,FALSE,89478,2026-06-21 17:18:29.501375,js,outro,figura gerada,ok,ativo
outputs/figures/interactive/rr_surface_3d_medio_paraiba_obitos_i60_i64_temp_med_files/jquery-3.5.1/jquery.min.map,C:/Users/oorie/OneDrive/Documentos/TRABALHOS/DLNM/05_publicacao_github/outputs/figures/interactive/rr_surface_3d_medio_paraiba_obitos_i60_i64_temp_med_files/jquery-3.5.1/jquery.min.map,TRUE,FALSE,137986,2026-06-21 17:18:29.501724,map,outro,figura gerada,ok,ativo
outputs/figures/interactive/rr_surface_3d_medio_paraiba_obitos_i60_i64_temp_med_files/plotly-binding-4.12.0/plotly.js,C:/Users/oorie/OneDrive/Documentos/TRABALHOS/DLNM/05_publicacao_github/outputs/figures/interactive/rr_surface_3d_medio_paraiba_obitos_i60_i64_temp_med_files/plotly-binding-4.12.0/plotly.js,TRUE,FALSE,34699,2026-06-21 17:18:29.502329,js,outro,figura gerada,ok,ativo
outputs/figures/interactive/rr_surface_3d_medio_paraiba_obitos_i60_i64_temp_med_files/plotly-htmlwidgets-css-2.25.2/plotly-htmlwidgets.css,C:/Users/oorie/OneDrive/Documentos/TRABALHOS/DLNM/05_publicacao_github/outputs/figures/interactive/rr_surface_3d_medio_paraiba_obitos_i60_i64_temp_med_files/plotly-htmlwidgets-css-2.25.2/plotly-htmlwidgets.css,TRUE,FALSE,182,2026-06-21 17:18:29.503004,css,outro,figura gerada,ok,ativo
outputs/figures/interactive/rr_surface_3d_medio_paraiba_obitos_i60_i64_temp_med_files/plotly-main-2.25.2/plotly-latest.min.js,C:/Users/oorie/OneDrive/Documentos/TRABALHOS/DLNM/05_publicacao_github/outputs/figures/interactive/rr_surface_3d_medio_paraiba_obitos_i60_i64_temp_med_files/plotly-main-2.25.2/plotly-latest.min.js,TRUE,FALSE,3575017,2026-06-21 17:18:29.50358,js,outro,figura gerada,ok,ativo
outputs/figures/interactive/rr_surface_3d_medio_paraiba_obitos_i60_i64_temp_med_files/typedarray-0.1/typedarray.min.js,C:/Users/oorie/OneDrive/Documentos/TRABALHOS/DLNM/05_publicacao_github/outputs/figures/interactive/rr_surface_3d_medio_paraiba_obitos_i60_i64_temp_med_files/typedarray-0.1/typedarray.min.js,TRUE,FALSE,22444,2026-06-21 17:18:29.504221,js,outro,figura gerada,ok,ativo
outputs/figures/interactive/rr_surface_3d_medio_paraiba_obitos_i60_i64_ur_med.html,C:/Users/oorie/OneDrive/Documentos/TRABALHOS/DLNM/05_publicacao_github/outputs/figures/interactive/rr_surface_3d_medio_paraiba_obitos_i60_i64_ur_med.html,TRUE,FALSE,51992,2026-06-21 17:18:29.504591,html,HTML,figura gerada,ok,ativo
outputs/figures/interactive/rr_surface_3d_medio_paraiba_obitos_i60_i64_ur_med_files/crosstalk-1.2.2/css/crosstalk.min.css,C:/Users/oorie/OneDrive/Documentos/TRABALHOS/DLNM/05_publicacao_github/outputs/figures/interactive/rr_surface_3d_medio_paraiba_obitos_i60_i64_ur_med_files/crosstalk-1.2.2/css/crosstalk.min.css,TRUE,FALSE,1307,2026-06-21 17:18:29.505085,css,outro,figura gerada,ok,ativo
outputs/figures/interactive/rr_surface_3d_medio_paraiba_obitos_i60_i64_ur_med_files/crosstalk-1.2.2/js/crosstalk.js,C:/Users/oorie/OneDrive/Documentos/TRABALHOS/DLNM/05_publicacao_github/outputs/figures/interactive/rr_surface_3d_medio_paraiba_obitos_i60_i64_ur_med_files/crosstalk-1.2.2/js/crosstalk.js,TRUE,FALSE,50504,2026-06-21 17:18:29.505419,js,outro,figura gerada,ok,ativo
outputs/figures/interactive/rr_surface_3d_medio_paraiba_obitos_i60_i64_ur_med_files/crosstalk-1.2.2/js/crosstalk.js.map,C:/Users/oorie/OneDrive/Documentos/TRABALHOS/DLNM/05_publicacao_github/outputs/figures/interactive/rr_surface_3d_medio_paraiba_obitos_i60_i64_ur_med_files/crosstalk-1.2.2/js/crosstalk.js.map,TRUE,FALSE,54889,2026-06-21 17:18:29.505787,map,outro,figura gerada,ok,ativo
outputs/figures/interactive/rr_surface_3d_medio_paraiba_obitos_i60_i64_ur_med_files/crosstalk-1.2.2/js/crosstalk.min.js,C:/Users/oorie/OneDrive/Documentos/TRABALHOS/DLNM/05_publicacao_github/outputs/figures/interactive/rr_surface_3d_medio_paraiba_obitos_i60_i64_ur_med_files/crosstalk-1.2.2/js/crosstalk.min.js,TRUE,FALSE,18926,2026-06-21 17:18:29.506407,js,outro,figura gerada,ok,ativo
outputs/figures/interactive/rr_surface_3d_medio_paraiba_obitos_i60_i64_ur_med_files/crosstalk-1.2.2/js/crosstalk.min.js.map,C:/Users/oorie/OneDrive/Documentos/TRABALHOS/DLNM/05_publicacao_github/outputs/figures/interactive/rr_surface_3d_medio_paraiba_obitos_i60_i64_ur_med_files/crosstalk-1.2.2/js/crosstalk.min.js.map,TRUE,FALSE,50338,2026-06-21 17:18:29.507183,map,outro,figura gerada,ok,ativo
outputs/figures/interactive/rr_surface_3d_medio_paraiba_obitos_i60_i64_ur_med_files/crosstalk-1.2.2/scss/crosstalk.scss,C:/Users/oorie/OneDrive/Documentos/TRABALHOS/DLNM/05_publicacao_github/outputs/figures/interactive/rr_surface_3d_medio_paraiba_obitos_i60_i64_ur_med_files/crosstalk-1.2.2/scss/crosstalk.scss,TRUE,FALSE,1891,2026-06-21 17:18:29.507717,scss,outro,figura gerada,ok,ativo
outputs/figures/interactive/rr_surface_3d_medio_paraiba_obitos_i60_i64_ur_med_files/htmltools-fill-0.5.9/fill.css,C:/Users/oorie/OneDrive/Documentos/TRABALHOS/DLNM/05_publicacao_github/outputs/figures/interactive/rr_surface_3d_medio_paraiba_obitos_i60_i64_ur_med_files/htmltools-fill-0.5.9/fill.css,TRUE,FALSE,606,2026-06-21 17:18:29.508238,css,outro,figura gerada,ok,ativo
outputs/figures/interactive/rr_surface_3d_medio_paraiba_obitos_i60_i64_ur_med_files/htmlwidgets-1.6.4/htmlwidgets.js,C:/Users/oorie/OneDrive/Documentos/TRABALHOS/DLNM/05_publicacao_github/outputs/figures/interactive/rr_surface_3d_medio_paraiba_obitos_i60_i64_ur_med_files/htmlwidgets-1.6.4/htmlwidgets.js,TRUE,FALSE,34091,2026-06-21 17:18:29.508604,js,outro,figura gerada,ok,ativo
outputs/figures/interactive/rr_surface_3d_medio_paraiba_obitos_i60_i64_ur_med_files/jquery-3.5.1/jquery-AUTHORS.txt,C:/Users/oorie/OneDrive/Documentos/TRABALHOS/DLNM/05_publicacao_github/outputs/figures/interactive/rr_surface_3d_medio_paraiba_obitos_i60_i64_ur_med_files/jquery-3.5.1/jquery-AUTHORS.txt,TRUE,FALSE,13726,2026-06-21 17:18:29.508974,txt,documentação/log,figura gerada,ok,ativo
outputs/figures/interactive/rr_surface_3d_medio_paraiba_obitos_i60_i64_ur_med_files/jquery-3.5.1/jquery.js,C:/Users/oorie/OneDrive/Documentos/TRABALHOS/DLNM/05_publicacao_github/outputs/figures/interactive/rr_surface_3d_medio_paraiba_obitos_i60_i64_ur_med_files/jquery-3.5.1/jquery.js,TRUE,FALSE,298502,2026-06-21 17:18:29.509159,js,outro,figura gerada,ok,ativo
outputs/figures/interactive/rr_surface_3d_medio_paraiba_obitos_i60_i64_ur_med_files/jquery-3.5.1/jquery.min.js,C:/Users/oorie/OneDrive/Documentos/TRABALHOS/DLNM/05_publicacao_github/outputs/figures/interactive/rr_surface_3d_medio_paraiba_obitos_i60_i64_ur_med_files/jquery-3.5.1/jquery.min.js,TRUE,FALSE,89478,2026-06-21 17:18:29.509472,js,outro,figura gerada,ok,ativo
outputs/figures/interactive/rr_surface_3d_medio_paraiba_obitos_i60_i64_ur_med_files/jquery-3.5.1/jquery.min.map,C:/Users/oorie/OneDrive/Documentos/TRABALHOS/DLNM/05_publicacao_github/outputs/figures/interactive/rr_surface_3d_medio_paraiba_obitos_i60_i64_ur_med_files/jquery-3.5.1/jquery.min.map,TRUE,FALSE,137986,2026-06-21 17:18:29.510019,map,outro,figura gerada,ok,ativo
outputs/figures/interactive/rr_surface_3d_medio_paraiba_obitos_i60_i64_ur_med_files/plotly-binding-4.12.0/plotly.js,C:/Users/oorie/OneDrive/Documentos/TRABALHOS/DLNM/05_publicacao_github/outputs/figures/interactive/rr_surface_3d_medio_paraiba_obitos_i60_i64_ur_med_files/plotly-binding-4.12.0/plotly.js,TRUE,FALSE,34699,2026-06-21 17:18:29.510689,js,outro,figura gerada,ok,ativo
outputs/figures/interactive/rr_surface_3d_medio_paraiba_obitos_i60_i64_ur_med_files/plotly-htmlwidgets-css-2.25.2/plotly-htmlwidgets.css,C:/Users/oorie/OneDrive/Documentos/TRABALHOS/DLNM/05_publicacao_github/outputs/figures/interactive/rr_surface_3d_medio_paraiba_obitos_i60_i64_ur_med_files/plotly-htmlwidgets-css-2.25.2/plotly-htmlwidgets.css,TRUE,FALSE,182,2026-06-21 17:18:29.511154,css,outro,figura gerada,ok,ativo
outputs/figures/interactive/rr_surface_3d_medio_paraiba_obitos_i60_i64_ur_med_files/plotly-main-2.25.2/plotly-latest.min.js,C:/Users/oorie/OneDrive/Documentos/TRABALHOS/DLNM/05_publicacao_github/outputs/figures/interactive/rr_surface_3d_medio_paraiba_obitos_i60_i64_ur_med_files/plotly-main-2.25.2/plotly-latest.min.js,TRUE,FALSE,3575017,2026-06-21 17:18:29.511633,js,outro,figura gerada,ok,ativo
outputs/figures/interactive/rr_surface_3d_medio_paraiba_obitos_i60_i64_ur_med_files/typedarray-0.1/typedarray.min.js,C:/Users/oorie/OneDrive/Documentos/TRABALHOS/DLNM/05_publicacao_github/outputs/figures/interactive/rr_surface_3d_medio_paraiba_obitos_i60_i64_ur_med_files/typedarray-0.1/typedarray.min.js,TRUE,FALSE,22444,2026-06-21 17:18:29.511999,js,outro,figura gerada,ok,ativo
outputs/figures/interactive/rr_surface_3d_medio_paraiba_obitos_i60_i69_temp_med.html,C:/Users/oorie/OneDrive/Documentos/TRABALHOS/DLNM/05_publicacao_github/outputs/figures/interactive/rr_surface_3d_medio_paraiba_obitos_i60_i69_temp_med.html,TRUE,FALSE,51908,2026-06-21 17:18:29.512304,html,HTML,figura gerada,ok,ativo
outputs/figures/interactive/rr_surface_3d_medio_paraiba_obitos_i60_i69_temp_med_files/crosstalk-1.2.2/css/crosstalk.min.css,C:/Users/oorie/OneDrive/Documentos/TRABALHOS/DLNM/05_publicacao_github/outputs/figures/interactive/rr_surface_3d_medio_paraiba_obitos_i60_i69_temp_med_files/crosstalk-1.2.2/css/crosstalk.min.css,TRUE,FALSE,1307,2026-06-21 17:18:29.512905,css,outro,figura gerada,ok,ativo
outputs/figures/interactive/rr_surface_3d_medio_paraiba_obitos_i60_i69_temp_med_files/crosstalk-1.2.2/js/crosstalk.js,C:/Users/oorie/OneDrive/Documentos/TRABALHOS/DLNM/05_publicacao_github/outputs/figures/interactive/rr_surface_3d_medio_paraiba_obitos_i60_i69_temp_med_files/crosstalk-1.2.2/js/crosstalk.js,TRUE,FALSE,50504,2026-06-21 17:18:29.513388,js,outro,figura gerada,ok,ativo
outputs/figures/interactive/rr_surface_3d_medio_paraiba_obitos_i60_i69_temp_med_files/crosstalk-1.2.2/js/crosstalk.js.map,C:/Users/oorie/OneDrive/Documentos/TRABALHOS/DLNM/05_publicacao_github/outputs/figures/interactive/rr_surface_3d_medio_paraiba_obitos_i60_i69_temp_med_files/crosstalk-1.2.2/js/crosstalk.js.map,TRUE,FALSE,54889,2026-06-21 17:18:29.514212,map,outro,figura gerada,ok,ativo
outputs/figures/interactive/rr_surface_3d_medio_paraiba_obitos_i60_i69_temp_med_files/crosstalk-1.2.2/js/crosstalk.min.js,C:/Users/oorie/OneDrive/Documentos/TRABALHOS/DLNM/05_publicacao_github/outputs/figures/interactive/rr_surface_3d_medio_paraiba_obitos_i60_i69_temp_med_files/crosstalk-1.2.2/js/crosstalk.min.js,TRUE,FALSE,18926,2026-06-21 17:18:29.514706,js,outro,figura gerada,ok,ativo
outputs/figures/interactive/rr_surface_3d_medio_paraiba_obitos_i60_i69_temp_med_files/crosstalk-1.2.2/js/crosstalk.min.js.map,C:/Users/oorie/OneDrive/Documentos/TRABALHOS/DLNM/05_publicacao_github/outputs/figures/interactive/rr_surface_3d_medio_paraiba_obitos_i60_i69_temp_med_files/crosstalk-1.2.2/js/crosstalk.min.js.map,TRUE,FALSE,50338,2026-06-21 17:18:29.515345,map,outro,figura gerada,ok,ativo
outputs/figures/interactive/rr_surface_3d_medio_paraiba_obitos_i60_i69_temp_med_files/crosstalk-1.2.2/scss/crosstalk.scss,C:/Users/oorie/OneDrive/Documentos/TRABALHOS/DLNM/05_publicacao_github/outputs/figures/interactive/rr_surface_3d_medio_paraiba_obitos_i60_i69_temp_med_files/crosstalk-1.2.2/scss/crosstalk.scss,TRUE,FALSE,1891,2026-06-21 17:18:29.515753,scss,outro,figura gerada,ok,ativo
outputs/figures/interactive/rr_surface_3d_medio_paraiba_obitos_i60_i69_temp_med_files/htmltools-fill-0.5.9/fill.css,C:/Users/oorie/OneDrive/Documentos/TRABALHOS/DLNM/05_publicacao_github/outputs/figures/interactive/rr_surface_3d_medio_paraiba_obitos_i60_i69_temp_med_files/htmltools-fill-0.5.9/fill.css,TRUE,FALSE,606,2026-06-21 17:18:29.516264,css,outro,figura gerada,ok,ativo
outputs/figures/interactive/rr_surface_3d_medio_paraiba_obitos_i60_i69_temp_med_files/htmlwidgets-1.6.4/htmlwidgets.js,C:/Users/oorie/OneDrive/Documentos/TRABALHOS/DLNM/05_publicacao_github/outputs/figures/interactive/rr_surface_3d_medio_paraiba_obitos_i60_i69_temp_med_files/htmlwidgets-1.6.4/htmlwidgets.js,TRUE,FALSE,34091,2026-06-21 17:18:29.516766,js,outro,figura gerada,ok,ativo
outputs/figures/interactive/rr_surface_3d_medio_paraiba_obitos_i60_i69_temp_med_files/jquery-3.5.1/jquery-AUTHORS.txt,C:/Users/oorie/OneDrive/Documentos/TRABALHOS/DLNM/05_publicacao_github/outputs/figures/interactive/rr_surface_3d_medio_paraiba_obitos_i60_i69_temp_med_files/jquery-3.5.1/jquery-AUTHORS.txt,TRUE,FALSE,13726,2026-06-21 17:18:29.517164,txt,documentação/log,figura gerada,ok,ativo
outputs/figures/interactive/rr_surface_3d_medio_paraiba_obitos_i60_i69_temp_med_files/jquery-3.5.1/jquery.js,C:/Users/oorie/OneDrive/Documentos/TRABALHOS/DLNM/05_publicacao_github/outputs/figures/interactive/rr_surface_3d_medio_paraiba_obitos_i60_i69_temp_med_files/jquery-3.5.1/jquery.js,TRUE,FALSE,298502,2026-06-21 17:18:29.517467,js,outro,figura gerada,ok,ativo
outputs/figures/interactive/rr_surface_3d_medio_paraiba_obitos_i60_i69_temp_med_files/jquery-3.5.1/jquery.min.js,C:/Users/oorie/OneDrive/Documentos/TRABALHOS/DLNM/05_publicacao_github/outputs/figures/interactive/rr_surface_3d_medio_paraiba_obitos_i60_i69_temp_med_files/jquery-3.5.1/jquery.min.js,TRUE,FALSE,89478,2026-06-21 17:18:29.518105,js,outro,figura gerada,ok,ativo
outputs/figures/interactive/rr_surface_3d_medio_paraiba_obitos_i60_i69_temp_med_files/jquery-3.5.1/jquery.min.map,C:/Users/oorie/OneDrive/Documentos/TRABALHOS/DLNM/05_publicacao_github/outputs/figures/interactive/rr_surface_3d_medio_paraiba_obitos_i60_i69_temp_med_files/jquery-3.5.1/jquery.min.map,TRUE,FALSE,137986,2026-06-21 17:18:29.518822,map,outro,figura gerada,ok,ativo
outputs/figures/interactive/rr_surface_3d_medio_paraiba_obitos_i60_i69_temp_med_files/plotly-binding-4.12.0/plotly.js,C:/Users/oorie/OneDrive/Documentos/TRABALHOS/DLNM/05_publicacao_github/outputs/figures/interactive/rr_surface_3d_medio_paraiba_obitos_i60_i69_temp_med_files/plotly-binding-4.12.0/plotly.js,TRUE,FALSE,34699,2026-06-21 17:18:29.519258,js,outro,figura gerada,ok,ativo
outputs/figures/interactive/rr_surface_3d_medio_paraiba_obitos_i60_i69_temp_med_files/plotly-htmlwidgets-css-2.25.2/plotly-htmlwidgets.css,C:/Users/oorie/OneDrive/Documentos/TRABALHOS/DLNM/05_publicacao_github/outputs/figures/interactive/rr_surface_3d_medio_paraiba_obitos_i60_i69_temp_med_files/plotly-htmlwidgets-css-2.25.2/plotly-htmlwidgets.css,TRUE,FALSE,182,2026-06-21 17:18:29.51976,css,outro,figura gerada,ok,ativo
outputs/figures/interactive/rr_surface_3d_medio_paraiba_obitos_i60_i69_temp_med_files/plotly-main-2.25.2/plotly-latest.min.js,C:/Users/oorie/OneDrive/Documentos/TRABALHOS/DLNM/05_publicacao_github/outputs/figures/interactive/rr_surface_3d_medio_paraiba_obitos_i60_i69_temp_med_files/plotly-main-2.25.2/plotly-latest.min.js,TRUE,FALSE,3575017,2026-06-21 17:18:29.520082,js,outro,figura gerada,ok,ativo
outputs/figures/interactive/rr_surface_3d_medio_paraiba_obitos_i60_i69_temp_med_files/typedarray-0.1/typedarray.min.js,C:/Users/oorie/OneDrive/Documentos/TRABALHOS/DLNM/05_publicacao_github/outputs/figures/interactive/rr_surface_3d_medio_paraiba_obitos_i60_i69_temp_med_files/typedarray-0.1/typedarray.min.js,TRUE,FALSE,22444,2026-06-21 17:18:29.52046,js,outro,figura gerada,ok,ativo
outputs/figures/interactive/rr_surface_3d_medio_paraiba_obitos_i60_i69_ur_med.html,C:/Users/oorie/OneDrive/Documentos/TRABALHOS/DLNM/05_publicacao_github/outputs/figures/interactive/rr_surface_3d_medio_paraiba_obitos_i60_i69_ur_med.html,TRUE,FALSE,52168,2026-06-21 17:18:29.520916,html,HTML,figura gerada,ok,ativo
outputs/figures/interactive/rr_surface_3d_medio_paraiba_obitos_i60_i69_ur_med_files/crosstalk-1.2.2/css/crosstalk.min.css,C:/Users/oorie/OneDrive/Documentos/TRABALHOS/DLNM/05_publicacao_github/outputs/figures/interactive/rr_surface_3d_medio_paraiba_obitos_i60_i69_ur_med_files/crosstalk-1.2.2/css/crosstalk.min.css,TRUE,FALSE,1307,2026-06-21 17:18:29.521294,css,outro,figura gerada,ok,ativo
outputs/figures/interactive/rr_surface_3d_medio_paraiba_obitos_i60_i69_ur_med_files/crosstalk-1.2.2/js/crosstalk.js,C:/Users/oorie/OneDrive/Documentos/TRABALHOS/DLNM/05_publicacao_github/outputs/figures/interactive/rr_surface_3d_medio_paraiba_obitos_i60_i69_ur_med_files/crosstalk-1.2.2/js/crosstalk.js,TRUE,FALSE,50504,2026-06-21 17:18:29.521864,js,outro,figura gerada,ok,ativo
outputs/figures/interactive/rr_surface_3d_medio_paraiba_obitos_i60_i69_ur_med_files/crosstalk-1.2.2/js/crosstalk.js.map,C:/Users/oorie/OneDrive/Documentos/TRABALHOS/DLNM/05_publicacao_github/outputs/figures/interactive/rr_surface_3d_medio_paraiba_obitos_i60_i69_ur_med_files/crosstalk-1.2.2/js/crosstalk.js.map,TRUE,FALSE,54889,2026-06-21 17:18:29.522493,map,outro,figura gerada,ok,ativo
outputs/figures/interactive/rr_surface_3d_medio_paraiba_obitos_i60_i69_ur_med_files/crosstalk-1.2.2/js/crosstalk.min.js,C:/Users/oorie/OneDrive/Documentos/TRABALHOS/DLNM/05_publicacao_github/outputs/figures/interactive/rr_surface_3d_medio_paraiba_obitos_i60_i69_ur_med_files/crosstalk-1.2.2/js/crosstalk.min.js,TRUE,FALSE,18926,2026-06-21 17:18:29.523098,js,outro,figura gerada,ok,ativo
outputs/figures/interactive/rr_surface_3d_medio_paraiba_obitos_i60_i69_ur_med_files/crosstalk-1.2.2/js/crosstalk.min.js.map,C:/Users/oorie/OneDrive/Documentos/TRABALHOS/DLNM/05_publicacao_github/outputs/figures/interactive/rr_surface_3d_medio_paraiba_obitos_i60_i69_ur_med_files/crosstalk-1.2.2/js/crosstalk.min.js.map,TRUE,FALSE,50338,2026-06-21 17:18:29.523458,map,outro,figura gerada,ok,ativo
outputs/figures/interactive/rr_surface_3d_medio_paraiba_obitos_i60_i69_ur_med_files/crosstalk-1.2.2/scss/crosstalk.scss,C:/Users/oorie/OneDrive/Documentos/TRABALHOS/DLNM/05_publicacao_github/outputs/figures/interactive/rr_surface_3d_medio_paraiba_obitos_i60_i69_ur_med_files/crosstalk-1.2.2/scss/crosstalk.scss,TRUE,FALSE,1891,2026-06-21 17:18:29.523859,scss,outro,figura gerada,ok,ativo
outputs/figures/interactive/rr_surface_3d_medio_paraiba_obitos_i60_i69_ur_med_files/htmltools-fill-0.5.9/fill.css,C:/Users/oorie/OneDrive/Documentos/TRABALHOS/DLNM/05_publicacao_github/outputs/figures/interactive/rr_surface_3d_medio_paraiba_obitos_i60_i69_ur_med_files/htmltools-fill-0.5.9/fill.css,TRUE,FALSE,606,2026-06-21 17:18:29.524162,css,outro,figura gerada,ok,ativo
outputs/figures/interactive/rr_surface_3d_medio_paraiba_obitos_i60_i69_ur_med_files/htmlwidgets-1.6.4/htmlwidgets.js,C:/Users/oorie/OneDrive/Documentos/TRABALHOS/DLNM/05_publicacao_github/outputs/figures/interactive/rr_surface_3d_medio_paraiba_obitos_i60_i69_ur_med_files/htmlwidgets-1.6.4/htmlwidgets.js,TRUE,FALSE,34091,2026-06-21 17:18:29.524652,js,outro,figura gerada,ok,ativo
outputs/figures/interactive/rr_surface_3d_medio_paraiba_obitos_i60_i69_ur_med_files/jquery-3.5.1/jquery-AUTHORS.txt,C:/Users/oorie/OneDrive/Documentos/TRABALHOS/DLNM/05_publicacao_github/outputs/figures/interactive/rr_surface_3d_medio_paraiba_obitos_i60_i69_ur_med_files/jquery-3.5.1/jquery-AUTHORS.txt,TRUE,FALSE,13726,2026-06-21 17:18:29.524994,txt,documentação/log,figura gerada,ok,ativo
outputs/figures/interactive/rr_surface_3d_medio_paraiba_obitos_i60_i69_ur_med_files/jquery-3.5.1/jquery.js,C:/Users/oorie/OneDrive/Documentos/TRABALHOS/DLNM/05_publicacao_github/outputs/figures/interactive/rr_surface_3d_medio_paraiba_obitos_i60_i69_ur_med_files/jquery-3.5.1/jquery.js,TRUE,FALSE,298502,2026-06-21 17:18:29.525446,js,outro,figura gerada,ok,ativo
outputs/figures/interactive/rr_surface_3d_medio_paraiba_obitos_i60_i69_ur_med_files/jquery-3.5.1/jquery.min.js,C:/Users/oorie/OneDrive/Documentos/TRABALHOS/DLNM/05_publicacao_github/outputs/figures/interactive/rr_surface_3d_medio_paraiba_obitos_i60_i69_ur_med_files/jquery-3.5.1/jquery.min.js,TRUE,FALSE,89478,2026-06-21 17:18:29.525736,js,outro,figura gerada,ok,ativo
outputs/figures/interactive/rr_surface_3d_medio_paraiba_obitos_i60_i69_ur_med_files/jquery-3.5.1/jquery.min.map,C:/Users/oorie/OneDrive/Documentos/TRABALHOS/DLNM/05_publicacao_github/outputs/figures/interactive/rr_surface_3d_medio_paraiba_obitos_i60_i69_ur_med_files/jquery-3.5.1/jquery.min.map,TRUE,FALSE,137986,2026-06-21 17:18:29.526052,map,outro,figura gerada,ok,ativo
outputs/figures/interactive/rr_surface_3d_medio_paraiba_obitos_i60_i69_ur_med_files/plotly-binding-4.12.0/plotly.js,C:/Users/oorie/OneDrive/Documentos/TRABALHOS/DLNM/05_publicacao_github/outputs/figures/interactive/rr_surface_3d_medio_paraiba_obitos_i60_i69_ur_med_files/plotly-binding-4.12.0/plotly.js,TRUE,FALSE,34699,2026-06-21 17:18:29.52639,js,outro,figura gerada,ok,ativo
outputs/figures/interactive/rr_surface_3d_medio_paraiba_obitos_i60_i69_ur_med_files/plotly-htmlwidgets-css-2.25.2/plotly-htmlwidgets.css,C:/Users/oorie/OneDrive/Documentos/TRABALHOS/DLNM/05_publicacao_github/outputs/figures/interactive/rr_surface_3d_medio_paraiba_obitos_i60_i69_ur_med_files/plotly-htmlwidgets-css-2.25.2/plotly-htmlwidgets.css,TRUE,FALSE,182,2026-06-21 17:18:29.526655,css,outro,figura gerada,ok,ativo
outputs/figures/interactive/rr_surface_3d_medio_paraiba_obitos_i60_i69_ur_med_files/plotly-main-2.25.2/plotly-latest.min.js,C:/Users/oorie/OneDrive/Documentos/TRABALHOS/DLNM/05_publicacao_github/outputs/figures/interactive/rr_surface_3d_medio_paraiba_obitos_i60_i69_ur_med_files/plotly-main-2.25.2/plotly-latest.min.js,TRUE,FALSE,3575017,2026-06-21 17:18:29.526953,js,outro,figura gerada,ok,ativo
outputs/figures/interactive/rr_surface_3d_medio_paraiba_obitos_i60_i69_ur_med_files/typedarray-0.1/typedarray.min.js,C:/Users/oorie/OneDrive/Documentos/TRABALHOS/DLNM/05_publicacao_github/outputs/figures/interactive/rr_surface_3d_medio_paraiba_obitos_i60_i69_ur_med_files/typedarray-0.1/typedarray.min.js,TRUE,FALSE,22444,2026-06-21 17:18:29.527271,js,outro,figura gerada,ok,ativo
outputs/figures/interactive/rr_surface_3d_metropolitana_i_internacoes_i60_i62_temp_med.html,C:/Users/oorie/OneDrive/Documentos/TRABALHOS/DLNM/05_publicacao_github/outputs/figures/interactive/rr_surface_3d_metropolitana_i_internacoes_i60_i62_temp_med.html,TRUE,FALSE,52423,2026-06-21 17:18:29.527571,html,HTML,figura gerada,ok,ativo
outputs/figures/interactive/rr_surface_3d_metropolitana_i_internacoes_i60_i62_temp_med_files/crosstalk-1.2.2/css/crosstalk.min.css,C:/Users/oorie/OneDrive/Documentos/TRABALHOS/DLNM/05_publicacao_github/outputs/figures/interactive/rr_surface_3d_metropolitana_i_internacoes_i60_i62_temp_med_files/crosstalk-1.2.2/css/crosstalk.min.css,TRUE,FALSE,1307,2026-06-21 17:18:29.528263,css,outro,figura gerada,ok,ativo
outputs/figures/interactive/rr_surface_3d_metropolitana_i_internacoes_i60_i62_temp_med_files/crosstalk-1.2.2/js/crosstalk.js,C:/Users/oorie/OneDrive/Documentos/TRABALHOS/DLNM/05_publicacao_github/outputs/figures/interactive/rr_surface_3d_metropolitana_i_internacoes_i60_i62_temp_med_files/crosstalk-1.2.2/js/crosstalk.js,TRUE,FALSE,50504,2026-06-21 17:18:29.529118,js,outro,figura gerada,ok,ativo
outputs/figures/interactive/rr_surface_3d_metropolitana_i_internacoes_i60_i62_temp_med_files/crosstalk-1.2.2/js/crosstalk.js.map,C:/Users/oorie/OneDrive/Documentos/TRABALHOS/DLNM/05_publicacao_github/outputs/figures/interactive/rr_surface_3d_metropolitana_i_internacoes_i60_i62_temp_med_files/crosstalk-1.2.2/js/crosstalk.js.map,TRUE,FALSE,54889,2026-06-21 17:18:29.529654,map,outro,figura gerada,ok,ativo
outputs/figures/interactive/rr_surface_3d_metropolitana_i_internacoes_i60_i62_temp_med_files/crosstalk-1.2.2/js/crosstalk.min.js,C:/Users/oorie/OneDrive/Documentos/TRABALHOS/DLNM/05_publicacao_github/outputs/figures/interactive/rr_surface_3d_metropolitana_i_internacoes_i60_i62_temp_med_files/crosstalk-1.2.2/js/crosstalk.min.js,TRUE,FALSE,18926,2026-06-21 17:18:29.52998,js,outro,figura gerada,ok,ativo
outputs/figures/interactive/rr_surface_3d_metropolitana_i_internacoes_i60_i62_temp_med_files/crosstalk-1.2.2/js/crosstalk.min.js.map,C:/Users/oorie/OneDrive/Documentos/TRABALHOS/DLNM/05_publicacao_github/outputs/figures/interactive/rr_surface_3d_metropolitana_i_internacoes_i60_i62_temp_med_files/crosstalk-1.2.2/js/crosstalk.min.js.map,TRUE,FALSE,50338,2026-06-21 17:18:29.530193,map,outro,figura gerada,ok,ativo
outputs/figures/interactive/rr_surface_3d_metropolitana_i_internacoes_i60_i62_temp_med_files/crosstalk-1.2.2/scss/crosstalk.scss,C:/Users/oorie/OneDrive/Documentos/TRABALHOS/DLNM/05_publicacao_github/outputs/figures/interactive/rr_surface_3d_metropolitana_i_internacoes_i60_i62_temp_med_files/crosstalk-1.2.2/scss/crosstalk.scss,TRUE,FALSE,1891,2026-06-21 17:18:29.530697,scss,outro,figura gerada,ok,ativo
outputs/figures/interactive/rr_surface_3d_metropolitana_i_internacoes_i60_i62_temp_med_files/htmltools-fill-0.5.9/fill.css,C:/Users/oorie/OneDrive/Documentos/TRABALHOS/DLNM/05_publicacao_github/outputs/figures/interactive/rr_surface_3d_metropolitana_i_internacoes_i60_i62_temp_med_files/htmltools-fill-0.5.9/fill.css,TRUE,FALSE,606,2026-06-21 17:18:29.531197,css,outro,figura gerada,ok,ativo
outputs/figures/interactive/rr_surface_3d_metropolitana_i_internacoes_i60_i62_temp_med_files/htmlwidgets-1.6.4/htmlwidgets.js,C:/Users/oorie/OneDrive/Documentos/TRABALHOS/DLNM/05_publicacao_github/outputs/figures/interactive/rr_surface_3d_metropolitana_i_internacoes_i60_i62_temp_med_files/htmlwidgets-1.6.4/htmlwidgets.js,TRUE,FALSE,34091,2026-06-21 17:18:29.531586,js,outro,figura gerada,ok,ativo
outputs/figures/interactive/rr_surface_3d_metropolitana_i_internacoes_i60_i62_temp_med_files/jquery-3.5.1/jquery-AUTHORS.txt,C:/Users/oorie/OneDrive/Documentos/TRABALHOS/DLNM/05_publicacao_github/outputs/figures/interactive/rr_surface_3d_metropolitana_i_internacoes_i60_i62_temp_med_files/jquery-3.5.1/jquery-AUTHORS.txt,TRUE,FALSE,13726,2026-06-21 17:18:29.532087,txt,documentação/log,figura gerada,ok,ativo
outputs/figures/interactive/rr_surface_3d_metropolitana_i_internacoes_i60_i62_temp_med_files/jquery-3.5.1/jquery.js,C:/Users/oorie/OneDrive/Documentos/TRABALHOS/DLNM/05_publicacao_github/outputs/figures/interactive/rr_surface_3d_metropolitana_i_internacoes_i60_i62_temp_med_files/jquery-3.5.1/jquery.js,TRUE,FALSE,298502,2026-06-21 17:18:29.532562,js,outro,figura gerada,ok,ativo
outputs/figures/interactive/rr_surface_3d_metropolitana_i_internacoes_i60_i62_temp_med_files/jquery-3.5.1/jquery.min.js,C:/Users/oorie/OneDrive/Documentos/TRABALHOS/DLNM/05_publicacao_github/outputs/figures/interactive/rr_surface_3d_metropolitana_i_internacoes_i60_i62_temp_med_files/jquery-3.5.1/jquery.min.js,TRUE,FALSE,89478,2026-06-21 17:18:29.532902,js,outro,figura gerada,ok,ativo
outputs/figures/interactive/rr_surface_3d_metropolitana_i_internacoes_i60_i62_temp_med_files/jquery-3.5.1/jquery.min.map,C:/Users/oorie/OneDrive/Documentos/TRABALHOS/DLNM/05_publicacao_github/outputs/figures/interactive/rr_surface_3d_metropolitana_i_internacoes_i60_i62_temp_med_files/jquery-3.5.1/jquery.min.map,TRUE,FALSE,137986,2026-06-21 17:18:29.533247,map,outro,figura gerada,ok,ativo
outputs/figures/interactive/rr_surface_3d_metropolitana_i_internacoes_i60_i62_temp_med_files/plotly-binding-4.12.0/plotly.js,C:/Users/oorie/OneDrive/Documentos/TRABALHOS/DLNM/05_publicacao_github/outputs/figures/interactive/rr_surface_3d_metropolitana_i_internacoes_i60_i62_temp_med_files/plotly-binding-4.12.0/plotly.js,TRUE,FALSE,34699,2026-06-21 17:18:29.533628,js,outro,figura gerada,ok,ativo
outputs/figures/interactive/rr_surface_3d_metropolitana_i_internacoes_i60_i62_temp_med_files/plotly-htmlwidgets-css-2.25.2/plotly-htmlwidgets.css,C:/Users/oorie/OneDrive/Documentos/TRABALHOS/DLNM/05_publicacao_github/outputs/figures/interactive/rr_surface_3d_metropolitana_i_internacoes_i60_i62_temp_med_files/plotly-htmlwidgets-css-2.25.2/plotly-htmlwidgets.css,TRUE,FALSE,182,2026-06-21 17:18:29.534143,css,outro,figura gerada,ok,ativo
outputs/figures/interactive/rr_surface_3d_metropolitana_i_internacoes_i60_i62_temp_med_files/plotly-main-2.25.2/plotly-latest.min.js,C:/Users/oorie/OneDrive/Documentos/TRABALHOS/DLNM/05_publicacao_github/outputs/figures/interactive/rr_surface_3d_metropolitana_i_internacoes_i60_i62_temp_med_files/plotly-main-2.25.2/plotly-latest.min.js,TRUE,FALSE,3575017,2026-06-21 17:18:29.534466,js,outro,figura gerada,ok,ativo
outputs/figures/interactive/rr_surface_3d_metropolitana_i_internacoes_i60_i62_temp_med_files/typedarray-0.1/typedarray.min.js,C:/Users/oorie/OneDrive/Documentos/TRABALHOS/DLNM/05_publicacao_github/outputs/figures/interactive/rr_surface_3d_metropolitana_i_internacoes_i60_i62_temp_med_files/typedarray-0.1/typedarray.min.js,TRUE,FALSE,22444,2026-06-21 17:18:29.534815,js,outro,figura gerada,ok,ativo
outputs/figures/interactive/rr_surface_3d_metropolitana_i_internacoes_i60_i62_ur_med.html,C:/Users/oorie/OneDrive/Documentos/TRABALHOS/DLNM/05_publicacao_github/outputs/figures/interactive/rr_surface_3d_metropolitana_i_internacoes_i60_i62_ur_med.html,TRUE,FALSE,52593,2026-06-21 17:18:29.535234,html,HTML,figura gerada,ok,ativo
outputs/figures/interactive/rr_surface_3d_metropolitana_i_internacoes_i60_i62_ur_med_files/crosstalk-1.2.2/css/crosstalk.min.css,C:/Users/oorie/OneDrive/Documentos/TRABALHOS/DLNM/05_publicacao_github/outputs/figures/interactive/rr_surface_3d_metropolitana_i_internacoes_i60_i62_ur_med_files/crosstalk-1.2.2/css/crosstalk.min.css,TRUE,FALSE,1307,2026-06-21 17:18:29.535597,css,outro,figura gerada,ok,ativo
outputs/figures/interactive/rr_surface_3d_metropolitana_i_internacoes_i60_i62_ur_med_files/crosstalk-1.2.2/js/crosstalk.js,C:/Users/oorie/OneDrive/Documentos/TRABALHOS/DLNM/05_publicacao_github/outputs/figures/interactive/rr_surface_3d_metropolitana_i_internacoes_i60_i62_ur_med_files/crosstalk-1.2.2/js/crosstalk.js,TRUE,FALSE,50504,2026-06-21 17:18:29.535923,js,outro,figura gerada,ok,ativo
outputs/figures/interactive/rr_surface_3d_metropolitana_i_internacoes_i60_i62_ur_med_files/crosstalk-1.2.2/js/crosstalk.js.map,C:/Users/oorie/OneDrive/Documentos/TRABALHOS/DLNM/05_publicacao_github/outputs/figures/interactive/rr_surface_3d_metropolitana_i_internacoes_i60_i62_ur_med_files/crosstalk-1.2.2/js/crosstalk.js.map,TRUE,FALSE,54889,2026-06-21 17:18:29.536266,map,outro,figura gerada,ok,ativo
outputs/figures/interactive/rr_surface_3d_metropolitana_i_internacoes_i60_i62_ur_med_files/crosstalk-1.2.2/js/crosstalk.min.js,C:/Users/oorie/OneDrive/Documentos/TRABALHOS/DLNM/05_publicacao_github/outputs/figures/interactive/rr_surface_3d_metropolitana_i_internacoes_i60_i62_ur_med_files/crosstalk-1.2.2/js/crosstalk.min.js,TRUE,FALSE,18926,2026-06-21 17:18:29.536564,js,outro,figura gerada,ok,ativo
outputs/figures/interactive/rr_surface_3d_metropolitana_i_internacoes_i60_i62_ur_med_files/crosstalk-1.2.2/js/crosstalk.min.js.map,C:/Users/oorie/OneDrive/Documentos/TRABALHOS/DLNM/05_publicacao_github/outputs/figures/interactive/rr_surface_3d_metropolitana_i_internacoes_i60_i62_ur_med_files/crosstalk-1.2.2/js/crosstalk.min.js.map,TRUE,FALSE,50338,2026-06-21 17:18:29.536875,map,outro,figura gerada,ok,ativo
outputs/figures/interactive/rr_surface_3d_metropolitana_i_internacoes_i60_i62_ur_med_files/crosstalk-1.2.2/scss/crosstalk.scss,C:/Users/oorie/OneDrive/Documentos/TRABALHOS/DLNM/05_publicacao_github/outputs/figures/interactive/rr_surface_3d_metropolitana_i_internacoes_i60_i62_ur_med_files/crosstalk-1.2.2/scss/crosstalk.scss,TRUE,FALSE,1891,2026-06-21 17:18:29.537409,scss,outro,figura gerada,ok,ativo
outputs/figures/interactive/rr_surface_3d_metropolitana_i_internacoes_i60_i62_ur_med_files/htmltools-fill-0.5.9/fill.css,C:/Users/oorie/OneDrive/Documentos/TRABALHOS/DLNM/05_publicacao_github/outputs/figures/interactive/rr_surface_3d_metropolitana_i_internacoes_i60_i62_ur_med_files/htmltools-fill-0.5.9/fill.css,TRUE,FALSE,606,2026-06-21 17:18:29.538067,css,outro,figura gerada,ok,ativo
outputs/figures/interactive/rr_surface_3d_metropolitana_i_internacoes_i60_i62_ur_med_files/htmlwidgets-1.6.4/htmlwidgets.js,C:/Users/oorie/OneDrive/Documentos/TRABALHOS/DLNM/05_publicacao_github/outputs/figures/interactive/rr_surface_3d_metropolitana_i_internacoes_i60_i62_ur_med_files/htmlwidgets-1.6.4/htmlwidgets.js,TRUE,FALSE,34091,2026-06-21 17:18:29.538412,js,outro,figura gerada,ok,ativo
outputs/figures/interactive/rr_surface_3d_metropolitana_i_internacoes_i60_i62_ur_med_files/jquery-3.5.1/jquery-AUTHORS.txt,C:/Users/oorie/OneDrive/Documentos/TRABALHOS/DLNM/05_publicacao_github/outputs/figures/interactive/rr_surface_3d_metropolitana_i_internacoes_i60_i62_ur_med_files/jquery-3.5.1/jquery-AUTHORS.txt,TRUE,FALSE,13726,2026-06-21 17:18:29.53875,txt,documentação/log,figura gerada,ok,ativo
outputs/figures/interactive/rr_surface_3d_metropolitana_i_internacoes_i60_i62_ur_med_files/jquery-3.5.1/jquery.js,C:/Users/oorie/OneDrive/Documentos/TRABALHOS/DLNM/05_publicacao_github/outputs/figures/interactive/rr_surface_3d_metropolitana_i_internacoes_i60_i62_ur_med_files/jquery-3.5.1/jquery.js,TRUE,FALSE,298502,2026-06-21 17:18:29.539213,js,outro,figura gerada,ok,ativo
outputs/figures/interactive/rr_surface_3d_metropolitana_i_internacoes_i60_i62_ur_med_files/jquery-3.5.1/jquery.min.js,C:/Users/oorie/OneDrive/Documentos/TRABALHOS/DLNM/05_publicacao_github/outputs/figures/interactive/rr_surface_3d_metropolitana_i_internacoes_i60_i62_ur_med_files/jquery-3.5.1/jquery.min.js,TRUE,FALSE,89478,2026-06-21 17:18:29.539667,js,outro,figura gerada,ok,ativo
outputs/figures/interactive/rr_surface_3d_metropolitana_i_internacoes_i60_i62_ur_med_files/jquery-3.5.1/jquery.min.map,C:/Users/oorie/OneDrive/Documentos/TRABALHOS/DLNM/05_publicacao_github/outputs/figures/interactive/rr_surface_3d_metropolitana_i_internacoes_i60_i62_ur_med_files/jquery-3.5.1/jquery.min.map,TRUE,FALSE,137986,2026-06-21 17:18:29.539972,map,outro,figura gerada,ok,ativo
outputs/figures/interactive/rr_surface_3d_metropolitana_i_internacoes_i60_i62_ur_med_files/plotly-binding-4.12.0/plotly.js,C:/Users/oorie/OneDrive/Documentos/TRABALHOS/DLNM/05_publicacao_github/outputs/figures/interactive/rr_surface_3d_metropolitana_i_internacoes_i60_i62_ur_med_files/plotly-binding-4.12.0/plotly.js,TRUE,FALSE,34699,2026-06-21 17:18:29.540525,js,outro,figura gerada,ok,ativo
outputs/figures/interactive/rr_surface_3d_metropolitana_i_internacoes_i60_i62_ur_med_files/plotly-htmlwidgets-css-2.25.2/plotly-htmlwidgets.css,C:/Users/oorie/OneDrive/Documentos/TRABALHOS/DLNM/05_publicacao_github/outputs/figures/interactive/rr_surface_3d_metropolitana_i_internacoes_i60_i62_ur_med_files/plotly-htmlwidgets-css-2.25.2/plotly-htmlwidgets.css,TRUE,FALSE,182,2026-06-21 17:18:29.540857,css,outro,figura gerada,ok,ativo
outputs/figures/interactive/rr_surface_3d_metropolitana_i_internacoes_i60_i62_ur_med_files/plotly-main-2.25.2/plotly-latest.min.js,C:/Users/oorie/OneDrive/Documentos/TRABALHOS/DLNM/05_publicacao_github/outputs/figures/interactive/rr_surface_3d_metropolitana_i_internacoes_i60_i62_ur_med_files/plotly-main-2.25.2/plotly-latest.min.js,TRUE,FALSE,3575017,2026-06-21 17:18:29.54121,js,outro,figura gerada,ok,ativo
outputs/figures/interactive/rr_surface_3d_metropolitana_i_internacoes_i60_i62_ur_med_files/typedarray-0.1/typedarray.min.js,C:/Users/oorie/OneDrive/Documentos/TRABALHOS/DLNM/05_publicacao_github/outputs/figures/interactive/rr_surface_3d_metropolitana_i_internacoes_i60_i62_ur_med_files/typedarray-0.1/typedarray.min.js,TRUE,FALSE,22444,2026-06-21 17:18:29.541656,js,outro,figura gerada,ok,ativo
outputs/figures/interactive/rr_surface_3d_metropolitana_i_internacoes_i60_i64_temp_med.html,C:/Users/oorie/OneDrive/Documentos/TRABALHOS/DLNM/05_publicacao_github/outputs/figures/interactive/rr_surface_3d_metropolitana_i_internacoes_i60_i64_temp_med.html,TRUE,FALSE,51883,2026-06-21 17:18:29.542154,html,HTML,figura gerada,ok,ativo
outputs/figures/interactive/rr_surface_3d_metropolitana_i_internacoes_i60_i64_temp_med_files/crosstalk-1.2.2/css/crosstalk.min.css,C:/Users/oorie/OneDrive/Documentos/TRABALHOS/DLNM/05_publicacao_github/outputs/figures/interactive/rr_surface_3d_metropolitana_i_internacoes_i60_i64_temp_med_files/crosstalk-1.2.2/css/crosstalk.min.css,TRUE,FALSE,1307,2026-06-21 17:18:29.542677,css,outro,figura gerada,ok,ativo
outputs/figures/interactive/rr_surface_3d_metropolitana_i_internacoes_i60_i64_temp_med_files/crosstalk-1.2.2/js/crosstalk.js,C:/Users/oorie/OneDrive/Documentos/TRABALHOS/DLNM/05_publicacao_github/outputs/figures/interactive/rr_surface_3d_metropolitana_i_internacoes_i60_i64_temp_med_files/crosstalk-1.2.2/js/crosstalk.js,TRUE,FALSE,50504,2026-06-21 17:18:29.543167,js,outro,figura gerada,ok,ativo
outputs/figures/interactive/rr_surface_3d_metropolitana_i_internacoes_i60_i64_temp_med_files/crosstalk-1.2.2/js/crosstalk.js.map,C:/Users/oorie/OneDrive/Documentos/TRABALHOS/DLNM/05_publicacao_github/outputs/figures/interactive/rr_surface_3d_metropolitana_i_internacoes_i60_i64_temp_med_files/crosstalk-1.2.2/js/crosstalk.js.map,TRUE,FALSE,54889,2026-06-21 17:18:29.543497,map,outro,figura gerada,ok,ativo
outputs/figures/interactive/rr_surface_3d_metropolitana_i_internacoes_i60_i64_temp_med_files/crosstalk-1.2.2/js/crosstalk.min.js,C:/Users/oorie/OneDrive/Documentos/TRABALHOS/DLNM/05_publicacao_github/outputs/figures/interactive/rr_surface_3d_metropolitana_i_internacoes_i60_i64_temp_med_files/crosstalk-1.2.2/js/crosstalk.min.js,TRUE,FALSE,18926,2026-06-21 17:18:29.543797,js,outro,figura gerada,ok,ativo
outputs/figures/interactive/rr_surface_3d_metropolitana_i_internacoes_i60_i64_temp_med_files/crosstalk-1.2.2/js/crosstalk.min.js.map,C:/Users/oorie/OneDrive/Documentos/TRABALHOS/DLNM/05_publicacao_github/outputs/figures/interactive/rr_surface_3d_metropolitana_i_internacoes_i60_i64_temp_med_files/crosstalk-1.2.2/js/crosstalk.min.js.map,TRUE,FALSE,50338,2026-06-21 17:18:29.544134,map,outro,figura gerada,ok,ativo
outputs/figures/interactive/rr_surface_3d_metropolitana_i_internacoes_i60_i64_temp_med_files/crosstalk-1.2.2/scss/crosstalk.scss,C:/Users/oorie/OneDrive/Documentos/TRABALHOS/DLNM/05_publicacao_github/outputs/figures/interactive/rr_surface_3d_metropolitana_i_internacoes_i60_i64_temp_med_files/crosstalk-1.2.2/scss/crosstalk.scss,TRUE,FALSE,1891,2026-06-21 17:18:29.544453,scss,outro,figura gerada,ok,ativo
outputs/figures/interactive/rr_surface_3d_metropolitana_i_internacoes_i60_i64_temp_med_files/htmltools-fill-0.5.9/fill.css,C:/Users/oorie/OneDrive/Documentos/TRABALHOS/DLNM/05_publicacao_github/outputs/figures/interactive/rr_surface_3d_metropolitana_i_internacoes_i60_i64_temp_med_files/htmltools-fill-0.5.9/fill.css,TRUE,FALSE,606,2026-06-21 17:18:29.545277,css,outro,figura gerada,ok,ativo
outputs/figures/interactive/rr_surface_3d_metropolitana_i_internacoes_i60_i64_temp_med_files/htmlwidgets-1.6.4/htmlwidgets.js,C:/Users/oorie/OneDrive/Documentos/TRABALHOS/DLNM/05_publicacao_github/outputs/figures/interactive/rr_surface_3d_metropolitana_i_internacoes_i60_i64_temp_med_files/htmlwidgets-1.6.4/htmlwidgets.js,TRUE,FALSE,34091,2026-06-21 17:18:29.545759,js,outro,figura gerada,ok,ativo
outputs/figures/interactive/rr_surface_3d_metropolitana_i_internacoes_i60_i64_temp_med_files/jquery-3.5.1/jquery-AUTHORS.txt,C:/Users/oorie/OneDrive/Documentos/TRABALHOS/DLNM/05_publicacao_github/outputs/figures/interactive/rr_surface_3d_metropolitana_i_internacoes_i60_i64_temp_med_files/jquery-3.5.1/jquery-AUTHORS.txt,TRUE,FALSE,13726,2026-06-21 17:18:29.546097,txt,documentação/log,figura gerada,ok,ativo
outputs/figures/interactive/rr_surface_3d_metropolitana_i_internacoes_i60_i64_temp_med_files/jquery-3.5.1/jquery.js,C:/Users/oorie/OneDrive/Documentos/TRABALHOS/DLNM/05_publicacao_github/outputs/figures/interactive/rr_surface_3d_metropolitana_i_internacoes_i60_i64_temp_med_files/jquery-3.5.1/jquery.js,TRUE,FALSE,298502,2026-06-21 17:18:29.546404,js,outro,figura gerada,ok,ativo
outputs/figures/interactive/rr_surface_3d_metropolitana_i_internacoes_i60_i64_temp_med_files/jquery-3.5.1/jquery.min.js,C:/Users/oorie/OneDrive/Documentos/TRABALHOS/DLNM/05_publicacao_github/outputs/figures/interactive/rr_surface_3d_metropolitana_i_internacoes_i60_i64_temp_med_files/jquery-3.5.1/jquery.min.js,TRUE,FALSE,89478,2026-06-21 17:18:29.546869,js,outro,figura gerada,ok,ativo
outputs/figures/interactive/rr_surface_3d_metropolitana_i_internacoes_i60_i64_temp_med_files/jquery-3.5.1/jquery.min.map,C:/Users/oorie/OneDrive/Documentos/TRABALHOS/DLNM/05_publicacao_github/outputs/figures/interactive/rr_surface_3d_metropolitana_i_internacoes_i60_i64_temp_med_files/jquery-3.5.1/jquery.min.map,TRUE,FALSE,137986,2026-06-21 17:18:29.547407,map,outro,figura gerada,ok,ativo
outputs/figures/interactive/rr_surface_3d_metropolitana_i_internacoes_i60_i64_temp_med_files/plotly-binding-4.12.0/plotly.js,C:/Users/oorie/OneDrive/Documentos/TRABALHOS/DLNM/05_publicacao_github/outputs/figures/interactive/rr_surface_3d_metropolitana_i_internacoes_i60_i64_temp_med_files/plotly-binding-4.12.0/plotly.js,TRUE,FALSE,34699,2026-06-21 17:18:29.547749,js,outro,figura gerada,ok,ativo
outputs/figures/interactive/rr_surface_3d_metropolitana_i_internacoes_i60_i64_temp_med_files/plotly-htmlwidgets-css-2.25.2/plotly-htmlwidgets.css,C:/Users/oorie/OneDrive/Documentos/TRABALHOS/DLNM/05_publicacao_github/outputs/figures/interactive/rr_surface_3d_metropolitana_i_internacoes_i60_i64_temp_med_files/plotly-htmlwidgets-css-2.25.2/plotly-htmlwidgets.css,TRUE,FALSE,182,2026-06-21 17:18:29.547966,css,outro,figura gerada,ok,ativo
outputs/figures/interactive/rr_surface_3d_metropolitana_i_internacoes_i60_i64_temp_med_files/plotly-main-2.25.2/plotly-latest.min.js,C:/Users/oorie/OneDrive/Documentos/TRABALHOS/DLNM/05_publicacao_github/outputs/figures/interactive/rr_surface_3d_metropolitana_i_internacoes_i60_i64_temp_med_files/plotly-main-2.25.2/plotly-latest.min.js,TRUE,FALSE,3575017,2026-06-21 17:18:29.548292,js,outro,figura gerada,ok,ativo
outputs/figures/interactive/rr_surface_3d_metropolitana_i_internacoes_i60_i64_temp_med_files/typedarray-0.1/typedarray.min.js,C:/Users/oorie/OneDrive/Documentos/TRABALHOS/DLNM/05_publicacao_github/outputs/figures/interactive/rr_surface_3d_metropolitana_i_internacoes_i60_i64_temp_med_files/typedarray-0.1/typedarray.min.js,TRUE,FALSE,22444,2026-06-21 17:18:29.549932,js,outro,figura gerada,ok,ativo
outputs/figures/interactive/rr_surface_3d_metropolitana_i_internacoes_i60_i64_ur_med.html,C:/Users/oorie/OneDrive/Documentos/TRABALHOS/DLNM/05_publicacao_github/outputs/figures/interactive/rr_surface_3d_metropolitana_i_internacoes_i60_i64_ur_med.html,TRUE,FALSE,51999,2026-06-21 17:18:29.551058,html,HTML,figura gerada,ok,ativo
outputs/figures/interactive/rr_surface_3d_metropolitana_i_internacoes_i60_i64_ur_med_files/crosstalk-1.2.2/css/crosstalk.min.css,C:/Users/oorie/OneDrive/Documentos/TRABALHOS/DLNM/05_publicacao_github/outputs/figures/interactive/rr_surface_3d_metropolitana_i_internacoes_i60_i64_ur_med_files/crosstalk-1.2.2/css/crosstalk.min.css,TRUE,FALSE,1307,2026-06-21 17:18:29.55163,css,outro,figura gerada,ok,ativo
outputs/figures/interactive/rr_surface_3d_metropolitana_i_internacoes_i60_i64_ur_med_files/crosstalk-1.2.2/js/crosstalk.js,C:/Users/oorie/OneDrive/Documentos/TRABALHOS/DLNM/05_publicacao_github/outputs/figures/interactive/rr_surface_3d_metropolitana_i_internacoes_i60_i64_ur_med_files/crosstalk-1.2.2/js/crosstalk.js,TRUE,FALSE,50504,2026-06-21 17:18:29.552528,js,outro,figura gerada,ok,ativo
outputs/figures/interactive/rr_surface_3d_metropolitana_i_internacoes_i60_i64_ur_med_files/crosstalk-1.2.2/js/crosstalk.js.map,C:/Users/oorie/OneDrive/Documentos/TRABALHOS/DLNM/05_publicacao_github/outputs/figures/interactive/rr_surface_3d_metropolitana_i_internacoes_i60_i64_ur_med_files/crosstalk-1.2.2/js/crosstalk.js.map,TRUE,FALSE,54889,2026-06-21 17:18:29.553516,map,outro,figura gerada,ok,ativo
outputs/figures/interactive/rr_surface_3d_metropolitana_i_internacoes_i60_i64_ur_med_files/crosstalk-1.2.2/js/crosstalk.min.js,C:/Users/oorie/OneDrive/Documentos/TRABALHOS/DLNM/05_publicacao_github/outputs/figures/interactive/rr_surface_3d_metropolitana_i_internacoes_i60_i64_ur_med_files/crosstalk-1.2.2/js/crosstalk.min.js,TRUE,FALSE,18926,2026-06-21 17:18:29.553745,js,outro,figura gerada,ok,ativo
outputs/figures/interactive/rr_surface_3d_metropolitana_i_internacoes_i60_i64_ur_med_files/crosstalk-1.2.2/js/crosstalk.min.js.map,C:/Users/oorie/OneDrive/Documentos/TRABALHOS/DLNM/05_publicacao_github/outputs/figures/interactive/rr_surface_3d_metropolitana_i_internacoes_i60_i64_ur_med_files/crosstalk-1.2.2/js/crosstalk.min.js.map,TRUE,FALSE,50338,2026-06-21 17:18:29.554462,map,outro,figura gerada,ok,ativo
outputs/figures/interactive/rr_surface_3d_metropolitana_i_internacoes_i60_i64_ur_med_files/crosstalk-1.2.2/scss/crosstalk.scss,C:/Users/oorie/OneDrive/Documentos/TRABALHOS/DLNM/05_publicacao_github/outputs/figures/interactive/rr_surface_3d_metropolitana_i_internacoes_i60_i64_ur_med_files/crosstalk-1.2.2/scss/crosstalk.scss,TRUE,FALSE,1891,2026-06-21 17:18:29.555508,scss,outro,figura gerada,ok,ativo
outputs/figures/interactive/rr_surface_3d_metropolitana_i_internacoes_i60_i64_ur_med_files/htmltools-fill-0.5.9/fill.css,C:/Users/oorie/OneDrive/Documentos/TRABALHOS/DLNM/05_publicacao_github/outputs/figures/interactive/rr_surface_3d_metropolitana_i_internacoes_i60_i64_ur_med_files/htmltools-fill-0.5.9/fill.css,TRUE,FALSE,606,2026-06-21 17:18:29.556087,css,outro,figura gerada,ok,ativo
outputs/figures/interactive/rr_surface_3d_metropolitana_i_internacoes_i60_i64_ur_med_files/htmlwidgets-1.6.4/htmlwidgets.js,C:/Users/oorie/OneDrive/Documentos/TRABALHOS/DLNM/05_publicacao_github/outputs/figures/interactive/rr_surface_3d_metropolitana_i_internacoes_i60_i64_ur_med_files/htmlwidgets-1.6.4/htmlwidgets.js,TRUE,FALSE,34091,2026-06-21 17:18:29.55681,js,outro,figura gerada,ok,ativo
outputs/figures/interactive/rr_surface_3d_metropolitana_i_internacoes_i60_i64_ur_med_files/jquery-3.5.1/jquery-AUTHORS.txt,C:/Users/oorie/OneDrive/Documentos/TRABALHOS/DLNM/05_publicacao_github/outputs/figures/interactive/rr_surface_3d_metropolitana_i_internacoes_i60_i64_ur_med_files/jquery-3.5.1/jquery-AUTHORS.txt,TRUE,FALSE,13726,2026-06-21 17:18:29.557568,txt,documentação/log,figura gerada,ok,ativo
outputs/figures/interactive/rr_surface_3d_metropolitana_i_internacoes_i60_i64_ur_med_files/jquery-3.5.1/jquery.js,C:/Users/oorie/OneDrive/Documentos/TRABALHOS/DLNM/05_publicacao_github/outputs/figures/interactive/rr_surface_3d_metropolitana_i_internacoes_i60_i64_ur_med_files/jquery-3.5.1/jquery.js,TRUE,FALSE,298502,2026-06-21 17:18:29.557901,js,outro,figura gerada,ok,ativo
outputs/figures/interactive/rr_surface_3d_metropolitana_i_internacoes_i60_i64_ur_med_files/jquery-3.5.1/jquery.min.js,C:/Users/oorie/OneDrive/Documentos/TRABALHOS/DLNM/05_publicacao_github/outputs/figures/interactive/rr_surface_3d_metropolitana_i_internacoes_i60_i64_ur_med_files/jquery-3.5.1/jquery.min.js,TRUE,FALSE,89478,2026-06-21 17:18:29.558571,js,outro,figura gerada,ok,ativo
outputs/figures/interactive/rr_surface_3d_metropolitana_i_internacoes_i60_i64_ur_med_files/jquery-3.5.1/jquery.min.map,C:/Users/oorie/OneDrive/Documentos/TRABALHOS/DLNM/05_publicacao_github/outputs/figures/interactive/rr_surface_3d_metropolitana_i_internacoes_i60_i64_ur_med_files/jquery-3.5.1/jquery.min.map,TRUE,FALSE,137986,2026-06-21 17:18:29.55896,map,outro,figura gerada,ok,ativo
outputs/figures/interactive/rr_surface_3d_metropolitana_i_internacoes_i60_i64_ur_med_files/plotly-binding-4.12.0/plotly.js,C:/Users/oorie/OneDrive/Documentos/TRABALHOS/DLNM/05_publicacao_github/outputs/figures/interactive/rr_surface_3d_metropolitana_i_internacoes_i60_i64_ur_med_files/plotly-binding-4.12.0/plotly.js,TRUE,FALSE,34699,2026-06-21 17:18:29.559637,js,outro,figura gerada,ok,ativo
outputs/figures/interactive/rr_surface_3d_metropolitana_i_internacoes_i60_i64_ur_med_files/plotly-htmlwidgets-css-2.25.2/plotly-htmlwidgets.css,C:/Users/oorie/OneDrive/Documentos/TRABALHOS/DLNM/05_publicacao_github/outputs/figures/interactive/rr_surface_3d_metropolitana_i_internacoes_i60_i64_ur_med_files/plotly-htmlwidgets-css-2.25.2/plotly-htmlwidgets.css,TRUE,FALSE,182,2026-06-21 17:18:29.560307,css,outro,figura gerada,ok,ativo
outputs/figures/interactive/rr_surface_3d_metropolitana_i_internacoes_i60_i64_ur_med_files/plotly-main-2.25.2/plotly-latest.min.js,C:/Users/oorie/OneDrive/Documentos/TRABALHOS/DLNM/05_publicacao_github/outputs/figures/interactive/rr_surface_3d_metropolitana_i_internacoes_i60_i64_ur_med_files/plotly-main-2.25.2/plotly-latest.min.js,TRUE,FALSE,3575017,2026-06-21 17:18:29.561043,js,outro,figura gerada,ok,ativo
outputs/figures/interactive/rr_surface_3d_metropolitana_i_internacoes_i60_i64_ur_med_files/typedarray-0.1/typedarray.min.js,C:/Users/oorie/OneDrive/Documentos/TRABALHOS/DLNM/05_publicacao_github/outputs/figures/interactive/rr_surface_3d_metropolitana_i_internacoes_i60_i64_ur_med_files/typedarray-0.1/typedarray.min.js,TRUE,FALSE,22444,2026-06-21 17:18:29.561892,js,outro,figura gerada,ok,ativo
outputs/figures/interactive/rr_surface_3d_metropolitana_i_internacoes_i60_i69_temp_med.html,C:/Users/oorie/OneDrive/Documentos/TRABALHOS/DLNM/05_publicacao_github/outputs/figures/interactive/rr_surface_3d_metropolitana_i_internacoes_i60_i69_temp_med.html,TRUE,FALSE,52147,2026-06-21 17:18:29.562208,html,HTML,figura gerada,ok,ativo
outputs/figures/interactive/rr_surface_3d_metropolitana_i_internacoes_i60_i69_ur_med.html,C:/Users/oorie/OneDrive/Documentos/TRABALHOS/DLNM/05_publicacao_github/outputs/figures/interactive/rr_surface_3d_metropolitana_i_internacoes_i60_i69_ur_med.html,TRUE,FALSE,52044,2026-06-21 17:18:29.562571,html,HTML,figura gerada,ok,ativo
outputs/figures/interactive/rr_surface_3d_metropolitana_i_internacoes_i60_i69_ur_med_files/crosstalk-1.2.2/css/crosstalk.min.css,C:/Users/oorie/OneDrive/Documentos/TRABALHOS/DLNM/05_publicacao_github/outputs/figures/interactive/rr_surface_3d_metropolitana_i_internacoes_i60_i69_ur_med_files/crosstalk-1.2.2/css/crosstalk.min.css,TRUE,FALSE,1307,2026-06-21 17:18:29.563074,css,outro,figura gerada,ok,ativo
outputs/figures/interactive/rr_surface_3d_metropolitana_i_internacoes_i60_i69_ur_med_files/crosstalk-1.2.2/js/crosstalk.js,C:/Users/oorie/OneDrive/Documentos/TRABALHOS/DLNM/05_publicacao_github/outputs/figures/interactive/rr_surface_3d_metropolitana_i_internacoes_i60_i69_ur_med_files/crosstalk-1.2.2/js/crosstalk.js,TRUE,FALSE,50504,2026-06-21 17:18:29.563406,js,outro,figura gerada,ok,ativo
outputs/figures/interactive/rr_surface_3d_metropolitana_i_internacoes_i60_i69_ur_med_files/crosstalk-1.2.2/js/crosstalk.js.map,C:/Users/oorie/OneDrive/Documentos/TRABALHOS/DLNM/05_publicacao_github/outputs/figures/interactive/rr_surface_3d_metropolitana_i_internacoes_i60_i69_ur_med_files/crosstalk-1.2.2/js/crosstalk.js.map,TRUE,FALSE,54889,2026-06-21 17:18:29.564072,map,outro,figura gerada,ok,ativo
outputs/figures/interactive/rr_surface_3d_metropolitana_i_internacoes_i60_i69_ur_med_files/crosstalk-1.2.2/js/crosstalk.min.js,C:/Users/oorie/OneDrive/Documentos/TRABALHOS/DLNM/05_publicacao_github/outputs/figures/interactive/rr_surface_3d_metropolitana_i_internacoes_i60_i69_ur_med_files/crosstalk-1.2.2/js/crosstalk.min.js,TRUE,FALSE,18926,2026-06-21 17:18:29.564611,js,outro,figura gerada,ok,ativo
outputs/figures/interactive/rr_surface_3d_metropolitana_i_internacoes_i60_i69_ur_med_files/crosstalk-1.2.2/js/crosstalk.min.js.map,C:/Users/oorie/OneDrive/Documentos/TRABALHOS/DLNM/05_publicacao_github/outputs/figures/interactive/rr_surface_3d_metropolitana_i_internacoes_i60_i69_ur_med_files/crosstalk-1.2.2/js/crosstalk.min.js.map,TRUE,FALSE,50338,2026-06-21 17:18:29.565111,map,outro,figura gerada,ok,ativo
outputs/figures/interactive/rr_surface_3d_metropolitana_i_internacoes_i60_i69_ur_med_files/crosstalk-1.2.2/scss/crosstalk.scss,C:/Users/oorie/OneDrive/Documentos/TRABALHOS/DLNM/05_publicacao_github/outputs/figures/interactive/rr_surface_3d_metropolitana_i_internacoes_i60_i69_ur_med_files/crosstalk-1.2.2/scss/crosstalk.scss,TRUE,FALSE,1891,2026-06-21 17:18:29.565496,scss,outro,figura gerada,ok,ativo
outputs/figures/interactive/rr_surface_3d_metropolitana_i_internacoes_i60_i69_ur_med_files/htmltools-fill-0.5.9/fill.css,C:/Users/oorie/OneDrive/Documentos/TRABALHOS/DLNM/05_publicacao_github/outputs/figures/interactive/rr_surface_3d_metropolitana_i_internacoes_i60_i69_ur_med_files/htmltools-fill-0.5.9/fill.css,TRUE,FALSE,606,2026-06-21 17:18:29.566008,css,outro,figura gerada,ok,ativo
outputs/figures/interactive/rr_surface_3d_metropolitana_i_internacoes_i60_i69_ur_med_files/htmlwidgets-1.6.4/htmlwidgets.js,C:/Users/oorie/OneDrive/Documentos/TRABALHOS/DLNM/05_publicacao_github/outputs/figures/interactive/rr_surface_3d_metropolitana_i_internacoes_i60_i69_ur_med_files/htmlwidgets-1.6.4/htmlwidgets.js,TRUE,FALSE,34091,2026-06-21 17:18:29.566336,js,outro,figura gerada,ok,ativo
outputs/figures/interactive/rr_surface_3d_metropolitana_i_internacoes_i60_i69_ur_med_files/jquery-3.5.1/jquery-AUTHORS.txt,C:/Users/oorie/OneDrive/Documentos/TRABALHOS/DLNM/05_publicacao_github/outputs/figures/interactive/rr_surface_3d_metropolitana_i_internacoes_i60_i69_ur_med_files/jquery-3.5.1/jquery-AUTHORS.txt,TRUE,FALSE,13726,2026-06-21 17:18:29.566864,txt,documentação/log,figura gerada,ok,ativo
outputs/figures/interactive/rr_surface_3d_metropolitana_i_internacoes_i60_i69_ur_med_files/jquery-3.5.1/jquery.js,C:/Users/oorie/OneDrive/Documentos/TRABALHOS/DLNM/05_publicacao_github/outputs/figures/interactive/rr_surface_3d_metropolitana_i_internacoes_i60_i69_ur_med_files/jquery-3.5.1/jquery.js,TRUE,FALSE,298502,2026-06-21 17:18:29.567373,js,outro,figura gerada,ok,ativo
outputs/figures/interactive/rr_surface_3d_metropolitana_i_internacoes_i60_i69_ur_med_files/jquery-3.5.1/jquery.min.js,C:/Users/oorie/OneDrive/Documentos/TRABALHOS/DLNM/05_publicacao_github/outputs/figures/interactive/rr_surface_3d_metropolitana_i_internacoes_i60_i69_ur_med_files/jquery-3.5.1/jquery.min.js,TRUE,FALSE,89478,2026-06-21 17:18:29.567739,js,outro,figura gerada,ok,ativo
outputs/figures/interactive/rr_surface_3d_metropolitana_i_internacoes_i60_i69_ur_med_files/jquery-3.5.1/jquery.min.map,C:/Users/oorie/OneDrive/Documentos/TRABALHOS/DLNM/05_publicacao_github/outputs/figures/interactive/rr_surface_3d_metropolitana_i_internacoes_i60_i69_ur_med_files/jquery-3.5.1/jquery.min.map,TRUE,FALSE,137986,2026-06-21 17:18:29.568327,map,outro,figura gerada,ok,ativo
outputs/figures/interactive/rr_surface_3d_metropolitana_i_internacoes_i60_i69_ur_med_files/plotly-binding-4.12.0/plotly.js,C:/Users/oorie/OneDrive/Documentos/TRABALHOS/DLNM/05_publicacao_github/outputs/figures/interactive/rr_surface_3d_metropolitana_i_internacoes_i60_i69_ur_med_files/plotly-binding-4.12.0/plotly.js,TRUE,FALSE,34699,2026-06-21 17:18:29.568974,js,outro,figura gerada,ok,ativo
outputs/figures/interactive/rr_surface_3d_metropolitana_i_internacoes_i60_i69_ur_med_files/plotly-htmlwidgets-css-2.25.2/plotly-htmlwidgets.css,C:/Users/oorie/OneDrive/Documentos/TRABALHOS/DLNM/05_publicacao_github/outputs/figures/interactive/rr_surface_3d_metropolitana_i_internacoes_i60_i69_ur_med_files/plotly-htmlwidgets-css-2.25.2/plotly-htmlwidgets.css,TRUE,FALSE,182,2026-06-21 17:18:29.569395,css,outro,figura gerada,ok,ativo
outputs/figures/interactive/rr_surface_3d_metropolitana_i_internacoes_i60_i69_ur_med_files/plotly-main-2.25.2/plotly-latest.min.js,C:/Users/oorie/OneDrive/Documentos/TRABALHOS/DLNM/05_publicacao_github/outputs/figures/interactive/rr_surface_3d_metropolitana_i_internacoes_i60_i69_ur_med_files/plotly-main-2.25.2/plotly-latest.min.js,TRUE,FALSE,3575017,2026-06-21 17:18:29.569986,js,outro,figura gerada,ok,ativo
outputs/figures/interactive/rr_surface_3d_metropolitana_i_internacoes_i60_i69_ur_med_files/typedarray-0.1/typedarray.min.js,C:/Users/oorie/OneDrive/Documentos/TRABALHOS/DLNM/05_publicacao_github/outputs/figures/interactive/rr_surface_3d_metropolitana_i_internacoes_i60_i69_ur_med_files/typedarray-0.1/typedarray.min.js,TRUE,FALSE,22444,2026-06-21 17:18:29.570414,js,outro,figura gerada,ok,ativo
outputs/figures/interactive/rr_surface_3d_metropolitana_i_internacoes_i63_temp_med.html,C:/Users/oorie/OneDrive/Documentos/TRABALHOS/DLNM/05_publicacao_github/outputs/figures/interactive/rr_surface_3d_metropolitana_i_internacoes_i63_temp_med.html,TRUE,FALSE,51579,2026-06-21 17:18:29.570774,html,HTML,figura gerada,ok,ativo
outputs/figures/interactive/rr_surface_3d_metropolitana_i_internacoes_i63_temp_med_files/crosstalk-1.2.2/css/crosstalk.min.css,C:/Users/oorie/OneDrive/Documentos/TRABALHOS/DLNM/05_publicacao_github/outputs/figures/interactive/rr_surface_3d_metropolitana_i_internacoes_i63_temp_med_files/crosstalk-1.2.2/css/crosstalk.min.css,TRUE,FALSE,1307,2026-06-21 17:18:29.571026,css,outro,figura gerada,ok,ativo
outputs/figures/interactive/rr_surface_3d_metropolitana_i_internacoes_i63_temp_med_files/crosstalk-1.2.2/js/crosstalk.js,C:/Users/oorie/OneDrive/Documentos/TRABALHOS/DLNM/05_publicacao_github/outputs/figures/interactive/rr_surface_3d_metropolitana_i_internacoes_i63_temp_med_files/crosstalk-1.2.2/js/crosstalk.js,TRUE,FALSE,50504,2026-06-21 17:18:29.571507,js,outro,figura gerada,ok,ativo
outputs/figures/interactive/rr_surface_3d_metropolitana_i_internacoes_i63_temp_med_files/crosstalk-1.2.2/js/crosstalk.js.map,C:/Users/oorie/OneDrive/Documentos/TRABALHOS/DLNM/05_publicacao_github/outputs/figures/interactive/rr_surface_3d_metropolitana_i_internacoes_i63_temp_med_files/crosstalk-1.2.2/js/crosstalk.js.map,TRUE,FALSE,54889,2026-06-21 17:18:29.572144,map,outro,figura gerada,ok,ativo
outputs/figures/interactive/rr_surface_3d_metropolitana_i_internacoes_i63_temp_med_files/crosstalk-1.2.2/js/crosstalk.min.js,C:/Users/oorie/OneDrive/Documentos/TRABALHOS/DLNM/05_publicacao_github/outputs/figures/interactive/rr_surface_3d_metropolitana_i_internacoes_i63_temp_med_files/crosstalk-1.2.2/js/crosstalk.min.js,TRUE,FALSE,18926,2026-06-21 17:18:29.57234,js,outro,figura gerada,ok,ativo
outputs/figures/interactive/rr_surface_3d_metropolitana_i_internacoes_i63_temp_med_files/crosstalk-1.2.2/js/crosstalk.min.js.map,C:/Users/oorie/OneDrive/Documentos/TRABALHOS/DLNM/05_publicacao_github/outputs/figures/interactive/rr_surface_3d_metropolitana_i_internacoes_i63_temp_med_files/crosstalk-1.2.2/js/crosstalk.min.js.map,TRUE,FALSE,50338,2026-06-21 17:18:29.572918,map,outro,figura gerada,ok,ativo
outputs/figures/interactive/rr_surface_3d_metropolitana_i_internacoes_i63_temp_med_files/crosstalk-1.2.2/scss/crosstalk.scss,C:/Users/oorie/OneDrive/Documentos/TRABALHOS/DLNM/05_publicacao_github/outputs/figures/interactive/rr_surface_3d_metropolitana_i_internacoes_i63_temp_med_files/crosstalk-1.2.2/scss/crosstalk.scss,TRUE,FALSE,1891,2026-06-21 17:18:29.57329,scss,outro,figura gerada,ok,ativo
outputs/figures/interactive/rr_surface_3d_metropolitana_i_internacoes_i63_temp_med_files/htmltools-fill-0.5.9/fill.css,C:/Users/oorie/OneDrive/Documentos/TRABALHOS/DLNM/05_publicacao_github/outputs/figures/interactive/rr_surface_3d_metropolitana_i_internacoes_i63_temp_med_files/htmltools-fill-0.5.9/fill.css,TRUE,FALSE,606,2026-06-21 17:18:29.573839,css,outro,figura gerada,ok,ativo
outputs/figures/interactive/rr_surface_3d_metropolitana_i_internacoes_i63_temp_med_files/htmlwidgets-1.6.4/htmlwidgets.js,C:/Users/oorie/OneDrive/Documentos/TRABALHOS/DLNM/05_publicacao_github/outputs/figures/interactive/rr_surface_3d_metropolitana_i_internacoes_i63_temp_med_files/htmlwidgets-1.6.4/htmlwidgets.js,TRUE,FALSE,34091,2026-06-21 17:18:29.574089,js,outro,figura gerada,ok,ativo
outputs/figures/interactive/rr_surface_3d_metropolitana_i_internacoes_i63_temp_med_files/jquery-3.5.1/jquery-AUTHORS.txt,C:/Users/oorie/OneDrive/Documentos/TRABALHOS/DLNM/05_publicacao_github/outputs/figures/interactive/rr_surface_3d_metropolitana_i_internacoes_i63_temp_med_files/jquery-3.5.1/jquery-AUTHORS.txt,TRUE,FALSE,13726,2026-06-21 17:18:29.574652,txt,documentação/log,figura gerada,ok,ativo
outputs/figures/interactive/rr_surface_3d_metropolitana_i_internacoes_i63_temp_med_files/jquery-3.5.1/jquery.js,C:/Users/oorie/OneDrive/Documentos/TRABALHOS/DLNM/05_publicacao_github/outputs/figures/interactive/rr_surface_3d_metropolitana_i_internacoes_i63_temp_med_files/jquery-3.5.1/jquery.js,TRUE,FALSE,298502,2026-06-21 17:18:29.574957,js,outro,figura gerada,ok,ativo
outputs/figures/interactive/rr_surface_3d_metropolitana_i_internacoes_i63_temp_med_files/jquery-3.5.1/jquery.min.js,C:/Users/oorie/OneDrive/Documentos/TRABALHOS/DLNM/05_publicacao_github/outputs/figures/interactive/rr_surface_3d_metropolitana_i_internacoes_i63_temp_med_files/jquery-3.5.1/jquery.min.js,TRUE,FALSE,89478,2026-06-21 17:18:29.575254,js,outro,figura gerada,ok,ativo
outputs/figures/interactive/rr_surface_3d_metropolitana_i_internacoes_i63_temp_med_files/jquery-3.5.1/jquery.min.map,C:/Users/oorie/OneDrive/Documentos/TRABALHOS/DLNM/05_publicacao_github/outputs/figures/interactive/rr_surface_3d_metropolitana_i_internacoes_i63_temp_med_files/jquery-3.5.1/jquery.min.map,TRUE,FALSE,137986,2026-06-21 17:18:29.575872,map,outro,figura gerada,ok,ativo
outputs/figures/interactive/rr_surface_3d_metropolitana_i_internacoes_i63_temp_med_files/plotly-binding-4.12.0/plotly.js,C:/Users/oorie/OneDrive/Documentos/TRABALHOS/DLNM/05_publicacao_github/outputs/figures/interactive/rr_surface_3d_metropolitana_i_internacoes_i63_temp_med_files/plotly-binding-4.12.0/plotly.js,TRUE,FALSE,34699,2026-06-21 17:18:29.57634,js,outro,figura gerada,ok,ativo
outputs/figures/interactive/rr_surface_3d_metropolitana_i_internacoes_i63_temp_med_files/plotly-htmlwidgets-css-2.25.2/plotly-htmlwidgets.css,C:/Users/oorie/OneDrive/Documentos/TRABALHOS/DLNM/05_publicacao_github/outputs/figures/interactive/rr_surface_3d_metropolitana_i_internacoes_i63_temp_med_files/plotly-htmlwidgets-css-2.25.2/plotly-htmlwidgets.css,TRUE,FALSE,182,2026-06-21 17:18:29.576954,css,outro,figura gerada,ok,ativo
outputs/figures/interactive/rr_surface_3d_metropolitana_i_internacoes_i63_temp_med_files/plotly-main-2.25.2/plotly-latest.min.js,C:/Users/oorie/OneDrive/Documentos/TRABALHOS/DLNM/05_publicacao_github/outputs/figures/interactive/rr_surface_3d_metropolitana_i_internacoes_i63_temp_med_files/plotly-main-2.25.2/plotly-latest.min.js,TRUE,FALSE,3575017,2026-06-21 17:18:29.577297,js,outro,figura gerada,ok,ativo
outputs/figures/interactive/rr_surface_3d_metropolitana_i_internacoes_i63_temp_med_files/typedarray-0.1/typedarray.min.js,C:/Users/oorie/OneDrive/Documentos/TRABALHOS/DLNM/05_publicacao_github/outputs/figures/interactive/rr_surface_3d_metropolitana_i_internacoes_i63_temp_med_files/typedarray-0.1/typedarray.min.js,TRUE,FALSE,22444,2026-06-21 17:18:29.577595,js,outro,figura gerada,ok,ativo
outputs/figures/interactive/rr_surface_3d_metropolitana_i_internacoes_i63_ur_med.html,C:/Users/oorie/OneDrive/Documentos/TRABALHOS/DLNM/05_publicacao_github/outputs/figures/interactive/rr_surface_3d_metropolitana_i_internacoes_i63_ur_med.html,TRUE,FALSE,52649,2026-06-21 17:18:29.578066,html,HTML,figura gerada,ok,ativo
outputs/figures/interactive/rr_surface_3d_metropolitana_i_obitos_i60_i64_temp_med.html,C:/Users/oorie/OneDrive/Documentos/TRABALHOS/DLNM/05_publicacao_github/outputs/figures/interactive/rr_surface_3d_metropolitana_i_obitos_i60_i64_temp_med.html,TRUE,FALSE,52246,2026-06-21 17:18:29.578415,html,HTML,figura gerada,ok,ativo
outputs/figures/interactive/rr_surface_3d_metropolitana_i_obitos_i60_i64_temp_med_files/crosstalk-1.2.2/css/crosstalk.min.css,C:/Users/oorie/OneDrive/Documentos/TRABALHOS/DLNM/05_publicacao_github/outputs/figures/interactive/rr_surface_3d_metropolitana_i_obitos_i60_i64_temp_med_files/crosstalk-1.2.2/css/crosstalk.min.css,TRUE,FALSE,1307,2026-06-21 17:18:29.578814,css,outro,figura gerada,ok,ativo
outputs/figures/interactive/rr_surface_3d_metropolitana_i_obitos_i60_i64_temp_med_files/crosstalk-1.2.2/js/crosstalk.js,C:/Users/oorie/OneDrive/Documentos/TRABALHOS/DLNM/05_publicacao_github/outputs/figures/interactive/rr_surface_3d_metropolitana_i_obitos_i60_i64_temp_med_files/crosstalk-1.2.2/js/crosstalk.js,TRUE,FALSE,50504,2026-06-21 17:18:29.629494,js,outro,figura gerada,ok,ativo
outputs/figures/interactive/rr_surface_3d_metropolitana_i_obitos_i60_i64_temp_med_files/crosstalk-1.2.2/js/crosstalk.js.map,C:/Users/oorie/OneDrive/Documentos/TRABALHOS/DLNM/05_publicacao_github/outputs/figures/interactive/rr_surface_3d_metropolitana_i_obitos_i60_i64_temp_med_files/crosstalk-1.2.2/js/crosstalk.js.map,TRUE,FALSE,54889,2026-06-21 17:18:29.63015,map,outro,figura gerada,ok,ativo
outputs/figures/interactive/rr_surface_3d_metropolitana_i_obitos_i60_i64_temp_med_files/crosstalk-1.2.2/js/crosstalk.min.js,C:/Users/oorie/OneDrive/Documentos/TRABALHOS/DLNM/05_publicacao_github/outputs/figures/interactive/rr_surface_3d_metropolitana_i_obitos_i60_i64_temp_med_files/crosstalk-1.2.2/js/crosstalk.min.js,TRUE,FALSE,18926,2026-06-21 17:18:29.630692,js,outro,figura gerada,ok,ativo
outputs/figures/interactive/rr_surface_3d_metropolitana_i_obitos_i60_i64_temp_med_files/crosstalk-1.2.2/js/crosstalk.min.js.map,C:/Users/oorie/OneDrive/Documentos/TRABALHOS/DLNM/05_publicacao_github/outputs/figures/interactive/rr_surface_3d_metropolitana_i_obitos_i60_i64_temp_med_files/crosstalk-1.2.2/js/crosstalk.min.js.map,TRUE,FALSE,50338,2026-06-21 17:18:29.631369,map,outro,figura gerada,ok,ativo
outputs/figures/interactive/rr_surface_3d_metropolitana_i_obitos_i60_i64_temp_med_files/crosstalk-1.2.2/scss/crosstalk.scss,C:/Users/oorie/OneDrive/Documentos/TRABALHOS/DLNM/05_publicacao_github/outputs/figures/interactive/rr_surface_3d_metropolitana_i_obitos_i60_i64_temp_med_files/crosstalk-1.2.2/scss/crosstalk.scss,TRUE,FALSE,1891,2026-06-21 17:18:29.631905,scss,outro,figura gerada,ok,ativo
outputs/figures/interactive/rr_surface_3d_metropolitana_i_obitos_i60_i64_temp_med_files/htmltools-fill-0.5.9/fill.css,C:/Users/oorie/OneDrive/Documentos/TRABALHOS/DLNM/05_publicacao_github/outputs/figures/interactive/rr_surface_3d_metropolitana_i_obitos_i60_i64_temp_med_files/htmltools-fill-0.5.9/fill.css,TRUE,FALSE,606,2026-06-21 17:18:29.632544,css,outro,figura gerada,ok,ativo
outputs/figures/interactive/rr_surface_3d_metropolitana_i_obitos_i60_i64_temp_med_files/htmlwidgets-1.6.4/htmlwidgets.js,C:/Users/oorie/OneDrive/Documentos/TRABALHOS/DLNM/05_publicacao_github/outputs/figures/interactive/rr_surface_3d_metropolitana_i_obitos_i60_i64_temp_med_files/htmlwidgets-1.6.4/htmlwidgets.js,TRUE,FALSE,34091,2026-06-21 17:18:29.632858,js,outro,figura gerada,ok,ativo
outputs/figures/interactive/rr_surface_3d_metropolitana_i_obitos_i60_i64_temp_med_files/jquery-3.5.1/jquery-AUTHORS.txt,C:/Users/oorie/OneDrive/Documentos/TRABALHOS/DLNM/05_publicacao_github/outputs/figures/interactive/rr_surface_3d_metropolitana_i_obitos_i60_i64_temp_med_files/jquery-3.5.1/jquery-AUTHORS.txt,TRUE,FALSE,13726,2026-06-21 17:18:29.633345,txt,documentação/log,figura gerada,ok,ativo
outputs/figures/interactive/rr_surface_3d_metropolitana_i_obitos_i60_i64_temp_med_files/jquery-3.5.1/jquery.js,C:/Users/oorie/OneDrive/Documentos/TRABALHOS/DLNM/05_publicacao_github/outputs/figures/interactive/rr_surface_3d_metropolitana_i_obitos_i60_i64_temp_med_files/jquery-3.5.1/jquery.js,TRUE,FALSE,298502,2026-06-21 17:18:29.633598,js,outro,figura gerada,ok,ativo
outputs/figures/interactive/rr_surface_3d_metropolitana_i_obitos_i60_i64_temp_med_files/jquery-3.5.1/jquery.min.js,C:/Users/oorie/OneDrive/Documentos/TRABALHOS/DLNM/05_publicacao_github/outputs/figures/interactive/rr_surface_3d_metropolitana_i_obitos_i60_i64_temp_med_files/jquery-3.5.1/jquery.min.js,TRUE,FALSE,89478,2026-06-21 17:18:29.633984,js,outro,figura gerada,ok,ativo
outputs/figures/interactive/rr_surface_3d_metropolitana_i_obitos_i60_i64_temp_med_files/jquery-3.5.1/jquery.min.map,C:/Users/oorie/OneDrive/Documentos/TRABALHOS/DLNM/05_publicacao_github/outputs/figures/interactive/rr_surface_3d_metropolitana_i_obitos_i60_i64_temp_med_files/jquery-3.5.1/jquery.min.map,TRUE,FALSE,137986,2026-06-21 17:18:29.634436,map,outro,figura gerada,ok,ativo
outputs/figures/interactive/rr_surface_3d_metropolitana_i_obitos_i60_i64_temp_med_files/plotly-binding-4.12.0/plotly.js,C:/Users/oorie/OneDrive/Documentos/TRABALHOS/DLNM/05_publicacao_github/outputs/figures/interactive/rr_surface_3d_metropolitana_i_obitos_i60_i64_temp_med_files/plotly-binding-4.12.0/plotly.js,TRUE,FALSE,34699,2026-06-21 17:18:29.634645,js,outro,figura gerada,ok,ativo
outputs/figures/interactive/rr_surface_3d_metropolitana_i_obitos_i60_i64_temp_med_files/plotly-htmlwidgets-css-2.25.2/plotly-htmlwidgets.css,C:/Users/oorie/OneDrive/Documentos/TRABALHOS/DLNM/05_publicacao_github/outputs/figures/interactive/rr_surface_3d_metropolitana_i_obitos_i60_i64_temp_med_files/plotly-htmlwidgets-css-2.25.2/plotly-htmlwidgets.css,TRUE,FALSE,182,2026-06-21 17:18:29.635283,css,outro,figura gerada,ok,ativo
outputs/figures/interactive/rr_surface_3d_metropolitana_i_obitos_i60_i64_temp_med_files/plotly-main-2.25.2/plotly-latest.min.js,C:/Users/oorie/OneDrive/Documentos/TRABALHOS/DLNM/05_publicacao_github/outputs/figures/interactive/rr_surface_3d_metropolitana_i_obitos_i60_i64_temp_med_files/plotly-main-2.25.2/plotly-latest.min.js,TRUE,FALSE,3575017,2026-06-21 17:18:29.635805,js,outro,figura gerada,ok,ativo
outputs/figures/interactive/rr_surface_3d_metropolitana_i_obitos_i60_i64_temp_med_files/typedarray-0.1/typedarray.min.js,C:/Users/oorie/OneDrive/Documentos/TRABALHOS/DLNM/05_publicacao_github/outputs/figures/interactive/rr_surface_3d_metropolitana_i_obitos_i60_i64_temp_med_files/typedarray-0.1/typedarray.min.js,TRUE,FALSE,22444,2026-06-21 17:18:29.636312,js,outro,figura gerada,ok,ativo
outputs/figures/interactive/rr_surface_3d_metropolitana_i_obitos_i60_i64_ur_med.html,C:/Users/oorie/OneDrive/Documentos/TRABALHOS/DLNM/05_publicacao_github/outputs/figures/interactive/rr_surface_3d_metropolitana_i_obitos_i60_i64_ur_med.html,TRUE,FALSE,52238,2026-06-21 17:18:29.636608,html,HTML,figura gerada,ok,ativo
outputs/figures/interactive/rr_surface_3d_metropolitana_i_obitos_i60_i64_ur_med_files/crosstalk-1.2.2/css/crosstalk.min.css,C:/Users/oorie/OneDrive/Documentos/TRABALHOS/DLNM/05_publicacao_github/outputs/figures/interactive/rr_surface_3d_metropolitana_i_obitos_i60_i64_ur_med_files/crosstalk-1.2.2/css/crosstalk.min.css,TRUE,FALSE,1307,2026-06-21 17:18:29.637159,css,outro,figura gerada,ok,ativo
outputs/figures/interactive/rr_surface_3d_metropolitana_i_obitos_i60_i64_ur_med_files/crosstalk-1.2.2/js/crosstalk.js,C:/Users/oorie/OneDrive/Documentos/TRABALHOS/DLNM/05_publicacao_github/outputs/figures/interactive/rr_surface_3d_metropolitana_i_obitos_i60_i64_ur_med_files/crosstalk-1.2.2/js/crosstalk.js,TRUE,FALSE,50504,2026-06-21 17:18:29.637817,js,outro,figura gerada,ok,ativo
outputs/figures/interactive/rr_surface_3d_metropolitana_i_obitos_i60_i64_ur_med_files/crosstalk-1.2.2/js/crosstalk.js.map,C:/Users/oorie/OneDrive/Documentos/TRABALHOS/DLNM/05_publicacao_github/outputs/figures/interactive/rr_surface_3d_metropolitana_i_obitos_i60_i64_ur_med_files/crosstalk-1.2.2/js/crosstalk.js.map,TRUE,FALSE,54889,2026-06-21 17:18:29.638489,map,outro,figura gerada,ok,ativo
outputs/figures/interactive/rr_surface_3d_metropolitana_i_obitos_i60_i64_ur_med_files/crosstalk-1.2.2/js/crosstalk.min.js,C:/Users/oorie/OneDrive/Documentos/TRABALHOS/DLNM/05_publicacao_github/outputs/figures/interactive/rr_surface_3d_metropolitana_i_obitos_i60_i64_ur_med_files/crosstalk-1.2.2/js/crosstalk.min.js,TRUE,FALSE,18926,2026-06-21 17:18:29.638784,js,outro,figura gerada,ok,ativo
outputs/figures/interactive/rr_surface_3d_metropolitana_i_obitos_i60_i64_ur_med_files/crosstalk-1.2.2/js/crosstalk.min.js.map,C:/Users/oorie/OneDrive/Documentos/TRABALHOS/DLNM/05_publicacao_github/outputs/figures/interactive/rr_surface_3d_metropolitana_i_obitos_i60_i64_ur_med_files/crosstalk-1.2.2/js/crosstalk.min.js.map,TRUE,FALSE,50338,2026-06-21 17:18:29.63936,map,outro,figura gerada,ok,ativo
outputs/figures/interactive/rr_surface_3d_metropolitana_i_obitos_i60_i64_ur_med_files/crosstalk-1.2.2/scss/crosstalk.scss,C:/Users/oorie/OneDrive/Documentos/TRABALHOS/DLNM/05_publicacao_github/outputs/figures/interactive/rr_surface_3d_metropolitana_i_obitos_i60_i64_ur_med_files/crosstalk-1.2.2/scss/crosstalk.scss,TRUE,FALSE,1891,2026-06-21 17:18:29.639681,scss,outro,figura gerada,ok,ativo
outputs/figures/interactive/rr_surface_3d_metropolitana_i_obitos_i60_i64_ur_med_files/htmltools-fill-0.5.9/fill.css,C:/Users/oorie/OneDrive/Documentos/TRABALHOS/DLNM/05_publicacao_github/outputs/figures/interactive/rr_surface_3d_metropolitana_i_obitos_i60_i64_ur_med_files/htmltools-fill-0.5.9/fill.css,TRUE,FALSE,606,2026-06-21 17:18:29.640001,css,outro,figura gerada,ok,ativo
outputs/figures/interactive/rr_surface_3d_metropolitana_i_obitos_i60_i64_ur_med_files/htmlwidgets-1.6.4/htmlwidgets.js,C:/Users/oorie/OneDrive/Documentos/TRABALHOS/DLNM/05_publicacao_github/outputs/figures/interactive/rr_surface_3d_metropolitana_i_obitos_i60_i64_ur_med_files/htmlwidgets-1.6.4/htmlwidgets.js,TRUE,FALSE,34091,2026-06-21 17:18:29.640503,js,outro,figura gerada,ok,ativo
outputs/figures/interactive/rr_surface_3d_metropolitana_i_obitos_i60_i64_ur_med_files/jquery-3.5.1/jquery-AUTHORS.txt,C:/Users/oorie/OneDrive/Documentos/TRABALHOS/DLNM/05_publicacao_github/outputs/figures/interactive/rr_surface_3d_metropolitana_i_obitos_i60_i64_ur_med_files/jquery-3.5.1/jquery-AUTHORS.txt,TRUE,FALSE,13726,2026-06-21 17:18:29.640999,txt,documentação/log,figura gerada,ok,ativo
outputs/figures/interactive/rr_surface_3d_metropolitana_i_obitos_i60_i64_ur_med_files/jquery-3.5.1/jquery.js,C:/Users/oorie/OneDrive/Documentos/TRABALHOS/DLNM/05_publicacao_github/outputs/figures/interactive/rr_surface_3d_metropolitana_i_obitos_i60_i64_ur_med_files/jquery-3.5.1/jquery.js,TRUE,FALSE,298502,2026-06-21 17:18:29.641197,js,outro,figura gerada,ok,ativo
outputs/figures/interactive/rr_surface_3d_metropolitana_i_obitos_i60_i64_ur_med_files/jquery-3.5.1/jquery.min.js,C:/Users/oorie/OneDrive/Documentos/TRABALHOS/DLNM/05_publicacao_github/outputs/figures/interactive/rr_surface_3d_metropolitana_i_obitos_i60_i64_ur_med_files/jquery-3.5.1/jquery.min.js,TRUE,FALSE,89478,2026-06-21 17:18:29.641838,js,outro,figura gerada,ok,ativo
outputs/figures/interactive/rr_surface_3d_metropolitana_i_obitos_i60_i64_ur_med_files/jquery-3.5.1/jquery.min.map,C:/Users/oorie/OneDrive/Documentos/TRABALHOS/DLNM/05_publicacao_github/outputs/figures/interactive/rr_surface_3d_metropolitana_i_obitos_i60_i64_ur_med_files/jquery-3.5.1/jquery.min.map,TRUE,FALSE,137986,2026-06-21 17:18:29.642218,map,outro,figura gerada,ok,ativo
outputs/figures/interactive/rr_surface_3d_metropolitana_i_obitos_i60_i64_ur_med_files/plotly-binding-4.12.0/plotly.js,C:/Users/oorie/OneDrive/Documentos/TRABALHOS/DLNM/05_publicacao_github/outputs/figures/interactive/rr_surface_3d_metropolitana_i_obitos_i60_i64_ur_med_files/plotly-binding-4.12.0/plotly.js,TRUE,FALSE,34699,2026-06-21 17:18:29.642633,js,outro,figura gerada,ok,ativo
outputs/figures/interactive/rr_surface_3d_metropolitana_i_obitos_i60_i64_ur_med_files/plotly-htmlwidgets-css-2.25.2/plotly-htmlwidgets.css,C:/Users/oorie/OneDrive/Documentos/TRABALHOS/DLNM/05_publicacao_github/outputs/figures/interactive/rr_surface_3d_metropolitana_i_obitos_i60_i64_ur_med_files/plotly-htmlwidgets-css-2.25.2/plotly-htmlwidgets.css,TRUE,FALSE,182,2026-06-21 17:18:29.643068,css,outro,figura gerada,ok,ativo
outputs/figures/interactive/rr_surface_3d_metropolitana_i_obitos_i60_i64_ur_med_files/plotly-main-2.25.2/plotly-latest.min.js,C:/Users/oorie/OneDrive/Documentos/TRABALHOS/DLNM/05_publicacao_github/outputs/figures/interactive/rr_surface_3d_metropolitana_i_obitos_i60_i64_ur_med_files/plotly-main-2.25.2/plotly-latest.min.js,TRUE,FALSE,3575017,2026-06-21 17:18:29.643393,js,outro,figura gerada,ok,ativo
outputs/figures/interactive/rr_surface_3d_metropolitana_i_obitos_i60_i64_ur_med_files/typedarray-0.1/typedarray.min.js,C:/Users/oorie/OneDrive/Documentos/TRABALHOS/DLNM/05_publicacao_github/outputs/figures/interactive/rr_surface_3d_metropolitana_i_obitos_i60_i64_ur_med_files/typedarray-0.1/typedarray.min.js,TRUE,FALSE,22444,2026-06-21 17:18:29.643702,js,outro,figura gerada,ok,ativo
outputs/figures/interactive/rr_surface_3d_metropolitana_i_obitos_i60_i69_temp_med.html,C:/Users/oorie/OneDrive/Documentos/TRABALHOS/DLNM/05_publicacao_github/outputs/figures/interactive/rr_surface_3d_metropolitana_i_obitos_i60_i69_temp_med.html,TRUE,FALSE,51870,2026-06-21 17:18:29.64465,html,HTML,figura gerada,ok,ativo
outputs/figures/interactive/rr_surface_3d_metropolitana_i_obitos_i60_i69_temp_med_files/crosstalk-1.2.2/css/crosstalk.min.css,C:/Users/oorie/OneDrive/Documentos/TRABALHOS/DLNM/05_publicacao_github/outputs/figures/interactive/rr_surface_3d_metropolitana_i_obitos_i60_i69_temp_med_files/crosstalk-1.2.2/css/crosstalk.min.css,TRUE,FALSE,1307,2026-06-21 17:18:29.644894,css,outro,figura gerada,ok,ativo
outputs/figures/interactive/rr_surface_3d_metropolitana_i_obitos_i60_i69_temp_med_files/crosstalk-1.2.2/js/crosstalk.js,C:/Users/oorie/OneDrive/Documentos/TRABALHOS/DLNM/05_publicacao_github/outputs/figures/interactive/rr_surface_3d_metropolitana_i_obitos_i60_i69_temp_med_files/crosstalk-1.2.2/js/crosstalk.js,TRUE,FALSE,50504,2026-06-21 17:18:29.645317,js,outro,figura gerada,ok,ativo
outputs/figures/interactive/rr_surface_3d_metropolitana_i_obitos_i60_i69_temp_med_files/crosstalk-1.2.2/js/crosstalk.js.map,C:/Users/oorie/OneDrive/Documentos/TRABALHOS/DLNM/05_publicacao_github/outputs/figures/interactive/rr_surface_3d_metropolitana_i_obitos_i60_i69_temp_med_files/crosstalk-1.2.2/js/crosstalk.js.map,TRUE,FALSE,54889,2026-06-21 17:18:29.645687,map,outro,figura gerada,ok,ativo
outputs/figures/interactive/rr_surface_3d_metropolitana_i_obitos_i60_i69_temp_med_files/crosstalk-1.2.2/js/crosstalk.min.js,C:/Users/oorie/OneDrive/Documentos/TRABALHOS/DLNM/05_publicacao_github/outputs/figures/interactive/rr_surface_3d_metropolitana_i_obitos_i60_i69_temp_med_files/crosstalk-1.2.2/js/crosstalk.min.js,TRUE,FALSE,18926,2026-06-21 17:18:29.646124,js,outro,figura gerada,ok,ativo
outputs/figures/interactive/rr_surface_3d_metropolitana_i_obitos_i60_i69_temp_med_files/crosstalk-1.2.2/js/crosstalk.min.js.map,C:/Users/oorie/OneDrive/Documentos/TRABALHOS/DLNM/05_publicacao_github/outputs/figures/interactive/rr_surface_3d_metropolitana_i_obitos_i60_i69_temp_med_files/crosstalk-1.2.2/js/crosstalk.min.js.map,TRUE,FALSE,50338,2026-06-21 17:18:29.64661,map,outro,figura gerada,ok,ativo
outputs/figures/interactive/rr_surface_3d_metropolitana_i_obitos_i60_i69_temp_med_files/crosstalk-1.2.2/scss/crosstalk.scss,C:/Users/oorie/OneDrive/Documentos/TRABALHOS/DLNM/05_publicacao_github/outputs/figures/interactive/rr_surface_3d_metropolitana_i_obitos_i60_i69_temp_med_files/crosstalk-1.2.2/scss/crosstalk.scss,TRUE,FALSE,1891,2026-06-21 17:18:29.646997,scss,outro,figura gerada,ok,ativo
outputs/figures/interactive/rr_surface_3d_metropolitana_i_obitos_i60_i69_temp_med_files/htmltools-fill-0.5.9/fill.css,C:/Users/oorie/OneDrive/Documentos/TRABALHOS/DLNM/05_publicacao_github/outputs/figures/interactive/rr_surface_3d_metropolitana_i_obitos_i60_i69_temp_med_files/htmltools-fill-0.5.9/fill.css,TRUE,FALSE,606,2026-06-21 17:18:29.647404,css,outro,figura gerada,ok,ativo
outputs/figures/interactive/rr_surface_3d_metropolitana_i_obitos_i60_i69_temp_med_files/htmlwidgets-1.6.4/htmlwidgets.js,C:/Users/oorie/OneDrive/Documentos/TRABALHOS/DLNM/05_publicacao_github/outputs/figures/interactive/rr_surface_3d_metropolitana_i_obitos_i60_i69_temp_med_files/htmlwidgets-1.6.4/htmlwidgets.js,TRUE,FALSE,34091,2026-06-21 17:18:29.647614,js,outro,figura gerada,ok,ativo
outputs/figures/interactive/rr_surface_3d_metropolitana_i_obitos_i60_i69_temp_med_files/jquery-3.5.1/jquery-AUTHORS.txt,C:/Users/oorie/OneDrive/Documentos/TRABALHOS/DLNM/05_publicacao_github/outputs/figures/interactive/rr_surface_3d_metropolitana_i_obitos_i60_i69_temp_med_files/jquery-3.5.1/jquery-AUTHORS.txt,TRUE,FALSE,13726,2026-06-21 17:18:29.64814,txt,documentação/log,figura gerada,ok,ativo
outputs/figures/interactive/rr_surface_3d_metropolitana_i_obitos_i60_i69_temp_med_files/jquery-3.5.1/jquery.js,C:/Users/oorie/OneDrive/Documentos/TRABALHOS/DLNM/05_publicacao_github/outputs/figures/interactive/rr_surface_3d_metropolitana_i_obitos_i60_i69_temp_med_files/jquery-3.5.1/jquery.js,TRUE,FALSE,298502,2026-06-21 17:18:29.648449,js,outro,figura gerada,ok,ativo
outputs/figures/interactive/rr_surface_3d_metropolitana_i_obitos_i60_i69_temp_med_files/jquery-3.5.1/jquery.min.js,C:/Users/oorie/OneDrive/Documentos/TRABALHOS/DLNM/05_publicacao_github/outputs/figures/interactive/rr_surface_3d_metropolitana_i_obitos_i60_i69_temp_med_files/jquery-3.5.1/jquery.min.js,TRUE,FALSE,89478,2026-06-21 17:18:29.648621,js,outro,figura gerada,ok,ativo
outputs/figures/interactive/rr_surface_3d_metropolitana_i_obitos_i60_i69_temp_med_files/jquery-3.5.1/jquery.min.map,C:/Users/oorie/OneDrive/Documentos/TRABALHOS/DLNM/05_publicacao_github/outputs/figures/interactive/rr_surface_3d_metropolitana_i_obitos_i60_i69_temp_med_files/jquery-3.5.1/jquery.min.map,TRUE,FALSE,137986,2026-06-21 17:18:29.64883,map,outro,figura gerada,ok,ativo
outputs/figures/interactive/rr_surface_3d_metropolitana_i_obitos_i60_i69_temp_med_files/plotly-binding-4.12.0/plotly.js,C:/Users/oorie/OneDrive/Documentos/TRABALHOS/DLNM/05_publicacao_github/outputs/figures/interactive/rr_surface_3d_metropolitana_i_obitos_i60_i69_temp_med_files/plotly-binding-4.12.0/plotly.js,TRUE,FALSE,34699,2026-06-21 17:18:29.64901,js,outro,figura gerada,ok,ativo
outputs/figures/interactive/rr_surface_3d_metropolitana_i_obitos_i60_i69_temp_med_files/plotly-htmlwidgets-css-2.25.2/plotly-htmlwidgets.css,C:/Users/oorie/OneDrive/Documentos/TRABALHOS/DLNM/05_publicacao_github/outputs/figures/interactive/rr_surface_3d_metropolitana_i_obitos_i60_i69_temp_med_files/plotly-htmlwidgets-css-2.25.2/plotly-htmlwidgets.css,TRUE,FALSE,182,2026-06-21 17:18:29.649313,css,outro,figura gerada,ok,ativo
outputs/figures/interactive/rr_surface_3d_metropolitana_i_obitos_i60_i69_temp_med_files/plotly-main-2.25.2/plotly-latest.min.js,C:/Users/oorie/OneDrive/Documentos/TRABALHOS/DLNM/05_publicacao_github/outputs/figures/interactive/rr_surface_3d_metropolitana_i_obitos_i60_i69_temp_med_files/plotly-main-2.25.2/plotly-latest.min.js,TRUE,FALSE,3575017,2026-06-21 17:18:29.649622,js,outro,figura gerada,ok,ativo
outputs/figures/interactive/rr_surface_3d_metropolitana_i_obitos_i60_i69_temp_med_files/typedarray-0.1/typedarray.min.js,C:/Users/oorie/OneDrive/Documentos/TRABALHOS/DLNM/05_publicacao_github/outputs/figures/interactive/rr_surface_3d_metropolitana_i_obitos_i60_i69_temp_med_files/typedarray-0.1/typedarray.min.js,TRUE,FALSE,22444,2026-06-21 17:18:29.649981,js,outro,figura gerada,ok,ativo
outputs/figures/interactive/rr_surface_3d_metropolitana_i_obitos_i60_i69_ur_med.html,C:/Users/oorie/OneDrive/Documentos/TRABALHOS/DLNM/05_publicacao_github/outputs/figures/interactive/rr_surface_3d_metropolitana_i_obitos_i60_i69_ur_med.html,TRUE,FALSE,52590,2026-06-21 17:18:29.650229,html,HTML,figura gerada,ok,ativo
outputs/figures/interactive/rr_surface_3d_metropolitana_i_obitos_i60_i69_ur_med_files/crosstalk-1.2.2/css/crosstalk.min.css,C:/Users/oorie/OneDrive/Documentos/TRABALHOS/DLNM/05_publicacao_github/outputs/figures/interactive/rr_surface_3d_metropolitana_i_obitos_i60_i69_ur_med_files/crosstalk-1.2.2/css/crosstalk.min.css,TRUE,FALSE,1307,2026-06-21 17:18:29.650421,css,outro,figura gerada,ok,ativo
outputs/figures/interactive/rr_surface_3d_metropolitana_i_obitos_i60_i69_ur_med_files/crosstalk-1.2.2/js/crosstalk.js,C:/Users/oorie/OneDrive/Documentos/TRABALHOS/DLNM/05_publicacao_github/outputs/figures/interactive/rr_surface_3d_metropolitana_i_obitos_i60_i69_ur_med_files/crosstalk-1.2.2/js/crosstalk.js,TRUE,FALSE,50504,2026-06-21 17:18:29.650593,js,outro,figura gerada,ok,ativo
outputs/figures/interactive/rr_surface_3d_metropolitana_i_obitos_i60_i69_ur_med_files/crosstalk-1.2.2/js/crosstalk.js.map,C:/Users/oorie/OneDrive/Documentos/TRABALHOS/DLNM/05_publicacao_github/outputs/figures/interactive/rr_surface_3d_metropolitana_i_obitos_i60_i69_ur_med_files/crosstalk-1.2.2/js/crosstalk.js.map,TRUE,FALSE,54889,2026-06-21 17:18:29.650835,map,outro,figura gerada,ok,ativo
outputs/figures/interactive/rr_surface_3d_metropolitana_i_obitos_i60_i69_ur_med_files/crosstalk-1.2.2/js/crosstalk.min.js,C:/Users/oorie/OneDrive/Documentos/TRABALHOS/DLNM/05_publicacao_github/outputs/figures/interactive/rr_surface_3d_metropolitana_i_obitos_i60_i69_ur_med_files/crosstalk-1.2.2/js/crosstalk.min.js,TRUE,FALSE,18926,2026-06-21 17:18:29.651129,js,outro,figura gerada,ok,ativo
outputs/figures/interactive/rr_surface_3d_metropolitana_i_obitos_i60_i69_ur_med_files/crosstalk-1.2.2/js/crosstalk.min.js.map,C:/Users/oorie/OneDrive/Documentos/TRABALHOS/DLNM/05_publicacao_github/outputs/figures/interactive/rr_surface_3d_metropolitana_i_obitos_i60_i69_ur_med_files/crosstalk-1.2.2/js/crosstalk.min.js.map,TRUE,FALSE,50338,2026-06-21 17:18:29.651342,map,outro,figura gerada,ok,ativo
outputs/figures/interactive/rr_surface_3d_metropolitana_i_obitos_i60_i69_ur_med_files/crosstalk-1.2.2/scss/crosstalk.scss,C:/Users/oorie/OneDrive/Documentos/TRABALHOS/DLNM/05_publicacao_github/outputs/figures/interactive/rr_surface_3d_metropolitana_i_obitos_i60_i69_ur_med_files/crosstalk-1.2.2/scss/crosstalk.scss,TRUE,FALSE,1891,2026-06-21 17:18:29.65164,scss,outro,figura gerada,ok,ativo
outputs/figures/interactive/rr_surface_3d_metropolitana_i_obitos_i60_i69_ur_med_files/htmltools-fill-0.5.9/fill.css,C:/Users/oorie/OneDrive/Documentos/TRABALHOS/DLNM/05_publicacao_github/outputs/figures/interactive/rr_surface_3d_metropolitana_i_obitos_i60_i69_ur_med_files/htmltools-fill-0.5.9/fill.css,TRUE,FALSE,606,2026-06-21 17:18:29.651983,css,outro,figura gerada,ok,ativo
outputs/figures/interactive/rr_surface_3d_metropolitana_i_obitos_i60_i69_ur_med_files/htmlwidgets-1.6.4/htmlwidgets.js,C:/Users/oorie/OneDrive/Documentos/TRABALHOS/DLNM/05_publicacao_github/outputs/figures/interactive/rr_surface_3d_metropolitana_i_obitos_i60_i69_ur_med_files/htmlwidgets-1.6.4/htmlwidgets.js,TRUE,FALSE,34091,2026-06-21 17:18:29.652172,js,outro,figura gerada,ok,ativo
outputs/figures/interactive/rr_surface_3d_metropolitana_i_obitos_i60_i69_ur_med_files/jquery-3.5.1/jquery-AUTHORS.txt,C:/Users/oorie/OneDrive/Documentos/TRABALHOS/DLNM/05_publicacao_github/outputs/figures/interactive/rr_surface_3d_metropolitana_i_obitos_i60_i69_ur_med_files/jquery-3.5.1/jquery-AUTHORS.txt,TRUE,FALSE,13726,2026-06-21 17:18:29.652519,txt,documentação/log,figura gerada,ok,ativo
outputs/figures/interactive/rr_surface_3d_metropolitana_i_obitos_i60_i69_ur_med_files/jquery-3.5.1/jquery.js,C:/Users/oorie/OneDrive/Documentos/TRABALHOS/DLNM/05_publicacao_github/outputs/figures/interactive/rr_surface_3d_metropolitana_i_obitos_i60_i69_ur_med_files/jquery-3.5.1/jquery.js,TRUE,FALSE,298502,2026-06-21 17:18:29.65288,js,outro,figura gerada,ok,ativo
outputs/figures/interactive/rr_surface_3d_metropolitana_i_obitos_i60_i69_ur_med_files/jquery-3.5.1/jquery.min.js,C:/Users/oorie/OneDrive/Documentos/TRABALHOS/DLNM/05_publicacao_github/outputs/figures/interactive/rr_surface_3d_metropolitana_i_obitos_i60_i69_ur_med_files/jquery-3.5.1/jquery.min.js,TRUE,FALSE,89478,2026-06-21 17:18:29.653065,js,outro,figura gerada,ok,ativo
outputs/figures/interactive/rr_surface_3d_metropolitana_i_obitos_i60_i69_ur_med_files/jquery-3.5.1/jquery.min.map,C:/Users/oorie/OneDrive/Documentos/TRABALHOS/DLNM/05_publicacao_github/outputs/figures/interactive/rr_surface_3d_metropolitana_i_obitos_i60_i69_ur_med_files/jquery-3.5.1/jquery.min.map,TRUE,FALSE,137986,2026-06-21 17:18:29.653831,map,outro,figura gerada,ok,ativo
outputs/figures/interactive/rr_surface_3d_metropolitana_i_obitos_i60_i69_ur_med_files/plotly-binding-4.12.0/plotly.js,C:/Users/oorie/OneDrive/Documentos/TRABALHOS/DLNM/05_publicacao_github/outputs/figures/interactive/rr_surface_3d_metropolitana_i_obitos_i60_i69_ur_med_files/plotly-binding-4.12.0/plotly.js,TRUE,FALSE,34699,2026-06-21 17:18:29.654234,js,outro,figura gerada,ok,ativo
outputs/figures/interactive/rr_surface_3d_metropolitana_i_obitos_i60_i69_ur_med_files/plotly-htmlwidgets-css-2.25.2/plotly-htmlwidgets.css,C:/Users/oorie/OneDrive/Documentos/TRABALHOS/DLNM/05_publicacao_github/outputs/figures/interactive/rr_surface_3d_metropolitana_i_obitos_i60_i69_ur_med_files/plotly-htmlwidgets-css-2.25.2/plotly-htmlwidgets.css,TRUE,FALSE,182,2026-06-21 17:18:29.654516,css,outro,figura gerada,ok,ativo
outputs/figures/interactive/rr_surface_3d_metropolitana_i_obitos_i60_i69_ur_med_files/plotly-main-2.25.2/plotly-latest.min.js,C:/Users/oorie/OneDrive/Documentos/TRABALHOS/DLNM/05_publicacao_github/outputs/figures/interactive/rr_surface_3d_metropolitana_i_obitos_i60_i69_ur_med_files/plotly-main-2.25.2/plotly-latest.min.js,TRUE,FALSE,3575017,2026-06-21 17:18:29.654751,js,outro,figura gerada,ok,ativo
outputs/figures/interactive/rr_surface_3d_metropolitana_i_obitos_i60_i69_ur_med_files/typedarray-0.1/typedarray.min.js,C:/Users/oorie/OneDrive/Documentos/TRABALHOS/DLNM/05_publicacao_github/outputs/figures/interactive/rr_surface_3d_metropolitana_i_obitos_i60_i69_ur_med_files/typedarray-0.1/typedarray.min.js,TRUE,FALSE,22444,2026-06-21 17:18:29.654949,js,outro,figura gerada,ok,ativo
outputs/figures/interactive/rr_surface_3d_metropolitana_i_obitos_i63_temp_med.html,C:/Users/oorie/OneDrive/Documentos/TRABALHOS/DLNM/05_publicacao_github/outputs/figures/interactive/rr_surface_3d_metropolitana_i_obitos_i63_temp_med.html,TRUE,FALSE,52496,2026-06-21 17:18:29.655142,html,HTML,figura gerada,ok,ativo
outputs/figures/interactive/rr_surface_3d_metropolitana_i_obitos_i63_temp_med_files/crosstalk-1.2.2/css/crosstalk.min.css,C:/Users/oorie/OneDrive/Documentos/TRABALHOS/DLNM/05_publicacao_github/outputs/figures/interactive/rr_surface_3d_metropolitana_i_obitos_i63_temp_med_files/crosstalk-1.2.2/css/crosstalk.min.css,TRUE,FALSE,1307,2026-06-21 17:18:29.655361,css,outro,figura gerada,ok,ativo
outputs/figures/interactive/rr_surface_3d_metropolitana_i_obitos_i63_temp_med_files/crosstalk-1.2.2/js/crosstalk.js,C:/Users/oorie/OneDrive/Documentos/TRABALHOS/DLNM/05_publicacao_github/outputs/figures/interactive/rr_surface_3d_metropolitana_i_obitos_i63_temp_med_files/crosstalk-1.2.2/js/crosstalk.js,TRUE,FALSE,50504,2026-06-21 17:18:29.655731,js,outro,figura gerada,ok,ativo
outputs/figures/interactive/rr_surface_3d_metropolitana_i_obitos_i63_temp_med_files/crosstalk-1.2.2/js/crosstalk.js.map,C:/Users/oorie/OneDrive/Documentos/TRABALHOS/DLNM/05_publicacao_github/outputs/figures/interactive/rr_surface_3d_metropolitana_i_obitos_i63_temp_med_files/crosstalk-1.2.2/js/crosstalk.js.map,TRUE,FALSE,54889,2026-06-21 17:18:29.656366,map,outro,figura gerada,ok,ativo
outputs/figures/interactive/rr_surface_3d_metropolitana_i_obitos_i63_temp_med_files/crosstalk-1.2.2/js/crosstalk.min.js,C:/Users/oorie/OneDrive/Documentos/TRABALHOS/DLNM/05_publicacao_github/outputs/figures/interactive/rr_surface_3d_metropolitana_i_obitos_i63_temp_med_files/crosstalk-1.2.2/js/crosstalk.min.js,TRUE,FALSE,18926,2026-06-21 17:18:29.656799,js,outro,figura gerada,ok,ativo
outputs/figures/interactive/rr_surface_3d_metropolitana_i_obitos_i63_temp_med_files/crosstalk-1.2.2/js/crosstalk.min.js.map,C:/Users/oorie/OneDrive/Documentos/TRABALHOS/DLNM/05_publicacao_github/outputs/figures/interactive/rr_surface_3d_metropolitana_i_obitos_i63_temp_med_files/crosstalk-1.2.2/js/crosstalk.min.js.map,TRUE,FALSE,50338,2026-06-21 17:18:29.65708,map,outro,figura gerada,ok,ativo
outputs/figures/interactive/rr_surface_3d_metropolitana_i_obitos_i63_temp_med_files/crosstalk-1.2.2/scss/crosstalk.scss,C:/Users/oorie/OneDrive/Documentos/TRABALHOS/DLNM/05_publicacao_github/outputs/figures/interactive/rr_surface_3d_metropolitana_i_obitos_i63_temp_med_files/crosstalk-1.2.2/scss/crosstalk.scss,TRUE,FALSE,1891,2026-06-21 17:18:29.65781,scss,outro,figura gerada,ok,ativo
outputs/figures/interactive/rr_surface_3d_metropolitana_i_obitos_i63_temp_med_files/htmltools-fill-0.5.9/fill.css,C:/Users/oorie/OneDrive/Documentos/TRABALHOS/DLNM/05_publicacao_github/outputs/figures/interactive/rr_surface_3d_metropolitana_i_obitos_i63_temp_med_files/htmltools-fill-0.5.9/fill.css,TRUE,FALSE,606,2026-06-21 17:18:29.657993,css,outro,figura gerada,ok,ativo
outputs/figures/interactive/rr_surface_3d_metropolitana_i_obitos_i63_temp_med_files/htmlwidgets-1.6.4/htmlwidgets.js,C:/Users/oorie/OneDrive/Documentos/TRABALHOS/DLNM/05_publicacao_github/outputs/figures/interactive/rr_surface_3d_metropolitana_i_obitos_i63_temp_med_files/htmlwidgets-1.6.4/htmlwidgets.js,TRUE,FALSE,34091,2026-06-21 17:18:29.658182,js,outro,figura gerada,ok,ativo
outputs/figures/interactive/rr_surface_3d_metropolitana_i_obitos_i63_temp_med_files/jquery-3.5.1/jquery-AUTHORS.txt,C:/Users/oorie/OneDrive/Documentos/TRABALHOS/DLNM/05_publicacao_github/outputs/figures/interactive/rr_surface_3d_metropolitana_i_obitos_i63_temp_med_files/jquery-3.5.1/jquery-AUTHORS.txt,TRUE,FALSE,13726,2026-06-21 17:18:29.663414,txt,documentação/log,figura gerada,ok,ativo
outputs/figures/interactive/rr_surface_3d_metropolitana_i_obitos_i63_temp_med_files/jquery-3.5.1/jquery.js,C:/Users/oorie/OneDrive/Documentos/TRABALHOS/DLNM/05_publicacao_github/outputs/figures/interactive/rr_surface_3d_metropolitana_i_obitos_i63_temp_med_files/jquery-3.5.1/jquery.js,TRUE,FALSE,298502,2026-06-21 17:18:29.663654,js,outro,figura gerada,ok,ativo
outputs/figures/interactive/rr_surface_3d_metropolitana_i_obitos_i63_temp_med_files/jquery-3.5.1/jquery.min.js,C:/Users/oorie/OneDrive/Documentos/TRABALHOS/DLNM/05_publicacao_github/outputs/figures/interactive/rr_surface_3d_metropolitana_i_obitos_i63_temp_med_files/jquery-3.5.1/jquery.min.js,TRUE,FALSE,89478,2026-06-21 17:18:29.66399,js,outro,figura gerada,ok,ativo
outputs/figures/interactive/rr_surface_3d_metropolitana_i_obitos_i63_temp_med_files/jquery-3.5.1/jquery.min.map,C:/Users/oorie/OneDrive/Documentos/TRABALHOS/DLNM/05_publicacao_github/outputs/figures/interactive/rr_surface_3d_metropolitana_i_obitos_i63_temp_med_files/jquery-3.5.1/jquery.min.map,TRUE,FALSE,137986,2026-06-21 17:18:29.664219,map,outro,figura gerada,ok,ativo
outputs/figures/interactive/rr_surface_3d_metropolitana_i_obitos_i63_temp_med_files/plotly-binding-4.12.0/plotly.js,C:/Users/oorie/OneDrive/Documentos/TRABALHOS/DLNM/05_publicacao_github/outputs/figures/interactive/rr_surface_3d_metropolitana_i_obitos_i63_temp_med_files/plotly-binding-4.12.0/plotly.js,TRUE,FALSE,34699,2026-06-21 17:18:29.664425,js,outro,figura gerada,ok,ativo
outputs/figures/interactive/rr_surface_3d_metropolitana_i_obitos_i63_temp_med_files/plotly-htmlwidgets-css-2.25.2/plotly-htmlwidgets.css,C:/Users/oorie/OneDrive/Documentos/TRABALHOS/DLNM/05_publicacao_github/outputs/figures/interactive/rr_surface_3d_metropolitana_i_obitos_i63_temp_med_files/plotly-htmlwidgets-css-2.25.2/plotly-htmlwidgets.css,TRUE,FALSE,182,2026-06-21 17:18:29.664627,css,outro,figura gerada,ok,ativo
outputs/figures/interactive/rr_surface_3d_metropolitana_i_obitos_i63_temp_med_files/plotly-main-2.25.2/plotly-latest.min.js,C:/Users/oorie/OneDrive/Documentos/TRABALHOS/DLNM/05_publicacao_github/outputs/figures/interactive/rr_surface_3d_metropolitana_i_obitos_i63_temp_med_files/plotly-main-2.25.2/plotly-latest.min.js,TRUE,FALSE,3575017,2026-06-21 17:18:29.665009,js,outro,figura gerada,ok,ativo
outputs/figures/interactive/rr_surface_3d_metropolitana_i_obitos_i63_temp_med_files/typedarray-0.1/typedarray.min.js,C:/Users/oorie/OneDrive/Documentos/TRABALHOS/DLNM/05_publicacao_github/outputs/figures/interactive/rr_surface_3d_metropolitana_i_obitos_i63_temp_med_files/typedarray-0.1/typedarray.min.js,TRUE,FALSE,22444,2026-06-21 17:18:29.665356,js,outro,figura gerada,ok,ativo
outputs/figures/interactive/rr_surface_3d_metropolitana_i_obitos_i63_ur_med.html,C:/Users/oorie/OneDrive/Documentos/TRABALHOS/DLNM/05_publicacao_github/outputs/figures/interactive/rr_surface_3d_metropolitana_i_obitos_i63_ur_med.html,TRUE,FALSE,51860,2026-06-21 17:18:29.665569,html,HTML,figura gerada,ok,ativo
outputs/figures/interactive/rr_surface_3d_metropolitana_ii_internacoes_i60_i62_temp_med.html,C:/Users/oorie/OneDrive/Documentos/TRABALHOS/DLNM/05_publicacao_github/outputs/figures/interactive/rr_surface_3d_metropolitana_ii_internacoes_i60_i62_temp_med.html,TRUE,FALSE,52223,2026-06-21 17:18:29.665764,html,HTML,figura gerada,ok,ativo
outputs/figures/interactive/rr_surface_3d_metropolitana_ii_internacoes_i60_i62_temp_med_files/crosstalk-1.2.2/css/crosstalk.min.css,C:/Users/oorie/OneDrive/Documentos/TRABALHOS/DLNM/05_publicacao_github/outputs/figures/interactive/rr_surface_3d_metropolitana_ii_internacoes_i60_i62_temp_med_files/crosstalk-1.2.2/css/crosstalk.min.css,TRUE,FALSE,1307,2026-06-21 17:18:29.667397,css,outro,figura gerada,ok,ativo
outputs/figures/interactive/rr_surface_3d_metropolitana_ii_internacoes_i60_i62_temp_med_files/crosstalk-1.2.2/js/crosstalk.js,C:/Users/oorie/OneDrive/Documentos/TRABALHOS/DLNM/05_publicacao_github/outputs/figures/interactive/rr_surface_3d_metropolitana_ii_internacoes_i60_i62_temp_med_files/crosstalk-1.2.2/js/crosstalk.js,TRUE,FALSE,50504,2026-06-21 17:18:29.671131,js,outro,figura gerada,ok,ativo
outputs/figures/interactive/rr_surface_3d_metropolitana_ii_internacoes_i60_i62_temp_med_files/crosstalk-1.2.2/js/crosstalk.js.map,C:/Users/oorie/OneDrive/Documentos/TRABALHOS/DLNM/05_publicacao_github/outputs/figures/interactive/rr_surface_3d_metropolitana_ii_internacoes_i60_i62_temp_med_files/crosstalk-1.2.2/js/crosstalk.js.map,TRUE,FALSE,54889,2026-06-21 17:18:29.671581,map,outro,figura gerada,ok,ativo
outputs/figures/interactive/rr_surface_3d_metropolitana_ii_internacoes_i60_i62_temp_med_files/crosstalk-1.2.2/js/crosstalk.min.js,C:/Users/oorie/OneDrive/Documentos/TRABALHOS/DLNM/05_publicacao_github/outputs/figures/interactive/rr_surface_3d_metropolitana_ii_internacoes_i60_i62_temp_med_files/crosstalk-1.2.2/js/crosstalk.min.js,TRUE,FALSE,18926,2026-06-21 17:18:29.671904,js,outro,figura gerada,ok,ativo
outputs/figures/interactive/rr_surface_3d_metropolitana_ii_internacoes_i60_i62_temp_med_files/crosstalk-1.2.2/js/crosstalk.min.js.map,C:/Users/oorie/OneDrive/Documentos/TRABALHOS/DLNM/05_publicacao_github/outputs/figures/interactive/rr_surface_3d_metropolitana_ii_internacoes_i60_i62_temp_med_files/crosstalk-1.2.2/js/crosstalk.min.js.map,TRUE,FALSE,50338,2026-06-21 17:18:29.672277,map,outro,figura gerada,ok,ativo
outputs/figures/interactive/rr_surface_3d_metropolitana_ii_internacoes_i60_i62_temp_med_files/crosstalk-1.2.2/scss/crosstalk.scss,C:/Users/oorie/OneDrive/Documentos/TRABALHOS/DLNM/05_publicacao_github/outputs/figures/interactive/rr_surface_3d_metropolitana_ii_internacoes_i60_i62_temp_med_files/crosstalk-1.2.2/scss/crosstalk.scss,TRUE,FALSE,1891,2026-06-21 17:18:29.672497,scss,outro,figura gerada,ok,ativo
outputs/figures/interactive/rr_surface_3d_metropolitana_ii_internacoes_i60_i62_temp_med_files/htmltools-fill-0.5.9/fill.css,C:/Users/oorie/OneDrive/Documentos/TRABALHOS/DLNM/05_publicacao_github/outputs/figures/interactive/rr_surface_3d_metropolitana_ii_internacoes_i60_i62_temp_med_files/htmltools-fill-0.5.9/fill.css,TRUE,FALSE,606,2026-06-21 17:18:29.674709,css,outro,figura gerada,ok,ativo
outputs/figures/interactive/rr_surface_3d_metropolitana_ii_internacoes_i60_i62_temp_med_files/htmlwidgets-1.6.4/htmlwidgets.js,C:/Users/oorie/OneDrive/Documentos/TRABALHOS/DLNM/05_publicacao_github/outputs/figures/interactive/rr_surface_3d_metropolitana_ii_internacoes_i60_i62_temp_med_files/htmlwidgets-1.6.4/htmlwidgets.js,TRUE,FALSE,34091,2026-06-21 17:18:29.67536,js,outro,figura gerada,ok,ativo
outputs/figures/interactive/rr_surface_3d_metropolitana_ii_internacoes_i60_i62_temp_med_files/jquery-3.5.1/jquery-AUTHORS.txt,C:/Users/oorie/OneDrive/Documentos/TRABALHOS/DLNM/05_publicacao_github/outputs/figures/interactive/rr_surface_3d_metropolitana_ii_internacoes_i60_i62_temp_med_files/jquery-3.5.1/jquery-AUTHORS.txt,TRUE,FALSE,13726,2026-06-21 17:18:29.675665,txt,documentação/log,figura gerada,ok,ativo
outputs/figures/interactive/rr_surface_3d_metropolitana_ii_internacoes_i60_i62_temp_med_files/jquery-3.5.1/jquery.js,C:/Users/oorie/OneDrive/Documentos/TRABALHOS/DLNM/05_publicacao_github/outputs/figures/interactive/rr_surface_3d_metropolitana_ii_internacoes_i60_i62_temp_med_files/jquery-3.5.1/jquery.js,TRUE,FALSE,298502,2026-06-21 17:18:29.675831,js,outro,figura gerada,ok,ativo
outputs/figures/interactive/rr_surface_3d_metropolitana_ii_internacoes_i60_i62_temp_med_files/jquery-3.5.1/jquery.min.js,C:/Users/oorie/OneDrive/Documentos/TRABALHOS/DLNM/05_publicacao_github/outputs/figures/interactive/rr_surface_3d_metropolitana_ii_internacoes_i60_i62_temp_med_files/jquery-3.5.1/jquery.min.js,TRUE,FALSE,89478,2026-06-21 17:18:29.675972,js,outro,figura gerada,ok,ativo
outputs/figures/interactive/rr_surface_3d_metropolitana_ii_internacoes_i60_i62_temp_med_files/jquery-3.5.1/jquery.min.map,C:/Users/oorie/OneDrive/Documentos/TRABALHOS/DLNM/05_publicacao_github/outputs/figures/interactive/rr_surface_3d_metropolitana_ii_internacoes_i60_i62_temp_med_files/jquery-3.5.1/jquery.min.map,TRUE,FALSE,137986,2026-06-21 17:18:29.676184,map,outro,figura gerada,ok,ativo
outputs/figures/interactive/rr_surface_3d_metropolitana_ii_internacoes_i60_i62_temp_med_files/plotly-binding-4.12.0/plotly.js,C:/Users/oorie/OneDrive/Documentos/TRABALHOS/DLNM/05_publicacao_github/outputs/figures/interactive/rr_surface_3d_metropolitana_ii_internacoes_i60_i62_temp_med_files/plotly-binding-4.12.0/plotly.js,TRUE,FALSE,34699,2026-06-21 17:18:29.67638,js,outro,figura gerada,ok,ativo
outputs/figures/interactive/rr_surface_3d_metropolitana_ii_internacoes_i60_i62_temp_med_files/plotly-htmlwidgets-css-2.25.2/plotly-htmlwidgets.css,C:/Users/oorie/OneDrive/Documentos/TRABALHOS/DLNM/05_publicacao_github/outputs/figures/interactive/rr_surface_3d_metropolitana_ii_internacoes_i60_i62_temp_med_files/plotly-htmlwidgets-css-2.25.2/plotly-htmlwidgets.css,TRUE,FALSE,182,2026-06-21 17:18:29.676544,css,outro,figura gerada,ok,ativo
outputs/figures/interactive/rr_surface_3d_metropolitana_ii_internacoes_i60_i62_temp_med_files/plotly-main-2.25.2/plotly-latest.min.js,C:/Users/oorie/OneDrive/Documentos/TRABALHOS/DLNM/05_publicacao_github/outputs/figures/interactive/rr_surface_3d_metropolitana_ii_internacoes_i60_i62_temp_med_files/plotly-main-2.25.2/plotly-latest.min.js,TRUE,FALSE,3575017,2026-06-21 17:18:29.676722,js,outro,figura gerada,ok,ativo
outputs/figures/interactive/rr_surface_3d_metropolitana_ii_internacoes_i60_i62_temp_med_files/typedarray-0.1/typedarray.min.js,C:/Users/oorie/OneDrive/Documentos/TRABALHOS/DLNM/05_publicacao_github/outputs/figures/interactive/rr_surface_3d_metropolitana_ii_internacoes_i60_i62_temp_med_files/typedarray-0.1/typedarray.min.js,TRUE,FALSE,22444,2026-06-21 17:18:29.678556,js,outro,figura gerada,ok,ativo
outputs/figures/interactive/rr_surface_3d_metropolitana_ii_internacoes_i60_i62_ur_med.html,C:/Users/oorie/OneDrive/Documentos/TRABALHOS/DLNM/05_publicacao_github/outputs/figures/interactive/rr_surface_3d_metropolitana_ii_internacoes_i60_i62_ur_med.html,TRUE,FALSE,52119,2026-06-21 17:18:29.678928,html,HTML,figura gerada,ok,ativo
outputs/figures/interactive/rr_surface_3d_metropolitana_ii_internacoes_i60_i62_ur_med_files/crosstalk-1.2.2/css/crosstalk.min.css,C:/Users/oorie/OneDrive/Documentos/TRABALHOS/DLNM/05_publicacao_github/outputs/figures/interactive/rr_surface_3d_metropolitana_ii_internacoes_i60_i62_ur_med_files/crosstalk-1.2.2/css/crosstalk.min.css,TRUE,FALSE,1307,2026-06-21 17:18:29.67914,css,outro,figura gerada,ok,ativo
outputs/figures/interactive/rr_surface_3d_metropolitana_ii_internacoes_i60_i62_ur_med_files/crosstalk-1.2.2/js/crosstalk.js,C:/Users/oorie/OneDrive/Documentos/TRABALHOS/DLNM/05_publicacao_github/outputs/figures/interactive/rr_surface_3d_metropolitana_ii_internacoes_i60_i62_ur_med_files/crosstalk-1.2.2/js/crosstalk.js,TRUE,FALSE,50504,2026-06-21 17:18:29.679331,js,outro,figura gerada,ok,ativo
outputs/figures/interactive/rr_surface_3d_metropolitana_ii_internacoes_i60_i62_ur_med_files/crosstalk-1.2.2/js/crosstalk.js.map,C:/Users/oorie/OneDrive/Documentos/TRABALHOS/DLNM/05_publicacao_github/outputs/figures/interactive/rr_surface_3d_metropolitana_ii_internacoes_i60_i62_ur_med_files/crosstalk-1.2.2/js/crosstalk.js.map,TRUE,FALSE,54889,2026-06-21 17:18:29.680046,map,outro,figura gerada,ok,ativo
outputs/figures/interactive/rr_surface_3d_metropolitana_ii_internacoes_i60_i62_ur_med_files/crosstalk-1.2.2/js/crosstalk.min.js,C:/Users/oorie/OneDrive/Documentos/TRABALHOS/DLNM/05_publicacao_github/outputs/figures/interactive/rr_surface_3d_metropolitana_ii_internacoes_i60_i62_ur_med_files/crosstalk-1.2.2/js/crosstalk.min.js,TRUE,FALSE,18926,2026-06-21 17:18:29.680428,js,outro,figura gerada,ok,ativo
outputs/figures/interactive/rr_surface_3d_metropolitana_ii_internacoes_i60_i62_ur_med_files/crosstalk-1.2.2/js/crosstalk.min.js.map,C:/Users/oorie/OneDrive/Documentos/TRABALHOS/DLNM/05_publicacao_github/outputs/figures/interactive/rr_surface_3d_metropolitana_ii_internacoes_i60_i62_ur_med_files/crosstalk-1.2.2/js/crosstalk.min.js.map,TRUE,FALSE,50338,2026-06-21 17:18:29.680708,map,outro,figura gerada,ok,ativo
outputs/figures/interactive/rr_surface_3d_metropolitana_ii_internacoes_i60_i62_ur_med_files/crosstalk-1.2.2/scss/crosstalk.scss,C:/Users/oorie/OneDrive/Documentos/TRABALHOS/DLNM/05_publicacao_github/outputs/figures/interactive/rr_surface_3d_metropolitana_ii_internacoes_i60_i62_ur_med_files/crosstalk-1.2.2/scss/crosstalk.scss,TRUE,FALSE,1891,2026-06-21 17:18:29.681044,scss,outro,figura gerada,ok,ativo
outputs/figures/interactive/rr_surface_3d_metropolitana_ii_internacoes_i60_i62_ur_med_files/htmltools-fill-0.5.9/fill.css,C:/Users/oorie/OneDrive/Documentos/TRABALHOS/DLNM/05_publicacao_github/outputs/figures/interactive/rr_surface_3d_metropolitana_ii_internacoes_i60_i62_ur_med_files/htmltools-fill-0.5.9/fill.css,TRUE,FALSE,606,2026-06-21 17:18:29.681414,css,outro,figura gerada,ok,ativo
outputs/figures/interactive/rr_surface_3d_metropolitana_ii_internacoes_i60_i62_ur_med_files/htmlwidgets-1.6.4/htmlwidgets.js,C:/Users/oorie/OneDrive/Documentos/TRABALHOS/DLNM/05_publicacao_github/outputs/figures/interactive/rr_surface_3d_metropolitana_ii_internacoes_i60_i62_ur_med_files/htmlwidgets-1.6.4/htmlwidgets.js,TRUE,FALSE,34091,2026-06-21 17:18:29.681648,js,outro,figura gerada,ok,ativo
outputs/figures/interactive/rr_surface_3d_metropolitana_ii_internacoes_i60_i62_ur_med_files/jquery-3.5.1/jquery-AUTHORS.txt,C:/Users/oorie/OneDrive/Documentos/TRABALHOS/DLNM/05_publicacao_github/outputs/figures/interactive/rr_surface_3d_metropolitana_ii_internacoes_i60_i62_ur_med_files/jquery-3.5.1/jquery-AUTHORS.txt,TRUE,FALSE,13726,2026-06-21 17:18:29.681974,txt,documentação/log,figura gerada,ok,ativo
outputs/figures/interactive/rr_surface_3d_metropolitana_ii_internacoes_i60_i62_ur_med_files/jquery-3.5.1/jquery.js,C:/Users/oorie/OneDrive/Documentos/TRABALHOS/DLNM/05_publicacao_github/outputs/figures/interactive/rr_surface_3d_metropolitana_ii_internacoes_i60_i62_ur_med_files/jquery-3.5.1/jquery.js,TRUE,FALSE,298502,2026-06-21 17:18:29.682278,js,outro,figura gerada,ok,ativo
outputs/figures/interactive/rr_surface_3d_metropolitana_ii_internacoes_i60_i62_ur_med_files/jquery-3.5.1/jquery.min.js,C:/Users/oorie/OneDrive/Documentos/TRABALHOS/DLNM/05_publicacao_github/outputs/figures/interactive/rr_surface_3d_metropolitana_ii_internacoes_i60_i62_ur_med_files/jquery-3.5.1/jquery.min.js,TRUE,FALSE,89478,2026-06-21 17:18:29.68243,js,outro,figura gerada,ok,ativo
outputs/figures/interactive/rr_surface_3d_metropolitana_ii_internacoes_i60_i62_ur_med_files/jquery-3.5.1/jquery.min.map,C:/Users/oorie/OneDrive/Documentos/TRABALHOS/DLNM/05_publicacao_github/outputs/figures/interactive/rr_surface_3d_metropolitana_ii_internacoes_i60_i62_ur_med_files/jquery-3.5.1/jquery.min.map,TRUE,FALSE,137986,2026-06-21 17:18:29.68284,map,outro,figura gerada,ok,ativo
outputs/figures/interactive/rr_surface_3d_metropolitana_ii_internacoes_i60_i62_ur_med_files/plotly-binding-4.12.0/plotly.js,C:/Users/oorie/OneDrive/Documentos/TRABALHOS/DLNM/05_publicacao_github/outputs/figures/interactive/rr_surface_3d_metropolitana_ii_internacoes_i60_i62_ur_med_files/plotly-binding-4.12.0/plotly.js,TRUE,FALSE,34699,2026-06-21 17:18:29.683048,js,outro,figura gerada,ok,ativo
outputs/figures/interactive/rr_surface_3d_metropolitana_ii_internacoes_i60_i62_ur_med_files/plotly-htmlwidgets-css-2.25.2/plotly-htmlwidgets.css,C:/Users/oorie/OneDrive/Documentos/TRABALHOS/DLNM/05_publicacao_github/outputs/figures/interactive/rr_surface_3d_metropolitana_ii_internacoes_i60_i62_ur_med_files/plotly-htmlwidgets-css-2.25.2/plotly-htmlwidgets.css,TRUE,FALSE,182,2026-06-21 17:18:29.683277,css,outro,figura gerada,ok,ativo
outputs/figures/interactive/rr_surface_3d_metropolitana_ii_internacoes_i60_i62_ur_med_files/plotly-main-2.25.2/plotly-latest.min.js,C:/Users/oorie/OneDrive/Documentos/TRABALHOS/DLNM/05_publicacao_github/outputs/figures/interactive/rr_surface_3d_metropolitana_ii_internacoes_i60_i62_ur_med_files/plotly-main-2.25.2/plotly-latest.min.js,TRUE,FALSE,3575017,2026-06-21 17:18:29.683588,js,outro,figura gerada,ok,ativo
outputs/figures/interactive/rr_surface_3d_metropolitana_ii_internacoes_i60_i62_ur_med_files/typedarray-0.1/typedarray.min.js,C:/Users/oorie/OneDrive/Documentos/TRABALHOS/DLNM/05_publicacao_github/outputs/figures/interactive/rr_surface_3d_metropolitana_ii_internacoes_i60_i62_ur_med_files/typedarray-0.1/typedarray.min.js,TRUE,FALSE,22444,2026-06-21 17:18:29.683872,js,outro,figura gerada,ok,ativo
outputs/figures/interactive/rr_surface_3d_metropolitana_ii_internacoes_i60_i64_temp_med.html,C:/Users/oorie/OneDrive/Documentos/TRABALHOS/DLNM/05_publicacao_github/outputs/figures/interactive/rr_surface_3d_metropolitana_ii_internacoes_i60_i64_temp_med.html,TRUE,FALSE,52365,2026-06-21 17:18:29.684055,html,HTML,figura gerada,ok,ativo
outputs/figures/interactive/rr_surface_3d_metropolitana_ii_internacoes_i60_i64_ur_med.html,C:/Users/oorie/OneDrive/Documentos/TRABALHOS/DLNM/05_publicacao_github/outputs/figures/interactive/rr_surface_3d_metropolitana_ii_internacoes_i60_i64_ur_med.html,TRUE,FALSE,52665,2026-06-21 17:18:29.684391,html,HTML,figura gerada,ok,ativo
outputs/figures/interactive/rr_surface_3d_metropolitana_ii_internacoes_i60_i69_temp_med.html,C:/Users/oorie/OneDrive/Documentos/TRABALHOS/DLNM/05_publicacao_github/outputs/figures/interactive/rr_surface_3d_metropolitana_ii_internacoes_i60_i69_temp_med.html,TRUE,FALSE,52158,2026-06-21 17:18:29.684631,html,HTML,figura gerada,ok,ativo
outputs/figures/interactive/rr_surface_3d_metropolitana_ii_internacoes_i60_i69_temp_med_files/crosstalk-1.2.2/css/crosstalk.min.css,C:/Users/oorie/OneDrive/Documentos/TRABALHOS/DLNM/05_publicacao_github/outputs/figures/interactive/rr_surface_3d_metropolitana_ii_internacoes_i60_i69_temp_med_files/crosstalk-1.2.2/css/crosstalk.min.css,TRUE,FALSE,1307,2026-06-21 17:18:29.685564,css,outro,figura gerada,ok,ativo
outputs/figures/interactive/rr_surface_3d_metropolitana_ii_internacoes_i60_i69_temp_med_files/crosstalk-1.2.2/js/crosstalk.js,C:/Users/oorie/OneDrive/Documentos/TRABALHOS/DLNM/05_publicacao_github/outputs/figures/interactive/rr_surface_3d_metropolitana_ii_internacoes_i60_i69_temp_med_files/crosstalk-1.2.2/js/crosstalk.js,TRUE,FALSE,50504,2026-06-21 17:18:29.685932,js,outro,figura gerada,ok,ativo
outputs/figures/interactive/rr_surface_3d_metropolitana_ii_internacoes_i60_i69_temp_med_files/crosstalk-1.2.2/js/crosstalk.js.map,C:/Users/oorie/OneDrive/Documentos/TRABALHOS/DLNM/05_publicacao_github/outputs/figures/interactive/rr_surface_3d_metropolitana_ii_internacoes_i60_i69_temp_med_files/crosstalk-1.2.2/js/crosstalk.js.map,TRUE,FALSE,54889,2026-06-21 17:18:29.686172,map,outro,figura gerada,ok,ativo
outputs/figures/interactive/rr_surface_3d_metropolitana_ii_internacoes_i60_i69_temp_med_files/crosstalk-1.2.2/js/crosstalk.min.js,C:/Users/oorie/OneDrive/Documentos/TRABALHOS/DLNM/05_publicacao_github/outputs/figures/interactive/rr_surface_3d_metropolitana_ii_internacoes_i60_i69_temp_med_files/crosstalk-1.2.2/js/crosstalk.min.js,TRUE,FALSE,18926,2026-06-21 17:18:29.686626,js,outro,figura gerada,ok,ativo
outputs/figures/interactive/rr_surface_3d_metropolitana_ii_internacoes_i60_i69_temp_med_files/crosstalk-1.2.2/js/crosstalk.min.js.map,C:/Users/oorie/OneDrive/Documentos/TRABALHOS/DLNM/05_publicacao_github/outputs/figures/interactive/rr_surface_3d_metropolitana_ii_internacoes_i60_i69_temp_med_files/crosstalk-1.2.2/js/crosstalk.min.js.map,TRUE,FALSE,50338,2026-06-21 17:18:29.68696,map,outro,figura gerada,ok,ativo
outputs/figures/interactive/rr_surface_3d_metropolitana_ii_internacoes_i60_i69_temp_med_files/crosstalk-1.2.2/scss/crosstalk.scss,C:/Users/oorie/OneDrive/Documentos/TRABALHOS/DLNM/05_publicacao_github/outputs/figures/interactive/rr_surface_3d_metropolitana_ii_internacoes_i60_i69_temp_med_files/crosstalk-1.2.2/scss/crosstalk.scss,TRUE,FALSE,1891,2026-06-21 17:18:29.687162,scss,outro,figura gerada,ok,ativo
outputs/figures/interactive/rr_surface_3d_metropolitana_ii_internacoes_i60_i69_temp_med_files/htmltools-fill-0.5.9/fill.css,C:/Users/oorie/OneDrive/Documentos/TRABALHOS/DLNM/05_publicacao_github/outputs/figures/interactive/rr_surface_3d_metropolitana_ii_internacoes_i60_i69_temp_med_files/htmltools-fill-0.5.9/fill.css,TRUE,FALSE,606,2026-06-21 17:18:29.687346,css,outro,figura gerada,ok,ativo
outputs/figures/interactive/rr_surface_3d_metropolitana_ii_internacoes_i60_i69_temp_med_files/htmlwidgets-1.6.4/htmlwidgets.js,C:/Users/oorie/OneDrive/Documentos/TRABALHOS/DLNM/05_publicacao_github/outputs/figures/interactive/rr_surface_3d_metropolitana_ii_internacoes_i60_i69_temp_med_files/htmlwidgets-1.6.4/htmlwidgets.js,TRUE,FALSE,34091,2026-06-21 17:18:29.687698,js,outro,figura gerada,ok,ativo
outputs/figures/interactive/rr_surface_3d_metropolitana_ii_internacoes_i60_i69_temp_med_files/jquery-3.5.1/jquery-AUTHORS.txt,C:/Users/oorie/OneDrive/Documentos/TRABALHOS/DLNM/05_publicacao_github/outputs/figures/interactive/rr_surface_3d_metropolitana_ii_internacoes_i60_i69_temp_med_files/jquery-3.5.1/jquery-AUTHORS.txt,TRUE,FALSE,13726,2026-06-21 17:18:29.687893,txt,documentação/log,figura gerada,ok,ativo
outputs/figures/interactive/rr_surface_3d_metropolitana_ii_internacoes_i60_i69_temp_med_files/jquery-3.5.1/jquery.js,C:/Users/oorie/OneDrive/Documentos/TRABALHOS/DLNM/05_publicacao_github/outputs/figures/interactive/rr_surface_3d_metropolitana_ii_internacoes_i60_i69_temp_med_files/jquery-3.5.1/jquery.js,TRUE,FALSE,298502,2026-06-21 17:18:29.688192,js,outro,figura gerada,ok,ativo
outputs/figures/interactive/rr_surface_3d_metropolitana_ii_internacoes_i60_i69_temp_med_files/jquery-3.5.1/jquery.min.js,C:/Users/oorie/OneDrive/Documentos/TRABALHOS/DLNM/05_publicacao_github/outputs/figures/interactive/rr_surface_3d_metropolitana_ii_internacoes_i60_i69_temp_med_files/jquery-3.5.1/jquery.min.js,TRUE,FALSE,89478,2026-06-21 17:18:29.688593,js,outro,figura gerada,ok,ativo
outputs/figures/interactive/rr_surface_3d_metropolitana_ii_internacoes_i60_i69_temp_med_files/jquery-3.5.1/jquery.min.map,C:/Users/oorie/OneDrive/Documentos/TRABALHOS/DLNM/05_publicacao_github/outputs/figures/interactive/rr_surface_3d_metropolitana_ii_internacoes_i60_i69_temp_med_files/jquery-3.5.1/jquery.min.map,TRUE,FALSE,137986,2026-06-21 17:18:29.688992,map,outro,figura gerada,ok,ativo
outputs/figures/interactive/rr_surface_3d_metropolitana_ii_internacoes_i60_i69_temp_med_files/plotly-binding-4.12.0/plotly.js,C:/Users/oorie/OneDrive/Documentos/TRABALHOS/DLNM/05_publicacao_github/outputs/figures/interactive/rr_surface_3d_metropolitana_ii_internacoes_i60_i69_temp_med_files/plotly-binding-4.12.0/plotly.js,TRUE,FALSE,34699,2026-06-21 17:18:29.689356,js,outro,figura gerada,ok,ativo
outputs/figures/interactive/rr_surface_3d_metropolitana_ii_internacoes_i60_i69_temp_med_files/plotly-htmlwidgets-css-2.25.2/plotly-htmlwidgets.css,C:/Users/oorie/OneDrive/Documentos/TRABALHOS/DLNM/05_publicacao_github/outputs/figures/interactive/rr_surface_3d_metropolitana_ii_internacoes_i60_i69_temp_med_files/plotly-htmlwidgets-css-2.25.2/plotly-htmlwidgets.css,TRUE,FALSE,182,2026-06-21 17:18:29.689749,css,outro,figura gerada,ok,ativo
outputs/figures/interactive/rr_surface_3d_metropolitana_ii_internacoes_i60_i69_temp_med_files/plotly-main-2.25.2/plotly-latest.min.js,C:/Users/oorie/OneDrive/Documentos/TRABALHOS/DLNM/05_publicacao_github/outputs/figures/interactive/rr_surface_3d_metropolitana_ii_internacoes_i60_i69_temp_med_files/plotly-main-2.25.2/plotly-latest.min.js,TRUE,FALSE,3575017,2026-06-21 17:18:29.690441,js,outro,figura gerada,ok,ativo
outputs/figures/interactive/rr_surface_3d_metropolitana_ii_internacoes_i60_i69_temp_med_files/typedarray-0.1/typedarray.min.js,C:/Users/oorie/OneDrive/Documentos/TRABALHOS/DLNM/05_publicacao_github/outputs/figures/interactive/rr_surface_3d_metropolitana_ii_internacoes_i60_i69_temp_med_files/typedarray-0.1/typedarray.min.js,TRUE,FALSE,22444,2026-06-21 17:18:29.690918,js,outro,figura gerada,ok,ativo
outputs/figures/interactive/rr_surface_3d_metropolitana_ii_internacoes_i60_i69_ur_med.html,C:/Users/oorie/OneDrive/Documentos/TRABALHOS/DLNM/05_publicacao_github/outputs/figures/interactive/rr_surface_3d_metropolitana_ii_internacoes_i60_i69_ur_med.html,TRUE,FALSE,52254,2026-06-21 17:18:29.691587,html,HTML,figura gerada,ok,ativo
outputs/figures/interactive/rr_surface_3d_metropolitana_ii_internacoes_i60_i69_ur_med_files/crosstalk-1.2.2/css/crosstalk.min.css,C:/Users/oorie/OneDrive/Documentos/TRABALHOS/DLNM/05_publicacao_github/outputs/figures/interactive/rr_surface_3d_metropolitana_ii_internacoes_i60_i69_ur_med_files/crosstalk-1.2.2/css/crosstalk.min.css,TRUE,FALSE,1307,2026-06-21 17:18:29.691809,css,outro,figura gerada,ok,ativo
outputs/figures/interactive/rr_surface_3d_metropolitana_ii_internacoes_i60_i69_ur_med_files/crosstalk-1.2.2/js/crosstalk.js,C:/Users/oorie/OneDrive/Documentos/TRABALHOS/DLNM/05_publicacao_github/outputs/figures/interactive/rr_surface_3d_metropolitana_ii_internacoes_i60_i69_ur_med_files/crosstalk-1.2.2/js/crosstalk.js,TRUE,FALSE,50504,2026-06-21 17:18:29.692375,js,outro,figura gerada,ok,ativo
outputs/figures/interactive/rr_surface_3d_metropolitana_ii_internacoes_i60_i69_ur_med_files/crosstalk-1.2.2/js/crosstalk.js.map,C:/Users/oorie/OneDrive/Documentos/TRABALHOS/DLNM/05_publicacao_github/outputs/figures/interactive/rr_surface_3d_metropolitana_ii_internacoes_i60_i69_ur_med_files/crosstalk-1.2.2/js/crosstalk.js.map,TRUE,FALSE,54889,2026-06-21 17:18:29.692871,map,outro,figura gerada,ok,ativo
outputs/figures/interactive/rr_surface_3d_metropolitana_ii_internacoes_i60_i69_ur_med_files/crosstalk-1.2.2/js/crosstalk.min.js,C:/Users/oorie/OneDrive/Documentos/TRABALHOS/DLNM/05_publicacao_github/outputs/figures/interactive/rr_surface_3d_metropolitana_ii_internacoes_i60_i69_ur_med_files/crosstalk-1.2.2/js/crosstalk.min.js,TRUE,FALSE,18926,2026-06-21 17:18:29.693209,js,outro,figura gerada,ok,ativo
outputs/figures/interactive/rr_surface_3d_metropolitana_ii_internacoes_i60_i69_ur_med_files/crosstalk-1.2.2/js/crosstalk.min.js.map,C:/Users/oorie/OneDrive/Documentos/TRABALHOS/DLNM/05_publicacao_github/outputs/figures/interactive/rr_surface_3d_metropolitana_ii_internacoes_i60_i69_ur_med_files/crosstalk-1.2.2/js/crosstalk.min.js.map,TRUE,FALSE,50338,2026-06-21 17:18:29.693518,map,outro,figura gerada,ok,ativo
outputs/figures/interactive/rr_surface_3d_metropolitana_ii_internacoes_i60_i69_ur_med_files/crosstalk-1.2.2/scss/crosstalk.scss,C:/Users/oorie/OneDrive/Documentos/TRABALHOS/DLNM/05_publicacao_github/outputs/figures/interactive/rr_surface_3d_metropolitana_ii_internacoes_i60_i69_ur_med_files/crosstalk-1.2.2/scss/crosstalk.scss,TRUE,FALSE,1891,2026-06-21 17:18:29.694056,scss,outro,figura gerada,ok,ativo
outputs/figures/interactive/rr_surface_3d_metropolitana_ii_internacoes_i60_i69_ur_med_files/htmltools-fill-0.5.9/fill.css,C:/Users/oorie/OneDrive/Documentos/TRABALHOS/DLNM/05_publicacao_github/outputs/figures/interactive/rr_surface_3d_metropolitana_ii_internacoes_i60_i69_ur_med_files/htmltools-fill-0.5.9/fill.css,TRUE,FALSE,606,2026-06-21 17:18:29.694397,css,outro,figura gerada,ok,ativo
outputs/figures/interactive/rr_surface_3d_metropolitana_ii_internacoes_i60_i69_ur_med_files/htmlwidgets-1.6.4/htmlwidgets.js,C:/Users/oorie/OneDrive/Documentos/TRABALHOS/DLNM/05_publicacao_github/outputs/figures/interactive/rr_surface_3d_metropolitana_ii_internacoes_i60_i69_ur_med_files/htmlwidgets-1.6.4/htmlwidgets.js,TRUE,FALSE,34091,2026-06-21 17:18:29.694807,js,outro,figura gerada,ok,ativo
outputs/figures/interactive/rr_surface_3d_metropolitana_ii_internacoes_i60_i69_ur_med_files/jquery-3.5.1/jquery-AUTHORS.txt,C:/Users/oorie/OneDrive/Documentos/TRABALHOS/DLNM/05_publicacao_github/outputs/figures/interactive/rr_surface_3d_metropolitana_ii_internacoes_i60_i69_ur_med_files/jquery-3.5.1/jquery-AUTHORS.txt,TRUE,FALSE,13726,2026-06-21 17:18:29.695599,txt,documentação/log,figura gerada,ok,ativo
outputs/figures/interactive/rr_surface_3d_metropolitana_ii_internacoes_i60_i69_ur_med_files/jquery-3.5.1/jquery.js,C:/Users/oorie/OneDrive/Documentos/TRABALHOS/DLNM/05_publicacao_github/outputs/figures/interactive/rr_surface_3d_metropolitana_ii_internacoes_i60_i69_ur_med_files/jquery-3.5.1/jquery.js,TRUE,FALSE,298502,2026-06-21 17:18:29.695801,js,outro,figura gerada,ok,ativo
outputs/figures/interactive/rr_surface_3d_metropolitana_ii_internacoes_i60_i69_ur_med_files/jquery-3.5.1/jquery.min.js,C:/Users/oorie/OneDrive/Documentos/TRABALHOS/DLNM/05_publicacao_github/outputs/figures/interactive/rr_surface_3d_metropolitana_ii_internacoes_i60_i69_ur_med_files/jquery-3.5.1/jquery.min.js,TRUE,FALSE,89478,2026-06-21 17:18:29.696114,js,outro,figura gerada,ok,ativo
outputs/figures/interactive/rr_surface_3d_metropolitana_ii_internacoes_i60_i69_ur_med_files/jquery-3.5.1/jquery.min.map,C:/Users/oorie/OneDrive/Documentos/TRABALHOS/DLNM/05_publicacao_github/outputs/figures/interactive/rr_surface_3d_metropolitana_ii_internacoes_i60_i69_ur_med_files/jquery-3.5.1/jquery.min.map,TRUE,FALSE,137986,2026-06-21 17:18:29.696367,map,outro,figura gerada,ok,ativo
outputs/figures/interactive/rr_surface_3d_metropolitana_ii_internacoes_i60_i69_ur_med_files/plotly-binding-4.12.0/plotly.js,C:/Users/oorie/OneDrive/Documentos/TRABALHOS/DLNM/05_publicacao_github/outputs/figures/interactive/rr_surface_3d_metropolitana_ii_internacoes_i60_i69_ur_med_files/plotly-binding-4.12.0/plotly.js,TRUE,FALSE,34699,2026-06-21 17:18:29.696688,js,outro,figura gerada,ok,ativo
outputs/figures/interactive/rr_surface_3d_metropolitana_ii_internacoes_i60_i69_ur_med_files/plotly-htmlwidgets-css-2.25.2/plotly-htmlwidgets.css,C:/Users/oorie/OneDrive/Documentos/TRABALHOS/DLNM/05_publicacao_github/outputs/figures/interactive/rr_surface_3d_metropolitana_ii_internacoes_i60_i69_ur_med_files/plotly-htmlwidgets-css-2.25.2/plotly-htmlwidgets.css,TRUE,FALSE,182,2026-06-21 17:18:29.697025,css,outro,figura gerada,ok,ativo
outputs/figures/interactive/rr_surface_3d_metropolitana_ii_internacoes_i60_i69_ur_med_files/plotly-main-2.25.2/plotly-latest.min.js,C:/Users/oorie/OneDrive/Documentos/TRABALHOS/DLNM/05_publicacao_github/outputs/figures/interactive/rr_surface_3d_metropolitana_ii_internacoes_i60_i69_ur_med_files/plotly-main-2.25.2/plotly-latest.min.js,TRUE,FALSE,3575017,2026-06-21 17:18:29.697346,js,outro,figura gerada,ok,ativo
outputs/figures/interactive/rr_surface_3d_metropolitana_ii_internacoes_i60_i69_ur_med_files/typedarray-0.1/typedarray.min.js,C:/Users/oorie/OneDrive/Documentos/TRABALHOS/DLNM/05_publicacao_github/outputs/figures/interactive/rr_surface_3d_metropolitana_ii_internacoes_i60_i69_ur_med_files/typedarray-0.1/typedarray.min.js,TRUE,FALSE,22444,2026-06-21 17:18:29.697556,js,outro,figura gerada,ok,ativo
outputs/figures/interactive/rr_surface_3d_metropolitana_ii_internacoes_i63_temp_med.html,C:/Users/oorie/OneDrive/Documentos/TRABALHOS/DLNM/05_publicacao_github/outputs/figures/interactive/rr_surface_3d_metropolitana_ii_internacoes_i63_temp_med.html,TRUE,FALSE,51877,2026-06-21 17:18:29.698071,html,HTML,figura gerada,ok,ativo
outputs/figures/interactive/rr_surface_3d_metropolitana_ii_internacoes_i63_temp_med_files/crosstalk-1.2.2/css/crosstalk.min.css,C:/Users/oorie/OneDrive/Documentos/TRABALHOS/DLNM/05_publicacao_github/outputs/figures/interactive/rr_surface_3d_metropolitana_ii_internacoes_i63_temp_med_files/crosstalk-1.2.2/css/crosstalk.min.css,TRUE,FALSE,1307,2026-06-21 17:18:29.698364,css,outro,figura gerada,ok,ativo
outputs/figures/interactive/rr_surface_3d_metropolitana_ii_internacoes_i63_temp_med_files/crosstalk-1.2.2/js/crosstalk.js,C:/Users/oorie/OneDrive/Documentos/TRABALHOS/DLNM/05_publicacao_github/outputs/figures/interactive/rr_surface_3d_metropolitana_ii_internacoes_i63_temp_med_files/crosstalk-1.2.2/js/crosstalk.js,TRUE,FALSE,50504,2026-06-21 17:18:29.698769,js,outro,figura gerada,ok,ativo
outputs/figures/interactive/rr_surface_3d_metropolitana_ii_internacoes_i63_temp_med_files/crosstalk-1.2.2/js/crosstalk.js.map,C:/Users/oorie/OneDrive/Documentos/TRABALHOS/DLNM/05_publicacao_github/outputs/figures/interactive/rr_surface_3d_metropolitana_ii_internacoes_i63_temp_med_files/crosstalk-1.2.2/js/crosstalk.js.map,TRUE,FALSE,54889,2026-06-21 17:18:29.699116,map,outro,figura gerada,ok,ativo
outputs/figures/interactive/rr_surface_3d_metropolitana_ii_internacoes_i63_temp_med_files/crosstalk-1.2.2/js/crosstalk.min.js,C:/Users/oorie/OneDrive/Documentos/TRABALHOS/DLNM/05_publicacao_github/outputs/figures/interactive/rr_surface_3d_metropolitana_ii_internacoes_i63_temp_med_files/crosstalk-1.2.2/js/crosstalk.min.js,TRUE,FALSE,18926,2026-06-21 17:18:29.699387,js,outro,figura gerada,ok,ativo
outputs/figures/interactive/rr_surface_3d_metropolitana_ii_internacoes_i63_temp_med_files/crosstalk-1.2.2/js/crosstalk.min.js.map,C:/Users/oorie/OneDrive/Documentos/TRABALHOS/DLNM/05_publicacao_github/outputs/figures/interactive/rr_surface_3d_metropolitana_ii_internacoes_i63_temp_med_files/crosstalk-1.2.2/js/crosstalk.min.js.map,TRUE,FALSE,50338,2026-06-21 17:18:29.699701,map,outro,figura gerada,ok,ativo
outputs/figures/interactive/rr_surface_3d_metropolitana_ii_internacoes_i63_temp_med_files/crosstalk-1.2.2/scss/crosstalk.scss,C:/Users/oorie/OneDrive/Documentos/TRABALHOS/DLNM/05_publicacao_github/outputs/figures/interactive/rr_surface_3d_metropolitana_ii_internacoes_i63_temp_med_files/crosstalk-1.2.2/scss/crosstalk.scss,TRUE,FALSE,1891,2026-06-21 17:18:29.700018,scss,outro,figura gerada,ok,ativo
outputs/figures/interactive/rr_surface_3d_metropolitana_ii_internacoes_i63_temp_med_files/htmltools-fill-0.5.9/fill.css,C:/Users/oorie/OneDrive/Documentos/TRABALHOS/DLNM/05_publicacao_github/outputs/figures/interactive/rr_surface_3d_metropolitana_ii_internacoes_i63_temp_med_files/htmltools-fill-0.5.9/fill.css,TRUE,FALSE,606,2026-06-21 17:18:29.700312,css,outro,figura gerada,ok,ativo
outputs/figures/interactive/rr_surface_3d_metropolitana_ii_internacoes_i63_temp_med_files/htmlwidgets-1.6.4/htmlwidgets.js,C:/Users/oorie/OneDrive/Documentos/TRABALHOS/DLNM/05_publicacao_github/outputs/figures/interactive/rr_surface_3d_metropolitana_ii_internacoes_i63_temp_med_files/htmlwidgets-1.6.4/htmlwidgets.js,TRUE,FALSE,34091,2026-06-21 17:18:29.700491,js,outro,figura gerada,ok,ativo
outputs/figures/interactive/rr_surface_3d_metropolitana_ii_internacoes_i63_temp_med_files/jquery-3.5.1/jquery-AUTHORS.txt,C:/Users/oorie/OneDrive/Documentos/TRABALHOS/DLNM/05_publicacao_github/outputs/figures/interactive/rr_surface_3d_metropolitana_ii_internacoes_i63_temp_med_files/jquery-3.5.1/jquery-AUTHORS.txt,TRUE,FALSE,13726,2026-06-21 17:18:29.700766,txt,documentação/log,figura gerada,ok,ativo
outputs/figures/interactive/rr_surface_3d_metropolitana_ii_internacoes_i63_temp_med_files/jquery-3.5.1/jquery.js,C:/Users/oorie/OneDrive/Documentos/TRABALHOS/DLNM/05_publicacao_github/outputs/figures/interactive/rr_surface_3d_metropolitana_ii_internacoes_i63_temp_med_files/jquery-3.5.1/jquery.js,TRUE,FALSE,298502,2026-06-21 17:18:29.701044,js,outro,figura gerada,ok,ativo
outputs/figures/interactive/rr_surface_3d_metropolitana_ii_internacoes_i63_temp_med_files/jquery-3.5.1/jquery.min.js,C:/Users/oorie/OneDrive/Documentos/TRABALHOS/DLNM/05_publicacao_github/outputs/figures/interactive/rr_surface_3d_metropolitana_ii_internacoes_i63_temp_med_files/jquery-3.5.1/jquery.min.js,TRUE,FALSE,89478,2026-06-21 17:18:29.701313,js,outro,figura gerada,ok,ativo
outputs/figures/interactive/rr_surface_3d_metropolitana_ii_internacoes_i63_temp_med_files/jquery-3.5.1/jquery.min.map,C:/Users/oorie/OneDrive/Documentos/TRABALHOS/DLNM/05_publicacao_github/outputs/figures/interactive/rr_surface_3d_metropolitana_ii_internacoes_i63_temp_med_files/jquery-3.5.1/jquery.min.map,TRUE,FALSE,137986,2026-06-21 17:18:29.701624,map,outro,figura gerada,ok,ativo
outputs/figures/interactive/rr_surface_3d_metropolitana_ii_internacoes_i63_temp_med_files/plotly-binding-4.12.0/plotly.js,C:/Users/oorie/OneDrive/Documentos/TRABALHOS/DLNM/05_publicacao_github/outputs/figures/interactive/rr_surface_3d_metropolitana_ii_internacoes_i63_temp_med_files/plotly-binding-4.12.0/plotly.js,TRUE,FALSE,34699,2026-06-21 17:18:29.70191,js,outro,figura gerada,ok,ativo
outputs/figures/interactive/rr_surface_3d_metropolitana_ii_internacoes_i63_temp_med_files/plotly-htmlwidgets-css-2.25.2/plotly-htmlwidgets.css,C:/Users/oorie/OneDrive/Documentos/TRABALHOS/DLNM/05_publicacao_github/outputs/figures/interactive/rr_surface_3d_metropolitana_ii_internacoes_i63_temp_med_files/plotly-htmlwidgets-css-2.25.2/plotly-htmlwidgets.css,TRUE,FALSE,182,2026-06-21 17:18:29.702105,css,outro,figura gerada,ok,ativo
outputs/figures/interactive/rr_surface_3d_metropolitana_ii_internacoes_i63_temp_med_files/plotly-main-2.25.2/plotly-latest.min.js,C:/Users/oorie/OneDrive/Documentos/TRABALHOS/DLNM/05_publicacao_github/outputs/figures/interactive/rr_surface_3d_metropolitana_ii_internacoes_i63_temp_med_files/plotly-main-2.25.2/plotly-latest.min.js,TRUE,FALSE,3575017,2026-06-21 17:18:29.702295,js,outro,figura gerada,ok,ativo
outputs/figures/interactive/rr_surface_3d_metropolitana_ii_internacoes_i63_temp_med_files/typedarray-0.1/typedarray.min.js,C:/Users/oorie/OneDrive/Documentos/TRABALHOS/DLNM/05_publicacao_github/outputs/figures/interactive/rr_surface_3d_metropolitana_ii_internacoes_i63_temp_med_files/typedarray-0.1/typedarray.min.js,TRUE,FALSE,22444,2026-06-21 17:18:29.702572,js,outro,figura gerada,ok,ativo
outputs/figures/interactive/rr_surface_3d_metropolitana_ii_internacoes_i63_ur_med.html,C:/Users/oorie/OneDrive/Documentos/TRABALHOS/DLNM/05_publicacao_github/outputs/figures/interactive/rr_surface_3d_metropolitana_ii_internacoes_i63_ur_med.html,TRUE,FALSE,52457,2026-06-21 17:18:29.70289,html,HTML,figura gerada,ok,ativo
outputs/figures/interactive/rr_surface_3d_metropolitana_ii_internacoes_i63_ur_med_files/crosstalk-1.2.2/css/crosstalk.min.css,C:/Users/oorie/OneDrive/Documentos/TRABALHOS/DLNM/05_publicacao_github/outputs/figures/interactive/rr_surface_3d_metropolitana_ii_internacoes_i63_ur_med_files/crosstalk-1.2.2/css/crosstalk.min.css,TRUE,FALSE,1307,2026-06-21 17:18:29.703087,css,outro,figura gerada,ok,ativo
outputs/figures/interactive/rr_surface_3d_metropolitana_ii_internacoes_i63_ur_med_files/crosstalk-1.2.2/js/crosstalk.js,C:/Users/oorie/OneDrive/Documentos/TRABALHOS/DLNM/05_publicacao_github/outputs/figures/interactive/rr_surface_3d_metropolitana_ii_internacoes_i63_ur_med_files/crosstalk-1.2.2/js/crosstalk.js,TRUE,FALSE,50504,2026-06-21 17:18:29.703295,js,outro,figura gerada,ok,ativo
outputs/figures/interactive/rr_surface_3d_metropolitana_ii_internacoes_i63_ur_med_files/crosstalk-1.2.2/js/crosstalk.js.map,C:/Users/oorie/OneDrive/Documentos/TRABALHOS/DLNM/05_publicacao_github/outputs/figures/interactive/rr_surface_3d_metropolitana_ii_internacoes_i63_ur_med_files/crosstalk-1.2.2/js/crosstalk.js.map,TRUE,FALSE,54889,2026-06-21 17:18:29.703505,map,outro,figura gerada,ok,ativo
outputs/figures/interactive/rr_surface_3d_metropolitana_ii_internacoes_i63_ur_med_files/crosstalk-1.2.2/js/crosstalk.min.js,C:/Users/oorie/OneDrive/Documentos/TRABALHOS/DLNM/05_publicacao_github/outputs/figures/interactive/rr_surface_3d_metropolitana_ii_internacoes_i63_ur_med_files/crosstalk-1.2.2/js/crosstalk.min.js,TRUE,FALSE,18926,2026-06-21 17:18:29.703838,js,outro,figura gerada,ok,ativo
outputs/figures/interactive/rr_surface_3d_metropolitana_ii_internacoes_i63_ur_med_files/crosstalk-1.2.2/js/crosstalk.min.js.map,C:/Users/oorie/OneDrive/Documentos/TRABALHOS/DLNM/05_publicacao_github/outputs/figures/interactive/rr_surface_3d_metropolitana_ii_internacoes_i63_ur_med_files/crosstalk-1.2.2/js/crosstalk.min.js.map,TRUE,FALSE,50338,2026-06-21 17:18:29.704062,map,outro,figura gerada,ok,ativo
outputs/figures/interactive/rr_surface_3d_metropolitana_ii_internacoes_i63_ur_med_files/crosstalk-1.2.2/scss/crosstalk.scss,C:/Users/oorie/OneDrive/Documentos/TRABALHOS/DLNM/05_publicacao_github/outputs/figures/interactive/rr_surface_3d_metropolitana_ii_internacoes_i63_ur_med_files/crosstalk-1.2.2/scss/crosstalk.scss,TRUE,FALSE,1891,2026-06-21 17:18:29.704359,scss,outro,figura gerada,ok,ativo
outputs/figures/interactive/rr_surface_3d_metropolitana_ii_internacoes_i63_ur_med_files/htmltools-fill-0.5.9/fill.css,C:/Users/oorie/OneDrive/Documentos/TRABALHOS/DLNM/05_publicacao_github/outputs/figures/interactive/rr_surface_3d_metropolitana_ii_internacoes_i63_ur_med_files/htmltools-fill-0.5.9/fill.css,TRUE,FALSE,606,2026-06-21 17:18:29.704659,css,outro,figura gerada,ok,ativo
outputs/figures/interactive/rr_surface_3d_metropolitana_ii_internacoes_i63_ur_med_files/htmlwidgets-1.6.4/htmlwidgets.js,C:/Users/oorie/OneDrive/Documentos/TRABALHOS/DLNM/05_publicacao_github/outputs/figures/interactive/rr_surface_3d_metropolitana_ii_internacoes_i63_ur_med_files/htmlwidgets-1.6.4/htmlwidgets.js,TRUE,FALSE,34091,2026-06-21 17:18:29.70483,js,outro,figura gerada,ok,ativo
outputs/figures/interactive/rr_surface_3d_metropolitana_ii_internacoes_i63_ur_med_files/jquery-3.5.1/jquery-AUTHORS.txt,C:/Users/oorie/OneDrive/Documentos/TRABALHOS/DLNM/05_publicacao_github/outputs/figures/interactive/rr_surface_3d_metropolitana_ii_internacoes_i63_ur_med_files/jquery-3.5.1/jquery-AUTHORS.txt,TRUE,FALSE,13726,2026-06-21 17:18:29.705187,txt,documentação/log,figura gerada,ok,ativo
outputs/figures/interactive/rr_surface_3d_metropolitana_ii_internacoes_i63_ur_med_files/jquery-3.5.1/jquery.js,C:/Users/oorie/OneDrive/Documentos/TRABALHOS/DLNM/05_publicacao_github/outputs/figures/interactive/rr_surface_3d_metropolitana_ii_internacoes_i63_ur_med_files/jquery-3.5.1/jquery.js,TRUE,FALSE,298502,2026-06-21 17:18:29.705381,js,outro,figura gerada,ok,ativo
outputs/figures/interactive/rr_surface_3d_metropolitana_ii_internacoes_i63_ur_med_files/jquery-3.5.1/jquery.min.js,C:/Users/oorie/OneDrive/Documentos/TRABALHOS/DLNM/05_publicacao_github/outputs/figures/interactive/rr_surface_3d_metropolitana_ii_internacoes_i63_ur_med_files/jquery-3.5.1/jquery.min.js,TRUE,FALSE,89478,2026-06-21 17:18:29.705528,js,outro,figura gerada,ok,ativo
outputs/figures/interactive/rr_surface_3d_metropolitana_ii_internacoes_i63_ur_med_files/jquery-3.5.1/jquery.min.map,C:/Users/oorie/OneDrive/Documentos/TRABALHOS/DLNM/05_publicacao_github/outputs/figures/interactive/rr_surface_3d_metropolitana_ii_internacoes_i63_ur_med_files/jquery-3.5.1/jquery.min.map,TRUE,FALSE,137986,2026-06-21 17:18:29.705936,map,outro,figura gerada,ok,ativo
outputs/figures/interactive/rr_surface_3d_metropolitana_ii_internacoes_i63_ur_med_files/plotly-binding-4.12.0/plotly.js,C:/Users/oorie/OneDrive/Documentos/TRABALHOS/DLNM/05_publicacao_github/outputs/figures/interactive/rr_surface_3d_metropolitana_ii_internacoes_i63_ur_med_files/plotly-binding-4.12.0/plotly.js,TRUE,FALSE,34699,2026-06-21 17:18:29.706347,js,outro,figura gerada,ok,ativo
outputs/figures/interactive/rr_surface_3d_metropolitana_ii_internacoes_i63_ur_med_files/plotly-htmlwidgets-css-2.25.2/plotly-htmlwidgets.css,C:/Users/oorie/OneDrive/Documentos/TRABALHOS/DLNM/05_publicacao_github/outputs/figures/interactive/rr_surface_3d_metropolitana_ii_internacoes_i63_ur_med_files/plotly-htmlwidgets-css-2.25.2/plotly-htmlwidgets.css,TRUE,FALSE,182,2026-06-21 17:18:29.706545,css,outro,figura gerada,ok,ativo
outputs/figures/interactive/rr_surface_3d_metropolitana_ii_internacoes_i63_ur_med_files/plotly-main-2.25.2/plotly-latest.min.js,C:/Users/oorie/OneDrive/Documentos/TRABALHOS/DLNM/05_publicacao_github/outputs/figures/interactive/rr_surface_3d_metropolitana_ii_internacoes_i63_ur_med_files/plotly-main-2.25.2/plotly-latest.min.js,TRUE,FALSE,3575017,2026-06-21 17:18:29.706879,js,outro,figura gerada,ok,ativo
outputs/figures/interactive/rr_surface_3d_metropolitana_ii_internacoes_i63_ur_med_files/typedarray-0.1/typedarray.min.js,C:/Users/oorie/OneDrive/Documentos/TRABALHOS/DLNM/05_publicacao_github/outputs/figures/interactive/rr_surface_3d_metropolitana_ii_internacoes_i63_ur_med_files/typedarray-0.1/typedarray.min.js,TRUE,FALSE,22444,2026-06-21 17:18:29.707342,js,outro,figura gerada,ok,ativo
outputs/figures/interactive/rr_surface_3d_metropolitana_ii_obitos_i60_i62_temp_med.html,C:/Users/oorie/OneDrive/Documentos/TRABALHOS/DLNM/05_publicacao_github/outputs/figures/interactive/rr_surface_3d_metropolitana_ii_obitos_i60_i62_temp_med.html,TRUE,FALSE,51581,2026-06-21 17:18:29.70821,html,HTML,figura gerada,ok,ativo
outputs/figures/interactive/rr_surface_3d_metropolitana_ii_obitos_i60_i62_ur_med.html,C:/Users/oorie/OneDrive/Documentos/TRABALHOS/DLNM/05_publicacao_github/outputs/figures/interactive/rr_surface_3d_metropolitana_ii_obitos_i60_i62_ur_med.html,TRUE,FALSE,51491,2026-06-21 17:18:29.708447,html,HTML,figura gerada,ok,ativo
outputs/figures/interactive/rr_surface_3d_metropolitana_ii_obitos_i60_i62_ur_med_files/crosstalk-1.2.2/css/crosstalk.min.css,C:/Users/oorie/OneDrive/Documentos/TRABALHOS/DLNM/05_publicacao_github/outputs/figures/interactive/rr_surface_3d_metropolitana_ii_obitos_i60_i62_ur_med_files/crosstalk-1.2.2/css/crosstalk.min.css,TRUE,FALSE,1307,2026-06-21 17:18:29.708838,css,outro,figura gerada,ok,ativo
outputs/figures/interactive/rr_surface_3d_metropolitana_ii_obitos_i60_i62_ur_med_files/crosstalk-1.2.2/js/crosstalk.js,C:/Users/oorie/OneDrive/Documentos/TRABALHOS/DLNM/05_publicacao_github/outputs/figures/interactive/rr_surface_3d_metropolitana_ii_obitos_i60_i62_ur_med_files/crosstalk-1.2.2/js/crosstalk.js,TRUE,FALSE,50504,2026-06-21 17:18:29.709173,js,outro,figura gerada,ok,ativo
outputs/figures/interactive/rr_surface_3d_metropolitana_ii_obitos_i60_i62_ur_med_files/crosstalk-1.2.2/js/crosstalk.js.map,C:/Users/oorie/OneDrive/Documentos/TRABALHOS/DLNM/05_publicacao_github/outputs/figures/interactive/rr_surface_3d_metropolitana_ii_obitos_i60_i62_ur_med_files/crosstalk-1.2.2/js/crosstalk.js.map,TRUE,FALSE,54889,2026-06-21 17:18:29.709536,map,outro,figura gerada,ok,ativo
outputs/figures/interactive/rr_surface_3d_metropolitana_ii_obitos_i60_i62_ur_med_files/crosstalk-1.2.2/js/crosstalk.min.js,C:/Users/oorie/OneDrive/Documentos/TRABALHOS/DLNM/05_publicacao_github/outputs/figures/interactive/rr_surface_3d_metropolitana_ii_obitos_i60_i62_ur_med_files/crosstalk-1.2.2/js/crosstalk.min.js,TRUE,FALSE,18926,2026-06-21 17:18:29.709873,js,outro,figura gerada,ok,ativo
outputs/figures/interactive/rr_surface_3d_metropolitana_ii_obitos_i60_i62_ur_med_files/crosstalk-1.2.2/js/crosstalk.min.js.map,C:/Users/oorie/OneDrive/Documentos/TRABALHOS/DLNM/05_publicacao_github/outputs/figures/interactive/rr_surface_3d_metropolitana_ii_obitos_i60_i62_ur_med_files/crosstalk-1.2.2/js/crosstalk.min.js.map,TRUE,FALSE,50338,2026-06-21 17:18:29.710083,map,outro,figura gerada,ok,ativo
outputs/figures/interactive/rr_surface_3d_metropolitana_ii_obitos_i60_i62_ur_med_files/crosstalk-1.2.2/scss/crosstalk.scss,C:/Users/oorie/OneDrive/Documentos/TRABALHOS/DLNM/05_publicacao_github/outputs/figures/interactive/rr_surface_3d_metropolitana_ii_obitos_i60_i62_ur_med_files/crosstalk-1.2.2/scss/crosstalk.scss,TRUE,FALSE,1891,2026-06-21 17:18:29.710276,scss,outro,figura gerada,ok,ativo
outputs/figures/interactive/rr_surface_3d_metropolitana_ii_obitos_i60_i62_ur_med_files/htmltools-fill-0.5.9/fill.css,C:/Users/oorie/OneDrive/Documentos/TRABALHOS/DLNM/05_publicacao_github/outputs/figures/interactive/rr_surface_3d_metropolitana_ii_obitos_i60_i62_ur_med_files/htmltools-fill-0.5.9/fill.css,TRUE,FALSE,606,2026-06-21 17:18:29.710451,css,outro,figura gerada,ok,ativo
outputs/figures/interactive/rr_surface_3d_metropolitana_ii_obitos_i60_i62_ur_med_files/htmlwidgets-1.6.4/htmlwidgets.js,C:/Users/oorie/OneDrive/Documentos/TRABALHOS/DLNM/05_publicacao_github/outputs/figures/interactive/rr_surface_3d_metropolitana_ii_obitos_i60_i62_ur_med_files/htmlwidgets-1.6.4/htmlwidgets.js,TRUE,FALSE,34091,2026-06-21 17:18:29.710606,js,outro,figura gerada,ok,ativo
outputs/figures/interactive/rr_surface_3d_metropolitana_ii_obitos_i60_i62_ur_med_files/jquery-3.5.1/jquery-AUTHORS.txt,C:/Users/oorie/OneDrive/Documentos/TRABALHOS/DLNM/05_publicacao_github/outputs/figures/interactive/rr_surface_3d_metropolitana_ii_obitos_i60_i62_ur_med_files/jquery-3.5.1/jquery-AUTHORS.txt,TRUE,FALSE,13726,2026-06-21 17:18:29.710772,txt,documentação/log,figura gerada,ok,ativo
outputs/figures/interactive/rr_surface_3d_metropolitana_ii_obitos_i60_i62_ur_med_files/jquery-3.5.1/jquery.js,C:/Users/oorie/OneDrive/Documentos/TRABALHOS/DLNM/05_publicacao_github/outputs/figures/interactive/rr_surface_3d_metropolitana_ii_obitos_i60_i62_ur_med_files/jquery-3.5.1/jquery.js,TRUE,FALSE,298502,2026-06-21 17:18:29.711063,js,outro,figura gerada,ok,ativo
outputs/figures/interactive/rr_surface_3d_metropolitana_ii_obitos_i60_i62_ur_med_files/jquery-3.5.1/jquery.min.js,C:/Users/oorie/OneDrive/Documentos/TRABALHOS/DLNM/05_publicacao_github/outputs/figures/interactive/rr_surface_3d_metropolitana_ii_obitos_i60_i62_ur_med_files/jquery-3.5.1/jquery.min.js,TRUE,FALSE,89478,2026-06-21 17:18:29.711222,js,outro,figura gerada,ok,ativo
outputs/figures/interactive/rr_surface_3d_metropolitana_ii_obitos_i60_i62_ur_med_files/jquery-3.5.1/jquery.min.map,C:/Users/oorie/OneDrive/Documentos/TRABALHOS/DLNM/05_publicacao_github/outputs/figures/interactive/rr_surface_3d_metropolitana_ii_obitos_i60_i62_ur_med_files/jquery-3.5.1/jquery.min.map,TRUE,FALSE,137986,2026-06-21 17:18:29.711391,map,outro,figura gerada,ok,ativo
outputs/figures/interactive/rr_surface_3d_metropolitana_ii_obitos_i60_i62_ur_med_files/plotly-binding-4.12.0/plotly.js,C:/Users/oorie/OneDrive/Documentos/TRABALHOS/DLNM/05_publicacao_github/outputs/figures/interactive/rr_surface_3d_metropolitana_ii_obitos_i60_i62_ur_med_files/plotly-binding-4.12.0/plotly.js,TRUE,FALSE,34699,2026-06-21 17:18:29.711712,js,outro,figura gerada,ok,ativo
outputs/figures/interactive/rr_surface_3d_metropolitana_ii_obitos_i60_i62_ur_med_files/plotly-htmlwidgets-css-2.25.2/plotly-htmlwidgets.css,C:/Users/oorie/OneDrive/Documentos/TRABALHOS/DLNM/05_publicacao_github/outputs/figures/interactive/rr_surface_3d_metropolitana_ii_obitos_i60_i62_ur_med_files/plotly-htmlwidgets-css-2.25.2/plotly-htmlwidgets.css,TRUE,FALSE,182,2026-06-21 17:18:29.712053,css,outro,figura gerada,ok,ativo
outputs/figures/interactive/rr_surface_3d_metropolitana_ii_obitos_i60_i62_ur_med_files/plotly-main-2.25.2/plotly-latest.min.js,C:/Users/oorie/OneDrive/Documentos/TRABALHOS/DLNM/05_publicacao_github/outputs/figures/interactive/rr_surface_3d_metropolitana_ii_obitos_i60_i62_ur_med_files/plotly-main-2.25.2/plotly-latest.min.js,TRUE,FALSE,3575017,2026-06-21 17:18:29.712236,js,outro,figura gerada,ok,ativo
outputs/figures/interactive/rr_surface_3d_metropolitana_ii_obitos_i60_i62_ur_med_files/typedarray-0.1/typedarray.min.js,C:/Users/oorie/OneDrive/Documentos/TRABALHOS/DLNM/05_publicacao_github/outputs/figures/interactive/rr_surface_3d_metropolitana_ii_obitos_i60_i62_ur_med_files/typedarray-0.1/typedarray.min.js,TRUE,FALSE,22444,2026-06-21 17:18:29.712404,js,outro,figura gerada,ok,ativo
outputs/figures/interactive/rr_surface_3d_metropolitana_ii_obitos_i60_i64_temp_med.html,C:/Users/oorie/OneDrive/Documentos/TRABALHOS/DLNM/05_publicacao_github/outputs/figures/interactive/rr_surface_3d_metropolitana_ii_obitos_i60_i64_temp_med.html,TRUE,FALSE,52162,2026-06-21 17:18:29.712557,html,HTML,figura gerada,ok,ativo
outputs/figures/interactive/rr_surface_3d_metropolitana_ii_obitos_i60_i64_temp_med_files/crosstalk-1.2.2/css/crosstalk.min.css,C:/Users/oorie/OneDrive/Documentos/TRABALHOS/DLNM/05_publicacao_github/outputs/figures/interactive/rr_surface_3d_metropolitana_ii_obitos_i60_i64_temp_med_files/crosstalk-1.2.2/css/crosstalk.min.css,TRUE,FALSE,1307,2026-06-21 17:18:29.712717,css,outro,figura gerada,ok,ativo
outputs/figures/interactive/rr_surface_3d_metropolitana_ii_obitos_i60_i64_temp_med_files/crosstalk-1.2.2/js/crosstalk.js,C:/Users/oorie/OneDrive/Documentos/TRABALHOS/DLNM/05_publicacao_github/outputs/figures/interactive/rr_surface_3d_metropolitana_ii_obitos_i60_i64_temp_med_files/crosstalk-1.2.2/js/crosstalk.js,TRUE,FALSE,50504,2026-06-21 17:18:29.713026,js,outro,figura gerada,ok,ativo
outputs/figures/interactive/rr_surface_3d_metropolitana_ii_obitos_i60_i64_temp_med_files/crosstalk-1.2.2/js/crosstalk.js.map,C:/Users/oorie/OneDrive/Documentos/TRABALHOS/DLNM/05_publicacao_github/outputs/figures/interactive/rr_surface_3d_metropolitana_ii_obitos_i60_i64_temp_med_files/crosstalk-1.2.2/js/crosstalk.js.map,TRUE,FALSE,54889,2026-06-21 17:18:29.713356,map,outro,figura gerada,ok,ativo
outputs/figures/interactive/rr_surface_3d_metropolitana_ii_obitos_i60_i64_temp_med_files/crosstalk-1.2.2/js/crosstalk.min.js,C:/Users/oorie/OneDrive/Documentos/TRABALHOS/DLNM/05_publicacao_github/outputs/figures/interactive/rr_surface_3d_metropolitana_ii_obitos_i60_i64_temp_med_files/crosstalk-1.2.2/js/crosstalk.min.js,TRUE,FALSE,18926,2026-06-21 17:18:29.713522,js,outro,figura gerada,ok,ativo
outputs/figures/interactive/rr_surface_3d_metropolitana_ii_obitos_i60_i64_temp_med_files/crosstalk-1.2.2/js/crosstalk.min.js.map,C:/Users/oorie/OneDrive/Documentos/TRABALHOS/DLNM/05_publicacao_github/outputs/figures/interactive/rr_surface_3d_metropolitana_ii_obitos_i60_i64_temp_med_files/crosstalk-1.2.2/js/crosstalk.min.js.map,TRUE,FALSE,50338,2026-06-21 17:18:29.713711,map,outro,figura gerada,ok,ativo
outputs/figures/interactive/rr_surface_3d_metropolitana_ii_obitos_i60_i64_temp_med_files/crosstalk-1.2.2/scss/crosstalk.scss,C:/Users/oorie/OneDrive/Documentos/TRABALHOS/DLNM/05_publicacao_github/outputs/figures/interactive/rr_surface_3d_metropolitana_ii_obitos_i60_i64_temp_med_files/crosstalk-1.2.2/scss/crosstalk.scss,TRUE,FALSE,1891,2026-06-21 17:18:29.71402,scss,outro,figura gerada,ok,ativo
outputs/figures/interactive/rr_surface_3d_metropolitana_ii_obitos_i60_i64_temp_med_files/htmltools-fill-0.5.9/fill.css,C:/Users/oorie/OneDrive/Documentos/TRABALHOS/DLNM/05_publicacao_github/outputs/figures/interactive/rr_surface_3d_metropolitana_ii_obitos_i60_i64_temp_med_files/htmltools-fill-0.5.9/fill.css,TRUE,FALSE,606,2026-06-21 17:18:29.714182,css,outro,figura gerada,ok,ativo
outputs/figures/interactive/rr_surface_3d_metropolitana_ii_obitos_i60_i64_temp_med_files/htmlwidgets-1.6.4/htmlwidgets.js,C:/Users/oorie/OneDrive/Documentos/TRABALHOS/DLNM/05_publicacao_github/outputs/figures/interactive/rr_surface_3d_metropolitana_ii_obitos_i60_i64_temp_med_files/htmlwidgets-1.6.4/htmlwidgets.js,TRUE,FALSE,34091,2026-06-21 17:18:29.714336,js,outro,figura gerada,ok,ativo
outputs/figures/interactive/rr_surface_3d_metropolitana_ii_obitos_i60_i64_temp_med_files/jquery-3.5.1/jquery-AUTHORS.txt,C:/Users/oorie/OneDrive/Documentos/TRABALHOS/DLNM/05_publicacao_github/outputs/figures/interactive/rr_surface_3d_metropolitana_ii_obitos_i60_i64_temp_med_files/jquery-3.5.1/jquery-AUTHORS.txt,TRUE,FALSE,13726,2026-06-21 17:18:29.714645,txt,documentação/log,figura gerada,ok,ativo
outputs/figures/interactive/rr_surface_3d_metropolitana_ii_obitos_i60_i64_temp_med_files/jquery-3.5.1/jquery.js,C:/Users/oorie/OneDrive/Documentos/TRABALHOS/DLNM/05_publicacao_github/outputs/figures/interactive/rr_surface_3d_metropolitana_ii_obitos_i60_i64_temp_med_files/jquery-3.5.1/jquery.js,TRUE,FALSE,298502,2026-06-21 17:18:29.715025,js,outro,figura gerada,ok,ativo
outputs/figures/interactive/rr_surface_3d_metropolitana_ii_obitos_i60_i64_temp_med_files/jquery-3.5.1/jquery.min.js,C:/Users/oorie/OneDrive/Documentos/TRABALHOS/DLNM/05_publicacao_github/outputs/figures/interactive/rr_surface_3d_metropolitana_ii_obitos_i60_i64_temp_med_files/jquery-3.5.1/jquery.min.js,TRUE,FALSE,89478,2026-06-21 17:18:29.715345,js,outro,figura gerada,ok,ativo
outputs/figures/interactive/rr_surface_3d_metropolitana_ii_obitos_i60_i64_temp_med_files/jquery-3.5.1/jquery.min.map,C:/Users/oorie/OneDrive/Documentos/TRABALHOS/DLNM/05_publicacao_github/outputs/figures/interactive/rr_surface_3d_metropolitana_ii_obitos_i60_i64_temp_med_files/jquery-3.5.1/jquery.min.map,TRUE,FALSE,137986,2026-06-21 17:18:29.715546,map,outro,figura gerada,ok,ativo
outputs/figures/interactive/rr_surface_3d_metropolitana_ii_obitos_i60_i64_temp_med_files/plotly-binding-4.12.0/plotly.js,C:/Users/oorie/OneDrive/Documentos/TRABALHOS/DLNM/05_publicacao_github/outputs/figures/interactive/rr_surface_3d_metropolitana_ii_obitos_i60_i64_temp_med_files/plotly-binding-4.12.0/plotly.js,TRUE,FALSE,34699,2026-06-21 17:18:29.739435,js,outro,figura gerada,ok,ativo
outputs/figures/interactive/rr_surface_3d_metropolitana_ii_obitos_i60_i64_temp_med_files/plotly-htmlwidgets-css-2.25.2/plotly-htmlwidgets.css,C:/Users/oorie/OneDrive/Documentos/TRABALHOS/DLNM/05_publicacao_github/outputs/figures/interactive/rr_surface_3d_metropolitana_ii_obitos_i60_i64_temp_med_files/plotly-htmlwidgets-css-2.25.2/plotly-htmlwidgets.css,TRUE,FALSE,182,2026-06-21 17:18:29.740141,css,outro,figura gerada,ok,ativo
outputs/figures/interactive/rr_surface_3d_metropolitana_ii_obitos_i60_i64_temp_med_files/plotly-main-2.25.2/plotly-latest.min.js,C:/Users/oorie/OneDrive/Documentos/TRABALHOS/DLNM/05_publicacao_github/outputs/figures/interactive/rr_surface_3d_metropolitana_ii_obitos_i60_i64_temp_med_files/plotly-main-2.25.2/plotly-latest.min.js,TRUE,FALSE,3575017,2026-06-21 17:18:29.740723,js,outro,figura gerada,ok,ativo
outputs/figures/interactive/rr_surface_3d_metropolitana_ii_obitos_i60_i64_temp_med_files/typedarray-0.1/typedarray.min.js,C:/Users/oorie/OneDrive/Documentos/TRABALHOS/DLNM/05_publicacao_github/outputs/figures/interactive/rr_surface_3d_metropolitana_ii_obitos_i60_i64_temp_med_files/typedarray-0.1/typedarray.min.js,TRUE,FALSE,22444,2026-06-21 17:18:29.741402,js,outro,figura gerada,ok,ativo
outputs/figures/interactive/rr_surface_3d_metropolitana_ii_obitos_i60_i64_ur_med.html,C:/Users/oorie/OneDrive/Documentos/TRABALHOS/DLNM/05_publicacao_github/outputs/figures/interactive/rr_surface_3d_metropolitana_ii_obitos_i60_i64_ur_med.html,TRUE,FALSE,51505,2026-06-21 17:18:29.742107,html,HTML,figura gerada,ok,ativo
outputs/figures/interactive/rr_surface_3d_metropolitana_ii_obitos_i60_i64_ur_med_files/crosstalk-1.2.2/css/crosstalk.min.css,C:/Users/oorie/OneDrive/Documentos/TRABALHOS/DLNM/05_publicacao_github/outputs/figures/interactive/rr_surface_3d_metropolitana_ii_obitos_i60_i64_ur_med_files/crosstalk-1.2.2/css/crosstalk.min.css,TRUE,FALSE,1307,2026-06-21 17:18:29.742722,css,outro,figura gerada,ok,ativo
outputs/figures/interactive/rr_surface_3d_metropolitana_ii_obitos_i60_i64_ur_med_files/crosstalk-1.2.2/js/crosstalk.js,C:/Users/oorie/OneDrive/Documentos/TRABALHOS/DLNM/05_publicacao_github/outputs/figures/interactive/rr_surface_3d_metropolitana_ii_obitos_i60_i64_ur_med_files/crosstalk-1.2.2/js/crosstalk.js,TRUE,FALSE,50504,2026-06-21 17:18:29.743786,js,outro,figura gerada,ok,ativo
outputs/figures/interactive/rr_surface_3d_metropolitana_ii_obitos_i60_i64_ur_med_files/crosstalk-1.2.2/js/crosstalk.js.map,C:/Users/oorie/OneDrive/Documentos/TRABALHOS/DLNM/05_publicacao_github/outputs/figures/interactive/rr_surface_3d_metropolitana_ii_obitos_i60_i64_ur_med_files/crosstalk-1.2.2/js/crosstalk.js.map,TRUE,FALSE,54889,2026-06-21 17:18:29.744478,map,outro,figura gerada,ok,ativo
outputs/figures/interactive/rr_surface_3d_metropolitana_ii_obitos_i60_i64_ur_med_files/crosstalk-1.2.2/js/crosstalk.min.js,C:/Users/oorie/OneDrive/Documentos/TRABALHOS/DLNM/05_publicacao_github/outputs/figures/interactive/rr_surface_3d_metropolitana_ii_obitos_i60_i64_ur_med_files/crosstalk-1.2.2/js/crosstalk.min.js,TRUE,FALSE,18926,2026-06-21 17:18:29.744728,js,outro,figura gerada,ok,ativo
outputs/figures/interactive/rr_surface_3d_metropolitana_ii_obitos_i60_i64_ur_med_files/crosstalk-1.2.2/js/crosstalk.min.js.map,C:/Users/oorie/OneDrive/Documentos/TRABALHOS/DLNM/05_publicacao_github/outputs/figures/interactive/rr_surface_3d_metropolitana_ii_obitos_i60_i64_ur_med_files/crosstalk-1.2.2/js/crosstalk.min.js.map,TRUE,FALSE,50338,2026-06-21 17:18:29.745096,map,outro,figura gerada,ok,ativo
outputs/figures/interactive/rr_surface_3d_metropolitana_ii_obitos_i60_i64_ur_med_files/crosstalk-1.2.2/scss/crosstalk.scss,C:/Users/oorie/OneDrive/Documentos/TRABALHOS/DLNM/05_publicacao_github/outputs/figures/interactive/rr_surface_3d_metropolitana_ii_obitos_i60_i64_ur_med_files/crosstalk-1.2.2/scss/crosstalk.scss,TRUE,FALSE,1891,2026-06-21 17:18:29.745447,scss,outro,figura gerada,ok,ativo
outputs/figures/interactive/rr_surface_3d_metropolitana_ii_obitos_i60_i64_ur_med_files/htmltools-fill-0.5.9/fill.css,C:/Users/oorie/OneDrive/Documentos/TRABALHOS/DLNM/05_publicacao_github/outputs/figures/interactive/rr_surface_3d_metropolitana_ii_obitos_i60_i64_ur_med_files/htmltools-fill-0.5.9/fill.css,TRUE,FALSE,606,2026-06-21 17:18:29.745785,css,outro,figura gerada,ok,ativo
outputs/figures/interactive/rr_surface_3d_metropolitana_ii_obitos_i60_i64_ur_med_files/htmlwidgets-1.6.4/htmlwidgets.js,C:/Users/oorie/OneDrive/Documentos/TRABALHOS/DLNM/05_publicacao_github/outputs/figures/interactive/rr_surface_3d_metropolitana_ii_obitos_i60_i64_ur_med_files/htmlwidgets-1.6.4/htmlwidgets.js,TRUE,FALSE,34091,2026-06-21 17:18:29.746132,js,outro,figura gerada,ok,ativo
outputs/figures/interactive/rr_surface_3d_metropolitana_ii_obitos_i60_i64_ur_med_files/jquery-3.5.1/jquery-AUTHORS.txt,C:/Users/oorie/OneDrive/Documentos/TRABALHOS/DLNM/05_publicacao_github/outputs/figures/interactive/rr_surface_3d_metropolitana_ii_obitos_i60_i64_ur_med_files/jquery-3.5.1/jquery-AUTHORS.txt,TRUE,FALSE,13726,2026-06-21 17:18:29.746326,txt,documentação/log,figura gerada,ok,ativo
outputs/figures/interactive/rr_surface_3d_metropolitana_ii_obitos_i60_i64_ur_med_files/jquery-3.5.1/jquery.js,C:/Users/oorie/OneDrive/Documentos/TRABALHOS/DLNM/05_publicacao_github/outputs/figures/interactive/rr_surface_3d_metropolitana_ii_obitos_i60_i64_ur_med_files/jquery-3.5.1/jquery.js,TRUE,FALSE,298502,2026-06-21 17:18:29.746614,js,outro,figura gerada,ok,ativo
outputs/figures/interactive/rr_surface_3d_metropolitana_ii_obitos_i60_i64_ur_med_files/jquery-3.5.1/jquery.min.js,C:/Users/oorie/OneDrive/Documentos/TRABALHOS/DLNM/05_publicacao_github/outputs/figures/interactive/rr_surface_3d_metropolitana_ii_obitos_i60_i64_ur_med_files/jquery-3.5.1/jquery.min.js,TRUE,FALSE,89478,2026-06-21 17:18:29.746773,js,outro,figura gerada,ok,ativo
outputs/figures/interactive/rr_surface_3d_metropolitana_ii_obitos_i60_i64_ur_med_files/jquery-3.5.1/jquery.min.map,C:/Users/oorie/OneDrive/Documentos/TRABALHOS/DLNM/05_publicacao_github/outputs/figures/interactive/rr_surface_3d_metropolitana_ii_obitos_i60_i64_ur_med_files/jquery-3.5.1/jquery.min.map,TRUE,FALSE,137986,2026-06-21 17:18:29.747314,map,outro,figura gerada,ok,ativo
outputs/figures/interactive/rr_surface_3d_metropolitana_ii_obitos_i60_i64_ur_med_files/plotly-binding-4.12.0/plotly.js,C:/Users/oorie/OneDrive/Documentos/TRABALHOS/DLNM/05_publicacao_github/outputs/figures/interactive/rr_surface_3d_metropolitana_ii_obitos_i60_i64_ur_med_files/plotly-binding-4.12.0/plotly.js,TRUE,FALSE,34699,2026-06-21 17:18:29.747719,js,outro,figura gerada,ok,ativo
outputs/figures/interactive/rr_surface_3d_metropolitana_ii_obitos_i60_i64_ur_med_files/plotly-htmlwidgets-css-2.25.2/plotly-htmlwidgets.css,C:/Users/oorie/OneDrive/Documentos/TRABALHOS/DLNM/05_publicacao_github/outputs/figures/interactive/rr_surface_3d_metropolitana_ii_obitos_i60_i64_ur_med_files/plotly-htmlwidgets-css-2.25.2/plotly-htmlwidgets.css,TRUE,FALSE,182,2026-06-21 17:18:29.747925,css,outro,figura gerada,ok,ativo
outputs/figures/interactive/rr_surface_3d_metropolitana_ii_obitos_i60_i64_ur_med_files/plotly-main-2.25.2/plotly-latest.min.js,C:/Users/oorie/OneDrive/Documentos/TRABALHOS/DLNM/05_publicacao_github/outputs/figures/interactive/rr_surface_3d_metropolitana_ii_obitos_i60_i64_ur_med_files/plotly-main-2.25.2/plotly-latest.min.js,TRUE,FALSE,3575017,2026-06-21 17:18:29.748253,js,outro,figura gerada,ok,ativo
outputs/figures/interactive/rr_surface_3d_metropolitana_ii_obitos_i60_i64_ur_med_files/typedarray-0.1/typedarray.min.js,C:/Users/oorie/OneDrive/Documentos/TRABALHOS/DLNM/05_publicacao_github/outputs/figures/interactive/rr_surface_3d_metropolitana_ii_obitos_i60_i64_ur_med_files/typedarray-0.1/typedarray.min.js,TRUE,FALSE,22444,2026-06-21 17:18:29.748583,js,outro,figura gerada,ok,ativo
outputs/figures/interactive/rr_surface_3d_metropolitana_ii_obitos_i60_i69_temp_med.html,C:/Users/oorie/OneDrive/Documentos/TRABALHOS/DLNM/05_publicacao_github/outputs/figures/interactive/rr_surface_3d_metropolitana_ii_obitos_i60_i69_temp_med.html,TRUE,FALSE,52116,2026-06-21 17:18:29.748766,html,HTML,figura gerada,ok,ativo
outputs/figures/interactive/rr_surface_3d_metropolitana_ii_obitos_i60_i69_ur_med.html,C:/Users/oorie/OneDrive/Documentos/TRABALHOS/DLNM/05_publicacao_github/outputs/figures/interactive/rr_surface_3d_metropolitana_ii_obitos_i60_i69_ur_med.html,TRUE,FALSE,51508,2026-06-21 17:18:29.749075,html,HTML,figura gerada,ok,ativo
outputs/figures/interactive/rr_surface_3d_metropolitana_ii_obitos_i60_i69_ur_med_files/crosstalk-1.2.2/css/crosstalk.min.css,C:/Users/oorie/OneDrive/Documentos/TRABALHOS/DLNM/05_publicacao_github/outputs/figures/interactive/rr_surface_3d_metropolitana_ii_obitos_i60_i69_ur_med_files/crosstalk-1.2.2/css/crosstalk.min.css,TRUE,FALSE,1307,2026-06-21 17:18:29.749498,css,outro,figura gerada,ok,ativo
outputs/figures/interactive/rr_surface_3d_metropolitana_ii_obitos_i60_i69_ur_med_files/crosstalk-1.2.2/js/crosstalk.js,C:/Users/oorie/OneDrive/Documentos/TRABALHOS/DLNM/05_publicacao_github/outputs/figures/interactive/rr_surface_3d_metropolitana_ii_obitos_i60_i69_ur_med_files/crosstalk-1.2.2/js/crosstalk.js,TRUE,FALSE,50504,2026-06-21 17:18:29.749842,js,outro,figura gerada,ok,ativo
outputs/figures/interactive/rr_surface_3d_metropolitana_ii_obitos_i60_i69_ur_med_files/crosstalk-1.2.2/js/crosstalk.js.map,C:/Users/oorie/OneDrive/Documentos/TRABALHOS/DLNM/05_publicacao_github/outputs/figures/interactive/rr_surface_3d_metropolitana_ii_obitos_i60_i69_ur_med_files/crosstalk-1.2.2/js/crosstalk.js.map,TRUE,FALSE,54889,2026-06-21 17:18:29.750443,map,outro,figura gerada,ok,ativo
outputs/figures/interactive/rr_surface_3d_metropolitana_ii_obitos_i60_i69_ur_med_files/crosstalk-1.2.2/js/crosstalk.min.js,C:/Users/oorie/OneDrive/Documentos/TRABALHOS/DLNM/05_publicacao_github/outputs/figures/interactive/rr_surface_3d_metropolitana_ii_obitos_i60_i69_ur_med_files/crosstalk-1.2.2/js/crosstalk.min.js,TRUE,FALSE,18926,2026-06-21 17:18:29.751087,js,outro,figura gerada,ok,ativo
outputs/figures/interactive/rr_surface_3d_metropolitana_ii_obitos_i60_i69_ur_med_files/crosstalk-1.2.2/js/crosstalk.min.js.map,C:/Users/oorie/OneDrive/Documentos/TRABALHOS/DLNM/05_publicacao_github/outputs/figures/interactive/rr_surface_3d_metropolitana_ii_obitos_i60_i69_ur_med_files/crosstalk-1.2.2/js/crosstalk.min.js.map,TRUE,FALSE,50338,2026-06-21 17:18:29.751778,map,outro,figura gerada,ok,ativo
outputs/figures/interactive/rr_surface_3d_metropolitana_ii_obitos_i60_i69_ur_med_files/crosstalk-1.2.2/scss/crosstalk.scss,C:/Users/oorie/OneDrive/Documentos/TRABALHOS/DLNM/05_publicacao_github/outputs/figures/interactive/rr_surface_3d_metropolitana_ii_obitos_i60_i69_ur_med_files/crosstalk-1.2.2/scss/crosstalk.scss,TRUE,FALSE,1891,2026-06-21 17:18:29.752131,scss,outro,figura gerada,ok,ativo
outputs/figures/interactive/rr_surface_3d_metropolitana_ii_obitos_i60_i69_ur_med_files/htmltools-fill-0.5.9/fill.css,C:/Users/oorie/OneDrive/Documentos/TRABALHOS/DLNM/05_publicacao_github/outputs/figures/interactive/rr_surface_3d_metropolitana_ii_obitos_i60_i69_ur_med_files/htmltools-fill-0.5.9/fill.css,TRUE,FALSE,606,2026-06-21 17:18:29.752344,css,outro,figura gerada,ok,ativo
outputs/figures/interactive/rr_surface_3d_metropolitana_ii_obitos_i60_i69_ur_med_files/htmlwidgets-1.6.4/htmlwidgets.js,C:/Users/oorie/OneDrive/Documentos/TRABALHOS/DLNM/05_publicacao_github/outputs/figures/interactive/rr_surface_3d_metropolitana_ii_obitos_i60_i69_ur_med_files/htmlwidgets-1.6.4/htmlwidgets.js,TRUE,FALSE,34091,2026-06-21 17:18:29.752523,js,outro,figura gerada,ok,ativo
outputs/figures/interactive/rr_surface_3d_metropolitana_ii_obitos_i60_i69_ur_med_files/jquery-3.5.1/jquery-AUTHORS.txt,C:/Users/oorie/OneDrive/Documentos/TRABALHOS/DLNM/05_publicacao_github/outputs/figures/interactive/rr_surface_3d_metropolitana_ii_obitos_i60_i69_ur_med_files/jquery-3.5.1/jquery-AUTHORS.txt,TRUE,FALSE,13726,2026-06-21 17:18:29.752882,txt,documentação/log,figura gerada,ok,ativo
outputs/figures/interactive/rr_surface_3d_metropolitana_ii_obitos_i60_i69_ur_med_files/jquery-3.5.1/jquery.js,C:/Users/oorie/OneDrive/Documentos/TRABALHOS/DLNM/05_publicacao_github/outputs/figures/interactive/rr_surface_3d_metropolitana_ii_obitos_i60_i69_ur_med_files/jquery-3.5.1/jquery.js,TRUE,FALSE,298502,2026-06-21 17:18:29.753162,js,outro,figura gerada,ok,ativo
outputs/figures/interactive/rr_surface_3d_metropolitana_ii_obitos_i60_i69_ur_med_files/jquery-3.5.1/jquery.min.js,C:/Users/oorie/OneDrive/Documentos/TRABALHOS/DLNM/05_publicacao_github/outputs/figures/interactive/rr_surface_3d_metropolitana_ii_obitos_i60_i69_ur_med_files/jquery-3.5.1/jquery.min.js,TRUE,FALSE,89478,2026-06-21 17:18:29.753616,js,outro,figura gerada,ok,ativo
outputs/figures/interactive/rr_surface_3d_metropolitana_ii_obitos_i60_i69_ur_med_files/jquery-3.5.1/jquery.min.map,C:/Users/oorie/OneDrive/Documentos/TRABALHOS/DLNM/05_publicacao_github/outputs/figures/interactive/rr_surface_3d_metropolitana_ii_obitos_i60_i69_ur_med_files/jquery-3.5.1/jquery.min.map,TRUE,FALSE,137986,2026-06-21 17:18:29.753906,map,outro,figura gerada,ok,ativo
outputs/figures/interactive/rr_surface_3d_metropolitana_ii_obitos_i60_i69_ur_med_files/plotly-binding-4.12.0/plotly.js,C:/Users/oorie/OneDrive/Documentos/TRABALHOS/DLNM/05_publicacao_github/outputs/figures/interactive/rr_surface_3d_metropolitana_ii_obitos_i60_i69_ur_med_files/plotly-binding-4.12.0/plotly.js,TRUE,FALSE,34699,2026-06-21 17:18:29.754436,js,outro,figura gerada,ok,ativo
outputs/figures/interactive/rr_surface_3d_metropolitana_ii_obitos_i60_i69_ur_med_files/plotly-htmlwidgets-css-2.25.2/plotly-htmlwidgets.css,C:/Users/oorie/OneDrive/Documentos/TRABALHOS/DLNM/05_publicacao_github/outputs/figures/interactive/rr_surface_3d_metropolitana_ii_obitos_i60_i69_ur_med_files/plotly-htmlwidgets-css-2.25.2/plotly-htmlwidgets.css,TRUE,FALSE,182,2026-06-21 17:18:29.754869,css,outro,figura gerada,ok,ativo
outputs/figures/interactive/rr_surface_3d_metropolitana_ii_obitos_i60_i69_ur_med_files/plotly-main-2.25.2/plotly-latest.min.js,C:/Users/oorie/OneDrive/Documentos/TRABALHOS/DLNM/05_publicacao_github/outputs/figures/interactive/rr_surface_3d_metropolitana_ii_obitos_i60_i69_ur_med_files/plotly-main-2.25.2/plotly-latest.min.js,TRUE,FALSE,3575017,2026-06-21 17:18:29.755198,js,outro,figura gerada,ok,ativo
outputs/figures/interactive/rr_surface_3d_metropolitana_ii_obitos_i60_i69_ur_med_files/typedarray-0.1/typedarray.min.js,C:/Users/oorie/OneDrive/Documentos/TRABALHOS/DLNM/05_publicacao_github/outputs/figures/interactive/rr_surface_3d_metropolitana_ii_obitos_i60_i69_ur_med_files/typedarray-0.1/typedarray.min.js,TRUE,FALSE,22444,2026-06-21 17:18:29.755589,js,outro,figura gerada,ok,ativo
outputs/figures/interactive/rr_surface_3d_metropolitana_ii_obitos_i63_temp_med.html,C:/Users/oorie/OneDrive/Documentos/TRABALHOS/DLNM/05_publicacao_github/outputs/figures/interactive/rr_surface_3d_metropolitana_ii_obitos_i63_temp_med.html,TRUE,FALSE,52033,2026-06-21 17:18:29.755959,html,HTML,figura gerada,ok,ativo
outputs/figures/interactive/rr_surface_3d_metropolitana_ii_obitos_i63_temp_med_files/crosstalk-1.2.2/css/crosstalk.min.css,C:/Users/oorie/OneDrive/Documentos/TRABALHOS/DLNM/05_publicacao_github/outputs/figures/interactive/rr_surface_3d_metropolitana_ii_obitos_i63_temp_med_files/crosstalk-1.2.2/css/crosstalk.min.css,TRUE,FALSE,1307,2026-06-21 17:18:29.75629,css,outro,figura gerada,ok,ativo
outputs/figures/interactive/rr_surface_3d_metropolitana_ii_obitos_i63_temp_med_files/crosstalk-1.2.2/js/crosstalk.js,C:/Users/oorie/OneDrive/Documentos/TRABALHOS/DLNM/05_publicacao_github/outputs/figures/interactive/rr_surface_3d_metropolitana_ii_obitos_i63_temp_med_files/crosstalk-1.2.2/js/crosstalk.js,TRUE,FALSE,50504,2026-06-21 17:18:29.756807,js,outro,figura gerada,ok,ativo
outputs/figures/interactive/rr_surface_3d_metropolitana_ii_obitos_i63_temp_med_files/crosstalk-1.2.2/js/crosstalk.js.map,C:/Users/oorie/OneDrive/Documentos/TRABALHOS/DLNM/05_publicacao_github/outputs/figures/interactive/rr_surface_3d_metropolitana_ii_obitos_i63_temp_med_files/crosstalk-1.2.2/js/crosstalk.js.map,TRUE,FALSE,54889,2026-06-21 17:18:29.757236,map,outro,figura gerada,ok,ativo
outputs/figures/interactive/rr_surface_3d_metropolitana_ii_obitos_i63_temp_med_files/crosstalk-1.2.2/js/crosstalk.min.js,C:/Users/oorie/OneDrive/Documentos/TRABALHOS/DLNM/05_publicacao_github/outputs/figures/interactive/rr_surface_3d_metropolitana_ii_obitos_i63_temp_med_files/crosstalk-1.2.2/js/crosstalk.min.js,TRUE,FALSE,18926,2026-06-21 17:18:29.757893,js,outro,figura gerada,ok,ativo
outputs/figures/interactive/rr_surface_3d_metropolitana_ii_obitos_i63_temp_med_files/crosstalk-1.2.2/js/crosstalk.min.js.map,C:/Users/oorie/OneDrive/Documentos/TRABALHOS/DLNM/05_publicacao_github/outputs/figures/interactive/rr_surface_3d_metropolitana_ii_obitos_i63_temp_med_files/crosstalk-1.2.2/js/crosstalk.min.js.map,TRUE,FALSE,50338,2026-06-21 17:18:29.758345,map,outro,figura gerada,ok,ativo
outputs/figures/interactive/rr_surface_3d_metropolitana_ii_obitos_i63_temp_med_files/crosstalk-1.2.2/scss/crosstalk.scss,C:/Users/oorie/OneDrive/Documentos/TRABALHOS/DLNM/05_publicacao_github/outputs/figures/interactive/rr_surface_3d_metropolitana_ii_obitos_i63_temp_med_files/crosstalk-1.2.2/scss/crosstalk.scss,TRUE,FALSE,1891,2026-06-21 17:18:29.758547,scss,outro,figura gerada,ok,ativo
outputs/figures/interactive/rr_surface_3d_metropolitana_ii_obitos_i63_temp_med_files/htmltools-fill-0.5.9/fill.css,C:/Users/oorie/OneDrive/Documentos/TRABALHOS/DLNM/05_publicacao_github/outputs/figures/interactive/rr_surface_3d_metropolitana_ii_obitos_i63_temp_med_files/htmltools-fill-0.5.9/fill.css,TRUE,FALSE,606,2026-06-21 17:18:29.758932,css,outro,figura gerada,ok,ativo
outputs/figures/interactive/rr_surface_3d_metropolitana_ii_obitos_i63_temp_med_files/htmlwidgets-1.6.4/htmlwidgets.js,C:/Users/oorie/OneDrive/Documentos/TRABALHOS/DLNM/05_publicacao_github/outputs/figures/interactive/rr_surface_3d_metropolitana_ii_obitos_i63_temp_med_files/htmlwidgets-1.6.4/htmlwidgets.js,TRUE,FALSE,34091,2026-06-21 17:18:29.759317,js,outro,figura gerada,ok,ativo
outputs/figures/interactive/rr_surface_3d_metropolitana_ii_obitos_i63_temp_med_files/jquery-3.5.1/jquery-AUTHORS.txt,C:/Users/oorie/OneDrive/Documentos/TRABALHOS/DLNM/05_publicacao_github/outputs/figures/interactive/rr_surface_3d_metropolitana_ii_obitos_i63_temp_med_files/jquery-3.5.1/jquery-AUTHORS.txt,TRUE,FALSE,13726,2026-06-21 17:18:29.759651,txt,documentação/log,figura gerada,ok,ativo
outputs/figures/interactive/rr_surface_3d_metropolitana_ii_obitos_i63_temp_med_files/jquery-3.5.1/jquery.js,C:/Users/oorie/OneDrive/Documentos/TRABALHOS/DLNM/05_publicacao_github/outputs/figures/interactive/rr_surface_3d_metropolitana_ii_obitos_i63_temp_med_files/jquery-3.5.1/jquery.js,TRUE,FALSE,298502,2026-06-21 17:18:29.760048,js,outro,figura gerada,ok,ativo
outputs/figures/interactive/rr_surface_3d_metropolitana_ii_obitos_i63_temp_med_files/jquery-3.5.1/jquery.min.js,C:/Users/oorie/OneDrive/Documentos/TRABALHOS/DLNM/05_publicacao_github/outputs/figures/interactive/rr_surface_3d_metropolitana_ii_obitos_i63_temp_med_files/jquery-3.5.1/jquery.min.js,TRUE,FALSE,89478,2026-06-21 17:18:29.760283,js,outro,figura gerada,ok,ativo
outputs/figures/interactive/rr_surface_3d_metropolitana_ii_obitos_i63_temp_med_files/jquery-3.5.1/jquery.min.map,C:/Users/oorie/OneDrive/Documentos/TRABALHOS/DLNM/05_publicacao_github/outputs/figures/interactive/rr_surface_3d_metropolitana_ii_obitos_i63_temp_med_files/jquery-3.5.1/jquery.min.map,TRUE,FALSE,137986,2026-06-21 17:18:29.760717,map,outro,figura gerada,ok,ativo
outputs/figures/interactive/rr_surface_3d_metropolitana_ii_obitos_i63_temp_med_files/plotly-binding-4.12.0/plotly.js,C:/Users/oorie/OneDrive/Documentos/TRABALHOS/DLNM/05_publicacao_github/outputs/figures/interactive/rr_surface_3d_metropolitana_ii_obitos_i63_temp_med_files/plotly-binding-4.12.0/plotly.js,TRUE,FALSE,34699,2026-06-21 17:18:29.761059,js,outro,figura gerada,ok,ativo
outputs/figures/interactive/rr_surface_3d_metropolitana_ii_obitos_i63_temp_med_files/plotly-htmlwidgets-css-2.25.2/plotly-htmlwidgets.css,C:/Users/oorie/OneDrive/Documentos/TRABALHOS/DLNM/05_publicacao_github/outputs/figures/interactive/rr_surface_3d_metropolitana_ii_obitos_i63_temp_med_files/plotly-htmlwidgets-css-2.25.2/plotly-htmlwidgets.css,TRUE,FALSE,182,2026-06-21 17:18:29.761385,css,outro,figura gerada,ok,ativo
outputs/figures/interactive/rr_surface_3d_metropolitana_ii_obitos_i63_temp_med_files/plotly-main-2.25.2/plotly-latest.min.js,C:/Users/oorie/OneDrive/Documentos/TRABALHOS/DLNM/05_publicacao_github/outputs/figures/interactive/rr_surface_3d_metropolitana_ii_obitos_i63_temp_med_files/plotly-main-2.25.2/plotly-latest.min.js,TRUE,FALSE,3575017,2026-06-21 17:18:29.76158,js,outro,figura gerada,ok,ativo
outputs/figures/interactive/rr_surface_3d_metropolitana_ii_obitos_i63_temp_med_files/typedarray-0.1/typedarray.min.js,C:/Users/oorie/OneDrive/Documentos/TRABALHOS/DLNM/05_publicacao_github/outputs/figures/interactive/rr_surface_3d_metropolitana_ii_obitos_i63_temp_med_files/typedarray-0.1/typedarray.min.js,TRUE,FALSE,22444,2026-06-21 17:18:29.761759,js,outro,figura gerada,ok,ativo
outputs/figures/interactive/rr_surface_3d_metropolitana_ii_obitos_i63_ur_med.html,C:/Users/oorie/OneDrive/Documentos/TRABALHOS/DLNM/05_publicacao_github/outputs/figures/interactive/rr_surface_3d_metropolitana_ii_obitos_i63_ur_med.html,TRUE,FALSE,52348,2026-06-21 17:18:29.762041,html,HTML,figura gerada,ok,ativo
outputs/figures/interactive/rr_surface_3d_metropolitana_ii_obitos_i63_ur_med_files/crosstalk-1.2.2/css/crosstalk.min.css,C:/Users/oorie/OneDrive/Documentos/TRABALHOS/DLNM/05_publicacao_github/outputs/figures/interactive/rr_surface_3d_metropolitana_ii_obitos_i63_ur_med_files/crosstalk-1.2.2/css/crosstalk.min.css,TRUE,FALSE,1307,2026-06-21 17:18:29.762396,css,outro,figura gerada,ok,ativo
outputs/figures/interactive/rr_surface_3d_metropolitana_ii_obitos_i63_ur_med_files/crosstalk-1.2.2/js/crosstalk.js,C:/Users/oorie/OneDrive/Documentos/TRABALHOS/DLNM/05_publicacao_github/outputs/figures/interactive/rr_surface_3d_metropolitana_ii_obitos_i63_ur_med_files/crosstalk-1.2.2/js/crosstalk.js,TRUE,FALSE,50504,2026-06-21 17:18:29.762726,js,outro,figura gerada,ok,ativo
outputs/figures/interactive/rr_surface_3d_metropolitana_ii_obitos_i63_ur_med_files/crosstalk-1.2.2/js/crosstalk.js.map,C:/Users/oorie/OneDrive/Documentos/TRABALHOS/DLNM/05_publicacao_github/outputs/figures/interactive/rr_surface_3d_metropolitana_ii_obitos_i63_ur_med_files/crosstalk-1.2.2/js/crosstalk.js.map,TRUE,FALSE,54889,2026-06-21 17:18:29.763153,map,outro,figura gerada,ok,ativo
outputs/figures/interactive/rr_surface_3d_metropolitana_ii_obitos_i63_ur_med_files/crosstalk-1.2.2/js/crosstalk.min.js,C:/Users/oorie/OneDrive/Documentos/TRABALHOS/DLNM/05_publicacao_github/outputs/figures/interactive/rr_surface_3d_metropolitana_ii_obitos_i63_ur_med_files/crosstalk-1.2.2/js/crosstalk.min.js,TRUE,FALSE,18926,2026-06-21 17:18:29.763639,js,outro,figura gerada,ok,ativo
outputs/figures/interactive/rr_surface_3d_metropolitana_ii_obitos_i63_ur_med_files/crosstalk-1.2.2/js/crosstalk.min.js.map,C:/Users/oorie/OneDrive/Documentos/TRABALHOS/DLNM/05_publicacao_github/outputs/figures/interactive/rr_surface_3d_metropolitana_ii_obitos_i63_ur_med_files/crosstalk-1.2.2/js/crosstalk.min.js.map,TRUE,FALSE,50338,2026-06-21 17:18:29.764122,map,outro,figura gerada,ok,ativo
outputs/figures/interactive/rr_surface_3d_metropolitana_ii_obitos_i63_ur_med_files/crosstalk-1.2.2/scss/crosstalk.scss,C:/Users/oorie/OneDrive/Documentos/TRABALHOS/DLNM/05_publicacao_github/outputs/figures/interactive/rr_surface_3d_metropolitana_ii_obitos_i63_ur_med_files/crosstalk-1.2.2/scss/crosstalk.scss,TRUE,FALSE,1891,2026-06-21 17:18:29.764566,scss,outro,figura gerada,ok,ativo
outputs/figures/interactive/rr_surface_3d_metropolitana_ii_obitos_i63_ur_med_files/htmltools-fill-0.5.9/fill.css,C:/Users/oorie/OneDrive/Documentos/TRABALHOS/DLNM/05_publicacao_github/outputs/figures/interactive/rr_surface_3d_metropolitana_ii_obitos_i63_ur_med_files/htmltools-fill-0.5.9/fill.css,TRUE,FALSE,606,2026-06-21 17:18:29.764898,css,outro,figura gerada,ok,ativo
outputs/figures/interactive/rr_surface_3d_metropolitana_ii_obitos_i63_ur_med_files/htmlwidgets-1.6.4/htmlwidgets.js,C:/Users/oorie/OneDrive/Documentos/TRABALHOS/DLNM/05_publicacao_github/outputs/figures/interactive/rr_surface_3d_metropolitana_ii_obitos_i63_ur_med_files/htmlwidgets-1.6.4/htmlwidgets.js,TRUE,FALSE,34091,2026-06-21 17:18:29.765242,js,outro,figura gerada,ok,ativo
outputs/figures/interactive/rr_surface_3d_metropolitana_ii_obitos_i63_ur_med_files/jquery-3.5.1/jquery-AUTHORS.txt,C:/Users/oorie/OneDrive/Documentos/TRABALHOS/DLNM/05_publicacao_github/outputs/figures/interactive/rr_surface_3d_metropolitana_ii_obitos_i63_ur_med_files/jquery-3.5.1/jquery-AUTHORS.txt,TRUE,FALSE,13726,2026-06-21 17:18:29.765665,txt,documentação/log,figura gerada,ok,ativo
outputs/figures/interactive/rr_surface_3d_metropolitana_ii_obitos_i63_ur_med_files/jquery-3.5.1/jquery.js,C:/Users/oorie/OneDrive/Documentos/TRABALHOS/DLNM/05_publicacao_github/outputs/figures/interactive/rr_surface_3d_metropolitana_ii_obitos_i63_ur_med_files/jquery-3.5.1/jquery.js,TRUE,FALSE,298502,2026-06-21 17:18:29.765961,js,outro,figura gerada,ok,ativo
outputs/figures/interactive/rr_surface_3d_metropolitana_ii_obitos_i63_ur_med_files/jquery-3.5.1/jquery.min.js,C:/Users/oorie/OneDrive/Documentos/TRABALHOS/DLNM/05_publicacao_github/outputs/figures/interactive/rr_surface_3d_metropolitana_ii_obitos_i63_ur_med_files/jquery-3.5.1/jquery.min.js,TRUE,FALSE,89478,2026-06-21 17:18:29.766197,js,outro,figura gerada,ok,ativo
outputs/figures/interactive/rr_surface_3d_metropolitana_ii_obitos_i63_ur_med_files/jquery-3.5.1/jquery.min.map,C:/Users/oorie/OneDrive/Documentos/TRABALHOS/DLNM/05_publicacao_github/outputs/figures/interactive/rr_surface_3d_metropolitana_ii_obitos_i63_ur_med_files/jquery-3.5.1/jquery.min.map,TRUE,FALSE,137986,2026-06-21 17:18:29.766548,map,outro,figura gerada,ok,ativo
outputs/figures/interactive/rr_surface_3d_metropolitana_ii_obitos_i63_ur_med_files/plotly-binding-4.12.0/plotly.js,C:/Users/oorie/OneDrive/Documentos/TRABALHOS/DLNM/05_publicacao_github/outputs/figures/interactive/rr_surface_3d_metropolitana_ii_obitos_i63_ur_med_files/plotly-binding-4.12.0/plotly.js,TRUE,FALSE,34699,2026-06-21 17:18:29.766941,js,outro,figura gerada,ok,ativo
outputs/figures/interactive/rr_surface_3d_metropolitana_ii_obitos_i63_ur_med_files/plotly-htmlwidgets-css-2.25.2/plotly-htmlwidgets.css,C:/Users/oorie/OneDrive/Documentos/TRABALHOS/DLNM/05_publicacao_github/outputs/figures/interactive/rr_surface_3d_metropolitana_ii_obitos_i63_ur_med_files/plotly-htmlwidgets-css-2.25.2/plotly-htmlwidgets.css,TRUE,FALSE,182,2026-06-21 17:18:29.767323,css,outro,figura gerada,ok,ativo
outputs/figures/interactive/rr_surface_3d_metropolitana_ii_obitos_i63_ur_med_files/plotly-main-2.25.2/plotly-latest.min.js,C:/Users/oorie/OneDrive/Documentos/TRABALHOS/DLNM/05_publicacao_github/outputs/figures/interactive/rr_surface_3d_metropolitana_ii_obitos_i63_ur_med_files/plotly-main-2.25.2/plotly-latest.min.js,TRUE,FALSE,3575017,2026-06-21 17:18:29.767759,js,outro,figura gerada,ok,ativo
outputs/figures/interactive/rr_surface_3d_metropolitana_ii_obitos_i63_ur_med_files/typedarray-0.1/typedarray.min.js,C:/Users/oorie/OneDrive/Documentos/TRABALHOS/DLNM/05_publicacao_github/outputs/figures/interactive/rr_surface_3d_metropolitana_ii_obitos_i63_ur_med_files/typedarray-0.1/typedarray.min.js,TRUE,FALSE,22444,2026-06-21 17:18:29.768648,js,outro,figura gerada,ok,ativo
outputs/figures/interactive/rr_surface_3d_noroeste_internacoes_i60_i62_temp_med.html,C:/Users/oorie/OneDrive/Documentos/TRABALHOS/DLNM/05_publicacao_github/outputs/figures/interactive/rr_surface_3d_noroeste_internacoes_i60_i62_temp_med.html,TRUE,FALSE,52063,2026-06-21 17:18:29.769133,html,HTML,figura gerada,ok,ativo
outputs/figures/interactive/rr_surface_3d_noroeste_internacoes_i60_i62_ur_med.html,C:/Users/oorie/OneDrive/Documentos/TRABALHOS/DLNM/05_publicacao_github/outputs/figures/interactive/rr_surface_3d_noroeste_internacoes_i60_i62_ur_med.html,TRUE,FALSE,52440,2026-06-21 17:18:29.769367,html,HTML,figura gerada,ok,ativo
outputs/figures/interactive/rr_surface_3d_noroeste_internacoes_i60_i62_ur_med_files/crosstalk-1.2.2/css/crosstalk.min.css,C:/Users/oorie/OneDrive/Documentos/TRABALHOS/DLNM/05_publicacao_github/outputs/figures/interactive/rr_surface_3d_noroeste_internacoes_i60_i62_ur_med_files/crosstalk-1.2.2/css/crosstalk.min.css,TRUE,FALSE,1307,2026-06-21 17:18:29.770853,css,outro,figura gerada,ok,ativo
outputs/figures/interactive/rr_surface_3d_noroeste_internacoes_i60_i62_ur_med_files/crosstalk-1.2.2/js/crosstalk.js,C:/Users/oorie/OneDrive/Documentos/TRABALHOS/DLNM/05_publicacao_github/outputs/figures/interactive/rr_surface_3d_noroeste_internacoes_i60_i62_ur_med_files/crosstalk-1.2.2/js/crosstalk.js,TRUE,FALSE,50504,2026-06-21 17:18:29.771294,js,outro,figura gerada,ok,ativo
outputs/figures/interactive/rr_surface_3d_noroeste_internacoes_i60_i62_ur_med_files/crosstalk-1.2.2/js/crosstalk.js.map,C:/Users/oorie/OneDrive/Documentos/TRABALHOS/DLNM/05_publicacao_github/outputs/figures/interactive/rr_surface_3d_noroeste_internacoes_i60_i62_ur_med_files/crosstalk-1.2.2/js/crosstalk.js.map,TRUE,FALSE,54889,2026-06-21 17:18:29.772449,map,outro,figura gerada,ok,ativo
outputs/figures/interactive/rr_surface_3d_noroeste_internacoes_i60_i62_ur_med_files/crosstalk-1.2.2/js/crosstalk.min.js,C:/Users/oorie/OneDrive/Documentos/TRABALHOS/DLNM/05_publicacao_github/outputs/figures/interactive/rr_surface_3d_noroeste_internacoes_i60_i62_ur_med_files/crosstalk-1.2.2/js/crosstalk.min.js,TRUE,FALSE,18926,2026-06-21 17:18:29.773937,js,outro,figura gerada,ok,ativo
outputs/figures/interactive/rr_surface_3d_noroeste_internacoes_i60_i62_ur_med_files/crosstalk-1.2.2/js/crosstalk.min.js.map,C:/Users/oorie/OneDrive/Documentos/TRABALHOS/DLNM/05_publicacao_github/outputs/figures/interactive/rr_surface_3d_noroeste_internacoes_i60_i62_ur_med_files/crosstalk-1.2.2/js/crosstalk.min.js.map,TRUE,FALSE,50338,2026-06-21 17:18:29.774261,map,outro,figura gerada,ok,ativo
outputs/figures/interactive/rr_surface_3d_noroeste_internacoes_i60_i62_ur_med_files/crosstalk-1.2.2/scss/crosstalk.scss,C:/Users/oorie/OneDrive/Documentos/TRABALHOS/DLNM/05_publicacao_github/outputs/figures/interactive/rr_surface_3d_noroeste_internacoes_i60_i62_ur_med_files/crosstalk-1.2.2/scss/crosstalk.scss,TRUE,FALSE,1891,2026-06-21 17:18:29.774593,scss,outro,figura gerada,ok,ativo
outputs/figures/interactive/rr_surface_3d_noroeste_internacoes_i60_i62_ur_med_files/htmltools-fill-0.5.9/fill.css,C:/Users/oorie/OneDrive/Documentos/TRABALHOS/DLNM/05_publicacao_github/outputs/figures/interactive/rr_surface_3d_noroeste_internacoes_i60_i62_ur_med_files/htmltools-fill-0.5.9/fill.css,TRUE,FALSE,606,2026-06-21 17:18:29.775587,css,outro,figura gerada,ok,ativo
outputs/figures/interactive/rr_surface_3d_noroeste_internacoes_i60_i62_ur_med_files/htmlwidgets-1.6.4/htmlwidgets.js,C:/Users/oorie/OneDrive/Documentos/TRABALHOS/DLNM/05_publicacao_github/outputs/figures/interactive/rr_surface_3d_noroeste_internacoes_i60_i62_ur_med_files/htmlwidgets-1.6.4/htmlwidgets.js,TRUE,FALSE,34091,2026-06-21 17:18:29.775988,js,outro,figura gerada,ok,ativo
outputs/figures/interactive/rr_surface_3d_noroeste_internacoes_i60_i62_ur_med_files/jquery-3.5.1/jquery-AUTHORS.txt,C:/Users/oorie/OneDrive/Documentos/TRABALHOS/DLNM/05_publicacao_github/outputs/figures/interactive/rr_surface_3d_noroeste_internacoes_i60_i62_ur_med_files/jquery-3.5.1/jquery-AUTHORS.txt,TRUE,FALSE,13726,2026-06-21 17:18:29.776562,txt,documentação/log,figura gerada,ok,ativo
outputs/figures/interactive/rr_surface_3d_noroeste_internacoes_i60_i62_ur_med_files/jquery-3.5.1/jquery.js,C:/Users/oorie/OneDrive/Documentos/TRABALHOS/DLNM/05_publicacao_github/outputs/figures/interactive/rr_surface_3d_noroeste_internacoes_i60_i62_ur_med_files/jquery-3.5.1/jquery.js,TRUE,FALSE,298502,2026-06-21 17:18:29.776838,js,outro,figura gerada,ok,ativo
outputs/figures/interactive/rr_surface_3d_noroeste_internacoes_i60_i62_ur_med_files/jquery-3.5.1/jquery.min.js,C:/Users/oorie/OneDrive/Documentos/TRABALHOS/DLNM/05_publicacao_github/outputs/figures/interactive/rr_surface_3d_noroeste_internacoes_i60_i62_ur_med_files/jquery-3.5.1/jquery.min.js,TRUE,FALSE,89478,2026-06-21 17:18:29.777134,js,outro,figura gerada,ok,ativo
outputs/figures/interactive/rr_surface_3d_noroeste_internacoes_i60_i62_ur_med_files/jquery-3.5.1/jquery.min.map,C:/Users/oorie/OneDrive/Documentos/TRABALHOS/DLNM/05_publicacao_github/outputs/figures/interactive/rr_surface_3d_noroeste_internacoes_i60_i62_ur_med_files/jquery-3.5.1/jquery.min.map,TRUE,FALSE,137986,2026-06-21 17:18:29.777493,map,outro,figura gerada,ok,ativo
outputs/figures/interactive/rr_surface_3d_noroeste_internacoes_i60_i62_ur_med_files/plotly-binding-4.12.0/plotly.js,C:/Users/oorie/OneDrive/Documentos/TRABALHOS/DLNM/05_publicacao_github/outputs/figures/interactive/rr_surface_3d_noroeste_internacoes_i60_i62_ur_med_files/plotly-binding-4.12.0/plotly.js,TRUE,FALSE,34699,2026-06-21 17:18:29.777842,js,outro,figura gerada,ok,ativo
outputs/figures/interactive/rr_surface_3d_noroeste_internacoes_i60_i62_ur_med_files/plotly-htmlwidgets-css-2.25.2/plotly-htmlwidgets.css,C:/Users/oorie/OneDrive/Documentos/TRABALHOS/DLNM/05_publicacao_github/outputs/figures/interactive/rr_surface_3d_noroeste_internacoes_i60_i62_ur_med_files/plotly-htmlwidgets-css-2.25.2/plotly-htmlwidgets.css,TRUE,FALSE,182,2026-06-21 17:18:29.778038,css,outro,figura gerada,ok,ativo
outputs/figures/interactive/rr_surface_3d_noroeste_internacoes_i60_i62_ur_med_files/plotly-main-2.25.2/plotly-latest.min.js,C:/Users/oorie/OneDrive/Documentos/TRABALHOS/DLNM/05_publicacao_github/outputs/figures/interactive/rr_surface_3d_noroeste_internacoes_i60_i62_ur_med_files/plotly-main-2.25.2/plotly-latest.min.js,TRUE,FALSE,3575017,2026-06-21 17:18:29.778324,js,outro,figura gerada,ok,ativo
outputs/figures/interactive/rr_surface_3d_noroeste_internacoes_i60_i62_ur_med_files/typedarray-0.1/typedarray.min.js,C:/Users/oorie/OneDrive/Documentos/TRABALHOS/DLNM/05_publicacao_github/outputs/figures/interactive/rr_surface_3d_noroeste_internacoes_i60_i62_ur_med_files/typedarray-0.1/typedarray.min.js,TRUE,FALSE,22444,2026-06-21 17:18:29.77866,js,outro,figura gerada,ok,ativo
outputs/figures/interactive/rr_surface_3d_noroeste_internacoes_i60_i64_temp_med.html,C:/Users/oorie/OneDrive/Documentos/TRABALHOS/DLNM/05_publicacao_github/outputs/figures/interactive/rr_surface_3d_noroeste_internacoes_i60_i64_temp_med.html,TRUE,FALSE,52387,2026-06-21 17:18:29.779015,html,HTML,figura gerada,ok,ativo
outputs/figures/interactive/rr_surface_3d_noroeste_internacoes_i60_i64_temp_med_files/crosstalk-1.2.2/css/crosstalk.min.css,C:/Users/oorie/OneDrive/Documentos/TRABALHOS/DLNM/05_publicacao_github/outputs/figures/interactive/rr_surface_3d_noroeste_internacoes_i60_i64_temp_med_files/crosstalk-1.2.2/css/crosstalk.min.css,TRUE,FALSE,1307,2026-06-21 17:18:29.7794,css,outro,figura gerada,ok,ativo
outputs/figures/interactive/rr_surface_3d_noroeste_internacoes_i60_i64_temp_med_files/crosstalk-1.2.2/js/crosstalk.js,C:/Users/oorie/OneDrive/Documentos/TRABALHOS/DLNM/05_publicacao_github/outputs/figures/interactive/rr_surface_3d_noroeste_internacoes_i60_i64_temp_med_files/crosstalk-1.2.2/js/crosstalk.js,TRUE,FALSE,50504,2026-06-21 17:18:29.779997,js,outro,figura gerada,ok,ativo
outputs/figures/interactive/rr_surface_3d_noroeste_internacoes_i60_i64_temp_med_files/crosstalk-1.2.2/js/crosstalk.js.map,C:/Users/oorie/OneDrive/Documentos/TRABALHOS/DLNM/05_publicacao_github/outputs/figures/interactive/rr_surface_3d_noroeste_internacoes_i60_i64_temp_med_files/crosstalk-1.2.2/js/crosstalk.js.map,TRUE,FALSE,54889,2026-06-21 17:18:29.780388,map,outro,figura gerada,ok,ativo
outputs/figures/interactive/rr_surface_3d_noroeste_internacoes_i60_i64_temp_med_files/crosstalk-1.2.2/js/crosstalk.min.js,C:/Users/oorie/OneDrive/Documentos/TRABALHOS/DLNM/05_publicacao_github/outputs/figures/interactive/rr_surface_3d_noroeste_internacoes_i60_i64_temp_med_files/crosstalk-1.2.2/js/crosstalk.min.js,TRUE,FALSE,18926,2026-06-21 17:18:29.78068,js,outro,figura gerada,ok,ativo
outputs/figures/interactive/rr_surface_3d_noroeste_internacoes_i60_i64_temp_med_files/crosstalk-1.2.2/js/crosstalk.min.js.map,C:/Users/oorie/OneDrive/Documentos/TRABALHOS/DLNM/05_publicacao_github/outputs/figures/interactive/rr_surface_3d_noroeste_internacoes_i60_i64_temp_med_files/crosstalk-1.2.2/js/crosstalk.min.js.map,TRUE,FALSE,50338,2026-06-21 17:18:29.780905,map,outro,figura gerada,ok,ativo
outputs/figures/interactive/rr_surface_3d_noroeste_internacoes_i60_i64_temp_med_files/crosstalk-1.2.2/scss/crosstalk.scss,C:/Users/oorie/OneDrive/Documentos/TRABALHOS/DLNM/05_publicacao_github/outputs/figures/interactive/rr_surface_3d_noroeste_internacoes_i60_i64_temp_med_files/crosstalk-1.2.2/scss/crosstalk.scss,TRUE,FALSE,1891,2026-06-21 17:18:29.781391,scss,outro,figura gerada,ok,ativo
outputs/figures/interactive/rr_surface_3d_noroeste_internacoes_i60_i64_temp_med_files/htmltools-fill-0.5.9/fill.css,C:/Users/oorie/OneDrive/Documentos/TRABALHOS/DLNM/05_publicacao_github/outputs/figures/interactive/rr_surface_3d_noroeste_internacoes_i60_i64_temp_med_files/htmltools-fill-0.5.9/fill.css,TRUE,FALSE,606,2026-06-21 17:18:29.782299,css,outro,figura gerada,ok,ativo
outputs/figures/interactive/rr_surface_3d_noroeste_internacoes_i60_i64_temp_med_files/htmlwidgets-1.6.4/htmlwidgets.js,C:/Users/oorie/OneDrive/Documentos/TRABALHOS/DLNM/05_publicacao_github/outputs/figures/interactive/rr_surface_3d_noroeste_internacoes_i60_i64_temp_med_files/htmlwidgets-1.6.4/htmlwidgets.js,TRUE,FALSE,34091,2026-06-21 17:18:29.78339,js,outro,figura gerada,ok,ativo
outputs/figures/interactive/rr_surface_3d_noroeste_internacoes_i60_i64_temp_med_files/jquery-3.5.1/jquery-AUTHORS.txt,C:/Users/oorie/OneDrive/Documentos/TRABALHOS/DLNM/05_publicacao_github/outputs/figures/interactive/rr_surface_3d_noroeste_internacoes_i60_i64_temp_med_files/jquery-3.5.1/jquery-AUTHORS.txt,TRUE,FALSE,13726,2026-06-21 17:18:29.784178,txt,documentação/log,figura gerada,ok,ativo
outputs/figures/interactive/rr_surface_3d_noroeste_internacoes_i60_i64_temp_med_files/jquery-3.5.1/jquery.js,C:/Users/oorie/OneDrive/Documentos/TRABALHOS/DLNM/05_publicacao_github/outputs/figures/interactive/rr_surface_3d_noroeste_internacoes_i60_i64_temp_med_files/jquery-3.5.1/jquery.js,TRUE,FALSE,298502,2026-06-21 17:18:29.784416,js,outro,figura gerada,ok,ativo
outputs/figures/interactive/rr_surface_3d_noroeste_internacoes_i60_i64_temp_med_files/jquery-3.5.1/jquery.min.js,C:/Users/oorie/OneDrive/Documentos/TRABALHOS/DLNM/05_publicacao_github/outputs/figures/interactive/rr_surface_3d_noroeste_internacoes_i60_i64_temp_med_files/jquery-3.5.1/jquery.min.js,TRUE,FALSE,89478,2026-06-21 17:18:29.784727,js,outro,figura gerada,ok,ativo
outputs/figures/interactive/rr_surface_3d_noroeste_internacoes_i60_i64_temp_med_files/jquery-3.5.1/jquery.min.map,C:/Users/oorie/OneDrive/Documentos/TRABALHOS/DLNM/05_publicacao_github/outputs/figures/interactive/rr_surface_3d_noroeste_internacoes_i60_i64_temp_med_files/jquery-3.5.1/jquery.min.map,TRUE,FALSE,137986,2026-06-21 17:18:29.785326,map,outro,figura gerada,ok,ativo
outputs/figures/interactive/rr_surface_3d_noroeste_internacoes_i60_i64_temp_med_files/plotly-binding-4.12.0/plotly.js,C:/Users/oorie/OneDrive/Documentos/TRABALHOS/DLNM/05_publicacao_github/outputs/figures/interactive/rr_surface_3d_noroeste_internacoes_i60_i64_temp_med_files/plotly-binding-4.12.0/plotly.js,TRUE,FALSE,34699,2026-06-21 17:18:29.786036,js,outro,figura gerada,ok,ativo
outputs/figures/interactive/rr_surface_3d_noroeste_internacoes_i60_i64_temp_med_files/plotly-htmlwidgets-css-2.25.2/plotly-htmlwidgets.css,C:/Users/oorie/OneDrive/Documentos/TRABALHOS/DLNM/05_publicacao_github/outputs/figures/interactive/rr_surface_3d_noroeste_internacoes_i60_i64_temp_med_files/plotly-htmlwidgets-css-2.25.2/plotly-htmlwidgets.css,TRUE,FALSE,182,2026-06-21 17:18:29.786545,css,outro,figura gerada,ok,ativo
outputs/figures/interactive/rr_surface_3d_noroeste_internacoes_i60_i64_temp_med_files/plotly-main-2.25.2/plotly-latest.min.js,C:/Users/oorie/OneDrive/Documentos/TRABALHOS/DLNM/05_publicacao_github/outputs/figures/interactive/rr_surface_3d_noroeste_internacoes_i60_i64_temp_med_files/plotly-main-2.25.2/plotly-latest.min.js,TRUE,FALSE,3575017,2026-06-21 17:18:29.787207,js,outro,figura gerada,ok,ativo
outputs/figures/interactive/rr_surface_3d_noroeste_internacoes_i60_i64_temp_med_files/typedarray-0.1/typedarray.min.js,C:/Users/oorie/OneDrive/Documentos/TRABALHOS/DLNM/05_publicacao_github/outputs/figures/interactive/rr_surface_3d_noroeste_internacoes_i60_i64_temp_med_files/typedarray-0.1/typedarray.min.js,TRUE,FALSE,22444,2026-06-21 17:18:29.78772,js,outro,figura gerada,ok,ativo
outputs/figures/interactive/rr_surface_3d_noroeste_internacoes_i60_i64_ur_med.html,C:/Users/oorie/OneDrive/Documentos/TRABALHOS/DLNM/05_publicacao_github/outputs/figures/interactive/rr_surface_3d_noroeste_internacoes_i60_i64_ur_med.html,TRUE,FALSE,52359,2026-06-21 17:18:29.788048,html,HTML,figura gerada,ok,ativo
outputs/figures/interactive/rr_surface_3d_noroeste_internacoes_i60_i69_temp_med.html,C:/Users/oorie/OneDrive/Documentos/TRABALHOS/DLNM/05_publicacao_github/outputs/figures/interactive/rr_surface_3d_noroeste_internacoes_i60_i69_temp_med.html,TRUE,FALSE,52181,2026-06-21 17:18:29.788353,html,HTML,figura gerada,ok,ativo
outputs/figures/interactive/rr_surface_3d_noroeste_internacoes_i60_i69_temp_med_files/crosstalk-1.2.2/css/crosstalk.min.css,C:/Users/oorie/OneDrive/Documentos/TRABALHOS/DLNM/05_publicacao_github/outputs/figures/interactive/rr_surface_3d_noroeste_internacoes_i60_i69_temp_med_files/crosstalk-1.2.2/css/crosstalk.min.css,TRUE,FALSE,1307,2026-06-21 17:18:29.789234,css,outro,figura gerada,ok,ativo
outputs/figures/interactive/rr_surface_3d_noroeste_internacoes_i60_i69_temp_med_files/crosstalk-1.2.2/js/crosstalk.js,C:/Users/oorie/OneDrive/Documentos/TRABALHOS/DLNM/05_publicacao_github/outputs/figures/interactive/rr_surface_3d_noroeste_internacoes_i60_i69_temp_med_files/crosstalk-1.2.2/js/crosstalk.js,TRUE,FALSE,50504,2026-06-21 17:18:29.790405,js,outro,figura gerada,ok,ativo
outputs/figures/interactive/rr_surface_3d_noroeste_internacoes_i60_i69_temp_med_files/crosstalk-1.2.2/js/crosstalk.js.map,C:/Users/oorie/OneDrive/Documentos/TRABALHOS/DLNM/05_publicacao_github/outputs/figures/interactive/rr_surface_3d_noroeste_internacoes_i60_i69_temp_med_files/crosstalk-1.2.2/js/crosstalk.js.map,TRUE,FALSE,54889,2026-06-21 17:18:29.791237,map,outro,figura gerada,ok,ativo
outputs/figures/interactive/rr_surface_3d_noroeste_internacoes_i60_i69_temp_med_files/crosstalk-1.2.2/js/crosstalk.min.js,C:/Users/oorie/OneDrive/Documentos/TRABALHOS/DLNM/05_publicacao_github/outputs/figures/interactive/rr_surface_3d_noroeste_internacoes_i60_i69_temp_med_files/crosstalk-1.2.2/js/crosstalk.min.js,TRUE,FALSE,18926,2026-06-21 17:18:29.791531,js,outro,figura gerada,ok,ativo
outputs/figures/interactive/rr_surface_3d_noroeste_internacoes_i60_i69_temp_med_files/crosstalk-1.2.2/js/crosstalk.min.js.map,C:/Users/oorie/OneDrive/Documentos/TRABALHOS/DLNM/05_publicacao_github/outputs/figures/interactive/rr_surface_3d_noroeste_internacoes_i60_i69_temp_med_files/crosstalk-1.2.2/js/crosstalk.min.js.map,TRUE,FALSE,50338,2026-06-21 17:18:29.791977,map,outro,figura gerada,ok,ativo
outputs/figures/interactive/rr_surface_3d_noroeste_internacoes_i60_i69_temp_med_files/crosstalk-1.2.2/scss/crosstalk.scss,C:/Users/oorie/OneDrive/Documentos/TRABALHOS/DLNM/05_publicacao_github/outputs/figures/interactive/rr_surface_3d_noroeste_internacoes_i60_i69_temp_med_files/crosstalk-1.2.2/scss/crosstalk.scss,TRUE,FALSE,1891,2026-06-21 17:18:29.79291,scss,outro,figura gerada,ok,ativo
outputs/figures/interactive/rr_surface_3d_noroeste_internacoes_i60_i69_temp_med_files/htmltools-fill-0.5.9/fill.css,C:/Users/oorie/OneDrive/Documentos/TRABALHOS/DLNM/05_publicacao_github/outputs/figures/interactive/rr_surface_3d_noroeste_internacoes_i60_i69_temp_med_files/htmltools-fill-0.5.9/fill.css,TRUE,FALSE,606,2026-06-21 17:18:29.793234,css,outro,figura gerada,ok,ativo
outputs/figures/interactive/rr_surface_3d_noroeste_internacoes_i60_i69_temp_med_files/htmlwidgets-1.6.4/htmlwidgets.js,C:/Users/oorie/OneDrive/Documentos/TRABALHOS/DLNM/05_publicacao_github/outputs/figures/interactive/rr_surface_3d_noroeste_internacoes_i60_i69_temp_med_files/htmlwidgets-1.6.4/htmlwidgets.js,TRUE,FALSE,34091,2026-06-21 17:18:29.793774,js,outro,figura gerada,ok,ativo
outputs/figures/interactive/rr_surface_3d_noroeste_internacoes_i60_i69_temp_med_files/jquery-3.5.1/jquery-AUTHORS.txt,C:/Users/oorie/OneDrive/Documentos/TRABALHOS/DLNM/05_publicacao_github/outputs/figures/interactive/rr_surface_3d_noroeste_internacoes_i60_i69_temp_med_files/jquery-3.5.1/jquery-AUTHORS.txt,TRUE,FALSE,13726,2026-06-21 17:18:29.794098,txt,documentação/log,figura gerada,ok,ativo
outputs/figures/interactive/rr_surface_3d_noroeste_internacoes_i60_i69_temp_med_files/jquery-3.5.1/jquery.js,C:/Users/oorie/OneDrive/Documentos/TRABALHOS/DLNM/05_publicacao_github/outputs/figures/interactive/rr_surface_3d_noroeste_internacoes_i60_i69_temp_med_files/jquery-3.5.1/jquery.js,TRUE,FALSE,298502,2026-06-21 17:18:29.794559,js,outro,figura gerada,ok,ativo
outputs/figures/interactive/rr_surface_3d_noroeste_internacoes_i60_i69_temp_med_files/jquery-3.5.1/jquery.min.js,C:/Users/oorie/OneDrive/Documentos/TRABALHOS/DLNM/05_publicacao_github/outputs/figures/interactive/rr_surface_3d_noroeste_internacoes_i60_i69_temp_med_files/jquery-3.5.1/jquery.min.js,TRUE,FALSE,89478,2026-06-21 17:18:29.794872,js,outro,figura gerada,ok,ativo
outputs/figures/interactive/rr_surface_3d_noroeste_internacoes_i60_i69_temp_med_files/jquery-3.5.1/jquery.min.map,C:/Users/oorie/OneDrive/Documentos/TRABALHOS/DLNM/05_publicacao_github/outputs/figures/interactive/rr_surface_3d_noroeste_internacoes_i60_i69_temp_med_files/jquery-3.5.1/jquery.min.map,TRUE,FALSE,137986,2026-06-21 17:18:29.795202,map,outro,figura gerada,ok,ativo
outputs/figures/interactive/rr_surface_3d_noroeste_internacoes_i60_i69_temp_med_files/plotly-binding-4.12.0/plotly.js,C:/Users/oorie/OneDrive/Documentos/TRABALHOS/DLNM/05_publicacao_github/outputs/figures/interactive/rr_surface_3d_noroeste_internacoes_i60_i69_temp_med_files/plotly-binding-4.12.0/plotly.js,TRUE,FALSE,34699,2026-06-21 17:18:29.796255,js,outro,figura gerada,ok,ativo
outputs/figures/interactive/rr_surface_3d_noroeste_internacoes_i60_i69_temp_med_files/plotly-htmlwidgets-css-2.25.2/plotly-htmlwidgets.css,C:/Users/oorie/OneDrive/Documentos/TRABALHOS/DLNM/05_publicacao_github/outputs/figures/interactive/rr_surface_3d_noroeste_internacoes_i60_i69_temp_med_files/plotly-htmlwidgets-css-2.25.2/plotly-htmlwidgets.css,TRUE,FALSE,182,2026-06-21 17:18:29.796989,css,outro,figura gerada,ok,ativo
outputs/figures/interactive/rr_surface_3d_noroeste_internacoes_i60_i69_temp_med_files/plotly-main-2.25.2/plotly-latest.min.js,C:/Users/oorie/OneDrive/Documentos/TRABALHOS/DLNM/05_publicacao_github/outputs/figures/interactive/rr_surface_3d_noroeste_internacoes_i60_i69_temp_med_files/plotly-main-2.25.2/plotly-latest.min.js,TRUE,FALSE,3575017,2026-06-21 17:18:29.797421,js,outro,figura gerada,ok,ativo
outputs/figures/interactive/rr_surface_3d_noroeste_internacoes_i60_i69_temp_med_files/typedarray-0.1/typedarray.min.js,C:/Users/oorie/OneDrive/Documentos/TRABALHOS/DLNM/05_publicacao_github/outputs/figures/interactive/rr_surface_3d_noroeste_internacoes_i60_i69_temp_med_files/typedarray-0.1/typedarray.min.js,TRUE,FALSE,22444,2026-06-21 17:18:29.797756,js,outro,figura gerada,ok,ativo
outputs/figures/interactive/rr_surface_3d_noroeste_internacoes_i60_i69_ur_med.html,C:/Users/oorie/OneDrive/Documentos/TRABALHOS/DLNM/05_publicacao_github/outputs/figures/interactive/rr_surface_3d_noroeste_internacoes_i60_i69_ur_med.html,TRUE,FALSE,51790,2026-06-21 17:18:29.798054,html,HTML,figura gerada,ok,ativo
outputs/figures/interactive/rr_surface_3d_noroeste_internacoes_i63_temp_med.html,C:/Users/oorie/OneDrive/Documentos/TRABALHOS/DLNM/05_publicacao_github/outputs/figures/interactive/rr_surface_3d_noroeste_internacoes_i63_temp_med.html,TRUE,FALSE,52390,2026-06-21 17:18:29.798302,html,HTML,figura gerada,ok,ativo
outputs/figures/interactive/rr_surface_3d_noroeste_internacoes_i63_temp_med_files/crosstalk-1.2.2/css/crosstalk.min.css,C:/Users/oorie/OneDrive/Documentos/TRABALHOS/DLNM/05_publicacao_github/outputs/figures/interactive/rr_surface_3d_noroeste_internacoes_i63_temp_med_files/crosstalk-1.2.2/css/crosstalk.min.css,TRUE,FALSE,1307,2026-06-21 17:18:29.79859,css,outro,figura gerada,ok,ativo
outputs/figures/interactive/rr_surface_3d_noroeste_internacoes_i63_temp_med_files/crosstalk-1.2.2/js/crosstalk.js,C:/Users/oorie/OneDrive/Documentos/TRABALHOS/DLNM/05_publicacao_github/outputs/figures/interactive/rr_surface_3d_noroeste_internacoes_i63_temp_med_files/crosstalk-1.2.2/js/crosstalk.js,TRUE,FALSE,50504,2026-06-21 17:18:29.799166,js,outro,figura gerada,ok,ativo
outputs/figures/interactive/rr_surface_3d_noroeste_internacoes_i63_temp_med_files/crosstalk-1.2.2/js/crosstalk.js.map,C:/Users/oorie/OneDrive/Documentos/TRABALHOS/DLNM/05_publicacao_github/outputs/figures/interactive/rr_surface_3d_noroeste_internacoes_i63_temp_med_files/crosstalk-1.2.2/js/crosstalk.js.map,TRUE,FALSE,54889,2026-06-21 17:18:29.800074,map,outro,figura gerada,ok,ativo
outputs/figures/interactive/rr_surface_3d_noroeste_internacoes_i63_temp_med_files/crosstalk-1.2.2/js/crosstalk.min.js,C:/Users/oorie/OneDrive/Documentos/TRABALHOS/DLNM/05_publicacao_github/outputs/figures/interactive/rr_surface_3d_noroeste_internacoes_i63_temp_med_files/crosstalk-1.2.2/js/crosstalk.min.js,TRUE,FALSE,18926,2026-06-21 17:18:29.800409,js,outro,figura gerada,ok,ativo
outputs/figures/interactive/rr_surface_3d_noroeste_internacoes_i63_temp_med_files/crosstalk-1.2.2/js/crosstalk.min.js.map,C:/Users/oorie/OneDrive/Documentos/TRABALHOS/DLNM/05_publicacao_github/outputs/figures/interactive/rr_surface_3d_noroeste_internacoes_i63_temp_med_files/crosstalk-1.2.2/js/crosstalk.min.js.map,TRUE,FALSE,50338,2026-06-21 17:18:29.801105,map,outro,figura gerada,ok,ativo
outputs/figures/interactive/rr_surface_3d_noroeste_internacoes_i63_temp_med_files/crosstalk-1.2.2/scss/crosstalk.scss,C:/Users/oorie/OneDrive/Documentos/TRABALHOS/DLNM/05_publicacao_github/outputs/figures/interactive/rr_surface_3d_noroeste_internacoes_i63_temp_med_files/crosstalk-1.2.2/scss/crosstalk.scss,TRUE,FALSE,1891,2026-06-21 17:18:29.801519,scss,outro,figura gerada,ok,ativo
outputs/figures/interactive/rr_surface_3d_noroeste_internacoes_i63_temp_med_files/htmltools-fill-0.5.9/fill.css,C:/Users/oorie/OneDrive/Documentos/TRABALHOS/DLNM/05_publicacao_github/outputs/figures/interactive/rr_surface_3d_noroeste_internacoes_i63_temp_med_files/htmltools-fill-0.5.9/fill.css,TRUE,FALSE,606,2026-06-21 17:18:29.802811,css,outro,figura gerada,ok,ativo
outputs/figures/interactive/rr_surface_3d_noroeste_internacoes_i63_temp_med_files/htmlwidgets-1.6.4/htmlwidgets.js,C:/Users/oorie/OneDrive/Documentos/TRABALHOS/DLNM/05_publicacao_github/outputs/figures/interactive/rr_surface_3d_noroeste_internacoes_i63_temp_med_files/htmlwidgets-1.6.4/htmlwidgets.js,TRUE,FALSE,34091,2026-06-21 17:18:29.803177,js,outro,figura gerada,ok,ativo
outputs/figures/interactive/rr_surface_3d_noroeste_internacoes_i63_temp_med_files/jquery-3.5.1/jquery-AUTHORS.txt,C:/Users/oorie/OneDrive/Documentos/TRABALHOS/DLNM/05_publicacao_github/outputs/figures/interactive/rr_surface_3d_noroeste_internacoes_i63_temp_med_files/jquery-3.5.1/jquery-AUTHORS.txt,TRUE,FALSE,13726,2026-06-21 17:18:29.803862,txt,documentação/log,figura gerada,ok,ativo
outputs/figures/interactive/rr_surface_3d_noroeste_internacoes_i63_temp_med_files/jquery-3.5.1/jquery.js,C:/Users/oorie/OneDrive/Documentos/TRABALHOS/DLNM/05_publicacao_github/outputs/figures/interactive/rr_surface_3d_noroeste_internacoes_i63_temp_med_files/jquery-3.5.1/jquery.js,TRUE,FALSE,298502,2026-06-21 17:18:29.804274,js,outro,figura gerada,ok,ativo
outputs/figures/interactive/rr_surface_3d_noroeste_internacoes_i63_temp_med_files/jquery-3.5.1/jquery.min.js,C:/Users/oorie/OneDrive/Documentos/TRABALHOS/DLNM/05_publicacao_github/outputs/figures/interactive/rr_surface_3d_noroeste_internacoes_i63_temp_med_files/jquery-3.5.1/jquery.min.js,TRUE,FALSE,89478,2026-06-21 17:18:29.804577,js,outro,figura gerada,ok,ativo
outputs/figures/interactive/rr_surface_3d_noroeste_internacoes_i63_temp_med_files/jquery-3.5.1/jquery.min.map,C:/Users/oorie/OneDrive/Documentos/TRABALHOS/DLNM/05_publicacao_github/outputs/figures/interactive/rr_surface_3d_noroeste_internacoes_i63_temp_med_files/jquery-3.5.1/jquery.min.map,TRUE,FALSE,137986,2026-06-21 17:18:29.805191,map,outro,figura gerada,ok,ativo
outputs/figures/interactive/rr_surface_3d_noroeste_internacoes_i63_temp_med_files/plotly-binding-4.12.0/plotly.js,C:/Users/oorie/OneDrive/Documentos/TRABALHOS/DLNM/05_publicacao_github/outputs/figures/interactive/rr_surface_3d_noroeste_internacoes_i63_temp_med_files/plotly-binding-4.12.0/plotly.js,TRUE,FALSE,34699,2026-06-21 17:18:29.805389,js,outro,figura gerada,ok,ativo
outputs/figures/interactive/rr_surface_3d_noroeste_internacoes_i63_temp_med_files/plotly-htmlwidgets-css-2.25.2/plotly-htmlwidgets.css,C:/Users/oorie/OneDrive/Documentos/TRABALHOS/DLNM/05_publicacao_github/outputs/figures/interactive/rr_surface_3d_noroeste_internacoes_i63_temp_med_files/plotly-htmlwidgets-css-2.25.2/plotly-htmlwidgets.css,TRUE,FALSE,182,2026-06-21 17:18:29.805693,css,outro,figura gerada,ok,ativo
outputs/figures/interactive/rr_surface_3d_noroeste_internacoes_i63_temp_med_files/plotly-main-2.25.2/plotly-latest.min.js,C:/Users/oorie/OneDrive/Documentos/TRABALHOS/DLNM/05_publicacao_github/outputs/figures/interactive/rr_surface_3d_noroeste_internacoes_i63_temp_med_files/plotly-main-2.25.2/plotly-latest.min.js,TRUE,FALSE,3575017,2026-06-21 17:18:29.805882,js,outro,figura gerada,ok,ativo
outputs/figures/interactive/rr_surface_3d_noroeste_internacoes_i63_temp_med_files/typedarray-0.1/typedarray.min.js,C:/Users/oorie/OneDrive/Documentos/TRABALHOS/DLNM/05_publicacao_github/outputs/figures/interactive/rr_surface_3d_noroeste_internacoes_i63_temp_med_files/typedarray-0.1/typedarray.min.js,TRUE,FALSE,22444,2026-06-21 17:18:29.806181,js,outro,figura gerada,ok,ativo
outputs/figures/interactive/rr_surface_3d_noroeste_internacoes_i63_ur_med.html,C:/Users/oorie/OneDrive/Documentos/TRABALHOS/DLNM/05_publicacao_github/outputs/figures/interactive/rr_surface_3d_noroeste_internacoes_i63_ur_med.html,TRUE,FALSE,51649,2026-06-21 17:18:29.806547,html,HTML,figura gerada,ok,ativo
outputs/figures/interactive/rr_surface_3d_noroeste_internacoes_i63_ur_med_files/crosstalk-1.2.2/css/crosstalk.min.css,C:/Users/oorie/OneDrive/Documentos/TRABALHOS/DLNM/05_publicacao_github/outputs/figures/interactive/rr_surface_3d_noroeste_internacoes_i63_ur_med_files/crosstalk-1.2.2/css/crosstalk.min.css,TRUE,FALSE,1307,2026-06-21 17:18:29.807138,css,outro,figura gerada,ok,ativo
outputs/figures/interactive/rr_surface_3d_noroeste_internacoes_i63_ur_med_files/crosstalk-1.2.2/js/crosstalk.js,C:/Users/oorie/OneDrive/Documentos/TRABALHOS/DLNM/05_publicacao_github/outputs/figures/interactive/rr_surface_3d_noroeste_internacoes_i63_ur_med_files/crosstalk-1.2.2/js/crosstalk.js,TRUE,FALSE,50504,2026-06-21 17:18:29.807487,js,outro,figura gerada,ok,ativo
outputs/figures/interactive/rr_surface_3d_noroeste_internacoes_i63_ur_med_files/crosstalk-1.2.2/js/crosstalk.js.map,C:/Users/oorie/OneDrive/Documentos/TRABALHOS/DLNM/05_publicacao_github/outputs/figures/interactive/rr_surface_3d_noroeste_internacoes_i63_ur_med_files/crosstalk-1.2.2/js/crosstalk.js.map,TRUE,FALSE,54889,2026-06-21 17:18:29.807928,map,outro,figura gerada,ok,ativo
outputs/figures/interactive/rr_surface_3d_noroeste_internacoes_i63_ur_med_files/crosstalk-1.2.2/js/crosstalk.min.js,C:/Users/oorie/OneDrive/Documentos/TRABALHOS/DLNM/05_publicacao_github/outputs/figures/interactive/rr_surface_3d_noroeste_internacoes_i63_ur_med_files/crosstalk-1.2.2/js/crosstalk.min.js,TRUE,FALSE,18926,2026-06-21 17:18:29.808138,js,outro,figura gerada,ok,ativo
outputs/figures/interactive/rr_surface_3d_noroeste_internacoes_i63_ur_med_files/crosstalk-1.2.2/js/crosstalk.min.js.map,C:/Users/oorie/OneDrive/Documentos/TRABALHOS/DLNM/05_publicacao_github/outputs/figures/interactive/rr_surface_3d_noroeste_internacoes_i63_ur_med_files/crosstalk-1.2.2/js/crosstalk.min.js.map,TRUE,FALSE,50338,2026-06-21 17:18:29.808359,map,outro,figura gerada,ok,ativo
outputs/figures/interactive/rr_surface_3d_noroeste_internacoes_i63_ur_med_files/crosstalk-1.2.2/scss/crosstalk.scss,C:/Users/oorie/OneDrive/Documentos/TRABALHOS/DLNM/05_publicacao_github/outputs/figures/interactive/rr_surface_3d_noroeste_internacoes_i63_ur_med_files/crosstalk-1.2.2/scss/crosstalk.scss,TRUE,FALSE,1891,2026-06-21 17:18:29.809044,scss,outro,figura gerada,ok,ativo
outputs/figures/interactive/rr_surface_3d_noroeste_internacoes_i63_ur_med_files/htmltools-fill-0.5.9/fill.css,C:/Users/oorie/OneDrive/Documentos/TRABALHOS/DLNM/05_publicacao_github/outputs/figures/interactive/rr_surface_3d_noroeste_internacoes_i63_ur_med_files/htmltools-fill-0.5.9/fill.css,TRUE,FALSE,606,2026-06-21 17:18:29.810127,css,outro,figura gerada,ok,ativo
outputs/figures/interactive/rr_surface_3d_noroeste_internacoes_i63_ur_med_files/htmlwidgets-1.6.4/htmlwidgets.js,C:/Users/oorie/OneDrive/Documentos/TRABALHOS/DLNM/05_publicacao_github/outputs/figures/interactive/rr_surface_3d_noroeste_internacoes_i63_ur_med_files/htmlwidgets-1.6.4/htmlwidgets.js,TRUE,FALSE,34091,2026-06-21 17:18:29.81053,js,outro,figura gerada,ok,ativo
outputs/figures/interactive/rr_surface_3d_noroeste_internacoes_i63_ur_med_files/jquery-3.5.1/jquery-AUTHORS.txt,C:/Users/oorie/OneDrive/Documentos/TRABALHOS/DLNM/05_publicacao_github/outputs/figures/interactive/rr_surface_3d_noroeste_internacoes_i63_ur_med_files/jquery-3.5.1/jquery-AUTHORS.txt,TRUE,FALSE,13726,2026-06-21 17:18:29.81074,txt,documentação/log,figura gerada,ok,ativo
outputs/figures/interactive/rr_surface_3d_noroeste_internacoes_i63_ur_med_files/jquery-3.5.1/jquery.js,C:/Users/oorie/OneDrive/Documentos/TRABALHOS/DLNM/05_publicacao_github/outputs/figures/interactive/rr_surface_3d_noroeste_internacoes_i63_ur_med_files/jquery-3.5.1/jquery.js,TRUE,FALSE,298502,2026-06-21 17:18:29.810909,js,outro,figura gerada,ok,ativo
outputs/figures/interactive/rr_surface_3d_noroeste_internacoes_i63_ur_med_files/jquery-3.5.1/jquery.min.js,C:/Users/oorie/OneDrive/Documentos/TRABALHOS/DLNM/05_publicacao_github/outputs/figures/interactive/rr_surface_3d_noroeste_internacoes_i63_ur_med_files/jquery-3.5.1/jquery.min.js,TRUE,FALSE,89478,2026-06-21 17:18:29.811222,js,outro,figura gerada,ok,ativo
outputs/figures/interactive/rr_surface_3d_noroeste_internacoes_i63_ur_med_files/jquery-3.5.1/jquery.min.map,C:/Users/oorie/OneDrive/Documentos/TRABALHOS/DLNM/05_publicacao_github/outputs/figures/interactive/rr_surface_3d_noroeste_internacoes_i63_ur_med_files/jquery-3.5.1/jquery.min.map,TRUE,FALSE,137986,2026-06-21 17:18:29.811649,map,outro,figura gerada,ok,ativo
outputs/figures/interactive/rr_surface_3d_noroeste_internacoes_i63_ur_med_files/plotly-binding-4.12.0/plotly.js,C:/Users/oorie/OneDrive/Documentos/TRABALHOS/DLNM/05_publicacao_github/outputs/figures/interactive/rr_surface_3d_noroeste_internacoes_i63_ur_med_files/plotly-binding-4.12.0/plotly.js,TRUE,FALSE,34699,2026-06-21 17:18:29.811872,js,outro,figura gerada,ok,ativo
outputs/figures/interactive/rr_surface_3d_noroeste_internacoes_i63_ur_med_files/plotly-htmlwidgets-css-2.25.2/plotly-htmlwidgets.css,C:/Users/oorie/OneDrive/Documentos/TRABALHOS/DLNM/05_publicacao_github/outputs/figures/interactive/rr_surface_3d_noroeste_internacoes_i63_ur_med_files/plotly-htmlwidgets-css-2.25.2/plotly-htmlwidgets.css,TRUE,FALSE,182,2026-06-21 17:18:29.812241,css,outro,figura gerada,ok,ativo
outputs/figures/interactive/rr_surface_3d_noroeste_internacoes_i63_ur_med_files/plotly-main-2.25.2/plotly-latest.min.js,C:/Users/oorie/OneDrive/Documentos/TRABALHOS/DLNM/05_publicacao_github/outputs/figures/interactive/rr_surface_3d_noroeste_internacoes_i63_ur_med_files/plotly-main-2.25.2/plotly-latest.min.js,TRUE,FALSE,3575017,2026-06-21 17:18:29.812452,js,outro,figura gerada,ok,ativo
outputs/figures/interactive/rr_surface_3d_noroeste_internacoes_i63_ur_med_files/typedarray-0.1/typedarray.min.js,C:/Users/oorie/OneDrive/Documentos/TRABALHOS/DLNM/05_publicacao_github/outputs/figures/interactive/rr_surface_3d_noroeste_internacoes_i63_ur_med_files/typedarray-0.1/typedarray.min.js,TRUE,FALSE,22444,2026-06-21 17:18:29.812643,js,outro,figura gerada,ok,ativo
outputs/figures/interactive/rr_surface_3d_noroeste_obitos_i60_i62_ur_med.html,C:/Users/oorie/OneDrive/Documentos/TRABALHOS/DLNM/05_publicacao_github/outputs/figures/interactive/rr_surface_3d_noroeste_obitos_i60_i62_ur_med.html,TRUE,FALSE,52210,2026-06-21 17:18:29.81282,html,HTML,figura gerada,ok,ativo
outputs/figures/interactive/rr_surface_3d_noroeste_obitos_i60_i62_ur_med_files/crosstalk-1.2.2/css/crosstalk.min.css,C:/Users/oorie/OneDrive/Documentos/TRABALHOS/DLNM/05_publicacao_github/outputs/figures/interactive/rr_surface_3d_noroeste_obitos_i60_i62_ur_med_files/crosstalk-1.2.2/css/crosstalk.min.css,TRUE,FALSE,1307,2026-06-21 17:18:29.813009,css,outro,figura gerada,ok,ativo
outputs/figures/interactive/rr_surface_3d_noroeste_obitos_i60_i62_ur_med_files/crosstalk-1.2.2/js/crosstalk.js,C:/Users/oorie/OneDrive/Documentos/TRABALHOS/DLNM/05_publicacao_github/outputs/figures/interactive/rr_surface_3d_noroeste_obitos_i60_i62_ur_med_files/crosstalk-1.2.2/js/crosstalk.js,TRUE,FALSE,50504,2026-06-21 17:18:29.813522,js,outro,figura gerada,ok,ativo
outputs/figures/interactive/rr_surface_3d_noroeste_obitos_i60_i62_ur_med_files/crosstalk-1.2.2/js/crosstalk.js.map,C:/Users/oorie/OneDrive/Documentos/TRABALHOS/DLNM/05_publicacao_github/outputs/figures/interactive/rr_surface_3d_noroeste_obitos_i60_i62_ur_med_files/crosstalk-1.2.2/js/crosstalk.js.map,TRUE,FALSE,54889,2026-06-21 17:18:29.814386,map,outro,figura gerada,ok,ativo
outputs/figures/interactive/rr_surface_3d_noroeste_obitos_i60_i62_ur_med_files/crosstalk-1.2.2/js/crosstalk.min.js,C:/Users/oorie/OneDrive/Documentos/TRABALHOS/DLNM/05_publicacao_github/outputs/figures/interactive/rr_surface_3d_noroeste_obitos_i60_i62_ur_med_files/crosstalk-1.2.2/js/crosstalk.min.js,TRUE,FALSE,18926,2026-06-21 17:18:29.814594,js,outro,figura gerada,ok,ativo
outputs/figures/interactive/rr_surface_3d_noroeste_obitos_i60_i62_ur_med_files/crosstalk-1.2.2/js/crosstalk.min.js.map,C:/Users/oorie/OneDrive/Documentos/TRABALHOS/DLNM/05_publicacao_github/outputs/figures/interactive/rr_surface_3d_noroeste_obitos_i60_i62_ur_med_files/crosstalk-1.2.2/js/crosstalk.min.js.map,TRUE,FALSE,50338,2026-06-21 17:18:29.814831,map,outro,figura gerada,ok,ativo
outputs/figures/interactive/rr_surface_3d_noroeste_obitos_i60_i62_ur_med_files/crosstalk-1.2.2/scss/crosstalk.scss,C:/Users/oorie/OneDrive/Documentos/TRABALHOS/DLNM/05_publicacao_github/outputs/figures/interactive/rr_surface_3d_noroeste_obitos_i60_i62_ur_med_files/crosstalk-1.2.2/scss/crosstalk.scss,TRUE,FALSE,1891,2026-06-21 17:18:29.815399,scss,outro,figura gerada,ok,ativo
outputs/figures/interactive/rr_surface_3d_noroeste_obitos_i60_i62_ur_med_files/htmltools-fill-0.5.9/fill.css,C:/Users/oorie/OneDrive/Documentos/TRABALHOS/DLNM/05_publicacao_github/outputs/figures/interactive/rr_surface_3d_noroeste_obitos_i60_i62_ur_med_files/htmltools-fill-0.5.9/fill.css,TRUE,FALSE,606,2026-06-21 17:18:29.815718,css,outro,figura gerada,ok,ativo
outputs/figures/interactive/rr_surface_3d_noroeste_obitos_i60_i62_ur_med_files/htmlwidgets-1.6.4/htmlwidgets.js,C:/Users/oorie/OneDrive/Documentos/TRABALHOS/DLNM/05_publicacao_github/outputs/figures/interactive/rr_surface_3d_noroeste_obitos_i60_i62_ur_med_files/htmlwidgets-1.6.4/htmlwidgets.js,TRUE,FALSE,34091,2026-06-21 17:18:29.816681,js,outro,figura gerada,ok,ativo
outputs/figures/interactive/rr_surface_3d_noroeste_obitos_i60_i62_ur_med_files/jquery-3.5.1/jquery-AUTHORS.txt,C:/Users/oorie/OneDrive/Documentos/TRABALHOS/DLNM/05_publicacao_github/outputs/figures/interactive/rr_surface_3d_noroeste_obitos_i60_i62_ur_med_files/jquery-3.5.1/jquery-AUTHORS.txt,TRUE,FALSE,13726,2026-06-21 17:18:29.817095,txt,documentação/log,figura gerada,ok,ativo
outputs/figures/interactive/rr_surface_3d_noroeste_obitos_i60_i62_ur_med_files/jquery-3.5.1/jquery.js,C:/Users/oorie/OneDrive/Documentos/TRABALHOS/DLNM/05_publicacao_github/outputs/figures/interactive/rr_surface_3d_noroeste_obitos_i60_i62_ur_med_files/jquery-3.5.1/jquery.js,TRUE,FALSE,298502,2026-06-21 17:18:29.817921,js,outro,figura gerada,ok,ativo
outputs/figures/interactive/rr_surface_3d_noroeste_obitos_i60_i62_ur_med_files/jquery-3.5.1/jquery.min.js,C:/Users/oorie/OneDrive/Documentos/TRABALHOS/DLNM/05_publicacao_github/outputs/figures/interactive/rr_surface_3d_noroeste_obitos_i60_i62_ur_med_files/jquery-3.5.1/jquery.min.js,TRUE,FALSE,89478,2026-06-21 17:18:29.818501,js,outro,figura gerada,ok,ativo
outputs/figures/interactive/rr_surface_3d_noroeste_obitos_i60_i62_ur_med_files/jquery-3.5.1/jquery.min.map,C:/Users/oorie/OneDrive/Documentos/TRABALHOS/DLNM/05_publicacao_github/outputs/figures/interactive/rr_surface_3d_noroeste_obitos_i60_i62_ur_med_files/jquery-3.5.1/jquery.min.map,TRUE,FALSE,137986,2026-06-21 17:18:29.818811,map,outro,figura gerada,ok,ativo
outputs/figures/interactive/rr_surface_3d_noroeste_obitos_i60_i62_ur_med_files/plotly-binding-4.12.0/plotly.js,C:/Users/oorie/OneDrive/Documentos/TRABALHOS/DLNM/05_publicacao_github/outputs/figures/interactive/rr_surface_3d_noroeste_obitos_i60_i62_ur_med_files/plotly-binding-4.12.0/plotly.js,TRUE,FALSE,34699,2026-06-21 17:18:29.819151,js,outro,figura gerada,ok,ativo
outputs/figures/interactive/rr_surface_3d_noroeste_obitos_i60_i62_ur_med_files/plotly-htmlwidgets-css-2.25.2/plotly-htmlwidgets.css,C:/Users/oorie/OneDrive/Documentos/TRABALHOS/DLNM/05_publicacao_github/outputs/figures/interactive/rr_surface_3d_noroeste_obitos_i60_i62_ur_med_files/plotly-htmlwidgets-css-2.25.2/plotly-htmlwidgets.css,TRUE,FALSE,182,2026-06-21 17:18:29.819721,css,outro,figura gerada,ok,ativo
outputs/figures/interactive/rr_surface_3d_noroeste_obitos_i60_i62_ur_med_files/plotly-main-2.25.2/plotly-latest.min.js,C:/Users/oorie/OneDrive/Documentos/TRABALHOS/DLNM/05_publicacao_github/outputs/figures/interactive/rr_surface_3d_noroeste_obitos_i60_i62_ur_med_files/plotly-main-2.25.2/plotly-latest.min.js,TRUE,FALSE,3575017,2026-06-21 17:18:29.820026,js,outro,figura gerada,ok,ativo
outputs/figures/interactive/rr_surface_3d_noroeste_obitos_i60_i62_ur_med_files/typedarray-0.1/typedarray.min.js,C:/Users/oorie/OneDrive/Documentos/TRABALHOS/DLNM/05_publicacao_github/outputs/figures/interactive/rr_surface_3d_noroeste_obitos_i60_i62_ur_med_files/typedarray-0.1/typedarray.min.js,TRUE,FALSE,22444,2026-06-21 17:18:29.820444,js,outro,figura gerada,ok,ativo
outputs/figures/interactive/rr_surface_3d_noroeste_obitos_i60_i64_temp_med.html,C:/Users/oorie/OneDrive/Documentos/TRABALHOS/DLNM/05_publicacao_github/outputs/figures/interactive/rr_surface_3d_noroeste_obitos_i60_i64_temp_med.html,TRUE,FALSE,51750,2026-06-21 17:18:29.820921,html,HTML,figura gerada,ok,ativo
outputs/figures/interactive/rr_surface_3d_noroeste_obitos_i60_i64_temp_med_files/crosstalk-1.2.2/css/crosstalk.min.css,C:/Users/oorie/OneDrive/Documentos/TRABALHOS/DLNM/05_publicacao_github/outputs/figures/interactive/rr_surface_3d_noroeste_obitos_i60_i64_temp_med_files/crosstalk-1.2.2/css/crosstalk.min.css,TRUE,FALSE,1307,2026-06-21 17:18:29.821297,css,outro,figura gerada,ok,ativo
outputs/figures/interactive/rr_surface_3d_noroeste_obitos_i60_i64_temp_med_files/crosstalk-1.2.2/js/crosstalk.js,C:/Users/oorie/OneDrive/Documentos/TRABALHOS/DLNM/05_publicacao_github/outputs/figures/interactive/rr_surface_3d_noroeste_obitos_i60_i64_temp_med_files/crosstalk-1.2.2/js/crosstalk.js,TRUE,FALSE,50504,2026-06-21 17:18:29.821756,js,outro,figura gerada,ok,ativo
outputs/figures/interactive/rr_surface_3d_noroeste_obitos_i60_i64_temp_med_files/crosstalk-1.2.2/js/crosstalk.js.map,C:/Users/oorie/OneDrive/Documentos/TRABALHOS/DLNM/05_publicacao_github/outputs/figures/interactive/rr_surface_3d_noroeste_obitos_i60_i64_temp_med_files/crosstalk-1.2.2/js/crosstalk.js.map,TRUE,FALSE,54889,2026-06-21 17:18:29.822538,map,outro,figura gerada,ok,ativo
outputs/figures/interactive/rr_surface_3d_noroeste_obitos_i60_i64_temp_med_files/crosstalk-1.2.2/js/crosstalk.min.js,C:/Users/oorie/OneDrive/Documentos/TRABALHOS/DLNM/05_publicacao_github/outputs/figures/interactive/rr_surface_3d_noroeste_obitos_i60_i64_temp_med_files/crosstalk-1.2.2/js/crosstalk.min.js,TRUE,FALSE,18926,2026-06-21 17:18:29.823523,js,outro,figura gerada,ok,ativo
outputs/figures/interactive/rr_surface_3d_noroeste_obitos_i60_i64_temp_med_files/crosstalk-1.2.2/js/crosstalk.min.js.map,C:/Users/oorie/OneDrive/Documentos/TRABALHOS/DLNM/05_publicacao_github/outputs/figures/interactive/rr_surface_3d_noroeste_obitos_i60_i64_temp_med_files/crosstalk-1.2.2/js/crosstalk.min.js.map,TRUE,FALSE,50338,2026-06-21 17:18:29.824505,map,outro,figura gerada,ok,ativo
outputs/figures/interactive/rr_surface_3d_noroeste_obitos_i60_i64_temp_med_files/crosstalk-1.2.2/scss/crosstalk.scss,C:/Users/oorie/OneDrive/Documentos/TRABALHOS/DLNM/05_publicacao_github/outputs/figures/interactive/rr_surface_3d_noroeste_obitos_i60_i64_temp_med_files/crosstalk-1.2.2/scss/crosstalk.scss,TRUE,FALSE,1891,2026-06-21 17:18:29.825138,scss,outro,figura gerada,ok,ativo
outputs/figures/interactive/rr_surface_3d_noroeste_obitos_i60_i64_temp_med_files/htmltools-fill-0.5.9/fill.css,C:/Users/oorie/OneDrive/Documentos/TRABALHOS/DLNM/05_publicacao_github/outputs/figures/interactive/rr_surface_3d_noroeste_obitos_i60_i64_temp_med_files/htmltools-fill-0.5.9/fill.css,TRUE,FALSE,606,2026-06-21 17:18:29.825363,css,outro,figura gerada,ok,ativo
outputs/figures/interactive/rr_surface_3d_noroeste_obitos_i60_i64_temp_med_files/htmlwidgets-1.6.4/htmlwidgets.js,C:/Users/oorie/OneDrive/Documentos/TRABALHOS/DLNM/05_publicacao_github/outputs/figures/interactive/rr_surface_3d_noroeste_obitos_i60_i64_temp_med_files/htmlwidgets-1.6.4/htmlwidgets.js,TRUE,FALSE,34091,2026-06-21 17:18:29.825684,js,outro,figura gerada,ok,ativo
outputs/figures/interactive/rr_surface_3d_noroeste_obitos_i60_i64_temp_med_files/jquery-3.5.1/jquery-AUTHORS.txt,C:/Users/oorie/OneDrive/Documentos/TRABALHOS/DLNM/05_publicacao_github/outputs/figures/interactive/rr_surface_3d_noroeste_obitos_i60_i64_temp_med_files/jquery-3.5.1/jquery-AUTHORS.txt,TRUE,FALSE,13726,2026-06-21 17:18:29.825994,txt,documentação/log,figura gerada,ok,ativo
outputs/figures/interactive/rr_surface_3d_noroeste_obitos_i60_i64_temp_med_files/jquery-3.5.1/jquery.js,C:/Users/oorie/OneDrive/Documentos/TRABALHOS/DLNM/05_publicacao_github/outputs/figures/interactive/rr_surface_3d_noroeste_obitos_i60_i64_temp_med_files/jquery-3.5.1/jquery.js,TRUE,FALSE,298502,2026-06-21 17:18:29.82618,js,outro,figura gerada,ok,ativo
outputs/figures/interactive/rr_surface_3d_noroeste_obitos_i60_i64_temp_med_files/jquery-3.5.1/jquery.min.js,C:/Users/oorie/OneDrive/Documentos/TRABALHOS/DLNM/05_publicacao_github/outputs/figures/interactive/rr_surface_3d_noroeste_obitos_i60_i64_temp_med_files/jquery-3.5.1/jquery.min.js,TRUE,FALSE,89478,2026-06-21 17:18:29.826454,js,outro,figura gerada,ok,ativo
outputs/figures/interactive/rr_surface_3d_noroeste_obitos_i60_i64_temp_med_files/jquery-3.5.1/jquery.min.map,C:/Users/oorie/OneDrive/Documentos/TRABALHOS/DLNM/05_publicacao_github/outputs/figures/interactive/rr_surface_3d_noroeste_obitos_i60_i64_temp_med_files/jquery-3.5.1/jquery.min.map,TRUE,FALSE,137986,2026-06-21 17:18:29.826979,map,outro,figura gerada,ok,ativo
outputs/figures/interactive/rr_surface_3d_noroeste_obitos_i60_i64_temp_med_files/plotly-binding-4.12.0/plotly.js,C:/Users/oorie/OneDrive/Documentos/TRABALHOS/DLNM/05_publicacao_github/outputs/figures/interactive/rr_surface_3d_noroeste_obitos_i60_i64_temp_med_files/plotly-binding-4.12.0/plotly.js,TRUE,FALSE,34699,2026-06-21 17:18:29.827332,js,outro,figura gerada,ok,ativo
outputs/figures/interactive/rr_surface_3d_noroeste_obitos_i60_i64_temp_med_files/plotly-htmlwidgets-css-2.25.2/plotly-htmlwidgets.css,C:/Users/oorie/OneDrive/Documentos/TRABALHOS/DLNM/05_publicacao_github/outputs/figures/interactive/rr_surface_3d_noroeste_obitos_i60_i64_temp_med_files/plotly-htmlwidgets-css-2.25.2/plotly-htmlwidgets.css,TRUE,FALSE,182,2026-06-21 17:18:29.827648,css,outro,figura gerada,ok,ativo
outputs/figures/interactive/rr_surface_3d_noroeste_obitos_i60_i64_temp_med_files/plotly-main-2.25.2/plotly-latest.min.js,C:/Users/oorie/OneDrive/Documentos/TRABALHOS/DLNM/05_publicacao_github/outputs/figures/interactive/rr_surface_3d_noroeste_obitos_i60_i64_temp_med_files/plotly-main-2.25.2/plotly-latest.min.js,TRUE,FALSE,3575017,2026-06-21 17:18:29.827938,js,outro,figura gerada,ok,ativo
outputs/figures/interactive/rr_surface_3d_noroeste_obitos_i60_i64_temp_med_files/typedarray-0.1/typedarray.min.js,C:/Users/oorie/OneDrive/Documentos/TRABALHOS/DLNM/05_publicacao_github/outputs/figures/interactive/rr_surface_3d_noroeste_obitos_i60_i64_temp_med_files/typedarray-0.1/typedarray.min.js,TRUE,FALSE,22444,2026-06-21 17:18:29.828215,js,outro,figura gerada,ok,ativo
outputs/figures/interactive/rr_surface_3d_noroeste_obitos_i60_i64_ur_med.html,C:/Users/oorie/OneDrive/Documentos/TRABALHOS/DLNM/05_publicacao_github/outputs/figures/interactive/rr_surface_3d_noroeste_obitos_i60_i64_ur_med.html,TRUE,FALSE,52479,2026-06-21 17:18:29.828531,html,HTML,figura gerada,ok,ativo
outputs/figures/interactive/rr_surface_3d_noroeste_obitos_i60_i64_ur_med_files/crosstalk-1.2.2/css/crosstalk.min.css,C:/Users/oorie/OneDrive/Documentos/TRABALHOS/DLNM/05_publicacao_github/outputs/figures/interactive/rr_surface_3d_noroeste_obitos_i60_i64_ur_med_files/crosstalk-1.2.2/css/crosstalk.min.css,TRUE,FALSE,1307,2026-06-21 17:18:29.828733,css,outro,figura gerada,ok,ativo
outputs/figures/interactive/rr_surface_3d_noroeste_obitos_i60_i64_ur_med_files/crosstalk-1.2.2/js/crosstalk.js,C:/Users/oorie/OneDrive/Documentos/TRABALHOS/DLNM/05_publicacao_github/outputs/figures/interactive/rr_surface_3d_noroeste_obitos_i60_i64_ur_med_files/crosstalk-1.2.2/js/crosstalk.js,TRUE,FALSE,50504,2026-06-21 17:18:29.82938,js,outro,figura gerada,ok,ativo
outputs/figures/interactive/rr_surface_3d_noroeste_obitos_i60_i64_ur_med_files/crosstalk-1.2.2/js/crosstalk.js.map,C:/Users/oorie/OneDrive/Documentos/TRABALHOS/DLNM/05_publicacao_github/outputs/figures/interactive/rr_surface_3d_noroeste_obitos_i60_i64_ur_med_files/crosstalk-1.2.2/js/crosstalk.js.map,TRUE,FALSE,54889,2026-06-21 17:18:29.830849,map,outro,figura gerada,ok,ativo
outputs/figures/interactive/rr_surface_3d_noroeste_obitos_i60_i64_ur_med_files/crosstalk-1.2.2/js/crosstalk.min.js,C:/Users/oorie/OneDrive/Documentos/TRABALHOS/DLNM/05_publicacao_github/outputs/figures/interactive/rr_surface_3d_noroeste_obitos_i60_i64_ur_med_files/crosstalk-1.2.2/js/crosstalk.min.js,TRUE,FALSE,18926,2026-06-21 17:18:29.831772,js,outro,figura gerada,ok,ativo
outputs/figures/interactive/rr_surface_3d_noroeste_obitos_i60_i64_ur_med_files/crosstalk-1.2.2/js/crosstalk.min.js.map,C:/Users/oorie/OneDrive/Documentos/TRABALHOS/DLNM/05_publicacao_github/outputs/figures/interactive/rr_surface_3d_noroeste_obitos_i60_i64_ur_med_files/crosstalk-1.2.2/js/crosstalk.min.js.map,TRUE,FALSE,50338,2026-06-21 17:18:29.832224,map,outro,figura gerada,ok,ativo
outputs/figures/interactive/rr_surface_3d_noroeste_obitos_i60_i64_ur_med_files/crosstalk-1.2.2/scss/crosstalk.scss,C:/Users/oorie/OneDrive/Documentos/TRABALHOS/DLNM/05_publicacao_github/outputs/figures/interactive/rr_surface_3d_noroeste_obitos_i60_i64_ur_med_files/crosstalk-1.2.2/scss/crosstalk.scss,TRUE,FALSE,1891,2026-06-21 17:18:29.83242,scss,outro,figura gerada,ok,ativo
outputs/figures/interactive/rr_surface_3d_noroeste_obitos_i60_i64_ur_med_files/htmltools-fill-0.5.9/fill.css,C:/Users/oorie/OneDrive/Documentos/TRABALHOS/DLNM/05_publicacao_github/outputs/figures/interactive/rr_surface_3d_noroeste_obitos_i60_i64_ur_med_files/htmltools-fill-0.5.9/fill.css,TRUE,FALSE,606,2026-06-21 17:18:29.832699,css,outro,figura gerada,ok,ativo
outputs/figures/interactive/rr_surface_3d_noroeste_obitos_i60_i64_ur_med_files/htmlwidgets-1.6.4/htmlwidgets.js,C:/Users/oorie/OneDrive/Documentos/TRABALHOS/DLNM/05_publicacao_github/outputs/figures/interactive/rr_surface_3d_noroeste_obitos_i60_i64_ur_med_files/htmlwidgets-1.6.4/htmlwidgets.js,TRUE,FALSE,34091,2026-06-21 17:18:29.833357,js,outro,figura gerada,ok,ativo
outputs/figures/interactive/rr_surface_3d_noroeste_obitos_i60_i64_ur_med_files/jquery-3.5.1/jquery-AUTHORS.txt,C:/Users/oorie/OneDrive/Documentos/TRABALHOS/DLNM/05_publicacao_github/outputs/figures/interactive/rr_surface_3d_noroeste_obitos_i60_i64_ur_med_files/jquery-3.5.1/jquery-AUTHORS.txt,TRUE,FALSE,13726,2026-06-21 17:18:29.833979,txt,documentação/log,figura gerada,ok,ativo
outputs/figures/interactive/rr_surface_3d_noroeste_obitos_i60_i64_ur_med_files/jquery-3.5.1/jquery.js,C:/Users/oorie/OneDrive/Documentos/TRABALHOS/DLNM/05_publicacao_github/outputs/figures/interactive/rr_surface_3d_noroeste_obitos_i60_i64_ur_med_files/jquery-3.5.1/jquery.js,TRUE,FALSE,298502,2026-06-21 17:18:29.834505,js,outro,figura gerada,ok,ativo
outputs/figures/interactive/rr_surface_3d_noroeste_obitos_i60_i64_ur_med_files/jquery-3.5.1/jquery.min.js,C:/Users/oorie/OneDrive/Documentos/TRABALHOS/DLNM/05_publicacao_github/outputs/figures/interactive/rr_surface_3d_noroeste_obitos_i60_i64_ur_med_files/jquery-3.5.1/jquery.min.js,TRUE,FALSE,89478,2026-06-21 17:18:29.834696,js,outro,figura gerada,ok,ativo
outputs/figures/interactive/rr_surface_3d_noroeste_obitos_i60_i64_ur_med_files/jquery-3.5.1/jquery.min.map,C:/Users/oorie/OneDrive/Documentos/TRABALHOS/DLNM/05_publicacao_github/outputs/figures/interactive/rr_surface_3d_noroeste_obitos_i60_i64_ur_med_files/jquery-3.5.1/jquery.min.map,TRUE,FALSE,137986,2026-06-21 17:18:29.83511,map,outro,figura gerada,ok,ativo
outputs/figures/interactive/rr_surface_3d_noroeste_obitos_i60_i64_ur_med_files/plotly-binding-4.12.0/plotly.js,C:/Users/oorie/OneDrive/Documentos/TRABALHOS/DLNM/05_publicacao_github/outputs/figures/interactive/rr_surface_3d_noroeste_obitos_i60_i64_ur_med_files/plotly-binding-4.12.0/plotly.js,TRUE,FALSE,34699,2026-06-21 17:18:29.835419,js,outro,figura gerada,ok,ativo
outputs/figures/interactive/rr_surface_3d_noroeste_obitos_i60_i64_ur_med_files/plotly-htmlwidgets-css-2.25.2/plotly-htmlwidgets.css,C:/Users/oorie/OneDrive/Documentos/TRABALHOS/DLNM/05_publicacao_github/outputs/figures/interactive/rr_surface_3d_noroeste_obitos_i60_i64_ur_med_files/plotly-htmlwidgets-css-2.25.2/plotly-htmlwidgets.css,TRUE,FALSE,182,2026-06-21 17:18:29.835732,css,outro,figura gerada,ok,ativo
outputs/figures/interactive/rr_surface_3d_noroeste_obitos_i60_i64_ur_med_files/plotly-main-2.25.2/plotly-latest.min.js,C:/Users/oorie/OneDrive/Documentos/TRABALHOS/DLNM/05_publicacao_github/outputs/figures/interactive/rr_surface_3d_noroeste_obitos_i60_i64_ur_med_files/plotly-main-2.25.2/plotly-latest.min.js,TRUE,FALSE,3575017,2026-06-21 17:18:29.836016,js,outro,figura gerada,ok,ativo
outputs/figures/interactive/rr_surface_3d_noroeste_obitos_i60_i64_ur_med_files/typedarray-0.1/typedarray.min.js,C:/Users/oorie/OneDrive/Documentos/TRABALHOS/DLNM/05_publicacao_github/outputs/figures/interactive/rr_surface_3d_noroeste_obitos_i60_i64_ur_med_files/typedarray-0.1/typedarray.min.js,TRUE,FALSE,22444,2026-06-21 17:18:29.836391,js,outro,figura gerada,ok,ativo
outputs/figures/interactive/rr_surface_3d_noroeste_obitos_i60_i69_temp_med.html,C:/Users/oorie/OneDrive/Documentos/TRABALHOS/DLNM/05_publicacao_github/outputs/figures/interactive/rr_surface_3d_noroeste_obitos_i60_i69_temp_med.html,TRUE,FALSE,51936,2026-06-21 17:18:29.836737,html,HTML,figura gerada,ok,ativo
outputs/figures/interactive/rr_surface_3d_noroeste_obitos_i60_i69_temp_med_files/crosstalk-1.2.2/css/crosstalk.min.css,C:/Users/oorie/OneDrive/Documentos/TRABALHOS/DLNM/05_publicacao_github/outputs/figures/interactive/rr_surface_3d_noroeste_obitos_i60_i69_temp_med_files/crosstalk-1.2.2/css/crosstalk.min.css,TRUE,FALSE,1307,2026-06-21 17:18:29.837673,css,outro,figura gerada,ok,ativo
outputs/figures/interactive/rr_surface_3d_noroeste_obitos_i60_i69_temp_med_files/crosstalk-1.2.2/js/crosstalk.js,C:/Users/oorie/OneDrive/Documentos/TRABALHOS/DLNM/05_publicacao_github/outputs/figures/interactive/rr_surface_3d_noroeste_obitos_i60_i69_temp_med_files/crosstalk-1.2.2/js/crosstalk.js,TRUE,FALSE,50504,2026-06-21 17:18:29.838789,js,outro,figura gerada,ok,ativo
outputs/figures/interactive/rr_surface_3d_noroeste_obitos_i60_i69_temp_med_files/crosstalk-1.2.2/js/crosstalk.js.map,C:/Users/oorie/OneDrive/Documentos/TRABALHOS/DLNM/05_publicacao_github/outputs/figures/interactive/rr_surface_3d_noroeste_obitos_i60_i69_temp_med_files/crosstalk-1.2.2/js/crosstalk.js.map,TRUE,FALSE,54889,2026-06-21 17:18:29.839449,map,outro,figura gerada,ok,ativo
outputs/figures/interactive/rr_surface_3d_noroeste_obitos_i60_i69_temp_med_files/crosstalk-1.2.2/js/crosstalk.min.js,C:/Users/oorie/OneDrive/Documentos/TRABALHOS/DLNM/05_publicacao_github/outputs/figures/interactive/rr_surface_3d_noroeste_obitos_i60_i69_temp_med_files/crosstalk-1.2.2/js/crosstalk.min.js,TRUE,FALSE,18926,2026-06-21 17:18:29.83972,js,outro,figura gerada,ok,ativo
outputs/figures/interactive/rr_surface_3d_noroeste_obitos_i60_i69_temp_med_files/crosstalk-1.2.2/js/crosstalk.min.js.map,C:/Users/oorie/OneDrive/Documentos/TRABALHOS/DLNM/05_publicacao_github/outputs/figures/interactive/rr_surface_3d_noroeste_obitos_i60_i69_temp_med_files/crosstalk-1.2.2/js/crosstalk.min.js.map,TRUE,FALSE,50338,2026-06-21 17:18:29.840338,map,outro,figura gerada,ok,ativo
outputs/figures/interactive/rr_surface_3d_noroeste_obitos_i60_i69_temp_med_files/crosstalk-1.2.2/scss/crosstalk.scss,C:/Users/oorie/OneDrive/Documentos/TRABALHOS/DLNM/05_publicacao_github/outputs/figures/interactive/rr_surface_3d_noroeste_obitos_i60_i69_temp_med_files/crosstalk-1.2.2/scss/crosstalk.scss,TRUE,FALSE,1891,2026-06-21 17:18:29.840912,scss,outro,figura gerada,ok,ativo
outputs/figures/interactive/rr_surface_3d_noroeste_obitos_i60_i69_temp_med_files/htmltools-fill-0.5.9/fill.css,C:/Users/oorie/OneDrive/Documentos/TRABALHOS/DLNM/05_publicacao_github/outputs/figures/interactive/rr_surface_3d_noroeste_obitos_i60_i69_temp_med_files/htmltools-fill-0.5.9/fill.css,TRUE,FALSE,606,2026-06-21 17:18:29.841219,css,outro,figura gerada,ok,ativo
outputs/figures/interactive/rr_surface_3d_noroeste_obitos_i60_i69_temp_med_files/htmlwidgets-1.6.4/htmlwidgets.js,C:/Users/oorie/OneDrive/Documentos/TRABALHOS/DLNM/05_publicacao_github/outputs/figures/interactive/rr_surface_3d_noroeste_obitos_i60_i69_temp_med_files/htmlwidgets-1.6.4/htmlwidgets.js,TRUE,FALSE,34091,2026-06-21 17:18:29.841839,js,outro,figura gerada,ok,ativo
outputs/figures/interactive/rr_surface_3d_noroeste_obitos_i60_i69_temp_med_files/jquery-3.5.1/jquery-AUTHORS.txt,C:/Users/oorie/OneDrive/Documentos/TRABALHOS/DLNM/05_publicacao_github/outputs/figures/interactive/rr_surface_3d_noroeste_obitos_i60_i69_temp_med_files/jquery-3.5.1/jquery-AUTHORS.txt,TRUE,FALSE,13726,2026-06-21 17:18:29.842142,txt,documentação/log,figura gerada,ok,ativo
outputs/figures/interactive/rr_surface_3d_noroeste_obitos_i60_i69_temp_med_files/jquery-3.5.1/jquery.js,C:/Users/oorie/OneDrive/Documentos/TRABALHOS/DLNM/05_publicacao_github/outputs/figures/interactive/rr_surface_3d_noroeste_obitos_i60_i69_temp_med_files/jquery-3.5.1/jquery.js,TRUE,FALSE,298502,2026-06-21 17:18:29.84243,js,outro,figura gerada,ok,ativo
outputs/figures/interactive/rr_surface_3d_noroeste_obitos_i60_i69_temp_med_files/jquery-3.5.1/jquery.min.js,C:/Users/oorie/OneDrive/Documentos/TRABALHOS/DLNM/05_publicacao_github/outputs/figures/interactive/rr_surface_3d_noroeste_obitos_i60_i69_temp_med_files/jquery-3.5.1/jquery.min.js,TRUE,FALSE,89478,2026-06-21 17:18:29.842712,js,outro,figura gerada,ok,ativo
outputs/figures/interactive/rr_surface_3d_noroeste_obitos_i60_i69_temp_med_files/jquery-3.5.1/jquery.min.map,C:/Users/oorie/OneDrive/Documentos/TRABALHOS/DLNM/05_publicacao_github/outputs/figures/interactive/rr_surface_3d_noroeste_obitos_i60_i69_temp_med_files/jquery-3.5.1/jquery.min.map,TRUE,FALSE,137986,2026-06-21 17:18:29.843487,map,outro,figura gerada,ok,ativo
outputs/figures/interactive/rr_surface_3d_noroeste_obitos_i60_i69_temp_med_files/plotly-binding-4.12.0/plotly.js,C:/Users/oorie/OneDrive/Documentos/TRABALHOS/DLNM/05_publicacao_github/outputs/figures/interactive/rr_surface_3d_noroeste_obitos_i60_i69_temp_med_files/plotly-binding-4.12.0/plotly.js,TRUE,FALSE,34699,2026-06-21 17:18:29.844273,js,outro,figura gerada,ok,ativo
outputs/figures/interactive/rr_surface_3d_noroeste_obitos_i60_i69_temp_med_files/plotly-htmlwidgets-css-2.25.2/plotly-htmlwidgets.css,C:/Users/oorie/OneDrive/Documentos/TRABALHOS/DLNM/05_publicacao_github/outputs/figures/interactive/rr_surface_3d_noroeste_obitos_i60_i69_temp_med_files/plotly-htmlwidgets-css-2.25.2/plotly-htmlwidgets.css,TRUE,FALSE,182,2026-06-21 17:18:29.845211,css,outro,figura gerada,ok,ativo
outputs/figures/interactive/rr_surface_3d_noroeste_obitos_i60_i69_temp_med_files/plotly-main-2.25.2/plotly-latest.min.js,C:/Users/oorie/OneDrive/Documentos/TRABALHOS/DLNM/05_publicacao_github/outputs/figures/interactive/rr_surface_3d_noroeste_obitos_i60_i69_temp_med_files/plotly-main-2.25.2/plotly-latest.min.js,TRUE,FALSE,3575017,2026-06-21 17:18:29.845579,js,outro,figura gerada,ok,ativo
outputs/figures/interactive/rr_surface_3d_noroeste_obitos_i60_i69_temp_med_files/typedarray-0.1/typedarray.min.js,C:/Users/oorie/OneDrive/Documentos/TRABALHOS/DLNM/05_publicacao_github/outputs/figures/interactive/rr_surface_3d_noroeste_obitos_i60_i69_temp_med_files/typedarray-0.1/typedarray.min.js,TRUE,FALSE,22444,2026-06-21 17:18:29.845924,js,outro,figura gerada,ok,ativo
outputs/figures/interactive/rr_surface_3d_noroeste_obitos_i60_i69_ur_med.html,C:/Users/oorie/OneDrive/Documentos/TRABALHOS/DLNM/05_publicacao_github/outputs/figures/interactive/rr_surface_3d_noroeste_obitos_i60_i69_ur_med.html,TRUE,FALSE,52792,2026-06-21 17:18:29.846111,html,HTML,figura gerada,ok,ativo
outputs/figures/interactive/rr_surface_3d_noroeste_obitos_i60_i69_ur_med_files/crosstalk-1.2.2/css/crosstalk.min.css,C:/Users/oorie/OneDrive/Documentos/TRABALHOS/DLNM/05_publicacao_github/outputs/figures/interactive/rr_surface_3d_noroeste_obitos_i60_i69_ur_med_files/crosstalk-1.2.2/css/crosstalk.min.css,TRUE,FALSE,1307,2026-06-21 17:18:29.877508,css,outro,figura gerada,ok,ativo
outputs/figures/interactive/rr_surface_3d_noroeste_obitos_i60_i69_ur_med_files/crosstalk-1.2.2/js/crosstalk.js,C:/Users/oorie/OneDrive/Documentos/TRABALHOS/DLNM/05_publicacao_github/outputs/figures/interactive/rr_surface_3d_noroeste_obitos_i60_i69_ur_med_files/crosstalk-1.2.2/js/crosstalk.js,TRUE,FALSE,50504,2026-06-21 17:18:29.878717,js,outro,figura gerada,ok,ativo
outputs/figures/interactive/rr_surface_3d_noroeste_obitos_i60_i69_ur_med_files/crosstalk-1.2.2/js/crosstalk.js.map,C:/Users/oorie/OneDrive/Documentos/TRABALHOS/DLNM/05_publicacao_github/outputs/figures/interactive/rr_surface_3d_noroeste_obitos_i60_i69_ur_med_files/crosstalk-1.2.2/js/crosstalk.js.map,TRUE,FALSE,54889,2026-06-21 17:18:29.879887,map,outro,figura gerada,ok,ativo
outputs/figures/interactive/rr_surface_3d_noroeste_obitos_i60_i69_ur_med_files/crosstalk-1.2.2/js/crosstalk.min.js,C:/Users/oorie/OneDrive/Documentos/TRABALHOS/DLNM/05_publicacao_github/outputs/figures/interactive/rr_surface_3d_noroeste_obitos_i60_i69_ur_med_files/crosstalk-1.2.2/js/crosstalk.min.js,TRUE,FALSE,18926,2026-06-21 17:18:29.880207,js,outro,figura gerada,ok,ativo
outputs/figures/interactive/rr_surface_3d_noroeste_obitos_i60_i69_ur_med_files/crosstalk-1.2.2/js/crosstalk.min.js.map,C:/Users/oorie/OneDrive/Documentos/TRABALHOS/DLNM/05_publicacao_github/outputs/figures/interactive/rr_surface_3d_noroeste_obitos_i60_i69_ur_med_files/crosstalk-1.2.2/js/crosstalk.min.js.map,TRUE,FALSE,50338,2026-06-21 17:18:29.880873,map,outro,figura gerada,ok,ativo
outputs/figures/interactive/rr_surface_3d_noroeste_obitos_i60_i69_ur_med_files/crosstalk-1.2.2/scss/crosstalk.scss,C:/Users/oorie/OneDrive/Documentos/TRABALHOS/DLNM/05_publicacao_github/outputs/figures/interactive/rr_surface_3d_noroeste_obitos_i60_i69_ur_med_files/crosstalk-1.2.2/scss/crosstalk.scss,TRUE,FALSE,1891,2026-06-21 17:18:29.88125,scss,outro,figura gerada,ok,ativo
outputs/figures/interactive/rr_surface_3d_noroeste_obitos_i60_i69_ur_med_files/htmltools-fill-0.5.9/fill.css,C:/Users/oorie/OneDrive/Documentos/TRABALHOS/DLNM/05_publicacao_github/outputs/figures/interactive/rr_surface_3d_noroeste_obitos_i60_i69_ur_med_files/htmltools-fill-0.5.9/fill.css,TRUE,FALSE,606,2026-06-21 17:18:29.881567,css,outro,figura gerada,ok,ativo
outputs/figures/interactive/rr_surface_3d_noroeste_obitos_i60_i69_ur_med_files/htmlwidgets-1.6.4/htmlwidgets.js,C:/Users/oorie/OneDrive/Documentos/TRABALHOS/DLNM/05_publicacao_github/outputs/figures/interactive/rr_surface_3d_noroeste_obitos_i60_i69_ur_med_files/htmlwidgets-1.6.4/htmlwidgets.js,TRUE,FALSE,34091,2026-06-21 17:18:29.881891,js,outro,figura gerada,ok,ativo
outputs/figures/interactive/rr_surface_3d_noroeste_obitos_i60_i69_ur_med_files/jquery-3.5.1/jquery-AUTHORS.txt,C:/Users/oorie/OneDrive/Documentos/TRABALHOS/DLNM/05_publicacao_github/outputs/figures/interactive/rr_surface_3d_noroeste_obitos_i60_i69_ur_med_files/jquery-3.5.1/jquery-AUTHORS.txt,TRUE,FALSE,13726,2026-06-21 17:18:29.882214,txt,documentação/log,figura gerada,ok,ativo
outputs/figures/interactive/rr_surface_3d_noroeste_obitos_i60_i69_ur_med_files/jquery-3.5.1/jquery.js,C:/Users/oorie/OneDrive/Documentos/TRABALHOS/DLNM/05_publicacao_github/outputs/figures/interactive/rr_surface_3d_noroeste_obitos_i60_i69_ur_med_files/jquery-3.5.1/jquery.js,TRUE,FALSE,298502,2026-06-21 17:18:29.882477,js,outro,figura gerada,ok,ativo
outputs/figures/interactive/rr_surface_3d_noroeste_obitos_i60_i69_ur_med_files/jquery-3.5.1/jquery.min.js,C:/Users/oorie/OneDrive/Documentos/TRABALHOS/DLNM/05_publicacao_github/outputs/figures/interactive/rr_surface_3d_noroeste_obitos_i60_i69_ur_med_files/jquery-3.5.1/jquery.min.js,TRUE,FALSE,89478,2026-06-21 17:18:29.882793,js,outro,figura gerada,ok,ativo
outputs/figures/interactive/rr_surface_3d_noroeste_obitos_i60_i69_ur_med_files/jquery-3.5.1/jquery.min.map,C:/Users/oorie/OneDrive/Documentos/TRABALHOS/DLNM/05_publicacao_github/outputs/figures/interactive/rr_surface_3d_noroeste_obitos_i60_i69_ur_med_files/jquery-3.5.1/jquery.min.map,TRUE,FALSE,137986,2026-06-21 17:18:29.883307,map,outro,figura gerada,ok,ativo
outputs/figures/interactive/rr_surface_3d_noroeste_obitos_i60_i69_ur_med_files/plotly-binding-4.12.0/plotly.js,C:/Users/oorie/OneDrive/Documentos/TRABALHOS/DLNM/05_publicacao_github/outputs/figures/interactive/rr_surface_3d_noroeste_obitos_i60_i69_ur_med_files/plotly-binding-4.12.0/plotly.js,TRUE,FALSE,34699,2026-06-21 17:18:29.883663,js,outro,figura gerada,ok,ativo
outputs/figures/interactive/rr_surface_3d_noroeste_obitos_i60_i69_ur_med_files/plotly-htmlwidgets-css-2.25.2/plotly-htmlwidgets.css,C:/Users/oorie/OneDrive/Documentos/TRABALHOS/DLNM/05_publicacao_github/outputs/figures/interactive/rr_surface_3d_noroeste_obitos_i60_i69_ur_med_files/plotly-htmlwidgets-css-2.25.2/plotly-htmlwidgets.css,TRUE,FALSE,182,2026-06-21 17:18:29.883986,css,outro,figura gerada,ok,ativo
outputs/figures/interactive/rr_surface_3d_noroeste_obitos_i60_i69_ur_med_files/plotly-main-2.25.2/plotly-latest.min.js,C:/Users/oorie/OneDrive/Documentos/TRABALHOS/DLNM/05_publicacao_github/outputs/figures/interactive/rr_surface_3d_noroeste_obitos_i60_i69_ur_med_files/plotly-main-2.25.2/plotly-latest.min.js,TRUE,FALSE,3575017,2026-06-21 17:18:29.884518,js,outro,figura gerada,ok,ativo
outputs/figures/interactive/rr_surface_3d_noroeste_obitos_i60_i69_ur_med_files/typedarray-0.1/typedarray.min.js,C:/Users/oorie/OneDrive/Documentos/TRABALHOS/DLNM/05_publicacao_github/outputs/figures/interactive/rr_surface_3d_noroeste_obitos_i60_i69_ur_med_files/typedarray-0.1/typedarray.min.js,TRUE,FALSE,22444,2026-06-21 17:18:29.885269,js,outro,figura gerada,ok,ativo
outputs/figures/interactive/rr_surface_3d_noroeste_obitos_i63_ur_med.html,C:/Users/oorie/OneDrive/Documentos/TRABALHOS/DLNM/05_publicacao_github/outputs/figures/interactive/rr_surface_3d_noroeste_obitos_i63_ur_med.html,TRUE,FALSE,51970,2026-06-21 17:18:29.88563,html,HTML,figura gerada,ok,ativo
outputs/figures/interactive/rr_surface_3d_noroeste_obitos_i63_ur_med_files/crosstalk-1.2.2/css/crosstalk.min.css,C:/Users/oorie/OneDrive/Documentos/TRABALHOS/DLNM/05_publicacao_github/outputs/figures/interactive/rr_surface_3d_noroeste_obitos_i63_ur_med_files/crosstalk-1.2.2/css/crosstalk.min.css,TRUE,FALSE,1307,2026-06-21 17:18:29.886005,css,outro,figura gerada,ok,ativo
outputs/figures/interactive/rr_surface_3d_noroeste_obitos_i63_ur_med_files/crosstalk-1.2.2/js/crosstalk.js,C:/Users/oorie/OneDrive/Documentos/TRABALHOS/DLNM/05_publicacao_github/outputs/figures/interactive/rr_surface_3d_noroeste_obitos_i63_ur_med_files/crosstalk-1.2.2/js/crosstalk.js,TRUE,FALSE,50504,2026-06-21 17:18:29.886538,js,outro,figura gerada,ok,ativo
outputs/figures/interactive/rr_surface_3d_noroeste_obitos_i63_ur_med_files/crosstalk-1.2.2/js/crosstalk.js.map,C:/Users/oorie/OneDrive/Documentos/TRABALHOS/DLNM/05_publicacao_github/outputs/figures/interactive/rr_surface_3d_noroeste_obitos_i63_ur_med_files/crosstalk-1.2.2/js/crosstalk.js.map,TRUE,FALSE,54889,2026-06-21 17:18:29.887447,map,outro,figura gerada,ok,ativo
outputs/figures/interactive/rr_surface_3d_noroeste_obitos_i63_ur_med_files/crosstalk-1.2.2/js/crosstalk.min.js,C:/Users/oorie/OneDrive/Documentos/TRABALHOS/DLNM/05_publicacao_github/outputs/figures/interactive/rr_surface_3d_noroeste_obitos_i63_ur_med_files/crosstalk-1.2.2/js/crosstalk.min.js,TRUE,FALSE,18926,2026-06-21 17:18:29.887823,js,outro,figura gerada,ok,ativo
outputs/figures/interactive/rr_surface_3d_noroeste_obitos_i63_ur_med_files/crosstalk-1.2.2/js/crosstalk.min.js.map,C:/Users/oorie/OneDrive/Documentos/TRABALHOS/DLNM/05_publicacao_github/outputs/figures/interactive/rr_surface_3d_noroeste_obitos_i63_ur_med_files/crosstalk-1.2.2/js/crosstalk.min.js.map,TRUE,FALSE,50338,2026-06-21 17:18:29.888481,map,outro,figura gerada,ok,ativo
outputs/figures/interactive/rr_surface_3d_noroeste_obitos_i63_ur_med_files/crosstalk-1.2.2/scss/crosstalk.scss,C:/Users/oorie/OneDrive/Documentos/TRABALHOS/DLNM/05_publicacao_github/outputs/figures/interactive/rr_surface_3d_noroeste_obitos_i63_ur_med_files/crosstalk-1.2.2/scss/crosstalk.scss,TRUE,FALSE,1891,2026-06-21 17:18:29.888916,scss,outro,figura gerada,ok,ativo
outputs/figures/interactive/rr_surface_3d_noroeste_obitos_i63_ur_med_files/htmltools-fill-0.5.9/fill.css,C:/Users/oorie/OneDrive/Documentos/TRABALHOS/DLNM/05_publicacao_github/outputs/figures/interactive/rr_surface_3d_noroeste_obitos_i63_ur_med_files/htmltools-fill-0.5.9/fill.css,TRUE,FALSE,606,2026-06-21 17:18:29.889229,css,outro,figura gerada,ok,ativo
outputs/figures/interactive/rr_surface_3d_noroeste_obitos_i63_ur_med_files/htmlwidgets-1.6.4/htmlwidgets.js,C:/Users/oorie/OneDrive/Documentos/TRABALHOS/DLNM/05_publicacao_github/outputs/figures/interactive/rr_surface_3d_noroeste_obitos_i63_ur_med_files/htmlwidgets-1.6.4/htmlwidgets.js,TRUE,FALSE,34091,2026-06-21 17:18:29.889748,js,outro,figura gerada,ok,ativo
outputs/figures/interactive/rr_surface_3d_noroeste_obitos_i63_ur_med_files/jquery-3.5.1/jquery-AUTHORS.txt,C:/Users/oorie/OneDrive/Documentos/TRABALHOS/DLNM/05_publicacao_github/outputs/figures/interactive/rr_surface_3d_noroeste_obitos_i63_ur_med_files/jquery-3.5.1/jquery-AUTHORS.txt,TRUE,FALSE,13726,2026-06-21 17:18:29.890455,txt,documentação/log,figura gerada,ok,ativo
outputs/figures/interactive/rr_surface_3d_noroeste_obitos_i63_ur_med_files/jquery-3.5.1/jquery.js,C:/Users/oorie/OneDrive/Documentos/TRABALHOS/DLNM/05_publicacao_github/outputs/figures/interactive/rr_surface_3d_noroeste_obitos_i63_ur_med_files/jquery-3.5.1/jquery.js,TRUE,FALSE,298502,2026-06-21 17:18:29.891073,js,outro,figura gerada,ok,ativo
outputs/figures/interactive/rr_surface_3d_noroeste_obitos_i63_ur_med_files/jquery-3.5.1/jquery.min.js,C:/Users/oorie/OneDrive/Documentos/TRABALHOS/DLNM/05_publicacao_github/outputs/figures/interactive/rr_surface_3d_noroeste_obitos_i63_ur_med_files/jquery-3.5.1/jquery.min.js,TRUE,FALSE,89478,2026-06-21 17:18:29.891317,js,outro,figura gerada,ok,ativo
outputs/figures/interactive/rr_surface_3d_noroeste_obitos_i63_ur_med_files/jquery-3.5.1/jquery.min.map,C:/Users/oorie/OneDrive/Documentos/TRABALHOS/DLNM/05_publicacao_github/outputs/figures/interactive/rr_surface_3d_noroeste_obitos_i63_ur_med_files/jquery-3.5.1/jquery.min.map,TRUE,FALSE,137986,2026-06-21 17:18:29.891666,map,outro,figura gerada,ok,ativo
outputs/figures/interactive/rr_surface_3d_noroeste_obitos_i63_ur_med_files/plotly-binding-4.12.0/plotly.js,C:/Users/oorie/OneDrive/Documentos/TRABALHOS/DLNM/05_publicacao_github/outputs/figures/interactive/rr_surface_3d_noroeste_obitos_i63_ur_med_files/plotly-binding-4.12.0/plotly.js,TRUE,FALSE,34699,2026-06-21 17:18:29.892042,js,outro,figura gerada,ok,ativo
outputs/figures/interactive/rr_surface_3d_noroeste_obitos_i63_ur_med_files/plotly-htmlwidgets-css-2.25.2/plotly-htmlwidgets.css,C:/Users/oorie/OneDrive/Documentos/TRABALHOS/DLNM/05_publicacao_github/outputs/figures/interactive/rr_surface_3d_noroeste_obitos_i63_ur_med_files/plotly-htmlwidgets-css-2.25.2/plotly-htmlwidgets.css,TRUE,FALSE,182,2026-06-21 17:18:29.892515,css,outro,figura gerada,ok,ativo
outputs/figures/interactive/rr_surface_3d_noroeste_obitos_i63_ur_med_files/plotly-main-2.25.2/plotly-latest.min.js,C:/Users/oorie/OneDrive/Documentos/TRABALHOS/DLNM/05_publicacao_github/outputs/figures/interactive/rr_surface_3d_noroeste_obitos_i63_ur_med_files/plotly-main-2.25.2/plotly-latest.min.js,TRUE,FALSE,3575017,2026-06-21 17:18:29.893534,js,outro,figura gerada,ok,ativo
outputs/figures/interactive/rr_surface_3d_noroeste_obitos_i63_ur_med_files/typedarray-0.1/typedarray.min.js,C:/Users/oorie/OneDrive/Documentos/TRABALHOS/DLNM/05_publicacao_github/outputs/figures/interactive/rr_surface_3d_noroeste_obitos_i63_ur_med_files/typedarray-0.1/typedarray.min.js,TRUE,FALSE,22444,2026-06-21 17:18:29.894016,js,outro,figura gerada,ok,ativo
outputs/figures/interactive/rr_surface_3d_norte_internacoes_i60_i62_temp_med.html,C:/Users/oorie/OneDrive/Documentos/TRABALHOS/DLNM/05_publicacao_github/outputs/figures/interactive/rr_surface_3d_norte_internacoes_i60_i62_temp_med.html,TRUE,FALSE,52017,2026-06-21 17:18:29.894442,html,HTML,figura gerada,ok,ativo
outputs/figures/interactive/rr_surface_3d_norte_internacoes_i60_i62_temp_med_files/crosstalk-1.2.2/css/crosstalk.min.css,C:/Users/oorie/OneDrive/Documentos/TRABALHOS/DLNM/05_publicacao_github/outputs/figures/interactive/rr_surface_3d_norte_internacoes_i60_i62_temp_med_files/crosstalk-1.2.2/css/crosstalk.min.css,TRUE,FALSE,1307,2026-06-21 17:18:29.894716,css,outro,figura gerada,ok,ativo
outputs/figures/interactive/rr_surface_3d_norte_internacoes_i60_i62_temp_med_files/crosstalk-1.2.2/js/crosstalk.js,C:/Users/oorie/OneDrive/Documentos/TRABALHOS/DLNM/05_publicacao_github/outputs/figures/interactive/rr_surface_3d_norte_internacoes_i60_i62_temp_med_files/crosstalk-1.2.2/js/crosstalk.js,TRUE,FALSE,50504,2026-06-21 17:18:29.895153,js,outro,figura gerada,ok,ativo
outputs/figures/interactive/rr_surface_3d_norte_internacoes_i60_i62_temp_med_files/crosstalk-1.2.2/js/crosstalk.js.map,C:/Users/oorie/OneDrive/Documentos/TRABALHOS/DLNM/05_publicacao_github/outputs/figures/interactive/rr_surface_3d_norte_internacoes_i60_i62_temp_med_files/crosstalk-1.2.2/js/crosstalk.js.map,TRUE,FALSE,54889,2026-06-21 17:18:29.895674,map,outro,figura gerada,ok,ativo
outputs/figures/interactive/rr_surface_3d_norte_internacoes_i60_i62_temp_med_files/crosstalk-1.2.2/js/crosstalk.min.js,C:/Users/oorie/OneDrive/Documentos/TRABALHOS/DLNM/05_publicacao_github/outputs/figures/interactive/rr_surface_3d_norte_internacoes_i60_i62_temp_med_files/crosstalk-1.2.2/js/crosstalk.min.js,TRUE,FALSE,18926,2026-06-21 17:18:29.895977,js,outro,figura gerada,ok,ativo
outputs/figures/interactive/rr_surface_3d_norte_internacoes_i60_i62_temp_med_files/crosstalk-1.2.2/js/crosstalk.min.js.map,C:/Users/oorie/OneDrive/Documentos/TRABALHOS/DLNM/05_publicacao_github/outputs/figures/interactive/rr_surface_3d_norte_internacoes_i60_i62_temp_med_files/crosstalk-1.2.2/js/crosstalk.min.js.map,TRUE,FALSE,50338,2026-06-21 17:18:29.896235,map,outro,figura gerada,ok,ativo
outputs/figures/interactive/rr_surface_3d_norte_internacoes_i60_i62_temp_med_files/crosstalk-1.2.2/scss/crosstalk.scss,C:/Users/oorie/OneDrive/Documentos/TRABALHOS/DLNM/05_publicacao_github/outputs/figures/interactive/rr_surface_3d_norte_internacoes_i60_i62_temp_med_files/crosstalk-1.2.2/scss/crosstalk.scss,TRUE,FALSE,1891,2026-06-21 17:18:29.896572,scss,outro,figura gerada,ok,ativo
outputs/figures/interactive/rr_surface_3d_norte_internacoes_i60_i62_temp_med_files/htmltools-fill-0.5.9/fill.css,C:/Users/oorie/OneDrive/Documentos/TRABALHOS/DLNM/05_publicacao_github/outputs/figures/interactive/rr_surface_3d_norte_internacoes_i60_i62_temp_med_files/htmltools-fill-0.5.9/fill.css,TRUE,FALSE,606,2026-06-21 17:18:29.897038,css,outro,figura gerada,ok,ativo
outputs/figures/interactive/rr_surface_3d_norte_internacoes_i60_i62_temp_med_files/htmlwidgets-1.6.4/htmlwidgets.js,C:/Users/oorie/OneDrive/Documentos/TRABALHOS/DLNM/05_publicacao_github/outputs/figures/interactive/rr_surface_3d_norte_internacoes_i60_i62_temp_med_files/htmlwidgets-1.6.4/htmlwidgets.js,TRUE,FALSE,34091,2026-06-21 17:18:29.897358,js,outro,figura gerada,ok,ativo
outputs/figures/interactive/rr_surface_3d_norte_internacoes_i60_i62_temp_med_files/jquery-3.5.1/jquery-AUTHORS.txt,C:/Users/oorie/OneDrive/Documentos/TRABALHOS/DLNM/05_publicacao_github/outputs/figures/interactive/rr_surface_3d_norte_internacoes_i60_i62_temp_med_files/jquery-3.5.1/jquery-AUTHORS.txt,TRUE,FALSE,13726,2026-06-21 17:18:29.897652,txt,documentação/log,figura gerada,ok,ativo
outputs/figures/interactive/rr_surface_3d_norte_internacoes_i60_i62_temp_med_files/jquery-3.5.1/jquery.js,C:/Users/oorie/OneDrive/Documentos/TRABALHOS/DLNM/05_publicacao_github/outputs/figures/interactive/rr_surface_3d_norte_internacoes_i60_i62_temp_med_files/jquery-3.5.1/jquery.js,TRUE,FALSE,298502,2026-06-21 17:18:29.898012,js,outro,figura gerada,ok,ativo
outputs/figures/interactive/rr_surface_3d_norte_internacoes_i60_i62_temp_med_files/jquery-3.5.1/jquery.min.js,C:/Users/oorie/OneDrive/Documentos/TRABALHOS/DLNM/05_publicacao_github/outputs/figures/interactive/rr_surface_3d_norte_internacoes_i60_i62_temp_med_files/jquery-3.5.1/jquery.min.js,TRUE,FALSE,89478,2026-06-21 17:18:29.898249,js,outro,figura gerada,ok,ativo
outputs/figures/interactive/rr_surface_3d_norte_internacoes_i60_i62_temp_med_files/jquery-3.5.1/jquery.min.map,C:/Users/oorie/OneDrive/Documentos/TRABALHOS/DLNM/05_publicacao_github/outputs/figures/interactive/rr_surface_3d_norte_internacoes_i60_i62_temp_med_files/jquery-3.5.1/jquery.min.map,TRUE,FALSE,137986,2026-06-21 17:18:29.898964,map,outro,figura gerada,ok,ativo
outputs/figures/interactive/rr_surface_3d_norte_internacoes_i60_i62_temp_med_files/plotly-binding-4.12.0/plotly.js,C:/Users/oorie/OneDrive/Documentos/TRABALHOS/DLNM/05_publicacao_github/outputs/figures/interactive/rr_surface_3d_norte_internacoes_i60_i62_temp_med_files/plotly-binding-4.12.0/plotly.js,TRUE,FALSE,34699,2026-06-21 17:18:29.899508,js,outro,figura gerada,ok,ativo
outputs/figures/interactive/rr_surface_3d_norte_internacoes_i60_i62_temp_med_files/plotly-htmlwidgets-css-2.25.2/plotly-htmlwidgets.css,C:/Users/oorie/OneDrive/Documentos/TRABALHOS/DLNM/05_publicacao_github/outputs/figures/interactive/rr_surface_3d_norte_internacoes_i60_i62_temp_med_files/plotly-htmlwidgets-css-2.25.2/plotly-htmlwidgets.css,TRUE,FALSE,182,2026-06-21 17:18:29.899837,css,outro,figura gerada,ok,ativo
outputs/figures/interactive/rr_surface_3d_norte_internacoes_i60_i62_temp_med_files/plotly-main-2.25.2/plotly-latest.min.js,C:/Users/oorie/OneDrive/Documentos/TRABALHOS/DLNM/05_publicacao_github/outputs/figures/interactive/rr_surface_3d_norte_internacoes_i60_i62_temp_med_files/plotly-main-2.25.2/plotly-latest.min.js,TRUE,FALSE,3575017,2026-06-21 17:18:29.900314,js,outro,figura gerada,ok,ativo
outputs/figures/interactive/rr_surface_3d_norte_internacoes_i60_i62_temp_med_files/typedarray-0.1/typedarray.min.js,C:/Users/oorie/OneDrive/Documentos/TRABALHOS/DLNM/05_publicacao_github/outputs/figures/interactive/rr_surface_3d_norte_internacoes_i60_i62_temp_med_files/typedarray-0.1/typedarray.min.js,TRUE,FALSE,22444,2026-06-21 17:18:29.900782,js,outro,figura gerada,ok,ativo
outputs/figures/interactive/rr_surface_3d_norte_internacoes_i60_i62_ur_med.html,C:/Users/oorie/OneDrive/Documentos/TRABALHOS/DLNM/05_publicacao_github/outputs/figures/interactive/rr_surface_3d_norte_internacoes_i60_i62_ur_med.html,TRUE,FALSE,52047,2026-06-21 17:18:29.901054,html,HTML,figura gerada,ok,ativo
outputs/figures/interactive/rr_surface_3d_norte_internacoes_i60_i62_ur_med_files/crosstalk-1.2.2/css/crosstalk.min.css,C:/Users/oorie/OneDrive/Documentos/TRABALHOS/DLNM/05_publicacao_github/outputs/figures/interactive/rr_surface_3d_norte_internacoes_i60_i62_ur_med_files/crosstalk-1.2.2/css/crosstalk.min.css,TRUE,FALSE,1307,2026-06-21 17:18:29.901501,css,outro,figura gerada,ok,ativo
outputs/figures/interactive/rr_surface_3d_norte_internacoes_i60_i62_ur_med_files/crosstalk-1.2.2/js/crosstalk.js,C:/Users/oorie/OneDrive/Documentos/TRABALHOS/DLNM/05_publicacao_github/outputs/figures/interactive/rr_surface_3d_norte_internacoes_i60_i62_ur_med_files/crosstalk-1.2.2/js/crosstalk.js,TRUE,FALSE,50504,2026-06-21 17:18:29.901703,js,outro,figura gerada,ok,ativo
outputs/figures/interactive/rr_surface_3d_norte_internacoes_i60_i62_ur_med_files/crosstalk-1.2.2/js/crosstalk.js.map,C:/Users/oorie/OneDrive/Documentos/TRABALHOS/DLNM/05_publicacao_github/outputs/figures/interactive/rr_surface_3d_norte_internacoes_i60_i62_ur_med_files/crosstalk-1.2.2/js/crosstalk.js.map,TRUE,FALSE,54889,2026-06-21 17:18:29.902084,map,outro,figura gerada,ok,ativo
outputs/figures/interactive/rr_surface_3d_norte_internacoes_i60_i62_ur_med_files/crosstalk-1.2.2/js/crosstalk.min.js,C:/Users/oorie/OneDrive/Documentos/TRABALHOS/DLNM/05_publicacao_github/outputs/figures/interactive/rr_surface_3d_norte_internacoes_i60_i62_ur_med_files/crosstalk-1.2.2/js/crosstalk.min.js,TRUE,FALSE,18926,2026-06-21 17:18:29.902262,js,outro,figura gerada,ok,ativo
outputs/figures/interactive/rr_surface_3d_norte_internacoes_i60_i62_ur_med_files/crosstalk-1.2.2/js/crosstalk.min.js.map,C:/Users/oorie/OneDrive/Documentos/TRABALHOS/DLNM/05_publicacao_github/outputs/figures/interactive/rr_surface_3d_norte_internacoes_i60_i62_ur_med_files/crosstalk-1.2.2/js/crosstalk.min.js.map,TRUE,FALSE,50338,2026-06-21 17:18:29.902664,map,outro,figura gerada,ok,ativo
outputs/figures/interactive/rr_surface_3d_norte_internacoes_i60_i62_ur_med_files/crosstalk-1.2.2/scss/crosstalk.scss,C:/Users/oorie/OneDrive/Documentos/TRABALHOS/DLNM/05_publicacao_github/outputs/figures/interactive/rr_surface_3d_norte_internacoes_i60_i62_ur_med_files/crosstalk-1.2.2/scss/crosstalk.scss,TRUE,FALSE,1891,2026-06-21 17:18:29.902876,scss,outro,figura gerada,ok,ativo
outputs/figures/interactive/rr_surface_3d_norte_internacoes_i60_i62_ur_med_files/htmltools-fill-0.5.9/fill.css,C:/Users/oorie/OneDrive/Documentos/TRABALHOS/DLNM/05_publicacao_github/outputs/figures/interactive/rr_surface_3d_norte_internacoes_i60_i62_ur_med_files/htmltools-fill-0.5.9/fill.css,TRUE,FALSE,606,2026-06-21 17:18:29.903046,css,outro,figura gerada,ok,ativo
outputs/figures/interactive/rr_surface_3d_norte_internacoes_i60_i62_ur_med_files/htmlwidgets-1.6.4/htmlwidgets.js,C:/Users/oorie/OneDrive/Documentos/TRABALHOS/DLNM/05_publicacao_github/outputs/figures/interactive/rr_surface_3d_norte_internacoes_i60_i62_ur_med_files/htmlwidgets-1.6.4/htmlwidgets.js,TRUE,FALSE,34091,2026-06-21 17:18:29.903208,js,outro,figura gerada,ok,ativo
outputs/figures/interactive/rr_surface_3d_norte_internacoes_i60_i62_ur_med_files/jquery-3.5.1/jquery-AUTHORS.txt,C:/Users/oorie/OneDrive/Documentos/TRABALHOS/DLNM/05_publicacao_github/outputs/figures/interactive/rr_surface_3d_norte_internacoes_i60_i62_ur_med_files/jquery-3.5.1/jquery-AUTHORS.txt,TRUE,FALSE,13726,2026-06-21 17:18:29.903393,txt,documentação/log,figura gerada,ok,ativo
outputs/figures/interactive/rr_surface_3d_norte_internacoes_i60_i62_ur_med_files/jquery-3.5.1/jquery.js,C:/Users/oorie/OneDrive/Documentos/TRABALHOS/DLNM/05_publicacao_github/outputs/figures/interactive/rr_surface_3d_norte_internacoes_i60_i62_ur_med_files/jquery-3.5.1/jquery.js,TRUE,FALSE,298502,2026-06-21 17:18:29.903702,js,outro,figura gerada,ok,ativo
outputs/figures/interactive/rr_surface_3d_norte_internacoes_i60_i62_ur_med_files/jquery-3.5.1/jquery.min.js,C:/Users/oorie/OneDrive/Documentos/TRABALHOS/DLNM/05_publicacao_github/outputs/figures/interactive/rr_surface_3d_norte_internacoes_i60_i62_ur_med_files/jquery-3.5.1/jquery.min.js,TRUE,FALSE,89478,2026-06-21 17:18:29.90403,js,outro,figura gerada,ok,ativo
outputs/figures/interactive/rr_surface_3d_norte_internacoes_i60_i62_ur_med_files/jquery-3.5.1/jquery.min.map,C:/Users/oorie/OneDrive/Documentos/TRABALHOS/DLNM/05_publicacao_github/outputs/figures/interactive/rr_surface_3d_norte_internacoes_i60_i62_ur_med_files/jquery-3.5.1/jquery.min.map,TRUE,FALSE,137986,2026-06-21 17:18:29.904526,map,outro,figura gerada,ok,ativo
outputs/figures/interactive/rr_surface_3d_norte_internacoes_i60_i62_ur_med_files/plotly-binding-4.12.0/plotly.js,C:/Users/oorie/OneDrive/Documentos/TRABALHOS/DLNM/05_publicacao_github/outputs/figures/interactive/rr_surface_3d_norte_internacoes_i60_i62_ur_med_files/plotly-binding-4.12.0/plotly.js,TRUE,FALSE,34699,2026-06-21 17:18:29.904762,js,outro,figura gerada,ok,ativo
outputs/figures/interactive/rr_surface_3d_norte_internacoes_i60_i62_ur_med_files/plotly-htmlwidgets-css-2.25.2/plotly-htmlwidgets.css,C:/Users/oorie/OneDrive/Documentos/TRABALHOS/DLNM/05_publicacao_github/outputs/figures/interactive/rr_surface_3d_norte_internacoes_i60_i62_ur_med_files/plotly-htmlwidgets-css-2.25.2/plotly-htmlwidgets.css,TRUE,FALSE,182,2026-06-21 17:18:29.904945,css,outro,figura gerada,ok,ativo
outputs/figures/interactive/rr_surface_3d_norte_internacoes_i60_i62_ur_med_files/plotly-main-2.25.2/plotly-latest.min.js,C:/Users/oorie/OneDrive/Documentos/TRABALHOS/DLNM/05_publicacao_github/outputs/figures/interactive/rr_surface_3d_norte_internacoes_i60_i62_ur_med_files/plotly-main-2.25.2/plotly-latest.min.js,TRUE,FALSE,3575017,2026-06-21 17:18:29.90513,js,outro,figura gerada,ok,ativo
outputs/figures/interactive/rr_surface_3d_norte_internacoes_i60_i62_ur_med_files/typedarray-0.1/typedarray.min.js,C:/Users/oorie/OneDrive/Documentos/TRABALHOS/DLNM/05_publicacao_github/outputs/figures/interactive/rr_surface_3d_norte_internacoes_i60_i62_ur_med_files/typedarray-0.1/typedarray.min.js,TRUE,FALSE,22444,2026-06-21 17:18:29.905849,js,outro,figura gerada,ok,ativo
outputs/figures/interactive/rr_surface_3d_norte_internacoes_i60_i64_temp_med.html,C:/Users/oorie/OneDrive/Documentos/TRABALHOS/DLNM/05_publicacao_github/outputs/figures/interactive/rr_surface_3d_norte_internacoes_i60_i64_temp_med.html,TRUE,FALSE,51575,2026-06-21 17:18:29.906036,html,HTML,figura gerada,ok,ativo
outputs/figures/interactive/rr_surface_3d_norte_internacoes_i60_i64_temp_med_files/crosstalk-1.2.2/css/crosstalk.min.css,C:/Users/oorie/OneDrive/Documentos/TRABALHOS/DLNM/05_publicacao_github/outputs/figures/interactive/rr_surface_3d_norte_internacoes_i60_i64_temp_med_files/crosstalk-1.2.2/css/crosstalk.min.css,TRUE,FALSE,1307,2026-06-21 17:18:29.906292,css,outro,figura gerada,ok,ativo
outputs/figures/interactive/rr_surface_3d_norte_internacoes_i60_i64_temp_med_files/crosstalk-1.2.2/js/crosstalk.js,C:/Users/oorie/OneDrive/Documentos/TRABALHOS/DLNM/05_publicacao_github/outputs/figures/interactive/rr_surface_3d_norte_internacoes_i60_i64_temp_med_files/crosstalk-1.2.2/js/crosstalk.js,TRUE,FALSE,50504,2026-06-21 17:18:29.907146,js,outro,figura gerada,ok,ativo
outputs/figures/interactive/rr_surface_3d_norte_internacoes_i60_i64_temp_med_files/crosstalk-1.2.2/js/crosstalk.js.map,C:/Users/oorie/OneDrive/Documentos/TRABALHOS/DLNM/05_publicacao_github/outputs/figures/interactive/rr_surface_3d_norte_internacoes_i60_i64_temp_med_files/crosstalk-1.2.2/js/crosstalk.js.map,TRUE,FALSE,54889,2026-06-21 17:18:29.90748,map,outro,figura gerada,ok,ativo
outputs/figures/interactive/rr_surface_3d_norte_internacoes_i60_i64_temp_med_files/crosstalk-1.2.2/js/crosstalk.min.js,C:/Users/oorie/OneDrive/Documentos/TRABALHOS/DLNM/05_publicacao_github/outputs/figures/interactive/rr_surface_3d_norte_internacoes_i60_i64_temp_med_files/crosstalk-1.2.2/js/crosstalk.min.js,TRUE,FALSE,18926,2026-06-21 17:18:29.907669,js,outro,figura gerada,ok,ativo
outputs/figures/interactive/rr_surface_3d_norte_internacoes_i60_i64_temp_med_files/crosstalk-1.2.2/js/crosstalk.min.js.map,C:/Users/oorie/OneDrive/Documentos/TRABALHOS/DLNM/05_publicacao_github/outputs/figures/interactive/rr_surface_3d_norte_internacoes_i60_i64_temp_med_files/crosstalk-1.2.2/js/crosstalk.min.js.map,TRUE,FALSE,50338,2026-06-21 17:18:29.907871,map,outro,figura gerada,ok,ativo
outputs/figures/interactive/rr_surface_3d_norte_internacoes_i60_i64_temp_med_files/crosstalk-1.2.2/scss/crosstalk.scss,C:/Users/oorie/OneDrive/Documentos/TRABALHOS/DLNM/05_publicacao_github/outputs/figures/interactive/rr_surface_3d_norte_internacoes_i60_i64_temp_med_files/crosstalk-1.2.2/scss/crosstalk.scss,TRUE,FALSE,1891,2026-06-21 17:18:29.908367,scss,outro,figura gerada,ok,ativo
outputs/figures/interactive/rr_surface_3d_norte_internacoes_i60_i64_temp_med_files/htmltools-fill-0.5.9/fill.css,C:/Users/oorie/OneDrive/Documentos/TRABALHOS/DLNM/05_publicacao_github/outputs/figures/interactive/rr_surface_3d_norte_internacoes_i60_i64_temp_med_files/htmltools-fill-0.5.9/fill.css,TRUE,FALSE,606,2026-06-21 17:18:29.908693,css,outro,figura gerada,ok,ativo
outputs/figures/interactive/rr_surface_3d_norte_internacoes_i60_i64_temp_med_files/htmlwidgets-1.6.4/htmlwidgets.js,C:/Users/oorie/OneDrive/Documentos/TRABALHOS/DLNM/05_publicacao_github/outputs/figures/interactive/rr_surface_3d_norte_internacoes_i60_i64_temp_med_files/htmlwidgets-1.6.4/htmlwidgets.js,TRUE,FALSE,34091,2026-06-21 17:18:29.909203,js,outro,figura gerada,ok,ativo
outputs/figures/interactive/rr_surface_3d_norte_internacoes_i60_i64_temp_med_files/jquery-3.5.1/jquery-AUTHORS.txt,C:/Users/oorie/OneDrive/Documentos/TRABALHOS/DLNM/05_publicacao_github/outputs/figures/interactive/rr_surface_3d_norte_internacoes_i60_i64_temp_med_files/jquery-3.5.1/jquery-AUTHORS.txt,TRUE,FALSE,13726,2026-06-21 17:18:29.910408,txt,documentação/log,figura gerada,ok,ativo
outputs/figures/interactive/rr_surface_3d_norte_internacoes_i60_i64_temp_med_files/jquery-3.5.1/jquery.js,C:/Users/oorie/OneDrive/Documentos/TRABALHOS/DLNM/05_publicacao_github/outputs/figures/interactive/rr_surface_3d_norte_internacoes_i60_i64_temp_med_files/jquery-3.5.1/jquery.js,TRUE,FALSE,298502,2026-06-21 17:18:29.911036,js,outro,figura gerada,ok,ativo
outputs/figures/interactive/rr_surface_3d_norte_internacoes_i60_i64_temp_med_files/jquery-3.5.1/jquery.min.js,C:/Users/oorie/OneDrive/Documentos/TRABALHOS/DLNM/05_publicacao_github/outputs/figures/interactive/rr_surface_3d_norte_internacoes_i60_i64_temp_med_files/jquery-3.5.1/jquery.min.js,TRUE,FALSE,89478,2026-06-21 17:18:29.911217,js,outro,figura gerada,ok,ativo
outputs/figures/interactive/rr_surface_3d_norte_internacoes_i60_i64_temp_med_files/jquery-3.5.1/jquery.min.map,C:/Users/oorie/OneDrive/Documentos/TRABALHOS/DLNM/05_publicacao_github/outputs/figures/interactive/rr_surface_3d_norte_internacoes_i60_i64_temp_med_files/jquery-3.5.1/jquery.min.map,TRUE,FALSE,137986,2026-06-21 17:18:29.911814,map,outro,figura gerada,ok,ativo
outputs/figures/interactive/rr_surface_3d_norte_internacoes_i60_i64_temp_med_files/plotly-binding-4.12.0/plotly.js,C:/Users/oorie/OneDrive/Documentos/TRABALHOS/DLNM/05_publicacao_github/outputs/figures/interactive/rr_surface_3d_norte_internacoes_i60_i64_temp_med_files/plotly-binding-4.12.0/plotly.js,TRUE,FALSE,34699,2026-06-21 17:18:29.91217,js,outro,figura gerada,ok,ativo
outputs/figures/interactive/rr_surface_3d_norte_internacoes_i60_i64_temp_med_files/plotly-htmlwidgets-css-2.25.2/plotly-htmlwidgets.css,C:/Users/oorie/OneDrive/Documentos/TRABALHOS/DLNM/05_publicacao_github/outputs/figures/interactive/rr_surface_3d_norte_internacoes_i60_i64_temp_med_files/plotly-htmlwidgets-css-2.25.2/plotly-htmlwidgets.css,TRUE,FALSE,182,2026-06-21 17:18:29.912382,css,outro,figura gerada,ok,ativo
outputs/figures/interactive/rr_surface_3d_norte_internacoes_i60_i64_temp_med_files/plotly-main-2.25.2/plotly-latest.min.js,C:/Users/oorie/OneDrive/Documentos/TRABALHOS/DLNM/05_publicacao_github/outputs/figures/interactive/rr_surface_3d_norte_internacoes_i60_i64_temp_med_files/plotly-main-2.25.2/plotly-latest.min.js,TRUE,FALSE,3575017,2026-06-21 17:18:29.912579,js,outro,figura gerada,ok,ativo
outputs/figures/interactive/rr_surface_3d_norte_internacoes_i60_i64_temp_med_files/typedarray-0.1/typedarray.min.js,C:/Users/oorie/OneDrive/Documentos/TRABALHOS/DLNM/05_publicacao_github/outputs/figures/interactive/rr_surface_3d_norte_internacoes_i60_i64_temp_med_files/typedarray-0.1/typedarray.min.js,TRUE,FALSE,22444,2026-06-21 17:18:29.912743,js,outro,figura gerada,ok,ativo
outputs/figures/interactive/rr_surface_3d_norte_internacoes_i60_i64_ur_med.html,C:/Users/oorie/OneDrive/Documentos/TRABALHOS/DLNM/05_publicacao_github/outputs/figures/interactive/rr_surface_3d_norte_internacoes_i60_i64_ur_med.html,TRUE,FALSE,52089,2026-06-21 17:18:29.912935,html,HTML,figura gerada,ok,ativo
outputs/figures/interactive/rr_surface_3d_norte_internacoes_i60_i69_temp_med.html,C:/Users/oorie/OneDrive/Documentos/TRABALHOS/DLNM/05_publicacao_github/outputs/figures/interactive/rr_surface_3d_norte_internacoes_i60_i69_temp_med.html,TRUE,FALSE,52458,2026-06-21 17:18:29.913092,html,HTML,figura gerada,ok,ativo
outputs/figures/interactive/rr_surface_3d_norte_internacoes_i60_i69_temp_med_files/crosstalk-1.2.2/css/crosstalk.min.css,C:/Users/oorie/OneDrive/Documentos/TRABALHOS/DLNM/05_publicacao_github/outputs/figures/interactive/rr_surface_3d_norte_internacoes_i60_i69_temp_med_files/crosstalk-1.2.2/css/crosstalk.min.css,TRUE,FALSE,1307,2026-06-21 17:18:29.913305,css,outro,figura gerada,ok,ativo
outputs/figures/interactive/rr_surface_3d_norte_internacoes_i60_i69_temp_med_files/crosstalk-1.2.2/js/crosstalk.js,C:/Users/oorie/OneDrive/Documentos/TRABALHOS/DLNM/05_publicacao_github/outputs/figures/interactive/rr_surface_3d_norte_internacoes_i60_i69_temp_med_files/crosstalk-1.2.2/js/crosstalk.js,TRUE,FALSE,50504,2026-06-21 17:18:29.913694,js,outro,figura gerada,ok,ativo
outputs/figures/interactive/rr_surface_3d_norte_internacoes_i60_i69_temp_med_files/crosstalk-1.2.2/js/crosstalk.js.map,C:/Users/oorie/OneDrive/Documentos/TRABALHOS/DLNM/05_publicacao_github/outputs/figures/interactive/rr_surface_3d_norte_internacoes_i60_i69_temp_med_files/crosstalk-1.2.2/js/crosstalk.js.map,TRUE,FALSE,54889,2026-06-21 17:18:29.914244,map,outro,figura gerada,ok,ativo
outputs/figures/interactive/rr_surface_3d_norte_internacoes_i60_i69_temp_med_files/crosstalk-1.2.2/js/crosstalk.min.js,C:/Users/oorie/OneDrive/Documentos/TRABALHOS/DLNM/05_publicacao_github/outputs/figures/interactive/rr_surface_3d_norte_internacoes_i60_i69_temp_med_files/crosstalk-1.2.2/js/crosstalk.min.js,TRUE,FALSE,18926,2026-06-21 17:18:29.914452,js,outro,figura gerada,ok,ativo
outputs/figures/interactive/rr_surface_3d_norte_internacoes_i60_i69_temp_med_files/crosstalk-1.2.2/js/crosstalk.min.js.map,C:/Users/oorie/OneDrive/Documentos/TRABALHOS/DLNM/05_publicacao_github/outputs/figures/interactive/rr_surface_3d_norte_internacoes_i60_i69_temp_med_files/crosstalk-1.2.2/js/crosstalk.min.js.map,TRUE,FALSE,50338,2026-06-21 17:18:29.914831,map,outro,figura gerada,ok,ativo
outputs/figures/interactive/rr_surface_3d_norte_internacoes_i60_i69_temp_med_files/crosstalk-1.2.2/scss/crosstalk.scss,C:/Users/oorie/OneDrive/Documentos/TRABALHOS/DLNM/05_publicacao_github/outputs/figures/interactive/rr_surface_3d_norte_internacoes_i60_i69_temp_med_files/crosstalk-1.2.2/scss/crosstalk.scss,TRUE,FALSE,1891,2026-06-21 17:18:29.915058,scss,outro,figura gerada,ok,ativo
outputs/figures/interactive/rr_surface_3d_norte_internacoes_i60_i69_temp_med_files/htmltools-fill-0.5.9/fill.css,C:/Users/oorie/OneDrive/Documentos/TRABALHOS/DLNM/05_publicacao_github/outputs/figures/interactive/rr_surface_3d_norte_internacoes_i60_i69_temp_med_files/htmltools-fill-0.5.9/fill.css,TRUE,FALSE,606,2026-06-21 17:18:29.91523,css,outro,figura gerada,ok,ativo
outputs/figures/interactive/rr_surface_3d_norte_internacoes_i60_i69_temp_med_files/htmlwidgets-1.6.4/htmlwidgets.js,C:/Users/oorie/OneDrive/Documentos/TRABALHOS/DLNM/05_publicacao_github/outputs/figures/interactive/rr_surface_3d_norte_internacoes_i60_i69_temp_med_files/htmlwidgets-1.6.4/htmlwidgets.js,TRUE,FALSE,34091,2026-06-21 17:18:29.915394,js,outro,figura gerada,ok,ativo
outputs/figures/interactive/rr_surface_3d_norte_internacoes_i60_i69_temp_med_files/jquery-3.5.1/jquery-AUTHORS.txt,C:/Users/oorie/OneDrive/Documentos/TRABALHOS/DLNM/05_publicacao_github/outputs/figures/interactive/rr_surface_3d_norte_internacoes_i60_i69_temp_med_files/jquery-3.5.1/jquery-AUTHORS.txt,TRUE,FALSE,13726,2026-06-21 17:18:29.915745,txt,documentação/log,figura gerada,ok,ativo
outputs/figures/interactive/rr_surface_3d_norte_internacoes_i60_i69_temp_med_files/jquery-3.5.1/jquery.js,C:/Users/oorie/OneDrive/Documentos/TRABALHOS/DLNM/05_publicacao_github/outputs/figures/interactive/rr_surface_3d_norte_internacoes_i60_i69_temp_med_files/jquery-3.5.1/jquery.js,TRUE,FALSE,298502,2026-06-21 17:18:29.9161,js,outro,figura gerada,ok,ativo
outputs/figures/interactive/rr_surface_3d_norte_internacoes_i60_i69_temp_med_files/jquery-3.5.1/jquery.min.js,C:/Users/oorie/OneDrive/Documentos/TRABALHOS/DLNM/05_publicacao_github/outputs/figures/interactive/rr_surface_3d_norte_internacoes_i60_i69_temp_med_files/jquery-3.5.1/jquery.min.js,TRUE,FALSE,89478,2026-06-21 17:18:29.91646,js,outro,figura gerada,ok,ativo
outputs/figures/interactive/rr_surface_3d_norte_internacoes_i60_i69_temp_med_files/jquery-3.5.1/jquery.min.map,C:/Users/oorie/OneDrive/Documentos/TRABALHOS/DLNM/05_publicacao_github/outputs/figures/interactive/rr_surface_3d_norte_internacoes_i60_i69_temp_med_files/jquery-3.5.1/jquery.min.map,TRUE,FALSE,137986,2026-06-21 17:18:29.916981,map,outro,figura gerada,ok,ativo
outputs/figures/interactive/rr_surface_3d_norte_internacoes_i60_i69_temp_med_files/plotly-binding-4.12.0/plotly.js,C:/Users/oorie/OneDrive/Documentos/TRABALHOS/DLNM/05_publicacao_github/outputs/figures/interactive/rr_surface_3d_norte_internacoes_i60_i69_temp_med_files/plotly-binding-4.12.0/plotly.js,TRUE,FALSE,34699,2026-06-21 17:18:29.917288,js,outro,figura gerada,ok,ativo
outputs/figures/interactive/rr_surface_3d_norte_internacoes_i60_i69_temp_med_files/plotly-htmlwidgets-css-2.25.2/plotly-htmlwidgets.css,C:/Users/oorie/OneDrive/Documentos/TRABALHOS/DLNM/05_publicacao_github/outputs/figures/interactive/rr_surface_3d_norte_internacoes_i60_i69_temp_med_files/plotly-htmlwidgets-css-2.25.2/plotly-htmlwidgets.css,TRUE,FALSE,182,2026-06-21 17:18:29.917593,css,outro,figura gerada,ok,ativo
outputs/figures/interactive/rr_surface_3d_norte_internacoes_i60_i69_temp_med_files/plotly-main-2.25.2/plotly-latest.min.js,C:/Users/oorie/OneDrive/Documentos/TRABALHOS/DLNM/05_publicacao_github/outputs/figures/interactive/rr_surface_3d_norte_internacoes_i60_i69_temp_med_files/plotly-main-2.25.2/plotly-latest.min.js,TRUE,FALSE,3575017,2026-06-21 17:18:29.917847,js,outro,figura gerada,ok,ativo
outputs/figures/interactive/rr_surface_3d_norte_internacoes_i60_i69_temp_med_files/typedarray-0.1/typedarray.min.js,C:/Users/oorie/OneDrive/Documentos/TRABALHOS/DLNM/05_publicacao_github/outputs/figures/interactive/rr_surface_3d_norte_internacoes_i60_i69_temp_med_files/typedarray-0.1/typedarray.min.js,TRUE,FALSE,22444,2026-06-21 17:18:29.918018,js,outro,figura gerada,ok,ativo
outputs/figures/interactive/rr_surface_3d_norte_internacoes_i60_i69_ur_med.html,C:/Users/oorie/OneDrive/Documentos/TRABALHOS/DLNM/05_publicacao_github/outputs/figures/interactive/rr_surface_3d_norte_internacoes_i60_i69_ur_med.html,TRUE,FALSE,51490,2026-06-21 17:18:29.918196,html,HTML,figura gerada,ok,ativo
outputs/figures/interactive/rr_surface_3d_norte_internacoes_i60_i69_ur_med_files/crosstalk-1.2.2/css/crosstalk.min.css,C:/Users/oorie/OneDrive/Documentos/TRABALHOS/DLNM/05_publicacao_github/outputs/figures/interactive/rr_surface_3d_norte_internacoes_i60_i69_ur_med_files/crosstalk-1.2.2/css/crosstalk.min.css,TRUE,FALSE,1307,2026-06-21 17:18:29.918909,css,outro,figura gerada,ok,ativo
outputs/figures/interactive/rr_surface_3d_norte_internacoes_i60_i69_ur_med_files/crosstalk-1.2.2/js/crosstalk.js,C:/Users/oorie/OneDrive/Documentos/TRABALHOS/DLNM/05_publicacao_github/outputs/figures/interactive/rr_surface_3d_norte_internacoes_i60_i69_ur_med_files/crosstalk-1.2.2/js/crosstalk.js,TRUE,FALSE,50504,2026-06-21 17:18:29.919689,js,outro,figura gerada,ok,ativo
outputs/figures/interactive/rr_surface_3d_norte_internacoes_i60_i69_ur_med_files/crosstalk-1.2.2/js/crosstalk.js.map,C:/Users/oorie/OneDrive/Documentos/TRABALHOS/DLNM/05_publicacao_github/outputs/figures/interactive/rr_surface_3d_norte_internacoes_i60_i69_ur_med_files/crosstalk-1.2.2/js/crosstalk.js.map,TRUE,FALSE,54889,2026-06-21 17:18:29.920021,map,outro,figura gerada,ok,ativo
outputs/figures/interactive/rr_surface_3d_norte_internacoes_i60_i69_ur_med_files/crosstalk-1.2.2/js/crosstalk.min.js,C:/Users/oorie/OneDrive/Documentos/TRABALHOS/DLNM/05_publicacao_github/outputs/figures/interactive/rr_surface_3d_norte_internacoes_i60_i69_ur_med_files/crosstalk-1.2.2/js/crosstalk.min.js,TRUE,FALSE,18926,2026-06-21 17:18:29.9209,js,outro,figura gerada,ok,ativo
outputs/figures/interactive/rr_surface_3d_norte_internacoes_i60_i69_ur_med_files/crosstalk-1.2.2/js/crosstalk.min.js.map,C:/Users/oorie/OneDrive/Documentos/TRABALHOS/DLNM/05_publicacao_github/outputs/figures/interactive/rr_surface_3d_norte_internacoes_i60_i69_ur_med_files/crosstalk-1.2.2/js/crosstalk.min.js.map,TRUE,FALSE,50338,2026-06-21 17:18:29.921412,map,outro,figura gerada,ok,ativo
outputs/figures/interactive/rr_surface_3d_norte_internacoes_i60_i69_ur_med_files/crosstalk-1.2.2/scss/crosstalk.scss,C:/Users/oorie/OneDrive/Documentos/TRABALHOS/DLNM/05_publicacao_github/outputs/figures/interactive/rr_surface_3d_norte_internacoes_i60_i69_ur_med_files/crosstalk-1.2.2/scss/crosstalk.scss,TRUE,FALSE,1891,2026-06-21 17:18:29.921961,scss,outro,figura gerada,ok,ativo
outputs/figures/interactive/rr_surface_3d_norte_internacoes_i60_i69_ur_med_files/htmltools-fill-0.5.9/fill.css,C:/Users/oorie/OneDrive/Documentos/TRABALHOS/DLNM/05_publicacao_github/outputs/figures/interactive/rr_surface_3d_norte_internacoes_i60_i69_ur_med_files/htmltools-fill-0.5.9/fill.css,TRUE,FALSE,606,2026-06-21 17:18:29.922441,css,outro,figura gerada,ok,ativo
outputs/figures/interactive/rr_surface_3d_norte_internacoes_i60_i69_ur_med_files/htmlwidgets-1.6.4/htmlwidgets.js,C:/Users/oorie/OneDrive/Documentos/TRABALHOS/DLNM/05_publicacao_github/outputs/figures/interactive/rr_surface_3d_norte_internacoes_i60_i69_ur_med_files/htmlwidgets-1.6.4/htmlwidgets.js,TRUE,FALSE,34091,2026-06-21 17:18:29.922815,js,outro,figura gerada,ok,ativo
outputs/figures/interactive/rr_surface_3d_norte_internacoes_i60_i69_ur_med_files/jquery-3.5.1/jquery-AUTHORS.txt,C:/Users/oorie/OneDrive/Documentos/TRABALHOS/DLNM/05_publicacao_github/outputs/figures/interactive/rr_surface_3d_norte_internacoes_i60_i69_ur_med_files/jquery-3.5.1/jquery-AUTHORS.txt,TRUE,FALSE,13726,2026-06-21 17:18:29.923138,txt,documentação/log,figura gerada,ok,ativo
outputs/figures/interactive/rr_surface_3d_norte_internacoes_i60_i69_ur_med_files/jquery-3.5.1/jquery.js,C:/Users/oorie/OneDrive/Documentos/TRABALHOS/DLNM/05_publicacao_github/outputs/figures/interactive/rr_surface_3d_norte_internacoes_i60_i69_ur_med_files/jquery-3.5.1/jquery.js,TRUE,FALSE,298502,2026-06-21 17:18:29.92351,js,outro,figura gerada,ok,ativo
outputs/figures/interactive/rr_surface_3d_norte_internacoes_i60_i69_ur_med_files/jquery-3.5.1/jquery.min.js,C:/Users/oorie/OneDrive/Documentos/TRABALHOS/DLNM/05_publicacao_github/outputs/figures/interactive/rr_surface_3d_norte_internacoes_i60_i69_ur_med_files/jquery-3.5.1/jquery.min.js,TRUE,FALSE,89478,2026-06-21 17:18:29.923775,js,outro,figura gerada,ok,ativo
outputs/figures/interactive/rr_surface_3d_norte_internacoes_i60_i69_ur_med_files/jquery-3.5.1/jquery.min.map,C:/Users/oorie/OneDrive/Documentos/TRABALHOS/DLNM/05_publicacao_github/outputs/figures/interactive/rr_surface_3d_norte_internacoes_i60_i69_ur_med_files/jquery-3.5.1/jquery.min.map,TRUE,FALSE,137986,2026-06-21 17:18:29.924259,map,outro,figura gerada,ok,ativo
outputs/figures/interactive/rr_surface_3d_norte_internacoes_i60_i69_ur_med_files/plotly-binding-4.12.0/plotly.js,C:/Users/oorie/OneDrive/Documentos/TRABALHOS/DLNM/05_publicacao_github/outputs/figures/interactive/rr_surface_3d_norte_internacoes_i60_i69_ur_med_files/plotly-binding-4.12.0/plotly.js,TRUE,FALSE,34699,2026-06-21 17:18:29.924477,js,outro,figura gerada,ok,ativo
outputs/figures/interactive/rr_surface_3d_norte_internacoes_i60_i69_ur_med_files/plotly-htmlwidgets-css-2.25.2/plotly-htmlwidgets.css,C:/Users/oorie/OneDrive/Documentos/TRABALHOS/DLNM/05_publicacao_github/outputs/figures/interactive/rr_surface_3d_norte_internacoes_i60_i69_ur_med_files/plotly-htmlwidgets-css-2.25.2/plotly-htmlwidgets.css,TRUE,FALSE,182,2026-06-21 17:18:29.924713,css,outro,figura gerada,ok,ativo
outputs/figures/interactive/rr_surface_3d_norte_internacoes_i60_i69_ur_med_files/plotly-main-2.25.2/plotly-latest.min.js,C:/Users/oorie/OneDrive/Documentos/TRABALHOS/DLNM/05_publicacao_github/outputs/figures/interactive/rr_surface_3d_norte_internacoes_i60_i69_ur_med_files/plotly-main-2.25.2/plotly-latest.min.js,TRUE,FALSE,3575017,2026-06-21 17:18:29.925863,js,outro,figura gerada,ok,ativo
outputs/figures/interactive/rr_surface_3d_norte_internacoes_i60_i69_ur_med_files/typedarray-0.1/typedarray.min.js,C:/Users/oorie/OneDrive/Documentos/TRABALHOS/DLNM/05_publicacao_github/outputs/figures/interactive/rr_surface_3d_norte_internacoes_i60_i69_ur_med_files/typedarray-0.1/typedarray.min.js,TRUE,FALSE,22444,2026-06-21 17:18:29.926428,js,outro,figura gerada,ok,ativo
outputs/figures/interactive/rr_surface_3d_norte_internacoes_i63_temp_med.html,C:/Users/oorie/OneDrive/Documentos/TRABALHOS/DLNM/05_publicacao_github/outputs/figures/interactive/rr_surface_3d_norte_internacoes_i63_temp_med.html,TRUE,FALSE,51939,2026-06-21 17:18:29.926846,html,HTML,figura gerada,ok,ativo
outputs/figures/interactive/rr_surface_3d_norte_internacoes_i63_temp_med_files/crosstalk-1.2.2/css/crosstalk.min.css,C:/Users/oorie/OneDrive/Documentos/TRABALHOS/DLNM/05_publicacao_github/outputs/figures/interactive/rr_surface_3d_norte_internacoes_i63_temp_med_files/crosstalk-1.2.2/css/crosstalk.min.css,TRUE,FALSE,1307,2026-06-21 17:18:29.927223,css,outro,figura gerada,ok,ativo
outputs/figures/interactive/rr_surface_3d_norte_internacoes_i63_temp_med_files/crosstalk-1.2.2/js/crosstalk.js,C:/Users/oorie/OneDrive/Documentos/TRABALHOS/DLNM/05_publicacao_github/outputs/figures/interactive/rr_surface_3d_norte_internacoes_i63_temp_med_files/crosstalk-1.2.2/js/crosstalk.js,TRUE,FALSE,50504,2026-06-21 17:18:29.927654,js,outro,figura gerada,ok,ativo
outputs/figures/interactive/rr_surface_3d_norte_internacoes_i63_temp_med_files/crosstalk-1.2.2/js/crosstalk.js.map,C:/Users/oorie/OneDrive/Documentos/TRABALHOS/DLNM/05_publicacao_github/outputs/figures/interactive/rr_surface_3d_norte_internacoes_i63_temp_med_files/crosstalk-1.2.2/js/crosstalk.js.map,TRUE,FALSE,54889,2026-06-21 17:18:29.928383,map,outro,figura gerada,ok,ativo
outputs/figures/interactive/rr_surface_3d_norte_internacoes_i63_temp_med_files/crosstalk-1.2.2/js/crosstalk.min.js,C:/Users/oorie/OneDrive/Documentos/TRABALHOS/DLNM/05_publicacao_github/outputs/figures/interactive/rr_surface_3d_norte_internacoes_i63_temp_med_files/crosstalk-1.2.2/js/crosstalk.min.js,TRUE,FALSE,18926,2026-06-21 17:18:29.928595,js,outro,figura gerada,ok,ativo
outputs/figures/interactive/rr_surface_3d_norte_internacoes_i63_temp_med_files/crosstalk-1.2.2/js/crosstalk.min.js.map,C:/Users/oorie/OneDrive/Documentos/TRABALHOS/DLNM/05_publicacao_github/outputs/figures/interactive/rr_surface_3d_norte_internacoes_i63_temp_med_files/crosstalk-1.2.2/js/crosstalk.min.js.map,TRUE,FALSE,50338,2026-06-21 17:18:29.928802,map,outro,figura gerada,ok,ativo
outputs/figures/interactive/rr_surface_3d_norte_internacoes_i63_temp_med_files/crosstalk-1.2.2/scss/crosstalk.scss,C:/Users/oorie/OneDrive/Documentos/TRABALHOS/DLNM/05_publicacao_github/outputs/figures/interactive/rr_surface_3d_norte_internacoes_i63_temp_med_files/crosstalk-1.2.2/scss/crosstalk.scss,TRUE,FALSE,1891,2026-06-21 17:18:29.929001,scss,outro,figura gerada,ok,ativo
outputs/figures/interactive/rr_surface_3d_norte_internacoes_i63_temp_med_files/htmltools-fill-0.5.9/fill.css,C:/Users/oorie/OneDrive/Documentos/TRABALHOS/DLNM/05_publicacao_github/outputs/figures/interactive/rr_surface_3d_norte_internacoes_i63_temp_med_files/htmltools-fill-0.5.9/fill.css,TRUE,FALSE,606,2026-06-21 17:18:29.929173,css,outro,figura gerada,ok,ativo
outputs/figures/interactive/rr_surface_3d_norte_internacoes_i63_temp_med_files/htmlwidgets-1.6.4/htmlwidgets.js,C:/Users/oorie/OneDrive/Documentos/TRABALHOS/DLNM/05_publicacao_github/outputs/figures/interactive/rr_surface_3d_norte_internacoes_i63_temp_med_files/htmlwidgets-1.6.4/htmlwidgets.js,TRUE,FALSE,34091,2026-06-21 17:18:29.929335,js,outro,figura gerada,ok,ativo
outputs/figures/interactive/rr_surface_3d_norte_internacoes_i63_temp_med_files/jquery-3.5.1/jquery-AUTHORS.txt,C:/Users/oorie/OneDrive/Documentos/TRABALHOS/DLNM/05_publicacao_github/outputs/figures/interactive/rr_surface_3d_norte_internacoes_i63_temp_med_files/jquery-3.5.1/jquery-AUTHORS.txt,TRUE,FALSE,13726,2026-06-21 17:18:29.929504,txt,documentação/log,figura gerada,ok,ativo
outputs/figures/interactive/rr_surface_3d_norte_internacoes_i63_temp_med_files/jquery-3.5.1/jquery.js,C:/Users/oorie/OneDrive/Documentos/TRABALHOS/DLNM/05_publicacao_github/outputs/figures/interactive/rr_surface_3d_norte_internacoes_i63_temp_med_files/jquery-3.5.1/jquery.js,TRUE,FALSE,298502,2026-06-21 17:18:29.92979,js,outro,figura gerada,ok,ativo
outputs/figures/interactive/rr_surface_3d_norte_internacoes_i63_temp_med_files/jquery-3.5.1/jquery.min.js,C:/Users/oorie/OneDrive/Documentos/TRABALHOS/DLNM/05_publicacao_github/outputs/figures/interactive/rr_surface_3d_norte_internacoes_i63_temp_med_files/jquery-3.5.1/jquery.min.js,TRUE,FALSE,89478,2026-06-21 17:18:29.93,js,outro,figura gerada,ok,ativo
outputs/figures/interactive/rr_surface_3d_norte_internacoes_i63_temp_med_files/jquery-3.5.1/jquery.min.map,C:/Users/oorie/OneDrive/Documentos/TRABALHOS/DLNM/05_publicacao_github/outputs/figures/interactive/rr_surface_3d_norte_internacoes_i63_temp_med_files/jquery-3.5.1/jquery.min.map,TRUE,FALSE,137986,2026-06-21 17:18:29.930204,map,outro,figura gerada,ok,ativo
outputs/figures/interactive/rr_surface_3d_norte_internacoes_i63_temp_med_files/plotly-binding-4.12.0/plotly.js,C:/Users/oorie/OneDrive/Documentos/TRABALHOS/DLNM/05_publicacao_github/outputs/figures/interactive/rr_surface_3d_norte_internacoes_i63_temp_med_files/plotly-binding-4.12.0/plotly.js,TRUE,FALSE,34699,2026-06-21 17:18:29.930367,js,outro,figura gerada,ok,ativo
outputs/figures/interactive/rr_surface_3d_norte_internacoes_i63_temp_med_files/plotly-htmlwidgets-css-2.25.2/plotly-htmlwidgets.css,C:/Users/oorie/OneDrive/Documentos/TRABALHOS/DLNM/05_publicacao_github/outputs/figures/interactive/rr_surface_3d_norte_internacoes_i63_temp_med_files/plotly-htmlwidgets-css-2.25.2/plotly-htmlwidgets.css,TRUE,FALSE,182,2026-06-21 17:18:29.930531,css,outro,figura gerada,ok,ativo
outputs/figures/interactive/rr_surface_3d_norte_internacoes_i63_temp_med_files/plotly-main-2.25.2/plotly-latest.min.js,C:/Users/oorie/OneDrive/Documentos/TRABALHOS/DLNM/05_publicacao_github/outputs/figures/interactive/rr_surface_3d_norte_internacoes_i63_temp_med_files/plotly-main-2.25.2/plotly-latest.min.js,TRUE,FALSE,3575017,2026-06-21 17:18:29.930738,js,outro,figura gerada,ok,ativo
outputs/figures/interactive/rr_surface_3d_norte_internacoes_i63_temp_med_files/typedarray-0.1/typedarray.min.js,C:/Users/oorie/OneDrive/Documentos/TRABALHOS/DLNM/05_publicacao_github/outputs/figures/interactive/rr_surface_3d_norte_internacoes_i63_temp_med_files/typedarray-0.1/typedarray.min.js,TRUE,FALSE,22444,2026-06-21 17:18:29.930906,js,outro,figura gerada,ok,ativo
outputs/figures/interactive/rr_surface_3d_norte_internacoes_i63_ur_med.html,C:/Users/oorie/OneDrive/Documentos/TRABALHOS/DLNM/05_publicacao_github/outputs/figures/interactive/rr_surface_3d_norte_internacoes_i63_ur_med.html,TRUE,FALSE,51426,2026-06-21 17:18:29.931208,html,HTML,figura gerada,ok,ativo
outputs/figures/interactive/rr_surface_3d_norte_internacoes_i63_ur_med_files/crosstalk-1.2.2/css/crosstalk.min.css,C:/Users/oorie/OneDrive/Documentos/TRABALHOS/DLNM/05_publicacao_github/outputs/figures/interactive/rr_surface_3d_norte_internacoes_i63_ur_med_files/crosstalk-1.2.2/css/crosstalk.min.css,TRUE,FALSE,1307,2026-06-21 17:18:29.931425,css,outro,figura gerada,ok,ativo
outputs/figures/interactive/rr_surface_3d_norte_internacoes_i63_ur_med_files/crosstalk-1.2.2/js/crosstalk.js,C:/Users/oorie/OneDrive/Documentos/TRABALHOS/DLNM/05_publicacao_github/outputs/figures/interactive/rr_surface_3d_norte_internacoes_i63_ur_med_files/crosstalk-1.2.2/js/crosstalk.js,TRUE,FALSE,50504,2026-06-21 17:18:29.931585,js,outro,figura gerada,ok,ativo
outputs/figures/interactive/rr_surface_3d_norte_internacoes_i63_ur_med_files/crosstalk-1.2.2/js/crosstalk.js.map,C:/Users/oorie/OneDrive/Documentos/TRABALHOS/DLNM/05_publicacao_github/outputs/figures/interactive/rr_surface_3d_norte_internacoes_i63_ur_med_files/crosstalk-1.2.2/js/crosstalk.js.map,TRUE,FALSE,54889,2026-06-21 17:18:29.931767,map,outro,figura gerada,ok,ativo
outputs/figures/interactive/rr_surface_3d_norte_internacoes_i63_ur_med_files/crosstalk-1.2.2/js/crosstalk.min.js,C:/Users/oorie/OneDrive/Documentos/TRABALHOS/DLNM/05_publicacao_github/outputs/figures/interactive/rr_surface_3d_norte_internacoes_i63_ur_med_files/crosstalk-1.2.2/js/crosstalk.min.js,TRUE,FALSE,18926,2026-06-21 17:18:29.932053,js,outro,figura gerada,ok,ativo
outputs/figures/interactive/rr_surface_3d_norte_internacoes_i63_ur_med_files/crosstalk-1.2.2/js/crosstalk.min.js.map,C:/Users/oorie/OneDrive/Documentos/TRABALHOS/DLNM/05_publicacao_github/outputs/figures/interactive/rr_surface_3d_norte_internacoes_i63_ur_med_files/crosstalk-1.2.2/js/crosstalk.min.js.map,TRUE,FALSE,50338,2026-06-21 17:18:29.932587,map,outro,figura gerada,ok,ativo
outputs/figures/interactive/rr_surface_3d_norte_internacoes_i63_ur_med_files/crosstalk-1.2.2/scss/crosstalk.scss,C:/Users/oorie/OneDrive/Documentos/TRABALHOS/DLNM/05_publicacao_github/outputs/figures/interactive/rr_surface_3d_norte_internacoes_i63_ur_med_files/crosstalk-1.2.2/scss/crosstalk.scss,TRUE,FALSE,1891,2026-06-21 17:18:29.93288,scss,outro,figura gerada,ok,ativo
outputs/figures/interactive/rr_surface_3d_norte_internacoes_i63_ur_med_files/htmltools-fill-0.5.9/fill.css,C:/Users/oorie/OneDrive/Documentos/TRABALHOS/DLNM/05_publicacao_github/outputs/figures/interactive/rr_surface_3d_norte_internacoes_i63_ur_med_files/htmltools-fill-0.5.9/fill.css,TRUE,FALSE,606,2026-06-21 17:18:29.933077,css,outro,figura gerada,ok,ativo
outputs/figures/interactive/rr_surface_3d_norte_internacoes_i63_ur_med_files/htmlwidgets-1.6.4/htmlwidgets.js,C:/Users/oorie/OneDrive/Documentos/TRABALHOS/DLNM/05_publicacao_github/outputs/figures/interactive/rr_surface_3d_norte_internacoes_i63_ur_med_files/htmlwidgets-1.6.4/htmlwidgets.js,TRUE,FALSE,34091,2026-06-21 17:18:29.93339,js,outro,figura gerada,ok,ativo
outputs/figures/interactive/rr_surface_3d_norte_internacoes_i63_ur_med_files/jquery-3.5.1/jquery-AUTHORS.txt,C:/Users/oorie/OneDrive/Documentos/TRABALHOS/DLNM/05_publicacao_github/outputs/figures/interactive/rr_surface_3d_norte_internacoes_i63_ur_med_files/jquery-3.5.1/jquery-AUTHORS.txt,TRUE,FALSE,13726,2026-06-21 17:18:29.933571,txt,documentação/log,figura gerada,ok,ativo
outputs/figures/interactive/rr_surface_3d_norte_internacoes_i63_ur_med_files/jquery-3.5.1/jquery.js,C:/Users/oorie/OneDrive/Documentos/TRABALHOS/DLNM/05_publicacao_github/outputs/figures/interactive/rr_surface_3d_norte_internacoes_i63_ur_med_files/jquery-3.5.1/jquery.js,TRUE,FALSE,298502,2026-06-21 17:18:29.933989,js,outro,figura gerada,ok,ativo
outputs/figures/interactive/rr_surface_3d_norte_internacoes_i63_ur_med_files/jquery-3.5.1/jquery.min.js,C:/Users/oorie/OneDrive/Documentos/TRABALHOS/DLNM/05_publicacao_github/outputs/figures/interactive/rr_surface_3d_norte_internacoes_i63_ur_med_files/jquery-3.5.1/jquery.min.js,TRUE,FALSE,89478,2026-06-21 17:18:29.934702,js,outro,figura gerada,ok,ativo
outputs/figures/interactive/rr_surface_3d_norte_internacoes_i63_ur_med_files/jquery-3.5.1/jquery.min.map,C:/Users/oorie/OneDrive/Documentos/TRABALHOS/DLNM/05_publicacao_github/outputs/figures/interactive/rr_surface_3d_norte_internacoes_i63_ur_med_files/jquery-3.5.1/jquery.min.map,TRUE,FALSE,137986,2026-06-21 17:18:29.934984,map,outro,figura gerada,ok,ativo
outputs/figures/interactive/rr_surface_3d_norte_internacoes_i63_ur_med_files/plotly-binding-4.12.0/plotly.js,C:/Users/oorie/OneDrive/Documentos/TRABALHOS/DLNM/05_publicacao_github/outputs/figures/interactive/rr_surface_3d_norte_internacoes_i63_ur_med_files/plotly-binding-4.12.0/plotly.js,TRUE,FALSE,34699,2026-06-21 17:18:29.935177,js,outro,figura gerada,ok,ativo
outputs/figures/interactive/rr_surface_3d_norte_internacoes_i63_ur_med_files/plotly-htmlwidgets-css-2.25.2/plotly-htmlwidgets.css,C:/Users/oorie/OneDrive/Documentos/TRABALHOS/DLNM/05_publicacao_github/outputs/figures/interactive/rr_surface_3d_norte_internacoes_i63_ur_med_files/plotly-htmlwidgets-css-2.25.2/plotly-htmlwidgets.css,TRUE,FALSE,182,2026-06-21 17:18:29.935379,css,outro,figura gerada,ok,ativo
outputs/figures/interactive/rr_surface_3d_norte_internacoes_i63_ur_med_files/plotly-main-2.25.2/plotly-latest.min.js,C:/Users/oorie/OneDrive/Documentos/TRABALHOS/DLNM/05_publicacao_github/outputs/figures/interactive/rr_surface_3d_norte_internacoes_i63_ur_med_files/plotly-main-2.25.2/plotly-latest.min.js,TRUE,FALSE,3575017,2026-06-21 17:18:29.935553,js,outro,figura gerada,ok,ativo
outputs/figures/interactive/rr_surface_3d_norte_internacoes_i63_ur_med_files/typedarray-0.1/typedarray.min.js,C:/Users/oorie/OneDrive/Documentos/TRABALHOS/DLNM/05_publicacao_github/outputs/figures/interactive/rr_surface_3d_norte_internacoes_i63_ur_med_files/typedarray-0.1/typedarray.min.js,TRUE,FALSE,22444,2026-06-21 17:18:29.935741,js,outro,figura gerada,ok,ativo
outputs/figures/interactive/rr_surface_3d_norte_obitos_i60_i62_temp_med.html,C:/Users/oorie/OneDrive/Documentos/TRABALHOS/DLNM/05_publicacao_github/outputs/figures/interactive/rr_surface_3d_norte_obitos_i60_i62_temp_med.html,TRUE,FALSE,51464,2026-06-21 17:18:29.935892,html,HTML,figura gerada,ok,ativo
outputs/figures/interactive/rr_surface_3d_norte_obitos_i60_i62_temp_med_files/crosstalk-1.2.2/css/crosstalk.min.css,C:/Users/oorie/OneDrive/Documentos/TRABALHOS/DLNM/05_publicacao_github/outputs/figures/interactive/rr_surface_3d_norte_obitos_i60_i62_temp_med_files/crosstalk-1.2.2/css/crosstalk.min.css,TRUE,FALSE,1307,2026-06-21 17:18:29.936228,css,outro,figura gerada,ok,ativo
outputs/figures/interactive/rr_surface_3d_norte_obitos_i60_i62_temp_med_files/crosstalk-1.2.2/js/crosstalk.js,C:/Users/oorie/OneDrive/Documentos/TRABALHOS/DLNM/05_publicacao_github/outputs/figures/interactive/rr_surface_3d_norte_obitos_i60_i62_temp_med_files/crosstalk-1.2.2/js/crosstalk.js,TRUE,FALSE,50504,2026-06-21 17:18:29.936523,js,outro,figura gerada,ok,ativo
outputs/figures/interactive/rr_surface_3d_norte_obitos_i60_i62_temp_med_files/crosstalk-1.2.2/js/crosstalk.js.map,C:/Users/oorie/OneDrive/Documentos/TRABALHOS/DLNM/05_publicacao_github/outputs/figures/interactive/rr_surface_3d_norte_obitos_i60_i62_temp_med_files/crosstalk-1.2.2/js/crosstalk.js.map,TRUE,FALSE,54889,2026-06-21 17:18:29.936913,map,outro,figura gerada,ok,ativo
outputs/figures/interactive/rr_surface_3d_norte_obitos_i60_i62_temp_med_files/crosstalk-1.2.2/js/crosstalk.min.js,C:/Users/oorie/OneDrive/Documentos/TRABALHOS/DLNM/05_publicacao_github/outputs/figures/interactive/rr_surface_3d_norte_obitos_i60_i62_temp_med_files/crosstalk-1.2.2/js/crosstalk.min.js,TRUE,FALSE,18926,2026-06-21 17:18:29.937164,js,outro,figura gerada,ok,ativo
outputs/figures/interactive/rr_surface_3d_norte_obitos_i60_i62_temp_med_files/crosstalk-1.2.2/js/crosstalk.min.js.map,C:/Users/oorie/OneDrive/Documentos/TRABALHOS/DLNM/05_publicacao_github/outputs/figures/interactive/rr_surface_3d_norte_obitos_i60_i62_temp_med_files/crosstalk-1.2.2/js/crosstalk.min.js.map,TRUE,FALSE,50338,2026-06-21 17:18:29.937454,map,outro,figura gerada,ok,ativo
outputs/figures/interactive/rr_surface_3d_norte_obitos_i60_i62_temp_med_files/crosstalk-1.2.2/scss/crosstalk.scss,C:/Users/oorie/OneDrive/Documentos/TRABALHOS/DLNM/05_publicacao_github/outputs/figures/interactive/rr_surface_3d_norte_obitos_i60_i62_temp_med_files/crosstalk-1.2.2/scss/crosstalk.scss,TRUE,FALSE,1891,2026-06-21 17:18:29.937757,scss,outro,figura gerada,ok,ativo
outputs/figures/interactive/rr_surface_3d_norte_obitos_i60_i62_temp_med_files/htmltools-fill-0.5.9/fill.css,C:/Users/oorie/OneDrive/Documentos/TRABALHOS/DLNM/05_publicacao_github/outputs/figures/interactive/rr_surface_3d_norte_obitos_i60_i62_temp_med_files/htmltools-fill-0.5.9/fill.css,TRUE,FALSE,606,2026-06-21 17:18:29.938055,css,outro,figura gerada,ok,ativo
outputs/figures/interactive/rr_surface_3d_norte_obitos_i60_i62_temp_med_files/htmlwidgets-1.6.4/htmlwidgets.js,C:/Users/oorie/OneDrive/Documentos/TRABALHOS/DLNM/05_publicacao_github/outputs/figures/interactive/rr_surface_3d_norte_obitos_i60_i62_temp_med_files/htmlwidgets-1.6.4/htmlwidgets.js,TRUE,FALSE,34091,2026-06-21 17:18:29.938349,js,outro,figura gerada,ok,ativo
outputs/figures/interactive/rr_surface_3d_norte_obitos_i60_i62_temp_med_files/jquery-3.5.1/jquery-AUTHORS.txt,C:/Users/oorie/OneDrive/Documentos/TRABALHOS/DLNM/05_publicacao_github/outputs/figures/interactive/rr_surface_3d_norte_obitos_i60_i62_temp_med_files/jquery-3.5.1/jquery-AUTHORS.txt,TRUE,FALSE,13726,2026-06-21 17:18:29.938608,txt,documentação/log,figura gerada,ok,ativo
outputs/figures/interactive/rr_surface_3d_norte_obitos_i60_i62_temp_med_files/jquery-3.5.1/jquery.js,C:/Users/oorie/OneDrive/Documentos/TRABALHOS/DLNM/05_publicacao_github/outputs/figures/interactive/rr_surface_3d_norte_obitos_i60_i62_temp_med_files/jquery-3.5.1/jquery.js,TRUE,FALSE,298502,2026-06-21 17:18:29.938869,js,outro,figura gerada,ok,ativo
outputs/figures/interactive/rr_surface_3d_norte_obitos_i60_i62_temp_med_files/jquery-3.5.1/jquery.min.js,C:/Users/oorie/OneDrive/Documentos/TRABALHOS/DLNM/05_publicacao_github/outputs/figures/interactive/rr_surface_3d_norte_obitos_i60_i62_temp_med_files/jquery-3.5.1/jquery.min.js,TRUE,FALSE,89478,2026-06-21 17:18:29.939037,js,outro,figura gerada,ok,ativo
outputs/figures/interactive/rr_surface_3d_norte_obitos_i60_i62_temp_med_files/jquery-3.5.1/jquery.min.map,C:/Users/oorie/OneDrive/Documentos/TRABALHOS/DLNM/05_publicacao_github/outputs/figures/interactive/rr_surface_3d_norte_obitos_i60_i62_temp_med_files/jquery-3.5.1/jquery.min.map,TRUE,FALSE,137986,2026-06-21 17:18:29.93923,map,outro,figura gerada,ok,ativo
outputs/figures/interactive/rr_surface_3d_norte_obitos_i60_i62_temp_med_files/plotly-binding-4.12.0/plotly.js,C:/Users/oorie/OneDrive/Documentos/TRABALHOS/DLNM/05_publicacao_github/outputs/figures/interactive/rr_surface_3d_norte_obitos_i60_i62_temp_med_files/plotly-binding-4.12.0/plotly.js,TRUE,FALSE,34699,2026-06-21 17:18:29.939413,js,outro,figura gerada,ok,ativo
outputs/figures/interactive/rr_surface_3d_norte_obitos_i60_i62_temp_med_files/plotly-htmlwidgets-css-2.25.2/plotly-htmlwidgets.css,C:/Users/oorie/OneDrive/Documentos/TRABALHOS/DLNM/05_publicacao_github/outputs/figures/interactive/rr_surface_3d_norte_obitos_i60_i62_temp_med_files/plotly-htmlwidgets-css-2.25.2/plotly-htmlwidgets.css,TRUE,FALSE,182,2026-06-21 17:18:29.939575,css,outro,figura gerada,ok,ativo
outputs/figures/interactive/rr_surface_3d_norte_obitos_i60_i62_temp_med_files/plotly-main-2.25.2/plotly-latest.min.js,C:/Users/oorie/OneDrive/Documentos/TRABALHOS/DLNM/05_publicacao_github/outputs/figures/interactive/rr_surface_3d_norte_obitos_i60_i62_temp_med_files/plotly-main-2.25.2/plotly-latest.min.js,TRUE,FALSE,3575017,2026-06-21 17:18:29.940689,js,outro,figura gerada,ok,ativo
outputs/figures/interactive/rr_surface_3d_norte_obitos_i60_i62_temp_med_files/typedarray-0.1/typedarray.min.js,C:/Users/oorie/OneDrive/Documentos/TRABALHOS/DLNM/05_publicacao_github/outputs/figures/interactive/rr_surface_3d_norte_obitos_i60_i62_temp_med_files/typedarray-0.1/typedarray.min.js,TRUE,FALSE,22444,2026-06-21 17:18:29.942226,js,outro,figura gerada,ok,ativo
outputs/figures/interactive/rr_surface_3d_norte_obitos_i60_i62_ur_med.html,C:/Users/oorie/OneDrive/Documentos/TRABALHOS/DLNM/05_publicacao_github/outputs/figures/interactive/rr_surface_3d_norte_obitos_i60_i62_ur_med.html,TRUE,FALSE,51546,2026-06-21 17:18:29.94301,html,HTML,figura gerada,ok,ativo
outputs/figures/interactive/rr_surface_3d_norte_obitos_i60_i62_ur_med_files/crosstalk-1.2.2/css/crosstalk.min.css,C:/Users/oorie/OneDrive/Documentos/TRABALHOS/DLNM/05_publicacao_github/outputs/figures/interactive/rr_surface_3d_norte_obitos_i60_i62_ur_med_files/crosstalk-1.2.2/css/crosstalk.min.css,TRUE,FALSE,1307,2026-06-21 17:18:29.943348,css,outro,figura gerada,ok,ativo
outputs/figures/interactive/rr_surface_3d_norte_obitos_i60_i62_ur_med_files/crosstalk-1.2.2/js/crosstalk.js,C:/Users/oorie/OneDrive/Documentos/TRABALHOS/DLNM/05_publicacao_github/outputs/figures/interactive/rr_surface_3d_norte_obitos_i60_i62_ur_med_files/crosstalk-1.2.2/js/crosstalk.js,TRUE,FALSE,50504,2026-06-21 17:18:29.944048,js,outro,figura gerada,ok,ativo
outputs/figures/interactive/rr_surface_3d_norte_obitos_i60_i62_ur_med_files/crosstalk-1.2.2/js/crosstalk.js.map,C:/Users/oorie/OneDrive/Documentos/TRABALHOS/DLNM/05_publicacao_github/outputs/figures/interactive/rr_surface_3d_norte_obitos_i60_i62_ur_med_files/crosstalk-1.2.2/js/crosstalk.js.map,TRUE,FALSE,54889,2026-06-21 17:18:29.944838,map,outro,figura gerada,ok,ativo
outputs/figures/interactive/rr_surface_3d_norte_obitos_i60_i62_ur_med_files/crosstalk-1.2.2/js/crosstalk.min.js,C:/Users/oorie/OneDrive/Documentos/TRABALHOS/DLNM/05_publicacao_github/outputs/figures/interactive/rr_surface_3d_norte_obitos_i60_i62_ur_med_files/crosstalk-1.2.2/js/crosstalk.min.js,TRUE,FALSE,18926,2026-06-21 17:18:29.945152,js,outro,figura gerada,ok,ativo
outputs/figures/interactive/rr_surface_3d_norte_obitos_i60_i62_ur_med_files/crosstalk-1.2.2/js/crosstalk.min.js.map,C:/Users/oorie/OneDrive/Documentos/TRABALHOS/DLNM/05_publicacao_github/outputs/figures/interactive/rr_surface_3d_norte_obitos_i60_i62_ur_med_files/crosstalk-1.2.2/js/crosstalk.min.js.map,TRUE,FALSE,50338,2026-06-21 17:18:29.945374,map,outro,figura gerada,ok,ativo
outputs/figures/interactive/rr_surface_3d_norte_obitos_i60_i62_ur_med_files/crosstalk-1.2.2/scss/crosstalk.scss,C:/Users/oorie/OneDrive/Documentos/TRABALHOS/DLNM/05_publicacao_github/outputs/figures/interactive/rr_surface_3d_norte_obitos_i60_i62_ur_med_files/crosstalk-1.2.2/scss/crosstalk.scss,TRUE,FALSE,1891,2026-06-21 17:18:29.945652,scss,outro,figura gerada,ok,ativo
outputs/figures/interactive/rr_surface_3d_norte_obitos_i60_i62_ur_med_files/htmltools-fill-0.5.9/fill.css,C:/Users/oorie/OneDrive/Documentos/TRABALHOS/DLNM/05_publicacao_github/outputs/figures/interactive/rr_surface_3d_norte_obitos_i60_i62_ur_med_files/htmltools-fill-0.5.9/fill.css,TRUE,FALSE,606,2026-06-21 17:18:29.945959,css,outro,figura gerada,ok,ativo
outputs/figures/interactive/rr_surface_3d_norte_obitos_i60_i62_ur_med_files/htmlwidgets-1.6.4/htmlwidgets.js,C:/Users/oorie/OneDrive/Documentos/TRABALHOS/DLNM/05_publicacao_github/outputs/figures/interactive/rr_surface_3d_norte_obitos_i60_i62_ur_med_files/htmlwidgets-1.6.4/htmlwidgets.js,TRUE,FALSE,34091,2026-06-21 17:18:29.94632,js,outro,figura gerada,ok,ativo
outputs/figures/interactive/rr_surface_3d_norte_obitos_i60_i62_ur_med_files/jquery-3.5.1/jquery-AUTHORS.txt,C:/Users/oorie/OneDrive/Documentos/TRABALHOS/DLNM/05_publicacao_github/outputs/figures/interactive/rr_surface_3d_norte_obitos_i60_i62_ur_med_files/jquery-3.5.1/jquery-AUTHORS.txt,TRUE,FALSE,13726,2026-06-21 17:18:29.947176,txt,documentação/log,figura gerada,ok,ativo
outputs/figures/interactive/rr_surface_3d_norte_obitos_i60_i62_ur_med_files/jquery-3.5.1/jquery.js,C:/Users/oorie/OneDrive/Documentos/TRABALHOS/DLNM/05_publicacao_github/outputs/figures/interactive/rr_surface_3d_norte_obitos_i60_i62_ur_med_files/jquery-3.5.1/jquery.js,TRUE,FALSE,298502,2026-06-21 17:18:29.947359,js,outro,figura gerada,ok,ativo
outputs/figures/interactive/rr_surface_3d_norte_obitos_i60_i62_ur_med_files/jquery-3.5.1/jquery.min.js,C:/Users/oorie/OneDrive/Documentos/TRABALHOS/DLNM/05_publicacao_github/outputs/figures/interactive/rr_surface_3d_norte_obitos_i60_i62_ur_med_files/jquery-3.5.1/jquery.min.js,TRUE,FALSE,89478,2026-06-21 17:18:29.948345,js,outro,figura gerada,ok,ativo
outputs/figures/interactive/rr_surface_3d_norte_obitos_i60_i62_ur_med_files/jquery-3.5.1/jquery.min.map,C:/Users/oorie/OneDrive/Documentos/TRABALHOS/DLNM/05_publicacao_github/outputs/figures/interactive/rr_surface_3d_norte_obitos_i60_i62_ur_med_files/jquery-3.5.1/jquery.min.map,TRUE,FALSE,137986,2026-06-21 17:18:29.948641,map,outro,figura gerada,ok,ativo
outputs/figures/interactive/rr_surface_3d_norte_obitos_i60_i62_ur_med_files/plotly-binding-4.12.0/plotly.js,C:/Users/oorie/OneDrive/Documentos/TRABALHOS/DLNM/05_publicacao_github/outputs/figures/interactive/rr_surface_3d_norte_obitos_i60_i62_ur_med_files/plotly-binding-4.12.0/plotly.js,TRUE,FALSE,34699,2026-06-21 17:18:29.948969,js,outro,figura gerada,ok,ativo
outputs/figures/interactive/rr_surface_3d_norte_obitos_i60_i62_ur_med_files/plotly-htmlwidgets-css-2.25.2/plotly-htmlwidgets.css,C:/Users/oorie/OneDrive/Documentos/TRABALHOS/DLNM/05_publicacao_github/outputs/figures/interactive/rr_surface_3d_norte_obitos_i60_i62_ur_med_files/plotly-htmlwidgets-css-2.25.2/plotly-htmlwidgets.css,TRUE,FALSE,182,2026-06-21 17:18:29.949186,css,outro,figura gerada,ok,ativo
outputs/figures/interactive/rr_surface_3d_norte_obitos_i60_i62_ur_med_files/plotly-main-2.25.2/plotly-latest.min.js,C:/Users/oorie/OneDrive/Documentos/TRABALHOS/DLNM/05_publicacao_github/outputs/figures/interactive/rr_surface_3d_norte_obitos_i60_i62_ur_med_files/plotly-main-2.25.2/plotly-latest.min.js,TRUE,FALSE,3575017,2026-06-21 17:18:29.949541,js,outro,figura gerada,ok,ativo
outputs/figures/interactive/rr_surface_3d_norte_obitos_i60_i62_ur_med_files/typedarray-0.1/typedarray.min.js,C:/Users/oorie/OneDrive/Documentos/TRABALHOS/DLNM/05_publicacao_github/outputs/figures/interactive/rr_surface_3d_norte_obitos_i60_i62_ur_med_files/typedarray-0.1/typedarray.min.js,TRUE,FALSE,22444,2026-06-21 17:18:29.949879,js,outro,figura gerada,ok,ativo
outputs/figures/interactive/rr_surface_3d_norte_obitos_i60_i64_temp_med.html,C:/Users/oorie/OneDrive/Documentos/TRABALHOS/DLNM/05_publicacao_github/outputs/figures/interactive/rr_surface_3d_norte_obitos_i60_i64_temp_med.html,TRUE,FALSE,51372,2026-06-21 17:18:29.950069,html,HTML,figura gerada,ok,ativo
outputs/figures/interactive/rr_surface_3d_norte_obitos_i60_i64_ur_med.html,C:/Users/oorie/OneDrive/Documentos/TRABALHOS/DLNM/05_publicacao_github/outputs/figures/interactive/rr_surface_3d_norte_obitos_i60_i64_ur_med.html,TRUE,FALSE,51477,2026-06-21 17:18:29.950365,html,HTML,figura gerada,ok,ativo
outputs/figures/interactive/rr_surface_3d_norte_obitos_i60_i64_ur_med_files/crosstalk-1.2.2/css/crosstalk.min.css,C:/Users/oorie/OneDrive/Documentos/TRABALHOS/DLNM/05_publicacao_github/outputs/figures/interactive/rr_surface_3d_norte_obitos_i60_i64_ur_med_files/crosstalk-1.2.2/css/crosstalk.min.css,TRUE,FALSE,1307,2026-06-21 17:18:29.950552,css,outro,figura gerada,ok,ativo
outputs/figures/interactive/rr_surface_3d_norte_obitos_i60_i64_ur_med_files/crosstalk-1.2.2/js/crosstalk.js,C:/Users/oorie/OneDrive/Documentos/TRABALHOS/DLNM/05_publicacao_github/outputs/figures/interactive/rr_surface_3d_norte_obitos_i60_i64_ur_med_files/crosstalk-1.2.2/js/crosstalk.js,TRUE,FALSE,50504,2026-06-21 17:18:29.950735,js,outro,figura gerada,ok,ativo
outputs/figures/interactive/rr_surface_3d_norte_obitos_i60_i64_ur_med_files/crosstalk-1.2.2/js/crosstalk.js.map,C:/Users/oorie/OneDrive/Documentos/TRABALHOS/DLNM/05_publicacao_github/outputs/figures/interactive/rr_surface_3d_norte_obitos_i60_i64_ur_med_files/crosstalk-1.2.2/js/crosstalk.js.map,TRUE,FALSE,54889,2026-06-21 17:18:29.951063,map,outro,figura gerada,ok,ativo
outputs/figures/interactive/rr_surface_3d_norte_obitos_i60_i64_ur_med_files/crosstalk-1.2.2/js/crosstalk.min.js,C:/Users/oorie/OneDrive/Documentos/TRABALHOS/DLNM/05_publicacao_github/outputs/figures/interactive/rr_surface_3d_norte_obitos_i60_i64_ur_med_files/crosstalk-1.2.2/js/crosstalk.min.js,TRUE,FALSE,18926,2026-06-21 17:18:29.951218,js,outro,figura gerada,ok,ativo
outputs/figures/interactive/rr_surface_3d_norte_obitos_i60_i64_ur_med_files/crosstalk-1.2.2/js/crosstalk.min.js.map,C:/Users/oorie/OneDrive/Documentos/TRABALHOS/DLNM/05_publicacao_github/outputs/figures/interactive/rr_surface_3d_norte_obitos_i60_i64_ur_med_files/crosstalk-1.2.2/js/crosstalk.min.js.map,TRUE,FALSE,50338,2026-06-21 17:18:29.951609,map,outro,figura gerada,ok,ativo
outputs/figures/interactive/rr_surface_3d_norte_obitos_i60_i64_ur_med_files/crosstalk-1.2.2/scss/crosstalk.scss,C:/Users/oorie/OneDrive/Documentos/TRABALHOS/DLNM/05_publicacao_github/outputs/figures/interactive/rr_surface_3d_norte_obitos_i60_i64_ur_med_files/crosstalk-1.2.2/scss/crosstalk.scss,TRUE,FALSE,1891,2026-06-21 17:18:29.951824,scss,outro,figura gerada,ok,ativo
outputs/figures/interactive/rr_surface_3d_norte_obitos_i60_i64_ur_med_files/htmltools-fill-0.5.9/fill.css,C:/Users/oorie/OneDrive/Documentos/TRABALHOS/DLNM/05_publicacao_github/outputs/figures/interactive/rr_surface_3d_norte_obitos_i60_i64_ur_med_files/htmltools-fill-0.5.9/fill.css,TRUE,FALSE,606,2026-06-21 17:18:29.952326,css,outro,figura gerada,ok,ativo
outputs/figures/interactive/rr_surface_3d_norte_obitos_i60_i64_ur_med_files/htmlwidgets-1.6.4/htmlwidgets.js,C:/Users/oorie/OneDrive/Documentos/TRABALHOS/DLNM/05_publicacao_github/outputs/figures/interactive/rr_surface_3d_norte_obitos_i60_i64_ur_med_files/htmlwidgets-1.6.4/htmlwidgets.js,TRUE,FALSE,34091,2026-06-21 17:18:29.952551,js,outro,figura gerada,ok,ativo
outputs/figures/interactive/rr_surface_3d_norte_obitos_i60_i64_ur_med_files/jquery-3.5.1/jquery-AUTHORS.txt,C:/Users/oorie/OneDrive/Documentos/TRABALHOS/DLNM/05_publicacao_github/outputs/figures/interactive/rr_surface_3d_norte_obitos_i60_i64_ur_med_files/jquery-3.5.1/jquery-AUTHORS.txt,TRUE,FALSE,13726,2026-06-21 17:18:29.952963,txt,documentação/log,figura gerada,ok,ativo
outputs/figures/interactive/rr_surface_3d_norte_obitos_i60_i64_ur_med_files/jquery-3.5.1/jquery.js,C:/Users/oorie/OneDrive/Documentos/TRABALHOS/DLNM/05_publicacao_github/outputs/figures/interactive/rr_surface_3d_norte_obitos_i60_i64_ur_med_files/jquery-3.5.1/jquery.js,TRUE,FALSE,298502,2026-06-21 17:18:29.953262,js,outro,figura gerada,ok,ativo
outputs/figures/interactive/rr_surface_3d_norte_obitos_i60_i64_ur_med_files/jquery-3.5.1/jquery.min.js,C:/Users/oorie/OneDrive/Documentos/TRABALHOS/DLNM/05_publicacao_github/outputs/figures/interactive/rr_surface_3d_norte_obitos_i60_i64_ur_med_files/jquery-3.5.1/jquery.min.js,TRUE,FALSE,89478,2026-06-21 17:18:29.95402,js,outro,figura gerada,ok,ativo
outputs/figures/interactive/rr_surface_3d_norte_obitos_i60_i64_ur_med_files/jquery-3.5.1/jquery.min.map,C:/Users/oorie/OneDrive/Documentos/TRABALHOS/DLNM/05_publicacao_github/outputs/figures/interactive/rr_surface_3d_norte_obitos_i60_i64_ur_med_files/jquery-3.5.1/jquery.min.map,TRUE,FALSE,137986,2026-06-21 17:18:29.954563,map,outro,figura gerada,ok,ativo
outputs/figures/interactive/rr_surface_3d_norte_obitos_i60_i64_ur_med_files/plotly-binding-4.12.0/plotly.js,C:/Users/oorie/OneDrive/Documentos/TRABALHOS/DLNM/05_publicacao_github/outputs/figures/interactive/rr_surface_3d_norte_obitos_i60_i64_ur_med_files/plotly-binding-4.12.0/plotly.js,TRUE,FALSE,34699,2026-06-21 17:18:29.954796,js,outro,figura gerada,ok,ativo
outputs/figures/interactive/rr_surface_3d_norte_obitos_i60_i64_ur_med_files/plotly-htmlwidgets-css-2.25.2/plotly-htmlwidgets.css,C:/Users/oorie/OneDrive/Documentos/TRABALHOS/DLNM/05_publicacao_github/outputs/figures/interactive/rr_surface_3d_norte_obitos_i60_i64_ur_med_files/plotly-htmlwidgets-css-2.25.2/plotly-htmlwidgets.css,TRUE,FALSE,182,2026-06-21 17:18:29.955359,css,outro,figura gerada,ok,ativo
outputs/figures/interactive/rr_surface_3d_norte_obitos_i60_i64_ur_med_files/plotly-main-2.25.2/plotly-latest.min.js,C:/Users/oorie/OneDrive/Documentos/TRABALHOS/DLNM/05_publicacao_github/outputs/figures/interactive/rr_surface_3d_norte_obitos_i60_i64_ur_med_files/plotly-main-2.25.2/plotly-latest.min.js,TRUE,FALSE,3575017,2026-06-21 17:18:29.956001,js,outro,figura gerada,ok,ativo
outputs/figures/interactive/rr_surface_3d_norte_obitos_i60_i64_ur_med_files/typedarray-0.1/typedarray.min.js,C:/Users/oorie/OneDrive/Documentos/TRABALHOS/DLNM/05_publicacao_github/outputs/figures/interactive/rr_surface_3d_norte_obitos_i60_i64_ur_med_files/typedarray-0.1/typedarray.min.js,TRUE,FALSE,22444,2026-06-21 17:18:29.956417,js,outro,figura gerada,ok,ativo
outputs/figures/interactive/rr_surface_3d_norte_obitos_i60_i69_temp_med.html,C:/Users/oorie/OneDrive/Documentos/TRABALHOS/DLNM/05_publicacao_github/outputs/figures/interactive/rr_surface_3d_norte_obitos_i60_i69_temp_med.html,TRUE,FALSE,51604,2026-06-21 17:18:29.956949,html,HTML,figura gerada,ok,ativo
outputs/figures/interactive/rr_surface_3d_norte_obitos_i60_i69_temp_med_files/crosstalk-1.2.2/css/crosstalk.min.css,C:/Users/oorie/OneDrive/Documentos/TRABALHOS/DLNM/05_publicacao_github/outputs/figures/interactive/rr_surface_3d_norte_obitos_i60_i69_temp_med_files/crosstalk-1.2.2/css/crosstalk.min.css,TRUE,FALSE,1307,2026-06-21 17:18:29.957388,css,outro,figura gerada,ok,ativo
outputs/figures/interactive/rr_surface_3d_norte_obitos_i60_i69_temp_med_files/crosstalk-1.2.2/js/crosstalk.js,C:/Users/oorie/OneDrive/Documentos/TRABALHOS/DLNM/05_publicacao_github/outputs/figures/interactive/rr_surface_3d_norte_obitos_i60_i69_temp_med_files/crosstalk-1.2.2/js/crosstalk.js,TRUE,FALSE,50504,2026-06-21 17:18:29.957626,js,outro,figura gerada,ok,ativo
outputs/figures/interactive/rr_surface_3d_norte_obitos_i60_i69_temp_med_files/crosstalk-1.2.2/js/crosstalk.js.map,C:/Users/oorie/OneDrive/Documentos/TRABALHOS/DLNM/05_publicacao_github/outputs/figures/interactive/rr_surface_3d_norte_obitos_i60_i69_temp_med_files/crosstalk-1.2.2/js/crosstalk.js.map,TRUE,FALSE,54889,2026-06-21 17:18:29.958973,map,outro,figura gerada,ok,ativo
outputs/figures/interactive/rr_surface_3d_norte_obitos_i60_i69_temp_med_files/crosstalk-1.2.2/js/crosstalk.min.js,C:/Users/oorie/OneDrive/Documentos/TRABALHOS/DLNM/05_publicacao_github/outputs/figures/interactive/rr_surface_3d_norte_obitos_i60_i69_temp_med_files/crosstalk-1.2.2/js/crosstalk.min.js,TRUE,FALSE,18926,2026-06-21 17:18:29.959766,js,outro,figura gerada,ok,ativo
outputs/figures/interactive/rr_surface_3d_norte_obitos_i60_i69_temp_med_files/crosstalk-1.2.2/js/crosstalk.min.js.map,C:/Users/oorie/OneDrive/Documentos/TRABALHOS/DLNM/05_publicacao_github/outputs/figures/interactive/rr_surface_3d_norte_obitos_i60_i69_temp_med_files/crosstalk-1.2.2/js/crosstalk.min.js.map,TRUE,FALSE,50338,2026-06-21 17:18:29.960651,map,outro,figura gerada,ok,ativo
outputs/figures/interactive/rr_surface_3d_norte_obitos_i60_i69_temp_med_files/crosstalk-1.2.2/scss/crosstalk.scss,C:/Users/oorie/OneDrive/Documentos/TRABALHOS/DLNM/05_publicacao_github/outputs/figures/interactive/rr_surface_3d_norte_obitos_i60_i69_temp_med_files/crosstalk-1.2.2/scss/crosstalk.scss,TRUE,FALSE,1891,2026-06-21 17:18:29.961361,scss,outro,figura gerada,ok,ativo
outputs/figures/interactive/rr_surface_3d_norte_obitos_i60_i69_temp_med_files/htmltools-fill-0.5.9/fill.css,C:/Users/oorie/OneDrive/Documentos/TRABALHOS/DLNM/05_publicacao_github/outputs/figures/interactive/rr_surface_3d_norte_obitos_i60_i69_temp_med_files/htmltools-fill-0.5.9/fill.css,TRUE,FALSE,606,2026-06-21 17:18:29.961561,css,outro,figura gerada,ok,ativo
outputs/figures/interactive/rr_surface_3d_norte_obitos_i60_i69_temp_med_files/htmlwidgets-1.6.4/htmlwidgets.js,C:/Users/oorie/OneDrive/Documentos/TRABALHOS/DLNM/05_publicacao_github/outputs/figures/interactive/rr_surface_3d_norte_obitos_i60_i69_temp_med_files/htmlwidgets-1.6.4/htmlwidgets.js,TRUE,FALSE,34091,2026-06-21 17:18:29.962017,js,outro,figura gerada,ok,ativo
outputs/figures/interactive/rr_surface_3d_norte_obitos_i60_i69_temp_med_files/jquery-3.5.1/jquery-AUTHORS.txt,C:/Users/oorie/OneDrive/Documentos/TRABALHOS/DLNM/05_publicacao_github/outputs/figures/interactive/rr_surface_3d_norte_obitos_i60_i69_temp_med_files/jquery-3.5.1/jquery-AUTHORS.txt,TRUE,FALSE,13726,2026-06-21 17:18:29.962656,txt,documentação/log,figura gerada,ok,ativo
outputs/figures/interactive/rr_surface_3d_norte_obitos_i60_i69_temp_med_files/jquery-3.5.1/jquery.js,C:/Users/oorie/OneDrive/Documentos/TRABALHOS/DLNM/05_publicacao_github/outputs/figures/interactive/rr_surface_3d_norte_obitos_i60_i69_temp_med_files/jquery-3.5.1/jquery.js,TRUE,FALSE,298502,2026-06-21 17:18:29.96311,js,outro,figura gerada,ok,ativo
outputs/figures/interactive/rr_surface_3d_norte_obitos_i60_i69_temp_med_files/jquery-3.5.1/jquery.min.js,C:/Users/oorie/OneDrive/Documentos/TRABALHOS/DLNM/05_publicacao_github/outputs/figures/interactive/rr_surface_3d_norte_obitos_i60_i69_temp_med_files/jquery-3.5.1/jquery.min.js,TRUE,FALSE,89478,2026-06-21 17:18:29.963488,js,outro,figura gerada,ok,ativo
outputs/figures/interactive/rr_surface_3d_norte_obitos_i60_i69_temp_med_files/jquery-3.5.1/jquery.min.map,C:/Users/oorie/OneDrive/Documentos/TRABALHOS/DLNM/05_publicacao_github/outputs/figures/interactive/rr_surface_3d_norte_obitos_i60_i69_temp_med_files/jquery-3.5.1/jquery.min.map,TRUE,FALSE,137986,2026-06-21 17:18:29.963825,map,outro,figura gerada,ok,ativo
outputs/figures/interactive/rr_surface_3d_norte_obitos_i60_i69_temp_med_files/plotly-binding-4.12.0/plotly.js,C:/Users/oorie/OneDrive/Documentos/TRABALHOS/DLNM/05_publicacao_github/outputs/figures/interactive/rr_surface_3d_norte_obitos_i60_i69_temp_med_files/plotly-binding-4.12.0/plotly.js,TRUE,FALSE,34699,2026-06-21 17:18:29.96417,js,outro,figura gerada,ok,ativo
outputs/figures/interactive/rr_surface_3d_norte_obitos_i60_i69_temp_med_files/plotly-htmlwidgets-css-2.25.2/plotly-htmlwidgets.css,C:/Users/oorie/OneDrive/Documentos/TRABALHOS/DLNM/05_publicacao_github/outputs/figures/interactive/rr_surface_3d_norte_obitos_i60_i69_temp_med_files/plotly-htmlwidgets-css-2.25.2/plotly-htmlwidgets.css,TRUE,FALSE,182,2026-06-21 17:18:29.964529,css,outro,figura gerada,ok,ativo
outputs/figures/interactive/rr_surface_3d_norte_obitos_i60_i69_temp_med_files/plotly-main-2.25.2/plotly-latest.min.js,C:/Users/oorie/OneDrive/Documentos/TRABALHOS/DLNM/05_publicacao_github/outputs/figures/interactive/rr_surface_3d_norte_obitos_i60_i69_temp_med_files/plotly-main-2.25.2/plotly-latest.min.js,TRUE,FALSE,3575017,2026-06-21 17:18:29.964773,js,outro,figura gerada,ok,ativo
outputs/figures/interactive/rr_surface_3d_norte_obitos_i60_i69_temp_med_files/typedarray-0.1/typedarray.min.js,C:/Users/oorie/OneDrive/Documentos/TRABALHOS/DLNM/05_publicacao_github/outputs/figures/interactive/rr_surface_3d_norte_obitos_i60_i69_temp_med_files/typedarray-0.1/typedarray.min.js,TRUE,FALSE,22444,2026-06-21 17:18:29.965134,js,outro,figura gerada,ok,ativo
outputs/figures/interactive/rr_surface_3d_norte_obitos_i60_i69_ur_med.html,C:/Users/oorie/OneDrive/Documentos/TRABALHOS/DLNM/05_publicacao_github/outputs/figures/interactive/rr_surface_3d_norte_obitos_i60_i69_ur_med.html,TRUE,FALSE,51417,2026-06-21 17:18:29.9655,html,HTML,figura gerada,ok,ativo
outputs/figures/interactive/rr_surface_3d_norte_obitos_i60_i69_ur_med_files/crosstalk-1.2.2/css/crosstalk.min.css,C:/Users/oorie/OneDrive/Documentos/TRABALHOS/DLNM/05_publicacao_github/outputs/figures/interactive/rr_surface_3d_norte_obitos_i60_i69_ur_med_files/crosstalk-1.2.2/css/crosstalk.min.css,TRUE,FALSE,1307,2026-06-21 17:18:29.965767,css,outro,figura gerada,ok,ativo
outputs/figures/interactive/rr_surface_3d_norte_obitos_i60_i69_ur_med_files/crosstalk-1.2.2/js/crosstalk.js,C:/Users/oorie/OneDrive/Documentos/TRABALHOS/DLNM/05_publicacao_github/outputs/figures/interactive/rr_surface_3d_norte_obitos_i60_i69_ur_med_files/crosstalk-1.2.2/js/crosstalk.js,TRUE,FALSE,50504,2026-06-21 17:18:29.966026,js,outro,figura gerada,ok,ativo
outputs/figures/interactive/rr_surface_3d_norte_obitos_i60_i69_ur_med_files/crosstalk-1.2.2/js/crosstalk.js.map,C:/Users/oorie/OneDrive/Documentos/TRABALHOS/DLNM/05_publicacao_github/outputs/figures/interactive/rr_surface_3d_norte_obitos_i60_i69_ur_med_files/crosstalk-1.2.2/js/crosstalk.js.map,TRUE,FALSE,54889,2026-06-21 17:18:29.966732,map,outro,figura gerada,ok,ativo
outputs/figures/interactive/rr_surface_3d_norte_obitos_i60_i69_ur_med_files/crosstalk-1.2.2/js/crosstalk.min.js,C:/Users/oorie/OneDrive/Documentos/TRABALHOS/DLNM/05_publicacao_github/outputs/figures/interactive/rr_surface_3d_norte_obitos_i60_i69_ur_med_files/crosstalk-1.2.2/js/crosstalk.min.js,TRUE,FALSE,18926,2026-06-21 17:18:29.967022,js,outro,figura gerada,ok,ativo
outputs/figures/interactive/rr_surface_3d_norte_obitos_i60_i69_ur_med_files/crosstalk-1.2.2/js/crosstalk.min.js.map,C:/Users/oorie/OneDrive/Documentos/TRABALHOS/DLNM/05_publicacao_github/outputs/figures/interactive/rr_surface_3d_norte_obitos_i60_i69_ur_med_files/crosstalk-1.2.2/js/crosstalk.min.js.map,TRUE,FALSE,50338,2026-06-21 17:18:29.967581,map,outro,figura gerada,ok,ativo
outputs/figures/interactive/rr_surface_3d_norte_obitos_i60_i69_ur_med_files/crosstalk-1.2.2/scss/crosstalk.scss,C:/Users/oorie/OneDrive/Documentos/TRABALHOS/DLNM/05_publicacao_github/outputs/figures/interactive/rr_surface_3d_norte_obitos_i60_i69_ur_med_files/crosstalk-1.2.2/scss/crosstalk.scss,TRUE,FALSE,1891,2026-06-21 17:18:29.967861,scss,outro,figura gerada,ok,ativo
outputs/figures/interactive/rr_surface_3d_norte_obitos_i60_i69_ur_med_files/htmltools-fill-0.5.9/fill.css,C:/Users/oorie/OneDrive/Documentos/TRABALHOS/DLNM/05_publicacao_github/outputs/figures/interactive/rr_surface_3d_norte_obitos_i60_i69_ur_med_files/htmltools-fill-0.5.9/fill.css,TRUE,FALSE,606,2026-06-21 17:18:29.968884,css,outro,figura gerada,ok,ativo
outputs/figures/interactive/rr_surface_3d_norte_obitos_i60_i69_ur_med_files/htmlwidgets-1.6.4/htmlwidgets.js,C:/Users/oorie/OneDrive/Documentos/TRABALHOS/DLNM/05_publicacao_github/outputs/figures/interactive/rr_surface_3d_norte_obitos_i60_i69_ur_med_files/htmlwidgets-1.6.4/htmlwidgets.js,TRUE,FALSE,34091,2026-06-21 17:18:29.969259,js,outro,figura gerada,ok,ativo
outputs/figures/interactive/rr_surface_3d_norte_obitos_i60_i69_ur_med_files/jquery-3.5.1/jquery-AUTHORS.txt,C:/Users/oorie/OneDrive/Documentos/TRABALHOS/DLNM/05_publicacao_github/outputs/figures/interactive/rr_surface_3d_norte_obitos_i60_i69_ur_med_files/jquery-3.5.1/jquery-AUTHORS.txt,TRUE,FALSE,13726,2026-06-21 17:18:29.969723,txt,documentação/log,figura gerada,ok,ativo
outputs/figures/interactive/rr_surface_3d_norte_obitos_i60_i69_ur_med_files/jquery-3.5.1/jquery.js,C:/Users/oorie/OneDrive/Documentos/TRABALHOS/DLNM/05_publicacao_github/outputs/figures/interactive/rr_surface_3d_norte_obitos_i60_i69_ur_med_files/jquery-3.5.1/jquery.js,TRUE,FALSE,298502,2026-06-21 17:18:29.969917,js,outro,figura gerada,ok,ativo
outputs/figures/interactive/rr_surface_3d_norte_obitos_i60_i69_ur_med_files/jquery-3.5.1/jquery.min.js,C:/Users/oorie/OneDrive/Documentos/TRABALHOS/DLNM/05_publicacao_github/outputs/figures/interactive/rr_surface_3d_norte_obitos_i60_i69_ur_med_files/jquery-3.5.1/jquery.min.js,TRUE,FALSE,89478,2026-06-21 17:18:29.970217,js,outro,figura gerada,ok,ativo
outputs/figures/interactive/rr_surface_3d_norte_obitos_i60_i69_ur_med_files/jquery-3.5.1/jquery.min.map,C:/Users/oorie/OneDrive/Documentos/TRABALHOS/DLNM/05_publicacao_github/outputs/figures/interactive/rr_surface_3d_norte_obitos_i60_i69_ur_med_files/jquery-3.5.1/jquery.min.map,TRUE,FALSE,137986,2026-06-21 17:18:29.970482,map,outro,figura gerada,ok,ativo
outputs/figures/interactive/rr_surface_3d_norte_obitos_i60_i69_ur_med_files/plotly-binding-4.12.0/plotly.js,C:/Users/oorie/OneDrive/Documentos/TRABALHOS/DLNM/05_publicacao_github/outputs/figures/interactive/rr_surface_3d_norte_obitos_i60_i69_ur_med_files/plotly-binding-4.12.0/plotly.js,TRUE,FALSE,34699,2026-06-21 17:18:29.970665,js,outro,figura gerada,ok,ativo
outputs/figures/interactive/rr_surface_3d_norte_obitos_i60_i69_ur_med_files/plotly-htmlwidgets-css-2.25.2/plotly-htmlwidgets.css,C:/Users/oorie/OneDrive/Documentos/TRABALHOS/DLNM/05_publicacao_github/outputs/figures/interactive/rr_surface_3d_norte_obitos_i60_i69_ur_med_files/plotly-htmlwidgets-css-2.25.2/plotly-htmlwidgets.css,TRUE,FALSE,182,2026-06-21 17:18:29.971012,css,outro,figura gerada,ok,ativo
outputs/figures/interactive/rr_surface_3d_norte_obitos_i60_i69_ur_med_files/plotly-main-2.25.2/plotly-latest.min.js,C:/Users/oorie/OneDrive/Documentos/TRABALHOS/DLNM/05_publicacao_github/outputs/figures/interactive/rr_surface_3d_norte_obitos_i60_i69_ur_med_files/plotly-main-2.25.2/plotly-latest.min.js,TRUE,FALSE,3575017,2026-06-21 17:18:29.971403,js,outro,figura gerada,ok,ativo
outputs/figures/interactive/rr_surface_3d_norte_obitos_i60_i69_ur_med_files/typedarray-0.1/typedarray.min.js,C:/Users/oorie/OneDrive/Documentos/TRABALHOS/DLNM/05_publicacao_github/outputs/figures/interactive/rr_surface_3d_norte_obitos_i60_i69_ur_med_files/typedarray-0.1/typedarray.min.js,TRUE,FALSE,22444,2026-06-21 17:18:30.005772,js,outro,figura gerada,ok,ativo
outputs/figures/interactive/rr_surface_3d_serrana_internacoes_i60_i62_temp_med.html,C:/Users/oorie/OneDrive/Documentos/TRABALHOS/DLNM/05_publicacao_github/outputs/figures/interactive/rr_surface_3d_serrana_internacoes_i60_i62_temp_med.html,TRUE,FALSE,52343,2026-06-21 17:18:30.006037,html,HTML,figura gerada,ok,ativo
outputs/figures/interactive/rr_surface_3d_serrana_internacoes_i60_i62_temp_med_files/crosstalk-1.2.2/css/crosstalk.min.css,C:/Users/oorie/OneDrive/Documentos/TRABALHOS/DLNM/05_publicacao_github/outputs/figures/interactive/rr_surface_3d_serrana_internacoes_i60_i62_temp_med_files/crosstalk-1.2.2/css/crosstalk.min.css,TRUE,FALSE,1307,2026-06-21 17:18:30.006481,css,outro,figura gerada,ok,ativo
outputs/figures/interactive/rr_surface_3d_serrana_internacoes_i60_i62_temp_med_files/crosstalk-1.2.2/js/crosstalk.js,C:/Users/oorie/OneDrive/Documentos/TRABALHOS/DLNM/05_publicacao_github/outputs/figures/interactive/rr_surface_3d_serrana_internacoes_i60_i62_temp_med_files/crosstalk-1.2.2/js/crosstalk.js,TRUE,FALSE,50504,2026-06-21 17:18:30.007368,js,outro,figura gerada,ok,ativo
outputs/figures/interactive/rr_surface_3d_serrana_internacoes_i60_i62_temp_med_files/crosstalk-1.2.2/js/crosstalk.js.map,C:/Users/oorie/OneDrive/Documentos/TRABALHOS/DLNM/05_publicacao_github/outputs/figures/interactive/rr_surface_3d_serrana_internacoes_i60_i62_temp_med_files/crosstalk-1.2.2/js/crosstalk.js.map,TRUE,FALSE,54889,2026-06-21 17:18:30.009041,map,outro,figura gerada,ok,ativo
outputs/figures/interactive/rr_surface_3d_serrana_internacoes_i60_i62_temp_med_files/crosstalk-1.2.2/js/crosstalk.min.js,C:/Users/oorie/OneDrive/Documentos/TRABALHOS/DLNM/05_publicacao_github/outputs/figures/interactive/rr_surface_3d_serrana_internacoes_i60_i62_temp_med_files/crosstalk-1.2.2/js/crosstalk.min.js,TRUE,FALSE,18926,2026-06-21 17:18:30.01144,js,outro,figura gerada,ok,ativo
outputs/figures/interactive/rr_surface_3d_serrana_internacoes_i60_i62_temp_med_files/crosstalk-1.2.2/js/crosstalk.min.js.map,C:/Users/oorie/OneDrive/Documentos/TRABALHOS/DLNM/05_publicacao_github/outputs/figures/interactive/rr_surface_3d_serrana_internacoes_i60_i62_temp_med_files/crosstalk-1.2.2/js/crosstalk.min.js.map,TRUE,FALSE,50338,2026-06-21 17:18:30.011892,map,outro,figura gerada,ok,ativo
outputs/figures/interactive/rr_surface_3d_serrana_internacoes_i60_i62_temp_med_files/crosstalk-1.2.2/scss/crosstalk.scss,C:/Users/oorie/OneDrive/Documentos/TRABALHOS/DLNM/05_publicacao_github/outputs/figures/interactive/rr_surface_3d_serrana_internacoes_i60_i62_temp_med_files/crosstalk-1.2.2/scss/crosstalk.scss,TRUE,FALSE,1891,2026-06-21 17:18:30.012379,scss,outro,figura gerada,ok,ativo
outputs/figures/interactive/rr_surface_3d_serrana_internacoes_i60_i62_temp_med_files/htmltools-fill-0.5.9/fill.css,C:/Users/oorie/OneDrive/Documentos/TRABALHOS/DLNM/05_publicacao_github/outputs/figures/interactive/rr_surface_3d_serrana_internacoes_i60_i62_temp_med_files/htmltools-fill-0.5.9/fill.css,TRUE,FALSE,606,2026-06-21 17:18:30.012743,css,outro,figura gerada,ok,ativo
outputs/figures/interactive/rr_surface_3d_serrana_internacoes_i60_i62_temp_med_files/htmlwidgets-1.6.4/htmlwidgets.js,C:/Users/oorie/OneDrive/Documentos/TRABALHOS/DLNM/05_publicacao_github/outputs/figures/interactive/rr_surface_3d_serrana_internacoes_i60_i62_temp_med_files/htmlwidgets-1.6.4/htmlwidgets.js,TRUE,FALSE,34091,2026-06-21 17:18:30.013245,js,outro,figura gerada,ok,ativo
outputs/figures/interactive/rr_surface_3d_serrana_internacoes_i60_i62_temp_med_files/jquery-3.5.1/jquery-AUTHORS.txt,C:/Users/oorie/OneDrive/Documentos/TRABALHOS/DLNM/05_publicacao_github/outputs/figures/interactive/rr_surface_3d_serrana_internacoes_i60_i62_temp_med_files/jquery-3.5.1/jquery-AUTHORS.txt,TRUE,FALSE,13726,2026-06-21 17:18:30.013491,txt,documentação/log,figura gerada,ok,ativo
outputs/figures/interactive/rr_surface_3d_serrana_internacoes_i60_i62_temp_med_files/jquery-3.5.1/jquery.js,C:/Users/oorie/OneDrive/Documentos/TRABALHOS/DLNM/05_publicacao_github/outputs/figures/interactive/rr_surface_3d_serrana_internacoes_i60_i62_temp_med_files/jquery-3.5.1/jquery.js,TRUE,FALSE,298502,2026-06-21 17:18:30.013802,js,outro,figura gerada,ok,ativo
outputs/figures/interactive/rr_surface_3d_serrana_internacoes_i60_i62_temp_med_files/jquery-3.5.1/jquery.min.js,C:/Users/oorie/OneDrive/Documentos/TRABALHOS/DLNM/05_publicacao_github/outputs/figures/interactive/rr_surface_3d_serrana_internacoes_i60_i62_temp_med_files/jquery-3.5.1/jquery.min.js,TRUE,FALSE,89478,2026-06-21 17:18:30.014086,js,outro,figura gerada,ok,ativo
outputs/figures/interactive/rr_surface_3d_serrana_internacoes_i60_i62_temp_med_files/jquery-3.5.1/jquery.min.map,C:/Users/oorie/OneDrive/Documentos/TRABALHOS/DLNM/05_publicacao_github/outputs/figures/interactive/rr_surface_3d_serrana_internacoes_i60_i62_temp_med_files/jquery-3.5.1/jquery.min.map,TRUE,FALSE,137986,2026-06-21 17:18:30.014406,map,outro,figura gerada,ok,ativo
outputs/figures/interactive/rr_surface_3d_serrana_internacoes_i60_i62_temp_med_files/plotly-binding-4.12.0/plotly.js,C:/Users/oorie/OneDrive/Documentos/TRABALHOS/DLNM/05_publicacao_github/outputs/figures/interactive/rr_surface_3d_serrana_internacoes_i60_i62_temp_med_files/plotly-binding-4.12.0/plotly.js,TRUE,FALSE,34699,2026-06-21 17:18:30.014732,js,outro,figura gerada,ok,ativo
outputs/figures/interactive/rr_surface_3d_serrana_internacoes_i60_i62_temp_med_files/plotly-htmlwidgets-css-2.25.2/plotly-htmlwidgets.css,C:/Users/oorie/OneDrive/Documentos/TRABALHOS/DLNM/05_publicacao_github/outputs/figures/interactive/rr_surface_3d_serrana_internacoes_i60_i62_temp_med_files/plotly-htmlwidgets-css-2.25.2/plotly-htmlwidgets.css,TRUE,FALSE,182,2026-06-21 17:18:30.014927,css,outro,figura gerada,ok,ativo
outputs/figures/interactive/rr_surface_3d_serrana_internacoes_i60_i62_temp_med_files/plotly-main-2.25.2/plotly-latest.min.js,C:/Users/oorie/OneDrive/Documentos/TRABALHOS/DLNM/05_publicacao_github/outputs/figures/interactive/rr_surface_3d_serrana_internacoes_i60_i62_temp_med_files/plotly-main-2.25.2/plotly-latest.min.js,TRUE,FALSE,3575017,2026-06-21 17:18:30.015839,js,outro,figura gerada,ok,ativo
outputs/figures/interactive/rr_surface_3d_serrana_internacoes_i60_i62_temp_med_files/typedarray-0.1/typedarray.min.js,C:/Users/oorie/OneDrive/Documentos/TRABALHOS/DLNM/05_publicacao_github/outputs/figures/interactive/rr_surface_3d_serrana_internacoes_i60_i62_temp_med_files/typedarray-0.1/typedarray.min.js,TRUE,FALSE,22444,2026-06-21 17:18:30.01676,js,outro,figura gerada,ok,ativo
outputs/figures/interactive/rr_surface_3d_serrana_internacoes_i60_i62_ur_med.html,C:/Users/oorie/OneDrive/Documentos/TRABALHOS/DLNM/05_publicacao_github/outputs/figures/interactive/rr_surface_3d_serrana_internacoes_i60_i62_ur_med.html,TRUE,FALSE,51781,2026-06-21 17:18:30.017431,html,HTML,figura gerada,ok,ativo
outputs/figures/interactive/rr_surface_3d_serrana_internacoes_i60_i62_ur_med_files/crosstalk-1.2.2/css/crosstalk.min.css,C:/Users/oorie/OneDrive/Documentos/TRABALHOS/DLNM/05_publicacao_github/outputs/figures/interactive/rr_surface_3d_serrana_internacoes_i60_i62_ur_med_files/crosstalk-1.2.2/css/crosstalk.min.css,TRUE,FALSE,1307,2026-06-21 17:18:30.01771,css,outro,figura gerada,ok,ativo
outputs/figures/interactive/rr_surface_3d_serrana_internacoes_i60_i62_ur_med_files/crosstalk-1.2.2/js/crosstalk.js,C:/Users/oorie/OneDrive/Documentos/TRABALHOS/DLNM/05_publicacao_github/outputs/figures/interactive/rr_surface_3d_serrana_internacoes_i60_i62_ur_med_files/crosstalk-1.2.2/js/crosstalk.js,TRUE,FALSE,50504,2026-06-21 17:18:30.018244,js,outro,figura gerada,ok,ativo
outputs/figures/interactive/rr_surface_3d_serrana_internacoes_i60_i62_ur_med_files/crosstalk-1.2.2/js/crosstalk.js.map,C:/Users/oorie/OneDrive/Documentos/TRABALHOS/DLNM/05_publicacao_github/outputs/figures/interactive/rr_surface_3d_serrana_internacoes_i60_i62_ur_med_files/crosstalk-1.2.2/js/crosstalk.js.map,TRUE,FALSE,54889,2026-06-21 17:18:30.019318,map,outro,figura gerada,ok,ativo
outputs/figures/interactive/rr_surface_3d_serrana_internacoes_i60_i62_ur_med_files/crosstalk-1.2.2/js/crosstalk.min.js,C:/Users/oorie/OneDrive/Documentos/TRABALHOS/DLNM/05_publicacao_github/outputs/figures/interactive/rr_surface_3d_serrana_internacoes_i60_i62_ur_med_files/crosstalk-1.2.2/js/crosstalk.min.js,TRUE,FALSE,18926,2026-06-21 17:18:30.019674,js,outro,figura gerada,ok,ativo
outputs/figures/interactive/rr_surface_3d_serrana_internacoes_i60_i62_ur_med_files/crosstalk-1.2.2/js/crosstalk.min.js.map,C:/Users/oorie/OneDrive/Documentos/TRABALHOS/DLNM/05_publicacao_github/outputs/figures/interactive/rr_surface_3d_serrana_internacoes_i60_i62_ur_med_files/crosstalk-1.2.2/js/crosstalk.min.js.map,TRUE,FALSE,50338,2026-06-21 17:18:30.020494,map,outro,figura gerada,ok,ativo
outputs/figures/interactive/rr_surface_3d_serrana_internacoes_i60_i62_ur_med_files/crosstalk-1.2.2/scss/crosstalk.scss,C:/Users/oorie/OneDrive/Documentos/TRABALHOS/DLNM/05_publicacao_github/outputs/figures/interactive/rr_surface_3d_serrana_internacoes_i60_i62_ur_med_files/crosstalk-1.2.2/scss/crosstalk.scss,TRUE,FALSE,1891,2026-06-21 17:18:30.02075,scss,outro,figura gerada,ok,ativo
outputs/figures/interactive/rr_surface_3d_serrana_internacoes_i60_i62_ur_med_files/htmltools-fill-0.5.9/fill.css,C:/Users/oorie/OneDrive/Documentos/TRABALHOS/DLNM/05_publicacao_github/outputs/figures/interactive/rr_surface_3d_serrana_internacoes_i60_i62_ur_med_files/htmltools-fill-0.5.9/fill.css,TRUE,FALSE,606,2026-06-21 17:18:30.020943,css,outro,figura gerada,ok,ativo
outputs/figures/interactive/rr_surface_3d_serrana_internacoes_i60_i62_ur_med_files/htmlwidgets-1.6.4/htmlwidgets.js,C:/Users/oorie/OneDrive/Documentos/TRABALHOS/DLNM/05_publicacao_github/outputs/figures/interactive/rr_surface_3d_serrana_internacoes_i60_i62_ur_med_files/htmlwidgets-1.6.4/htmlwidgets.js,TRUE,FALSE,34091,2026-06-21 17:18:30.02125,js,outro,figura gerada,ok,ativo
outputs/figures/interactive/rr_surface_3d_serrana_internacoes_i60_i62_ur_med_files/jquery-3.5.1/jquery-AUTHORS.txt,C:/Users/oorie/OneDrive/Documentos/TRABALHOS/DLNM/05_publicacao_github/outputs/figures/interactive/rr_surface_3d_serrana_internacoes_i60_i62_ur_med_files/jquery-3.5.1/jquery-AUTHORS.txt,TRUE,FALSE,13726,2026-06-21 17:18:30.021524,txt,documentação/log,figura gerada,ok,ativo
outputs/figures/interactive/rr_surface_3d_serrana_internacoes_i60_i62_ur_med_files/jquery-3.5.1/jquery.js,C:/Users/oorie/OneDrive/Documentos/TRABALHOS/DLNM/05_publicacao_github/outputs/figures/interactive/rr_surface_3d_serrana_internacoes_i60_i62_ur_med_files/jquery-3.5.1/jquery.js,TRUE,FALSE,298502,2026-06-21 17:18:30.021849,js,outro,figura gerada,ok,ativo
outputs/figures/interactive/rr_surface_3d_serrana_internacoes_i60_i62_ur_med_files/jquery-3.5.1/jquery.min.js,C:/Users/oorie/OneDrive/Documentos/TRABALHOS/DLNM/05_publicacao_github/outputs/figures/interactive/rr_surface_3d_serrana_internacoes_i60_i62_ur_med_files/jquery-3.5.1/jquery.min.js,TRUE,FALSE,89478,2026-06-21 17:18:30.022495,js,outro,figura gerada,ok,ativo
outputs/figures/interactive/rr_surface_3d_serrana_internacoes_i60_i62_ur_med_files/jquery-3.5.1/jquery.min.map,C:/Users/oorie/OneDrive/Documentos/TRABALHOS/DLNM/05_publicacao_github/outputs/figures/interactive/rr_surface_3d_serrana_internacoes_i60_i62_ur_med_files/jquery-3.5.1/jquery.min.map,TRUE,FALSE,137986,2026-06-21 17:18:30.023104,map,outro,figura gerada,ok,ativo
outputs/figures/interactive/rr_surface_3d_serrana_internacoes_i60_i62_ur_med_files/plotly-binding-4.12.0/plotly.js,C:/Users/oorie/OneDrive/Documentos/TRABALHOS/DLNM/05_publicacao_github/outputs/figures/interactive/rr_surface_3d_serrana_internacoes_i60_i62_ur_med_files/plotly-binding-4.12.0/plotly.js,TRUE,FALSE,34699,2026-06-21 17:18:30.024427,js,outro,figura gerada,ok,ativo
outputs/figures/interactive/rr_surface_3d_serrana_internacoes_i60_i62_ur_med_files/plotly-htmlwidgets-css-2.25.2/plotly-htmlwidgets.css,C:/Users/oorie/OneDrive/Documentos/TRABALHOS/DLNM/05_publicacao_github/outputs/figures/interactive/rr_surface_3d_serrana_internacoes_i60_i62_ur_med_files/plotly-htmlwidgets-css-2.25.2/plotly-htmlwidgets.css,TRUE,FALSE,182,2026-06-21 17:18:30.024868,css,outro,figura gerada,ok,ativo
outputs/figures/interactive/rr_surface_3d_serrana_internacoes_i60_i62_ur_med_files/plotly-main-2.25.2/plotly-latest.min.js,C:/Users/oorie/OneDrive/Documentos/TRABALHOS/DLNM/05_publicacao_github/outputs/figures/interactive/rr_surface_3d_serrana_internacoes_i60_i62_ur_med_files/plotly-main-2.25.2/plotly-latest.min.js,TRUE,FALSE,3575017,2026-06-21 17:18:30.02607,js,outro,figura gerada,ok,ativo
outputs/figures/interactive/rr_surface_3d_serrana_internacoes_i60_i62_ur_med_files/typedarray-0.1/typedarray.min.js,C:/Users/oorie/OneDrive/Documentos/TRABALHOS/DLNM/05_publicacao_github/outputs/figures/interactive/rr_surface_3d_serrana_internacoes_i60_i62_ur_med_files/typedarray-0.1/typedarray.min.js,TRUE,FALSE,22444,2026-06-21 17:18:30.027105,js,outro,figura gerada,ok,ativo
outputs/figures/interactive/rr_surface_3d_serrana_internacoes_i60_i64_temp_med.html,C:/Users/oorie/OneDrive/Documentos/TRABALHOS/DLNM/05_publicacao_github/outputs/figures/interactive/rr_surface_3d_serrana_internacoes_i60_i64_temp_med.html,TRUE,FALSE,51617,2026-06-21 17:18:30.028393,html,HTML,figura gerada,ok,ativo
outputs/figures/interactive/rr_surface_3d_serrana_internacoes_i60_i64_temp_med_files/crosstalk-1.2.2/css/crosstalk.min.css,C:/Users/oorie/OneDrive/Documentos/TRABALHOS/DLNM/05_publicacao_github/outputs/figures/interactive/rr_surface_3d_serrana_internacoes_i60_i64_temp_med_files/crosstalk-1.2.2/css/crosstalk.min.css,TRUE,FALSE,1307,2026-06-21 17:18:30.028673,css,outro,figura gerada,ok,ativo
outputs/figures/interactive/rr_surface_3d_serrana_internacoes_i60_i64_temp_med_files/crosstalk-1.2.2/js/crosstalk.js,C:/Users/oorie/OneDrive/Documentos/TRABALHOS/DLNM/05_publicacao_github/outputs/figures/interactive/rr_surface_3d_serrana_internacoes_i60_i64_temp_med_files/crosstalk-1.2.2/js/crosstalk.js,TRUE,FALSE,50504,2026-06-21 17:18:30.029732,js,outro,figura gerada,ok,ativo
outputs/figures/interactive/rr_surface_3d_serrana_internacoes_i60_i64_temp_med_files/crosstalk-1.2.2/js/crosstalk.js.map,C:/Users/oorie/OneDrive/Documentos/TRABALHOS/DLNM/05_publicacao_github/outputs/figures/interactive/rr_surface_3d_serrana_internacoes_i60_i64_temp_med_files/crosstalk-1.2.2/js/crosstalk.js.map,TRUE,FALSE,54889,2026-06-21 17:18:30.030811,map,outro,figura gerada,ok,ativo
outputs/figures/interactive/rr_surface_3d_serrana_internacoes_i60_i64_temp_med_files/crosstalk-1.2.2/js/crosstalk.min.js,C:/Users/oorie/OneDrive/Documentos/TRABALHOS/DLNM/05_publicacao_github/outputs/figures/interactive/rr_surface_3d_serrana_internacoes_i60_i64_temp_med_files/crosstalk-1.2.2/js/crosstalk.min.js,TRUE,FALSE,18926,2026-06-21 17:18:30.031162,js,outro,figura gerada,ok,ativo
outputs/figures/interactive/rr_surface_3d_serrana_internacoes_i60_i64_temp_med_files/crosstalk-1.2.2/js/crosstalk.min.js.map,C:/Users/oorie/OneDrive/Documentos/TRABALHOS/DLNM/05_publicacao_github/outputs/figures/interactive/rr_surface_3d_serrana_internacoes_i60_i64_temp_med_files/crosstalk-1.2.2/js/crosstalk.min.js.map,TRUE,FALSE,50338,2026-06-21 17:18:30.031836,map,outro,figura gerada,ok,ativo
outputs/figures/interactive/rr_surface_3d_serrana_internacoes_i60_i64_temp_med_files/crosstalk-1.2.2/scss/crosstalk.scss,C:/Users/oorie/OneDrive/Documentos/TRABALHOS/DLNM/05_publicacao_github/outputs/figures/interactive/rr_surface_3d_serrana_internacoes_i60_i64_temp_med_files/crosstalk-1.2.2/scss/crosstalk.scss,TRUE,FALSE,1891,2026-06-21 17:18:30.032091,scss,outro,figura gerada,ok,ativo
outputs/figures/interactive/rr_surface_3d_serrana_internacoes_i60_i64_temp_med_files/htmltools-fill-0.5.9/fill.css,C:/Users/oorie/OneDrive/Documentos/TRABALHOS/DLNM/05_publicacao_github/outputs/figures/interactive/rr_surface_3d_serrana_internacoes_i60_i64_temp_med_files/htmltools-fill-0.5.9/fill.css,TRUE,FALSE,606,2026-06-21 17:18:30.032272,css,outro,figura gerada,ok,ativo
outputs/figures/interactive/rr_surface_3d_serrana_internacoes_i60_i64_temp_med_files/htmlwidgets-1.6.4/htmlwidgets.js,C:/Users/oorie/OneDrive/Documentos/TRABALHOS/DLNM/05_publicacao_github/outputs/figures/interactive/rr_surface_3d_serrana_internacoes_i60_i64_temp_med_files/htmlwidgets-1.6.4/htmlwidgets.js,TRUE,FALSE,34091,2026-06-21 17:18:30.032732,js,outro,figura gerada,ok,ativo
outputs/figures/interactive/rr_surface_3d_serrana_internacoes_i60_i64_temp_med_files/jquery-3.5.1/jquery-AUTHORS.txt,C:/Users/oorie/OneDrive/Documentos/TRABALHOS/DLNM/05_publicacao_github/outputs/figures/interactive/rr_surface_3d_serrana_internacoes_i60_i64_temp_med_files/jquery-3.5.1/jquery-AUTHORS.txt,TRUE,FALSE,13726,2026-06-21 17:18:30.033009,txt,documentação/log,figura gerada,ok,ativo
outputs/figures/interactive/rr_surface_3d_serrana_internacoes_i60_i64_temp_med_files/jquery-3.5.1/jquery.js,C:/Users/oorie/OneDrive/Documentos/TRABALHOS/DLNM/05_publicacao_github/outputs/figures/interactive/rr_surface_3d_serrana_internacoes_i60_i64_temp_med_files/jquery-3.5.1/jquery.js,TRUE,FALSE,298502,2026-06-21 17:18:30.033318,js,outro,figura gerada,ok,ativo
outputs/figures/interactive/rr_surface_3d_serrana_internacoes_i60_i64_temp_med_files/jquery-3.5.1/jquery.min.js,C:/Users/oorie/OneDrive/Documentos/TRABALHOS/DLNM/05_publicacao_github/outputs/figures/interactive/rr_surface_3d_serrana_internacoes_i60_i64_temp_med_files/jquery-3.5.1/jquery.min.js,TRUE,FALSE,89478,2026-06-21 17:18:30.033596,js,outro,figura gerada,ok,ativo
outputs/figures/interactive/rr_surface_3d_serrana_internacoes_i60_i64_temp_med_files/jquery-3.5.1/jquery.min.map,C:/Users/oorie/OneDrive/Documentos/TRABALHOS/DLNM/05_publicacao_github/outputs/figures/interactive/rr_surface_3d_serrana_internacoes_i60_i64_temp_med_files/jquery-3.5.1/jquery.min.map,TRUE,FALSE,137986,2026-06-21 17:18:30.033825,map,outro,figura gerada,ok,ativo
outputs/figures/interactive/rr_surface_3d_serrana_internacoes_i60_i64_temp_med_files/plotly-binding-4.12.0/plotly.js,C:/Users/oorie/OneDrive/Documentos/TRABALHOS/DLNM/05_publicacao_github/outputs/figures/interactive/rr_surface_3d_serrana_internacoes_i60_i64_temp_med_files/plotly-binding-4.12.0/plotly.js,TRUE,FALSE,34699,2026-06-21 17:18:30.034004,js,outro,figura gerada,ok,ativo
outputs/figures/interactive/rr_surface_3d_serrana_internacoes_i60_i64_temp_med_files/plotly-htmlwidgets-css-2.25.2/plotly-htmlwidgets.css,C:/Users/oorie/OneDrive/Documentos/TRABALHOS/DLNM/05_publicacao_github/outputs/figures/interactive/rr_surface_3d_serrana_internacoes_i60_i64_temp_med_files/plotly-htmlwidgets-css-2.25.2/plotly-htmlwidgets.css,TRUE,FALSE,182,2026-06-21 17:18:30.034311,css,outro,figura gerada,ok,ativo
outputs/figures/interactive/rr_surface_3d_serrana_internacoes_i60_i64_temp_med_files/plotly-main-2.25.2/plotly-latest.min.js,C:/Users/oorie/OneDrive/Documentos/TRABALHOS/DLNM/05_publicacao_github/outputs/figures/interactive/rr_surface_3d_serrana_internacoes_i60_i64_temp_med_files/plotly-main-2.25.2/plotly-latest.min.js,TRUE,FALSE,3575017,2026-06-21 17:18:30.034628,js,outro,figura gerada,ok,ativo
outputs/figures/interactive/rr_surface_3d_serrana_internacoes_i60_i64_temp_med_files/typedarray-0.1/typedarray.min.js,C:/Users/oorie/OneDrive/Documentos/TRABALHOS/DLNM/05_publicacao_github/outputs/figures/interactive/rr_surface_3d_serrana_internacoes_i60_i64_temp_med_files/typedarray-0.1/typedarray.min.js,TRUE,FALSE,22444,2026-06-21 17:18:30.034935,js,outro,figura gerada,ok,ativo
outputs/figures/interactive/rr_surface_3d_serrana_internacoes_i60_i64_ur_med.html,C:/Users/oorie/OneDrive/Documentos/TRABALHOS/DLNM/05_publicacao_github/outputs/figures/interactive/rr_surface_3d_serrana_internacoes_i60_i64_ur_med.html,TRUE,FALSE,52031,2026-06-21 17:18:30.036282,html,HTML,figura gerada,ok,ativo
outputs/figures/interactive/rr_surface_3d_serrana_internacoes_i60_i64_ur_med_files/crosstalk-1.2.2/css/crosstalk.min.css,C:/Users/oorie/OneDrive/Documentos/TRABALHOS/DLNM/05_publicacao_github/outputs/figures/interactive/rr_surface_3d_serrana_internacoes_i60_i64_ur_med_files/crosstalk-1.2.2/css/crosstalk.min.css,TRUE,FALSE,1307,2026-06-21 17:18:30.036764,css,outro,figura gerada,ok,ativo
outputs/figures/interactive/rr_surface_3d_serrana_internacoes_i60_i64_ur_med_files/crosstalk-1.2.2/js/crosstalk.js,C:/Users/oorie/OneDrive/Documentos/TRABALHOS/DLNM/05_publicacao_github/outputs/figures/interactive/rr_surface_3d_serrana_internacoes_i60_i64_ur_med_files/crosstalk-1.2.2/js/crosstalk.js,TRUE,FALSE,50504,2026-06-21 17:18:30.037117,js,outro,figura gerada,ok,ativo
outputs/figures/interactive/rr_surface_3d_serrana_internacoes_i60_i64_ur_med_files/crosstalk-1.2.2/js/crosstalk.js.map,C:/Users/oorie/OneDrive/Documentos/TRABALHOS/DLNM/05_publicacao_github/outputs/figures/interactive/rr_surface_3d_serrana_internacoes_i60_i64_ur_med_files/crosstalk-1.2.2/js/crosstalk.js.map,TRUE,FALSE,54889,2026-06-21 17:18:30.037598,map,outro,figura gerada,ok,ativo
outputs/figures/interactive/rr_surface_3d_serrana_internacoes_i60_i64_ur_med_files/crosstalk-1.2.2/js/crosstalk.min.js,C:/Users/oorie/OneDrive/Documentos/TRABALHOS/DLNM/05_publicacao_github/outputs/figures/interactive/rr_surface_3d_serrana_internacoes_i60_i64_ur_med_files/crosstalk-1.2.2/js/crosstalk.min.js,TRUE,FALSE,18926,2026-06-21 17:18:30.037981,js,outro,figura gerada,ok,ativo
outputs/figures/interactive/rr_surface_3d_serrana_internacoes_i60_i64_ur_med_files/crosstalk-1.2.2/js/crosstalk.min.js.map,C:/Users/oorie/OneDrive/Documentos/TRABALHOS/DLNM/05_publicacao_github/outputs/figures/interactive/rr_surface_3d_serrana_internacoes_i60_i64_ur_med_files/crosstalk-1.2.2/js/crosstalk.min.js.map,TRUE,FALSE,50338,2026-06-21 17:18:30.03858,map,outro,figura gerada,ok,ativo
outputs/figures/interactive/rr_surface_3d_serrana_internacoes_i60_i64_ur_med_files/crosstalk-1.2.2/scss/crosstalk.scss,C:/Users/oorie/OneDrive/Documentos/TRABALHOS/DLNM/05_publicacao_github/outputs/figures/interactive/rr_surface_3d_serrana_internacoes_i60_i64_ur_med_files/crosstalk-1.2.2/scss/crosstalk.scss,TRUE,FALSE,1891,2026-06-21 17:18:30.038816,scss,outro,figura gerada,ok,ativo
outputs/figures/interactive/rr_surface_3d_serrana_internacoes_i60_i64_ur_med_files/htmltools-fill-0.5.9/fill.css,C:/Users/oorie/OneDrive/Documentos/TRABALHOS/DLNM/05_publicacao_github/outputs/figures/interactive/rr_surface_3d_serrana_internacoes_i60_i64_ur_med_files/htmltools-fill-0.5.9/fill.css,TRUE,FALSE,606,2026-06-21 17:18:30.039158,css,outro,figura gerada,ok,ativo
outputs/figures/interactive/rr_surface_3d_serrana_internacoes_i60_i64_ur_med_files/htmlwidgets-1.6.4/htmlwidgets.js,C:/Users/oorie/OneDrive/Documentos/TRABALHOS/DLNM/05_publicacao_github/outputs/figures/interactive/rr_surface_3d_serrana_internacoes_i60_i64_ur_med_files/htmlwidgets-1.6.4/htmlwidgets.js,TRUE,FALSE,34091,2026-06-21 17:18:30.039461,js,outro,figura gerada,ok,ativo
outputs/figures/interactive/rr_surface_3d_serrana_internacoes_i60_i64_ur_med_files/jquery-3.5.1/jquery-AUTHORS.txt,C:/Users/oorie/OneDrive/Documentos/TRABALHOS/DLNM/05_publicacao_github/outputs/figures/interactive/rr_surface_3d_serrana_internacoes_i60_i64_ur_med_files/jquery-3.5.1/jquery-AUTHORS.txt,TRUE,FALSE,13726,2026-06-21 17:18:30.039783,txt,documentação/log,figura gerada,ok,ativo
outputs/figures/interactive/rr_surface_3d_serrana_internacoes_i60_i64_ur_med_files/jquery-3.5.1/jquery.js,C:/Users/oorie/OneDrive/Documentos/TRABALHOS/DLNM/05_publicacao_github/outputs/figures/interactive/rr_surface_3d_serrana_internacoes_i60_i64_ur_med_files/jquery-3.5.1/jquery.js,TRUE,FALSE,298502,2026-06-21 17:18:30.04034,js,outro,figura gerada,ok,ativo
outputs/figures/interactive/rr_surface_3d_serrana_internacoes_i60_i64_ur_med_files/jquery-3.5.1/jquery.min.js,C:/Users/oorie/OneDrive/Documentos/TRABALHOS/DLNM/05_publicacao_github/outputs/figures/interactive/rr_surface_3d_serrana_internacoes_i60_i64_ur_med_files/jquery-3.5.1/jquery.min.js,TRUE,FALSE,89478,2026-06-21 17:18:30.040804,js,outro,figura gerada,ok,ativo
outputs/figures/interactive/rr_surface_3d_serrana_internacoes_i60_i64_ur_med_files/jquery-3.5.1/jquery.min.map,C:/Users/oorie/OneDrive/Documentos/TRABALHOS/DLNM/05_publicacao_github/outputs/figures/interactive/rr_surface_3d_serrana_internacoes_i60_i64_ur_med_files/jquery-3.5.1/jquery.min.map,TRUE,FALSE,137986,2026-06-21 17:18:30.041208,map,outro,figura gerada,ok,ativo
outputs/figures/interactive/rr_surface_3d_serrana_internacoes_i60_i64_ur_med_files/plotly-binding-4.12.0/plotly.js,C:/Users/oorie/OneDrive/Documentos/TRABALHOS/DLNM/05_publicacao_github/outputs/figures/interactive/rr_surface_3d_serrana_internacoes_i60_i64_ur_med_files/plotly-binding-4.12.0/plotly.js,TRUE,FALSE,34699,2026-06-21 17:18:30.0425,js,outro,figura gerada,ok,ativo
outputs/figures/interactive/rr_surface_3d_serrana_internacoes_i60_i64_ur_med_files/plotly-htmlwidgets-css-2.25.2/plotly-htmlwidgets.css,C:/Users/oorie/OneDrive/Documentos/TRABALHOS/DLNM/05_publicacao_github/outputs/figures/interactive/rr_surface_3d_serrana_internacoes_i60_i64_ur_med_files/plotly-htmlwidgets-css-2.25.2/plotly-htmlwidgets.css,TRUE,FALSE,182,2026-06-21 17:18:30.045151,css,outro,figura gerada,ok,ativo
outputs/figures/interactive/rr_surface_3d_serrana_internacoes_i60_i64_ur_med_files/plotly-main-2.25.2/plotly-latest.min.js,C:/Users/oorie/OneDrive/Documentos/TRABALHOS/DLNM/05_publicacao_github/outputs/figures/interactive/rr_surface_3d_serrana_internacoes_i60_i64_ur_med_files/plotly-main-2.25.2/plotly-latest.min.js,TRUE,FALSE,3575017,2026-06-21 17:18:30.045975,js,outro,figura gerada,ok,ativo
outputs/figures/interactive/rr_surface_3d_serrana_internacoes_i60_i64_ur_med_files/typedarray-0.1/typedarray.min.js,C:/Users/oorie/OneDrive/Documentos/TRABALHOS/DLNM/05_publicacao_github/outputs/figures/interactive/rr_surface_3d_serrana_internacoes_i60_i64_ur_med_files/typedarray-0.1/typedarray.min.js,TRUE,FALSE,22444,2026-06-21 17:18:30.046499,js,outro,figura gerada,ok,ativo
outputs/figures/interactive/rr_surface_3d_serrana_internacoes_i60_i69_temp_med.html,C:/Users/oorie/OneDrive/Documentos/TRABALHOS/DLNM/05_publicacao_github/outputs/figures/interactive/rr_surface_3d_serrana_internacoes_i60_i69_temp_med.html,TRUE,FALSE,52047,2026-06-21 17:18:30.046879,html,HTML,figura gerada,ok,ativo
outputs/figures/interactive/rr_surface_3d_serrana_internacoes_i60_i69_temp_med_files/crosstalk-1.2.2/css/crosstalk.min.css,C:/Users/oorie/OneDrive/Documentos/TRABALHOS/DLNM/05_publicacao_github/outputs/figures/interactive/rr_surface_3d_serrana_internacoes_i60_i69_temp_med_files/crosstalk-1.2.2/css/crosstalk.min.css,TRUE,FALSE,1307,2026-06-21 17:18:30.047098,css,outro,figura gerada,ok,ativo
outputs/figures/interactive/rr_surface_3d_serrana_internacoes_i60_i69_temp_med_files/crosstalk-1.2.2/js/crosstalk.js,C:/Users/oorie/OneDrive/Documentos/TRABALHOS/DLNM/05_publicacao_github/outputs/figures/interactive/rr_surface_3d_serrana_internacoes_i60_i69_temp_med_files/crosstalk-1.2.2/js/crosstalk.js,TRUE,FALSE,50504,2026-06-21 17:18:30.047955,js,outro,figura gerada,ok,ativo
outputs/figures/interactive/rr_surface_3d_serrana_internacoes_i60_i69_temp_med_files/crosstalk-1.2.2/js/crosstalk.js.map,C:/Users/oorie/OneDrive/Documentos/TRABALHOS/DLNM/05_publicacao_github/outputs/figures/interactive/rr_surface_3d_serrana_internacoes_i60_i69_temp_med_files/crosstalk-1.2.2/js/crosstalk.js.map,TRUE,FALSE,54889,2026-06-21 17:18:30.048382,map,outro,figura gerada,ok,ativo
outputs/figures/interactive/rr_surface_3d_serrana_internacoes_i60_i69_temp_med_files/crosstalk-1.2.2/js/crosstalk.min.js,C:/Users/oorie/OneDrive/Documentos/TRABALHOS/DLNM/05_publicacao_github/outputs/figures/interactive/rr_surface_3d_serrana_internacoes_i60_i69_temp_med_files/crosstalk-1.2.2/js/crosstalk.min.js,TRUE,FALSE,18926,2026-06-21 17:18:30.048922,js,outro,figura gerada,ok,ativo
outputs/figures/interactive/rr_surface_3d_serrana_internacoes_i60_i69_temp_med_files/crosstalk-1.2.2/js/crosstalk.min.js.map,C:/Users/oorie/OneDrive/Documentos/TRABALHOS/DLNM/05_publicacao_github/outputs/figures/interactive/rr_surface_3d_serrana_internacoes_i60_i69_temp_med_files/crosstalk-1.2.2/js/crosstalk.min.js.map,TRUE,FALSE,50338,2026-06-21 17:18:30.049368,map,outro,figura gerada,ok,ativo
outputs/figures/interactive/rr_surface_3d_serrana_internacoes_i60_i69_temp_med_files/crosstalk-1.2.2/scss/crosstalk.scss,C:/Users/oorie/OneDrive/Documentos/TRABALHOS/DLNM/05_publicacao_github/outputs/figures/interactive/rr_surface_3d_serrana_internacoes_i60_i69_temp_med_files/crosstalk-1.2.2/scss/crosstalk.scss,TRUE,FALSE,1891,2026-06-21 17:18:30.049713,scss,outro,figura gerada,ok,ativo
outputs/figures/interactive/rr_surface_3d_serrana_internacoes_i60_i69_temp_med_files/htmltools-fill-0.5.9/fill.css,C:/Users/oorie/OneDrive/Documentos/TRABALHOS/DLNM/05_publicacao_github/outputs/figures/interactive/rr_surface_3d_serrana_internacoes_i60_i69_temp_med_files/htmltools-fill-0.5.9/fill.css,TRUE,FALSE,606,2026-06-21 17:18:30.050703,css,outro,figura gerada,ok,ativo
outputs/figures/interactive/rr_surface_3d_serrana_internacoes_i60_i69_temp_med_files/htmlwidgets-1.6.4/htmlwidgets.js,C:/Users/oorie/OneDrive/Documentos/TRABALHOS/DLNM/05_publicacao_github/outputs/figures/interactive/rr_surface_3d_serrana_internacoes_i60_i69_temp_med_files/htmlwidgets-1.6.4/htmlwidgets.js,TRUE,FALSE,34091,2026-06-21 17:18:30.051552,js,outro,figura gerada,ok,ativo
outputs/figures/interactive/rr_surface_3d_serrana_internacoes_i60_i69_temp_med_files/jquery-3.5.1/jquery-AUTHORS.txt,C:/Users/oorie/OneDrive/Documentos/TRABALHOS/DLNM/05_publicacao_github/outputs/figures/interactive/rr_surface_3d_serrana_internacoes_i60_i69_temp_med_files/jquery-3.5.1/jquery-AUTHORS.txt,TRUE,FALSE,13726,2026-06-21 17:18:30.051857,txt,documentação/log,figura gerada,ok,ativo
outputs/figures/interactive/rr_surface_3d_serrana_internacoes_i60_i69_temp_med_files/jquery-3.5.1/jquery.js,C:/Users/oorie/OneDrive/Documentos/TRABALHOS/DLNM/05_publicacao_github/outputs/figures/interactive/rr_surface_3d_serrana_internacoes_i60_i69_temp_med_files/jquery-3.5.1/jquery.js,TRUE,FALSE,298502,2026-06-21 17:18:30.05233,js,outro,figura gerada,ok,ativo
outputs/figures/interactive/rr_surface_3d_serrana_internacoes_i60_i69_temp_med_files/jquery-3.5.1/jquery.min.js,C:/Users/oorie/OneDrive/Documentos/TRABALHOS/DLNM/05_publicacao_github/outputs/figures/interactive/rr_surface_3d_serrana_internacoes_i60_i69_temp_med_files/jquery-3.5.1/jquery.min.js,TRUE,FALSE,89478,2026-06-21 17:18:30.052656,js,outro,figura gerada,ok,ativo
outputs/figures/interactive/rr_surface_3d_serrana_internacoes_i60_i69_temp_med_files/jquery-3.5.1/jquery.min.map,C:/Users/oorie/OneDrive/Documentos/TRABALHOS/DLNM/05_publicacao_github/outputs/figures/interactive/rr_surface_3d_serrana_internacoes_i60_i69_temp_med_files/jquery-3.5.1/jquery.min.map,TRUE,FALSE,137986,2026-06-21 17:18:30.052969,map,outro,figura gerada,ok,ativo
outputs/figures/interactive/rr_surface_3d_serrana_internacoes_i60_i69_temp_med_files/plotly-binding-4.12.0/plotly.js,C:/Users/oorie/OneDrive/Documentos/TRABALHOS/DLNM/05_publicacao_github/outputs/figures/interactive/rr_surface_3d_serrana_internacoes_i60_i69_temp_med_files/plotly-binding-4.12.0/plotly.js,TRUE,FALSE,34699,2026-06-21 17:18:30.053286,js,outro,figura gerada,ok,ativo
outputs/figures/interactive/rr_surface_3d_serrana_internacoes_i60_i69_temp_med_files/plotly-htmlwidgets-css-2.25.2/plotly-htmlwidgets.css,C:/Users/oorie/OneDrive/Documentos/TRABALHOS/DLNM/05_publicacao_github/outputs/figures/interactive/rr_surface_3d_serrana_internacoes_i60_i69_temp_med_files/plotly-htmlwidgets-css-2.25.2/plotly-htmlwidgets.css,TRUE,FALSE,182,2026-06-21 17:18:30.053804,css,outro,figura gerada,ok,ativo
outputs/figures/interactive/rr_surface_3d_serrana_internacoes_i60_i69_temp_med_files/plotly-main-2.25.2/plotly-latest.min.js,C:/Users/oorie/OneDrive/Documentos/TRABALHOS/DLNM/05_publicacao_github/outputs/figures/interactive/rr_surface_3d_serrana_internacoes_i60_i69_temp_med_files/plotly-main-2.25.2/plotly-latest.min.js,TRUE,FALSE,3575017,2026-06-21 17:18:30.054153,js,outro,figura gerada,ok,ativo
outputs/figures/interactive/rr_surface_3d_serrana_internacoes_i60_i69_temp_med_files/typedarray-0.1/typedarray.min.js,C:/Users/oorie/OneDrive/Documentos/TRABALHOS/DLNM/05_publicacao_github/outputs/figures/interactive/rr_surface_3d_serrana_internacoes_i60_i69_temp_med_files/typedarray-0.1/typedarray.min.js,TRUE,FALSE,22444,2026-06-21 17:18:30.054546,js,outro,figura gerada,ok,ativo
outputs/figures/interactive/rr_surface_3d_serrana_internacoes_i60_i69_ur_med.html,C:/Users/oorie/OneDrive/Documentos/TRABALHOS/DLNM/05_publicacao_github/outputs/figures/interactive/rr_surface_3d_serrana_internacoes_i60_i69_ur_med.html,TRUE,FALSE,52266,2026-06-21 17:18:30.054867,html,HTML,figura gerada,ok,ativo
outputs/figures/interactive/rr_surface_3d_serrana_internacoes_i60_i69_ur_med_files/crosstalk-1.2.2/css/crosstalk.min.css,C:/Users/oorie/OneDrive/Documentos/TRABALHOS/DLNM/05_publicacao_github/outputs/figures/interactive/rr_surface_3d_serrana_internacoes_i60_i69_ur_med_files/crosstalk-1.2.2/css/crosstalk.min.css,TRUE,FALSE,1307,2026-06-21 17:18:30.055243,css,outro,figura gerada,ok,ativo
outputs/figures/interactive/rr_surface_3d_serrana_internacoes_i60_i69_ur_med_files/crosstalk-1.2.2/js/crosstalk.js,C:/Users/oorie/OneDrive/Documentos/TRABALHOS/DLNM/05_publicacao_github/outputs/figures/interactive/rr_surface_3d_serrana_internacoes_i60_i69_ur_med_files/crosstalk-1.2.2/js/crosstalk.js,TRUE,FALSE,50504,2026-06-21 17:18:30.05555,js,outro,figura gerada,ok,ativo
outputs/figures/interactive/rr_surface_3d_serrana_internacoes_i60_i69_ur_med_files/crosstalk-1.2.2/js/crosstalk.js.map,C:/Users/oorie/OneDrive/Documentos/TRABALHOS/DLNM/05_publicacao_github/outputs/figures/interactive/rr_surface_3d_serrana_internacoes_i60_i69_ur_med_files/crosstalk-1.2.2/js/crosstalk.js.map,TRUE,FALSE,54889,2026-06-21 17:18:30.056046,map,outro,figura gerada,ok,ativo
outputs/figures/interactive/rr_surface_3d_serrana_internacoes_i60_i69_ur_med_files/crosstalk-1.2.2/js/crosstalk.min.js,C:/Users/oorie/OneDrive/Documentos/TRABALHOS/DLNM/05_publicacao_github/outputs/figures/interactive/rr_surface_3d_serrana_internacoes_i60_i69_ur_med_files/crosstalk-1.2.2/js/crosstalk.min.js,TRUE,FALSE,18926,2026-06-21 17:18:30.056332,js,outro,figura gerada,ok,ativo
outputs/figures/interactive/rr_surface_3d_serrana_internacoes_i60_i69_ur_med_files/crosstalk-1.2.2/js/crosstalk.min.js.map,C:/Users/oorie/OneDrive/Documentos/TRABALHOS/DLNM/05_publicacao_github/outputs/figures/interactive/rr_surface_3d_serrana_internacoes_i60_i69_ur_med_files/crosstalk-1.2.2/js/crosstalk.min.js.map,TRUE,FALSE,50338,2026-06-21 17:18:30.056623,map,outro,figura gerada,ok,ativo
outputs/figures/interactive/rr_surface_3d_serrana_internacoes_i60_i69_ur_med_files/crosstalk-1.2.2/scss/crosstalk.scss,C:/Users/oorie/OneDrive/Documentos/TRABALHOS/DLNM/05_publicacao_github/outputs/figures/interactive/rr_surface_3d_serrana_internacoes_i60_i69_ur_med_files/crosstalk-1.2.2/scss/crosstalk.scss,TRUE,FALSE,1891,2026-06-21 17:18:30.057426,scss,outro,figura gerada,ok,ativo
outputs/figures/interactive/rr_surface_3d_serrana_internacoes_i60_i69_ur_med_files/htmltools-fill-0.5.9/fill.css,C:/Users/oorie/OneDrive/Documentos/TRABALHOS/DLNM/05_publicacao_github/outputs/figures/interactive/rr_surface_3d_serrana_internacoes_i60_i69_ur_med_files/htmltools-fill-0.5.9/fill.css,TRUE,FALSE,606,2026-06-21 17:18:30.058466,css,outro,figura gerada,ok,ativo
outputs/figures/interactive/rr_surface_3d_serrana_internacoes_i60_i69_ur_med_files/htmlwidgets-1.6.4/htmlwidgets.js,C:/Users/oorie/OneDrive/Documentos/TRABALHOS/DLNM/05_publicacao_github/outputs/figures/interactive/rr_surface_3d_serrana_internacoes_i60_i69_ur_med_files/htmlwidgets-1.6.4/htmlwidgets.js,TRUE,FALSE,34091,2026-06-21 17:18:30.059328,js,outro,figura gerada,ok,ativo
outputs/figures/interactive/rr_surface_3d_serrana_internacoes_i60_i69_ur_med_files/jquery-3.5.1/jquery-AUTHORS.txt,C:/Users/oorie/OneDrive/Documentos/TRABALHOS/DLNM/05_publicacao_github/outputs/figures/interactive/rr_surface_3d_serrana_internacoes_i60_i69_ur_med_files/jquery-3.5.1/jquery-AUTHORS.txt,TRUE,FALSE,13726,2026-06-21 17:18:30.059868,txt,documentação/log,figura gerada,ok,ativo
outputs/figures/interactive/rr_surface_3d_serrana_internacoes_i60_i69_ur_med_files/jquery-3.5.1/jquery.js,C:/Users/oorie/OneDrive/Documentos/TRABALHOS/DLNM/05_publicacao_github/outputs/figures/interactive/rr_surface_3d_serrana_internacoes_i60_i69_ur_med_files/jquery-3.5.1/jquery.js,TRUE,FALSE,298502,2026-06-21 17:18:30.060406,js,outro,figura gerada,ok,ativo
outputs/figures/interactive/rr_surface_3d_serrana_internacoes_i60_i69_ur_med_files/jquery-3.5.1/jquery.min.js,C:/Users/oorie/OneDrive/Documentos/TRABALHOS/DLNM/05_publicacao_github/outputs/figures/interactive/rr_surface_3d_serrana_internacoes_i60_i69_ur_med_files/jquery-3.5.1/jquery.min.js,TRUE,FALSE,89478,2026-06-21 17:18:30.060627,js,outro,figura gerada,ok,ativo
outputs/figures/interactive/rr_surface_3d_serrana_internacoes_i60_i69_ur_med_files/jquery-3.5.1/jquery.min.map,C:/Users/oorie/OneDrive/Documentos/TRABALHOS/DLNM/05_publicacao_github/outputs/figures/interactive/rr_surface_3d_serrana_internacoes_i60_i69_ur_med_files/jquery-3.5.1/jquery.min.map,TRUE,FALSE,137986,2026-06-21 17:18:30.061378,map,outro,figura gerada,ok,ativo
outputs/figures/interactive/rr_surface_3d_serrana_internacoes_i60_i69_ur_med_files/plotly-binding-4.12.0/plotly.js,C:/Users/oorie/OneDrive/Documentos/TRABALHOS/DLNM/05_publicacao_github/outputs/figures/interactive/rr_surface_3d_serrana_internacoes_i60_i69_ur_med_files/plotly-binding-4.12.0/plotly.js,TRUE,FALSE,34699,2026-06-21 17:18:30.061991,js,outro,figura gerada,ok,ativo
outputs/figures/interactive/rr_surface_3d_serrana_internacoes_i60_i69_ur_med_files/plotly-htmlwidgets-css-2.25.2/plotly-htmlwidgets.css,C:/Users/oorie/OneDrive/Documentos/TRABALHOS/DLNM/05_publicacao_github/outputs/figures/interactive/rr_surface_3d_serrana_internacoes_i60_i69_ur_med_files/plotly-htmlwidgets-css-2.25.2/plotly-htmlwidgets.css,TRUE,FALSE,182,2026-06-21 17:18:30.06237,css,outro,figura gerada,ok,ativo
outputs/figures/interactive/rr_surface_3d_serrana_internacoes_i60_i69_ur_med_files/plotly-main-2.25.2/plotly-latest.min.js,C:/Users/oorie/OneDrive/Documentos/TRABALHOS/DLNM/05_publicacao_github/outputs/figures/interactive/rr_surface_3d_serrana_internacoes_i60_i69_ur_med_files/plotly-main-2.25.2/plotly-latest.min.js,TRUE,FALSE,3575017,2026-06-21 17:18:30.062569,js,outro,figura gerada,ok,ativo
outputs/figures/interactive/rr_surface_3d_serrana_internacoes_i60_i69_ur_med_files/typedarray-0.1/typedarray.min.js,C:/Users/oorie/OneDrive/Documentos/TRABALHOS/DLNM/05_publicacao_github/outputs/figures/interactive/rr_surface_3d_serrana_internacoes_i60_i69_ur_med_files/typedarray-0.1/typedarray.min.js,TRUE,FALSE,22444,2026-06-21 17:18:30.062891,js,outro,figura gerada,ok,ativo
outputs/figures/interactive/rr_surface_3d_serrana_internacoes_i63_temp_med.html,C:/Users/oorie/OneDrive/Documentos/TRABALHOS/DLNM/05_publicacao_github/outputs/figures/interactive/rr_surface_3d_serrana_internacoes_i63_temp_med.html,TRUE,FALSE,51868,2026-06-21 17:18:30.063335,html,HTML,figura gerada,ok,ativo
outputs/figures/interactive/rr_surface_3d_serrana_internacoes_i63_temp_med_files/crosstalk-1.2.2/css/crosstalk.min.css,C:/Users/oorie/OneDrive/Documentos/TRABALHOS/DLNM/05_publicacao_github/outputs/figures/interactive/rr_surface_3d_serrana_internacoes_i63_temp_med_files/crosstalk-1.2.2/css/crosstalk.min.css,TRUE,FALSE,1307,2026-06-21 17:18:30.064419,css,outro,figura gerada,ok,ativo
outputs/figures/interactive/rr_surface_3d_serrana_internacoes_i63_temp_med_files/crosstalk-1.2.2/js/crosstalk.js,C:/Users/oorie/OneDrive/Documentos/TRABALHOS/DLNM/05_publicacao_github/outputs/figures/interactive/rr_surface_3d_serrana_internacoes_i63_temp_med_files/crosstalk-1.2.2/js/crosstalk.js,TRUE,FALSE,50504,2026-06-21 17:18:30.065081,js,outro,figura gerada,ok,ativo
outputs/figures/interactive/rr_surface_3d_serrana_internacoes_i63_temp_med_files/crosstalk-1.2.2/js/crosstalk.js.map,C:/Users/oorie/OneDrive/Documentos/TRABALHOS/DLNM/05_publicacao_github/outputs/figures/interactive/rr_surface_3d_serrana_internacoes_i63_temp_med_files/crosstalk-1.2.2/js/crosstalk.js.map,TRUE,FALSE,54889,2026-06-21 17:18:30.065575,map,outro,figura gerada,ok,ativo
outputs/figures/interactive/rr_surface_3d_serrana_internacoes_i63_temp_med_files/crosstalk-1.2.2/js/crosstalk.min.js,C:/Users/oorie/OneDrive/Documentos/TRABALHOS/DLNM/05_publicacao_github/outputs/figures/interactive/rr_surface_3d_serrana_internacoes_i63_temp_med_files/crosstalk-1.2.2/js/crosstalk.min.js,TRUE,FALSE,18926,2026-06-21 17:18:30.066015,js,outro,figura gerada,ok,ativo
outputs/figures/interactive/rr_surface_3d_serrana_internacoes_i63_temp_med_files/crosstalk-1.2.2/js/crosstalk.min.js.map,C:/Users/oorie/OneDrive/Documentos/TRABALHOS/DLNM/05_publicacao_github/outputs/figures/interactive/rr_surface_3d_serrana_internacoes_i63_temp_med_files/crosstalk-1.2.2/js/crosstalk.min.js.map,TRUE,FALSE,50338,2026-06-21 17:18:30.066486,map,outro,figura gerada,ok,ativo
outputs/figures/interactive/rr_surface_3d_serrana_internacoes_i63_temp_med_files/crosstalk-1.2.2/scss/crosstalk.scss,C:/Users/oorie/OneDrive/Documentos/TRABALHOS/DLNM/05_publicacao_github/outputs/figures/interactive/rr_surface_3d_serrana_internacoes_i63_temp_med_files/crosstalk-1.2.2/scss/crosstalk.scss,TRUE,FALSE,1891,2026-06-21 17:18:30.066877,scss,outro,figura gerada,ok,ativo
outputs/figures/interactive/rr_surface_3d_serrana_internacoes_i63_temp_med_files/htmltools-fill-0.5.9/fill.css,C:/Users/oorie/OneDrive/Documentos/TRABALHOS/DLNM/05_publicacao_github/outputs/figures/interactive/rr_surface_3d_serrana_internacoes_i63_temp_med_files/htmltools-fill-0.5.9/fill.css,TRUE,FALSE,606,2026-06-21 17:18:30.067146,css,outro,figura gerada,ok,ativo
outputs/figures/interactive/rr_surface_3d_serrana_internacoes_i63_temp_med_files/htmlwidgets-1.6.4/htmlwidgets.js,C:/Users/oorie/OneDrive/Documentos/TRABALHOS/DLNM/05_publicacao_github/outputs/figures/interactive/rr_surface_3d_serrana_internacoes_i63_temp_med_files/htmlwidgets-1.6.4/htmlwidgets.js,TRUE,FALSE,34091,2026-06-21 17:18:30.067337,js,outro,figura gerada,ok,ativo
outputs/figures/interactive/rr_surface_3d_serrana_internacoes_i63_temp_med_files/jquery-3.5.1/jquery-AUTHORS.txt,C:/Users/oorie/OneDrive/Documentos/TRABALHOS/DLNM/05_publicacao_github/outputs/figures/interactive/rr_surface_3d_serrana_internacoes_i63_temp_med_files/jquery-3.5.1/jquery-AUTHORS.txt,TRUE,FALSE,13726,2026-06-21 17:18:30.067656,txt,documentação/log,figura gerada,ok,ativo
outputs/figures/interactive/rr_surface_3d_serrana_internacoes_i63_temp_med_files/jquery-3.5.1/jquery.js,C:/Users/oorie/OneDrive/Documentos/TRABALHOS/DLNM/05_publicacao_github/outputs/figures/interactive/rr_surface_3d_serrana_internacoes_i63_temp_med_files/jquery-3.5.1/jquery.js,TRUE,FALSE,298502,2026-06-21 17:18:30.067961,js,outro,figura gerada,ok,ativo
outputs/figures/interactive/rr_surface_3d_serrana_internacoes_i63_temp_med_files/jquery-3.5.1/jquery.min.js,C:/Users/oorie/OneDrive/Documentos/TRABALHOS/DLNM/05_publicacao_github/outputs/figures/interactive/rr_surface_3d_serrana_internacoes_i63_temp_med_files/jquery-3.5.1/jquery.min.js,TRUE,FALSE,89478,2026-06-21 17:18:30.06827,js,outro,figura gerada,ok,ativo
outputs/figures/interactive/rr_surface_3d_serrana_internacoes_i63_temp_med_files/jquery-3.5.1/jquery.min.map,C:/Users/oorie/OneDrive/Documentos/TRABALHOS/DLNM/05_publicacao_github/outputs/figures/interactive/rr_surface_3d_serrana_internacoes_i63_temp_med_files/jquery-3.5.1/jquery.min.map,TRUE,FALSE,137986,2026-06-21 17:18:30.068594,map,outro,figura gerada,ok,ativo
outputs/figures/interactive/rr_surface_3d_serrana_internacoes_i63_temp_med_files/plotly-binding-4.12.0/plotly.js,C:/Users/oorie/OneDrive/Documentos/TRABALHOS/DLNM/05_publicacao_github/outputs/figures/interactive/rr_surface_3d_serrana_internacoes_i63_temp_med_files/plotly-binding-4.12.0/plotly.js,TRUE,FALSE,34699,2026-06-21 17:18:30.068766,js,outro,figura gerada,ok,ativo
outputs/figures/interactive/rr_surface_3d_serrana_internacoes_i63_temp_med_files/plotly-htmlwidgets-css-2.25.2/plotly-htmlwidgets.css,C:/Users/oorie/OneDrive/Documentos/TRABALHOS/DLNM/05_publicacao_github/outputs/figures/interactive/rr_surface_3d_serrana_internacoes_i63_temp_med_files/plotly-htmlwidgets-css-2.25.2/plotly-htmlwidgets.css,TRUE,FALSE,182,2026-06-21 17:18:30.069014,css,outro,figura gerada,ok,ativo
outputs/figures/interactive/rr_surface_3d_serrana_internacoes_i63_temp_med_files/plotly-main-2.25.2/plotly-latest.min.js,C:/Users/oorie/OneDrive/Documentos/TRABALHOS/DLNM/05_publicacao_github/outputs/figures/interactive/rr_surface_3d_serrana_internacoes_i63_temp_med_files/plotly-main-2.25.2/plotly-latest.min.js,TRUE,FALSE,3575017,2026-06-21 17:18:30.069521,js,outro,figura gerada,ok,ativo
outputs/figures/interactive/rr_surface_3d_serrana_internacoes_i63_temp_med_files/typedarray-0.1/typedarray.min.js,C:/Users/oorie/OneDrive/Documentos/TRABALHOS/DLNM/05_publicacao_github/outputs/figures/interactive/rr_surface_3d_serrana_internacoes_i63_temp_med_files/typedarray-0.1/typedarray.min.js,TRUE,FALSE,22444,2026-06-21 17:18:30.069923,js,outro,figura gerada,ok,ativo
outputs/figures/interactive/rr_surface_3d_serrana_internacoes_i63_ur_med.html,C:/Users/oorie/OneDrive/Documentos/TRABALHOS/DLNM/05_publicacao_github/outputs/figures/interactive/rr_surface_3d_serrana_internacoes_i63_ur_med.html,TRUE,FALSE,51821,2026-06-21 17:18:30.070253,html,HTML,figura gerada,ok,ativo
outputs/figures/interactive/rr_surface_3d_serrana_internacoes_i63_ur_med_files/crosstalk-1.2.2/css/crosstalk.min.css,C:/Users/oorie/OneDrive/Documentos/TRABALHOS/DLNM/05_publicacao_github/outputs/figures/interactive/rr_surface_3d_serrana_internacoes_i63_ur_med_files/crosstalk-1.2.2/css/crosstalk.min.css,TRUE,FALSE,1307,2026-06-21 17:18:30.070572,css,outro,figura gerada,ok,ativo
outputs/figures/interactive/rr_surface_3d_serrana_internacoes_i63_ur_med_files/crosstalk-1.2.2/js/crosstalk.js,C:/Users/oorie/OneDrive/Documentos/TRABALHOS/DLNM/05_publicacao_github/outputs/figures/interactive/rr_surface_3d_serrana_internacoes_i63_ur_med_files/crosstalk-1.2.2/js/crosstalk.js,TRUE,FALSE,50504,2026-06-21 17:18:30.071369,js,outro,figura gerada,ok,ativo
outputs/figures/interactive/rr_surface_3d_serrana_internacoes_i63_ur_med_files/crosstalk-1.2.2/js/crosstalk.js.map,C:/Users/oorie/OneDrive/Documentos/TRABALHOS/DLNM/05_publicacao_github/outputs/figures/interactive/rr_surface_3d_serrana_internacoes_i63_ur_med_files/crosstalk-1.2.2/js/crosstalk.js.map,TRUE,FALSE,54889,2026-06-21 17:18:30.071795,map,outro,figura gerada,ok,ativo
outputs/figures/interactive/rr_surface_3d_serrana_internacoes_i63_ur_med_files/crosstalk-1.2.2/js/crosstalk.min.js,C:/Users/oorie/OneDrive/Documentos/TRABALHOS/DLNM/05_publicacao_github/outputs/figures/interactive/rr_surface_3d_serrana_internacoes_i63_ur_med_files/crosstalk-1.2.2/js/crosstalk.min.js,TRUE,FALSE,18926,2026-06-21 17:18:30.072645,js,outro,figura gerada,ok,ativo
outputs/figures/interactive/rr_surface_3d_serrana_internacoes_i63_ur_med_files/crosstalk-1.2.2/js/crosstalk.min.js.map,C:/Users/oorie/OneDrive/Documentos/TRABALHOS/DLNM/05_publicacao_github/outputs/figures/interactive/rr_surface_3d_serrana_internacoes_i63_ur_med_files/crosstalk-1.2.2/js/crosstalk.min.js.map,TRUE,FALSE,50338,2026-06-21 17:18:30.072863,map,outro,figura gerada,ok,ativo
outputs/figures/interactive/rr_surface_3d_serrana_internacoes_i63_ur_med_files/crosstalk-1.2.2/scss/crosstalk.scss,C:/Users/oorie/OneDrive/Documentos/TRABALHOS/DLNM/05_publicacao_github/outputs/figures/interactive/rr_surface_3d_serrana_internacoes_i63_ur_med_files/crosstalk-1.2.2/scss/crosstalk.scss,TRUE,FALSE,1891,2026-06-21 17:18:30.07304,scss,outro,figura gerada,ok,ativo
outputs/figures/interactive/rr_surface_3d_serrana_internacoes_i63_ur_med_files/htmltools-fill-0.5.9/fill.css,C:/Users/oorie/OneDrive/Documentos/TRABALHOS/DLNM/05_publicacao_github/outputs/figures/interactive/rr_surface_3d_serrana_internacoes_i63_ur_med_files/htmltools-fill-0.5.9/fill.css,TRUE,FALSE,606,2026-06-21 17:18:30.073488,css,outro,figura gerada,ok,ativo
outputs/figures/interactive/rr_surface_3d_serrana_internacoes_i63_ur_med_files/htmlwidgets-1.6.4/htmlwidgets.js,C:/Users/oorie/OneDrive/Documentos/TRABALHOS/DLNM/05_publicacao_github/outputs/figures/interactive/rr_surface_3d_serrana_internacoes_i63_ur_med_files/htmlwidgets-1.6.4/htmlwidgets.js,TRUE,FALSE,34091,2026-06-21 17:18:30.07398,js,outro,figura gerada,ok,ativo
outputs/figures/interactive/rr_surface_3d_serrana_internacoes_i63_ur_med_files/jquery-3.5.1/jquery-AUTHORS.txt,C:/Users/oorie/OneDrive/Documentos/TRABALHOS/DLNM/05_publicacao_github/outputs/figures/interactive/rr_surface_3d_serrana_internacoes_i63_ur_med_files/jquery-3.5.1/jquery-AUTHORS.txt,TRUE,FALSE,13726,2026-06-21 17:18:30.074768,txt,documentação/log,figura gerada,ok,ativo
outputs/figures/interactive/rr_surface_3d_serrana_internacoes_i63_ur_med_files/jquery-3.5.1/jquery.js,C:/Users/oorie/OneDrive/Documentos/TRABALHOS/DLNM/05_publicacao_github/outputs/figures/interactive/rr_surface_3d_serrana_internacoes_i63_ur_med_files/jquery-3.5.1/jquery.js,TRUE,FALSE,298502,2026-06-21 17:18:30.078863,js,outro,figura gerada,ok,ativo
outputs/figures/interactive/rr_surface_3d_serrana_internacoes_i63_ur_med_files/jquery-3.5.1/jquery.min.js,C:/Users/oorie/OneDrive/Documentos/TRABALHOS/DLNM/05_publicacao_github/outputs/figures/interactive/rr_surface_3d_serrana_internacoes_i63_ur_med_files/jquery-3.5.1/jquery.min.js,TRUE,FALSE,89478,2026-06-21 17:18:30.079411,js,outro,figura gerada,ok,ativo
outputs/figures/interactive/rr_surface_3d_serrana_internacoes_i63_ur_med_files/jquery-3.5.1/jquery.min.map,C:/Users/oorie/OneDrive/Documentos/TRABALHOS/DLNM/05_publicacao_github/outputs/figures/interactive/rr_surface_3d_serrana_internacoes_i63_ur_med_files/jquery-3.5.1/jquery.min.map,TRUE,FALSE,137986,2026-06-21 17:18:30.080135,map,outro,figura gerada,ok,ativo
outputs/figures/interactive/rr_surface_3d_serrana_internacoes_i63_ur_med_files/plotly-binding-4.12.0/plotly.js,C:/Users/oorie/OneDrive/Documentos/TRABALHOS/DLNM/05_publicacao_github/outputs/figures/interactive/rr_surface_3d_serrana_internacoes_i63_ur_med_files/plotly-binding-4.12.0/plotly.js,TRUE,FALSE,34699,2026-06-21 17:18:30.080725,js,outro,figura gerada,ok,ativo
outputs/figures/interactive/rr_surface_3d_serrana_internacoes_i63_ur_med_files/plotly-htmlwidgets-css-2.25.2/plotly-htmlwidgets.css,C:/Users/oorie/OneDrive/Documentos/TRABALHOS/DLNM/05_publicacao_github/outputs/figures/interactive/rr_surface_3d_serrana_internacoes_i63_ur_med_files/plotly-htmlwidgets-css-2.25.2/plotly-htmlwidgets.css,TRUE,FALSE,182,2026-06-21 17:18:30.081306,css,outro,figura gerada,ok,ativo
outputs/figures/interactive/rr_surface_3d_serrana_internacoes_i63_ur_med_files/plotly-main-2.25.2/plotly-latest.min.js,C:/Users/oorie/OneDrive/Documentos/TRABALHOS/DLNM/05_publicacao_github/outputs/figures/interactive/rr_surface_3d_serrana_internacoes_i63_ur_med_files/plotly-main-2.25.2/plotly-latest.min.js,TRUE,FALSE,3575017,2026-06-21 17:18:30.08189,js,outro,figura gerada,ok,ativo
outputs/figures/interactive/rr_surface_3d_serrana_internacoes_i63_ur_med_files/typedarray-0.1/typedarray.min.js,C:/Users/oorie/OneDrive/Documentos/TRABALHOS/DLNM/05_publicacao_github/outputs/figures/interactive/rr_surface_3d_serrana_internacoes_i63_ur_med_files/typedarray-0.1/typedarray.min.js,TRUE,FALSE,22444,2026-06-21 17:18:30.082134,js,outro,figura gerada,ok,ativo
outputs/figures/interactive/rr_surface_3d_serrana_obitos_i60_i64_temp_med.html,C:/Users/oorie/OneDrive/Documentos/TRABALHOS/DLNM/05_publicacao_github/outputs/figures/interactive/rr_surface_3d_serrana_obitos_i60_i64_temp_med.html,TRUE,FALSE,51422,2026-06-21 17:18:30.082947,html,HTML,figura gerada,ok,ativo
outputs/figures/interactive/rr_surface_3d_serrana_obitos_i60_i64_temp_med_files/crosstalk-1.2.2/css/crosstalk.min.css,C:/Users/oorie/OneDrive/Documentos/TRABALHOS/DLNM/05_publicacao_github/outputs/figures/interactive/rr_surface_3d_serrana_obitos_i60_i64_temp_med_files/crosstalk-1.2.2/css/crosstalk.min.css,TRUE,FALSE,1307,2026-06-21 17:18:30.083191,css,outro,figura gerada,ok,ativo
outputs/figures/interactive/rr_surface_3d_serrana_obitos_i60_i64_temp_med_files/crosstalk-1.2.2/js/crosstalk.js,C:/Users/oorie/OneDrive/Documentos/TRABALHOS/DLNM/05_publicacao_github/outputs/figures/interactive/rr_surface_3d_serrana_obitos_i60_i64_temp_med_files/crosstalk-1.2.2/js/crosstalk.js,TRUE,FALSE,50504,2026-06-21 17:18:30.083908,js,outro,figura gerada,ok,ativo
outputs/figures/interactive/rr_surface_3d_serrana_obitos_i60_i64_temp_med_files/crosstalk-1.2.2/js/crosstalk.js.map,C:/Users/oorie/OneDrive/Documentos/TRABALHOS/DLNM/05_publicacao_github/outputs/figures/interactive/rr_surface_3d_serrana_obitos_i60_i64_temp_med_files/crosstalk-1.2.2/js/crosstalk.js.map,TRUE,FALSE,54889,2026-06-21 17:18:30.084435,map,outro,figura gerada,ok,ativo
outputs/figures/interactive/rr_surface_3d_serrana_obitos_i60_i64_temp_med_files/crosstalk-1.2.2/js/crosstalk.min.js,C:/Users/oorie/OneDrive/Documentos/TRABALHOS/DLNM/05_publicacao_github/outputs/figures/interactive/rr_surface_3d_serrana_obitos_i60_i64_temp_med_files/crosstalk-1.2.2/js/crosstalk.min.js,TRUE,FALSE,18926,2026-06-21 17:18:30.085405,js,outro,figura gerada,ok,ativo
outputs/figures/interactive/rr_surface_3d_serrana_obitos_i60_i64_temp_med_files/crosstalk-1.2.2/js/crosstalk.min.js.map,C:/Users/oorie/OneDrive/Documentos/TRABALHOS/DLNM/05_publicacao_github/outputs/figures/interactive/rr_surface_3d_serrana_obitos_i60_i64_temp_med_files/crosstalk-1.2.2/js/crosstalk.min.js.map,TRUE,FALSE,50338,2026-06-21 17:18:30.086346,map,outro,figura gerada,ok,ativo
outputs/figures/interactive/rr_surface_3d_serrana_obitos_i60_i64_temp_med_files/crosstalk-1.2.2/scss/crosstalk.scss,C:/Users/oorie/OneDrive/Documentos/TRABALHOS/DLNM/05_publicacao_github/outputs/figures/interactive/rr_surface_3d_serrana_obitos_i60_i64_temp_med_files/crosstalk-1.2.2/scss/crosstalk.scss,TRUE,FALSE,1891,2026-06-21 17:18:30.087002,scss,outro,figura gerada,ok,ativo
outputs/figures/interactive/rr_surface_3d_serrana_obitos_i60_i64_temp_med_files/htmltools-fill-0.5.9/fill.css,C:/Users/oorie/OneDrive/Documentos/TRABALHOS/DLNM/05_publicacao_github/outputs/figures/interactive/rr_surface_3d_serrana_obitos_i60_i64_temp_med_files/htmltools-fill-0.5.9/fill.css,TRUE,FALSE,606,2026-06-21 17:18:30.087568,css,outro,figura gerada,ok,ativo
outputs/figures/interactive/rr_surface_3d_serrana_obitos_i60_i64_temp_med_files/htmlwidgets-1.6.4/htmlwidgets.js,C:/Users/oorie/OneDrive/Documentos/TRABALHOS/DLNM/05_publicacao_github/outputs/figures/interactive/rr_surface_3d_serrana_obitos_i60_i64_temp_med_files/htmlwidgets-1.6.4/htmlwidgets.js,TRUE,FALSE,34091,2026-06-21 17:18:30.088213,js,outro,figura gerada,ok,ativo
outputs/figures/interactive/rr_surface_3d_serrana_obitos_i60_i64_temp_med_files/jquery-3.5.1/jquery-AUTHORS.txt,C:/Users/oorie/OneDrive/Documentos/TRABALHOS/DLNM/05_publicacao_github/outputs/figures/interactive/rr_surface_3d_serrana_obitos_i60_i64_temp_med_files/jquery-3.5.1/jquery-AUTHORS.txt,TRUE,FALSE,13726,2026-06-21 17:18:30.088823,txt,documentação/log,figura gerada,ok,ativo
outputs/figures/interactive/rr_surface_3d_serrana_obitos_i60_i64_temp_med_files/jquery-3.5.1/jquery.js,C:/Users/oorie/OneDrive/Documentos/TRABALHOS/DLNM/05_publicacao_github/outputs/figures/interactive/rr_surface_3d_serrana_obitos_i60_i64_temp_med_files/jquery-3.5.1/jquery.js,TRUE,FALSE,298502,2026-06-21 17:18:30.089073,js,outro,figura gerada,ok,ativo
outputs/figures/interactive/rr_surface_3d_serrana_obitos_i60_i64_temp_med_files/jquery-3.5.1/jquery.min.js,C:/Users/oorie/OneDrive/Documentos/TRABALHOS/DLNM/05_publicacao_github/outputs/figures/interactive/rr_surface_3d_serrana_obitos_i60_i64_temp_med_files/jquery-3.5.1/jquery.min.js,TRUE,FALSE,89478,2026-06-21 17:18:30.089945,js,outro,figura gerada,ok,ativo
outputs/figures/interactive/rr_surface_3d_serrana_obitos_i60_i64_temp_med_files/jquery-3.5.1/jquery.min.map,C:/Users/oorie/OneDrive/Documentos/TRABALHOS/DLNM/05_publicacao_github/outputs/figures/interactive/rr_surface_3d_serrana_obitos_i60_i64_temp_med_files/jquery-3.5.1/jquery.min.map,TRUE,FALSE,137986,2026-06-21 17:18:30.090942,map,outro,figura gerada,ok,ativo
outputs/figures/interactive/rr_surface_3d_serrana_obitos_i60_i64_temp_med_files/plotly-binding-4.12.0/plotly.js,C:/Users/oorie/OneDrive/Documentos/TRABALHOS/DLNM/05_publicacao_github/outputs/figures/interactive/rr_surface_3d_serrana_obitos_i60_i64_temp_med_files/plotly-binding-4.12.0/plotly.js,TRUE,FALSE,34699,2026-06-21 17:18:30.091246,js,outro,figura gerada,ok,ativo
outputs/figures/interactive/rr_surface_3d_serrana_obitos_i60_i64_temp_med_files/plotly-htmlwidgets-css-2.25.2/plotly-htmlwidgets.css,C:/Users/oorie/OneDrive/Documentos/TRABALHOS/DLNM/05_publicacao_github/outputs/figures/interactive/rr_surface_3d_serrana_obitos_i60_i64_temp_med_files/plotly-htmlwidgets-css-2.25.2/plotly-htmlwidgets.css,TRUE,FALSE,182,2026-06-21 17:18:30.091478,css,outro,figura gerada,ok,ativo
outputs/figures/interactive/rr_surface_3d_serrana_obitos_i60_i64_temp_med_files/plotly-main-2.25.2/plotly-latest.min.js,C:/Users/oorie/OneDrive/Documentos/TRABALHOS/DLNM/05_publicacao_github/outputs/figures/interactive/rr_surface_3d_serrana_obitos_i60_i64_temp_med_files/plotly-main-2.25.2/plotly-latest.min.js,TRUE,FALSE,3575017,2026-06-21 17:18:30.092308,js,outro,figura gerada,ok,ativo
outputs/figures/interactive/rr_surface_3d_serrana_obitos_i60_i64_temp_med_files/typedarray-0.1/typedarray.min.js,C:/Users/oorie/OneDrive/Documentos/TRABALHOS/DLNM/05_publicacao_github/outputs/figures/interactive/rr_surface_3d_serrana_obitos_i60_i64_temp_med_files/typedarray-0.1/typedarray.min.js,TRUE,FALSE,22444,2026-06-21 17:18:30.093201,js,outro,figura gerada,ok,ativo
outputs/figures/interactive/rr_surface_3d_serrana_obitos_i60_i64_ur_med.html,C:/Users/oorie/OneDrive/Documentos/TRABALHOS/DLNM/05_publicacao_github/outputs/figures/interactive/rr_surface_3d_serrana_obitos_i60_i64_ur_med.html,TRUE,FALSE,51556,2026-06-21 17:18:30.094595,html,HTML,figura gerada,ok,ativo
outputs/figures/interactive/rr_surface_3d_serrana_obitos_i60_i64_ur_med_files/crosstalk-1.2.2/css/crosstalk.min.css,C:/Users/oorie/OneDrive/Documentos/TRABALHOS/DLNM/05_publicacao_github/outputs/figures/interactive/rr_surface_3d_serrana_obitos_i60_i64_ur_med_files/crosstalk-1.2.2/css/crosstalk.min.css,TRUE,FALSE,1307,2026-06-21 17:18:30.095205,css,outro,figura gerada,ok,ativo
outputs/figures/interactive/rr_surface_3d_serrana_obitos_i60_i64_ur_med_files/crosstalk-1.2.2/js/crosstalk.js,C:/Users/oorie/OneDrive/Documentos/TRABALHOS/DLNM/05_publicacao_github/outputs/figures/interactive/rr_surface_3d_serrana_obitos_i60_i64_ur_med_files/crosstalk-1.2.2/js/crosstalk.js,TRUE,FALSE,50504,2026-06-21 17:18:30.095724,js,outro,figura gerada,ok,ativo
outputs/figures/interactive/rr_surface_3d_serrana_obitos_i60_i64_ur_med_files/crosstalk-1.2.2/js/crosstalk.js.map,C:/Users/oorie/OneDrive/Documentos/TRABALHOS/DLNM/05_publicacao_github/outputs/figures/interactive/rr_surface_3d_serrana_obitos_i60_i64_ur_med_files/crosstalk-1.2.2/js/crosstalk.js.map,TRUE,FALSE,54889,2026-06-21 17:18:30.096268,map,outro,figura gerada,ok,ativo
outputs/figures/interactive/rr_surface_3d_serrana_obitos_i60_i64_ur_med_files/crosstalk-1.2.2/js/crosstalk.min.js,C:/Users/oorie/OneDrive/Documentos/TRABALHOS/DLNM/05_publicacao_github/outputs/figures/interactive/rr_surface_3d_serrana_obitos_i60_i64_ur_med_files/crosstalk-1.2.2/js/crosstalk.min.js,TRUE,FALSE,18926,2026-06-21 17:18:30.096741,js,outro,figura gerada,ok,ativo
outputs/figures/interactive/rr_surface_3d_serrana_obitos_i60_i64_ur_med_files/crosstalk-1.2.2/js/crosstalk.min.js.map,C:/Users/oorie/OneDrive/Documentos/TRABALHOS/DLNM/05_publicacao_github/outputs/figures/interactive/rr_surface_3d_serrana_obitos_i60_i64_ur_med_files/crosstalk-1.2.2/js/crosstalk.min.js.map,TRUE,FALSE,50338,2026-06-21 17:18:30.097239,map,outro,figura gerada,ok,ativo
outputs/figures/interactive/rr_surface_3d_serrana_obitos_i60_i64_ur_med_files/crosstalk-1.2.2/scss/crosstalk.scss,C:/Users/oorie/OneDrive/Documentos/TRABALHOS/DLNM/05_publicacao_github/outputs/figures/interactive/rr_surface_3d_serrana_obitos_i60_i64_ur_med_files/crosstalk-1.2.2/scss/crosstalk.scss,TRUE,FALSE,1891,2026-06-21 17:18:30.097717,scss,outro,figura gerada,ok,ativo
outputs/figures/interactive/rr_surface_3d_serrana_obitos_i60_i64_ur_med_files/htmltools-fill-0.5.9/fill.css,C:/Users/oorie/OneDrive/Documentos/TRABALHOS/DLNM/05_publicacao_github/outputs/figures/interactive/rr_surface_3d_serrana_obitos_i60_i64_ur_med_files/htmltools-fill-0.5.9/fill.css,TRUE,FALSE,606,2026-06-21 17:18:30.098377,css,outro,figura gerada,ok,ativo
outputs/figures/interactive/rr_surface_3d_serrana_obitos_i60_i64_ur_med_files/htmlwidgets-1.6.4/htmlwidgets.js,C:/Users/oorie/OneDrive/Documentos/TRABALHOS/DLNM/05_publicacao_github/outputs/figures/interactive/rr_surface_3d_serrana_obitos_i60_i64_ur_med_files/htmlwidgets-1.6.4/htmlwidgets.js,TRUE,FALSE,34091,2026-06-21 17:18:30.099115,js,outro,figura gerada,ok,ativo
outputs/figures/interactive/rr_surface_3d_serrana_obitos_i60_i64_ur_med_files/jquery-3.5.1/jquery-AUTHORS.txt,C:/Users/oorie/OneDrive/Documentos/TRABALHOS/DLNM/05_publicacao_github/outputs/figures/interactive/rr_surface_3d_serrana_obitos_i60_i64_ur_med_files/jquery-3.5.1/jquery-AUTHORS.txt,TRUE,FALSE,13726,2026-06-21 17:18:30.099689,txt,documentação/log,figura gerada,ok,ativo
outputs/figures/interactive/rr_surface_3d_serrana_obitos_i60_i64_ur_med_files/jquery-3.5.1/jquery.js,C:/Users/oorie/OneDrive/Documentos/TRABALHOS/DLNM/05_publicacao_github/outputs/figures/interactive/rr_surface_3d_serrana_obitos_i60_i64_ur_med_files/jquery-3.5.1/jquery.js,TRUE,FALSE,298502,2026-06-21 17:18:30.100885,js,outro,figura gerada,ok,ativo
outputs/figures/interactive/rr_surface_3d_serrana_obitos_i60_i64_ur_med_files/jquery-3.5.1/jquery.min.js,C:/Users/oorie/OneDrive/Documentos/TRABALHOS/DLNM/05_publicacao_github/outputs/figures/interactive/rr_surface_3d_serrana_obitos_i60_i64_ur_med_files/jquery-3.5.1/jquery.min.js,TRUE,FALSE,89478,2026-06-21 17:18:30.101488,js,outro,figura gerada,ok,ativo
outputs/figures/interactive/rr_surface_3d_serrana_obitos_i60_i64_ur_med_files/jquery-3.5.1/jquery.min.map,C:/Users/oorie/OneDrive/Documentos/TRABALHOS/DLNM/05_publicacao_github/outputs/figures/interactive/rr_surface_3d_serrana_obitos_i60_i64_ur_med_files/jquery-3.5.1/jquery.min.map,TRUE,FALSE,137986,2026-06-21 17:18:30.102007,map,outro,figura gerada,ok,ativo
outputs/figures/interactive/rr_surface_3d_serrana_obitos_i60_i64_ur_med_files/plotly-binding-4.12.0/plotly.js,C:/Users/oorie/OneDrive/Documentos/TRABALHOS/DLNM/05_publicacao_github/outputs/figures/interactive/rr_surface_3d_serrana_obitos_i60_i64_ur_med_files/plotly-binding-4.12.0/plotly.js,TRUE,FALSE,34699,2026-06-21 17:18:30.102203,js,outro,figura gerada,ok,ativo
outputs/figures/interactive/rr_surface_3d_serrana_obitos_i60_i64_ur_med_files/plotly-htmlwidgets-css-2.25.2/plotly-htmlwidgets.css,C:/Users/oorie/OneDrive/Documentos/TRABALHOS/DLNM/05_publicacao_github/outputs/figures/interactive/rr_surface_3d_serrana_obitos_i60_i64_ur_med_files/plotly-htmlwidgets-css-2.25.2/plotly-htmlwidgets.css,TRUE,FALSE,182,2026-06-21 17:18:30.102694,css,outro,figura gerada,ok,ativo
outputs/figures/interactive/rr_surface_3d_serrana_obitos_i60_i64_ur_med_files/plotly-main-2.25.2/plotly-latest.min.js,C:/Users/oorie/OneDrive/Documentos/TRABALHOS/DLNM/05_publicacao_github/outputs/figures/interactive/rr_surface_3d_serrana_obitos_i60_i64_ur_med_files/plotly-main-2.25.2/plotly-latest.min.js,TRUE,FALSE,3575017,2026-06-21 17:18:30.102877,js,outro,figura gerada,ok,ativo
outputs/figures/interactive/rr_surface_3d_serrana_obitos_i60_i64_ur_med_files/typedarray-0.1/typedarray.min.js,C:/Users/oorie/OneDrive/Documentos/TRABALHOS/DLNM/05_publicacao_github/outputs/figures/interactive/rr_surface_3d_serrana_obitos_i60_i64_ur_med_files/typedarray-0.1/typedarray.min.js,TRUE,FALSE,22444,2026-06-21 17:18:30.103436,js,outro,figura gerada,ok,ativo
outputs/figures/interactive/rr_surface_3d_serrana_obitos_i60_i69_temp_med.html,C:/Users/oorie/OneDrive/Documentos/TRABALHOS/DLNM/05_publicacao_github/outputs/figures/interactive/rr_surface_3d_serrana_obitos_i60_i69_temp_med.html,TRUE,FALSE,51911,2026-06-21 17:18:30.103891,html,HTML,figura gerada,ok,ativo
outputs/figures/interactive/rr_surface_3d_serrana_obitos_i60_i69_temp_med_files/crosstalk-1.2.2/css/crosstalk.min.css,C:/Users/oorie/OneDrive/Documentos/TRABALHOS/DLNM/05_publicacao_github/outputs/figures/interactive/rr_surface_3d_serrana_obitos_i60_i69_temp_med_files/crosstalk-1.2.2/css/crosstalk.min.css,TRUE,FALSE,1307,2026-06-21 17:18:30.104101,css,outro,figura gerada,ok,ativo
outputs/figures/interactive/rr_surface_3d_serrana_obitos_i60_i69_temp_med_files/crosstalk-1.2.2/js/crosstalk.js,C:/Users/oorie/OneDrive/Documentos/TRABALHOS/DLNM/05_publicacao_github/outputs/figures/interactive/rr_surface_3d_serrana_obitos_i60_i69_temp_med_files/crosstalk-1.2.2/js/crosstalk.js,TRUE,FALSE,50504,2026-06-21 17:18:30.104965,js,outro,figura gerada,ok,ativo
outputs/figures/interactive/rr_surface_3d_serrana_obitos_i60_i69_temp_med_files/crosstalk-1.2.2/js/crosstalk.js.map,C:/Users/oorie/OneDrive/Documentos/TRABALHOS/DLNM/05_publicacao_github/outputs/figures/interactive/rr_surface_3d_serrana_obitos_i60_i69_temp_med_files/crosstalk-1.2.2/js/crosstalk.js.map,TRUE,FALSE,54889,2026-06-21 17:18:30.105188,map,outro,figura gerada,ok,ativo
outputs/figures/interactive/rr_surface_3d_serrana_obitos_i60_i69_temp_med_files/crosstalk-1.2.2/js/crosstalk.min.js,C:/Users/oorie/OneDrive/Documentos/TRABALHOS/DLNM/05_publicacao_github/outputs/figures/interactive/rr_surface_3d_serrana_obitos_i60_i69_temp_med_files/crosstalk-1.2.2/js/crosstalk.min.js,TRUE,FALSE,18926,2026-06-21 17:18:30.105663,js,outro,figura gerada,ok,ativo
outputs/figures/interactive/rr_surface_3d_serrana_obitos_i60_i69_temp_med_files/crosstalk-1.2.2/js/crosstalk.min.js.map,C:/Users/oorie/OneDrive/Documentos/TRABALHOS/DLNM/05_publicacao_github/outputs/figures/interactive/rr_surface_3d_serrana_obitos_i60_i69_temp_med_files/crosstalk-1.2.2/js/crosstalk.min.js.map,TRUE,FALSE,50338,2026-06-21 17:18:30.106308,map,outro,figura gerada,ok,ativo
outputs/figures/interactive/rr_surface_3d_serrana_obitos_i60_i69_temp_med_files/crosstalk-1.2.2/scss/crosstalk.scss,C:/Users/oorie/OneDrive/Documentos/TRABALHOS/DLNM/05_publicacao_github/outputs/figures/interactive/rr_surface_3d_serrana_obitos_i60_i69_temp_med_files/crosstalk-1.2.2/scss/crosstalk.scss,TRUE,FALSE,1891,2026-06-21 17:18:30.108255,scss,outro,figura gerada,ok,ativo
outputs/figures/interactive/rr_surface_3d_serrana_obitos_i60_i69_temp_med_files/htmltools-fill-0.5.9/fill.css,C:/Users/oorie/OneDrive/Documentos/TRABALHOS/DLNM/05_publicacao_github/outputs/figures/interactive/rr_surface_3d_serrana_obitos_i60_i69_temp_med_files/htmltools-fill-0.5.9/fill.css,TRUE,FALSE,606,2026-06-21 17:18:30.109243,css,outro,figura gerada,ok,ativo
outputs/figures/interactive/rr_surface_3d_serrana_obitos_i60_i69_temp_med_files/htmlwidgets-1.6.4/htmlwidgets.js,C:/Users/oorie/OneDrive/Documentos/TRABALHOS/DLNM/05_publicacao_github/outputs/figures/interactive/rr_surface_3d_serrana_obitos_i60_i69_temp_med_files/htmlwidgets-1.6.4/htmlwidgets.js,TRUE,FALSE,34091,2026-06-21 17:18:30.110142,js,outro,figura gerada,ok,ativo
outputs/figures/interactive/rr_surface_3d_serrana_obitos_i60_i69_temp_med_files/jquery-3.5.1/jquery-AUTHORS.txt,C:/Users/oorie/OneDrive/Documentos/TRABALHOS/DLNM/05_publicacao_github/outputs/figures/interactive/rr_surface_3d_serrana_obitos_i60_i69_temp_med_files/jquery-3.5.1/jquery-AUTHORS.txt,TRUE,FALSE,13726,2026-06-21 17:18:30.110886,txt,documentação/log,figura gerada,ok,ativo
outputs/figures/interactive/rr_surface_3d_serrana_obitos_i60_i69_temp_med_files/jquery-3.5.1/jquery.js,C:/Users/oorie/OneDrive/Documentos/TRABALHOS/DLNM/05_publicacao_github/outputs/figures/interactive/rr_surface_3d_serrana_obitos_i60_i69_temp_med_files/jquery-3.5.1/jquery.js,TRUE,FALSE,298502,2026-06-21 17:18:30.11198,js,outro,figura gerada,ok,ativo
outputs/figures/interactive/rr_surface_3d_serrana_obitos_i60_i69_temp_med_files/jquery-3.5.1/jquery.min.js,C:/Users/oorie/OneDrive/Documentos/TRABALHOS/DLNM/05_publicacao_github/outputs/figures/interactive/rr_surface_3d_serrana_obitos_i60_i69_temp_med_files/jquery-3.5.1/jquery.min.js,TRUE,FALSE,89478,2026-06-21 17:18:30.112499,js,outro,figura gerada,ok,ativo
outputs/figures/interactive/rr_surface_3d_serrana_obitos_i60_i69_temp_med_files/jquery-3.5.1/jquery.min.map,C:/Users/oorie/OneDrive/Documentos/TRABALHOS/DLNM/05_publicacao_github/outputs/figures/interactive/rr_surface_3d_serrana_obitos_i60_i69_temp_med_files/jquery-3.5.1/jquery.min.map,TRUE,FALSE,137986,2026-06-21 17:18:30.113176,map,outro,figura gerada,ok,ativo
outputs/figures/interactive/rr_surface_3d_serrana_obitos_i60_i69_temp_med_files/plotly-binding-4.12.0/plotly.js,C:/Users/oorie/OneDrive/Documentos/TRABALHOS/DLNM/05_publicacao_github/outputs/figures/interactive/rr_surface_3d_serrana_obitos_i60_i69_temp_med_files/plotly-binding-4.12.0/plotly.js,TRUE,FALSE,34699,2026-06-21 17:18:30.113462,js,outro,figura gerada,ok,ativo
outputs/figures/interactive/rr_surface_3d_serrana_obitos_i60_i69_temp_med_files/plotly-htmlwidgets-css-2.25.2/plotly-htmlwidgets.css,C:/Users/oorie/OneDrive/Documentos/TRABALHOS/DLNM/05_publicacao_github/outputs/figures/interactive/rr_surface_3d_serrana_obitos_i60_i69_temp_med_files/plotly-htmlwidgets-css-2.25.2/plotly-htmlwidgets.css,TRUE,FALSE,182,2026-06-21 17:18:30.11368,css,outro,figura gerada,ok,ativo
outputs/figures/interactive/rr_surface_3d_serrana_obitos_i60_i69_temp_med_files/plotly-main-2.25.2/plotly-latest.min.js,C:/Users/oorie/OneDrive/Documentos/TRABALHOS/DLNM/05_publicacao_github/outputs/figures/interactive/rr_surface_3d_serrana_obitos_i60_i69_temp_med_files/plotly-main-2.25.2/plotly-latest.min.js,TRUE,FALSE,3575017,2026-06-21 17:18:30.114294,js,outro,figura gerada,ok,ativo
outputs/figures/interactive/rr_surface_3d_serrana_obitos_i60_i69_temp_med_files/typedarray-0.1/typedarray.min.js,C:/Users/oorie/OneDrive/Documentos/TRABALHOS/DLNM/05_publicacao_github/outputs/figures/interactive/rr_surface_3d_serrana_obitos_i60_i69_temp_med_files/typedarray-0.1/typedarray.min.js,TRUE,FALSE,22444,2026-06-21 17:18:30.11495,js,outro,figura gerada,ok,ativo
outputs/figures/interactive/rr_surface_3d_serrana_obitos_i60_i69_ur_med.html,C:/Users/oorie/OneDrive/Documentos/TRABALHOS/DLNM/05_publicacao_github/outputs/figures/interactive/rr_surface_3d_serrana_obitos_i60_i69_ur_med.html,TRUE,FALSE,52208,2026-06-21 17:18:30.115507,html,HTML,figura gerada,ok,ativo
outputs/figures/interactive/rr_surface_3d_serrana_obitos_i60_i69_ur_med_files/crosstalk-1.2.2/css/crosstalk.min.css,C:/Users/oorie/OneDrive/Documentos/TRABALHOS/DLNM/05_publicacao_github/outputs/figures/interactive/rr_surface_3d_serrana_obitos_i60_i69_ur_med_files/crosstalk-1.2.2/css/crosstalk.min.css,TRUE,FALSE,1307,2026-06-21 17:18:30.115959,css,outro,figura gerada,ok,ativo
outputs/figures/interactive/rr_surface_3d_serrana_obitos_i60_i69_ur_med_files/crosstalk-1.2.2/js/crosstalk.js,C:/Users/oorie/OneDrive/Documentos/TRABALHOS/DLNM/05_publicacao_github/outputs/figures/interactive/rr_surface_3d_serrana_obitos_i60_i69_ur_med_files/crosstalk-1.2.2/js/crosstalk.js,TRUE,FALSE,50504,2026-06-21 17:18:30.11648,js,outro,figura gerada,ok,ativo
outputs/figures/interactive/rr_surface_3d_serrana_obitos_i60_i69_ur_med_files/crosstalk-1.2.2/js/crosstalk.js.map,C:/Users/oorie/OneDrive/Documentos/TRABALHOS/DLNM/05_publicacao_github/outputs/figures/interactive/rr_surface_3d_serrana_obitos_i60_i69_ur_med_files/crosstalk-1.2.2/js/crosstalk.js.map,TRUE,FALSE,54889,2026-06-21 17:18:30.11673,map,outro,figura gerada,ok,ativo
outputs/figures/interactive/rr_surface_3d_serrana_obitos_i60_i69_ur_med_files/crosstalk-1.2.2/js/crosstalk.min.js,C:/Users/oorie/OneDrive/Documentos/TRABALHOS/DLNM/05_publicacao_github/outputs/figures/interactive/rr_surface_3d_serrana_obitos_i60_i69_ur_med_files/crosstalk-1.2.2/js/crosstalk.min.js,TRUE,FALSE,18926,2026-06-21 17:18:30.116903,js,outro,figura gerada,ok,ativo
outputs/figures/interactive/rr_surface_3d_serrana_obitos_i60_i69_ur_med_files/crosstalk-1.2.2/js/crosstalk.min.js.map,C:/Users/oorie/OneDrive/Documentos/TRABALHOS/DLNM/05_publicacao_github/outputs/figures/interactive/rr_surface_3d_serrana_obitos_i60_i69_ur_med_files/crosstalk-1.2.2/js/crosstalk.min.js.map,TRUE,FALSE,50338,2026-06-21 17:18:30.117773,map,outro,figura gerada,ok,ativo
outputs/figures/interactive/rr_surface_3d_serrana_obitos_i60_i69_ur_med_files/crosstalk-1.2.2/scss/crosstalk.scss,C:/Users/oorie/OneDrive/Documentos/TRABALHOS/DLNM/05_publicacao_github/outputs/figures/interactive/rr_surface_3d_serrana_obitos_i60_i69_ur_med_files/crosstalk-1.2.2/scss/crosstalk.scss,TRUE,FALSE,1891,2026-06-21 17:18:30.118328,scss,outro,figura gerada,ok,ativo
outputs/figures/interactive/rr_surface_3d_serrana_obitos_i60_i69_ur_med_files/htmltools-fill-0.5.9/fill.css,C:/Users/oorie/OneDrive/Documentos/TRABALHOS/DLNM/05_publicacao_github/outputs/figures/interactive/rr_surface_3d_serrana_obitos_i60_i69_ur_med_files/htmltools-fill-0.5.9/fill.css,TRUE,FALSE,606,2026-06-21 17:18:30.118858,css,outro,figura gerada,ok,ativo
outputs/figures/interactive/rr_surface_3d_serrana_obitos_i60_i69_ur_med_files/htmlwidgets-1.6.4/htmlwidgets.js,C:/Users/oorie/OneDrive/Documentos/TRABALHOS/DLNM/05_publicacao_github/outputs/figures/interactive/rr_surface_3d_serrana_obitos_i60_i69_ur_med_files/htmlwidgets-1.6.4/htmlwidgets.js,TRUE,FALSE,34091,2026-06-21 17:18:30.119364,js,outro,figura gerada,ok,ativo
outputs/figures/interactive/rr_surface_3d_serrana_obitos_i60_i69_ur_med_files/jquery-3.5.1/jquery-AUTHORS.txt,C:/Users/oorie/OneDrive/Documentos/TRABALHOS/DLNM/05_publicacao_github/outputs/figures/interactive/rr_surface_3d_serrana_obitos_i60_i69_ur_med_files/jquery-3.5.1/jquery-AUTHORS.txt,TRUE,FALSE,13726,2026-06-21 17:18:30.119942,txt,documentação/log,figura gerada,ok,ativo
outputs/figures/interactive/rr_surface_3d_serrana_obitos_i60_i69_ur_med_files/jquery-3.5.1/jquery.js,C:/Users/oorie/OneDrive/Documentos/TRABALHOS/DLNM/05_publicacao_github/outputs/figures/interactive/rr_surface_3d_serrana_obitos_i60_i69_ur_med_files/jquery-3.5.1/jquery.js,TRUE,FALSE,298502,2026-06-21 17:18:30.120472,js,outro,figura gerada,ok,ativo
outputs/figures/interactive/rr_surface_3d_serrana_obitos_i60_i69_ur_med_files/jquery-3.5.1/jquery.min.js,C:/Users/oorie/OneDrive/Documentos/TRABALHOS/DLNM/05_publicacao_github/outputs/figures/interactive/rr_surface_3d_serrana_obitos_i60_i69_ur_med_files/jquery-3.5.1/jquery.min.js,TRUE,FALSE,89478,2026-06-21 17:18:30.121788,js,outro,figura gerada,ok,ativo
outputs/figures/interactive/rr_surface_3d_serrana_obitos_i60_i69_ur_med_files/jquery-3.5.1/jquery.min.map,C:/Users/oorie/OneDrive/Documentos/TRABALHOS/DLNM/05_publicacao_github/outputs/figures/interactive/rr_surface_3d_serrana_obitos_i60_i69_ur_med_files/jquery-3.5.1/jquery.min.map,TRUE,FALSE,137986,2026-06-21 17:18:30.122135,map,outro,figura gerada,ok,ativo
outputs/figures/interactive/rr_surface_3d_serrana_obitos_i60_i69_ur_med_files/plotly-binding-4.12.0/plotly.js,C:/Users/oorie/OneDrive/Documentos/TRABALHOS/DLNM/05_publicacao_github/outputs/figures/interactive/rr_surface_3d_serrana_obitos_i60_i69_ur_med_files/plotly-binding-4.12.0/plotly.js,TRUE,FALSE,34699,2026-06-21 17:18:30.122677,js,outro,figura gerada,ok,ativo
outputs/figures/interactive/rr_surface_3d_serrana_obitos_i60_i69_ur_med_files/plotly-htmlwidgets-css-2.25.2/plotly-htmlwidgets.css,C:/Users/oorie/OneDrive/Documentos/TRABALHOS/DLNM/05_publicacao_github/outputs/figures/interactive/rr_surface_3d_serrana_obitos_i60_i69_ur_med_files/plotly-htmlwidgets-css-2.25.2/plotly-htmlwidgets.css,TRUE,FALSE,182,2026-06-21 17:18:30.123159,css,outro,figura gerada,ok,ativo
outputs/figures/interactive/rr_surface_3d_serrana_obitos_i60_i69_ur_med_files/plotly-main-2.25.2/plotly-latest.min.js,C:/Users/oorie/OneDrive/Documentos/TRABALHOS/DLNM/05_publicacao_github/outputs/figures/interactive/rr_surface_3d_serrana_obitos_i60_i69_ur_med_files/plotly-main-2.25.2/plotly-latest.min.js,TRUE,FALSE,3575017,2026-06-21 17:18:30.123446,js,outro,figura gerada,ok,ativo
outputs/figures/interactive/rr_surface_3d_serrana_obitos_i60_i69_ur_med_files/typedarray-0.1/typedarray.min.js,C:/Users/oorie/OneDrive/Documentos/TRABALHOS/DLNM/05_publicacao_github/outputs/figures/interactive/rr_surface_3d_serrana_obitos_i60_i69_ur_med_files/typedarray-0.1/typedarray.min.js,TRUE,FALSE,22444,2026-06-21 17:18:30.124353,js,outro,figura gerada,ok,ativo
outputs/figures/interactive/rr_surface_3d_serrana_obitos_i63_ur_med.html,C:/Users/oorie/OneDrive/Documentos/TRABALHOS/DLNM/05_publicacao_github/outputs/figures/interactive/rr_surface_3d_serrana_obitos_i63_ur_med.html,TRUE,FALSE,52044,2026-06-21 17:18:30.12562,html,HTML,figura gerada,ok,ativo
outputs/figures/sazonalidade_diaria_temperatura.png,C:/Users/oorie/OneDrive/Documentos/TRABALHOS/DLNM/05_publicacao_github/outputs/figures/sazonalidade_diaria_temperatura.png,TRUE,FALSE,1059419,2026-06-21 17:18:30.12649,png,figura/imagem,figura gerada,ok,ativo
outputs/figures/sazonalidade_diaria_umidade.png,C:/Users/oorie/OneDrive/Documentos/TRABALHOS/DLNM/05_publicacao_github/outputs/figures/sazonalidade_diaria_umidade.png,TRUE,FALSE,715348,2026-06-21 17:18:30.127785,png,figura/imagem,figura gerada,ok,ativo
outputs/figures/sazonalidade_mensal_taxa_admissao.png,C:/Users/oorie/OneDrive/Documentos/TRABALHOS/DLNM/05_publicacao_github/outputs/figures/sazonalidade_mensal_taxa_admissao.png,TRUE,FALSE,336713,2026-06-21 17:18:30.129076,png,figura/imagem,figura gerada,ok,ativo
outputs/tables/comparacao_estabilidade_lags_dlnm.csv,C:/Users/oorie/OneDrive/Documentos/TRABALHOS/DLNM/05_publicacao_github/outputs/tables/comparacao_estabilidade_lags_dlnm.csv,TRUE,FALSE,17637,2026-06-21 17:18:30.129686,csv,dados tabulares,tabela de resultados,ok,ativo
outputs/tables/contagens_descritivas_sexo_idade_cid.csv,C:/Users/oorie/OneDrive/Documentos/TRABALHOS/DLNM/05_publicacao_github/outputs/tables/contagens_descritivas_sexo_idade_cid.csv,TRUE,FALSE,40204,2026-06-21 17:18:30.129919,csv,dados tabulares,tabela de resultados,ok,ativo
outputs/tables/diagnosticos_residuos_modelos_fdr_i60_i69.csv,C:/Users/oorie/OneDrive/Documentos/TRABALHOS/DLNM/05_publicacao_github/outputs/tables/diagnosticos_residuos_modelos_fdr_i60_i69.csv,TRUE,FALSE,3207,2026-06-21 17:18:30.130402,csv,dados tabulares,tabela de resultados,ok,ativo
outputs/tables/diagnosticos_residuos_modelos_prioritarios.csv,C:/Users/oorie/OneDrive/Documentos/TRABALHOS/DLNM/05_publicacao_github/outputs/tables/diagnosticos_residuos_modelos_prioritarios.csv,TRUE,FALSE,203,2026-06-21 17:18:30.130606,csv,dados tabulares,tabela de resultados,ok,ativo
outputs/tables/estabilidade_sensibilidade_priors.csv,C:/Users/oorie/OneDrive/Documentos/TRABALHOS/DLNM/05_publicacao_github/outputs/tables/estabilidade_sensibilidade_priors.csv,TRUE,FALSE,9351,2026-06-21 17:18:30.13131,csv,dados tabulares,tabela de resultados,ok,ativo
outputs/tables/estimativas_completas_corrigidas.csv,C:/Users/oorie/OneDrive/Documentos/TRABALHOS/DLNM/05_publicacao_github/outputs/tables/estimativas_completas_corrigidas.csv,TRUE,FALSE,102718,2026-07-14 11:19:34.930588,csv,dados tabulares,tabela de resultados,ok,ativo
outputs/tables/extremos_percentis_dlnm.csv,C:/Users/oorie/OneDrive/Documentos/TRABALHOS/DLNM/05_publicacao_github/outputs/tables/extremos_percentis_dlnm.csv,TRUE,FALSE,93549,2026-06-21 17:18:30.131866,csv,dados tabulares,tabela de resultados,ok,ativo
outputs/tables/fracao_numero_associados_extremos_climaticos.csv,C:/Users/oorie/OneDrive/Documentos/TRABALHOS/DLNM/05_publicacao_github/outputs/tables/fracao_numero_associados_extremos_climaticos.csv,TRUE,FALSE,95147,2026-06-21 17:18:30.132626,csv,dados tabulares,tabela de resultados,ok,ativo
outputs/tables/internacoes_mensais_i60_i69.csv,C:/Users/oorie/OneDrive/Documentos/TRABALHOS/DLNM/05_publicacao_github/outputs/tables/internacoes_mensais_i60_i69.csv,TRUE,FALSE,5947,2026-06-21 17:18:30.133307,csv,dados tabulares,tabela de resultados,ok,ativo
outputs/tables/modelos_prioritarios_dlnm.csv,C:/Users/oorie/OneDrive/Documentos/TRABALHOS/DLNM/05_publicacao_github/outputs/tables/modelos_prioritarios_dlnm.csv,TRUE,FALSE,4320,2026-06-21 17:18:30.13349,csv,dados tabulares,tabela de resultados,ok,ativo
outputs/tables/priorizacao_achados_principais_com_cautela.csv,C:/Users/oorie/OneDrive/Documentos/TRABALHOS/DLNM/05_publicacao_github/outputs/tables/priorizacao_achados_principais_com_cautela.csv,TRUE,FALSE,9244,2026-06-21 17:18:30.133652,csv,dados tabulares,tabela de resultados,ok,ativo
outputs/tables/priorizacao_achados_principais_com_cautela_20260619_114632.csv,C:/Users/oorie/OneDrive/Documentos/TRABALHOS/DLNM/05_publicacao_github/outputs/tables/priorizacao_achados_principais_com_cautela_20260619_114632.csv,TRUE,FALSE,9246,2026-06-21 17:18:30.134129,csv,dados tabulares,tabela de resultados,ok,ativo
outputs/tables/priorizacao_achados_principais_robustos.csv,C:/Users/oorie/OneDrive/Documentos/TRABALHOS/DLNM/05_publicacao_github/outputs/tables/priorizacao_achados_principais_robustos.csv,TRUE,FALSE,3016,2026-06-21 17:18:30.134308,csv,dados tabulares,tabela de resultados,ok,ativo
outputs/tables/priorizacao_achados_principais_robustos_20260619_114632.csv,C:/Users/oorie/OneDrive/Documentos/TRABALHOS/DLNM/05_publicacao_github/outputs/tables/priorizacao_achados_principais_robustos_20260619_114632.csv,TRUE,FALSE,3017,2026-06-21 17:18:30.134451,csv,dados tabulares,tabela de resultados,ok,ativo
outputs/tables/priorizacao_exploratorios_magnitude_alta.csv,C:/Users/oorie/OneDrive/Documentos/TRABALHOS/DLNM/05_publicacao_github/outputs/tables/priorizacao_exploratorios_magnitude_alta.csv,TRUE,FALSE,8630,2026-06-21 17:18:30.134607,csv,dados tabulares,tabela de resultados,ok,ativo
outputs/tables/priorizacao_exploratorios_magnitude_alta_20260619_114632.csv,C:/Users/oorie/OneDrive/Documentos/TRABALHOS/DLNM/05_publicacao_github/outputs/tables/priorizacao_exploratorios_magnitude_alta_20260619_114632.csv,TRUE,FALSE,8346,2026-06-21 17:18:30.135288,csv,dados tabulares,tabela de resultados,ok,ativo
outputs/tables/priorizacao_ranking_final_narrativo.csv,C:/Users/oorie/OneDrive/Documentos/TRABALHOS/DLNM/05_publicacao_github/outputs/tables/priorizacao_ranking_final_narrativo.csv,TRUE,FALSE,116777,2026-06-21 17:18:30.136007,csv,dados tabulares,tabela de resultados,ok,ativo
outputs/tables/priorizacao_ranking_final_narrativo_20260619_114632.csv,C:/Users/oorie/OneDrive/Documentos/TRABALHOS/DLNM/05_publicacao_github/outputs/tables/priorizacao_ranking_final_narrativo_20260619_114632.csv,TRUE,FALSE,114736,2026-06-21 17:18:30.136196,csv,dados tabulares,tabela de resultados,ok,ativo
outputs/tables/priorizacao_robusta_todos_modelos.csv,C:/Users/oorie/OneDrive/Documentos/TRABALHOS/DLNM/05_publicacao_github/outputs/tables/priorizacao_robusta_todos_modelos.csv,TRUE,FALSE,116777,2026-06-21 17:18:30.137541,csv,dados tabulares,tabela de resultados,ok,ativo
outputs/tables/priorizacao_robusta_todos_modelos_20260619_114632.csv,C:/Users/oorie/OneDrive/Documentos/TRABALHOS/DLNM/05_publicacao_github/outputs/tables/priorizacao_robusta_todos_modelos_20260619_114632.csv,TRUE,FALSE,114736,2026-06-21 17:18:30.137804,csv,dados tabulares,tabela de resultados,ok,ativo
outputs/tables/ranking_modelos_rr_ic95_auc_residuos_bayes.csv,C:/Users/oorie/OneDrive/Documentos/TRABALHOS/DLNM/05_publicacao_github/outputs/tables/ranking_modelos_rr_ic95_auc_residuos_bayes.csv,TRUE,FALSE,49900,2026-06-21 17:18:30.138273,csv,dados tabulares,tabela de resultados,ok,ativo
outputs/tables/resultados_bayesianos_corrigidos.csv,C:/Users/oorie/OneDrive/Documentos/TRABALHOS/DLNM/05_publicacao_github/outputs/tables/resultados_bayesianos_corrigidos.csv,TRUE,FALSE,98503,2026-07-14 11:16:36.192732,csv,dados tabulares,tabela de resultados,ok,ativo
outputs/tables/sazonalidade_diaria_clima_inmet.csv,C:/Users/oorie/OneDrive/Documentos/TRABALHOS/DLNM/05_publicacao_github/outputs/tables/sazonalidade_diaria_clima_inmet.csv,TRUE,FALSE,288307,2026-06-21 17:18:30.138838,csv,dados tabulares,tabela de resultados,ok,ativo
outputs/tables/sazonalidade_mensal_internacoes_i60_i69.csv,C:/Users/oorie/OneDrive/Documentos/TRABALHOS/DLNM/05_publicacao_github/outputs/tables/sazonalidade_mensal_internacoes_i60_i69.csv,TRUE,FALSE,522,2026-06-21 17:18:30.139009,csv,dados tabulares,tabela de resultados,ok,ativo
outputs/tables/sensibilidade_df_spline_modelos_fdr_i60_i69.csv,C:/Users/oorie/OneDrive/Documentos/TRABALHOS/DLNM/05_publicacao_github/outputs/tables/sensibilidade_df_spline_modelos_fdr_i60_i69.csv,TRUE,FALSE,74094,2026-06-21 17:18:30.13917,csv,dados tabulares,tabela de resultados,ok,ativo
outputs/tables/sensibilidade_lags_dlnm.csv,C:/Users/oorie/OneDrive/Documentos/TRABALHOS/DLNM/05_publicacao_github/outputs/tables/sensibilidade_lags_dlnm.csv,TRUE,FALSE,113316,2026-06-21 17:18:30.13969,csv,dados tabulares,tabela de resultados,ok,ativo
outputs/tables/sensibilidade_priors_bayesianos.csv,C:/Users/oorie/OneDrive/Documentos/TRABALHOS/DLNM/05_publicacao_github/outputs/tables/sensibilidade_priors_bayesianos.csv,TRUE,FALSE,122625,2026-06-21 17:18:30.13995,csv,dados tabulares,tabela de resultados,ok,ativo
outputs/tables/sensibilidade_sazonal_dlnm.csv,C:/Users/oorie/OneDrive/Documentos/TRABALHOS/DLNM/05_publicacao_github/outputs/tables/sensibilidade_sazonal_dlnm.csv,TRUE,FALSE,19080,2026-06-21 17:18:30.140312,csv,dados tabulares,tabela de resultados,ok,ativo
outputs/tables/sensibilidade_sem_pandemia_dlnm.csv,C:/Users/oorie/OneDrive/Documentos/TRABALHOS/DLNM/05_publicacao_github/outputs/tables/sensibilidade_sem_pandemia_dlnm.csv,TRUE,FALSE,36066,2026-06-21 17:18:30.141315,csv,dados tabulares,tabela de resultados,ok,ativo
outputs/tables/tabela_auc_rr_dlnm_heat_index.csv,C:/Users/oorie/OneDrive/Documentos/TRABALHOS/DLNM/05_publicacao_github/outputs/tables/tabela_auc_rr_dlnm_heat_index.csv,TRUE,FALSE,9588,2026-06-21 17:18:30.142048,csv,dados tabulares,tabela de resultados,ok,ativo
outputs/tables/tabela_auc_rr_dlnm_macrorregiao.csv,C:/Users/oorie/OneDrive/Documentos/TRABALHOS/DLNM/05_publicacao_github/outputs/tables/tabela_auc_rr_dlnm_macrorregiao.csv,TRUE,FALSE,72179,2026-06-21 17:18:30.142397,csv,dados tabulares,tabela de resultados,ok,ativo
outputs/tables/tabela_evidencia_integrada_dlnm.csv,C:/Users/oorie/OneDrive/Documentos/TRABALHOS/DLNM/05_publicacao_github/outputs/tables/tabela_evidencia_integrada_dlnm.csv,TRUE,FALSE,101953,2026-06-21 17:18:30.142639,csv,dados tabulares,tabela de resultados,ok,ativo
outputs/tables/tabela_exposicao_por_regiao.csv,C:/Users/oorie/OneDrive/Documentos/TRABALHOS/DLNM/05_publicacao_github/outputs/tables/tabela_exposicao_por_regiao.csv,TRUE,FALSE,1749,2026-07-14 11:19:35.023434,csv,dados tabulares,tabela de resultados,ok,ativo
outputs/tables/tabela_principal_vs_sem_pandemia_fdr_i60_i69.csv,C:/Users/oorie/OneDrive/Documentos/TRABALHOS/DLNM/05_publicacao_github/outputs/tables/tabela_principal_vs_sem_pandemia_fdr_i60_i69.csv,TRUE,FALSE,4661,2026-06-21 17:18:30.144238,csv,dados tabulares,tabela de resultados,ok,ativo
outputs/tables/tabela_rr_dlnm_corrigida.csv,C:/Users/oorie/OneDrive/Documentos/TRABALHOS/DLNM/05_publicacao_github/outputs/tables/tabela_rr_dlnm_corrigida.csv,TRUE,FALSE,36124,2026-07-14 11:16:31.276701,csv,dados tabulares,tabela de resultados,ok,ativo
outputs/tables/tabela_rr_dlnm_macrorregiao.csv,C:/Users/oorie/OneDrive/Documentos/TRABALHOS/DLNM/05_publicacao_github/outputs/tables/tabela_rr_dlnm_macrorregiao.csv,TRUE,FALSE,270842,2026-06-21 17:18:30.144547,csv,dados tabulares,tabela de resultados,ok,ativo
outputs/tables/validacao_bayesiana_hierarquica_dlnm.csv,C:/Users/oorie/OneDrive/Documentos/TRABALHOS/DLNM/05_publicacao_github/outputs/tables/validacao_bayesiana_hierarquica_dlnm.csv,TRUE,FALSE,49900,2026-06-21 17:18:30.144711,csv,dados tabulares,tabela de resultados,ok,ativo
outputs/tables/validacao_bayesiana_modelos_defesa.csv,C:/Users/oorie/OneDrive/Documentos/TRABALHOS/DLNM/05_publicacao_github/outputs/tables/validacao_bayesiana_modelos_defesa.csv,TRUE,FALSE,4296,2026-06-21 17:18:30.145214,csv,dados tabulares,tabela de resultados,ok,ativo
pipeline_corrigido.R,C:/Users/oorie/OneDrive/Documentos/TRABALHOS/DLNM/05_publicacao_github/pipeline_corrigido.R,TRUE,FALSE,55710,2026-07-14 11:06:10.828337,r,script R,script de análise,ok,ativo
pipeline_runner.R,C:/Users/oorie/OneDrive/Documentos/TRABALHOS/DLNM/05_publicacao_github/pipeline_runner.R,TRUE,FALSE,662,2026-07-14 09:28:12.046207,r,script R,script de análise,ok,ativo
pipeline_stdout.log,C:/Users/oorie/OneDrive/Documentos/TRABALHOS/DLNM/05_publicacao_github/pipeline_stdout.log,TRUE,FALSE,11425,2026-07-14 10:50:28.54896,log,documentação/log,outro,ok,ativo
python/extrair_mp25_rj.py,C:/Users/oorie/OneDrive/Documentos/TRABALHOS/DLNM/05_publicacao_github/python/extrair_mp25_rj.py,TRUE,FALSE,38012,2026-06-22 08:43:29.310137,py,script Python,código Python,ok,ativo
python/requirements.txt,C:/Users/oorie/OneDrive/Documentos/TRABALHOS/DLNM/05_publicacao_github/python/requirements.txt,TRUE,FALSE,254,2026-06-22 08:43:33.55549,txt,documentação/log,código Python,ok,ativo
R/bayesian_models.R,C:/Users/oorie/OneDrive/Documentos/TRABALHOS/DLNM/05_publicacao_github/R/bayesian_models.R,TRUE,FALSE,9934,2026-06-21 17:18:29.277872,r,script R,código-fonte,ok,ativo
R/dlnm_models.R,C:/Users/oorie/OneDrive/Documentos/TRABALHOS/DLNM/05_publicacao_github/R/dlnm_models.R,TRUE,FALSE,47830,2026-07-14 09:47:27.538004,r,script R,código-fonte,ok,ativo
R/download.R,C:/Users/oorie/OneDrive/Documentos/TRABALHOS/DLNM/05_publicacao_github/R/download.R,TRUE,FALSE,16876,2026-06-21 17:18:29.278137,r,script R,código-fonte,ok,ativo
R/exposure_processing.R,C:/Users/oorie/OneDrive/Documentos/TRABALHOS/DLNM/05_publicacao_github/R/exposure_processing.R,TRUE,FALSE,20294,2026-06-21 17:18:29.278267,r,script R,código-fonte,ok,ativo
R/preprocessing.R,C:/Users/oorie/OneDrive/Documentos/TRABALHOS/DLNM/05_publicacao_github/R/preprocessing.R,TRUE,FALSE,19680,2026-07-14 09:47:16.952662,r,script R,código-fonte,ok,ativo
R/reporting.R,C:/Users/oorie/OneDrive/Documentos/TRABALHOS/DLNM/05_publicacao_github/R/reporting.R,TRUE,FALSE,9397,2026-06-21 17:18:29.278551,r,script R,código-fonte,ok,ativo
R/utils.R,C:/Users/oorie/OneDrive/Documentos/TRABALHOS/DLNM/05_publicacao_github/R/utils.R,TRUE,FALSE,9294,2026-06-21 17:18:29.278849,r,script R,código-fonte,ok,ativo
R/visualization.R,C:/Users/oorie/OneDrive/Documentos/TRABALHOS/DLNM/05_publicacao_github/R/visualization.R,TRUE,FALSE,15974,2026-06-21 17:18:29.279079,r,script R,código-fonte,ok,ativo
README.md,C:/Users/oorie/OneDrive/Documentos/TRABALHOS/DLNM/05_publicacao_github/README.md,TRUE,FALSE,30875,2026-07-14 09:52:09.645914,md,documentação/log,outro,ok,ativo
renv.lock,C:/Users/oorie/OneDrive/Documentos/TRABALHOS/DLNM/05_publicacao_github/renv.lock,TRUE,FALSE,353109,2026-06-21 17:18:30.147039,lock,ambiente/dependências,outro,ok,ativo
renv/.gitignore,C:/Users/oorie/OneDrive/Documentos/TRABALHOS/DLNM/05_publicacao_github/renv/.gitignore,TRUE,FALSE,63,2026-06-21 17:18:30.147223,,outro,outro,gerenciado por renv,ativo
renv/activate.R,C:/Users/oorie/OneDrive/Documentos/TRABALHOS/DLNM/05_publicacao_github/renv/activate.R,TRUE,FALSE,41384,2026-06-21 17:18:30.147793,r,script R,script de análise,gerenciado por renv,ativo
renv/settings.json,C:/Users/oorie/OneDrive/Documentos/TRABALHOS/DLNM/05_publicacao_github/renv/settings.json,TRUE,FALSE,487,2026-06-21 17:18:30.148844,json,configuração,outro,gerenciado por renv,ativo
renv/setup.R,C:/Users/oorie/OneDrive/Documentos/TRABALHOS/DLNM/05_publicacao_github/renv/setup.R,TRUE,FALSE,1658,2026-06-21 17:18:30.149128,r,script R,script de análise,gerenciado por renv,ativo
reports/manuscript/.gitkeep,C:/Users/oorie/OneDrive/Documentos/TRABALHOS/DLNM/05_publicacao_github/reports/manuscript/.gitkeep,TRUE,FALSE,0,2026-06-21 17:18:30.14966,,outro,relatórios,ok,ativo
reports/presentations/.gitkeep,C:/Users/oorie/OneDrive/Documentos/TRABALHOS/DLNM/05_publicacao_github/reports/presentations/.gitkeep,TRUE,FALSE,0,2026-06-21 17:18:30.150599,,outro,relatórios,ok,ativo
reports/supplementary_material/.gitkeep,C:/Users/oorie/OneDrive/Documentos/TRABALHOS/DLNM/05_publicacao_github/reports/supplementary_material/.gitkeep,TRUE,FALSE,0,2026-06-21 17:18:30.151077,,outro,relatórios,ok,ativo
REPRODUCIBILITY_CHECKLIST.md,C:/Users/oorie/OneDrive/Documentos/TRABALHOS/DLNM/05_publicacao_github/REPRODUCIBILITY_CHECKLIST.md,TRUE,FALSE,4038,2026-07-14 09:31:56.542727,md,documentação/log,outro,ok,ativo
run_pipeline.R,C:/Users/oorie/OneDrive/Documentos/TRABALHOS/DLNM/05_publicacao_github/run_pipeline.R,TRUE,FALSE,5625,2026-06-21 17:18:30.197315,r,script R,script de análise,ok,ativo
SESSION_INFO.txt,C:/Users/oorie/OneDrive/Documentos/TRABALHOS/DLNM/05_publicacao_github/SESSION_INFO.txt,TRUE,FALSE,2986,2026-06-21 17:18:29.279488,txt,documentação/log,outro,ok,ativo
show_results.R,C:/Users/oorie/OneDrive/Documentos/TRABALHOS/DLNM/05_publicacao_github/show_results.R,TRUE,FALSE,983,2026-07-14 11:17:06.519667,r,script R,script de análise,ok,ativo
STRUCTURE_TREE.txt,C:/Users/oorie/OneDrive/Documentos/TRABALHOS/DLNM/05_publicacao_github/STRUCTURE_TREE.txt,TRUE,FALSE,10080,2026-07-14 09:29:07.491264,txt,documentação/log,outro,ok,ativo
test_load.R,C:/Users/oorie/OneDrive/Documentos/TRABALHOS/DLNM/05_publicacao_github/test_load.R,TRUE,FALSE,1132,2026-07-14 09:58:04.314375,r,script R,script de análise,arquivo de teste/depuração,depuração
test_na_cb.R,C:/Users/oorie/OneDrive/Documentos/TRABALHOS/DLNM/05_publicacao_github/test_na_cb.R,TRUE,FALSE,551,2026-07-14 10:52:50.164751,r,script R,script de análise,arquivo de teste/depuração,depuração
tests/test_runner.R,C:/Users/oorie/OneDrive/Documentos/TRABALHOS/DLNM/05_publicacao_github/tests/test_runner.R,TRUE,FALSE,3521,2026-06-21 17:18:30.199379,r,script R,testes automatizados,arquivo de teste/depuração,depuração
tests/testthat/test_bayesian.R,C:/Users/oorie/OneDrive/Documentos/TRABALHOS/DLNM/05_publicacao_github/tests/testthat/test_bayesian.R,TRUE,FALSE,2268,2026-06-21 17:18:30.200396,r,script R,testes automatizados,arquivo de teste/depuração,depuração
tests/testthat/test_dlnm_models.R,C:/Users/oorie/OneDrive/Documentos/TRABALHOS/DLNM/05_publicacao_github/tests/testthat/test_dlnm_models.R,TRUE,FALSE,5141,2026-06-21 17:18:30.200926,r,script R,testes automatizados,arquivo de teste/depuração,depuração
tests/testthat/test_preprocessing.R,C:/Users/oorie/OneDrive/Documentos/TRABALHOS/DLNM/05_publicacao_github/tests/testthat/test_preprocessing.R,TRUE,FALSE,1742,2026-06-21 17:18:30.201113,r,script R,testes automatizados,arquivo de teste/depuração,depuração
tests/testthat/test_utils.R,C:/Users/oorie/OneDrive/Documentos/TRABALHOS/DLNM/05_publicacao_github/tests/testthat/test_utils.R,TRUE,FALSE,1513,2026-06-21 17:18:30.201574,r,script R,testes automatizados,arquivo de teste/depuração,depuração
