ibge7,ibge6,mun_nome,macro_regiao,ano,populacao,fonte_populacao,observacao_populacao,populacao_original
3300100,330010,Angra dos Reis,Baia da Ilha Grande,2010,173370,Interpolacao linear entre observacoes oficiais SIDRA disponiveis,interpolado_por_falta_de_observacao_sidra_no_ano,
3300100,330010,Angra dos Reis,Baia da Ilha Grande,2011,173370,SIDRA 6579 v9324 - Populacao residente estimada,estimativa_oficial_sidra,173370
3300100,330010,Angra dos Reis,Baia da Ilha Grande,2012,177101,SIDRA 6579 v9324 - Populacao residente estimada,estimativa_oficial_sidra,177101
3300100,330010,Angra dos Reis,Baia da Ilha Grande,2013,181486,SIDRA 6579 v9324 - Populacao residente estimada,estimativa_oficial_sidra,181486
3300100,330010,Angra dos Reis,Baia da Ilha Grande,2014,184940,SIDRA 6579 v9324 - Populacao residente estimada,estimativa_oficial_sidra,184940
3300100,330010,Angra dos Reis,Baia da Ilha Grande,2015,188276,SIDRA 6579 v9324 - Populacao residente estimada,estimativa_oficial_sidra,188276
3300100,330010,Angra dos Reis,Baia da Ilha Grande,2016,191504,SIDRA 6579 v9324 - Populacao residente estimada,estimativa_oficial_sidra,191504
3300100,330010,Angra dos Reis,Baia da Ilha Grande,2017,194619,SIDRA 6579 v9324 - Populacao residente estimada,estimativa_oficial_sidra,194619
3300100,330010,Angra dos Reis,Baia da Ilha Grande,2018,200407,SIDRA 6579 v9324 - Populacao residente estimada,estimativa_oficial_sidra,200407
3300100,330010,Angra dos Reis,Baia da Ilha Grande,2019,203785,SIDRA 6579 v9324 - Populacao residente estimada,estimativa_oficial_sidra,203785
3300100,330010,Angra dos Reis,Baia da Ilha Grande,2020,207044,SIDRA 6579 v9324 - Populacao residente estimada,estimativa_oficial_sidra,207044
3300100,330010,Angra dos Reis,Baia da Ilha Grande,2021,210171,SIDRA 6579 v9324 - Populacao residente estimada,estimativa_oficial_sidra,210171
3300100,330010,Angra dos Reis,Baia da Ilha Grande,2022,167434,"SIDRA 4714 v93 - Censo Demografico 2022, Populacao residente",censo_2022_oficial_sidra,167434
3300100,330010,Angra dos Reis,Baia da Ilha Grande,2023,173277,Interpolacao linear entre observacoes oficiais SIDRA disponiveis,interpolado_por_falta_de_observacao_sidra_no_ano,
3300100,330010,Angra dos Reis,Baia da Ilha Grande,2024,179120,SIDRA 6579 v9324 - Populacao residente estimada,estimativa_oficial_sidra,179120
3300100,330010,Angra dos Reis,Baia da Ilha Grande,2025,179142,SIDRA 6579 v9324 - Populacao residente estimada,estimativa_oficial_sidra,179142
3300159,330015,Aperibé,Noroeste,2010,10382,Interpolacao linear entre observacoes oficiais SIDRA disponiveis,interpolado_por_falta_de_observacao_sidra_no_ano,
3300159,330015,Aperibé,Noroeste,2011,10382,SIDRA 6579 v9324 - Populacao residente estimada,estimativa_oficial_sidra,10382
3300159,330015,Aperibé,Noroeste,2012,10545,SIDRA 6579 v9324 - Populacao residente estimada,estimativa_oficial_sidra,10545
3300159,330015,Aperibé,Noroeste,2013,10736,SIDRA 6579 v9324 - Populacao residente estimada,estimativa_oficial_sidra,10736
3300159,330015,Aperibé,Noroeste,2014,10882,SIDRA 6579 v9324 - Populacao residente estimada,estimativa_oficial_sidra,10882
3300159,330015,Aperibé,Noroeste,2015,11023,SIDRA 6579 v9324 - Populacao residente estimada,estimativa_oficial_sidra,11023
3300159,330015,Aperibé,Noroeste,2016,11160,SIDRA 6579 v9324 - Populacao residente estimada,estimativa_oficial_sidra,11160
3300159,330015,Aperibé,Noroeste,2017,11292,SIDRA 6579 v9324 - Populacao residente estimada,estimativa_oficial_sidra,11292
3300159,330015,Aperibé,Noroeste,2018,11612,SIDRA 6579 v9324 - Populacao residente estimada,estimativa_oficial_sidra,11612
3300159,330015,Aperibé,Noroeste,2019,11759,SIDRA 6579 v9324 - Populacao residente estimada,estimativa_oficial_sidra,11759
3300159,330015,Aperibé,Noroeste,2020,11901,SIDRA 6579 v9324 - Populacao residente estimada,estimativa_oficial_sidra,11901
3300159,330015,Aperibé,Noroeste,2021,12036,SIDRA 6579 v9324 - Populacao residente estimada,estimativa_oficial_sidra,12036
3300159,330015,Aperibé,Noroeste,2022,11034,"SIDRA 4714 v93 - Censo Demografico 2022, Populacao residente",censo_2022_oficial_sidra,11034
3300159,330015,Aperibé,Noroeste,2023,11227,Interpolacao linear entre observacoes oficiais SIDRA disponiveis,interpolado_por_falta_de_observacao_sidra_no_ano,
3300159,330015,Aperibé,Noroeste,2024,11420,SIDRA 6579 v9324 - Populacao residente estimada,estimativa_oficial_sidra,11420
3300159,330015,Aperibé,Noroeste,2025,11426,SIDRA 6579 v9324 - Populacao residente estimada,estimativa_oficial_sidra,11426
3300209,330020,Araruama,Baixada Litoranea,2010,114250,Interpolacao linear entre observacoes oficiais SIDRA disponiveis,interpolado_por_falta_de_observacao_sidra_no_ano,
3300209,330020,Araruama,Baixada Litoranea,2011,114250,SIDRA 6579 v9324 - Populacao residente estimada,estimativa_oficial_sidra,114250
3300209,330020,Araruama,Baixada Litoranea,2012,116418,SIDRA 6579 v9324 - Populacao residente estimada,estimativa_oficial_sidra,116418
3300209,330020,Araruama,Baixada Litoranea,2013,118964,SIDRA 6579 v9324 - Populacao residente estimada,estimativa_oficial_sidra,118964
3300209,330020,Araruama,Baixada Litoranea,2014,120948,SIDRA 6579 v9324 - Populacao residente estimada,estimativa_oficial_sidra,120948
3300209,330020,Araruama,Baixada Litoranea,2015,122865,SIDRA 6579 v9324 - Populacao residente estimada,estimativa_oficial_sidra,122865
3300209,330020,Araruama,Baixada Litoranea,2016,124940,SIDRA 6579 v9324 - Populacao residente estimada,estimativa_oficial_sidra,124940
3300209,330020,Araruama,Baixada Litoranea,2017,126742,SIDRA 6579 v9324 - Populacao residente estimada,estimativa_oficial_sidra,126742
3300209,330020,Araruama,Baixada Litoranea,2018,130439,SIDRA 6579 v9324 - Populacao residente estimada,estimativa_oficial_sidra,130439
3300209,330020,Araruama,Baixada Litoranea,2019,132400,SIDRA 6579 v9324 - Populacao residente estimada,estimativa_oficial_sidra,132400
3300209,330020,Araruama,Baixada Litoranea,2020,134293,SIDRA 6579 v9324 - Populacao residente estimada,estimativa_oficial_sidra,134293
3300209,330020,Araruama,Baixada Litoranea,2021,136109,SIDRA 6579 v9324 - Populacao residente estimada,estimativa_oficial_sidra,136109
3300209,330020,Araruama,Baixada Litoranea,2022,129671,"SIDRA 4714 v93 - Censo Demografico 2022, Populacao residente",censo_2022_oficial_sidra,129671
3300209,330020,Araruama,Baixada Litoranea,2023,133722,Interpolacao linear entre observacoes oficiais SIDRA disponiveis,interpolado_por_falta_de_observacao_sidra_no_ano,
3300209,330020,Araruama,Baixada Litoranea,2024,137773,SIDRA 6579 v9324 - Populacao residente estimada,estimativa_oficial_sidra,137773
3300209,330020,Araruama,Baixada Litoranea,2025,137906,SIDRA 6579 v9324 - Populacao residente estimada,estimativa_oficial_sidra,137906
3300225,330022,Areal,Centro-Sul,2010,11540,Interpolacao linear entre observacoes oficiais SIDRA disponiveis,interpolado_por_falta_de_observacao_sidra_no_ano,
3300225,330022,Areal,Centro-Sul,2011,11540,SIDRA 6579 v9324 - Populacao residente estimada,estimativa_oficial_sidra,11540
3300225,330022,Areal,Centro-Sul,2012,11654,SIDRA 6579 v9324 - Populacao residente estimada,estimativa_oficial_sidra,11654
3300225,330022,Areal,Centro-Sul,2013,11785,SIDRA 6579 v9324 - Populacao residente estimada,estimativa_oficial_sidra,11785
3300225,330022,Areal,Centro-Sul,2014,11879,SIDRA 6579 v9324 - Populacao residente estimada,estimativa_oficial_sidra,11879
3300225,330022,Areal,Centro-Sul,2015,11970,SIDRA 6579 v9324 - Populacao residente estimada,estimativa_oficial_sidra,11970
3300225,330022,Areal,Centro-Sul,2016,12058,SIDRA 6579 v9324 - Populacao residente estimada,estimativa_oficial_sidra,12058
3300225,330022,Areal,Centro-Sul,2017,12143,SIDRA 6579 v9324 - Populacao residente estimada,estimativa_oficial_sidra,12143
3300225,330022,Areal,Centro-Sul,2018,12471,SIDRA 6579 v9324 - Populacao residente estimada,estimativa_oficial_sidra,12471
3300225,330022,Areal,Centro-Sul,2019,12572,SIDRA 6579 v9324 - Populacao residente estimada,estimativa_oficial_sidra,12572
3300225,330022,Areal,Centro-Sul,2020,12669,SIDRA 6579 v9324 - Populacao residente estimada,estimativa_oficial_sidra,12669
3300225,330022,Areal,Centro-Sul,2021,12763,SIDRA 6579 v9324 - Populacao residente estimada,estimativa_oficial_sidra,12763
3300225,330022,Areal,Centro-Sul,2022,11828,"SIDRA 4714 v93 - Censo Demografico 2022, Populacao residente",censo_2022_oficial_sidra,11828
3300225,330022,Areal,Centro-Sul,2023,12032,Interpolacao linear entre observacoes oficiais SIDRA disponiveis,interpolado_por_falta_de_observacao_sidra_no_ano,
3300225,330022,Areal,Centro-Sul,2024,12236,SIDRA 6579 v9324 - Populacao residente estimada,estimativa_oficial_sidra,12236
3300225,330022,Areal,Centro-Sul,2025,12239,SIDRA 6579 v9324 - Populacao residente estimada,estimativa_oficial_sidra,12239
3300233,330023,Armação dos Búzios,Baixada Litoranea,2010,28279,Interpolacao linear entre observacoes oficiais SIDRA disponiveis,interpolado_por_falta_de_observacao_sidra_no_ano,
3300233,330023,Armação dos Búzios,Baixada Litoranea,2011,28279,SIDRA 6579 v9324 - Populacao residente estimada,estimativa_oficial_sidra,28279
3300233,330023,Armação dos Búzios,Baixada Litoranea,2012,28973,SIDRA 6579 v9324 - Populacao residente estimada,estimativa_oficial_sidra,28973
3300233,330023,Armação dos Búzios,Baixada Litoranea,2013,29790,SIDRA 6579 v9324 - Populacao residente estimada,estimativa_oficial_sidra,29790
3300233,330023,Armação dos Búzios,Baixada Litoranea,2014,30439,SIDRA 6579 v9324 - Populacao residente estimada,estimativa_oficial_sidra,30439
3300233,330023,Armação dos Búzios,Baixada Litoranea,2015,31067,SIDRA 6579 v9324 - Populacao residente estimada,estimativa_oficial_sidra,31067
3300233,330023,Armação dos Búzios,Baixada Litoranea,2016,31674,SIDRA 6579 v9324 - Populacao residente estimada,estimativa_oficial_sidra,31674
3300233,330023,Armação dos Búzios,Baixada Litoranea,2017,32260,SIDRA 6579 v9324 - Populacao residente estimada,estimativa_oficial_sidra,32260
3300233,330023,Armação dos Búzios,Baixada Litoranea,2018,33240,SIDRA 6579 v9324 - Populacao residente estimada,estimativa_oficial_sidra,33240
3300233,330023,Armação dos Búzios,Baixada Litoranea,2019,33870,SIDRA 6579 v9324 - Populacao residente estimada,estimativa_oficial_sidra,33870
3300233,330023,Armação dos Búzios,Baixada Litoranea,2020,34477,SIDRA 6579 v9324 - Populacao residente estimada,estimativa_oficial_sidra,34477
3300233,330023,Armação dos Búzios,Baixada Litoranea,2021,35060,SIDRA 6579 v9324 - Populacao residente estimada,estimativa_oficial_sidra,35060
3300233,330023,Armação dos Búzios,Baixada Litoranea,2022,40006,"SIDRA 4714 v93 - Censo Demografico 2022, Populacao residente",censo_2022_oficial_sidra,40006
3300233,330023,Armação dos Búzios,Baixada Litoranea,2023,41224,Interpolacao linear entre observacoes oficiais SIDRA disponiveis,interpolado_por_falta_de_observacao_sidra_no_ano,
3300233,330023,Armação dos Búzios,Baixada Litoranea,2024,42442,SIDRA 6579 v9324 - Populacao residente estimada,estimativa_oficial_sidra,42442
3300233,330023,Armação dos Búzios,Baixada Litoranea,2025,42527,SIDRA 6579 v9324 - Populacao residente estimada,estimativa_oficial_sidra,42527
3300258,330025,Arraial do Cabo,Baixada Litoranea,2010,28010,Interpolacao linear entre observacoes oficiais SIDRA disponiveis,interpolado_por_falta_de_observacao_sidra_no_ano,
3300258,330025,Arraial do Cabo,Baixada Litoranea,2011,28010,SIDRA 6579 v9324 - Populacao residente estimada,estimativa_oficial_sidra,28010
3300258,330025,Arraial do Cabo,Baixada Litoranea,2012,28295,SIDRA 6579 v9324 - Populacao residente estimada,estimativa_oficial_sidra,28295
3300258,330025,Arraial do Cabo,Baixada Litoranea,2013,28627,SIDRA 6579 v9324 - Populacao residente estimada,estimativa_oficial_sidra,28627
3300258,330025,Arraial do Cabo,Baixada Litoranea,2014,28866,SIDRA 6579 v9324 - Populacao residente estimada,estimativa_oficial_sidra,28866
3300258,330025,Arraial do Cabo,Baixada Litoranea,2015,29097,SIDRA 6579 v9324 - Populacao residente estimada,estimativa_oficial_sidra,29097
3300258,330025,Arraial do Cabo,Baixada Litoranea,2016,29077,SIDRA 6579 v9324 - Populacao residente estimada,estimativa_oficial_sidra,29077
3300258,330025,Arraial do Cabo,Baixada Litoranea,2017,29304,SIDRA 6579 v9324 - Populacao residente estimada,estimativa_oficial_sidra,29304
3300258,330025,Arraial do Cabo,Baixada Litoranea,2018,30096,SIDRA 6579 v9324 - Populacao residente estimada,estimativa_oficial_sidra,30096
3300258,330025,Arraial do Cabo,Baixada Litoranea,2019,30349,SIDRA 6579 v9324 - Populacao residente estimada,estimativa_oficial_sidra,30349
3300258,330025,Arraial do Cabo,Baixada Litoranea,2020,30593,SIDRA 6579 v9324 - Populacao residente estimada,estimativa_oficial_sidra,30593
3300258,330025,Arraial do Cabo,Baixada Litoranea,2021,30827,SIDRA 6579 v9324 - Populacao residente estimada,estimativa_oficial_sidra,30827
3300258,330025,Arraial do Cabo,Baixada Litoranea,2022,30986,"SIDRA 4714 v93 - Censo Demografico 2022, Populacao residente",censo_2022_oficial_sidra,30986
3300258,330025,Arraial do Cabo,Baixada Litoranea,2023,31890,Interpolacao linear entre observacoes oficiais SIDRA disponiveis,interpolado_por_falta_de_observacao_sidra_no_ano,
3300258,330025,Arraial do Cabo,Baixada Litoranea,2024,32794,SIDRA 6579 v9324 - Populacao residente estimada,estimativa_oficial_sidra,32794
3300258,330025,Arraial do Cabo,Baixada Litoranea,2025,32822,SIDRA 6579 v9324 - Populacao residente estimada,estimativa_oficial_sidra,32822
3300308,330030,Barra do Piraí,Medio Paraiba,2010,95260,Interpolacao linear entre observacoes oficiais SIDRA disponiveis,interpolado_por_falta_de_observacao_sidra_no_ano,
3300308,330030,Barra do Piraí,Medio Paraiba,2011,95260,SIDRA 6579 v9324 - Populacao residente estimada,estimativa_oficial_sidra,95260
3300308,330030,Barra do Piraí,Medio Paraiba,2012,95726,SIDRA 6579 v9324 - Populacao residente estimada,estimativa_oficial_sidra,95726
3300308,330030,Barra do Piraí,Medio Paraiba,2013,96261,SIDRA 6579 v9324 - Populacao residente estimada,estimativa_oficial_sidra,96261
3300308,330030,Barra do Piraí,Medio Paraiba,2014,96568,SIDRA 6579 v9324 - Populacao residente estimada,estimativa_oficial_sidra,96568
3300308,330030,Barra do Piraí,Medio Paraiba,2015,96865,SIDRA 6579 v9324 - Populacao residente estimada,estimativa_oficial_sidra,96865
3300308,330030,Barra do Piraí,Medio Paraiba,2016,97152,SIDRA 6579 v9324 - Populacao residente estimada,estimativa_oficial_sidra,97152
3300308,330030,Barra do Piraí,Medio Paraiba,2017,97460,SIDRA 6579 v9324 - Populacao residente estimada,estimativa_oficial_sidra,97460
3300308,330030,Barra do Piraí,Medio Paraiba,2018,99969,SIDRA 6579 v9324 - Populacao residente estimada,estimativa_oficial_sidra,99969
3300308,330030,Barra do Piraí,Medio Paraiba,2019,100374,SIDRA 6579 v9324 - Populacao residente estimada,estimativa_oficial_sidra,100374
3300308,330030,Barra do Piraí,Medio Paraiba,2020,100764,SIDRA 6579 v9324 - Populacao residente estimada,estimativa_oficial_sidra,100764
3300308,330030,Barra do Piraí,Medio Paraiba,2021,101139,SIDRA 6579 v9324 - Populacao residente estimada,estimativa_oficial_sidra,101139
3300308,330030,Barra do Piraí,Medio Paraiba,2022,92883,"SIDRA 4714 v93 - Censo Demografico 2022, Populacao residente",censo_2022_oficial_sidra,92883
3300308,330030,Barra do Piraí,Medio Paraiba,2023,95692,Interpolacao linear entre observacoes oficiais SIDRA disponiveis,interpolado_por_falta_de_observacao_sidra_no_ano,
3300308,330030,Barra do Piraí,Medio Paraiba,2024,98501,SIDRA 6579 v9324 - Populacao residente estimada,estimativa_oficial_sidra,98501
3300308,330030,Barra do Piraí,Medio Paraiba,2025,98506,SIDRA 6579 v9324 - Populacao residente estimada,estimativa_oficial_sidra,98506
3300407,330040,Barra Mansa,Medio Paraiba,2010,178355,Interpolacao linear entre observacoes oficiais SIDRA disponiveis,interpolado_por_falta_de_observacao_sidra_no_ano,
3300407,330040,Barra Mansa,Medio Paraiba,2011,178355,SIDRA 6579 v9324 - Populacao residente estimada,estimativa_oficial_sidra,178355
3300407,330040,Barra Mansa,Medio Paraiba,2012,178880,SIDRA 6579 v9324 - Populacao residente estimada,estimativa_oficial_sidra,178880
3300407,330040,Barra Mansa,Medio Paraiba,2013,179472,SIDRA 6579 v9324 - Populacao residente estimada,estimativa_oficial_sidra,179472
3300407,330040,Barra Mansa,Medio Paraiba,2014,179697,SIDRA 6579 v9324 - Populacao residente estimada,estimativa_oficial_sidra,179697
3300407,330040,Barra Mansa,Medio Paraiba,2015,179915,SIDRA 6579 v9324 - Populacao residente estimada,estimativa_oficial_sidra,179915
3300407,330040,Barra Mansa,Medio Paraiba,2016,180126,SIDRA 6579 v9324 - Populacao residente estimada,estimativa_oficial_sidra,180126
3300407,330040,Barra Mansa,Medio Paraiba,2017,179451,SIDRA 6579 v9324 - Populacao residente estimada,estimativa_oficial_sidra,179451
3300407,330040,Barra Mansa,Medio Paraiba,2018,183976,SIDRA 6579 v9324 - Populacao residente estimada,estimativa_oficial_sidra,183976
3300407,330040,Barra Mansa,Medio Paraiba,2019,184412,SIDRA 6579 v9324 - Populacao residente estimada,estimativa_oficial_sidra,184412
3300407,330040,Barra Mansa,Medio Paraiba,2020,184833,SIDRA 6579 v9324 - Populacao residente estimada,estimativa_oficial_sidra,184833
3300407,330040,Barra Mansa,Medio Paraiba,2021,185237,SIDRA 6579 v9324 - Populacao residente estimada,estimativa_oficial_sidra,185237
3300407,330040,Barra Mansa,Medio Paraiba,2022,169894,"SIDRA 4714 v93 - Censo Demografico 2022, Populacao residente",censo_2022_oficial_sidra,169894
3300407,330040,Barra Mansa,Medio Paraiba,2023,175791,Interpolacao linear entre observacoes oficiais SIDRA disponiveis,interpolado_por_falta_de_observacao_sidra_no_ano,
3300407,330040,Barra Mansa,Medio Paraiba,2024,181688,SIDRA 6579 v9324 - Populacao residente estimada,estimativa_oficial_sidra,181688
3300407,330040,Barra Mansa,Medio Paraiba,2025,181679,SIDRA 6579 v9324 - Populacao residente estimada,estimativa_oficial_sidra,181679
3300456,330045,Belford Roxo,Metropolitana I,2010,472008,Interpolacao linear entre observacoes oficiais SIDRA disponiveis,interpolado_por_falta_de_observacao_sidra_no_ano,
3300456,330045,Belford Roxo,Metropolitana I,2011,472008,SIDRA 6579 v9324 - Populacao residente estimada,estimativa_oficial_sidra,472008
3300456,330045,Belford Roxo,Metropolitana I,2012,474596,SIDRA 6579 v9324 - Populacao residente estimada,estimativa_oficial_sidra,474596
3300456,330045,Belford Roxo,Metropolitana I,2013,477583,SIDRA 6579 v9324 - Populacao residente estimada,estimativa_oficial_sidra,477583
3300456,330045,Belford Roxo,Metropolitana I,2014,479386,SIDRA 6579 v9324 - Populacao residente estimada,estimativa_oficial_sidra,479386
3300456,330045,Belford Roxo,Metropolitana I,2015,481127,SIDRA 6579 v9324 - Populacao residente estimada,estimativa_oficial_sidra,481127
3300456,330045,Belford Roxo,Metropolitana I,2016,494141,SIDRA 6579 v9324 - Populacao residente estimada,estimativa_oficial_sidra,494141
3300456,330045,Belford Roxo,Metropolitana I,2017,495783,SIDRA 6579 v9324 - Populacao residente estimada,estimativa_oficial_sidra,495783
3300456,330045,Belford Roxo,Metropolitana I,2018,508614,SIDRA 6579 v9324 - Populacao residente estimada,estimativa_oficial_sidra,508614
3300456,330045,Belford Roxo,Metropolitana I,2019,510906,SIDRA 6579 v9324 - Populacao residente estimada,estimativa_oficial_sidra,510906
3300456,330045,Belford Roxo,Metropolitana I,2020,513118,SIDRA 6579 v9324 - Populacao residente estimada,estimativa_oficial_sidra,513118
3300456,330045,Belford Roxo,Metropolitana I,2021,515239,SIDRA 6579 v9324 - Populacao residente estimada,estimativa_oficial_sidra,515239
3300456,330045,Belford Roxo,Metropolitana I,2022,483087,"SIDRA 4714 v93 - Censo Demografico 2022, Populacao residente",censo_2022_oficial_sidra,483087
3300456,330045,Belford Roxo,Metropolitana I,2023,500675,Interpolacao linear entre observacoes oficiais SIDRA disponiveis,interpolado_por_falta_de_observacao_sidra_no_ano,
3300456,330045,Belford Roxo,Metropolitana I,2024,518263,SIDRA 6579 v9324 - Populacao residente estimada,estimativa_oficial_sidra,518263
3300456,330045,Belford Roxo,Metropolitana I,2025,518384,SIDRA 6579 v9324 - Populacao residente estimada,estimativa_oficial_sidra,518384
3300506,330050,Bom Jardim,Serrana,2010,25539,Interpolacao linear entre observacoes oficiais SIDRA disponiveis,interpolado_por_falta_de_observacao_sidra_no_ano,
3300506,330050,Bom Jardim,Serrana,2011,25539,SIDRA 6579 v9324 - Populacao residente estimada,estimativa_oficial_sidra,25539
3300506,330050,Bom Jardim,Serrana,2012,25738,SIDRA 6579 v9324 - Populacao residente estimada,estimativa_oficial_sidra,25738
3300506,330050,Bom Jardim,Serrana,2013,25969,SIDRA 6579 v9324 - Populacao residente estimada,estimativa_oficial_sidra,25969
3300506,330050,Bom Jardim,Serrana,2014,26126,SIDRA 6579 v9324 - Populacao residente estimada,estimativa_oficial_sidra,26126
3300506,330050,Bom Jardim,Serrana,2015,26278,SIDRA 6579 v9324 - Populacao residente estimada,estimativa_oficial_sidra,26278
3300506,330050,Bom Jardim,Serrana,2016,26424,SIDRA 6579 v9324 - Populacao residente estimada,estimativa_oficial_sidra,26424
3300506,330050,Bom Jardim,Serrana,2017,26566,SIDRA 6579 v9324 - Populacao residente estimada,estimativa_oficial_sidra,26566
3300506,330050,Bom Jardim,Serrana,2018,27269,SIDRA 6579 v9324 - Populacao residente estimada,estimativa_oficial_sidra,27269
3300506,330050,Bom Jardim,Serrana,2019,27446,SIDRA 6579 v9324 - Populacao residente estimada,estimativa_oficial_sidra,27446
3300506,330050,Bom Jardim,Serrana,2020,27616,SIDRA 6579 v9324 - Populacao residente estimada,estimativa_oficial_sidra,27616
3300506,330050,Bom Jardim,Serrana,2021,27779,SIDRA 6579 v9324 - Populacao residente estimada,estimativa_oficial_sidra,27779
3300506,330050,Bom Jardim,Serrana,2022,28102,"SIDRA 4714 v93 - Censo Demografico 2022, Populacao residente",censo_2022_oficial_sidra,28102
3300506,330050,Bom Jardim,Serrana,2023,28919,Interpolacao linear entre observacoes oficiais SIDRA disponiveis,interpolado_por_falta_de_observacao_sidra_no_ano,
3300506,330050,Bom Jardim,Serrana,2024,29736,SIDRA 6579 v9324 - Populacao residente estimada,estimativa_oficial_sidra,29736
3300506,330050,Bom Jardim,Serrana,2025,29758,SIDRA 6579 v9324 - Populacao residente estimada,estimativa_oficial_sidra,29758
3300605,330060,Bom Jesus do Itabapoana,Noroeste,2010,35546,Interpolacao linear entre observacoes oficiais SIDRA disponiveis,interpolado_por_falta_de_observacao_sidra_no_ano,
3300605,330060,Bom Jesus do Itabapoana,Noroeste,2011,35546,SIDRA 6579 v9324 - Populacao residente estimada,estimativa_oficial_sidra,35546
3300605,330060,Bom Jesus do Itabapoana,Noroeste,2012,35677,SIDRA 6579 v9324 - Populacao residente estimada,estimativa_oficial_sidra,35677
3300605,330060,Bom Jesus do Itabapoana,Noroeste,2013,35825,SIDRA 6579 v9324 - Populacao residente estimada,estimativa_oficial_sidra,35825
3300605,330060,Bom Jesus do Itabapoana,Noroeste,2014,35896,SIDRA 6579 v9324 - Populacao residente estimada,estimativa_oficial_sidra,35896
3300605,330060,Bom Jesus do Itabapoana,Noroeste,2015,35964,SIDRA 6579 v9324 - Populacao residente estimada,estimativa_oficial_sidra,35964
3300605,330060,Bom Jesus do Itabapoana,Noroeste,2016,36031,SIDRA 6579 v9324 - Populacao residente estimada,estimativa_oficial_sidra,36031
3300605,330060,Bom Jesus do Itabapoana,Noroeste,2017,36068,SIDRA 6579 v9324 - Populacao residente estimada,estimativa_oficial_sidra,36068
3300605,330060,Bom Jesus do Itabapoana,Noroeste,2018,36985,SIDRA 6579 v9324 - Populacao residente estimada,estimativa_oficial_sidra,36985
3300605,330060,Bom Jesus do Itabapoana,Noroeste,2019,37096,SIDRA 6579 v9324 - Populacao residente estimada,estimativa_oficial_sidra,37096
3300605,330060,Bom Jesus do Itabapoana,Noroeste,2020,37203,SIDRA 6579 v9324 - Populacao residente estimada,estimativa_oficial_sidra,37203
3300605,330060,Bom Jesus do Itabapoana,Noroeste,2021,37306,SIDRA 6579 v9324 - Populacao residente estimada,estimativa_oficial_sidra,37306
3300605,330060,Bom Jesus do Itabapoana,Noroeste,2022,35173,"SIDRA 4714 v93 - Censo Demografico 2022, Populacao residente",censo_2022_oficial_sidra,35173
3300605,330060,Bom Jesus do Itabapoana,Noroeste,2023,36172.5,Interpolacao linear entre observacoes oficiais SIDRA disponiveis,interpolado_por_falta_de_observacao_sidra_no_ano,
3300605,330060,Bom Jesus do Itabapoana,Noroeste,2024,37172,SIDRA 6579 v9324 - Populacao residente estimada,estimativa_oficial_sidra,37172
3300605,330060,Bom Jesus do Itabapoana,Noroeste,2025,37176,SIDRA 6579 v9324 - Populacao residente estimada,estimativa_oficial_sidra,37176
3300704,330070,Cabo Frio,Baixada Litoranea,2010,190787,Interpolacao linear entre observacoes oficiais SIDRA disponiveis,interpolado_por_falta_de_observacao_sidra_no_ano,
3300704,330070,Cabo Frio,Baixada Litoranea,2011,190787,SIDRA 6579 v9324 - Populacao residente estimada,estimativa_oficial_sidra,190787
3300704,330070,Cabo Frio,Baixada Litoranea,2012,195197,SIDRA 6579 v9324 - Populacao residente estimada,estimativa_oficial_sidra,195197
3300704,330070,Cabo Frio,Baixada Litoranea,2013,200380,SIDRA 6579 v9324 - Populacao residente estimada,estimativa_oficial_sidra,200380
3300704,330070,Cabo Frio,Baixada Litoranea,2014,204486,SIDRA 6579 v9324 - Populacao residente estimada,estimativa_oficial_sidra,204486
3300704,330070,Cabo Frio,Baixada Litoranea,2015,208451,SIDRA 6579 v9324 - Populacao residente estimada,estimativa_oficial_sidra,208451
3300704,330070,Cabo Frio,Baixada Litoranea,2016,212289,SIDRA 6579 v9324 - Populacao residente estimada,estimativa_oficial_sidra,212289
3300704,330070,Cabo Frio,Baixada Litoranea,2017,216030,SIDRA 6579 v9324 - Populacao residente estimada,estimativa_oficial_sidra,216030
3300704,330070,Cabo Frio,Baixada Litoranea,2018,222528,SIDRA 6579 v9324 - Populacao residente estimada,estimativa_oficial_sidra,222528
3300704,330070,Cabo Frio,Baixada Litoranea,2019,226525,SIDRA 6579 v9324 - Populacao residente estimada,estimativa_oficial_sidra,226525
3300704,330070,Cabo Frio,Baixada Litoranea,2020,230378,SIDRA 6579 v9324 - Populacao residente estimada,estimativa_oficial_sidra,230378
3300704,330070,Cabo Frio,Baixada Litoranea,2021,234077,SIDRA 6579 v9324 - Populacao residente estimada,estimativa_oficial_sidra,234077
3300704,330070,Cabo Frio,Baixada Litoranea,2022,222161,"SIDRA 4714 v93 - Censo Demografico 2022, Populacao residente",censo_2022_oficial_sidra,222161
3300704,330070,Cabo Frio,Baixada Litoranea,2023,230163.5,Interpolacao linear entre observacoes oficiais SIDRA disponiveis,interpolado_por_falta_de_observacao_sidra_no_ano,
3300704,330070,Cabo Frio,Baixada Litoranea,2024,238166,SIDRA 6579 v9324 - Populacao residente estimada,estimativa_oficial_sidra,238166
3300704,330070,Cabo Frio,Baixada Litoranea,2025,238438,SIDRA 6579 v9324 - Populacao residente estimada,estimativa_oficial_sidra,238438
3300803,330080,Cachoeiras de Macacu,Serrana,2010,54713,Interpolacao linear entre observacoes oficiais SIDRA disponiveis,interpolado_por_falta_de_observacao_sidra_no_ano,
3300803,330080,Cachoeiras de Macacu,Serrana,2011,54713,SIDRA 6579 v9324 - Populacao residente estimada,estimativa_oficial_sidra,54713
3300803,330080,Cachoeiras de Macacu,Serrana,2012,55139,SIDRA 6579 v9324 - Populacao residente estimada,estimativa_oficial_sidra,55139
3300803,330080,Cachoeiras de Macacu,Serrana,2013,55632,SIDRA 6579 v9324 - Populacao residente estimada,estimativa_oficial_sidra,55632
3300803,330080,Cachoeiras de Macacu,Serrana,2014,55967,SIDRA 6579 v9324 - Populacao residente estimada,estimativa_oficial_sidra,55967
3300803,330080,Cachoeiras de Macacu,Serrana,2015,56290,SIDRA 6579 v9324 - Populacao residente estimada,estimativa_oficial_sidra,56290
3300803,330080,Cachoeiras de Macacu,Serrana,2016,56603,SIDRA 6579 v9324 - Populacao residente estimada,estimativa_oficial_sidra,56603
3300803,330080,Cachoeiras de Macacu,Serrana,2017,57048,SIDRA 6579 v9324 - Populacao residente estimada,estimativa_oficial_sidra,57048
3300803,330080,Cachoeiras de Macacu,Serrana,2018,58560,SIDRA 6579 v9324 - Populacao residente estimada,estimativa_oficial_sidra,58560
3300803,330080,Cachoeiras de Macacu,Serrana,2019,58937,SIDRA 6579 v9324 - Populacao residente estimada,estimativa_oficial_sidra,58937
3300803,330080,Cachoeiras de Macacu,Serrana,2020,59303,SIDRA 6579 v9324 - Populacao residente estimada,estimativa_oficial_sidra,59303
3300803,330080,Cachoeiras de Macacu,Serrana,2021,59652,SIDRA 6579 v9324 - Populacao residente estimada,estimativa_oficial_sidra,59652
3300803,330080,Cachoeiras de Macacu,Serrana,2022,56943,"SIDRA 4714 v93 - Censo Demografico 2022, Populacao residente",censo_2022_oficial_sidra,56943
3300803,330080,Cachoeiras de Macacu,Serrana,2023,58390,Interpolacao linear entre observacoes oficiais SIDRA disponiveis,interpolado_por_falta_de_observacao_sidra_no_ano,
3300803,330080,Cachoeiras de Macacu,Serrana,2024,59837,SIDRA 6579 v9324 - Populacao residente estimada,estimativa_oficial_sidra,59837
3300803,330080,Cachoeiras de Macacu,Serrana,2025,59861,SIDRA 6579 v9324 - Populacao residente estimada,estimativa_oficial_sidra,59861
3300902,330090,Cambuci,Noroeste,2010,14840,Interpolacao linear entre observacoes oficiais SIDRA disponiveis,interpolado_por_falta_de_observacao_sidra_no_ano,
3300902,330090,Cambuci,Noroeste,2011,14840,SIDRA 6579 v9324 - Populacao residente estimada,estimativa_oficial_sidra,14840
3300902,330090,Cambuci,Noroeste,2012,14851,SIDRA 6579 v9324 - Populacao residente estimada,estimativa_oficial_sidra,14851
3300902,330090,Cambuci,Noroeste,2013,14862,SIDRA 6579 v9324 - Populacao residente estimada,estimativa_oficial_sidra,14862
3300902,330090,Cambuci,Noroeste,2014,14849,SIDRA 6579 v9324 - Populacao residente estimada,estimativa_oficial_sidra,14849
3300902,330090,Cambuci,Noroeste,2015,14836,SIDRA 6579 v9324 - Populacao residente estimada,estimativa_oficial_sidra,14836
3300902,330090,Cambuci,Noroeste,2016,14824,SIDRA 6579 v9324 - Populacao residente estimada,estimativa_oficial_sidra,14824
3300902,330090,Cambuci,Noroeste,2017,15124,SIDRA 6579 v9324 - Populacao residente estimada,estimativa_oficial_sidra,15124
3300902,330090,Cambuci,Noroeste,2018,15496,SIDRA 6579 v9324 - Populacao residente estimada,estimativa_oficial_sidra,15496
3300902,330090,Cambuci,Noroeste,2019,15505,SIDRA 6579 v9324 - Populacao residente estimada,estimativa_oficial_sidra,15505
3300902,330090,Cambuci,Noroeste,2020,15514,SIDRA 6579 v9324 - Populacao residente estimada,estimativa_oficial_sidra,15514
3300902,330090,Cambuci,Noroeste,2021,15521,SIDRA 6579 v9324 - Populacao residente estimada,estimativa_oficial_sidra,15521
3300902,330090,Cambuci,Noroeste,2022,14616,"SIDRA 4714 v93 - Censo Demografico 2022, Populacao residente",censo_2022_oficial_sidra,14616
3300902,330090,Cambuci,Noroeste,2023,14843,Interpolacao linear entre observacoes oficiais SIDRA disponiveis,interpolado_por_falta_de_observacao_sidra_no_ano,
3300902,330090,Cambuci,Noroeste,2024,15070,SIDRA 6579 v9324 - Populacao residente estimada,estimativa_oficial_sidra,15070
3300902,330090,Cambuci,Noroeste,2025,15069,SIDRA 6579 v9324 - Populacao residente estimada,estimativa_oficial_sidra,15069
3300936,330093,Carapebus,Norte,2010,13697,Interpolacao linear entre observacoes oficiais SIDRA disponiveis,interpolado_por_falta_de_observacao_sidra_no_ano,
3300936,330093,Carapebus,Norte,2011,13697,SIDRA 6579 v9324 - Populacao residente estimada,estimativa_oficial_sidra,13697
3300936,330093,Carapebus,Norte,2012,14024,SIDRA 6579 v9324 - Populacao residente estimada,estimativa_oficial_sidra,14024
3300936,330093,Carapebus,Norte,2013,14408,SIDRA 6579 v9324 - Populacao residente estimada,estimativa_oficial_sidra,14408
3300936,330093,Carapebus,Norte,2014,14713,SIDRA 6579 v9324 - Populacao residente estimada,estimativa_oficial_sidra,14713
3300936,330093,Carapebus,Norte,2015,15008,SIDRA 6579 v9324 - Populacao residente estimada,estimativa_oficial_sidra,15008
3300936,330093,Carapebus,Norte,2016,15293,SIDRA 6579 v9324 - Populacao residente estimada,estimativa_oficial_sidra,15293
3300936,330093,Carapebus,Norte,2017,15568,SIDRA 6579 v9324 - Populacao residente estimada,estimativa_oficial_sidra,15568
3300936,330093,Carapebus,Norte,2018,16039,SIDRA 6579 v9324 - Populacao residente estimada,estimativa_oficial_sidra,16039
3300936,330093,Carapebus,Norte,2019,16301,SIDRA 6579 v9324 - Populacao residente estimada,estimativa_oficial_sidra,16301
3300936,330093,Carapebus,Norte,2020,16586,SIDRA 6579 v9324 - Populacao residente estimada,estimativa_oficial_sidra,16586
3300936,330093,Carapebus,Norte,2021,16859,SIDRA 6579 v9324 - Populacao residente estimada,estimativa_oficial_sidra,16859
3300936,330093,Carapebus,Norte,2022,13847,"SIDRA 4714 v93 - Censo Demografico 2022, Populacao residente",censo_2022_oficial_sidra,13847
3300936,330093,Carapebus,Norte,2023,14086,Interpolacao linear entre observacoes oficiais SIDRA disponiveis,interpolado_por_falta_de_observacao_sidra_no_ano,
3300936,330093,Carapebus,Norte,2024,14325,SIDRA 6579 v9324 - Populacao residente estimada,estimativa_oficial_sidra,14325
3300936,330093,Carapebus,Norte,2025,14329,SIDRA 6579 v9324 - Populacao residente estimada,estimativa_oficial_sidra,14329
3300951,330095,Comendador Levy Gasparian,Centro-Sul,2010,8200,Interpolacao linear entre observacoes oficiais SIDRA disponiveis,interpolado_por_falta_de_observacao_sidra_no_ano,
3300951,330095,Comendador Levy Gasparian,Centro-Sul,2011,8200,SIDRA 6579 v9324 - Populacao residente estimada,estimativa_oficial_sidra,8200
3300951,330095,Comendador Levy Gasparian,Centro-Sul,2012,8219,SIDRA 6579 v9324 - Populacao residente estimada,estimativa_oficial_sidra,8219
3300951,330095,Comendador Levy Gasparian,Centro-Sul,2013,8240,SIDRA 6579 v9324 - Populacao residente estimada,estimativa_oficial_sidra,8240
3300951,330095,Comendador Levy Gasparian,Centro-Sul,2014,8245,SIDRA 6579 v9324 - Populacao residente estimada,estimativa_oficial_sidra,8245
3300951,330095,Comendador Levy Gasparian,Centro-Sul,2015,8250,SIDRA 6579 v9324 - Populacao residente estimada,estimativa_oficial_sidra,8250
3300951,330095,Comendador Levy Gasparian,Centro-Sul,2016,8255,SIDRA 6579 v9324 - Populacao residente estimada,estimativa_oficial_sidra,8255
3300951,330095,Comendador Levy Gasparian,Centro-Sul,2017,8336,SIDRA 6579 v9324 - Populacao residente estimada,estimativa_oficial_sidra,8336
3300951,330095,Comendador Levy Gasparian,Centro-Sul,2018,8544,SIDRA 6579 v9324 - Populacao residente estimada,estimativa_oficial_sidra,8544
3300951,330095,Comendador Levy Gasparian,Centro-Sul,2019,8561,SIDRA 6579 v9324 - Populacao residente estimada,estimativa_oficial_sidra,8561
3300951,330095,Comendador Levy Gasparian,Centro-Sul,2020,8576,SIDRA 6579 v9324 - Populacao residente estimada,estimativa_oficial_sidra,8576
3300951,330095,Comendador Levy Gasparian,Centro-Sul,2021,8590,SIDRA 6579 v9324 - Populacao residente estimada,estimativa_oficial_sidra,8590
3300951,330095,Comendador Levy Gasparian,Centro-Sul,2022,8741,"SIDRA 4714 v93 - Censo Demografico 2022, Populacao residente",censo_2022_oficial_sidra,8741
3300951,330095,Comendador Levy Gasparian,Centro-Sul,2023,8892.5,Interpolacao linear entre observacoes oficiais SIDRA disponiveis,interpolado_por_falta_de_observacao_sidra_no_ano,
3300951,330095,Comendador Levy Gasparian,Centro-Sul,2024,9044,SIDRA 6579 v9324 - Populacao residente estimada,estimativa_oficial_sidra,9044
3300951,330095,Comendador Levy Gasparian,Centro-Sul,2025,9048,SIDRA 6579 v9324 - Populacao residente estimada,estimativa_oficial_sidra,9048
3301009,330100,Campos dos Goytacazes,Norte,2010,468087,Interpolacao linear entre observacoes oficiais SIDRA disponiveis,interpolado_por_falta_de_observacao_sidra_no_ano,
3301009,330100,Campos dos Goytacazes,Norte,2011,468087,SIDRA 6579 v9324 - Populacao residente estimada,estimativa_oficial_sidra,468087
3301009,330100,Campos dos Goytacazes,Norte,2012,472300,SIDRA 6579 v9324 - Populacao residente estimada,estimativa_oficial_sidra,472300
3301009,330100,Campos dos Goytacazes,Norte,2013,477208,SIDRA 6579 v9324 - Populacao residente estimada,estimativa_oficial_sidra,477208
3301009,330100,Campos dos Goytacazes,Norte,2014,480648,SIDRA 6579 v9324 - Populacao residente estimada,estimativa_oficial_sidra,480648
3301009,330100,Campos dos Goytacazes,Norte,2015,483970,SIDRA 6579 v9324 - Populacao residente estimada,estimativa_oficial_sidra,483970
3301009,330100,Campos dos Goytacazes,Norte,2016,487186,SIDRA 6579 v9324 - Populacao residente estimada,estimativa_oficial_sidra,487186
3301009,330100,Campos dos Goytacazes,Norte,2017,490288,SIDRA 6579 v9324 - Populacao residente estimada,estimativa_oficial_sidra,490288
3301009,330100,Campos dos Goytacazes,Norte,2018,503424,SIDRA 6579 v9324 - Populacao residente estimada,estimativa_oficial_sidra,503424
3301009,330100,Campos dos Goytacazes,Norte,2019,507548,SIDRA 6579 v9324 - Populacao residente estimada,estimativa_oficial_sidra,507548
3301009,330100,Campos dos Goytacazes,Norte,2020,511168,SIDRA 6579 v9324 - Populacao residente estimada,estimativa_oficial_sidra,511168
3301009,330100,Campos dos Goytacazes,Norte,2021,514643,SIDRA 6579 v9324 - Populacao residente estimada,estimativa_oficial_sidra,514643
3301009,330100,Campos dos Goytacazes,Norte,2022,483540,"SIDRA 4714 v93 - Censo Demografico 2022, Populacao residente",censo_2022_oficial_sidra,483540
3301009,330100,Campos dos Goytacazes,Norte,2023,501275.5,Interpolacao linear entre observacoes oficiais SIDRA disponiveis,interpolado_por_falta_de_observacao_sidra_no_ano,
3301009,330100,Campos dos Goytacazes,Norte,2024,519011,SIDRA 6579 v9324 - Populacao residente estimada,estimativa_oficial_sidra,519011
3301009,330100,Campos dos Goytacazes,Norte,2025,519259,SIDRA 6579 v9324 - Populacao residente estimada,estimativa_oficial_sidra,519259
3301108,330110,Cantagalo,Serrana,2010,19830,Interpolacao linear entre observacoes oficiais SIDRA disponiveis,interpolado_por_falta_de_observacao_sidra_no_ano,
3301108,330110,Cantagalo,Serrana,2011,19830,SIDRA 6579 v9324 - Populacao residente estimada,estimativa_oficial_sidra,19830
3301108,330110,Cantagalo,Serrana,2012,19830,SIDRA 6579 v9324 - Populacao residente estimada,estimativa_oficial_sidra,19830
3301108,330110,Cantagalo,Serrana,2013,19825,SIDRA 6579 v9324 - Populacao residente estimada,estimativa_oficial_sidra,19825
3301108,330110,Cantagalo,Serrana,2014,19792,SIDRA 6579 v9324 - Populacao residente estimada,estimativa_oficial_sidra,19792
3301108,330110,Cantagalo,Serrana,2015,19759,SIDRA 6579 v9324 - Populacao residente estimada,estimativa_oficial_sidra,19759
3301108,330110,Cantagalo,Serrana,2016,19727,SIDRA 6579 v9324 - Populacao residente estimada,estimativa_oficial_sidra,19727
3301108,330110,Cantagalo,Serrana,2017,19697,SIDRA 6579 v9324 - Populacao residente estimada,estimativa_oficial_sidra,19697
3301108,330110,Cantagalo,Serrana,2018,20177,SIDRA 6579 v9324 - Populacao residente estimada,estimativa_oficial_sidra,20177
3301108,330110,Cantagalo,Serrana,2019,20172,SIDRA 6579 v9324 - Populacao residente estimada,estimativa_oficial_sidra,20172
3301108,330110,Cantagalo,Serrana,2020,20168,SIDRA 6579 v9324 - Populacao residente estimada,estimativa_oficial_sidra,20168
3301108,330110,Cantagalo,Serrana,2021,20163,SIDRA 6579 v9324 - Populacao residente estimada,estimativa_oficial_sidra,20163
3301108,330110,Cantagalo,Serrana,2022,19390,"SIDRA 4714 v93 - Censo Demografico 2022, Populacao residente",censo_2022_oficial_sidra,19390
3301108,330110,Cantagalo,Serrana,2023,19693,Interpolacao linear entre observacoes oficiais SIDRA disponiveis,interpolado_por_falta_de_observacao_sidra_no_ano,
3301108,330110,Cantagalo,Serrana,2024,19996,SIDRA 6579 v9324 - Populacao residente estimada,estimativa_oficial_sidra,19996
3301108,330110,Cantagalo,Serrana,2025,19995,SIDRA 6579 v9324 - Populacao residente estimada,estimativa_oficial_sidra,19995
3301157,330115,Cardoso Moreira,Noroeste,2010,12601,Interpolacao linear entre observacoes oficiais SIDRA disponiveis,interpolado_por_falta_de_observacao_sidra_no_ano,
3301157,330115,Cardoso Moreira,Noroeste,2011,12601,SIDRA 6579 v9324 - Populacao residente estimada,estimativa_oficial_sidra,12601
3301157,330115,Cardoso Moreira,Noroeste,2012,12601,SIDRA 6579 v9324 - Populacao residente estimada,estimativa_oficial_sidra,12601
3301157,330115,Cardoso Moreira,Noroeste,2013,12599,SIDRA 6579 v9324 - Populacao residente estimada,estimativa_oficial_sidra,12599
3301157,330115,Cardoso Moreira,Noroeste,2014,12578,SIDRA 6579 v9324 - Populacao residente estimada,estimativa_oficial_sidra,12578
3301157,330115,Cardoso Moreira,Noroeste,2015,12558,SIDRA 6579 v9324 - Populacao residente estimada,estimativa_oficial_sidra,12558
3301157,330115,Cardoso Moreira,Noroeste,2016,12538,SIDRA 6579 v9324 - Populacao residente estimada,estimativa_oficial_sidra,12538
3301157,330115,Cardoso Moreira,Noroeste,2017,12519,SIDRA 6579 v9324 - Populacao residente estimada,estimativa_oficial_sidra,12519
3301157,330115,Cardoso Moreira,Noroeste,2018,12826,SIDRA 6579 v9324 - Populacao residente estimada,estimativa_oficial_sidra,12826
3301157,330115,Cardoso Moreira,Noroeste,2019,12823,SIDRA 6579 v9324 - Populacao residente estimada,estimativa_oficial_sidra,12823
3301157,330115,Cardoso Moreira,Noroeste,2020,12821,SIDRA 6579 v9324 - Populacao residente estimada,estimativa_oficial_sidra,12821
3301157,330115,Cardoso Moreira,Noroeste,2021,12818,SIDRA 6579 v9324 - Populacao residente estimada,estimativa_oficial_sidra,12818
3301157,330115,Cardoso Moreira,Noroeste,2022,12958,"SIDRA 4714 v93 - Censo Demografico 2022, Populacao residente",censo_2022_oficial_sidra,12958
3301157,330115,Cardoso Moreira,Noroeste,2023,13180.5,Interpolacao linear entre observacoes oficiais SIDRA disponiveis,interpolado_por_falta_de_observacao_sidra_no_ano,
3301157,330115,Cardoso Moreira,Noroeste,2024,13403,SIDRA 6579 v9324 - Populacao residente estimada,estimativa_oficial_sidra,13403
3301157,330115,Cardoso Moreira,Noroeste,2025,13407,SIDRA 6579 v9324 - Populacao residente estimada,estimativa_oficial_sidra,13407
3301207,330120,Carmo,Serrana,2010,17599,Interpolacao linear entre observacoes oficiais SIDRA disponiveis,interpolado_por_falta_de_observacao_sidra_no_ano,
3301207,330120,Carmo,Serrana,2011,17599,SIDRA 6579 v9324 - Populacao residente estimada,estimativa_oficial_sidra,17599
3301207,330120,Carmo,Serrana,2012,17758,SIDRA 6579 v9324 - Populacao residente estimada,estimativa_oficial_sidra,17758
3301207,330120,Carmo,Serrana,2013,17944,SIDRA 6579 v9324 - Populacao residente estimada,estimativa_oficial_sidra,17944
3301207,330120,Carmo,Serrana,2014,18074,SIDRA 6579 v9324 - Populacao residente estimada,estimativa_oficial_sidra,18074
3301207,330120,Carmo,Serrana,2015,18200,SIDRA 6579 v9324 - Populacao residente estimada,estimativa_oficial_sidra,18200
3301207,330120,Carmo,Serrana,2016,18322,SIDRA 6579 v9324 - Populacao residente estimada,estimativa_oficial_sidra,18322
3301207,330120,Carmo,Serrana,2017,18264,SIDRA 6579 v9324 - Populacao residente estimada,estimativa_oficial_sidra,18264
3301207,330120,Carmo,Serrana,2018,18755,SIDRA 6579 v9324 - Populacao residente estimada,estimativa_oficial_sidra,18755
3301207,330120,Carmo,Serrana,2019,18895,SIDRA 6579 v9324 - Populacao residente estimada,estimativa_oficial_sidra,18895
3301207,330120,Carmo,Serrana,2020,19030,SIDRA 6579 v9324 - Populacao residente estimada,estimativa_oficial_sidra,19030
3301207,330120,Carmo,Serrana,2021,19161,SIDRA 6579 v9324 - Populacao residente estimada,estimativa_oficial_sidra,19161
3301207,330120,Carmo,Serrana,2022,17198,"SIDRA 4714 v93 - Censo Demografico 2022, Populacao residente",censo_2022_oficial_sidra,17198
3301207,330120,Carmo,Serrana,2023,17469,Interpolacao linear entre observacoes oficiais SIDRA disponiveis,interpolado_por_falta_de_observacao_sidra_no_ano,
3301207,330120,Carmo,Serrana,2024,17740,SIDRA 6579 v9324 - Populacao residente estimada,estimativa_oficial_sidra,17740
3301207,330120,Carmo,Serrana,2025,17741,SIDRA 6579 v9324 - Populacao residente estimada,estimativa_oficial_sidra,17741
3301306,330130,Casimiro de Abreu,Baixada Litoranea,2010,36360,Interpolacao linear entre observacoes oficiais SIDRA disponiveis,interpolado_por_falta_de_observacao_sidra_no_ano,
3301306,330130,Casimiro de Abreu,Baixada Litoranea,2011,36360,SIDRA 6579 v9324 - Populacao residente estimada,estimativa_oficial_sidra,36360
3301306,330130,Casimiro de Abreu,Baixada Litoranea,2012,37340,SIDRA 6579 v9324 - Populacao residente estimada,estimativa_oficial_sidra,37340
3301306,330130,Casimiro de Abreu,Baixada Litoranea,2013,38492,SIDRA 6579 v9324 - Populacao residente estimada,estimativa_oficial_sidra,38492
3301306,330130,Casimiro de Abreu,Baixada Litoranea,2014,39414,SIDRA 6579 v9324 - Populacao residente estimada,estimativa_oficial_sidra,39414
3301306,330130,Casimiro de Abreu,Baixada Litoranea,2015,40305,SIDRA 6579 v9324 - Populacao residente estimada,estimativa_oficial_sidra,40305
3301306,330130,Casimiro de Abreu,Baixada Litoranea,2016,41167,SIDRA 6579 v9324 - Populacao residente estimada,estimativa_oficial_sidra,41167
3301306,330130,Casimiro de Abreu,Baixada Litoranea,2017,41999,SIDRA 6579 v9324 - Populacao residente estimada,estimativa_oficial_sidra,41999
3301306,330130,Casimiro de Abreu,Baixada Litoranea,2018,43295,SIDRA 6579 v9324 - Populacao residente estimada,estimativa_oficial_sidra,43295
3301306,330130,Casimiro de Abreu,Baixada Litoranea,2019,44184,SIDRA 6579 v9324 - Populacao residente estimada,estimativa_oficial_sidra,44184
3301306,330130,Casimiro de Abreu,Baixada Litoranea,2020,45041,SIDRA 6579 v9324 - Populacao residente estimada,estimativa_oficial_sidra,45041
3301306,330130,Casimiro de Abreu,Baixada Litoranea,2021,45864,SIDRA 6579 v9324 - Populacao residente estimada,estimativa_oficial_sidra,45864
3301306,330130,Casimiro de Abreu,Baixada Litoranea,2022,46110,"SIDRA 4714 v93 - Censo Demografico 2022, Populacao residente",censo_2022_oficial_sidra,46110
3301306,330130,Casimiro de Abreu,Baixada Litoranea,2023,47336.5,Interpolacao linear entre observacoes oficiais SIDRA disponiveis,interpolado_por_falta_de_observacao_sidra_no_ano,
3301306,330130,Casimiro de Abreu,Baixada Litoranea,2024,48563,SIDRA 6579 v9324 - Populacao residente estimada,estimativa_oficial_sidra,48563
3301306,330130,Casimiro de Abreu,Baixada Litoranea,2025,48636,SIDRA 6579 v9324 - Populacao residente estimada,estimativa_oficial_sidra,48636
3301405,330140,Conceição de Macabu,Norte,2010,21416,Interpolacao linear entre observacoes oficiais SIDRA disponiveis,interpolado_por_falta_de_observacao_sidra_no_ano,
3301405,330140,Conceição de Macabu,Norte,2011,21416,SIDRA 6579 v9324 - Populacao residente estimada,estimativa_oficial_sidra,21416
3301405,330140,Conceição de Macabu,Norte,2012,21613,SIDRA 6579 v9324 - Populacao residente estimada,estimativa_oficial_sidra,21613
3301405,330140,Conceição de Macabu,Norte,2013,21844,SIDRA 6579 v9324 - Populacao residente estimada,estimativa_oficial_sidra,21844
3301405,330140,Conceição de Macabu,Norte,2014,22006,SIDRA 6579 v9324 - Populacao residente estimada,estimativa_oficial_sidra,22006
3301405,330140,Conceição de Macabu,Norte,2015,22163,SIDRA 6579 v9324 - Populacao residente estimada,estimativa_oficial_sidra,22163
3301405,330140,Conceição de Macabu,Norte,2016,22315,SIDRA 6579 v9324 - Populacao residente estimada,estimativa_oficial_sidra,22315
3301405,330140,Conceição de Macabu,Norte,2017,22461,SIDRA 6579 v9324 - Populacao residente estimada,estimativa_oficial_sidra,22461
3301405,330140,Conceição de Macabu,Norte,2018,23064,SIDRA 6579 v9324 - Populacao residente estimada,estimativa_oficial_sidra,23064
3301405,330140,Conceição de Macabu,Norte,2019,23228,SIDRA 6579 v9324 - Populacao residente estimada,estimativa_oficial_sidra,23228
3301405,330140,Conceição de Macabu,Norte,2020,23398,SIDRA 6579 v9324 - Populacao residente estimada,estimativa_oficial_sidra,23398
3301405,330140,Conceição de Macabu,Norte,2021,23561,SIDRA 6579 v9324 - Populacao residente estimada,estimativa_oficial_sidra,23561
3301405,330140,Conceição de Macabu,Norte,2022,21104,"SIDRA 4714 v93 - Censo Demografico 2022, Populacao residente",censo_2022_oficial_sidra,21104
3301405,330140,Conceição de Macabu,Norte,2023,21436.5,Interpolacao linear entre observacoes oficiais SIDRA disponiveis,interpolado_por_falta_de_observacao_sidra_no_ano,
3301405,330140,Conceição de Macabu,Norte,2024,21769,SIDRA 6579 v9324 - Populacao residente estimada,estimativa_oficial_sidra,21769
3301405,330140,Conceição de Macabu,Norte,2025,21770,SIDRA 6579 v9324 - Populacao residente estimada,estimativa_oficial_sidra,21770
3301504,330150,Cordeiro,Serrana,2010,20571,Interpolacao linear entre observacoes oficiais SIDRA disponiveis,interpolado_por_falta_de_observacao_sidra_no_ano,
3301504,330150,Cordeiro,Serrana,2011,20571,SIDRA 6579 v9324 - Populacao residente estimada,estimativa_oficial_sidra,20571
3301504,330150,Cordeiro,Serrana,2012,20707,SIDRA 6579 v9324 - Populacao residente estimada,estimativa_oficial_sidra,20707
3301504,330150,Cordeiro,Serrana,2013,20863,SIDRA 6579 v9324 - Populacao residente estimada,estimativa_oficial_sidra,20863
3301504,330150,Cordeiro,Serrana,2014,20965,SIDRA 6579 v9324 - Populacao residente estimada,estimativa_oficial_sidra,20965
3301504,330150,Cordeiro,Serrana,2015,21063,SIDRA 6579 v9324 - Populacao residente estimada,estimativa_oficial_sidra,21063
3301504,330150,Cordeiro,Serrana,2016,21158,SIDRA 6579 v9324 - Populacao residente estimada,estimativa_oficial_sidra,21158
3301504,330150,Cordeiro,Serrana,2017,21250,SIDRA 6579 v9324 - Populacao residente estimada,estimativa_oficial_sidra,21250
3301504,330150,Cordeiro,Serrana,2018,21806,SIDRA 6579 v9324 - Populacao residente estimada,estimativa_oficial_sidra,21806
3301504,330150,Cordeiro,Serrana,2019,21926,SIDRA 6579 v9324 - Populacao residente estimada,estimativa_oficial_sidra,21926
3301504,330150,Cordeiro,Serrana,2020,22041,SIDRA 6579 v9324 - Populacao residente estimada,estimativa_oficial_sidra,22041
3301504,330150,Cordeiro,Serrana,2021,22152,SIDRA 6579 v9324 - Populacao residente estimada,estimativa_oficial_sidra,22152
3301504,330150,Cordeiro,Serrana,2022,20783,"SIDRA 4714 v93 - Censo Demografico 2022, Populacao residente",censo_2022_oficial_sidra,20783
3301504,330150,Cordeiro,Serrana,2023,21113.5,Interpolacao linear entre observacoes oficiais SIDRA disponiveis,interpolado_por_falta_de_observacao_sidra_no_ano,
3301504,330150,Cordeiro,Serrana,2024,21444,SIDRA 6579 v9324 - Populacao residente estimada,estimativa_oficial_sidra,21444
3301504,330150,Cordeiro,Serrana,2025,21448,SIDRA 6579 v9324 - Populacao residente estimada,estimativa_oficial_sidra,21448
3301603,330160,Duas Barras,Serrana,2010,10976,Interpolacao linear entre observacoes oficiais SIDRA disponiveis,interpolado_por_falta_de_observacao_sidra_no_ano,
3301603,330160,Duas Barras,Serrana,2011,10976,SIDRA 6579 v9324 - Populacao residente estimada,estimativa_oficial_sidra,10976
3301603,330160,Duas Barras,Serrana,2012,11020,SIDRA 6579 v9324 - Populacao residente estimada,estimativa_oficial_sidra,11020
3301603,330160,Duas Barras,Serrana,2013,11070,SIDRA 6579 v9324 - Populacao residente estimada,estimativa_oficial_sidra,11070
3301603,330160,Duas Barras,Serrana,2014,11096,SIDRA 6579 v9324 - Populacao residente estimada,estimativa_oficial_sidra,11096
3301603,330160,Duas Barras,Serrana,2015,11121,SIDRA 6579 v9324 - Populacao residente estimada,estimativa_oficial_sidra,11121
3301603,330160,Duas Barras,Serrana,2016,11145,SIDRA 6579 v9324 - Populacao residente estimada,estimativa_oficial_sidra,11145
3301603,330160,Duas Barras,Serrana,2017,11169,SIDRA 6579 v9324 - Populacao residente estimada,estimativa_oficial_sidra,11169
3301603,330160,Duas Barras,Serrana,2018,11454,SIDRA 6579 v9324 - Populacao residente estimada,estimativa_oficial_sidra,11454
3301603,330160,Duas Barras,Serrana,2019,11492,SIDRA 6579 v9324 - Populacao residente estimada,estimativa_oficial_sidra,11492
3301603,330160,Duas Barras,Serrana,2020,11528,SIDRA 6579 v9324 - Populacao residente estimada,estimativa_oficial_sidra,11528
3301603,330160,Duas Barras,Serrana,2021,11563,SIDRA 6579 v9324 - Populacao residente estimada,estimativa_oficial_sidra,11563
3301603,330160,Duas Barras,Serrana,2022,10980,"SIDRA 4714 v93 - Censo Demografico 2022, Populacao residente",censo_2022_oficial_sidra,10980
3301603,330160,Duas Barras,Serrana,2023,11167,Interpolacao linear entre observacoes oficiais SIDRA disponiveis,interpolado_por_falta_de_observacao_sidra_no_ano,
3301603,330160,Duas Barras,Serrana,2024,11354,SIDRA 6579 v9324 - Populacao residente estimada,estimativa_oficial_sidra,11354
3301603,330160,Duas Barras,Serrana,2025,11355,SIDRA 6579 v9324 - Populacao residente estimada,estimativa_oficial_sidra,11355
3301702,330170,Duque de Caxias,Metropolitana I,2010,861158,Interpolacao linear entre observacoes oficiais SIDRA disponiveis,interpolado_por_falta_de_observacao_sidra_no_ano,
3301702,330170,Duque de Caxias,Metropolitana I,2011,861158,SIDRA 6579 v9324 - Populacao residente estimada,estimativa_oficial_sidra,861158
3301702,330170,Duque de Caxias,Metropolitana I,2012,867067,SIDRA 6579 v9324 - Populacao residente estimada,estimativa_oficial_sidra,867067
3301702,330170,Duque de Caxias,Metropolitana I,2013,873921,SIDRA 6579 v9324 - Populacao residente estimada,estimativa_oficial_sidra,873921
3301702,330170,Duque de Caxias,Metropolitana I,2014,878402,SIDRA 6579 v9324 - Populacao residente estimada,estimativa_oficial_sidra,878402
3301702,330170,Duque de Caxias,Metropolitana I,2015,882729,SIDRA 6579 v9324 - Populacao residente estimada,estimativa_oficial_sidra,882729
3301702,330170,Duque de Caxias,Metropolitana I,2016,886917,SIDRA 6579 v9324 - Populacao residente estimada,estimativa_oficial_sidra,886917
3301702,330170,Duque de Caxias,Metropolitana I,2017,890997,SIDRA 6579 v9324 - Populacao residente estimada,estimativa_oficial_sidra,890997
3301702,330170,Duque de Caxias,Metropolitana I,2018,914383,SIDRA 6579 v9324 - Populacao residente estimada,estimativa_oficial_sidra,914383
3301702,330170,Duque de Caxias,Metropolitana I,2019,919596,SIDRA 6579 v9324 - Populacao residente estimada,estimativa_oficial_sidra,919596
3301702,330170,Duque de Caxias,Metropolitana I,2020,924624,SIDRA 6579 v9324 - Populacao residente estimada,estimativa_oficial_sidra,924624
3301702,330170,Duque de Caxias,Metropolitana I,2021,929449,SIDRA 6579 v9324 - Populacao residente estimada,estimativa_oficial_sidra,929449
3301702,330170,Duque de Caxias,Metropolitana I,2022,808161,"SIDRA 4714 v93 - Censo Demografico 2022, Populacao residente",censo_2022_oficial_sidra,808161
3301702,330170,Duque de Caxias,Metropolitana I,2023,837254,Interpolacao linear entre observacoes oficiais SIDRA disponiveis,interpolado_por_falta_de_observacao_sidra_no_ano,
3301702,330170,Duque de Caxias,Metropolitana I,2024,866347,SIDRA 6579 v9324 - Populacao residente estimada,estimativa_oficial_sidra,866347
3301702,330170,Duque de Caxias,Metropolitana I,2025,866225,SIDRA 6579 v9324 - Populacao residente estimada,estimativa_oficial_sidra,866225
3301801,330180,Engenheiro Paulo de Frontin,Centro-Sul,2010,13324,Interpolacao linear entre observacoes oficiais SIDRA disponiveis,interpolado_por_falta_de_observacao_sidra_no_ano,
3301801,330180,Engenheiro Paulo de Frontin,Centro-Sul,2011,13324,SIDRA 6579 v9324 - Populacao residente estimada,estimativa_oficial_sidra,13324
3301801,330180,Engenheiro Paulo de Frontin,Centro-Sul,2012,13408,SIDRA 6579 v9324 - Populacao residente estimada,estimativa_oficial_sidra,13408
3301801,330180,Engenheiro Paulo de Frontin,Centro-Sul,2013,13505,SIDRA 6579 v9324 - Populacao residente estimada,estimativa_oficial_sidra,13505
3301801,330180,Engenheiro Paulo de Frontin,Centro-Sul,2014,13566,SIDRA 6579 v9324 - Populacao residente estimada,estimativa_oficial_sidra,13566
3301801,330180,Engenheiro Paulo de Frontin,Centro-Sul,2015,13626,SIDRA 6579 v9324 - Populacao residente estimada,estimativa_oficial_sidra,13626
3301801,330180,Engenheiro Paulo de Frontin,Centro-Sul,2016,13521,SIDRA 6579 v9324 - Populacao residente estimada,estimativa_oficial_sidra,13521
3301801,330180,Engenheiro Paulo de Frontin,Centro-Sul,2017,13576,SIDRA 6579 v9324 - Populacao residente estimada,estimativa_oficial_sidra,13576
3301801,330180,Engenheiro Paulo de Frontin,Centro-Sul,2018,13929,SIDRA 6579 v9324 - Populacao residente estimada,estimativa_oficial_sidra,13929
3301801,330180,Engenheiro Paulo de Frontin,Centro-Sul,2019,14002,SIDRA 6579 v9324 - Populacao residente estimada,estimativa_oficial_sidra,14002
3301801,330180,Engenheiro Paulo de Frontin,Centro-Sul,2020,14071,SIDRA 6579 v9324 - Populacao residente estimada,estimativa_oficial_sidra,14071
3301801,330180,Engenheiro Paulo de Frontin,Centro-Sul,2021,14138,SIDRA 6579 v9324 - Populacao residente estimada,estimativa_oficial_sidra,14138
3301801,330180,Engenheiro Paulo de Frontin,Centro-Sul,2022,12242,"SIDRA 4714 v93 - Censo Demografico 2022, Populacao residente",censo_2022_oficial_sidra,12242
3301801,330180,Engenheiro Paulo de Frontin,Centro-Sul,2023,12445,Interpolacao linear entre observacoes oficiais SIDRA disponiveis,interpolado_por_falta_de_observacao_sidra_no_ano,
3301801,330180,Engenheiro Paulo de Frontin,Centro-Sul,2024,12648,SIDRA 6579 v9324 - Populacao residente estimada,estimativa_oficial_sidra,12648
3301801,330180,Engenheiro Paulo de Frontin,Centro-Sul,2025,12644,SIDRA 6579 v9324 - Populacao residente estimada,estimativa_oficial_sidra,12644
3301850,330185,Guapimirim,Serrana,2010,52522,Interpolacao linear entre observacoes oficiais SIDRA disponiveis,interpolado_por_falta_de_observacao_sidra_no_ano,
3301850,330185,Guapimirim,Serrana,2011,52522,SIDRA 6579 v9324 - Populacao residente estimada,estimativa_oficial_sidra,52522
3301850,330185,Guapimirim,Serrana,2012,53527,SIDRA 6579 v9324 - Populacao residente estimada,estimativa_oficial_sidra,53527
3301850,330185,Guapimirim,Serrana,2013,54706,SIDRA 6579 v9324 - Populacao residente estimada,estimativa_oficial_sidra,54706
3301850,330185,Guapimirim,Serrana,2014,55626,SIDRA 6579 v9324 - Populacao residente estimada,estimativa_oficial_sidra,55626
3301850,330185,Guapimirim,Serrana,2015,56515,SIDRA 6579 v9324 - Populacao residente estimada,estimativa_oficial_sidra,56515
3301850,330185,Guapimirim,Serrana,2016,57105,SIDRA 6579 v9324 - Populacao residente estimada,estimativa_oficial_sidra,57105
3301850,330185,Guapimirim,Serrana,2017,57921,SIDRA 6579 v9324 - Populacao residente estimada,estimativa_oficial_sidra,57921
3301850,330185,Guapimirim,Serrana,2018,59613,SIDRA 6579 v9324 - Populacao residente estimada,estimativa_oficial_sidra,59613
3301850,330185,Guapimirim,Serrana,2019,60517,SIDRA 6579 v9324 - Populacao residente estimada,estimativa_oficial_sidra,60517
3301850,330185,Guapimirim,Serrana,2020,61388,SIDRA 6579 v9324 - Populacao residente estimada,estimativa_oficial_sidra,61388
3301850,330185,Guapimirim,Serrana,2021,62225,SIDRA 6579 v9324 - Populacao residente estimada,estimativa_oficial_sidra,62225
3301850,330185,Guapimirim,Serrana,2022,51696,"SIDRA 4714 v93 - Censo Demografico 2022, Populacao residente",censo_2022_oficial_sidra,51696
3301850,330185,Guapimirim,Serrana,2023,52998,Interpolacao linear entre observacoes oficiais SIDRA disponiveis,interpolado_por_falta_de_observacao_sidra_no_ano,
3301850,330185,Guapimirim,Serrana,2024,54300,SIDRA 6579 v9324 - Populacao residente estimada,estimativa_oficial_sidra,54300
3301850,330185,Guapimirim,Serrana,2025,54311,SIDRA 6579 v9324 - Populacao residente estimada,estimativa_oficial_sidra,54311
3301876,330187,Iguaba Grande,Baixada Litoranea,2010,23475,Interpolacao linear entre observacoes oficiais SIDRA disponiveis,interpolado_por_falta_de_observacao_sidra_no_ano,
3301876,330187,Iguaba Grande,Baixada Litoranea,2011,23475,SIDRA 6579 v9324 - Populacao residente estimada,estimativa_oficial_sidra,23475
3301876,330187,Iguaba Grande,Baixada Litoranea,2012,24079,SIDRA 6579 v9324 - Populacao residente estimada,estimativa_oficial_sidra,24079
3301876,330187,Iguaba Grande,Baixada Litoranea,2013,24788,SIDRA 6579 v9324 - Populacao residente estimada,estimativa_oficial_sidra,24788
3301876,330187,Iguaba Grande,Baixada Litoranea,2014,25354,SIDRA 6579 v9324 - Populacao residente estimada,estimativa_oficial_sidra,25354
3301876,330187,Iguaba Grande,Baixada Litoranea,2015,25901,SIDRA 6579 v9324 - Populacao residente estimada,estimativa_oficial_sidra,25901
3301876,330187,Iguaba Grande,Baixada Litoranea,2016,26430,SIDRA 6579 v9324 - Populacao residente estimada,estimativa_oficial_sidra,26430
3301876,330187,Iguaba Grande,Baixada Litoranea,2017,26936,SIDRA 6579 v9324 - Populacao residente estimada,estimativa_oficial_sidra,26936
3301876,330187,Iguaba Grande,Baixada Litoranea,2018,27762,SIDRA 6579 v9324 - Populacao residente estimada,estimativa_oficial_sidra,27762
3301876,330187,Iguaba Grande,Baixada Litoranea,2019,28310,SIDRA 6579 v9324 - Populacao residente estimada,estimativa_oficial_sidra,28310
3301876,330187,Iguaba Grande,Baixada Litoranea,2020,28837,SIDRA 6579 v9324 - Populacao residente estimada,estimativa_oficial_sidra,28837
3301876,330187,Iguaba Grande,Baixada Litoranea,2021,29344,SIDRA 6579 v9324 - Populacao residente estimada,estimativa_oficial_sidra,29344
3301876,330187,Iguaba Grande,Baixada Litoranea,2022,27920,"SIDRA 4714 v93 - Censo Demografico 2022, Populacao residente",censo_2022_oficial_sidra,27920
3301876,330187,Iguaba Grande,Baixada Litoranea,2023,28748.5,Interpolacao linear entre observacoes oficiais SIDRA disponiveis,interpolado_por_falta_de_observacao_sidra_no_ano,
3301876,330187,Iguaba Grande,Baixada Litoranea,2024,29577,SIDRA 6579 v9324 - Populacao residente estimada,estimativa_oficial_sidra,29577
3301876,330187,Iguaba Grande,Baixada Litoranea,2025,29616,SIDRA 6579 v9324 - Populacao residente estimada,estimativa_oficial_sidra,29616
3301900,330190,Itaboraí,Metropolitana II,2010,220352,Interpolacao linear entre observacoes oficiais SIDRA disponiveis,interpolado_por_falta_de_observacao_sidra_no_ano,
3301900,330190,Itaboraí,Metropolitana II,2011,220352,SIDRA 6579 v9324 - Populacao residente estimada,estimativa_oficial_sidra,220352
3301900,330190,Itaboraí,Metropolitana II,2012,222618,SIDRA 6579 v9324 - Populacao residente estimada,estimativa_oficial_sidra,222618
3301900,330190,Itaboraí,Metropolitana II,2013,225263,SIDRA 6579 v9324 - Populacao residente estimada,estimativa_oficial_sidra,225263
3301900,330190,Itaboraí,Metropolitana II,2014,227168,SIDRA 6579 v9324 - Populacao residente estimada,estimativa_oficial_sidra,227168
3301900,330190,Itaboraí,Metropolitana II,2015,229007,SIDRA 6579 v9324 - Populacao residente estimada,estimativa_oficial_sidra,229007
3301900,330190,Itaboraí,Metropolitana II,2016,230786,SIDRA 6579 v9324 - Populacao residente estimada,estimativa_oficial_sidra,230786
3301900,330190,Itaboraí,Metropolitana II,2017,232394,SIDRA 6579 v9324 - Populacao residente estimada,estimativa_oficial_sidra,232394
3301900,330190,Itaboraí,Metropolitana II,2018,238695,SIDRA 6579 v9324 - Populacao residente estimada,estimativa_oficial_sidra,238695
3301900,330190,Itaboraí,Metropolitana II,2019,240592,SIDRA 6579 v9324 - Populacao residente estimada,estimativa_oficial_sidra,240592
3301900,330190,Itaboraí,Metropolitana II,2020,242543,SIDRA 6579 v9324 - Populacao residente estimada,estimativa_oficial_sidra,242543
3301900,330190,Itaboraí,Metropolitana II,2021,244416,SIDRA 6579 v9324 - Populacao residente estimada,estimativa_oficial_sidra,244416
3301900,330190,Itaboraí,Metropolitana II,2022,224267,"SIDRA 4714 v93 - Censo Demografico 2022, Populacao residente",censo_2022_oficial_sidra,224267
3301900,330190,Itaboraí,Metropolitana II,2023,232153.5,Interpolacao linear entre observacoes oficiais SIDRA disponiveis,interpolado_por_falta_de_observacao_sidra_no_ano,
3301900,330190,Itaboraí,Metropolitana II,2024,240040,SIDRA 6579 v9324 - Populacao residente estimada,estimativa_oficial_sidra,240040
3301900,330190,Itaboraí,Metropolitana II,2025,240127,SIDRA 6579 v9324 - Populacao residente estimada,estimativa_oficial_sidra,240127
3302007,330200,Itaguaí,Metropolitana I,2010,111171,Interpolacao linear entre observacoes oficiais SIDRA disponiveis,interpolado_por_falta_de_observacao_sidra_no_ano,
3302007,330200,Itaguaí,Metropolitana I,2011,111171,SIDRA 6579 v9324 - Populacao residente estimada,estimativa_oficial_sidra,111171
3302007,330200,Itaguaí,Metropolitana I,2012,113182,SIDRA 6579 v9324 - Populacao residente estimada,estimativa_oficial_sidra,113182
3302007,330200,Itaguaí,Metropolitana I,2013,115542,SIDRA 6579 v9324 - Populacao residente estimada,estimativa_oficial_sidra,115542
3302007,330200,Itaguaí,Metropolitana I,2014,117374,SIDRA 6579 v9324 - Populacao residente estimada,estimativa_oficial_sidra,117374
3302007,330200,Itaguaí,Metropolitana I,2015,119143,SIDRA 6579 v9324 - Populacao residente estimada,estimativa_oficial_sidra,119143
3302007,330200,Itaguaí,Metropolitana I,2016,120855,SIDRA 6579 v9324 - Populacao residente estimada,estimativa_oficial_sidra,120855
3302007,330200,Itaguaí,Metropolitana I,2017,122369,SIDRA 6579 v9324 - Populacao residente estimada,estimativa_oficial_sidra,122369
3302007,330200,Itaguaí,Metropolitana I,2018,125913,SIDRA 6579 v9324 - Populacao residente estimada,estimativa_oficial_sidra,125913
3302007,330200,Itaguaí,Metropolitana I,2019,133019,SIDRA 6579 v9324 - Populacao residente estimada,estimativa_oficial_sidra,133019
3302007,330200,Itaguaí,Metropolitana I,2020,134819,SIDRA 6579 v9324 - Populacao residente estimada,estimativa_oficial_sidra,134819
3302007,330200,Itaguaí,Metropolitana I,2021,136547,SIDRA 6579 v9324 - Populacao residente estimada,estimativa_oficial_sidra,136547
3302007,330200,Itaguaí,Metropolitana I,2022,116841,"SIDRA 4714 v93 - Censo Demografico 2022, Populacao residente",censo_2022_oficial_sidra,116841
3302007,330200,Itaguaí,Metropolitana I,2023,120410.5,Interpolacao linear entre observacoes oficiais SIDRA disponiveis,interpolado_por_falta_de_observacao_sidra_no_ano,
3302007,330200,Itaguaí,Metropolitana I,2024,123980,SIDRA 6579 v9324 - Populacao residente estimada,estimativa_oficial_sidra,123980
3302007,330200,Itaguaí,Metropolitana I,2025,124021,SIDRA 6579 v9324 - Populacao residente estimada,estimativa_oficial_sidra,124021
3302056,330205,Italva,Noroeste,2010,14174,Interpolacao linear entre observacoes oficiais SIDRA disponiveis,interpolado_por_falta_de_observacao_sidra_no_ano,
3302056,330205,Italva,Noroeste,2011,14174,SIDRA 6579 v9324 - Populacao residente estimada,estimativa_oficial_sidra,14174
3302056,330205,Italva,Noroeste,2012,14281,SIDRA 6579 v9324 - Populacao residente estimada,estimativa_oficial_sidra,14281
3302056,330205,Italva,Noroeste,2013,14405,SIDRA 6579 v9324 - Populacao residente estimada,estimativa_oficial_sidra,14405
3302056,330205,Italva,Noroeste,2014,14489,SIDRA 6579 v9324 - Populacao residente estimada,estimativa_oficial_sidra,14489
3302056,330205,Italva,Noroeste,2015,14569,SIDRA 6579 v9324 - Populacao residente estimada,estimativa_oficial_sidra,14569
3302056,330205,Italva,Noroeste,2016,14647,SIDRA 6579 v9324 - Populacao residente estimada,estimativa_oficial_sidra,14647
3302056,330205,Italva,Noroeste,2017,14723,SIDRA 6579 v9324 - Populacao residente estimada,estimativa_oficial_sidra,14723
3302056,330205,Italva,Noroeste,2018,15113,SIDRA 6579 v9324 - Populacao residente estimada,estimativa_oficial_sidra,15113
3302056,330205,Italva,Noroeste,2019,15207,SIDRA 6579 v9324 - Populacao residente estimada,estimativa_oficial_sidra,15207
3302056,330205,Italva,Noroeste,2020,15299,SIDRA 6579 v9324 - Populacao residente estimada,estimativa_oficial_sidra,15299
3302056,330205,Italva,Noroeste,2021,15387,SIDRA 6579 v9324 - Populacao residente estimada,estimativa_oficial_sidra,15387
3302056,330205,Italva,Noroeste,2022,14073,"SIDRA 4714 v93 - Censo Demografico 2022, Populacao residente",censo_2022_oficial_sidra,14073
3302056,330205,Italva,Noroeste,2023,14295,Interpolacao linear entre observacoes oficiais SIDRA disponiveis,interpolado_por_falta_de_observacao_sidra_no_ano,
3302056,330205,Italva,Noroeste,2024,14517,SIDRA 6579 v9324 - Populacao residente estimada,estimativa_oficial_sidra,14517
3302056,330205,Italva,Noroeste,2025,14518,SIDRA 6579 v9324 - Populacao residente estimada,estimativa_oficial_sidra,14518
3302106,330210,Itaocara,Noroeste,2010,22892,Interpolacao linear entre observacoes oficiais SIDRA disponiveis,interpolado_por_falta_de_observacao_sidra_no_ano,
3302106,330210,Itaocara,Noroeste,2011,22892,SIDRA 6579 v9324 - Populacao residente estimada,estimativa_oficial_sidra,22892
3302106,330210,Itaocara,Noroeste,2012,22884,SIDRA 6579 v9324 - Populacao residente estimada,estimativa_oficial_sidra,22884
3302106,330210,Itaocara,Noroeste,2013,22870,SIDRA 6579 v9324 - Populacao residente estimada,estimativa_oficial_sidra,22870
3302106,330210,Itaocara,Noroeste,2014,22824,SIDRA 6579 v9324 - Populacao residente estimada,estimativa_oficial_sidra,22824
3302106,330210,Itaocara,Noroeste,2015,22779,SIDRA 6579 v9324 - Populacao residente estimada,estimativa_oficial_sidra,22779
3302106,330210,Itaocara,Noroeste,2016,22736,SIDRA 6579 v9324 - Populacao residente estimada,estimativa_oficial_sidra,22736
3302106,330210,Itaocara,Noroeste,2017,22694,SIDRA 6579 v9324 - Populacao residente estimada,estimativa_oficial_sidra,22694
3302106,330210,Itaocara,Noroeste,2018,23247,SIDRA 6579 v9324 - Populacao residente estimada,estimativa_oficial_sidra,23247
3302106,330210,Itaocara,Noroeste,2019,23234,SIDRA 6579 v9324 - Populacao residente estimada,estimativa_oficial_sidra,23234
3302106,330210,Itaocara,Noroeste,2020,23222,SIDRA 6579 v9324 - Populacao residente estimada,estimativa_oficial_sidra,23222
3302106,330210,Itaocara,Noroeste,2021,23211,SIDRA 6579 v9324 - Populacao residente estimada,estimativa_oficial_sidra,23211
3302106,330210,Itaocara,Noroeste,2022,22919,"SIDRA 4714 v93 - Censo Demografico 2022, Populacao residente",censo_2022_oficial_sidra,22919
3302106,330210,Itaocara,Noroeste,2023,23281,Interpolacao linear entre observacoes oficiais SIDRA disponiveis,interpolado_por_falta_de_observacao_sidra_no_ano,
3302106,330210,Itaocara,Noroeste,2024,23643,SIDRA 6579 v9324 - Populacao residente estimada,estimativa_oficial_sidra,23643
3302106,330210,Itaocara,Noroeste,2025,23645,SIDRA 6579 v9324 - Populacao residente estimada,estimativa_oficial_sidra,23645
3302205,330220,Itaperuna,Noroeste,2010,96542,Interpolacao linear entre observacoes oficiais SIDRA disponiveis,interpolado_por_falta_de_observacao_sidra_no_ano,
3302205,330220,Itaperuna,Noroeste,2011,96542,SIDRA 6579 v9324 - Populacao residente estimada,estimativa_oficial_sidra,96542
3302205,330220,Itaperuna,Noroeste,2012,97219,SIDRA 6579 v9324 - Populacao residente estimada,estimativa_oficial_sidra,97219
3302205,330220,Itaperuna,Noroeste,2013,98004,SIDRA 6579 v9324 - Populacao residente estimada,estimativa_oficial_sidra,98004
3302205,330220,Itaperuna,Noroeste,2014,98521,SIDRA 6579 v9324 - Populacao residente estimada,estimativa_oficial_sidra,98521
3302205,330220,Itaperuna,Noroeste,2015,99021,SIDRA 6579 v9324 - Populacao residente estimada,estimativa_oficial_sidra,99021
3302205,330220,Itaperuna,Noroeste,2016,99504,SIDRA 6579 v9324 - Populacao residente estimada,estimativa_oficial_sidra,99504
3302205,330220,Itaperuna,Noroeste,2017,99997,SIDRA 6579 v9324 - Populacao residente estimada,estimativa_oficial_sidra,99997
3302205,330220,Itaperuna,Noroeste,2018,102626,SIDRA 6579 v9324 - Populacao residente estimada,estimativa_oficial_sidra,102626
3302205,330220,Itaperuna,Noroeste,2019,103224,SIDRA 6579 v9324 - Populacao residente estimada,estimativa_oficial_sidra,103224
3302205,330220,Itaperuna,Noroeste,2020,103800,SIDRA 6579 v9324 - Populacao residente estimada,estimativa_oficial_sidra,103800
3302205,330220,Itaperuna,Noroeste,2021,104354,SIDRA 6579 v9324 - Populacao residente estimada,estimativa_oficial_sidra,104354
3302205,330220,Itaperuna,Noroeste,2022,101041,"SIDRA 4714 v93 - Censo Demografico 2022, Populacao residente",censo_2022_oficial_sidra,101041
3302205,330220,Itaperuna,Noroeste,2023,104143.5,Interpolacao linear entre observacoes oficiais SIDRA disponiveis,interpolado_por_falta_de_observacao_sidra_no_ano,
3302205,330220,Itaperuna,Noroeste,2024,107246,SIDRA 6579 v9324 - Populacao residente estimada,estimativa_oficial_sidra,107246
3302205,330220,Itaperuna,Noroeste,2025,107297,SIDRA 6579 v9324 - Populacao residente estimada,estimativa_oficial_sidra,107297
3302254,330225,Itatiaia,Medio Paraiba,2010,29094,Interpolacao linear entre observacoes oficiais SIDRA disponiveis,interpolado_por_falta_de_observacao_sidra_no_ano,
3302254,330225,Itatiaia,Medio Paraiba,2011,29094,SIDRA 6579 v9324 - Populacao residente estimada,estimativa_oficial_sidra,29094
3302254,330225,Itatiaia,Medio Paraiba,2012,29394,SIDRA 6579 v9324 - Populacao residente estimada,estimativa_oficial_sidra,29394
3302254,330225,Itatiaia,Medio Paraiba,2013,29744,SIDRA 6579 v9324 - Populacao residente estimada,estimativa_oficial_sidra,29744
3302254,330225,Itatiaia,Medio Paraiba,2014,29996,SIDRA 6579 v9324 - Populacao residente estimada,estimativa_oficial_sidra,29996
3302254,330225,Itatiaia,Medio Paraiba,2015,30240,SIDRA 6579 v9324 - Populacao residente estimada,estimativa_oficial_sidra,30240
3302254,330225,Itatiaia,Medio Paraiba,2016,30475,SIDRA 6579 v9324 - Populacao residente estimada,estimativa_oficial_sidra,30475
3302254,330225,Itatiaia,Medio Paraiba,2017,30703,SIDRA 6579 v9324 - Populacao residente estimada,estimativa_oficial_sidra,30703
3302254,330225,Itatiaia,Medio Paraiba,2018,31537,SIDRA 6579 v9324 - Populacao residente estimada,estimativa_oficial_sidra,31537
3302254,330225,Itatiaia,Medio Paraiba,2019,31805,SIDRA 6579 v9324 - Populacao residente estimada,estimativa_oficial_sidra,31805
3302254,330225,Itatiaia,Medio Paraiba,2020,32064,SIDRA 6579 v9324 - Populacao residente estimada,estimativa_oficial_sidra,32064
3302254,330225,Itatiaia,Medio Paraiba,2021,32312,SIDRA 6579 v9324 - Populacao residente estimada,estimativa_oficial_sidra,32312
3302254,330225,Itatiaia,Medio Paraiba,2022,30908,"SIDRA 4714 v93 - Censo Demografico 2022, Populacao residente",censo_2022_oficial_sidra,30908
3302254,330225,Itatiaia,Medio Paraiba,2023,31801,Interpolacao linear entre observacoes oficiais SIDRA disponiveis,interpolado_por_falta_de_observacao_sidra_no_ano,
3302254,330225,Itatiaia,Medio Paraiba,2024,32694,SIDRA 6579 v9324 - Populacao residente estimada,estimativa_oficial_sidra,32694
3302254,330225,Itatiaia,Medio Paraiba,2025,32713,SIDRA 6579 v9324 - Populacao residente estimada,estimativa_oficial_sidra,32713
3302270,330227,Japeri,Metropolitana I,2010,96430,Interpolacao linear entre observacoes oficiais SIDRA disponiveis,interpolado_por_falta_de_observacao_sidra_no_ano,
3302270,330227,Japeri,Metropolitana I,2011,96430,SIDRA 6579 v9324 - Populacao residente estimada,estimativa_oficial_sidra,96430
3302270,330227,Japeri,Metropolitana I,2012,97337,SIDRA 6579 v9324 - Populacao residente estimada,estimativa_oficial_sidra,97337
3302270,330227,Japeri,Metropolitana I,2013,98393,SIDRA 6579 v9324 - Populacao residente estimada,estimativa_oficial_sidra,98393
3302270,330227,Japeri,Metropolitana I,2014,99141,SIDRA 6579 v9324 - Populacao residente estimada,estimativa_oficial_sidra,99141
3302270,330227,Japeri,Metropolitana I,2015,99863,SIDRA 6579 v9324 - Populacao residente estimada,estimativa_oficial_sidra,99863
3302270,330227,Japeri,Metropolitana I,2016,100562,SIDRA 6579 v9324 - Populacao residente estimada,estimativa_oficial_sidra,100562
3302270,330227,Japeri,Metropolitana I,2017,101237,SIDRA 6579 v9324 - Populacao residente estimada,estimativa_oficial_sidra,101237
3302270,330227,Japeri,Metropolitana I,2018,103960,SIDRA 6579 v9324 - Populacao residente estimada,estimativa_oficial_sidra,103960
3302270,330227,Japeri,Metropolitana I,2019,104768,SIDRA 6579 v9324 - Populacao residente estimada,estimativa_oficial_sidra,104768
3302270,330227,Japeri,Metropolitana I,2020,105548,SIDRA 6579 v9324 - Populacao residente estimada,estimativa_oficial_sidra,105548
3302270,330227,Japeri,Metropolitana I,2021,106296,SIDRA 6579 v9324 - Populacao residente estimada,estimativa_oficial_sidra,106296
3302270,330227,Japeri,Metropolitana I,2022,96289,"SIDRA 4714 v93 - Censo Demografico 2022, Populacao residente",censo_2022_oficial_sidra,96289
3302270,330227,Japeri,Metropolitana I,2023,99219,Interpolacao linear entre observacoes oficiais SIDRA disponiveis,interpolado_por_falta_de_observacao_sidra_no_ano,
3302270,330227,Japeri,Metropolitana I,2024,102149,SIDRA 6579 v9324 - Populacao residente estimada,estimativa_oficial_sidra,102149
3302270,330227,Japeri,Metropolitana I,2025,102171,SIDRA 6579 v9324 - Populacao residente estimada,estimativa_oficial_sidra,102171
3302304,330230,Laje do Muriaé,Noroeste,2010,7455,Interpolacao linear entre observacoes oficiais SIDRA disponiveis,interpolado_por_falta_de_observacao_sidra_no_ano,
3302304,330230,Laje do Muriaé,Noroeste,2011,7455,SIDRA 6579 v9324 - Populacao residente estimada,estimativa_oficial_sidra,7455
3302304,330230,Laje do Muriaé,Noroeste,2012,7424,SIDRA 6579 v9324 - Populacao residente estimada,estimativa_oficial_sidra,7424
3302304,330230,Laje do Muriaé,Noroeste,2013,7385,SIDRA 6579 v9324 - Populacao residente estimada,estimativa_oficial_sidra,7385
3302304,330230,Laje do Muriaé,Noroeste,2014,7341,SIDRA 6579 v9324 - Populacao residente estimada,estimativa_oficial_sidra,7341
3302304,330230,Laje do Muriaé,Noroeste,2015,7298,SIDRA 6579 v9324 - Populacao residente estimada,estimativa_oficial_sidra,7298
3302304,330230,Laje do Muriaé,Noroeste,2016,7257,SIDRA 6579 v9324 - Populacao residente estimada,estimativa_oficial_sidra,7257
3302304,330230,Laje do Muriaé,Noroeste,2017,7217,SIDRA 6579 v9324 - Populacao residente estimada,estimativa_oficial_sidra,7217
3302304,330230,Laje do Muriaé,Noroeste,2018,7386,SIDRA 6579 v9324 - Populacao residente estimada,estimativa_oficial_sidra,7386
3302304,330230,Laje do Muriaé,Noroeste,2019,7355,SIDRA 6579 v9324 - Populacao residente estimada,estimativa_oficial_sidra,7355
3302304,330230,Laje do Muriaé,Noroeste,2020,7326,SIDRA 6579 v9324 - Populacao residente estimada,estimativa_oficial_sidra,7326
3302304,330230,Laje do Muriaé,Noroeste,2021,7298,SIDRA 6579 v9324 - Populacao residente estimada,estimativa_oficial_sidra,7298
3302304,330230,Laje do Muriaé,Noroeste,2022,7336,"SIDRA 4714 v93 - Censo Demografico 2022, Populacao residente",censo_2022_oficial_sidra,7336
3302304,330230,Laje do Muriaé,Noroeste,2023,7460,Interpolacao linear entre observacoes oficiais SIDRA disponiveis,interpolado_por_falta_de_observacao_sidra_no_ano,
3302304,330230,Laje do Muriaé,Noroeste,2024,7584,SIDRA 6579 v9324 - Populacao residente estimada,estimativa_oficial_sidra,7584
3302304,330230,Laje do Muriaé,Noroeste,2025,7584,SIDRA 6579 v9324 - Populacao residente estimada,estimativa_oficial_sidra,7584
3302403,330240,Macaé,Norte,2010,212433,Interpolacao linear entre observacoes oficiais SIDRA disponiveis,interpolado_por_falta_de_observacao_sidra_no_ano,
3302403,330240,Macaé,Norte,2011,212433,SIDRA 6579 v9324 - Populacao residente estimada,estimativa_oficial_sidra,212433
3302403,330240,Macaé,Norte,2012,217951,SIDRA 6579 v9324 - Populacao residente estimada,estimativa_oficial_sidra,217951
3302403,330240,Macaé,Norte,2013,224442,SIDRA 6579 v9324 - Populacao residente estimada,estimativa_oficial_sidra,224442
3302403,330240,Macaé,Norte,2014,229624,SIDRA 6579 v9324 - Populacao residente estimada,estimativa_oficial_sidra,229624
3302403,330240,Macaé,Norte,2015,234628,SIDRA 6579 v9324 - Populacao residente estimada,estimativa_oficial_sidra,234628
3302403,330240,Macaé,Norte,2016,239471,SIDRA 6579 v9324 - Populacao residente estimada,estimativa_oficial_sidra,239471
3302403,330240,Macaé,Norte,2017,244139,SIDRA 6579 v9324 - Populacao residente estimada,estimativa_oficial_sidra,244139
3302403,330240,Macaé,Norte,2018,251631,SIDRA 6579 v9324 - Populacao residente estimada,estimativa_oficial_sidra,251631
3302403,330240,Macaé,Norte,2019,256672,SIDRA 6579 v9324 - Populacao residente estimada,estimativa_oficial_sidra,256672
3302403,330240,Macaé,Norte,2020,261501,SIDRA 6579 v9324 - Populacao residente estimada,estimativa_oficial_sidra,261501
3302403,330240,Macaé,Norte,2021,266136,SIDRA 6579 v9324 - Populacao residente estimada,estimativa_oficial_sidra,266136
3302403,330240,Macaé,Norte,2022,246391,"SIDRA 4714 v93 - Censo Demografico 2022, Populacao residente",censo_2022_oficial_sidra,246391
3302403,330240,Macaé,Norte,2023,255264.5,Interpolacao linear entre observacoes oficiais SIDRA disponiveis,interpolado_por_falta_de_observacao_sidra_no_ano,
3302403,330240,Macaé,Norte,2024,264138,SIDRA 6579 v9324 - Populacao residente estimada,estimativa_oficial_sidra,264138
3302403,330240,Macaé,Norte,2025,264439,SIDRA 6579 v9324 - Populacao residente estimada,estimativa_oficial_sidra,264439
3302452,330245,Macuco,Serrana,2010,5299,Interpolacao linear entre observacoes oficiais SIDRA disponiveis,interpolado_por_falta_de_observacao_sidra_no_ano,
3302452,330245,Macuco,Serrana,2011,5299,SIDRA 6579 v9324 - Populacao residente estimada,estimativa_oficial_sidra,5299
3302452,330245,Macuco,Serrana,2012,5327,SIDRA 6579 v9324 - Populacao residente estimada,estimativa_oficial_sidra,5327
3302452,330245,Macuco,Serrana,2013,5360,SIDRA 6579 v9324 - Populacao residente estimada,estimativa_oficial_sidra,5360
3302452,330245,Macuco,Serrana,2014,5380,SIDRA 6579 v9324 - Populacao residente estimada,estimativa_oficial_sidra,5380
3302452,330245,Macuco,Serrana,2015,5398,SIDRA 6579 v9324 - Populacao residente estimada,estimativa_oficial_sidra,5398
3302452,330245,Macuco,Serrana,2016,5417,SIDRA 6579 v9324 - Populacao residente estimada,estimativa_oficial_sidra,5417
3302452,330245,Macuco,Serrana,2017,5434,SIDRA 6579 v9324 - Populacao residente estimada,estimativa_oficial_sidra,5434
3302452,330245,Macuco,Serrana,2018,5574,SIDRA 6579 v9324 - Populacao residente estimada,estimativa_oficial_sidra,5574
3302452,330245,Macuco,Serrana,2019,5599,SIDRA 6579 v9324 - Populacao residente estimada,estimativa_oficial_sidra,5599
3302452,330245,Macuco,Serrana,2020,5623,SIDRA 6579 v9324 - Populacao residente estimada,estimativa_oficial_sidra,5623
3302452,330245,Macuco,Serrana,2021,5646,SIDRA 6579 v9324 - Populacao residente estimada,estimativa_oficial_sidra,5646
3302452,330245,Macuco,Serrana,2022,5415,"SIDRA 4714 v93 - Censo Demografico 2022, Populacao residente",censo_2022_oficial_sidra,5415
3302452,330245,Macuco,Serrana,2023,5508,Interpolacao linear entre observacoes oficiais SIDRA disponiveis,interpolado_por_falta_de_observacao_sidra_no_ano,
3302452,330245,Macuco,Serrana,2024,5601,SIDRA 6579 v9324 - Populacao residente estimada,estimativa_oficial_sidra,5601
3302452,330245,Macuco,Serrana,2025,5602,SIDRA 6579 v9324 - Populacao residente estimada,estimativa_oficial_sidra,5602
3302502,330250,Magé,Metropolitana I,2010,228972,Interpolacao linear entre observacoes oficiais SIDRA disponiveis,interpolado_por_falta_de_observacao_sidra_no_ano,
3302502,330250,Magé,Metropolitana I,2011,228972,SIDRA 6579 v9324 - Populacao residente estimada,estimativa_oficial_sidra,228972
3302502,330250,Magé,Metropolitana I,2012,230568,SIDRA 6579 v9324 - Populacao residente estimada,estimativa_oficial_sidra,230568
3302502,330250,Magé,Metropolitana I,2013,232419,SIDRA 6579 v9324 - Populacao residente estimada,estimativa_oficial_sidra,232419
3302502,330250,Magé,Metropolitana I,2014,233634,SIDRA 6579 v9324 - Populacao residente estimada,estimativa_oficial_sidra,233634
3302502,330250,Magé,Metropolitana I,2015,234809,SIDRA 6579 v9324 - Populacao residente estimada,estimativa_oficial_sidra,234809
3302502,330250,Magé,Metropolitana I,2016,236319,SIDRA 6579 v9324 - Populacao residente estimada,estimativa_oficial_sidra,236319
3302502,330250,Magé,Metropolitana I,2017,237420,SIDRA 6579 v9324 - Populacao residente estimada,estimativa_oficial_sidra,237420
3302502,330250,Magé,Metropolitana I,2018,243657,SIDRA 6579 v9324 - Populacao residente estimada,estimativa_oficial_sidra,243657
3302502,330250,Magé,Metropolitana I,2019,245071,SIDRA 6579 v9324 - Populacao residente estimada,estimativa_oficial_sidra,245071
3302502,330250,Magé,Metropolitana I,2020,246433,SIDRA 6579 v9324 - Populacao residente estimada,estimativa_oficial_sidra,246433
3302502,330250,Magé,Metropolitana I,2021,247741,SIDRA 6579 v9324 - Populacao residente estimada,estimativa_oficial_sidra,247741
3302502,330250,Magé,Metropolitana I,2022,228127,"SIDRA 4714 v93 - Censo Demografico 2022, Populacao residente",censo_2022_oficial_sidra,228127
3302502,330250,Magé,Metropolitana I,2023,236109.5,Interpolacao linear entre observacoes oficiais SIDRA disponiveis,interpolado_por_falta_de_observacao_sidra_no_ano,
3302502,330250,Magé,Metropolitana I,2024,244092,SIDRA 6579 v9324 - Populacao residente estimada,estimativa_oficial_sidra,244092
3302502,330250,Magé,Metropolitana I,2025,244142,SIDRA 6579 v9324 - Populacao residente estimada,estimativa_oficial_sidra,244142
3302601,330260,Mangaratiba,Baia da Ilha Grande,2010,37343,Interpolacao linear entre observacoes oficiais SIDRA disponiveis,interpolado_por_falta_de_observacao_sidra_no_ano,
3302601,330260,Mangaratiba,Baia da Ilha Grande,2011,37343,SIDRA 6579 v9324 - Populacao residente estimada,estimativa_oficial_sidra,37343
3302601,330260,Mangaratiba,Baia da Ilha Grande,2012,38201,SIDRA 6579 v9324 - Populacao residente estimada,estimativa_oficial_sidra,38201
3302601,330260,Mangaratiba,Baia da Ilha Grande,2013,39210,SIDRA 6579 v9324 - Populacao residente estimada,estimativa_oficial_sidra,39210
3302601,330260,Mangaratiba,Baia da Ilha Grande,2014,40008,SIDRA 6579 v9324 - Populacao residente estimada,estimativa_oficial_sidra,40008
3302601,330260,Mangaratiba,Baia da Ilha Grande,2015,40779,SIDRA 6579 v9324 - Populacao residente estimada,estimativa_oficial_sidra,40779
3302601,330260,Mangaratiba,Baia da Ilha Grande,2016,41557,SIDRA 6579 v9324 - Populacao residente estimada,estimativa_oficial_sidra,41557
3302601,330260,Mangaratiba,Baia da Ilha Grande,2017,42415,SIDRA 6579 v9324 - Populacao residente estimada,estimativa_oficial_sidra,42415
3302601,330260,Mangaratiba,Baia da Ilha Grande,2018,43689,SIDRA 6579 v9324 - Populacao residente estimada,estimativa_oficial_sidra,43689
3302601,330260,Mangaratiba,Baia da Ilha Grande,2019,44468,SIDRA 6579 v9324 - Populacao residente estimada,estimativa_oficial_sidra,44468
3302601,330260,Mangaratiba,Baia da Ilha Grande,2020,45220,SIDRA 6579 v9324 - Populacao residente estimada,estimativa_oficial_sidra,45220
3302601,330260,Mangaratiba,Baia da Ilha Grande,2021,45941,SIDRA 6579 v9324 - Populacao residente estimada,estimativa_oficial_sidra,45941
3302601,330260,Mangaratiba,Baia da Ilha Grande,2022,41220,"SIDRA 4714 v93 - Censo Demografico 2022, Populacao residente",censo_2022_oficial_sidra,41220
3302601,330260,Mangaratiba,Baia da Ilha Grande,2023,42422,Interpolacao linear entre observacoes oficiais SIDRA disponiveis,interpolado_por_falta_de_observacao_sidra_no_ano,
3302601,330260,Mangaratiba,Baia da Ilha Grande,2024,43624,SIDRA 6579 v9324 - Populacao residente estimada,estimativa_oficial_sidra,43624
3302601,330260,Mangaratiba,Baia da Ilha Grande,2025,43660,SIDRA 6579 v9324 - Populacao residente estimada,estimativa_oficial_sidra,43660
3302700,330270,Maricá,Metropolitana II,2010,131355,Interpolacao linear entre observacoes oficiais SIDRA disponiveis,interpolado_por_falta_de_observacao_sidra_no_ano,
3302700,330270,Maricá,Metropolitana II,2011,131355,SIDRA 6579 v9324 - Populacao residente estimada,estimativa_oficial_sidra,131355
3302700,330270,Maricá,Metropolitana II,2012,135121,SIDRA 6579 v9324 - Populacao residente estimada,estimativa_oficial_sidra,135121
3302700,330270,Maricá,Metropolitana II,2013,139552,SIDRA 6579 v9324 - Populacao residente estimada,estimativa_oficial_sidra,139552
3302700,330270,Maricá,Metropolitana II,2014,143111,SIDRA 6579 v9324 - Populacao residente estimada,estimativa_oficial_sidra,143111
3302700,330270,Maricá,Metropolitana II,2015,146549,SIDRA 6579 v9324 - Populacao residente estimada,estimativa_oficial_sidra,146549
3302700,330270,Maricá,Metropolitana II,2016,149876,SIDRA 6579 v9324 - Populacao residente estimada,estimativa_oficial_sidra,149876
3302700,330270,Maricá,Metropolitana II,2017,153008,SIDRA 6579 v9324 - Populacao residente estimada,estimativa_oficial_sidra,153008
3302700,330270,Maricá,Metropolitana II,2018,157789,SIDRA 6579 v9324 - Populacao residente estimada,estimativa_oficial_sidra,157789
3302700,330270,Maricá,Metropolitana II,2019,161207,SIDRA 6579 v9324 - Populacao residente estimada,estimativa_oficial_sidra,161207
3302700,330270,Maricá,Metropolitana II,2020,164504,SIDRA 6579 v9324 - Populacao residente estimada,estimativa_oficial_sidra,164504
3302700,330270,Maricá,Metropolitana II,2021,167668,SIDRA 6579 v9324 - Populacao residente estimada,estimativa_oficial_sidra,167668
3302700,330270,Maricá,Metropolitana II,2022,197277,"SIDRA 4714 v93 - Censo Demografico 2022, Populacao residente",censo_2022_oficial_sidra,197277
3302700,330270,Maricá,Metropolitana II,2023,204631.5,Interpolacao linear entre observacoes oficiais SIDRA disponiveis,interpolado_por_falta_de_observacao_sidra_no_ano,
3302700,330270,Maricá,Metropolitana II,2024,211986,SIDRA 6579 v9324 - Populacao residente estimada,estimativa_oficial_sidra,211986
3302700,330270,Maricá,Metropolitana II,2025,212470,SIDRA 6579 v9324 - Populacao residente estimada,estimativa_oficial_sidra,212470
3302809,330280,Mendes,Centro-Sul,2010,17981,Interpolacao linear entre observacoes oficiais SIDRA disponiveis,interpolado_por_falta_de_observacao_sidra_no_ano,
3302809,330280,Mendes,Centro-Sul,2011,17981,SIDRA 6579 v9324 - Populacao residente estimada,estimativa_oficial_sidra,17981
3302809,330280,Mendes,Centro-Sul,2012,18024,SIDRA 6579 v9324 - Populacao residente estimada,estimativa_oficial_sidra,18024
3302809,330280,Mendes,Centro-Sul,2013,18072,SIDRA 6579 v9324 - Populacao residente estimada,estimativa_oficial_sidra,18072
3302809,330280,Mendes,Centro-Sul,2014,18086,SIDRA 6579 v9324 - Populacao residente estimada,estimativa_oficial_sidra,18086
3302809,330280,Mendes,Centro-Sul,2015,18099,SIDRA 6579 v9324 - Populacao residente estimada,estimativa_oficial_sidra,18099
3302809,330280,Mendes,Centro-Sul,2016,18111,SIDRA 6579 v9324 - Populacao residente estimada,estimativa_oficial_sidra,18111
3302809,330280,Mendes,Centro-Sul,2017,18123,SIDRA 6579 v9324 - Populacao residente estimada,estimativa_oficial_sidra,18123
3302809,330280,Mendes,Centro-Sul,2018,18578,SIDRA 6579 v9324 - Populacao residente estimada,estimativa_oficial_sidra,18578
3302809,330280,Mendes,Centro-Sul,2019,18614,SIDRA 6579 v9324 - Populacao residente estimada,estimativa_oficial_sidra,18614
3302809,330280,Mendes,Centro-Sul,2020,18648,SIDRA 6579 v9324 - Populacao residente estimada,estimativa_oficial_sidra,18648
3302809,330280,Mendes,Centro-Sul,2021,18681,SIDRA 6579 v9324 - Populacao residente estimada,estimativa_oficial_sidra,18681
3302809,330280,Mendes,Centro-Sul,2022,17502,"SIDRA 4714 v93 - Censo Demografico 2022, Populacao residente",censo_2022_oficial_sidra,17502
3302809,330280,Mendes,Centro-Sul,2023,17775.5,Interpolacao linear entre observacoes oficiais SIDRA disponiveis,interpolado_por_falta_de_observacao_sidra_no_ano,
3302809,330280,Mendes,Centro-Sul,2024,18049,SIDRA 6579 v9324 - Populacao residente estimada,estimativa_oficial_sidra,18049
3302809,330280,Mendes,Centro-Sul,2025,18048,SIDRA 6579 v9324 - Populacao residente estimada,estimativa_oficial_sidra,18048
3302858,330285,Mesquita,Metropolitana I,2010,168966,Interpolacao linear entre observacoes oficiais SIDRA disponiveis,interpolado_por_falta_de_observacao_sidra_no_ano,
3302858,330285,Mesquita,Metropolitana I,2011,168966,SIDRA 6579 v9324 - Populacao residente estimada,estimativa_oficial_sidra,168966
3302858,330285,Mesquita,Metropolitana I,2012,169537,SIDRA 6579 v9324 - Populacao residente estimada,estimativa_oficial_sidra,169537
3302858,330285,Mesquita,Metropolitana I,2013,170185,SIDRA 6579 v9324 - Populacao residente estimada,estimativa_oficial_sidra,170185
3302858,330285,Mesquita,Metropolitana I,2014,170473,SIDRA 6579 v9324 - Populacao residente estimada,estimativa_oficial_sidra,170473
3302858,330285,Mesquita,Metropolitana I,2015,170751,SIDRA 6579 v9324 - Populacao residente estimada,estimativa_oficial_sidra,170751
3302858,330285,Mesquita,Metropolitana I,2016,171020,SIDRA 6579 v9324 - Populacao residente estimada,estimativa_oficial_sidra,171020
3302858,330285,Mesquita,Metropolitana I,2017,171280,SIDRA 6579 v9324 - Populacao residente estimada,estimativa_oficial_sidra,171280
3302858,330285,Mesquita,Metropolitana I,2018,175620,SIDRA 6579 v9324 - Populacao residente estimada,estimativa_oficial_sidra,175620
3302858,330285,Mesquita,Metropolitana I,2019,176103,SIDRA 6579 v9324 - Populacao residente estimada,estimativa_oficial_sidra,176103
3302858,330285,Mesquita,Metropolitana I,2020,176569,SIDRA 6579 v9324 - Populacao residente estimada,estimativa_oficial_sidra,176569
3302858,330285,Mesquita,Metropolitana I,2021,177016,SIDRA 6579 v9324 - Populacao residente estimada,estimativa_oficial_sidra,177016
3302858,330285,Mesquita,Metropolitana I,2022,167127,"SIDRA 4714 v93 - Censo Demografico 2022, Populacao residente",censo_2022_oficial_sidra,167127
3302858,330285,Mesquita,Metropolitana I,2023,172965,Interpolacao linear entre observacoes oficiais SIDRA disponiveis,interpolado_por_falta_de_observacao_sidra_no_ano,
3302858,330285,Mesquita,Metropolitana I,2024,178803,SIDRA 6579 v9324 - Populacao residente estimada,estimativa_oficial_sidra,178803
3302858,330285,Mesquita,Metropolitana I,2025,178830,SIDRA 6579 v9324 - Populacao residente estimada,estimativa_oficial_sidra,178830
3302908,330290,Miguel Pereira,Centro-Sul,2010,24699,Interpolacao linear entre observacoes oficiais SIDRA disponiveis,interpolado_por_falta_de_observacao_sidra_no_ano,
3302908,330290,Miguel Pereira,Centro-Sul,2011,24699,SIDRA 6579 v9324 - Populacao residente estimada,estimativa_oficial_sidra,24699
3302908,330290,Miguel Pereira,Centro-Sul,2012,24754,SIDRA 6579 v9324 - Populacao residente estimada,estimativa_oficial_sidra,24754
3302908,330290,Miguel Pereira,Centro-Sul,2013,24815,SIDRA 6579 v9324 - Populacao residente estimada,estimativa_oficial_sidra,24815
3302908,330290,Miguel Pereira,Centro-Sul,2014,24829,SIDRA 6579 v9324 - Populacao residente estimada,estimativa_oficial_sidra,24829
3302908,330290,Miguel Pereira,Centro-Sul,2015,24842,SIDRA 6579 v9324 - Populacao residente estimada,estimativa_oficial_sidra,24842
3302908,330290,Miguel Pereira,Centro-Sul,2016,24855,SIDRA 6579 v9324 - Populacao residente estimada,estimativa_oficial_sidra,24855
3302908,330290,Miguel Pereira,Centro-Sul,2017,24871,SIDRA 6579 v9324 - Populacao residente estimada,estimativa_oficial_sidra,24871
3302908,330290,Miguel Pereira,Centro-Sul,2018,25493,SIDRA 6579 v9324 - Populacao residente estimada,estimativa_oficial_sidra,25493
3302908,330290,Miguel Pereira,Centro-Sul,2019,25538,SIDRA 6579 v9324 - Populacao residente estimada,estimativa_oficial_sidra,25538
3302908,330290,Miguel Pereira,Centro-Sul,2020,25581,SIDRA 6579 v9324 - Populacao residente estimada,estimativa_oficial_sidra,25581
3302908,330290,Miguel Pereira,Centro-Sul,2021,25622,SIDRA 6579 v9324 - Populacao residente estimada,estimativa_oficial_sidra,25622
3302908,330290,Miguel Pereira,Centro-Sul,2022,26582,"SIDRA 4714 v93 - Censo Demografico 2022, Populacao residente",censo_2022_oficial_sidra,26582
3302908,330290,Miguel Pereira,Centro-Sul,2023,27352.5,Interpolacao linear entre observacoes oficiais SIDRA disponiveis,interpolado_por_falta_de_observacao_sidra_no_ano,
3302908,330290,Miguel Pereira,Centro-Sul,2024,28123,SIDRA 6579 v9324 - Populacao residente estimada,estimativa_oficial_sidra,28123
3302908,330290,Miguel Pereira,Centro-Sul,2025,28142,SIDRA 6579 v9324 - Populacao residente estimada,estimativa_oficial_sidra,28142
3303005,330300,Miracema,Noroeste,2010,26827,Interpolacao linear entre observacoes oficiais SIDRA disponiveis,interpolado_por_falta_de_observacao_sidra_no_ano,
3303005,330300,Miracema,Noroeste,2011,26827,SIDRA 6579 v9324 - Populacao residente estimada,estimativa_oficial_sidra,26827
3303005,330300,Miracema,Noroeste,2012,26810,SIDRA 6579 v9324 - Populacao residente estimada,estimativa_oficial_sidra,26810
3303005,330300,Miracema,Noroeste,2013,26786,SIDRA 6579 v9324 - Populacao residente estimada,estimativa_oficial_sidra,26786
3303005,330300,Miracema,Noroeste,2014,26724,SIDRA 6579 v9324 - Populacao residente estimada,estimativa_oficial_sidra,26724
3303005,330300,Miracema,Noroeste,2015,26665,SIDRA 6579 v9324 - Populacao residente estimada,estimativa_oficial_sidra,26665
3303005,330300,Miracema,Noroeste,2016,26607,SIDRA 6579 v9324 - Populacao residente estimada,estimativa_oficial_sidra,26607
3303005,330300,Miracema,Noroeste,2017,26551,SIDRA 6579 v9324 - Populacao residente estimada,estimativa_oficial_sidra,26551
3303005,330300,Miracema,Noroeste,2018,27195,SIDRA 6579 v9324 - Populacao residente estimada,estimativa_oficial_sidra,27195
3303005,330300,Miracema,Noroeste,2019,27174,SIDRA 6579 v9324 - Populacao residente estimada,estimativa_oficial_sidra,27174
3303005,330300,Miracema,Noroeste,2020,27154,SIDRA 6579 v9324 - Populacao residente estimada,estimativa_oficial_sidra,27154
3303005,330300,Miracema,Noroeste,2021,27134,SIDRA 6579 v9324 - Populacao residente estimada,estimativa_oficial_sidra,27134
3303005,330300,Miracema,Noroeste,2022,26881,"SIDRA 4714 v93 - Censo Demografico 2022, Populacao residente",censo_2022_oficial_sidra,26881
3303005,330300,Miracema,Noroeste,2023,27646,Interpolacao linear entre observacoes oficiais SIDRA disponiveis,interpolado_por_falta_de_observacao_sidra_no_ano,
3303005,330300,Miracema,Noroeste,2024,28411,SIDRA 6579 v9324 - Populacao residente estimada,estimativa_oficial_sidra,28411
3303005,330300,Miracema,Noroeste,2025,28416,SIDRA 6579 v9324 - Populacao residente estimada,estimativa_oficial_sidra,28416
3303104,330310,Natividade,Noroeste,2010,15079,Interpolacao linear entre observacoes oficiais SIDRA disponiveis,interpolado_por_falta_de_observacao_sidra_no_ano,
3303104,330310,Natividade,Noroeste,2011,15079,SIDRA 6579 v9324 - Populacao residente estimada,estimativa_oficial_sidra,15079
3303104,330310,Natividade,Noroeste,2012,15076,SIDRA 6579 v9324 - Populacao residente estimada,estimativa_oficial_sidra,15076
3303104,330310,Natividade,Noroeste,2013,15069,SIDRA 6579 v9324 - Populacao residente estimada,estimativa_oficial_sidra,15069
3303104,330310,Natividade,Noroeste,2014,15040,SIDRA 6579 v9324 - Populacao residente estimada,estimativa_oficial_sidra,15040
3303104,330310,Natividade,Noroeste,2015,15013,SIDRA 6579 v9324 - Populacao residente estimada,estimativa_oficial_sidra,15013
3303104,330310,Natividade,Noroeste,2016,14986,SIDRA 6579 v9324 - Populacao residente estimada,estimativa_oficial_sidra,14986
3303104,330310,Natividade,Noroeste,2017,14960,SIDRA 6579 v9324 - Populacao residente estimada,estimativa_oficial_sidra,14960
3303104,330310,Natividade,Noroeste,2018,15324,SIDRA 6579 v9324 - Populacao residente estimada,estimativa_oficial_sidra,15324
3303104,330310,Natividade,Noroeste,2019,15317,SIDRA 6579 v9324 - Populacao residente estimada,estimativa_oficial_sidra,15317
3303104,330310,Natividade,Noroeste,2020,15311,SIDRA 6579 v9324 - Populacao residente estimada,estimativa_oficial_sidra,15311
3303104,330310,Natividade,Noroeste,2021,15305,SIDRA 6579 v9324 - Populacao residente estimada,estimativa_oficial_sidra,15305
3303104,330310,Natividade,Noroeste,2022,15074,"SIDRA 4714 v93 - Censo Demografico 2022, Populacao residente",censo_2022_oficial_sidra,15074
3303104,330310,Natividade,Noroeste,2023,15312,Interpolacao linear entre observacoes oficiais SIDRA disponiveis,interpolado_por_falta_de_observacao_sidra_no_ano,
3303104,330310,Natividade,Noroeste,2024,15550,SIDRA 6579 v9324 - Populacao residente estimada,estimativa_oficial_sidra,15550
3303104,330310,Natividade,Noroeste,2025,15551,SIDRA 6579 v9324 - Populacao residente estimada,estimativa_oficial_sidra,15551
3303203,330320,Nilópolis,Metropolitana I,2010,157710,Interpolacao linear entre observacoes oficiais SIDRA disponiveis,interpolado_por_falta_de_observacao_sidra_no_ano,
3303203,330320,Nilópolis,Metropolitana I,2011,157710,SIDRA 6579 v9324 - Populacao residente estimada,estimativa_oficial_sidra,157710
3303203,330320,Nilópolis,Metropolitana I,2012,157986,SIDRA 6579 v9324 - Populacao residente estimada,estimativa_oficial_sidra,157986
3303203,330320,Nilópolis,Metropolitana I,2013,158288,SIDRA 6579 v9324 - Populacao residente estimada,estimativa_oficial_sidra,158288
3303203,330320,Nilópolis,Metropolitana I,2014,158299,SIDRA 6579 v9324 - Populacao residente estimada,estimativa_oficial_sidra,158299
3303203,330320,Nilópolis,Metropolitana I,2015,158309,SIDRA 6579 v9324 - Populacao residente estimada,estimativa_oficial_sidra,158309
3303203,330320,Nilópolis,Metropolitana I,2016,158319,SIDRA 6579 v9324 - Populacao residente estimada,estimativa_oficial_sidra,158319
3303203,330320,Nilópolis,Metropolitana I,2017,158329,SIDRA 6579 v9324 - Populacao residente estimada,estimativa_oficial_sidra,158329
3303203,330320,Nilópolis,Metropolitana I,2018,162269,SIDRA 6579 v9324 - Populacao residente estimada,estimativa_oficial_sidra,162269
3303203,330320,Nilópolis,Metropolitana I,2019,162485,SIDRA 6579 v9324 - Populacao residente estimada,estimativa_oficial_sidra,162485
3303203,330320,Nilópolis,Metropolitana I,2020,162693,SIDRA 6579 v9324 - Populacao residente estimada,estimativa_oficial_sidra,162693
3303203,330320,Nilópolis,Metropolitana I,2021,162893,SIDRA 6579 v9324 - Populacao residente estimada,estimativa_oficial_sidra,162893
3303203,330320,Nilópolis,Metropolitana I,2022,146774,"SIDRA 4714 v93 - Censo Demografico 2022, Populacao residente",censo_2022_oficial_sidra,146774
3303203,330320,Nilópolis,Metropolitana I,2023,151159,Interpolacao linear entre observacoes oficiais SIDRA disponiveis,interpolado_por_falta_de_observacao_sidra_no_ano,
3303203,330320,Nilópolis,Metropolitana I,2024,155544,SIDRA 6579 v9324 - Populacao residente estimada,estimativa_oficial_sidra,155544
3303203,330320,Nilópolis,Metropolitana I,2025,155500,SIDRA 6579 v9324 - Populacao residente estimada,estimativa_oficial_sidra,155500
3303302,330330,Niterói,Metropolitana II,2010,489720,Interpolacao linear entre observacoes oficiais SIDRA disponiveis,interpolado_por_falta_de_observacao_sidra_no_ano,
3303302,330330,Niterói,Metropolitana II,2011,489720,SIDRA 6579 v9324 - Populacao residente estimada,estimativa_oficial_sidra,489720
3303302,330330,Niterói,Metropolitana II,2012,491807,SIDRA 6579 v9324 - Populacao residente estimada,estimativa_oficial_sidra,491807
3303302,330330,Niterói,Metropolitana II,2013,494200,SIDRA 6579 v9324 - Populacao residente estimada,estimativa_oficial_sidra,494200
3303302,330330,Niterói,Metropolitana II,2014,495470,SIDRA 6579 v9324 - Populacao residente estimada,estimativa_oficial_sidra,495470
3303302,330330,Niterói,Metropolitana II,2015,496696,SIDRA 6579 v9324 - Populacao residente estimada,estimativa_oficial_sidra,496696
3303302,330330,Niterói,Metropolitana II,2016,497883,SIDRA 6579 v9324 - Populacao residente estimada,estimativa_oficial_sidra,497883
3303302,330330,Niterói,Metropolitana II,2017,499028,SIDRA 6579 v9324 - Populacao residente estimada,estimativa_oficial_sidra,499028
3303302,330330,Niterói,Metropolitana II,2018,511786,SIDRA 6579 v9324 - Populacao residente estimada,estimativa_oficial_sidra,511786
3303302,330330,Niterói,Metropolitana II,2019,513584,SIDRA 6579 v9324 - Populacao residente estimada,estimativa_oficial_sidra,513584
3303302,330330,Niterói,Metropolitana II,2020,515317,SIDRA 6579 v9324 - Populacao residente estimada,estimativa_oficial_sidra,515317
3303302,330330,Niterói,Metropolitana II,2021,516981,SIDRA 6579 v9324 - Populacao residente estimada,estimativa_oficial_sidra,516981
3303302,330330,Niterói,Metropolitana II,2022,481749,"SIDRA 4714 v93 - Censo Demografico 2022, Populacao residente",censo_2022_oficial_sidra,481749
3303302,330330,Niterói,Metropolitana II,2023,499234.5,Interpolacao linear entre observacoes oficiais SIDRA disponiveis,interpolado_por_falta_de_observacao_sidra_no_ano,
3303302,330330,Niterói,Metropolitana II,2024,516720,SIDRA 6579 v9324 - Populacao residente estimada,estimativa_oficial_sidra,516720
3303302,330330,Niterói,Metropolitana II,2025,516787,SIDRA 6579 v9324 - Populacao residente estimada,estimativa_oficial_sidra,516787
3303401,330340,Nova Friburgo,Serrana,2010,182748,Interpolacao linear entre observacoes oficiais SIDRA disponiveis,interpolado_por_falta_de_observacao_sidra_no_ano,
3303401,330340,Nova Friburgo,Serrana,2011,182748,SIDRA 6579 v9324 - Populacao residente estimada,estimativa_oficial_sidra,182748
3303401,330340,Nova Friburgo,Serrana,2012,183391,SIDRA 6579 v9324 - Populacao residente estimada,estimativa_oficial_sidra,183391
3303401,330340,Nova Friburgo,Serrana,2013,184122,SIDRA 6579 v9324 - Populacao residente estimada,estimativa_oficial_sidra,184122
3303401,330340,Nova Friburgo,Serrana,2014,184460,SIDRA 6579 v9324 - Populacao residente estimada,estimativa_oficial_sidra,184460
3303401,330340,Nova Friburgo,Serrana,2015,184786,SIDRA 6579 v9324 - Populacao residente estimada,estimativa_oficial_sidra,184786
3303401,330340,Nova Friburgo,Serrana,2016,185102,SIDRA 6579 v9324 - Populacao residente estimada,estimativa_oficial_sidra,185102
3303401,330340,Nova Friburgo,Serrana,2017,185381,SIDRA 6579 v9324 - Populacao residente estimada,estimativa_oficial_sidra,185381
3303401,330340,Nova Friburgo,Serrana,2018,190084,SIDRA 6579 v9324 - Populacao residente estimada,estimativa_oficial_sidra,190084
3303401,330340,Nova Friburgo,Serrana,2019,190631,SIDRA 6579 v9324 - Populacao residente estimada,estimativa_oficial_sidra,190631
3303401,330340,Nova Friburgo,Serrana,2020,191158,SIDRA 6579 v9324 - Populacao residente estimada,estimativa_oficial_sidra,191158
3303401,330340,Nova Friburgo,Serrana,2021,191664,SIDRA 6579 v9324 - Populacao residente estimada,estimativa_oficial_sidra,191664
3303401,330340,Nova Friburgo,Serrana,2022,189939,"SIDRA 4714 v93 - Censo Demografico 2022, Populacao residente",censo_2022_oficial_sidra,189939
3303401,330340,Nova Friburgo,Serrana,2023,196633.5,Interpolacao linear entre observacoes oficiais SIDRA disponiveis,interpolado_por_falta_de_observacao_sidra_no_ano,
3303401,330340,Nova Friburgo,Serrana,2024,203328,SIDRA 6579 v9324 - Populacao residente estimada,estimativa_oficial_sidra,203328
3303401,330340,Nova Friburgo,Serrana,2025,203417,SIDRA 6579 v9324 - Populacao residente estimada,estimativa_oficial_sidra,203417
3303500,330350,Nova Iguaçu,Metropolitana I,2010,799047,Interpolacao linear entre observacoes oficiais SIDRA disponiveis,interpolado_por_falta_de_observacao_sidra_no_ano,
3303500,330350,Nova Iguaçu,Metropolitana I,2011,799047,SIDRA 6579 v9324 - Populacao residente estimada,estimativa_oficial_sidra,799047
3303500,330350,Nova Iguaçu,Metropolitana I,2012,801746,SIDRA 6579 v9324 - Populacao residente estimada,estimativa_oficial_sidra,801746
3303500,330350,Nova Iguaçu,Metropolitana I,2013,804815,SIDRA 6579 v9324 - Populacao residente estimada,estimativa_oficial_sidra,804815
3303500,330350,Nova Iguaçu,Metropolitana I,2014,806177,SIDRA 6579 v9324 - Populacao residente estimada,estimativa_oficial_sidra,806177
3303500,330350,Nova Iguaçu,Metropolitana I,2015,807492,SIDRA 6579 v9324 - Populacao residente estimada,estimativa_oficial_sidra,807492
3303500,330350,Nova Iguaçu,Metropolitana I,2016,797435,SIDRA 6579 v9324 - Populacao residente estimada,estimativa_oficial_sidra,797435
3303500,330350,Nova Iguaçu,Metropolitana I,2017,798647,SIDRA 6579 v9324 - Populacao residente estimada,estimativa_oficial_sidra,798647
3303500,330350,Nova Iguaçu,Metropolitana I,2018,818875,SIDRA 6579 v9324 - Populacao residente estimada,estimativa_oficial_sidra,818875
3303500,330350,Nova Iguaçu,Metropolitana I,2019,821128,SIDRA 6579 v9324 - Populacao residente estimada,estimativa_oficial_sidra,821128
3303500,330350,Nova Iguaçu,Metropolitana I,2020,823302,SIDRA 6579 v9324 - Populacao residente estimada,estimativa_oficial_sidra,823302
3303500,330350,Nova Iguaçu,Metropolitana I,2021,825388,SIDRA 6579 v9324 - Populacao residente estimada,estimativa_oficial_sidra,825388
3303500,330350,Nova Iguaçu,Metropolitana I,2022,785867,"SIDRA 4714 v93 - Censo Demografico 2022, Populacao residente",censo_2022_oficial_sidra,785867
3303500,330350,Nova Iguaçu,Metropolitana I,2023,814456.5,Interpolacao linear entre observacoes oficiais SIDRA disponiveis,interpolado_por_falta_de_observacao_sidra_no_ano,
3303500,330350,Nova Iguaçu,Metropolitana I,2024,843046,SIDRA 6579 v9324 - Populacao residente estimada,estimativa_oficial_sidra,843046
3303500,330350,Nova Iguaçu,Metropolitana I,2025,843220,SIDRA 6579 v9324 - Populacao residente estimada,estimativa_oficial_sidra,843220
3303609,330360,Paracambi,Centro-Sul,2010,47635,Interpolacao linear entre observacoes oficiais SIDRA disponiveis,interpolado_por_falta_de_observacao_sidra_no_ano,
3303609,330360,Paracambi,Centro-Sul,2011,47635,SIDRA 6579 v9324 - Populacao residente estimada,estimativa_oficial_sidra,47635
3303609,330360,Paracambi,Centro-Sul,2012,48129,SIDRA 6579 v9324 - Populacao residente estimada,estimativa_oficial_sidra,48129
3303609,330360,Paracambi,Centro-Sul,2013,48705,SIDRA 6579 v9324 - Populacao residente estimada,estimativa_oficial_sidra,48705
3303609,330360,Paracambi,Centro-Sul,2014,49120,SIDRA 6579 v9324 - Populacao residente estimada,estimativa_oficial_sidra,49120
3303609,330360,Paracambi,Centro-Sul,2015,49521,SIDRA 6579 v9324 - Populacao residente estimada,estimativa_oficial_sidra,49521
3303609,330360,Paracambi,Centro-Sul,2016,50071,SIDRA 6579 v9324 - Populacao residente estimada,estimativa_oficial_sidra,50071
3303609,330360,Paracambi,Centro-Sul,2017,50447,SIDRA 6579 v9324 - Populacao residente estimada,estimativa_oficial_sidra,50447
3303609,330360,Paracambi,Centro-Sul,2018,51815,SIDRA 6579 v9324 - Populacao residente estimada,estimativa_oficial_sidra,51815
3303609,330360,Paracambi,Centro-Sul,2019,52257,SIDRA 6579 v9324 - Populacao residente estimada,estimativa_oficial_sidra,52257
3303609,330360,Paracambi,Centro-Sul,2020,52683,SIDRA 6579 v9324 - Populacao residente estimada,estimativa_oficial_sidra,52683
3303609,330360,Paracambi,Centro-Sul,2021,53093,SIDRA 6579 v9324 - Populacao residente estimada,estimativa_oficial_sidra,53093
3303609,330360,Paracambi,Centro-Sul,2022,41375,"SIDRA 4714 v93 - Censo Demografico 2022, Populacao residente",censo_2022_oficial_sidra,41375
3303609,330360,Paracambi,Centro-Sul,2023,42515.5,Interpolacao linear entre observacoes oficiais SIDRA disponiveis,interpolado_por_falta_de_observacao_sidra_no_ano,
3303609,330360,Paracambi,Centro-Sul,2024,43656,SIDRA 6579 v9324 - Populacao residente estimada,estimativa_oficial_sidra,43656
3303609,330360,Paracambi,Centro-Sul,2025,43627,SIDRA 6579 v9324 - Populacao residente estimada,estimativa_oficial_sidra,43627
3303708,330370,Paraíba do Sul,Centro-Sul,2010,41367,Interpolacao linear entre observacoes oficiais SIDRA disponiveis,interpolado_por_falta_de_observacao_sidra_no_ano,
3303708,330370,Paraíba do Sul,Centro-Sul,2011,41367,SIDRA 6579 v9324 - Populacao residente estimada,estimativa_oficial_sidra,41367
3303708,330370,Paraíba do Sul,Centro-Sul,2012,41639,SIDRA 6579 v9324 - Populacao residente estimada,estimativa_oficial_sidra,41639
3303708,330370,Paraíba do Sul,Centro-Sul,2013,41955,SIDRA 6579 v9324 - Populacao residente estimada,estimativa_oficial_sidra,41955
3303708,330370,Paraíba do Sul,Centro-Sul,2014,42159,SIDRA 6579 v9324 - Populacao residente estimada,estimativa_oficial_sidra,42159
3303708,330370,Paraíba do Sul,Centro-Sul,2015,42356,SIDRA 6579 v9324 - Populacao residente estimada,estimativa_oficial_sidra,42356
3303708,330370,Paraíba do Sul,Centro-Sul,2016,42737,SIDRA 6579 v9324 - Populacao residente estimada,estimativa_oficial_sidra,42737
3303708,330370,Paraíba do Sul,Centro-Sul,2017,42922,SIDRA 6579 v9324 - Populacao residente estimada,estimativa_oficial_sidra,42922
3303708,330370,Paraíba do Sul,Centro-Sul,2018,44045,SIDRA 6579 v9324 - Populacao residente estimada,estimativa_oficial_sidra,44045
3303708,330370,Paraíba do Sul,Centro-Sul,2019,44285,SIDRA 6579 v9324 - Populacao residente estimada,estimativa_oficial_sidra,44285
3303708,330370,Paraíba do Sul,Centro-Sul,2020,44518,SIDRA 6579 v9324 - Populacao residente estimada,estimativa_oficial_sidra,44518
3303708,330370,Paraíba do Sul,Centro-Sul,2021,44741,SIDRA 6579 v9324 - Populacao residente estimada,estimativa_oficial_sidra,44741
3303708,330370,Paraíba do Sul,Centro-Sul,2022,42063,"SIDRA 4714 v93 - Censo Demografico 2022, Populacao residente",censo_2022_oficial_sidra,42063
3303708,330370,Paraíba do Sul,Centro-Sul,2023,43265,Interpolacao linear entre observacoes oficiais SIDRA disponiveis,interpolado_por_falta_de_observacao_sidra_no_ano,
3303708,330370,Paraíba do Sul,Centro-Sul,2024,44467,SIDRA 6579 v9324 - Populacao residente estimada,estimativa_oficial_sidra,44467
3303708,330370,Paraíba do Sul,Centro-Sul,2025,44479,SIDRA 6579 v9324 - Populacao residente estimada,estimativa_oficial_sidra,44479
3303807,330380,Paraty,Baia da Ilha Grande,2010,38147,Interpolacao linear entre observacoes oficiais SIDRA disponiveis,interpolado_por_falta_de_observacao_sidra_no_ano,
3303807,330380,Paraty,Baia da Ilha Grande,2011,38147,SIDRA 6579 v9324 - Populacao residente estimada,estimativa_oficial_sidra,38147
3303807,330380,Paraty,Baia da Ilha Grande,2012,38740,SIDRA 6579 v9324 - Populacao residente estimada,estimativa_oficial_sidra,38740
3303807,330380,Paraty,Baia da Ilha Grande,2013,39434,SIDRA 6579 v9324 - Populacao residente estimada,estimativa_oficial_sidra,39434
3303807,330380,Paraty,Baia da Ilha Grande,2014,39965,SIDRA 6579 v9324 - Populacao residente estimada,estimativa_oficial_sidra,39965
3303807,330380,Paraty,Baia da Ilha Grande,2015,40478,SIDRA 6579 v9324 - Populacao residente estimada,estimativa_oficial_sidra,40478
3303807,330380,Paraty,Baia da Ilha Grande,2016,40975,SIDRA 6579 v9324 - Populacao residente estimada,estimativa_oficial_sidra,40975
3303807,330380,Paraty,Baia da Ilha Grande,2017,41454,SIDRA 6579 v9324 - Populacao residente estimada,estimativa_oficial_sidra,41454
3303807,330380,Paraty,Baia da Ilha Grande,2018,42630,SIDRA 6579 v9324 - Populacao residente estimada,estimativa_oficial_sidra,42630
3303807,330380,Paraty,Baia da Ilha Grande,2019,43165,SIDRA 6579 v9324 - Populacao residente estimada,estimativa_oficial_sidra,43165
3303807,330380,Paraty,Baia da Ilha Grande,2020,43680,SIDRA 6579 v9324 - Populacao residente estimada,estimativa_oficial_sidra,43680
3303807,330380,Paraty,Baia da Ilha Grande,2021,44175,SIDRA 6579 v9324 - Populacao residente estimada,estimativa_oficial_sidra,44175
3303807,330380,Paraty,Baia da Ilha Grande,2022,45243,"SIDRA 4714 v93 - Censo Demografico 2022, Populacao residente",censo_2022_oficial_sidra,45243
3303807,330380,Paraty,Baia da Ilha Grande,2023,46428.5,Interpolacao linear entre observacoes oficiais SIDRA disponiveis,interpolado_por_falta_de_observacao_sidra_no_ano,
3303807,330380,Paraty,Baia da Ilha Grande,2024,47614,SIDRA 6579 v9324 - Populacao residente estimada,estimativa_oficial_sidra,47614
3303807,330380,Paraty,Baia da Ilha Grande,2025,47668,SIDRA 6579 v9324 - Populacao residente estimada,estimativa_oficial_sidra,47668
3303856,330385,Paty do Alferes,Centro-Sul,2010,26469,Interpolacao linear entre observacoes oficiais SIDRA disponiveis,interpolado_por_falta_de_observacao_sidra_no_ano,
3303856,330385,Paty do Alferes,Centro-Sul,2011,26469,SIDRA 6579 v9324 - Populacao residente estimada,estimativa_oficial_sidra,26469
3303856,330385,Paty do Alferes,Centro-Sul,2012,26575,SIDRA 6579 v9324 - Populacao residente estimada,estimativa_oficial_sidra,26575
3303856,330385,Paty do Alferes,Centro-Sul,2013,26696,SIDRA 6579 v9324 - Populacao residente estimada,estimativa_oficial_sidra,26696
3303856,330385,Paty do Alferes,Centro-Sul,2014,26758,SIDRA 6579 v9324 - Populacao residente estimada,estimativa_oficial_sidra,26758
3303856,330385,Paty do Alferes,Centro-Sul,2015,26818,SIDRA 6579 v9324 - Populacao residente estimada,estimativa_oficial_sidra,26818
3303856,330385,Paty do Alferes,Centro-Sul,2016,26939,SIDRA 6579 v9324 - Populacao residente estimada,estimativa_oficial_sidra,26939
3303856,330385,Paty do Alferes,Centro-Sul,2017,26991,SIDRA 6579 v9324 - Populacao residente estimada,estimativa_oficial_sidra,26991
3303856,330385,Paty do Alferes,Centro-Sul,2018,27678,SIDRA 6579 v9324 - Populacao residente estimada,estimativa_oficial_sidra,27678
3303856,330385,Paty do Alferes,Centro-Sul,2019,27769,SIDRA 6579 v9324 - Populacao residente estimada,estimativa_oficial_sidra,27769
3303856,330385,Paty do Alferes,Centro-Sul,2020,27858,SIDRA 6579 v9324 - Populacao residente estimada,estimativa_oficial_sidra,27858
3303856,330385,Paty do Alferes,Centro-Sul,2021,27942,SIDRA 6579 v9324 - Populacao residente estimada,estimativa_oficial_sidra,27942
3303856,330385,Paty do Alferes,Centro-Sul,2022,29619,"SIDRA 4714 v93 - Censo Demografico 2022, Populacao residente",censo_2022_oficial_sidra,29619
3303856,330385,Paty do Alferes,Centro-Sul,2023,30482,Interpolacao linear entre observacoes oficiais SIDRA disponiveis,interpolado_por_falta_de_observacao_sidra_no_ano,
3303856,330385,Paty do Alferes,Centro-Sul,2024,31345,SIDRA 6579 v9324 - Populacao residente estimada,estimativa_oficial_sidra,31345
3303856,330385,Paty do Alferes,Centro-Sul,2025,31370,SIDRA 6579 v9324 - Populacao residente estimada,estimativa_oficial_sidra,31370
3303906,330390,Petrópolis,Serrana,2010,296565,Interpolacao linear entre observacoes oficiais SIDRA disponiveis,interpolado_por_falta_de_observacao_sidra_no_ano,
3303906,330390,Petrópolis,Serrana,2011,296565,SIDRA 6579 v9324 - Populacao residente estimada,estimativa_oficial_sidra,296565
3303906,330390,Petrópolis,Serrana,2012,297192,SIDRA 6579 v9324 - Populacao residente estimada,estimativa_oficial_sidra,297192
3303906,330390,Petrópolis,Serrana,2013,297888,SIDRA 6579 v9324 - Populacao residente estimada,estimativa_oficial_sidra,297888
3303906,330390,Petrópolis,Serrana,2014,298017,SIDRA 6579 v9324 - Populacao residente estimada,estimativa_oficial_sidra,298017
3303906,330390,Petrópolis,Serrana,2015,298142,SIDRA 6579 v9324 - Populacao residente estimada,estimativa_oficial_sidra,298142
3303906,330390,Petrópolis,Serrana,2016,298158,SIDRA 6579 v9324 - Populacao residente estimada,estimativa_oficial_sidra,298158
3303906,330390,Petrópolis,Serrana,2017,298235,SIDRA 6579 v9324 - Populacao residente estimada,estimativa_oficial_sidra,298235
3303906,330390,Petrópolis,Serrana,2018,305687,SIDRA 6579 v9324 - Populacao residente estimada,estimativa_oficial_sidra,305687
3303906,330390,Petrópolis,Serrana,2019,306191,SIDRA 6579 v9324 - Populacao residente estimada,estimativa_oficial_sidra,306191
3303906,330390,Petrópolis,Serrana,2020,306678,SIDRA 6579 v9324 - Populacao residente estimada,estimativa_oficial_sidra,306678
3303906,330390,Petrópolis,Serrana,2021,307144,SIDRA 6579 v9324 - Populacao residente estimada,estimativa_oficial_sidra,307144
3303906,330390,Petrópolis,Serrana,2022,278881,"SIDRA 4714 v93 - Censo Demografico 2022, Populacao residente",censo_2022_oficial_sidra,278881
3303906,330390,Petrópolis,Serrana,2023,286932,Interpolacao linear entre observacoes oficiais SIDRA disponiveis,interpolado_por_falta_de_observacao_sidra_no_ano,
3303906,330390,Petrópolis,Serrana,2024,294983,SIDRA 6579 v9324 - Populacao residente estimada,estimativa_oficial_sidra,294983
3303906,330390,Petrópolis,Serrana,2025,294926,SIDRA 6579 v9324 - Populacao residente estimada,estimativa_oficial_sidra,294926
3303955,330395,Pinheiral,Medio Paraiba,2010,22968,Interpolacao linear entre observacoes oficiais SIDRA disponiveis,interpolado_por_falta_de_observacao_sidra_no_ano,
3303955,330395,Pinheiral,Medio Paraiba,2011,22968,SIDRA 6579 v9324 - Populacao residente estimada,estimativa_oficial_sidra,22968
3303955,330395,Pinheiral,Medio Paraiba,2012,23208,SIDRA 6579 v9324 - Populacao residente estimada,estimativa_oficial_sidra,23208
3303955,330395,Pinheiral,Medio Paraiba,2013,23488,SIDRA 6579 v9324 - Populacao residente estimada,estimativa_oficial_sidra,23488
3303955,330395,Pinheiral,Medio Paraiba,2014,23691,SIDRA 6579 v9324 - Populacao residente estimada,estimativa_oficial_sidra,23691
3303955,330395,Pinheiral,Medio Paraiba,2015,23887,SIDRA 6579 v9324 - Populacao residente estimada,estimativa_oficial_sidra,23887
3303955,330395,Pinheiral,Medio Paraiba,2016,24076,SIDRA 6579 v9324 - Populacao residente estimada,estimativa_oficial_sidra,24076
3303955,330395,Pinheiral,Medio Paraiba,2017,24282,SIDRA 6579 v9324 - Populacao residente estimada,estimativa_oficial_sidra,24282
3303955,330395,Pinheiral,Medio Paraiba,2018,24941,SIDRA 6579 v9324 - Populacao residente estimada,estimativa_oficial_sidra,24941
3303955,330395,Pinheiral,Medio Paraiba,2019,25156,SIDRA 6579 v9324 - Populacao residente estimada,estimativa_oficial_sidra,25156
3303955,330395,Pinheiral,Medio Paraiba,2020,25364,SIDRA 6579 v9324 - Populacao residente estimada,estimativa_oficial_sidra,25364
3303955,330395,Pinheiral,Medio Paraiba,2021,25563,SIDRA 6579 v9324 - Populacao residente estimada,estimativa_oficial_sidra,25563
3303955,330395,Pinheiral,Medio Paraiba,2022,24298,"SIDRA 4714 v93 - Censo Demografico 2022, Populacao residente",censo_2022_oficial_sidra,24298
3303955,330395,Pinheiral,Medio Paraiba,2023,24691.5,Interpolacao linear entre observacoes oficiais SIDRA disponiveis,interpolado_por_falta_de_observacao_sidra_no_ano,
3303955,330395,Pinheiral,Medio Paraiba,2024,25085,SIDRA 6579 v9324 - Populacao residente estimada,estimativa_oficial_sidra,25085
3303955,330395,Pinheiral,Medio Paraiba,2025,25096,SIDRA 6579 v9324 - Populacao residente estimada,estimativa_oficial_sidra,25096
3304003,330400,Piraí,Medio Paraiba,2010,26637,Interpolacao linear entre observacoes oficiais SIDRA disponiveis,interpolado_por_falta_de_observacao_sidra_no_ano,
3304003,330400,Piraí,Medio Paraiba,2011,26637,SIDRA 6579 v9324 - Populacao residente estimada,estimativa_oficial_sidra,26637
3304003,330400,Piraí,Medio Paraiba,2012,26948,SIDRA 6579 v9324 - Populacao residente estimada,estimativa_oficial_sidra,26948
3304003,330400,Piraí,Medio Paraiba,2013,27311,SIDRA 6579 v9324 - Populacao residente estimada,estimativa_oficial_sidra,27311
3304003,330400,Piraí,Medio Paraiba,2014,27579,SIDRA 6579 v9324 - Populacao residente estimada,estimativa_oficial_sidra,27579
3304003,330400,Piraí,Medio Paraiba,2015,27838,SIDRA 6579 v9324 - Populacao residente estimada,estimativa_oficial_sidra,27838
3304003,330400,Piraí,Medio Paraiba,2016,28088,SIDRA 6579 v9324 - Populacao residente estimada,estimativa_oficial_sidra,28088
3304003,330400,Piraí,Medio Paraiba,2017,28222,SIDRA 6579 v9324 - Populacao residente estimada,estimativa_oficial_sidra,28222
3304003,330400,Piraí,Medio Paraiba,2018,28999,SIDRA 6579 v9324 - Populacao residente estimada,estimativa_oficial_sidra,28999
3304003,330400,Piraí,Medio Paraiba,2019,29277,SIDRA 6579 v9324 - Populacao residente estimada,estimativa_oficial_sidra,29277
3304003,330400,Piraí,Medio Paraiba,2020,29545,SIDRA 6579 v9324 - Populacao residente estimada,estimativa_oficial_sidra,29545
3304003,330400,Piraí,Medio Paraiba,2021,29802,SIDRA 6579 v9324 - Populacao residente estimada,estimativa_oficial_sidra,29802
3304003,330400,Piraí,Medio Paraiba,2022,27474,"SIDRA 4714 v93 - Censo Demografico 2022, Populacao residente",censo_2022_oficial_sidra,27474
3304003,330400,Piraí,Medio Paraiba,2023,28264,Interpolacao linear entre observacoes oficiais SIDRA disponiveis,interpolado_por_falta_de_observacao_sidra_no_ano,
3304003,330400,Piraí,Medio Paraiba,2024,29054,SIDRA 6579 v9324 - Populacao residente estimada,estimativa_oficial_sidra,29054
3304003,330400,Piraí,Medio Paraiba,2025,29066,SIDRA 6579 v9324 - Populacao residente estimada,estimativa_oficial_sidra,29066
3304102,330410,Porciúncula,Noroeste,2010,17899,Interpolacao linear entre observacoes oficiais SIDRA disponiveis,interpolado_por_falta_de_observacao_sidra_no_ano,
3304102,330410,Porciúncula,Noroeste,2011,17899,SIDRA 6579 v9324 - Populacao residente estimada,estimativa_oficial_sidra,17899
3304102,330410,Porciúncula,Noroeste,2012,18034,SIDRA 6579 v9324 - Populacao residente estimada,estimativa_oficial_sidra,18034
3304102,330410,Porciúncula,Noroeste,2013,18188,SIDRA 6579 v9324 - Populacao residente estimada,estimativa_oficial_sidra,18188
3304102,330410,Porciúncula,Noroeste,2014,18293,SIDRA 6579 v9324 - Populacao residente estimada,estimativa_oficial_sidra,18293
3304102,330410,Porciúncula,Noroeste,2015,18059,SIDRA 6579 v9324 - Populacao residente estimada,estimativa_oficial_sidra,18059
3304102,330410,Porciúncula,Noroeste,2016,18156,SIDRA 6579 v9324 - Populacao residente estimada,estimativa_oficial_sidra,18156
3304102,330410,Porciúncula,Noroeste,2017,18248,SIDRA 6579 v9324 - Populacao residente estimada,estimativa_oficial_sidra,18248
3304102,330410,Porciúncula,Noroeste,2018,18730,SIDRA 6579 v9324 - Populacao residente estimada,estimativa_oficial_sidra,18730
3304102,330410,Porciúncula,Noroeste,2019,18847,SIDRA 6579 v9324 - Populacao residente estimada,estimativa_oficial_sidra,18847
3304102,330410,Porciúncula,Noroeste,2020,18960,SIDRA 6579 v9324 - Populacao residente estimada,estimativa_oficial_sidra,18960
3304102,330410,Porciúncula,Noroeste,2021,19068,SIDRA 6579 v9324 - Populacao residente estimada,estimativa_oficial_sidra,19068
3304102,330410,Porciúncula,Noroeste,2022,17288,"SIDRA 4714 v93 - Censo Demografico 2022, Populacao residente",censo_2022_oficial_sidra,17288
3304102,330410,Porciúncula,Noroeste,2023,17560,Interpolacao linear entre observacoes oficiais SIDRA disponiveis,interpolado_por_falta_de_observacao_sidra_no_ano,
3304102,330410,Porciúncula,Noroeste,2024,17832,SIDRA 6579 v9324 - Populacao residente estimada,estimativa_oficial_sidra,17832
3304102,330410,Porciúncula,Noroeste,2025,17832,SIDRA 6579 v9324 - Populacao residente estimada,estimativa_oficial_sidra,17832
3304110,330411,Porto Real,Medio Paraiba,2010,16938,Interpolacao linear entre observacoes oficiais SIDRA disponiveis,interpolado_por_falta_de_observacao_sidra_no_ano,
3304110,330411,Porto Real,Medio Paraiba,2011,16938,SIDRA 6579 v9324 - Populacao residente estimada,estimativa_oficial_sidra,16938
3304110,330411,Porto Real,Medio Paraiba,2012,17272,SIDRA 6579 v9324 - Populacao residente estimada,estimativa_oficial_sidra,17272
3304110,330411,Porto Real,Medio Paraiba,2013,17663,SIDRA 6579 v9324 - Populacao residente estimada,estimativa_oficial_sidra,17663
3304110,330411,Porto Real,Medio Paraiba,2014,17970,SIDRA 6579 v9324 - Populacao residente estimada,estimativa_oficial_sidra,17970
3304110,330411,Porto Real,Medio Paraiba,2015,18266,SIDRA 6579 v9324 - Populacao residente estimada,estimativa_oficial_sidra,18266
3304110,330411,Porto Real,Medio Paraiba,2016,18552,SIDRA 6579 v9324 - Populacao residente estimada,estimativa_oficial_sidra,18552
3304110,330411,Porto Real,Medio Paraiba,2017,18829,SIDRA 6579 v9324 - Populacao residente estimada,estimativa_oficial_sidra,18829
3304110,330411,Porto Real,Medio Paraiba,2018,19381,SIDRA 6579 v9324 - Populacao residente estimada,estimativa_oficial_sidra,19381
3304110,330411,Porto Real,Medio Paraiba,2019,19683,SIDRA 6579 v9324 - Populacao residente estimada,estimativa_oficial_sidra,19683
3304110,330411,Porto Real,Medio Paraiba,2020,19974,SIDRA 6579 v9324 - Populacao residente estimada,estimativa_oficial_sidra,19974
3304110,330411,Porto Real,Medio Paraiba,2021,20254,SIDRA 6579 v9324 - Populacao residente estimada,estimativa_oficial_sidra,20254
3304110,330411,Porto Real,Medio Paraiba,2022,20373,"SIDRA 4714 v93 - Censo Demografico 2022, Populacao residente",censo_2022_oficial_sidra,20373
3304110,330411,Porto Real,Medio Paraiba,2023,20718.5,Interpolacao linear entre observacoes oficiais SIDRA disponiveis,interpolado_por_falta_de_observacao_sidra_no_ano,
3304110,330411,Porto Real,Medio Paraiba,2024,21064,SIDRA 6579 v9324 - Populacao residente estimada,estimativa_oficial_sidra,21064
3304110,330411,Porto Real,Medio Paraiba,2025,21089,SIDRA 6579 v9324 - Populacao residente estimada,estimativa_oficial_sidra,21089
3304128,330412,Quatis,Medio Paraiba,2010,12952,Interpolacao linear entre observacoes oficiais SIDRA disponiveis,interpolado_por_falta_de_observacao_sidra_no_ano,
3304128,330412,Quatis,Medio Paraiba,2011,12952,SIDRA 6579 v9324 - Populacao residente estimada,estimativa_oficial_sidra,12952
3304128,330412,Quatis,Medio Paraiba,2012,13105,SIDRA 6579 v9324 - Populacao residente estimada,estimativa_oficial_sidra,13105
3304128,330412,Quatis,Medio Paraiba,2013,13283,SIDRA 6579 v9324 - Populacao residente estimada,estimativa_oficial_sidra,13283
3304128,330412,Quatis,Medio Paraiba,2014,13415,SIDRA 6579 v9324 - Populacao residente estimada,estimativa_oficial_sidra,13415
3304128,330412,Quatis,Medio Paraiba,2015,13543,SIDRA 6579 v9324 - Populacao residente estimada,estimativa_oficial_sidra,13543
3304128,330412,Quatis,Medio Paraiba,2016,13666,SIDRA 6579 v9324 - Populacao residente estimada,estimativa_oficial_sidra,13666
3304128,330412,Quatis,Medio Paraiba,2017,13785,SIDRA 6579 v9324 - Populacao residente estimada,estimativa_oficial_sidra,13785
3304128,330412,Quatis,Medio Paraiba,2018,14165,SIDRA 6579 v9324 - Populacao residente estimada,estimativa_oficial_sidra,14165
3304128,330412,Quatis,Medio Paraiba,2019,14302,SIDRA 6579 v9324 - Populacao residente estimada,estimativa_oficial_sidra,14302
3304128,330412,Quatis,Medio Paraiba,2020,14435,SIDRA 6579 v9324 - Populacao residente estimada,estimativa_oficial_sidra,14435
3304128,330412,Quatis,Medio Paraiba,2021,14562,SIDRA 6579 v9324 - Populacao residente estimada,estimativa_oficial_sidra,14562
3304128,330412,Quatis,Medio Paraiba,2022,13682,"SIDRA 4714 v93 - Censo Demografico 2022, Populacao residente",censo_2022_oficial_sidra,13682
3304128,330412,Quatis,Medio Paraiba,2023,13920,Interpolacao linear entre observacoes oficiais SIDRA disponiveis,interpolado_por_falta_de_observacao_sidra_no_ano,
3304128,330412,Quatis,Medio Paraiba,2024,14158,SIDRA 6579 v9324 - Populacao residente estimada,estimativa_oficial_sidra,14158
3304128,330412,Quatis,Medio Paraiba,2025,14165,SIDRA 6579 v9324 - Populacao residente estimada,estimativa_oficial_sidra,14165
3304144,330414,Queimados,Metropolitana I,2010,139188,Interpolacao linear entre observacoes oficiais SIDRA disponiveis,interpolado_por_falta_de_observacao_sidra_no_ano,
3304144,330414,Queimados,Metropolitana I,2011,139188,SIDRA 6579 v9324 - Populacao residente estimada,estimativa_oficial_sidra,139188
3304144,330414,Queimados,Metropolitana I,2012,140374,SIDRA 6579 v9324 - Populacao residente estimada,estimativa_oficial_sidra,140374
3304144,330414,Queimados,Metropolitana I,2013,141753,SIDRA 6579 v9324 - Populacao residente estimada,estimativa_oficial_sidra,141753
3304144,330414,Queimados,Metropolitana I,2014,142709,SIDRA 6579 v9324 - Populacao residente estimada,estimativa_oficial_sidra,142709
3304144,330414,Queimados,Metropolitana I,2015,143632,SIDRA 6579 v9324 - Populacao residente estimada,estimativa_oficial_sidra,143632
3304144,330414,Queimados,Metropolitana I,2016,144525,SIDRA 6579 v9324 - Populacao residente estimada,estimativa_oficial_sidra,144525
3304144,330414,Queimados,Metropolitana I,2017,145386,SIDRA 6579 v9324 - Populacao residente estimada,estimativa_oficial_sidra,145386
3304144,330414,Queimados,Metropolitana I,2018,149265,SIDRA 6579 v9324 - Populacao residente estimada,estimativa_oficial_sidra,149265
3304144,330414,Queimados,Metropolitana I,2019,150319,SIDRA 6579 v9324 - Populacao residente estimada,estimativa_oficial_sidra,150319
3304144,330414,Queimados,Metropolitana I,2020,151335,SIDRA 6579 v9324 - Populacao residente estimada,estimativa_oficial_sidra,151335
3304144,330414,Queimados,Metropolitana I,2021,152311,SIDRA 6579 v9324 - Populacao residente estimada,estimativa_oficial_sidra,152311
3304144,330414,Queimados,Metropolitana I,2022,140523,"SIDRA 4714 v93 - Censo Demografico 2022, Populacao residente",censo_2022_oficial_sidra,140523
3304144,330414,Queimados,Metropolitana I,2023,144808,Interpolacao linear entre observacoes oficiais SIDRA disponiveis,interpolado_por_falta_de_observacao_sidra_no_ano,
3304144,330414,Queimados,Metropolitana I,2024,149093,SIDRA 6579 v9324 - Populacao residente estimada,estimativa_oficial_sidra,149093
3304144,330414,Queimados,Metropolitana I,2025,149135,SIDRA 6579 v9324 - Populacao residente estimada,estimativa_oficial_sidra,149135
3304151,330415,Quissamã,Norte,2010,20747,Interpolacao linear entre observacoes oficiais SIDRA disponiveis,interpolado_por_falta_de_observacao_sidra_no_ano,
3304151,330415,Quissamã,Norte,2011,20747,SIDRA 6579 v9324 - Populacao residente estimada,estimativa_oficial_sidra,20747
3304151,330415,Quissamã,Norte,2012,21234,SIDRA 6579 v9324 - Populacao residente estimada,estimativa_oficial_sidra,21234
3304151,330415,Quissamã,Norte,2013,21806,SIDRA 6579 v9324 - Populacao residente estimada,estimativa_oficial_sidra,21806
3304151,330415,Quissamã,Norte,2014,22261,SIDRA 6579 v9324 - Populacao residente estimada,estimativa_oficial_sidra,22261
3304151,330415,Quissamã,Norte,2015,22700,SIDRA 6579 v9324 - Populacao residente estimada,estimativa_oficial_sidra,22700
3304151,330415,Quissamã,Norte,2016,23125,SIDRA 6579 v9324 - Populacao residente estimada,estimativa_oficial_sidra,23125
3304151,330415,Quissamã,Norte,2017,23535,SIDRA 6579 v9324 - Populacao residente estimada,estimativa_oficial_sidra,23535
3304151,330415,Quissamã,Norte,2018,24246,SIDRA 6579 v9324 - Populacao residente estimada,estimativa_oficial_sidra,24246
3304151,330415,Quissamã,Norte,2019,24700,SIDRA 6579 v9324 - Populacao residente estimada,estimativa_oficial_sidra,24700
3304151,330415,Quissamã,Norte,2020,25126,SIDRA 6579 v9324 - Populacao residente estimada,estimativa_oficial_sidra,25126
3304151,330415,Quissamã,Norte,2021,25535,SIDRA 6579 v9324 - Populacao residente estimada,estimativa_oficial_sidra,25535
3304151,330415,Quissamã,Norte,2022,22393,"SIDRA 4714 v93 - Censo Demografico 2022, Populacao residente",censo_2022_oficial_sidra,22393
3304151,330415,Quissamã,Norte,2023,22759.5,Interpolacao linear entre observacoes oficiais SIDRA disponiveis,interpolado_por_falta_de_observacao_sidra_no_ano,
3304151,330415,Quissamã,Norte,2024,23126,SIDRA 6579 v9324 - Populacao residente estimada,estimativa_oficial_sidra,23126
3304151,330415,Quissamã,Norte,2025,23142,SIDRA 6579 v9324 - Populacao residente estimada,estimativa_oficial_sidra,23142
3304201,330420,Resende,Medio Paraiba,2010,120938,Interpolacao linear entre observacoes oficiais SIDRA disponiveis,interpolado_por_falta_de_observacao_sidra_no_ano,
3304201,330420,Resende,Medio Paraiba,2011,120938,SIDRA 6579 v9324 - Populacao residente estimada,estimativa_oficial_sidra,120938
3304201,330420,Resende,Medio Paraiba,2012,122068,SIDRA 6579 v9324 - Populacao residente estimada,estimativa_oficial_sidra,122068
3304201,330420,Resende,Medio Paraiba,2013,123385,SIDRA 6579 v9324 - Populacao residente estimada,estimativa_oficial_sidra,123385
3304201,330420,Resende,Medio Paraiba,2014,124316,SIDRA 6579 v9324 - Populacao residente estimada,estimativa_oficial_sidra,124316
3304201,330420,Resende,Medio Paraiba,2015,125214,SIDRA 6579 v9324 - Populacao residente estimada,estimativa_oficial_sidra,125214
3304201,330420,Resende,Medio Paraiba,2016,126084,SIDRA 6579 v9324 - Populacao residente estimada,estimativa_oficial_sidra,126084
3304201,330420,Resende,Medio Paraiba,2017,126923,SIDRA 6579 v9324 - Populacao residente estimada,estimativa_oficial_sidra,126923
3304201,330420,Resende,Medio Paraiba,2018,130334,SIDRA 6579 v9324 - Populacao residente estimada,estimativa_oficial_sidra,130334
3304201,330420,Resende,Medio Paraiba,2019,131341,SIDRA 6579 v9324 - Populacao residente estimada,estimativa_oficial_sidra,131341
3304201,330420,Resende,Medio Paraiba,2020,132312,SIDRA 6579 v9324 - Populacao residente estimada,estimativa_oficial_sidra,132312
3304201,330420,Resende,Medio Paraiba,2021,133244,SIDRA 6579 v9324 - Populacao residente estimada,estimativa_oficial_sidra,133244
3304201,330420,Resende,Medio Paraiba,2022,129612,"SIDRA 4714 v93 - Censo Demografico 2022, Populacao residente",censo_2022_oficial_sidra,129612
3304201,330420,Resende,Medio Paraiba,2023,133612,Interpolacao linear entre observacoes oficiais SIDRA disponiveis,interpolado_por_falta_de_observacao_sidra_no_ano,
3304201,330420,Resende,Medio Paraiba,2024,137612,SIDRA 6579 v9324 - Populacao residente estimada,estimativa_oficial_sidra,137612
3304201,330420,Resende,Medio Paraiba,2025,137697,SIDRA 6579 v9324 - Populacao residente estimada,estimativa_oficial_sidra,137697
3304300,330430,Rio Bonito,Metropolitana II,2010,56001,Interpolacao linear entre observacoes oficiais SIDRA disponiveis,interpolado_por_falta_de_observacao_sidra_no_ano,
3304300,330430,Rio Bonito,Metropolitana II,2011,56001,SIDRA 6579 v9324 - Populacao residente estimada,estimativa_oficial_sidra,56001
3304300,330430,Rio Bonito,Metropolitana II,2012,56436,SIDRA 6579 v9324 - Populacao residente estimada,estimativa_oficial_sidra,56436
3304300,330430,Rio Bonito,Metropolitana II,2013,56942,SIDRA 6579 v9324 - Populacao residente estimada,estimativa_oficial_sidra,56942
3304300,330430,Rio Bonito,Metropolitana II,2014,57284,SIDRA 6579 v9324 - Populacao residente estimada,estimativa_oficial_sidra,57284
3304300,330430,Rio Bonito,Metropolitana II,2015,57615,SIDRA 6579 v9324 - Populacao residente estimada,estimativa_oficial_sidra,57615
3304300,330430,Rio Bonito,Metropolitana II,2016,57963,SIDRA 6579 v9324 - Populacao residente estimada,estimativa_oficial_sidra,57963
3304300,330430,Rio Bonito,Metropolitana II,2017,58272,SIDRA 6579 v9324 - Populacao residente estimada,estimativa_oficial_sidra,58272
3304300,330430,Rio Bonito,Metropolitana II,2018,59814,SIDRA 6579 v9324 - Populacao residente estimada,estimativa_oficial_sidra,59814
3304300,330430,Rio Bonito,Metropolitana II,2019,60201,SIDRA 6579 v9324 - Populacao residente estimada,estimativa_oficial_sidra,60201
3304300,330430,Rio Bonito,Metropolitana II,2020,60573,SIDRA 6579 v9324 - Populacao residente estimada,estimativa_oficial_sidra,60573
3304300,330430,Rio Bonito,Metropolitana II,2021,60930,SIDRA 6579 v9324 - Populacao residente estimada,estimativa_oficial_sidra,60930
3304300,330430,Rio Bonito,Metropolitana II,2022,56276,"SIDRA 4714 v93 - Censo Demografico 2022, Populacao residente",censo_2022_oficial_sidra,56276
3304300,330430,Rio Bonito,Metropolitana II,2023,57694.5,Interpolacao linear entre observacoes oficiais SIDRA disponiveis,interpolado_por_falta_de_observacao_sidra_no_ano,
3304300,330430,Rio Bonito,Metropolitana II,2024,59113,SIDRA 6579 v9324 - Populacao residente estimada,estimativa_oficial_sidra,59113
3304300,330430,Rio Bonito,Metropolitana II,2025,59126,SIDRA 6579 v9324 - Populacao residente estimada,estimativa_oficial_sidra,59126
3304409,330440,Rio Claro,Medio Paraiba,2010,17517,Interpolacao linear entre observacoes oficiais SIDRA disponiveis,interpolado_por_falta_de_observacao_sidra_no_ano,
3304409,330440,Rio Claro,Medio Paraiba,2011,17517,SIDRA 6579 v9324 - Populacao residente estimada,estimativa_oficial_sidra,17517
3304409,330440,Rio Claro,Medio Paraiba,2012,17606,SIDRA 6579 v9324 - Populacao residente estimada,estimativa_oficial_sidra,17606
3304409,330440,Rio Claro,Medio Paraiba,2013,17709,SIDRA 6579 v9324 - Populacao residente estimada,estimativa_oficial_sidra,17709
3304409,330440,Rio Claro,Medio Paraiba,2014,17768,SIDRA 6579 v9324 - Populacao residente estimada,estimativa_oficial_sidra,17768
3304409,330440,Rio Claro,Medio Paraiba,2015,17826,SIDRA 6579 v9324 - Populacao residente estimada,estimativa_oficial_sidra,17826
3304409,330440,Rio Claro,Medio Paraiba,2016,17850,SIDRA 6579 v9324 - Populacao residente estimada,estimativa_oficial_sidra,17850
3304409,330440,Rio Claro,Medio Paraiba,2017,17988,SIDRA 6579 v9324 - Populacao residente estimada,estimativa_oficial_sidra,17988
3304409,330440,Rio Claro,Medio Paraiba,2018,18451,SIDRA 6579 v9324 - Populacao residente estimada,estimativa_oficial_sidra,18451
3304409,330440,Rio Claro,Medio Paraiba,2019,18529,SIDRA 6579 v9324 - Populacao residente estimada,estimativa_oficial_sidra,18529
3304409,330440,Rio Claro,Medio Paraiba,2020,18605,SIDRA 6579 v9324 - Populacao residente estimada,estimativa_oficial_sidra,18605
3304409,330440,Rio Claro,Medio Paraiba,2021,18677,SIDRA 6579 v9324 - Populacao residente estimada,estimativa_oficial_sidra,18677
3304409,330440,Rio Claro,Medio Paraiba,2022,17401,"SIDRA 4714 v93 - Censo Demografico 2022, Populacao residente",censo_2022_oficial_sidra,17401
3304409,330440,Rio Claro,Medio Paraiba,2023,17675.5,Interpolacao linear entre observacoes oficiais SIDRA disponiveis,interpolado_por_falta_de_observacao_sidra_no_ano,
3304409,330440,Rio Claro,Medio Paraiba,2024,17950,SIDRA 6579 v9324 - Populacao residente estimada,estimativa_oficial_sidra,17950
3304409,330440,Rio Claro,Medio Paraiba,2025,17951,SIDRA 6579 v9324 - Populacao residente estimada,estimativa_oficial_sidra,17951
3304508,330450,Rio das Flores,Medio Paraiba,2010,8633,Interpolacao linear entre observacoes oficiais SIDRA disponiveis,interpolado_por_falta_de_observacao_sidra_no_ano,
3304508,330450,Rio das Flores,Medio Paraiba,2011,8633,SIDRA 6579 v9324 - Populacao residente estimada,estimativa_oficial_sidra,8633
3304508,330450,Rio das Flores,Medio Paraiba,2012,8703,SIDRA 6579 v9324 - Populacao residente estimada,estimativa_oficial_sidra,8703
3304508,330450,Rio das Flores,Medio Paraiba,2013,8783,SIDRA 6579 v9324 - Populacao residente estimada,estimativa_oficial_sidra,8783
3304508,330450,Rio das Flores,Medio Paraiba,2014,8838,SIDRA 6579 v9324 - Populacao residente estimada,estimativa_oficial_sidra,8838
3304508,330450,Rio das Flores,Medio Paraiba,2015,8892,SIDRA 6579 v9324 - Populacao residente estimada,estimativa_oficial_sidra,8892
3304508,330450,Rio das Flores,Medio Paraiba,2016,8943,SIDRA 6579 v9324 - Populacao residente estimada,estimativa_oficial_sidra,8943
3304508,330450,Rio das Flores,Medio Paraiba,2017,8984,SIDRA 6579 v9324 - Populacao residente estimada,estimativa_oficial_sidra,8984
3304508,330450,Rio das Flores,Medio Paraiba,2018,9222,SIDRA 6579 v9324 - Populacao residente estimada,estimativa_oficial_sidra,9222
3304508,330450,Rio das Flores,Medio Paraiba,2019,9284,SIDRA 6579 v9324 - Populacao residente estimada,estimativa_oficial_sidra,9284
3304508,330450,Rio das Flores,Medio Paraiba,2020,9344,SIDRA 6579 v9324 - Populacao residente estimada,estimativa_oficial_sidra,9344
3304508,330450,Rio das Flores,Medio Paraiba,2021,9401,SIDRA 6579 v9324 - Populacao residente estimada,estimativa_oficial_sidra,9401
3304508,330450,Rio das Flores,Medio Paraiba,2022,8954,"SIDRA 4714 v93 - Censo Demografico 2022, Populacao residente",censo_2022_oficial_sidra,8954
3304508,330450,Rio das Flores,Medio Paraiba,2023,9109,Interpolacao linear entre observacoes oficiais SIDRA disponiveis,interpolado_por_falta_de_observacao_sidra_no_ano,
3304508,330450,Rio das Flores,Medio Paraiba,2024,9264,SIDRA 6579 v9324 - Populacao residente estimada,estimativa_oficial_sidra,9264
3304508,330450,Rio das Flores,Medio Paraiba,2025,9267,SIDRA 6579 v9324 - Populacao residente estimada,estimativa_oficial_sidra,9267
3304524,330452,Rio das Ostras,Baixada Litoranea,2010,110992,Interpolacao linear entre observacoes oficiais SIDRA disponiveis,interpolado_por_falta_de_observacao_sidra_no_ano,
3304524,330452,Rio das Ostras,Baixada Litoranea,2011,110992,SIDRA 6579 v9324 - Populacao residente estimada,estimativa_oficial_sidra,110992
3304524,330452,Rio das Ostras,Baixada Litoranea,2012,116134,SIDRA 6579 v9324 - Populacao residente estimada,estimativa_oficial_sidra,116134
3304524,330452,Rio das Ostras,Baixada Litoranea,2013,122196,SIDRA 6579 v9324 - Populacao residente estimada,estimativa_oficial_sidra,122196
3304524,330452,Rio das Ostras,Baixada Litoranea,2014,127171,SIDRA 6579 v9324 - Populacao residente estimada,estimativa_oficial_sidra,127171
3304524,330452,Rio das Ostras,Baixada Litoranea,2015,131976,SIDRA 6579 v9324 - Populacao residente estimada,estimativa_oficial_sidra,131976
3304524,330452,Rio das Ostras,Baixada Litoranea,2016,136626,SIDRA 6579 v9324 - Populacao residente estimada,estimativa_oficial_sidra,136626
3304524,330452,Rio das Ostras,Baixada Litoranea,2017,141117,SIDRA 6579 v9324 - Populacao residente estimada,estimativa_oficial_sidra,141117
3304524,330452,Rio das Ostras,Baixada Litoranea,2018,145989,SIDRA 6579 v9324 - Populacao residente estimada,estimativa_oficial_sidra,145989
3304524,330452,Rio das Ostras,Baixada Litoranea,2019,150674,SIDRA 6579 v9324 - Populacao residente estimada,estimativa_oficial_sidra,150674
3304524,330452,Rio das Ostras,Baixada Litoranea,2020,155193,SIDRA 6579 v9324 - Populacao residente estimada,estimativa_oficial_sidra,155193
3304524,330452,Rio das Ostras,Baixada Litoranea,2021,159529,SIDRA 6579 v9324 - Populacao residente estimada,estimativa_oficial_sidra,159529
3304524,330452,Rio das Ostras,Baixada Litoranea,2022,156491,"SIDRA 4714 v93 - Censo Demografico 2022, Populacao residente",censo_2022_oficial_sidra,156491
3304524,330452,Rio das Ostras,Baixada Litoranea,2023,162295,Interpolacao linear entre observacoes oficiais SIDRA disponiveis,interpolado_por_falta_de_observacao_sidra_no_ano,
3304524,330452,Rio das Ostras,Baixada Litoranea,2024,168099,SIDRA 6579 v9324 - Populacao residente estimada,estimativa_oficial_sidra,168099
3304524,330452,Rio das Ostras,Baixada Litoranea,2025,168455,SIDRA 6579 v9324 - Populacao residente estimada,estimativa_oficial_sidra,168455
3304557,330455,Rio de Janeiro,Metropolitana I,2010,6355949,Interpolacao linear entre observacoes oficiais SIDRA disponiveis,interpolado_por_falta_de_observacao_sidra_no_ano,
3304557,330455,Rio de Janeiro,Metropolitana I,2011,6355949,SIDRA 6579 v9324 - Populacao residente estimada,estimativa_oficial_sidra,6355949
3304557,330455,Rio de Janeiro,Metropolitana I,2012,6390290,SIDRA 6579 v9324 - Populacao residente estimada,estimativa_oficial_sidra,6390290
3304557,330455,Rio de Janeiro,Metropolitana I,2013,6429923,SIDRA 6579 v9324 - Populacao residente estimada,estimativa_oficial_sidra,6429923
3304557,330455,Rio de Janeiro,Metropolitana I,2014,6453682,SIDRA 6579 v9324 - Populacao residente estimada,estimativa_oficial_sidra,6453682
3304557,330455,Rio de Janeiro,Metropolitana I,2015,6476631,SIDRA 6579 v9324 - Populacao residente estimada,estimativa_oficial_sidra,6476631
3304557,330455,Rio de Janeiro,Metropolitana I,2016,6498837,SIDRA 6579 v9324 - Populacao residente estimada,estimativa_oficial_sidra,6498837
3304557,330455,Rio de Janeiro,Metropolitana I,2017,6520266,SIDRA 6579 v9324 - Populacao residente estimada,estimativa_oficial_sidra,6520266
3304557,330455,Rio de Janeiro,Metropolitana I,2018,6688927,SIDRA 6579 v9324 - Populacao residente estimada,estimativa_oficial_sidra,6688927
3304557,330455,Rio de Janeiro,Metropolitana I,2019,6718903,SIDRA 6579 v9324 - Populacao residente estimada,estimativa_oficial_sidra,6718903
3304557,330455,Rio de Janeiro,Metropolitana I,2020,6747815,SIDRA 6579 v9324 - Populacao residente estimada,estimativa_oficial_sidra,6747815
3304557,330455,Rio de Janeiro,Metropolitana I,2021,6775561,SIDRA 6579 v9324 - Populacao residente estimada,estimativa_oficial_sidra,6775561
3304557,330455,Rio de Janeiro,Metropolitana I,2022,6211223,"SIDRA 4714 v93 - Censo Demografico 2022, Populacao residente",censo_2022_oficial_sidra,6211223
3304557,330455,Rio de Janeiro,Metropolitana I,2023,6470558.5,Interpolacao linear entre observacoes oficiais SIDRA disponiveis,interpolado_por_falta_de_observacao_sidra_no_ano,
3304557,330455,Rio de Janeiro,Metropolitana I,2024,6729894,SIDRA 6579 v9324 - Populacao residente estimada,estimativa_oficial_sidra,6729894
3304557,330455,Rio de Janeiro,Metropolitana I,2025,6730729,SIDRA 6579 v9324 - Populacao residente estimada,estimativa_oficial_sidra,6730729
3304607,330460,Santa Maria Madalena,Serrana,2010,10310,Interpolacao linear entre observacoes oficiais SIDRA disponiveis,interpolado_por_falta_de_observacao_sidra_no_ano,
3304607,330460,Santa Maria Madalena,Serrana,2011,10310,SIDRA 6579 v9324 - Populacao residente estimada,estimativa_oficial_sidra,10310
3304607,330460,Santa Maria Madalena,Serrana,2012,10298,SIDRA 6579 v9324 - Populacao residente estimada,estimativa_oficial_sidra,10298
3304607,330460,Santa Maria Madalena,Serrana,2013,10282,SIDRA 6579 v9324 - Populacao residente estimada,estimativa_oficial_sidra,10282
3304607,330460,Santa Maria Madalena,Serrana,2014,10253,SIDRA 6579 v9324 - Populacao residente estimada,estimativa_oficial_sidra,10253
3304607,330460,Santa Maria Madalena,Serrana,2015,10225,SIDRA 6579 v9324 - Populacao residente estimada,estimativa_oficial_sidra,10225
3304607,330460,Santa Maria Madalena,Serrana,2016,10198,SIDRA 6579 v9324 - Populacao residente estimada,estimativa_oficial_sidra,10198
3304607,330460,Santa Maria Madalena,Serrana,2017,10172,SIDRA 6579 v9324 - Populacao residente estimada,estimativa_oficial_sidra,10172
3304607,330460,Santa Maria Madalena,Serrana,2018,10417,SIDRA 6579 v9324 - Populacao residente estimada,estimativa_oficial_sidra,10417
3304607,330460,Santa Maria Madalena,Serrana,2019,10404,SIDRA 6579 v9324 - Populacao residente estimada,estimativa_oficial_sidra,10404
3304607,330460,Santa Maria Madalena,Serrana,2020,10392,SIDRA 6579 v9324 - Populacao residente estimada,estimativa_oficial_sidra,10392
3304607,330460,Santa Maria Madalena,Serrana,2021,10380,SIDRA 6579 v9324 - Populacao residente estimada,estimativa_oficial_sidra,10380
3304607,330460,Santa Maria Madalena,Serrana,2022,10232,"SIDRA 4714 v93 - Censo Demografico 2022, Populacao residente",censo_2022_oficial_sidra,10232
3304607,330460,Santa Maria Madalena,Serrana,2023,10405.5,Interpolacao linear entre observacoes oficiais SIDRA disponiveis,interpolado_por_falta_de_observacao_sidra_no_ano,
3304607,330460,Santa Maria Madalena,Serrana,2024,10579,SIDRA 6579 v9324 - Populacao residente estimada,estimativa_oficial_sidra,10579
3304607,330460,Santa Maria Madalena,Serrana,2025,10580,SIDRA 6579 v9324 - Populacao residente estimada,estimativa_oficial_sidra,10580
3304706,330470,Santo Antônio de Pádua,Noroeste,2010,40735,Interpolacao linear entre observacoes oficiais SIDRA disponiveis,interpolado_por_falta_de_observacao_sidra_no_ano,
3304706,330470,Santo Antônio de Pádua,Noroeste,2011,40735,SIDRA 6579 v9324 - Populacao residente estimada,estimativa_oficial_sidra,40735
3304706,330470,Santo Antônio de Pádua,Noroeste,2012,40876,SIDRA 6579 v9324 - Populacao residente estimada,estimativa_oficial_sidra,40876
3304706,330470,Santo Antônio de Pádua,Noroeste,2013,41035,SIDRA 6579 v9324 - Populacao residente estimada,estimativa_oficial_sidra,41035
3304706,330470,Santo Antônio de Pádua,Noroeste,2014,41108,SIDRA 6579 v9324 - Populacao residente estimada,estimativa_oficial_sidra,41108
3304706,330470,Santo Antônio de Pádua,Noroeste,2015,41178,SIDRA 6579 v9324 - Populacao residente estimada,estimativa_oficial_sidra,41178
3304706,330470,Santo Antônio de Pádua,Noroeste,2016,41246,SIDRA 6579 v9324 - Populacao residente estimada,estimativa_oficial_sidra,41246
3304706,330470,Santo Antônio de Pádua,Noroeste,2017,41312,SIDRA 6579 v9324 - Populacao residente estimada,estimativa_oficial_sidra,41312
3304706,330470,Santo Antônio de Pádua,Noroeste,2018,42359,SIDRA 6579 v9324 - Populacao residente estimada,estimativa_oficial_sidra,42359
3304706,330470,Santo Antônio de Pádua,Noroeste,2019,42479,SIDRA 6579 v9324 - Populacao residente estimada,estimativa_oficial_sidra,42479
3304706,330470,Santo Antônio de Pádua,Noroeste,2020,42594,SIDRA 6579 v9324 - Populacao residente estimada,estimativa_oficial_sidra,42594
3304706,330470,Santo Antônio de Pádua,Noroeste,2021,42705,SIDRA 6579 v9324 - Populacao residente estimada,estimativa_oficial_sidra,42705
3304706,330470,Santo Antônio de Pádua,Noroeste,2022,41325,"SIDRA 4714 v93 - Censo Demografico 2022, Populacao residente",censo_2022_oficial_sidra,41325
3304706,330470,Santo Antônio de Pádua,Noroeste,2023,42505.5,Interpolacao linear entre observacoes oficiais SIDRA disponiveis,interpolado_por_falta_de_observacao_sidra_no_ano,
3304706,330470,Santo Antônio de Pádua,Noroeste,2024,43686,SIDRA 6579 v9324 - Populacao residente estimada,estimativa_oficial_sidra,43686
3304706,330470,Santo Antônio de Pádua,Noroeste,2025,43697,SIDRA 6579 v9324 - Populacao residente estimada,estimativa_oficial_sidra,43697
3304755,330475,São Francisco de Itabapoana,Norte,2010,41371,Interpolacao linear entre observacoes oficiais SIDRA disponiveis,interpolado_por_falta_de_observacao_sidra_no_ano,
3304755,330475,São Francisco de Itabapoana,Norte,2011,41371,SIDRA 6579 v9324 - Populacao residente estimada,estimativa_oficial_sidra,41371
3304755,330475,São Francisco de Itabapoana,Norte,2012,41386,SIDRA 6579 v9324 - Populacao residente estimada,estimativa_oficial_sidra,41386
3304755,330475,São Francisco de Itabapoana,Norte,2013,41397,SIDRA 6579 v9324 - Populacao residente estimada,estimativa_oficial_sidra,41397
3304755,330475,São Francisco de Itabapoana,Norte,2014,41343,SIDRA 6579 v9324 - Populacao residente estimada,estimativa_oficial_sidra,41343
3304755,330475,São Francisco de Itabapoana,Norte,2015,41291,SIDRA 6579 v9324 - Populacao residente estimada,estimativa_oficial_sidra,41291
3304755,330475,São Francisco de Itabapoana,Norte,2016,41240,SIDRA 6579 v9324 - Populacao residente estimada,estimativa_oficial_sidra,41240
3304755,330475,São Francisco de Itabapoana,Norte,2017,41191,SIDRA 6579 v9324 - Populacao residente estimada,estimativa_oficial_sidra,41191
3304755,330475,São Francisco de Itabapoana,Norte,2018,42201,SIDRA 6579 v9324 - Populacao residente estimada,estimativa_oficial_sidra,42201
3304755,330475,São Francisco de Itabapoana,Norte,2019,42205,SIDRA 6579 v9324 - Populacao residente estimada,estimativa_oficial_sidra,42205
3304755,330475,São Francisco de Itabapoana,Norte,2020,42210,SIDRA 6579 v9324 - Populacao residente estimada,estimativa_oficial_sidra,42210
3304755,330475,São Francisco de Itabapoana,Norte,2021,42214,SIDRA 6579 v9324 - Populacao residente estimada,estimativa_oficial_sidra,42214
3304755,330475,São Francisco de Itabapoana,Norte,2022,45059,"SIDRA 4714 v93 - Censo Demografico 2022, Populacao residente",censo_2022_oficial_sidra,45059
3304755,330475,São Francisco de Itabapoana,Norte,2023,46213.5,Interpolacao linear entre observacoes oficiais SIDRA disponiveis,interpolado_por_falta_de_observacao_sidra_no_ano,
3304755,330475,São Francisco de Itabapoana,Norte,2024,47368,SIDRA 6579 v9324 - Populacao residente estimada,estimativa_oficial_sidra,47368
3304755,330475,São Francisco de Itabapoana,Norte,2025,47397,SIDRA 6579 v9324 - Populacao residente estimada,estimativa_oficial_sidra,47397
3304805,330480,São Fidélis,Norte,2010,37601,Interpolacao linear entre observacoes oficiais SIDRA disponiveis,interpolado_por_falta_de_observacao_sidra_no_ano,
3304805,330480,São Fidélis,Norte,2011,37601,SIDRA 6579 v9324 - Populacao residente estimada,estimativa_oficial_sidra,37601
3304805,330480,São Fidélis,Norte,2012,37657,SIDRA 6579 v9324 - Populacao residente estimada,estimativa_oficial_sidra,37657
3304805,330480,São Fidélis,Norte,2013,37717,SIDRA 6579 v9324 - Populacao residente estimada,estimativa_oficial_sidra,37717
3304805,330480,São Fidélis,Norte,2014,37710,SIDRA 6579 v9324 - Populacao residente estimada,estimativa_oficial_sidra,37710
3304805,330480,São Fidélis,Norte,2015,37703,SIDRA 6579 v9324 - Populacao residente estimada,estimativa_oficial_sidra,37703
3304805,330480,São Fidélis,Norte,2016,37696,SIDRA 6579 v9324 - Populacao residente estimada,estimativa_oficial_sidra,37696
3304805,330480,São Fidélis,Norte,2017,37689,SIDRA 6579 v9324 - Populacao residente estimada,estimativa_oficial_sidra,37689
3304805,330480,São Fidélis,Norte,2018,38626,SIDRA 6579 v9324 - Populacao residente estimada,estimativa_oficial_sidra,38626
3304805,330480,São Fidélis,Norte,2019,38669,SIDRA 6579 v9324 - Populacao residente estimada,estimativa_oficial_sidra,38669
3304805,330480,São Fidélis,Norte,2020,38710,SIDRA 6579 v9324 - Populacao residente estimada,estimativa_oficial_sidra,38710
3304805,330480,São Fidélis,Norte,2021,38749,SIDRA 6579 v9324 - Populacao residente estimada,estimativa_oficial_sidra,38749
3304805,330480,São Fidélis,Norte,2022,38961,"SIDRA 4714 v93 - Censo Demografico 2022, Populacao residente",censo_2022_oficial_sidra,38961
3304805,330480,São Fidélis,Norte,2023,40079,Interpolacao linear entre observacoes oficiais SIDRA disponiveis,interpolado_por_falta_de_observacao_sidra_no_ano,
3304805,330480,São Fidélis,Norte,2024,41197,SIDRA 6579 v9324 - Populacao residente estimada,estimativa_oficial_sidra,41197
3304805,330480,São Fidélis,Norte,2025,41212,SIDRA 6579 v9324 - Populacao residente estimada,estimativa_oficial_sidra,41212
3304904,330490,São Gonçalo,Metropolitana II,2010,1008065,Interpolacao linear entre observacoes oficiais SIDRA disponiveis,interpolado_por_falta_de_observacao_sidra_no_ano,
3304904,330490,São Gonçalo,Metropolitana II,2011,1008065,SIDRA 6579 v9324 - Populacao residente estimada,estimativa_oficial_sidra,1008065
3304904,330490,São Gonçalo,Metropolitana II,2012,1016128,SIDRA 6579 v9324 - Populacao residente estimada,estimativa_oficial_sidra,1016128
3304904,330490,São Gonçalo,Metropolitana II,2013,1025507,SIDRA 6579 v9324 - Populacao residente estimada,estimativa_oficial_sidra,1025507
3304904,330490,São Gonçalo,Metropolitana II,2014,1031903,SIDRA 6579 v9324 - Populacao residente estimada,estimativa_oficial_sidra,1031903
3304904,330490,São Gonçalo,Metropolitana II,2015,1038081,SIDRA 6579 v9324 - Populacao residente estimada,estimativa_oficial_sidra,1038081
3304904,330490,São Gonçalo,Metropolitana II,2016,1044058,SIDRA 6579 v9324 - Populacao residente estimada,estimativa_oficial_sidra,1044058
3304904,330490,São Gonçalo,Metropolitana II,2017,1049826,SIDRA 6579 v9324 - Populacao residente estimada,estimativa_oficial_sidra,1049826
3304904,330490,São Gonçalo,Metropolitana II,2018,1077687,SIDRA 6579 v9324 - Populacao residente estimada,estimativa_oficial_sidra,1077687
3304904,330490,São Gonçalo,Metropolitana II,2019,1084839,SIDRA 6579 v9324 - Populacao residente estimada,estimativa_oficial_sidra,1084839
3304904,330490,São Gonçalo,Metropolitana II,2020,1091737,SIDRA 6579 v9324 - Populacao residente estimada,estimativa_oficial_sidra,1091737
3304904,330490,São Gonçalo,Metropolitana II,2021,1098357,SIDRA 6579 v9324 - Populacao residente estimada,estimativa_oficial_sidra,1098357
3304904,330490,São Gonçalo,Metropolitana II,2022,896744,"SIDRA 4714 v93 - Censo Demografico 2022, Populacao residente",censo_2022_oficial_sidra,896744
3304904,330490,São Gonçalo,Metropolitana II,2023,928698,Interpolacao linear entre observacoes oficiais SIDRA disponiveis,interpolado_por_falta_de_observacao_sidra_no_ano,
3304904,330490,São Gonçalo,Metropolitana II,2024,960652,SIDRA 6579 v9324 - Populacao residente estimada,estimativa_oficial_sidra,960652
3304904,330490,São Gonçalo,Metropolitana II,2025,960196,SIDRA 6579 v9324 - Populacao residente estimada,estimativa_oficial_sidra,960196
3305000,330500,São João da Barra,Norte,2010,33136,Interpolacao linear entre observacoes oficiais SIDRA disponiveis,interpolado_por_falta_de_observacao_sidra_no_ano,
3305000,330500,São João da Barra,Norte,2011,33136,SIDRA 6579 v9324 - Populacao residente estimada,estimativa_oficial_sidra,33136
3305000,330500,São João da Barra,Norte,2012,33512,SIDRA 6579 v9324 - Populacao residente estimada,estimativa_oficial_sidra,33512
3305000,330500,São João da Barra,Norte,2013,33951,SIDRA 6579 v9324 - Populacao residente estimada,estimativa_oficial_sidra,33951
3305000,330500,São João da Barra,Norte,2014,34273,SIDRA 6579 v9324 - Populacao residente estimada,estimativa_oficial_sidra,34273
3305000,330500,São João da Barra,Norte,2015,34583,SIDRA 6579 v9324 - Populacao residente estimada,estimativa_oficial_sidra,34583
3305000,330500,São João da Barra,Norte,2016,34884,SIDRA 6579 v9324 - Populacao residente estimada,estimativa_oficial_sidra,34884
3305000,330500,São João da Barra,Norte,2017,35174,SIDRA 6579 v9324 - Populacao residente estimada,estimativa_oficial_sidra,35174
3305000,330500,São João da Barra,Norte,2018,36138,SIDRA 6579 v9324 - Populacao residente estimada,estimativa_oficial_sidra,36138
3305000,330500,São João da Barra,Norte,2019,36102,SIDRA 6579 v9324 - Populacao residente estimada,estimativa_oficial_sidra,36102
3305000,330500,São João da Barra,Norte,2020,36423,SIDRA 6579 v9324 - Populacao residente estimada,estimativa_oficial_sidra,36423
3305000,330500,São João da Barra,Norte,2021,36731,SIDRA 6579 v9324 - Populacao residente estimada,estimativa_oficial_sidra,36731
3305000,330500,São João da Barra,Norte,2022,36573,"SIDRA 4714 v93 - Censo Demografico 2022, Populacao residente",censo_2022_oficial_sidra,36573
3305000,330500,São João da Barra,Norte,2023,37640.5,Interpolacao linear entre observacoes oficiais SIDRA disponiveis,interpolado_por_falta_de_observacao_sidra_no_ano,
3305000,330500,São João da Barra,Norte,2024,38708,SIDRA 6579 v9324 - Populacao residente estimada,estimativa_oficial_sidra,38708
3305000,330500,São João da Barra,Norte,2025,38740,SIDRA 6579 v9324 - Populacao residente estimada,estimativa_oficial_sidra,38740
3305109,330510,São João de Meriti,Metropolitana I,2010,459379,Interpolacao linear entre observacoes oficiais SIDRA disponiveis,interpolado_por_falta_de_observacao_sidra_no_ano,
3305109,330510,São João de Meriti,Metropolitana I,2011,459379,SIDRA 6579 v9324 - Populacao residente estimada,estimativa_oficial_sidra,459379
3305109,330510,São João de Meriti,Metropolitana I,2012,460062,SIDRA 6579 v9324 - Populacao residente estimada,estimativa_oficial_sidra,460062
3305109,330510,São João de Meriti,Metropolitana I,2013,460799,SIDRA 6579 v9324 - Populacao residente estimada,estimativa_oficial_sidra,460799
3305109,330510,São João de Meriti,Metropolitana I,2014,460711,SIDRA 6579 v9324 - Populacao residente estimada,estimativa_oficial_sidra,460711
3305109,330510,São João de Meriti,Metropolitana I,2015,460625,SIDRA 6579 v9324 - Populacao residente estimada,estimativa_oficial_sidra,460625
3305109,330510,São João de Meriti,Metropolitana I,2016,460541,SIDRA 6579 v9324 - Populacao residente estimada,estimativa_oficial_sidra,460541
3305109,330510,São João de Meriti,Metropolitana I,2017,460461,SIDRA 6579 v9324 - Populacao residente estimada,estimativa_oficial_sidra,460461
3305109,330510,São João de Meriti,Metropolitana I,2018,471888,SIDRA 6579 v9324 - Populacao residente estimada,estimativa_oficial_sidra,471888
3305109,330510,São João de Meriti,Metropolitana I,2019,472406,SIDRA 6579 v9324 - Populacao residente estimada,estimativa_oficial_sidra,472406
3305109,330510,São João de Meriti,Metropolitana I,2020,472906,SIDRA 6579 v9324 - Populacao residente estimada,estimativa_oficial_sidra,472906
3305109,330510,São João de Meriti,Metropolitana I,2021,473385,SIDRA 6579 v9324 - Populacao residente estimada,estimativa_oficial_sidra,473385
3305109,330510,São João de Meriti,Metropolitana I,2022,440962,"SIDRA 4714 v93 - Censo Demografico 2022, Populacao residente",censo_2022_oficial_sidra,440962
3305109,330510,São João de Meriti,Metropolitana I,2023,453749,Interpolacao linear entre observacoes oficiais SIDRA disponiveis,interpolado_por_falta_de_observacao_sidra_no_ano,
3305109,330510,São João de Meriti,Metropolitana I,2024,466536,SIDRA 6579 v9324 - Populacao residente estimada,estimativa_oficial_sidra,466536
3305109,330510,São João de Meriti,Metropolitana I,2025,466503,SIDRA 6579 v9324 - Populacao residente estimada,estimativa_oficial_sidra,466503
3305133,330513,São José de Ubá,Noroeste,2010,7049,Interpolacao linear entre observacoes oficiais SIDRA disponiveis,interpolado_por_falta_de_observacao_sidra_no_ano,
3305133,330513,São José de Ubá,Noroeste,2011,7049,SIDRA 6579 v9324 - Populacao residente estimada,estimativa_oficial_sidra,7049
3305133,330513,São José de Ubá,Noroeste,2012,7093,SIDRA 6579 v9324 - Populacao residente estimada,estimativa_oficial_sidra,7093
3305133,330513,São José de Ubá,Noroeste,2013,7143,SIDRA 6579 v9324 - Populacao residente estimada,estimativa_oficial_sidra,7143
3305133,330513,São José de Ubá,Noroeste,2014,7175,SIDRA 6579 v9324 - Populacao residente estimada,estimativa_oficial_sidra,7175
3305133,330513,São José de Ubá,Noroeste,2015,7206,SIDRA 6579 v9324 - Populacao residente estimada,estimativa_oficial_sidra,7206
3305133,330513,São José de Ubá,Noroeste,2016,7236,SIDRA 6579 v9324 - Populacao residente estimada,estimativa_oficial_sidra,7236
3305133,330513,São José de Ubá,Noroeste,2017,6953,SIDRA 6579 v9324 - Populacao residente estimada,estimativa_oficial_sidra,6953
3305133,330513,São José de Ubá,Noroeste,2018,7134,SIDRA 6579 v9324 - Populacao residente estimada,estimativa_oficial_sidra,7134
3305133,330513,São José de Ubá,Noroeste,2019,7171,SIDRA 6579 v9324 - Populacao residente estimada,estimativa_oficial_sidra,7171
3305133,330513,São José de Ubá,Noroeste,2020,7206,SIDRA 6579 v9324 - Populacao residente estimada,estimativa_oficial_sidra,7206
3305133,330513,São José de Ubá,Noroeste,2021,7240,SIDRA 6579 v9324 - Populacao residente estimada,estimativa_oficial_sidra,7240
3305133,330513,São José de Ubá,Noroeste,2022,7070,"SIDRA 4714 v93 - Censo Demografico 2022, Populacao residente",censo_2022_oficial_sidra,7070
3305133,330513,São José de Ubá,Noroeste,2023,7192.5,Interpolacao linear entre observacoes oficiais SIDRA disponiveis,interpolado_por_falta_de_observacao_sidra_no_ano,
3305133,330513,São José de Ubá,Noroeste,2024,7315,SIDRA 6579 v9324 - Populacao residente estimada,estimativa_oficial_sidra,7315
3305133,330513,São José de Ubá,Noroeste,2025,7318,SIDRA 6579 v9324 - Populacao residente estimada,estimativa_oficial_sidra,7318
3305158,330515,São José do Vale do Rio Preto,Serrana,2010,20398,Interpolacao linear entre observacoes oficiais SIDRA disponiveis,interpolado_por_falta_de_observacao_sidra_no_ano,
3305158,330515,São José do Vale do Rio Preto,Serrana,2011,20398,SIDRA 6579 v9324 - Populacao residente estimada,estimativa_oficial_sidra,20398
3305158,330515,São José do Vale do Rio Preto,Serrana,2012,20540,SIDRA 6579 v9324 - Populacao residente estimada,estimativa_oficial_sidra,20540
3305158,330515,São José do Vale do Rio Preto,Serrana,2013,20704,SIDRA 6579 v9324 - Populacao residente estimada,estimativa_oficial_sidra,20704
3305158,330515,São José do Vale do Rio Preto,Serrana,2014,20812,SIDRA 6579 v9324 - Populacao residente estimada,estimativa_oficial_sidra,20812
3305158,330515,São José do Vale do Rio Preto,Serrana,2015,20916,SIDRA 6579 v9324 - Populacao residente estimada,estimativa_oficial_sidra,20916
3305158,330515,São José do Vale do Rio Preto,Serrana,2016,21017,SIDRA 6579 v9324 - Populacao residente estimada,estimativa_oficial_sidra,21017
3305158,330515,São José do Vale do Rio Preto,Serrana,2017,21114,SIDRA 6579 v9324 - Populacao residente estimada,estimativa_oficial_sidra,21114
3305158,330515,São José do Vale do Rio Preto,Serrana,2018,21670,SIDRA 6579 v9324 - Populacao residente estimada,estimativa_oficial_sidra,21670
3305158,330515,São José do Vale do Rio Preto,Serrana,2019,21795,SIDRA 6579 v9324 - Populacao residente estimada,estimativa_oficial_sidra,21795
3305158,330515,São José do Vale do Rio Preto,Serrana,2020,21916,SIDRA 6579 v9324 - Populacao residente estimada,estimativa_oficial_sidra,21916
3305158,330515,São José do Vale do Rio Preto,Serrana,2021,22032,SIDRA 6579 v9324 - Populacao residente estimada,estimativa_oficial_sidra,22032
3305158,330515,São José do Vale do Rio Preto,Serrana,2022,22080,"SIDRA 4714 v93 - Censo Demografico 2022, Populacao residente",censo_2022_oficial_sidra,22080
3305158,330515,São José do Vale do Rio Preto,Serrana,2023,22439.5,Interpolacao linear entre observacoes oficiais SIDRA disponiveis,interpolado_por_falta_de_observacao_sidra_no_ano,
3305158,330515,São José do Vale do Rio Preto,Serrana,2024,22799,SIDRA 6579 v9324 - Populacao residente estimada,estimativa_oficial_sidra,22799
3305158,330515,São José do Vale do Rio Preto,Serrana,2025,22813,SIDRA 6579 v9324 - Populacao residente estimada,estimativa_oficial_sidra,22813
3305208,330520,São Pedro da Aldeia,Baixada Litoranea,2010,89739,Interpolacao linear entre observacoes oficiais SIDRA disponiveis,interpolado_por_falta_de_observacao_sidra_no_ano,
3305208,330520,São Pedro da Aldeia,Baixada Litoranea,2011,89739,SIDRA 6579 v9324 - Populacao residente estimada,estimativa_oficial_sidra,89739
3305208,330520,São Pedro da Aldeia,Baixada Litoranea,2012,91542,SIDRA 6579 v9324 - Populacao residente estimada,estimativa_oficial_sidra,91542
3305208,330520,São Pedro da Aldeia,Baixada Litoranea,2013,93659,SIDRA 6579 v9324 - Populacao residente estimada,estimativa_oficial_sidra,93659
3305208,330520,São Pedro da Aldeia,Baixada Litoranea,2014,95318,SIDRA 6579 v9324 - Populacao residente estimada,estimativa_oficial_sidra,95318
3305208,330520,São Pedro da Aldeia,Baixada Litoranea,2015,96920,SIDRA 6579 v9324 - Populacao residente estimada,estimativa_oficial_sidra,96920
3305208,330520,São Pedro da Aldeia,Baixada Litoranea,2016,98470,SIDRA 6579 v9324 - Populacao residente estimada,estimativa_oficial_sidra,98470
3305208,330520,São Pedro da Aldeia,Baixada Litoranea,2017,99906,SIDRA 6579 v9324 - Populacao residente estimada,estimativa_oficial_sidra,99906
3305208,330520,São Pedro da Aldeia,Baixada Litoranea,2018,102846,SIDRA 6579 v9324 - Populacao residente estimada,estimativa_oficial_sidra,102846
3305208,330520,São Pedro da Aldeia,Baixada Litoranea,2019,104476,SIDRA 6579 v9324 - Populacao residente estimada,estimativa_oficial_sidra,104476
3305208,330520,São Pedro da Aldeia,Baixada Litoranea,2020,106049,SIDRA 6579 v9324 - Populacao residente estimada,estimativa_oficial_sidra,106049
3305208,330520,São Pedro da Aldeia,Baixada Litoranea,2021,107556,SIDRA 6579 v9324 - Populacao residente estimada,estimativa_oficial_sidra,107556
3305208,330520,São Pedro da Aldeia,Baixada Litoranea,2022,104029,"SIDRA 4714 v93 - Censo Demografico 2022, Populacao residente",censo_2022_oficial_sidra,104029
3305208,330520,São Pedro da Aldeia,Baixada Litoranea,2023,107292.5,Interpolacao linear entre observacoes oficiais SIDRA disponiveis,interpolado_por_falta_de_observacao_sidra_no_ano,
3305208,330520,São Pedro da Aldeia,Baixada Litoranea,2024,110556,SIDRA 6579 v9324 - Populacao residente estimada,estimativa_oficial_sidra,110556
3305208,330520,São Pedro da Aldeia,Baixada Litoranea,2025,110677,SIDRA 6579 v9324 - Populacao residente estimada,estimativa_oficial_sidra,110677
3305307,330530,São Sebastião do Alto,Serrana,2010,8933,Interpolacao linear entre observacoes oficiais SIDRA disponiveis,interpolado_por_falta_de_observacao_sidra_no_ano,
3305307,330530,São Sebastião do Alto,Serrana,2011,8933,SIDRA 6579 v9324 - Populacao residente estimada,estimativa_oficial_sidra,8933
3305307,330530,São Sebastião do Alto,Serrana,2012,8970,SIDRA 6579 v9324 - Populacao residente estimada,estimativa_oficial_sidra,8970
3305307,330530,São Sebastião do Alto,Serrana,2013,9012,SIDRA 6579 v9324 - Populacao residente estimada,estimativa_oficial_sidra,9012
3305307,330530,São Sebastião do Alto,Serrana,2014,9033,SIDRA 6579 v9324 - Populacao residente estimada,estimativa_oficial_sidra,9033
3305307,330530,São Sebastião do Alto,Serrana,2015,9054,SIDRA 6579 v9324 - Populacao residente estimada,estimativa_oficial_sidra,9054
3305307,330530,São Sebastião do Alto,Serrana,2016,9075,SIDRA 6579 v9324 - Populacao residente estimada,estimativa_oficial_sidra,9075
3305307,330530,São Sebastião do Alto,Serrana,2017,9094,SIDRA 6579 v9324 - Populacao residente estimada,estimativa_oficial_sidra,9094
3305307,330530,São Sebastião do Alto,Serrana,2018,9326,SIDRA 6579 v9324 - Populacao residente estimada,estimativa_oficial_sidra,9326
3305307,330530,São Sebastião do Alto,Serrana,2019,9357,SIDRA 6579 v9324 - Populacao residente estimada,estimativa_oficial_sidra,9357
3305307,330530,São Sebastião do Alto,Serrana,2020,9387,SIDRA 6579 v9324 - Populacao residente estimada,estimativa_oficial_sidra,9387
3305307,330530,São Sebastião do Alto,Serrana,2021,9416,SIDRA 6579 v9324 - Populacao residente estimada,estimativa_oficial_sidra,9416
3305307,330530,São Sebastião do Alto,Serrana,2022,7750,"SIDRA 4714 v93 - Censo Demografico 2022, Populacao residente",censo_2022_oficial_sidra,7750
3305307,330530,São Sebastião do Alto,Serrana,2023,7874.5,Interpolacao linear entre observacoes oficiais SIDRA disponiveis,interpolado_por_falta_de_observacao_sidra_no_ano,
3305307,330530,São Sebastião do Alto,Serrana,2024,7999,SIDRA 6579 v9324 - Populacao residente estimada,estimativa_oficial_sidra,7999
3305307,330530,São Sebastião do Alto,Serrana,2025,7993,SIDRA 6579 v9324 - Populacao residente estimada,estimativa_oficial_sidra,7993
3305406,330540,Sapucaia,Centro-Sul,2010,17554,Interpolacao linear entre observacoes oficiais SIDRA disponiveis,interpolado_por_falta_de_observacao_sidra_no_ano,
3305406,330540,Sapucaia,Centro-Sul,2011,17554,SIDRA 6579 v9324 - Populacao residente estimada,estimativa_oficial_sidra,17554
3305406,330540,Sapucaia,Centro-Sul,2012,17581,SIDRA 6579 v9324 - Populacao residente estimada,estimativa_oficial_sidra,17581
3305406,330540,Sapucaia,Centro-Sul,2013,17610,SIDRA 6579 v9324 - Populacao residente estimada,estimativa_oficial_sidra,17610
3305406,330540,Sapucaia,Centro-Sul,2014,17608,SIDRA 6579 v9324 - Populacao residente estimada,estimativa_oficial_sidra,17608
3305406,330540,Sapucaia,Centro-Sul,2015,17606,SIDRA 6579 v9324 - Populacao residente estimada,estimativa_oficial_sidra,17606
3305406,330540,Sapucaia,Centro-Sul,2016,17604,SIDRA 6579 v9324 - Populacao residente estimada,estimativa_oficial_sidra,17604
3305406,330540,Sapucaia,Centro-Sul,2017,17765,SIDRA 6579 v9324 - Populacao residente estimada,estimativa_oficial_sidra,17765
3305406,330540,Sapucaia,Centro-Sul,2018,18205,SIDRA 6579 v9324 - Populacao residente estimada,estimativa_oficial_sidra,18205
3305406,330540,Sapucaia,Centro-Sul,2019,18228,SIDRA 6579 v9324 - Populacao residente estimada,estimativa_oficial_sidra,18228
3305406,330540,Sapucaia,Centro-Sul,2020,18249,SIDRA 6579 v9324 - Populacao residente estimada,estimativa_oficial_sidra,18249
3305406,330540,Sapucaia,Centro-Sul,2021,18270,SIDRA 6579 v9324 - Populacao residente estimada,estimativa_oficial_sidra,18270
3305406,330540,Sapucaia,Centro-Sul,2022,17729,"SIDRA 4714 v93 - Censo Demografico 2022, Populacao residente",censo_2022_oficial_sidra,17729
3305406,330540,Sapucaia,Centro-Sul,2023,18009,Interpolacao linear entre observacoes oficiais SIDRA disponiveis,interpolado_por_falta_de_observacao_sidra_no_ano,
3305406,330540,Sapucaia,Centro-Sul,2024,18289,SIDRA 6579 v9324 - Populacao residente estimada,estimativa_oficial_sidra,18289
3305406,330540,Sapucaia,Centro-Sul,2025,18291,SIDRA 6579 v9324 - Populacao residente estimada,estimativa_oficial_sidra,18291
3305505,330550,Saquarema,Baixada Litoranea,2010,75906,Interpolacao linear entre observacoes oficiais SIDRA disponiveis,interpolado_por_falta_de_observacao_sidra_no_ano,
3305505,330550,Saquarema,Baixada Litoranea,2011,75906,SIDRA 6579 v9324 - Populacao residente estimada,estimativa_oficial_sidra,75906
3305505,330550,Saquarema,Baixada Litoranea,2012,77522,SIDRA 6579 v9324 - Populacao residente estimada,estimativa_oficial_sidra,77522
3305505,330550,Saquarema,Baixada Litoranea,2013,79421,SIDRA 6579 v9324 - Populacao residente estimada,estimativa_oficial_sidra,79421
3305505,330550,Saquarema,Baixada Litoranea,2014,80915,SIDRA 6579 v9324 - Populacao residente estimada,estimativa_oficial_sidra,80915
3305505,330550,Saquarema,Baixada Litoranea,2015,82359,SIDRA 6579 v9324 - Populacao residente estimada,estimativa_oficial_sidra,82359
3305505,330550,Saquarema,Baixada Litoranea,2016,83750,SIDRA 6579 v9324 - Populacao residente estimada,estimativa_oficial_sidra,83750
3305505,330550,Saquarema,Baixada Litoranea,2017,85175,SIDRA 6579 v9324 - Populacao residente estimada,estimativa_oficial_sidra,85175
3305505,330550,Saquarema,Baixada Litoranea,2018,87704,SIDRA 6579 v9324 - Populacao residente estimada,estimativa_oficial_sidra,87704
3305505,330550,Saquarema,Baixada Litoranea,2019,89170,SIDRA 6579 v9324 - Populacao residente estimada,estimativa_oficial_sidra,89170
3305505,330550,Saquarema,Baixada Litoranea,2020,90583,SIDRA 6579 v9324 - Populacao residente estimada,estimativa_oficial_sidra,90583
3305505,330550,Saquarema,Baixada Litoranea,2021,91938,SIDRA 6579 v9324 - Populacao residente estimada,estimativa_oficial_sidra,91938
3305505,330550,Saquarema,Baixada Litoranea,2022,89559,"SIDRA 4714 v93 - Censo Demografico 2022, Populacao residente",censo_2022_oficial_sidra,89559
3305505,330550,Saquarema,Baixada Litoranea,2023,92380,Interpolacao linear entre observacoes oficiais SIDRA disponiveis,interpolado_por_falta_de_observacao_sidra_no_ano,
3305505,330550,Saquarema,Baixada Litoranea,2024,95201,SIDRA 6579 v9324 - Populacao residente estimada,estimativa_oficial_sidra,95201
3305505,330550,Saquarema,Baixada Litoranea,2025,95315,SIDRA 6579 v9324 - Populacao residente estimada,estimativa_oficial_sidra,95315
3305554,330555,Seropédica,Metropolitana I,2010,79179,Interpolacao linear entre observacoes oficiais SIDRA disponiveis,interpolado_por_falta_de_observacao_sidra_no_ano,
3305554,330555,Seropédica,Metropolitana I,2011,79179,SIDRA 6579 v9324 - Populacao residente estimada,estimativa_oficial_sidra,79179
3305554,330555,Seropédica,Metropolitana I,2012,80138,SIDRA 6579 v9324 - Populacao residente estimada,estimativa_oficial_sidra,80138
3305554,330555,Seropédica,Metropolitana I,2013,81260,SIDRA 6579 v9324 - Populacao residente estimada,estimativa_oficial_sidra,81260
3305554,330555,Seropédica,Metropolitana I,2014,82090,SIDRA 6579 v9324 - Populacao residente estimada,estimativa_oficial_sidra,82090
3305554,330555,Seropédica,Metropolitana I,2015,82892,SIDRA 6579 v9324 - Populacao residente estimada,estimativa_oficial_sidra,82892
3305554,330555,Seropédica,Metropolitana I,2016,83667,SIDRA 6579 v9324 - Populacao residente estimada,estimativa_oficial_sidra,83667
3305554,330555,Seropédica,Metropolitana I,2017,84416,SIDRA 6579 v9324 - Populacao residente estimada,estimativa_oficial_sidra,84416
3305554,330555,Seropédica,Metropolitana I,2018,86743,SIDRA 6579 v9324 - Populacao residente estimada,estimativa_oficial_sidra,86743
3305554,330555,Seropédica,Metropolitana I,2019,82312,SIDRA 6579 v9324 - Populacao residente estimada,estimativa_oficial_sidra,82312
3305554,330555,Seropédica,Metropolitana I,2020,83092,SIDRA 6579 v9324 - Populacao residente estimada,estimativa_oficial_sidra,83092
3305554,330555,Seropédica,Metropolitana I,2021,83841,SIDRA 6579 v9324 - Populacao residente estimada,estimativa_oficial_sidra,83841
3305554,330555,Seropédica,Metropolitana I,2022,80596,"SIDRA 4714 v93 - Censo Demografico 2022, Populacao residente",censo_2022_oficial_sidra,80596
3305554,330555,Seropédica,Metropolitana I,2023,82666.5,Interpolacao linear entre observacoes oficiais SIDRA disponiveis,interpolado_por_falta_de_observacao_sidra_no_ano,
3305554,330555,Seropédica,Metropolitana I,2024,84737,SIDRA 6579 v9324 - Populacao residente estimada,estimativa_oficial_sidra,84737
3305554,330555,Seropédica,Metropolitana I,2025,84794,SIDRA 6579 v9324 - Populacao residente estimada,estimativa_oficial_sidra,84794
3305604,330560,Silva Jardim,Metropolitana II,2010,21356,Interpolacao linear entre observacoes oficiais SIDRA disponiveis,interpolado_por_falta_de_observacao_sidra_no_ano,
3305604,330560,Silva Jardim,Metropolitana II,2011,21356,SIDRA 6579 v9324 - Populacao residente estimada,estimativa_oficial_sidra,21356
3305604,330560,Silva Jardim,Metropolitana II,2012,21362,SIDRA 6579 v9324 - Populacao residente estimada,estimativa_oficial_sidra,21362
3305604,330560,Silva Jardim,Metropolitana II,2013,21366,SIDRA 6579 v9324 - Populacao residente estimada,estimativa_oficial_sidra,21366
3305604,330560,Silva Jardim,Metropolitana II,2014,21336,SIDRA 6579 v9324 - Populacao residente estimada,estimativa_oficial_sidra,21336
3305604,330560,Silva Jardim,Metropolitana II,2015,21307,SIDRA 6579 v9324 - Populacao residente estimada,estimativa_oficial_sidra,21307
3305604,330560,Silva Jardim,Metropolitana II,2016,21279,SIDRA 6579 v9324 - Populacao residente estimada,estimativa_oficial_sidra,21279
3305604,330560,Silva Jardim,Metropolitana II,2017,21253,SIDRA 6579 v9324 - Populacao residente estimada,estimativa_oficial_sidra,21253
3305604,330560,Silva Jardim,Metropolitana II,2018,21773,SIDRA 6579 v9324 - Populacao residente estimada,estimativa_oficial_sidra,21773
3305604,330560,Silva Jardim,Metropolitana II,2019,21774,SIDRA 6579 v9324 - Populacao residente estimada,estimativa_oficial_sidra,21774
3305604,330560,Silva Jardim,Metropolitana II,2020,21774,SIDRA 6579 v9324 - Populacao residente estimada,estimativa_oficial_sidra,21774
3305604,330560,Silva Jardim,Metropolitana II,2021,21775,SIDRA 6579 v9324 - Populacao residente estimada,estimativa_oficial_sidra,21775
3305604,330560,Silva Jardim,Metropolitana II,2022,21352,"SIDRA 4714 v93 - Censo Demografico 2022, Populacao residente",censo_2022_oficial_sidra,21352
3305604,330560,Silva Jardim,Metropolitana II,2023,21689,Interpolacao linear entre observacoes oficiais SIDRA disponiveis,interpolado_por_falta_de_observacao_sidra_no_ano,
3305604,330560,Silva Jardim,Metropolitana II,2024,22026,SIDRA 6579 v9324 - Populacao residente estimada,estimativa_oficial_sidra,22026
3305604,330560,Silva Jardim,Metropolitana II,2025,22028,SIDRA 6579 v9324 - Populacao residente estimada,estimativa_oficial_sidra,22028
3305703,330570,Sumidouro,Serrana,2010,14956,Interpolacao linear entre observacoes oficiais SIDRA disponiveis,interpolado_por_falta_de_observacao_sidra_no_ano,
3305703,330570,Sumidouro,Serrana,2011,14956,SIDRA 6579 v9324 - Populacao residente estimada,estimativa_oficial_sidra,14956
3305703,330570,Sumidouro,Serrana,2012,15010,SIDRA 6579 v9324 - Populacao residente estimada,estimativa_oficial_sidra,15010
3305703,330570,Sumidouro,Serrana,2013,15070,SIDRA 6579 v9324 - Populacao residente estimada,estimativa_oficial_sidra,15070
3305703,330570,Sumidouro,Serrana,2014,15099,SIDRA 6579 v9324 - Populacao residente estimada,estimativa_oficial_sidra,15099
3305703,330570,Sumidouro,Serrana,2015,15127,SIDRA 6579 v9324 - Populacao residente estimada,estimativa_oficial_sidra,15127
3305703,330570,Sumidouro,Serrana,2016,15153,SIDRA 6579 v9324 - Populacao residente estimada,estimativa_oficial_sidra,15153
3305703,330570,Sumidouro,Serrana,2017,15191,SIDRA 6579 v9324 - Populacao residente estimada,estimativa_oficial_sidra,15191
3305703,330570,Sumidouro,Serrana,2018,15577,SIDRA 6579 v9324 - Populacao residente estimada,estimativa_oficial_sidra,15577
3305703,330570,Sumidouro,Serrana,2019,15623,SIDRA 6579 v9324 - Populacao residente estimada,estimativa_oficial_sidra,15623
3305703,330570,Sumidouro,Serrana,2020,15667,SIDRA 6579 v9324 - Populacao residente estimada,estimativa_oficial_sidra,15667
3305703,330570,Sumidouro,Serrana,2021,15709,SIDRA 6579 v9324 - Populacao residente estimada,estimativa_oficial_sidra,15709
3305703,330570,Sumidouro,Serrana,2022,15206,"SIDRA 4714 v93 - Censo Demografico 2022, Populacao residente",censo_2022_oficial_sidra,15206
3305703,330570,Sumidouro,Serrana,2023,15448,Interpolacao linear entre observacoes oficiais SIDRA disponiveis,interpolado_por_falta_de_observacao_sidra_no_ano,
3305703,330570,Sumidouro,Serrana,2024,15690,SIDRA 6579 v9324 - Populacao residente estimada,estimativa_oficial_sidra,15690
3305703,330570,Sumidouro,Serrana,2025,15693,SIDRA 6579 v9324 - Populacao residente estimada,estimativa_oficial_sidra,15693
3305752,330575,Tanguá,Metropolitana II,2010,31091,Interpolacao linear entre observacoes oficiais SIDRA disponiveis,interpolado_por_falta_de_observacao_sidra_no_ano,
3305752,330575,Tanguá,Metropolitana II,2011,31091,SIDRA 6579 v9324 - Populacao residente estimada,estimativa_oficial_sidra,31091
3305752,330575,Tanguá,Metropolitana II,2012,31438,SIDRA 6579 v9324 - Populacao residente estimada,estimativa_oficial_sidra,31438
3305752,330575,Tanguá,Metropolitana II,2013,31844,SIDRA 6579 v9324 - Populacao residente estimada,estimativa_oficial_sidra,31844
3305752,330575,Tanguá,Metropolitana II,2014,32140,SIDRA 6579 v9324 - Populacao residente estimada,estimativa_oficial_sidra,32140
3305752,330575,Tanguá,Metropolitana II,2015,32426,SIDRA 6579 v9324 - Populacao residente estimada,estimativa_oficial_sidra,32426
3305752,330575,Tanguá,Metropolitana II,2016,32703,SIDRA 6579 v9324 - Populacao residente estimada,estimativa_oficial_sidra,32703
3305752,330575,Tanguá,Metropolitana II,2017,32970,SIDRA 6579 v9324 - Populacao residente estimada,estimativa_oficial_sidra,32970
3305752,330575,Tanguá,Metropolitana II,2018,33870,SIDRA 6579 v9324 - Populacao residente estimada,estimativa_oficial_sidra,33870
3305752,330575,Tanguá,Metropolitana II,2019,34309,SIDRA 6579 v9324 - Populacao residente estimada,estimativa_oficial_sidra,34309
3305752,330575,Tanguá,Metropolitana II,2020,34610,SIDRA 6579 v9324 - Populacao residente estimada,estimativa_oficial_sidra,34610
3305752,330575,Tanguá,Metropolitana II,2021,34898,SIDRA 6579 v9324 - Populacao residente estimada,estimativa_oficial_sidra,34898
3305752,330575,Tanguá,Metropolitana II,2022,31086,"SIDRA 4714 v93 - Censo Demografico 2022, Populacao residente",censo_2022_oficial_sidra,31086
3305752,330575,Tanguá,Metropolitana II,2023,31972,Interpolacao linear entre observacoes oficiais SIDRA disponiveis,interpolado_por_falta_de_observacao_sidra_no_ano,
3305752,330575,Tanguá,Metropolitana II,2024,32858,SIDRA 6579 v9324 - Populacao residente estimada,estimativa_oficial_sidra,32858
3305752,330575,Tanguá,Metropolitana II,2025,32865,SIDRA 6579 v9324 - Populacao residente estimada,estimativa_oficial_sidra,32865
3305802,330580,Teresópolis,Serrana,2010,165716,Interpolacao linear entre observacoes oficiais SIDRA disponiveis,interpolado_por_falta_de_observacao_sidra_no_ano,
3305802,330580,Teresópolis,Serrana,2011,165716,SIDRA 6579 v9324 - Populacao residente estimada,estimativa_oficial_sidra,165716
3305802,330580,Teresópolis,Serrana,2012,167622,SIDRA 6579 v9324 - Populacao residente estimada,estimativa_oficial_sidra,167622
3305802,330580,Teresópolis,Serrana,2013,169849,SIDRA 6579 v9324 - Populacao residente estimada,estimativa_oficial_sidra,169849
3305802,330580,Teresópolis,Serrana,2014,171482,SIDRA 6579 v9324 - Populacao residente estimada,estimativa_oficial_sidra,171482
3305802,330580,Teresópolis,Serrana,2015,173060,SIDRA 6579 v9324 - Populacao residente estimada,estimativa_oficial_sidra,173060
3305802,330580,Teresópolis,Serrana,2016,174587,SIDRA 6579 v9324 - Populacao residente estimada,estimativa_oficial_sidra,174587
3305802,330580,Teresópolis,Serrana,2017,176060,SIDRA 6579 v9324 - Populacao residente estimada,estimativa_oficial_sidra,176060
3305802,330580,Teresópolis,Serrana,2018,180886,SIDRA 6579 v9324 - Populacao residente estimada,estimativa_oficial_sidra,180886
3305802,330580,Teresópolis,Serrana,2019,182594,SIDRA 6579 v9324 - Populacao residente estimada,estimativa_oficial_sidra,182594
3305802,330580,Teresópolis,Serrana,2020,184240,SIDRA 6579 v9324 - Populacao residente estimada,estimativa_oficial_sidra,184240
3305802,330580,Teresópolis,Serrana,2021,185820,SIDRA 6579 v9324 - Populacao residente estimada,estimativa_oficial_sidra,185820
3305802,330580,Teresópolis,Serrana,2022,165123,"SIDRA 4714 v93 - Censo Demografico 2022, Populacao residente",censo_2022_oficial_sidra,165123
3305802,330580,Teresópolis,Serrana,2023,170907.5,Interpolacao linear entre observacoes oficiais SIDRA disponiveis,interpolado_por_falta_de_observacao_sidra_no_ano,
3305802,330580,Teresópolis,Serrana,2024,176692,SIDRA 6579 v9324 - Populacao residente estimada,estimativa_oficial_sidra,176692
3305802,330580,Teresópolis,Serrana,2025,176735,SIDRA 6579 v9324 - Populacao residente estimada,estimativa_oficial_sidra,176735
3305901,330590,Trajano de Moraes,Serrana,2010,10309,Interpolacao linear entre observacoes oficiais SIDRA disponiveis,interpolado_por_falta_de_observacao_sidra_no_ano,
3305901,330590,Trajano de Moraes,Serrana,2011,10309,SIDRA 6579 v9324 - Populacao residente estimada,estimativa_oficial_sidra,10309
3305901,330590,Trajano de Moraes,Serrana,2012,10327,SIDRA 6579 v9324 - Populacao residente estimada,estimativa_oficial_sidra,10327
3305901,330590,Trajano de Moraes,Serrana,2013,10347,SIDRA 6579 v9324 - Populacao residente estimada,estimativa_oficial_sidra,10347
3305901,330590,Trajano de Moraes,Serrana,2014,10348,SIDRA 6579 v9324 - Populacao residente estimada,estimativa_oficial_sidra,10348
3305901,330590,Trajano de Moraes,Serrana,2015,10350,SIDRA 6579 v9324 - Populacao residente estimada,estimativa_oficial_sidra,10350
3305901,330590,Trajano de Moraes,Serrana,2016,10351,SIDRA 6579 v9324 - Populacao residente estimada,estimativa_oficial_sidra,10351
3305901,330590,Trajano de Moraes,Serrana,2017,10352,SIDRA 6579 v9324 - Populacao residente estimada,estimativa_oficial_sidra,10352
3305901,330590,Trajano de Moraes,Serrana,2018,10611,SIDRA 6579 v9324 - Populacao residente estimada,estimativa_oficial_sidra,10611
3305901,330590,Trajano de Moraes,Serrana,2019,10626,SIDRA 6579 v9324 - Populacao residente estimada,estimativa_oficial_sidra,10626
3305901,330590,Trajano de Moraes,Serrana,2020,10640,SIDRA 6579 v9324 - Populacao residente estimada,estimativa_oficial_sidra,10640
3305901,330590,Trajano de Moraes,Serrana,2021,10653,SIDRA 6579 v9324 - Populacao residente estimada,estimativa_oficial_sidra,10653
3305901,330590,Trajano de Moraes,Serrana,2022,10302,"SIDRA 4714 v93 - Censo Demografico 2022, Populacao residente",censo_2022_oficial_sidra,10302
3305901,330590,Trajano de Moraes,Serrana,2023,10477,Interpolacao linear entre observacoes oficiais SIDRA disponiveis,interpolado_por_falta_de_observacao_sidra_no_ano,
3305901,330590,Trajano de Moraes,Serrana,2024,10652,SIDRA 6579 v9324 - Populacao residente estimada,estimativa_oficial_sidra,10652
3305901,330590,Trajano de Moraes,Serrana,2025,10654,SIDRA 6579 v9324 - Populacao residente estimada,estimativa_oficial_sidra,10654
3306008,330600,Três Rios,Centro-Sul,2010,77851,Interpolacao linear entre observacoes oficiais SIDRA disponiveis,interpolado_por_falta_de_observacao_sidra_no_ano,
3306008,330600,Três Rios,Centro-Sul,2011,77851,SIDRA 6579 v9324 - Populacao residente estimada,estimativa_oficial_sidra,77851
3306008,330600,Três Rios,Centro-Sul,2012,78256,SIDRA 6579 v9324 - Populacao residente estimada,estimativa_oficial_sidra,78256
3306008,330600,Três Rios,Centro-Sul,2013,78723,SIDRA 6579 v9324 - Populacao residente estimada,estimativa_oficial_sidra,78723
3306008,330600,Três Rios,Centro-Sul,2014,78998,SIDRA 6579 v9324 - Populacao residente estimada,estimativa_oficial_sidra,78998
3306008,330600,Três Rios,Centro-Sul,2015,79264,SIDRA 6579 v9324 - Populacao residente estimada,estimativa_oficial_sidra,79264
3306008,330600,Três Rios,Centro-Sul,2016,79230,SIDRA 6579 v9324 - Populacao residente estimada,estimativa_oficial_sidra,79230
3306008,330600,Três Rios,Centro-Sul,2017,79402,SIDRA 6579 v9324 - Populacao residente estimada,estimativa_oficial_sidra,79402
3306008,330600,Três Rios,Centro-Sul,2018,81453,SIDRA 6579 v9324 - Populacao residente estimada,estimativa_oficial_sidra,81453
3306008,330600,Três Rios,Centro-Sul,2019,81804,SIDRA 6579 v9324 - Populacao residente estimada,estimativa_oficial_sidra,81804
3306008,330600,Três Rios,Centro-Sul,2020,82142,SIDRA 6579 v9324 - Populacao residente estimada,estimativa_oficial_sidra,82142
3306008,330600,Três Rios,Centro-Sul,2021,82468,SIDRA 6579 v9324 - Populacao residente estimada,estimativa_oficial_sidra,82468
3306008,330600,Três Rios,Centro-Sul,2022,78346,"SIDRA 4714 v93 - Censo Demografico 2022, Populacao residente",censo_2022_oficial_sidra,78346
3306008,330600,Três Rios,Centro-Sul,2023,80323,Interpolacao linear entre observacoes oficiais SIDRA disponiveis,interpolado_por_falta_de_observacao_sidra_no_ano,
3306008,330600,Três Rios,Centro-Sul,2024,82300,SIDRA 6579 v9324 - Populacao residente estimada,estimativa_oficial_sidra,82300
3306008,330600,Três Rios,Centro-Sul,2025,82319,SIDRA 6579 v9324 - Populacao residente estimada,estimativa_oficial_sidra,82319
3306107,330610,Valença,Medio Paraiba,2010,72268,Interpolacao linear entre observacoes oficiais SIDRA disponiveis,interpolado_por_falta_de_observacao_sidra_no_ano,
3306107,330610,Valença,Medio Paraiba,2011,72268,SIDRA 6579 v9324 - Populacao residente estimada,estimativa_oficial_sidra,72268
3306107,330610,Valença,Medio Paraiba,2012,72679,SIDRA 6579 v9324 - Populacao residente estimada,estimativa_oficial_sidra,72679
3306107,330610,Valença,Medio Paraiba,2013,73154,SIDRA 6579 v9324 - Populacao residente estimada,estimativa_oficial_sidra,73154
3306107,330610,Valença,Medio Paraiba,2014,73445,SIDRA 6579 v9324 - Populacao residente estimada,estimativa_oficial_sidra,73445
3306107,330610,Valença,Medio Paraiba,2015,73725,SIDRA 6579 v9324 - Populacao residente estimada,estimativa_oficial_sidra,73725
3306107,330610,Valença,Medio Paraiba,2016,73997,SIDRA 6579 v9324 - Populacao residente estimada,estimativa_oficial_sidra,73997
3306107,330610,Valença,Medio Paraiba,2017,74237,SIDRA 6579 v9324 - Populacao residente estimada,estimativa_oficial_sidra,74237
3306107,330610,Valença,Medio Paraiba,2018,76163,SIDRA 6579 v9324 - Populacao residente estimada,estimativa_oficial_sidra,76163
3306107,330610,Valença,Medio Paraiba,2019,76523,SIDRA 6579 v9324 - Populacao residente estimada,estimativa_oficial_sidra,76523
3306107,330610,Valença,Medio Paraiba,2020,76869,SIDRA 6579 v9324 - Populacao residente estimada,estimativa_oficial_sidra,76869
3306107,330610,Valença,Medio Paraiba,2021,77202,SIDRA 6579 v9324 - Populacao residente estimada,estimativa_oficial_sidra,77202
3306107,330610,Valença,Medio Paraiba,2022,68088,"SIDRA 4714 v93 - Censo Demografico 2022, Populacao residente",censo_2022_oficial_sidra,68088
3306107,330610,Valença,Medio Paraiba,2023,69775,Interpolacao linear entre observacoes oficiais SIDRA disponiveis,interpolado_por_falta_de_observacao_sidra_no_ano,
3306107,330610,Valença,Medio Paraiba,2024,71462,SIDRA 6579 v9324 - Populacao residente estimada,estimativa_oficial_sidra,71462
3306107,330610,Valença,Medio Paraiba,2025,71449,SIDRA 6579 v9324 - Populacao residente estimada,estimativa_oficial_sidra,71449
3306156,330615,Varre-Sai,Noroeste,2010,9600,Interpolacao linear entre observacoes oficiais SIDRA disponiveis,interpolado_por_falta_de_observacao_sidra_no_ano,
3306156,330615,Varre-Sai,Noroeste,2011,9600,SIDRA 6579 v9324 - Populacao residente estimada,estimativa_oficial_sidra,9600
3306156,330615,Varre-Sai,Noroeste,2012,9720,SIDRA 6579 v9324 - Populacao residente estimada,estimativa_oficial_sidra,9720
3306156,330615,Varre-Sai,Noroeste,2013,9861,SIDRA 6579 v9324 - Populacao residente estimada,estimativa_oficial_sidra,9861
3306156,330615,Varre-Sai,Noroeste,2014,9966,SIDRA 6579 v9324 - Populacao residente estimada,estimativa_oficial_sidra,9966
3306156,330615,Varre-Sai,Noroeste,2015,10402,SIDRA 6579 v9324 - Populacao residente estimada,estimativa_oficial_sidra,10402
3306156,330615,Varre-Sai,Noroeste,2016,10500,SIDRA 6579 v9324 - Populacao residente estimada,estimativa_oficial_sidra,10500
3306156,330615,Varre-Sai,Noroeste,2017,10597,SIDRA 6579 v9324 - Populacao residente estimada,estimativa_oficial_sidra,10597
3306156,330615,Varre-Sai,Noroeste,2018,10890,SIDRA 6579 v9324 - Populacao residente estimada,estimativa_oficial_sidra,10890
3306156,330615,Varre-Sai,Noroeste,2019,11000,SIDRA 6579 v9324 - Populacao residente estimada,estimativa_oficial_sidra,11000
3306156,330615,Varre-Sai,Noroeste,2020,11106,SIDRA 6579 v9324 - Populacao residente estimada,estimativa_oficial_sidra,11106
3306156,330615,Varre-Sai,Noroeste,2021,11208,SIDRA 6579 v9324 - Populacao residente estimada,estimativa_oficial_sidra,11208
3306156,330615,Varre-Sai,Noroeste,2022,10207,"SIDRA 4714 v93 - Censo Demografico 2022, Populacao residente",censo_2022_oficial_sidra,10207
3306156,330615,Varre-Sai,Noroeste,2023,10383,Interpolacao linear entre observacoes oficiais SIDRA disponiveis,interpolado_por_falta_de_observacao_sidra_no_ano,
3306156,330615,Varre-Sai,Noroeste,2024,10559,SIDRA 6579 v9324 - Populacao residente estimada,estimativa_oficial_sidra,10559
3306156,330615,Varre-Sai,Noroeste,2025,10563,SIDRA 6579 v9324 - Populacao residente estimada,estimativa_oficial_sidra,10563
3306206,330620,Vassouras,Centro-Sul,2010,34638,Interpolacao linear entre observacoes oficiais SIDRA disponiveis,interpolado_por_falta_de_observacao_sidra_no_ano,
3306206,330620,Vassouras,Centro-Sul,2011,34638,SIDRA 6579 v9324 - Populacao residente estimada,estimativa_oficial_sidra,34638
3306206,330620,Vassouras,Centro-Sul,2012,34858,SIDRA 6579 v9324 - Populacao residente estimada,estimativa_oficial_sidra,34858
3306206,330620,Vassouras,Centro-Sul,2013,35112,SIDRA 6579 v9324 - Populacao residente estimada,estimativa_oficial_sidra,35112
3306206,330620,Vassouras,Centro-Sul,2014,35275,SIDRA 6579 v9324 - Populacao residente estimada,estimativa_oficial_sidra,35275
3306206,330620,Vassouras,Centro-Sul,2015,35432,SIDRA 6579 v9324 - Populacao residente estimada,estimativa_oficial_sidra,35432
3306206,330620,Vassouras,Centro-Sul,2016,35622,SIDRA 6579 v9324 - Populacao residente estimada,estimativa_oficial_sidra,35622
3306206,330620,Vassouras,Centro-Sul,2017,35768,SIDRA 6579 v9324 - Populacao residente estimada,estimativa_oficial_sidra,35768
3306206,330620,Vassouras,Centro-Sul,2018,36702,SIDRA 6579 v9324 - Populacao residente estimada,estimativa_oficial_sidra,36702
3306206,330620,Vassouras,Centro-Sul,2019,36896,SIDRA 6579 v9324 - Populacao residente estimada,estimativa_oficial_sidra,36896
3306206,330620,Vassouras,Centro-Sul,2020,37083,SIDRA 6579 v9324 - Populacao residente estimada,estimativa_oficial_sidra,37083
3306206,330620,Vassouras,Centro-Sul,2021,37262,SIDRA 6579 v9324 - Populacao residente estimada,estimativa_oficial_sidra,37262
3306206,330620,Vassouras,Centro-Sul,2022,33976,"SIDRA 4714 v93 - Censo Demografico 2022, Populacao residente",censo_2022_oficial_sidra,33976
3306206,330620,Vassouras,Centro-Sul,2023,34940,Interpolacao linear entre observacoes oficiais SIDRA disponiveis,interpolado_por_falta_de_observacao_sidra_no_ano,
3306206,330620,Vassouras,Centro-Sul,2024,35904,SIDRA 6579 v9324 - Populacao residente estimada,estimativa_oficial_sidra,35904
3306206,330620,Vassouras,Centro-Sul,2025,35907,SIDRA 6579 v9324 - Populacao residente estimada,estimativa_oficial_sidra,35907
3306305,330630,Volta Redonda,Medio Paraiba,2010,259012,Interpolacao linear entre observacoes oficiais SIDRA disponiveis,interpolado_por_falta_de_observacao_sidra_no_ano,
3306305,330630,Volta Redonda,Medio Paraiba,2011,259012,SIDRA 6579 v9324 - Populacao residente estimada,estimativa_oficial_sidra,259012
3306305,330630,Volta Redonda,Medio Paraiba,2012,260180,SIDRA 6579 v9324 - Populacao residente estimada,estimativa_oficial_sidra,260180
3306305,330630,Volta Redonda,Medio Paraiba,2013,261522,SIDRA 6579 v9324 - Populacao residente estimada,estimativa_oficial_sidra,261522
3306305,330630,Volta Redonda,Medio Paraiba,2014,262259,SIDRA 6579 v9324 - Populacao residente estimada,estimativa_oficial_sidra,262259
3306305,330630,Volta Redonda,Medio Paraiba,2015,262970,SIDRA 6579 v9324 - Populacao residente estimada,estimativa_oficial_sidra,262970
3306305,330630,Volta Redonda,Medio Paraiba,2016,263659,SIDRA 6579 v9324 - Populacao residente estimada,estimativa_oficial_sidra,263659
3306305,330630,Volta Redonda,Medio Paraiba,2017,265201,SIDRA 6579 v9324 - Populacao residente estimada,estimativa_oficial_sidra,265201
3306305,330630,Volta Redonda,Medio Paraiba,2018,271998,SIDRA 6579 v9324 - Populacao residente estimada,estimativa_oficial_sidra,271998
3306305,330630,Volta Redonda,Medio Paraiba,2019,273012,SIDRA 6579 v9324 - Populacao residente estimada,estimativa_oficial_sidra,273012
3306305,330630,Volta Redonda,Medio Paraiba,2020,273988,SIDRA 6579 v9324 - Populacao residente estimada,estimativa_oficial_sidra,273988
3306305,330630,Volta Redonda,Medio Paraiba,2021,274925,SIDRA 6579 v9324 - Populacao residente estimada,estimativa_oficial_sidra,274925
3306305,330630,Volta Redonda,Medio Paraiba,2022,261563,"SIDRA 4714 v93 - Censo Demografico 2022, Populacao residente",censo_2022_oficial_sidra,261563
3306305,330630,Volta Redonda,Medio Paraiba,2023,270730.5,Interpolacao linear entre observacoes oficiais SIDRA disponiveis,interpolado_por_falta_de_observacao_sidra_no_ano,
3306305,330630,Volta Redonda,Medio Paraiba,2024,279898,SIDRA 6579 v9324 - Populacao residente estimada,estimativa_oficial_sidra,279898
3306305,330630,Volta Redonda,Medio Paraiba,2025,279971,SIDRA 6579 v9324 - Populacao residente estimada,estimativa_oficial_sidra,279971
