"title","abstract","doi","year","author","journal","base_origem","ano"
"HEAT-RELATED ILLNESSES.","CLIMATE CHANGE IS ANTICIPATED TO CONTINUE TO ADVERSELY AFFECT PUBLIC HEALTH, WITH HEAT STRESS THE PREDOMINANT THREAT. ACCORDINGLY, HEAT-RELATED ILLNESS IS PREDICTED TO INCREASE AS EXTREMELY HOT DAYS BECOME MORE FREQUENT. HEAT STROKE, THE MOST SERIOUS HEAT-RELATED ILLNESS, IS A MEDICAL EMERGENCY THAT MAY BE FATAL IF IT IS NOT PROMPTLY RECOGNIZED, ADDRESSED WITH EARLY AND RAPID COOLING, AND ACCOMPANIED BY MULTIDISCIPLINARY SUPPORTIVE CARE AS CLINICALLY INDICATED. HEAT STROKE IS A PREVENTABLE ILLNESS THAT OCCURS IN 2 DISTINCT FORMS-CLASSIC AND EXERTIONAL-THAT HAVE DISTINCT DEMOGRAPHIC PROFILES AND CLINICAL COURSES BUT SIMILAR MANAGEMENT PARADIGMS.","10.7326/annals-25-01958","2025","O'CONNOR FG","ANNALS OF INTERNAL MEDICINE","pubmed_records",2025
"CONTINUOUS REACHING AND GRASPING WITH A BCI CONTROLLED ROBOTIC ARM IN HEALTHY AND STROKE-AFFECTED INDIVIDUALS.","RECENT ADVANCEMENTS IN SIGNAL PROCESSING TECHNIQUES HAVE ENABLED NON-INVASIVE BRAIN-COMPUTER INTERFACES (BCIS) TO CONTROL ASSISTIVE DEVICES, LIKE ROBOTIC ARMS, DIRECTLY WITH USERS' EEG SIGNALS. HOWEVER, THE APPLICATIONS OF THESE SYSTEMS ARE CURRENTLY LIMITED BY THE LOW SIGNAL-TO-NOISE RATIO AND SPATIAL RESOLUTION OF EEG FROM WHICH BRAIN INTENTION IS DECODED. IN THIS STUDY, WE PROPOSE A MOTOR-IMAGERY (MI) PARADIGM, INSPIRED BY THE MECHANISMS OF A COMPUTER MOUSE, THAT ADDS AN ADDITIONAL ""CLICK"" SIGNAL TO AN ESTABLISHED 2D MOVEMENT BCI PARADIGM. THE ADDITIONAL OUTPUT SIGNAL INCREASES THE DEGREES OF FREEDOM OF THE BCI SYSTEM AND MAY ENABLE MORE COMPLEX TASKS. WE EVALUATED THIS PARADIGM USING DEEP LEARNING (DL) BASED SIGNAL PROCESSING ON BOTH HEALTHY SUBJECTS AND STROKE-SURVIVORS IN ONLINE BCI TASKS DERIVED FROM TWO POTENTIAL APPLICATIONS: CLICKING ON VIRTUAL TARGETS AND MOVING PHYSICAL OBJECTS WITH A ROBOTIC ARM IN A CONTINUOUS REACH-AND-GRASP TASK. THE RESULTS SHOW THAT SUBJECTS WERE ABLE TO CONTROL BOTH MOVEMENT AND CLICKING SIMULTANEOUSLY TO GRAB, MOVE, AND PLACE UP TO AN AVERAGE OF 7 CUPS IN A 5-MINUTE RUN USING THE ROBOTIC ARM. THE PROPOSED PARADIGM PROVIDES AN ADDITIONAL DEGREE OF FREEDOM TO EEG BCIS, AND IMPROVES UPON EXISTING SYSTEMS BY ENABLING CONTINUOUS CONTROL OF REACH-AND-GRASP TASKS INSTEAD OF SELECTING FROM A DISCRETE LIST OF PREDETERMINED ACTIONS. THE TASKS STUDIED IN THESE EXPERIMENTS SHOW BCIS MAY BE USED TO CONTROL COMPUTER CURSORS OR ROBOTIC ARMS FOR COMPLEX REAL-WORLD OR CLINICAL APPLICATIONS IN THE NEAR FUTURE, POTENTIALLY IMPROVING THE LIVES OF BOTH HEALTHY INDIVIDUALS AND MOTOR-IMPAIRED PATIENTS.","10.1101/2025.04.16.25325551","2025","FORENZO D;ZHANG Y;WITTENBERG GF;HE B","MEDRXIV : THE PREPRINT SERVER FOR HEALTH SCIENCES","pubmed_records",2025
"READER RESPONSE: SHORT-TERM EXPOSURE TO AIR POLLUTION AND ISCHEMIC STROKE: A SYSTEMATIC REVIEW AND META-ANALYSIS.",NA,"10.1212/wnl.0000000000209332","2024","LIN W;ZHOU X","NEUROLOGY","pubmed_records",2024
"HEAT-RELATED ILLNESSES.","THERE IS A GROWING INCIDENCE OF HEAT-RELATED ILLNESSES DUE TO RISING GLOBAL TEMPERATURES. HEAT-RELATED ILLNESSES RANGE FROM MILD TO SEVERE, WITH HEAT STROKE BEING THE MOST CRITICAL. THE WET BULB GLOBAL TEMPERATURE INDEX CONSIDERS HUMIDITY AND SOLAR INTENSITY; ITS USE IS RECOMMENDED TO ESTIMATE HEAT STRESS ON AN INDIVIDUAL AND MITIGATE RISK. EFFICIENT COOLING METHODS, SUCH AS COLD WATER IMMERSION, ARE ESSENTIAL IN SEVERE CASES. PREVENTION IS THROUGH HYDRATION, APPROPRIATE CLOTHING, RECOGNITION OF HIGH RISK MEDICATIONS, AND AWARENESS OF ENVIRONMENTAL CONDITIONS. RECOGNIZING HEAT-RELATED ILLNESSES EARLY IN THE CLINICAL COURSE AND IMPLEMENTING RAPID COOLING STRATEGIES REDUCES MORBIDITY AND MORTALITY.","10.1016/j.emc.2024.02.010","2024","BAUMAN J;SPANO S;STORKAN M","EMERGENCY MEDICINE CLINICS OF NORTH AMERICA","pubmed_records",2024
"GEO-DEMOGRAPHIC AND SOCIOECONOMIC DETERMINANTS OF DIAGNOSED HYPERTENSION AMONG URBAN DWELLERS IN IBADAN, NIGERIA: A COMMUNITY-BASED STUDY.","THE RELATIONSHIP BETWEEN DIAGNOSED HIGH BLOOD PRESSURE (HBP) AND PROXIMITY TO HEALTH FACILITIES AND NOISE SOURCES IS POORLY UNDERSTOOD. WE INVESTIGATED THE RELATIONSHIP BETWEEN PROXIMITY TO NOISE SOURCES, SOCIODEMOGRAPHIC AND ECONOMIC FACTORS, AND DIAGNOSED HBP IN IBADAN, NIGERIA. WE INVESTIGATED 13,531 ADULTS FROM THE AFRICAN RIGOROUS INNOVATIVE STROKE EPIDEMIOLOGICAL SURVEILLANCE (ARISES) STUDY IN IBADAN. USING A GEOGRAPHIC INFORMATION SYSTEM (GIS), THE LOCATIONS OF HEALTHCARE FACILITIES, PHARMACEUTICAL SHOPS, BUS STOPS, CHURCHES, AND MOSQUES WERE BUFFERED AT 100M INTERVALS, AND COORDINATES OF PERSONS DIAGNOSED WITH HBP WERE OVERLAID ON THE BUFFERED FEATURES. THE NUMBER OF PERSONS WITH DIAGNOSED HBP LIVING AT EVERY 100M INTERVAL WAS ESTIMATED. GENDER, OCCUPATION, MARITAL STATUS, EDUCATIONAL STATUS, TYPE OF HOUSING, AGE, AND INCOME WERE USED AS PREDICTOR VARIABLES. ANALYSIS WAS CONDUCTED USING SPEARMAN RANK CORRELATION AND BINARY LOGISTIC REGRESSION AT P<0.05. THERE WAS A SIGNIFICANT INVERSE RELATIONSHIP BETWEEN THE NUMBER OF PERSONS DIAGNOSED WITH HBP AND DISTANCE FROM PHARMACEUTICAL SHOPS (R=-0.818), CHURCHES (R=-0.818), MOSQUES (R=-0.893) AND MAJOR ROADS (R=-0.667). THE ODDS OF DIAGNOSED HBP WERE HIGHER AMONG THE UNEMPLOYED (AOR=1.58, 95% CI: 1.11-2.24), CURRENTLY MARRIED (AOR=1.45, CI: 1.11-1.89), AND PREVIOUSLY MARRIED (1.75, CI: 1.29-2.38). THE ODDS OF DIAGNOSED HBP INCREASED WITH EDUCATIONAL LEVEL AND AGE GROUP. PROXIMITY TO NOISE SOURCES, BEING UNEMPLOYED AND EDUCATIONAL LEVEL WERE ASSOCIATED WITH DIAGNOSED HBP. REDUCTION IN NOISE GENERATION, TRANSMISSION, AND EXPOSURE COULD REDUCE THE BURDEN OF HYPERTENSION IN URBAN SETTINGS.","10.21203/rs.3.rs-3692586/v1","2024","OWOLABI M;TAIWO O;AKINYEMI J;ADEBAYO A;POPOOLA O;AKINYEMI R;AKPA O;OLOWOYO P;OKEKUNLE A;UVERE E;NWIMO C;AJALA O;ADEBAJO O;AYODELE A;AYODEJI S;ARULOGUN O;OLANIYAN O;WALKER R;JENKINS C;OVBIAGELE B","RESEARCH SQUARE","pubmed_records",2024
"GENERALIZED SUPER-RESOLUTION 4D FLOW MRI-USING ENSEMBLE LEARNING TO EXTEND ACROSS THE CARDIOVASCULAR SYSTEM.","4D FLOW MAGNETIC RESONANCE IMAGING (4D FLOW MRI) IS A NON-INVASIVE MEASUREMENT TECHNIQUE CAPABLE OF QUANTIFYING BLOOD FLOW ACROSS THE CARDIOVASCULAR SYSTEM. WHILE PRACTICAL USE IS LIMITED BY SPATIAL RESOLUTION AND IMAGE NOISE, INCORPORATION OF TRAINED SUPER-RESOLUTION (SR) NETWORKS HAS POTENTIAL TO ENHANCE IMAGE QUALITY POST-SCAN. HOWEVER, THESE EFFORTS HAVE PREDOMINANTLY BEEN RESTRICTED TO NARROWLY DEFINED CARDIOVASCULAR DOMAINS, WITH LIMITED EXPLORATION OF HOW SR PERFORMANCE EXTENDS ACROSS THE CARDIOVASCULAR SYSTEM; A TASK AGGRAVATED BY CONTRASTING HEMODYNAMIC CONDITIONS APPARENT ACROSS THE CARDIOVASCULATURE. THE AIM OF OUR STUDY WAS TO EXPLORE THE GENERALIZABILITY OF SR 4D FLOW MRI USING A COMBINATION OF HETEROGENEOUS TRAINING SETS AND DEDICATED ENSEMBLE LEARNING. WITH SYNTHETIC TRAINING DATA GENERATED ACROSS THREE DISPARATE DOMAINS (CARDIAC, AORTIC, CEREBROVASCULAR), VARYING CONVOLUTIONAL BASE AND ENSEMBLE LEARNERS WERE EVALUATED AS A FUNCTION OF DOMAIN AND ARCHITECTURE, QUANTIFYING PERFORMANCE ON BOTH AND ACQUIRED IN-VIVO DATA FROM THE SAME THREE DOMAINS. RESULTS SHOW THAT BOTH BAGGING AND STACKING ENSEMBLING ENHANCE SR PERFORMANCE ACROSS DOMAINS, ACCURATELY PREDICTING HIGH-RESOLUTION VELOCITIES FROM LOW-RESOLUTION INPUT DATA . LIKEWISE, OPTIMIZED NETWORKS SUCCESSFULLY RECOVER NATIVE RESOLUTION VELOCITIES FROM DOWNSAMPLED DATA, AS WELL AS SHOW QUALITATIVE POTENTIAL IN GENERATING DENOISED SR-IMAGES FROM CLINICALLEVEL INPUT DATA. IN CONCLUSION, OUR WORK PRESENTS A VIABLE APPROACH FOR GENERALIZED SR 4D FLOW MRI, WITH ENSEMBLE LEARNING EXTENDING UTILITY ACROSS VARIOUS CLINICAL AREAS OF INTEREST.",NA,"2023","ERICSSON L;HJALMARSSON A;AKBAR MU;FERDIAN E;BONINI M;HARDY B;SCHOLLENBERGER J;ARISTOVA M;WINTER P;BURRIS N;FYRDAHL A;SIGFRIDSSON A;SCHNELL S;FIGUEROA CA;NORDSLETTEN D;YOUNG AA;MARLEVI D","ARXIV","pubmed_records",2023
"DENOISING TASK-CORRELATED HEAD MOTION FROM MOTOR-TASK FMRI DATA WITH MULTI-ECHO ICA.","MOTOR-TASK FUNCTIONAL MAGNETIC RESONANCE IMAGING (FMRI) IS CRUCIAL IN THE STUDY OF SEVERAL CLINICAL CONDITIONS, INCLUDING STROKE AND PARKINSON'S DISEASE. HOWEVER, MOTOR-TASK FMRI IS COMPLICATED BY TASK-CORRELATED HEAD MOTION, WHICH CAN BE MAGNIFIED IN CLINICAL POPULATIONS AND CONFOUNDS MOTOR ACTIVATION RESULTS. ONE METHOD THAT MAY MITIGATE THIS ISSUE IS MULTI-ECHO INDEPENDENT COMPONENT ANALYSIS (ME-ICA), WHICH HAS BEEN SHOWN TO SEPARATE THE EFFECTS OF HEAD MOTION FROM THE DESIRED BOLD SIGNAL BUT HAS NOT BEEN TESTED IN MOTOR-TASK DATASETS WITH HIGH AMOUNTS OF MOTION. IN THIS STUDY, WE COLLECTED AN FMRI DATASET FROM A HEALTHY POPULATION WHO PERFORMED A HAND GRASP TASK WITH AND WITHOUT TASK-CORRELATED AMPLIFIED HEAD MOTION TO SIMULATE A MOTOR-IMPAIRED POPULATION. WE ANALYZED THESE DATA USING THREE MODELS: SINGLE-ECHO (SE), MULTI-ECHO OPTIMALLY COMBINED (ME-OC), AND ME-ICA. WE COMPARED THE MODELS' PERFORMANCE IN MITIGATING THE EFFECTS OF HEAD MOTION ON THE SUBJECT LEVEL AND GROUP LEVEL. ON THE SUBJECT LEVEL, ME-ICA BETTER DISSOCIATED THE EFFECTS OF HEAD MOTION FROM THE BOLD SIGNAL AND REDUCED NOISE. BOTH ME MODELS LED TO INCREASED T-STATISTICS IN BRAIN MOTOR REGIONS. IN SCANS WITH HIGH LEVELS OF MOTION, ME-ICA ADDITIONALLY MITIGATED ARTIFACTS AND INCREASED STABILITY OF BETA COEFFICIENT ESTIMATES, COMPARED TO SE. ON THE GROUP LEVEL, ALL THREE MODELS PRODUCED ACTIVATION CLUSTERS IN EXPECTED MOTOR AREAS IN SCANS WITH BOTH LOW AND HIGH MOTION, INDICATING THAT GROUP-LEVEL AVERAGING MAY ALSO SUFFICIENTLY RESOLVE MOTION ARTIFACTS THAT VARY BY SUBJECT. THESE FINDINGS DEMONSTRATE THAT ME-ICA IS A USEFUL TOOL FOR SUBJECT-LEVEL ANALYSIS OF MOTOR-TASK DATA WITH HIGH LEVELS OF TASK-CORRELATED HEAD MOTION. THE IMPROVEMENTS AFFORDED BY ME-ICA ARE CRITICAL TO IMPROVE RELIABILITY OF SUBJECT-LEVEL ACTIVATION MAPS FOR CLINICAL POPULATIONS IN WHICH GROUP-LEVEL ANALYSIS MAY NOT BE FEASIBLE OR APPROPRIATE, FOR EXAMPLE IN A CHRONIC STROKE COHORT WITH VARYING STROKE LOCATION AND DEGREE OF TISSUE DAMAGE.","10.1101/2023.07.19.549746","2023","REDDY NA;ZVOLANEK KM;MOIA S;CABALLERO-GAUDES C;BRIGHT MG","BIORXIV : THE PREPRINT SERVER FOR BIOLOGY","pubmed_records",2023
"BARRIERS AND FACILITATORS TO A TASK-SHIFTED STROKE PREVENTION PROGRAM FOR CHILDREN WITH SICKLE CELL ANEMIA IN A COMMUNITY HOSPITAL: A QUALITATIVE STUDY.","CHILDREN WITH SICKLE CELL ANEMIA (SCA) ARE AT HIGH RISK FOR STROKE. PROTOCOLS FOR STROKE PREVENTION INCLUDING BLOOD TRANSFUSIONS, SCREENING FOR ABNORMAL NON-IMAGING TRANSCRANIAL DOPPLER (TCD) MEASUREMENTS, AND HYDROXYUREA THERAPY ARE DIFFICULT TO IMPLEMENT IN LOW-RESOURCE ENVIRONMENTS LIKE NIGERIA. THIS STUDY AIMED TO EXAMINE THE CONTEXTUAL FACTORS AROUND TCD SCREENING IN A COMMUNITY HOSPITAL IN NIGERIA USING QUALITATIVE INTERVIEWS AND FOCUS GROUPS. WE CONDUCTED FOCUS GROUPS WITH HEALTH CARE PROVIDERS AND INTERVIEWS WITH ADMINISTRATIVE LEADERSHIP OF THE COMMUNITY HOSPITAL. INTERVIEW GUIDES AND ANALYSIS WERE INFORMED BY THE CONSOLIDATED FRAMEWORK FOR IMPLEMENTATION RESEARCH (CFIR) FRAMEWORK. TRANSCRIPTS WERE CODED AND ANALYZED USING AN ITERATIVE DEDUCTIVE (CFIR)/INDUCTIVE (TRANSCRIBED QUOTES) QUALITATIVE METHODOLOGY. WE CONDUCTED TWO FOCUS GROUPS AND FIVE INTERVIEWS WITH HEALTH CARE WORKERS (NURSES AND DOCTORS) AND HOSPITAL ADMINISTRATORS, RESPECTIVELY. THEMES IDENTIFIED KEY ELEMENTS OF THE INNER SETTING (CLINIC CHARACTERISTICS, RESOURCE AVAILABILITY, IMPLEMENTATION CLIMATE, AND TENSION FOR CHANGE), CHARACTERISTICS OF INDIVIDUALS (NORMATIVE, CONTROL, AND BEHAVIORAL BELIEFS), AND THE IMPLEMENTATION PROCESS (ENGAGE, IMPLEMENT, AND ADOPT), AS WELL AS FACTORS THAT WERE INFLUENCED BY EXTERNAL CONTEXT, CAREGIVER NEEDS, TEAM FUNCTION, AND INTERVENTION CHARACTERISTICS. TASK SHIFTING, WHICH IS ALREADY BEING USED, WAS VIEWED BY PROVIDERS AND ADMINISTRATORS AS A NECESSARY STRATEGY TO IMPLEMENT TCD SCREENING IN A CLINIC ENVIRONMENT THAT IS OVERSTRESSED AND UNDER-RESOURCED, A COMMUNITY STRESSED BY POVERTY, AND A NATION WITH AN UNDERPERFORMING HEALTH SYSTEM. TASK SHIFTING PROVIDES A VIABLE OPTION TO IMPROVE HEALTH CARE BY MAKING MORE EFFICIENT USE OF ALREADY AVAILABLE HUMAN RESOURCES WHILE RAPIDLY EXPANDING THE HUMAN RESOURCE POOL AND BUILDING CAPACITY THAT IS MORE SUSTAINABLE. NCT05434000.","10.21203/rs.3.rs-2985921/v1","2023","BELLO-MANGA H;HALIRU L;AHMED K;IGE S;MUSA H;MUHAMMAD-IDRIS ZK;MONDAY B;SANI AM;BONNET K;SCHLUNDT DG;VARUGHESE T;TABARI AM;DEBAUN MR;BAUMANN AA;KING AA","RESEARCH SQUARE","pubmed_records",2023
"COOLING MODALITY EFFECTIVENESS AND MORTALITY ASSOCIATE WITH PREHOSPITAL CARE OF EXERTIONAL HEAT STROKE CASUALITIES.","COLD-WATER IMMERSION IS THE GOLD STANDARD FOR FIELD TREATMENT OF AN EXERTIONAL HEAT STROKE (EHS) CASUALTY. PRACTICAL LIMITATIONS MAY PRECLUDE THIS METHOD AND ICE SHEETS (BED LINENS SOAKED IN ICE WATER) HAVE EMERGED AS A VIABLE ALTERNATIVE. LABORATORY STUDIES SUGGEST THAT THIS IS AN INFERIOR METHOD; HOWEVER, THE MAGNITUDE OF HYPERTHERMIA IS LIMITED AND MAY UNDERESTIMATE THE COOLING RATE IN EHS CASUALTIES. OUR AIM WAS TO DETERMINE THE PREHOSPITAL CORE COOLING RATE, NEED FOR CONTINUED COOLING ON ARRIVAL TO THE EMERGENCY DEPARTMENT, AND MORTALITY RATE ASSOCIATED WITH ICE SHEET USE. DE-IDENTIFIED RETROSPECTIVE DATA WERE OBTAINED FROM EMERGENCY MEDICAL SERVICES (EMS) AND INCLUDED PRESENCE OR ABSENCE OF ALTERED MENTAL STATUS, COOLING MEASURES APPLIED PRIOR TO EMS ARRIVAL, AND TIME AND CORE TEMPERATURE (T ; RECTAL) ON-SCENE AND ON HOSPITAL ARRIVAL. COOLING RATE WAS CALCULATED FROM TIME AND TEMPERATURE DATA. MORTALITY DATA WERE OBTAINED FROM THE U.S. ARMY COMBAT READINESS CENTER. THERE WERE 462 CASUALTIES THAT MET INCLUSION CRITERIA. THE COOLING RATE FOR THE ENTIRE SAMPLE WAS 0.07°C ± 0.08°C · MIN . EHS CASUALTIES WITH AN OBSERVED INITIAL T < 39°C HAD AN EN ROUTE COOLING RATE OF 0.03°C ± 0.04°C · MIN VS. INITIAL T ≥ 39°C COOLING RATE OF 0.16°C ± 0.08°C · MIN . THERE WAS ONE FATALITY DUE TO EHS, FOR A MORTALITY RATE OF 0.20% (95% CI 0.01-1.20%). THE COOLING RATE IN EHS CASUALTIES WITH INITIAL T ≥ 39°C WAS APPROXIMATELY DOUBLE THAT REPORTED IN LABORATORY STUDIES. THE OBSERVED MORTALITY RATE WAS COMPARABLE WITH CASUALTIES TREATED WITH COLD-WATER IMMERSION. OUR DATA SUGGEST THAT ICE SHEETS PROVIDE A VIABLE ALTERNATIVE WHEN PRACTICAL CONSTRAINTS PRECLUDE COLD-WATER IMMERSION.","10.1016/j.jemermed.2022.12.015","2022","DEGROOT DW;HENDERSON KN;O'CONNOR FG","THE JOURNAL OF EMERGENCY MEDICINE","pubmed_records",2022
"CONTRIBUTION OF PROTEIN CONFORMATIONAL HETEROGENEITY TO NMR LINESHAPES AT CRYOGENIC TEMPERATURES.","WHILE LOW TEMPERATURE NMR HOLDS GREAT PROMISE FOR THE ANALYSIS OF UNSTABLE SAMPLES AND FOR SENSITIZING NMR DETECTION, SPECTRAL BROADENING IN FROZEN PROTEIN SAMPLES IS A COMMON EXPERIMENTAL CHALLENGE. ONE HYPOTHESIS EXPLAINING THE ADDITIONAL LINEWIDTH IS THAT A VARIETY OF CONFORMATIONS ARE IN RAPID EQUILIBRIUM AT ROOM TEMPERATURE AND BECOME FROZEN, CREATING AN INHOMOGENEOUS DISTRIBUTION AT CRYOGENIC TEMPERATURES. HERE WE INVESTIGATE CONFORMATIONAL HETEROGENEITY BY MEASURING THE BACKBONE TORSION ANGLE (Ψ) IN DHFR AT 105K. MOTIVATED BY THE PARTICULARLY BROAD N CHEMICAL SHIFT DISTRIBUTION IN THIS AND OTHER EXAMPLES, WE MODIFIED AN ESTABLISHED NCCN Ψ EXPERIMENT TO CORRELATE THE CHEMICAL SHIFT OF N TO Ψ . WITH SELECTIVE N AND C ENRICHMENT OF ILE, ONLY THE UNIQUE I60-I61 PAIR WAS EXPECTED TO BE DETECTED IN C'- N CORRELATION SPECTRUM. FOR THIS UNIQUE AMIDE WE DETECTED THREE DIFFERENT CONFORMATION BASINS BASED ON DISPERSED CHEMICAL SHIFTS. BACKBONE TORSION ANGLES Ψ WERE DETERMINED FOR EACH BASIN 114 ± 7 FOR THE MAJOR PEAK, AND 150 ± 8 AND 164 ± 16° FOR THE MINOR PEAK AS CONTRASTED WITH 118 FOR THE X-RAY CRYSTAL STRUCTURE (AND 118-130 FOR VARIOUS PREVIOUSLY REPORTED STRUCTURES). THESE STUDIES SUPPORT THE HYPOTHESIS THAT INHOMOGENEOUS DISTRIBUTIONS OF PROTEIN BACKBONE TORSION ANGLES CONTRIBUTE TO THE LINESHAPE BROADENING IN LOW TEMPERATURE NMR SPECTRA. UNDERSTANDING PROTEIN CONFORMATIONAL FLEXIBILITY IS ESSENTIAL FOR INSIGHTS INTO THE MOLECULAR BASIS OF PROTEIN FUNCTION AND THE THERMODYNAMICS OF PROTEINS. HERE WE INVESTIGATE THE ENSEMBLE OF PROTEIN BACKBONE CONFORMATIONS IN A FROZEN PROTEIN FREEZING, WHICH IS LIKELY A CLOSE REPRESENTATION FOR THE ENSEMBLE IN RAPID EQUILIBRIUM AT ROOM TEMPERATURE. VARIOUS CONFORMERS ARE SPECTRALLY RESOLVED DUE TO THE EXQUISITE SENSITIVITY OF NMR SHIFTS TO LOCAL CONFORMATIONS, AND NMR METHODS ALLOW US TO DIRECTLY PROBE THE TORSION ANGLES CORRESPONDING TO EACH BAND OF CHEMICAL SHIFTS.","10.1101/2023.01.24.525358","2023","YI X;FRITZSCHING KJ;ROGAWSKI R;XU Y;MCDERMOTT AE","BIORXIV : THE PREPRINT SERVER FOR BIOLOGY","pubmed_records",2023
"ACSM EXPERT CONSENSUS STATEMENT ON EXERTIONAL HEAT ILLNESS: RECOGNITION, MANAGEMENT, AND RETURN TO ACTIVITY.","EXERTIONAL HEAT STROKE (EHS) IS A TRUE MEDICAL EMERGENCY WITH POTENTIAL FOR ORGAN INJURY AND DEATH. THIS CONSENSUS STATEMENT EMPHASIZES THAT OPTIMAL EXERTIONAL HEAT ILLNESS MANAGEMENT IS PROMOTED BY A SYNCHRONIZED CHAIN OF SURVIVAL THAT PROMOTES RAPID RECOGNITION AND MANAGEMENT, AS WELL AS COMMUNICATION BETWEEN CARE TEAMS. HEALTH CARE PROVIDERS SHOULD BE CONFIDENT IN THE DEFINITIONS, ETIOLOGIES, AND NUANCES OF EXERTIONAL HEAT EXHAUSTION, EXERTIONAL HEAT INJURY, AND EHS. IDENTIFYING THE ATHLETE WITH SUSPECTED EHS EARLY IN THE COURSE, STOPPING ACTIVITY (BODY HEAT GENERATION), AND PROVIDING RAPID TOTAL BODY COOLING ARE ESSENTIAL FOR SURVIVAL, AND LIKE ANY CRITICAL LIFE-THREATENING SITUATION (CARDIAC ARREST, BRAIN STROKE, SEPSIS), TIME IS TISSUE. RECOVERY FROM EHS IS VARIABLE, AND OUTCOMES ARE LIKELY RELATED TO THE DURATION OF SEVERE HYPERTHERMIA. MOST EXERTIONAL HEAT ILLNESSES CAN BE PREVENTED WITH THE RECOGNITION AND MODIFICATION OF WELL-DESCRIBED RISK FACTORS IDEALLY ADDRESSED THROUGH LEADERSHIP, POLICY, AND ON-SITE HEALTH CARE.","10.1249/jsr.0000000000000878","2021","ROBERTS WO;ARMSTRONG LE;SAWKA MN;YEARGIN SW;HELED Y;O'CONNOR FG","CURRENT SPORTS MEDICINE REPORTS","pubmed_records",2021
"Impacto da Poluição do Ar por MP2,5 na Mortalidade por Doenças do Aparelho Circulatório nos Bairros do Município do Rio de Janeiro (2000-2019)",NA,"10.36660/abc.20250459","2026","Moura, Paulo Henrique de ; Carvalho, Leandro Dias Gomes de ; Godoy, Paulo Henrique ; Salis, Lucia Helena Alvares ; Paez, Marina Silva Alves, Mariane Branco Maia, Luiz Francisco Pires Guimarães Santos, Renata Libonati dos Silva, Nelson Albuquerque de Souza e","Arquivos Brasileiros de Cardiologia Journal Metrics Sobre o periódico SciELO Analytics jan 2026, Volume 123 N. 1 elocation e20250459","scielo_records",2026
"The health effects of extreme heat",NA,"10.4102/phcfm.v18i1.5372","2026","Lahri, Sa'ad","African Journal of Primary Health Care & Family Medicine Journal Metrics Sobre o periódico SciELO Analytics 2026, Volume 18 N. 1 Pages 1 - 5","scielo_records",2026
"The role of air pollution in epilepsy: a better understanding is needed",NA,"10.1055/s-0045-1809663","2025","Jareonsettasin, Prem ; Ji, John S. ; Zhou, Xiaowen ; Ding, Ding ; Sander, Josemir W. .","Arquivos de Neuro-Psiquiatria Journal Metrics Sobre o periódico SciELO Analytics 2025, Volume 83 N. 6 elocation s00451809663","scielo_records",2025
"The role of the prognostic nutritional index in predicting mortality in stroke patients",NA,"10.1590/1806-9282.20240714","2024","Ustaalioğlu, İzzet ; Umaç, Gülbin Aydoğdu .","Revista da Associação Médica Brasileira Journal Metrics Sobre o periódico SciELO Analytics 2024, Volume 70 N. 9 elocation e20240714","scielo_records",2024
"O efeito da temperatura do ar na mortalidade por doenças cerebrovasculares no Brasil entre 1996-2017",NA,"10.1590/1413-81232022278.05092022","2022","Mascarenhas, Mikaela Santos ; Silva, Diego Duque da ; Nogueira, Mário Círio ; Farias, William Cossich Marcial de ; Ferreira, Cássia de Castro Martins ; Ferreira, Letícia de Castro Martins .","Ciência & Saúde Coletiva Journal Metrics Sobre o periódico SciELO Analytics aug 2022, Volume 27 N. 8 Pages 3295 - 3306","scielo_records",2022
"O efeito da temperatura do ar na mortalidade por doenças cerebrovasculares no Brasil entre 1996-2017",NA,"10.1590/1413-81232022278.05092022","2022","Mascarenhas, Mikaela Santos ; Silva, Diego Duque da ; Nogueira, Mário Círio ; Farias, William Cossich Marcial de ; Ferreira, Cássia de Castro Martins ; Ferreira, Letícia de Castro Martins .","Ciência & Saúde Coletiva Journal Metrics Sobre o periódico SciELO Analytics aug 2022, Volume 27 N. 8 Pages 3295 - 3306","scielo_records",2022
"Years of life lost due to premature deaths associated with air pollution: an ecological time-series study",NA,"10.1590/1516-3180.2021.0129.090422021","2021","Nascimento, Luiz Fernando Costa ; Vieira, Luciana Cristina Pompeo Ferreira .","Sao Paulo Medical Journal Journal Metrics Sobre o periódico SciELO Analytics dec 2021, Volume 139 N. 6 Pages 591 - 597","scielo_records",2021
"Evaluating the Efficacy of VitalStim Electrical Stimulation Combined with Swallowing Function Training for Treating Dysphagia following an Acute Stroke",NA,"10.6061/clinics/2021/e3069","2021","Liang, Yu ; Lin, Jing ; Wang, Hui ; Li, Shufen ; Chen, Fang ; Chen, Lili ; Li, Ling .","Clinics Journal Metrics Sobre o periódico SciELO Analytics 2021, Volume 76 elocation e3069","scielo_records",2021
"Air Pollution and Central Nervous System Disease: A Review of the Impact of Fine Particulate Matter on Neurological Disorders",NA,"10.3389/fpubh.2020.575330","2020","Kim H.","Frontiers in Public Health","scopus_records",2020
"Effects of air pollution particles (ultrafine and fine particulate matter) on mitochondrial function and oxidative stress – Implications for cardiovascular and neurodegenerative diseases",NA,"10.1016/j.abb.2020.108662","2020","Daiber A.","Archives of Biochemistry and Biophysics","scopus_records",2020
"The Protective Role of Immunomodulators on Tissue-Type Plasminogen Activator-Induced Hemorrhagic Transformation in Experimental Stroke: A Systematic Review and Meta-Analysis",NA,"10.3389/fphar.2020.615166","2020","Ye Y.","Frontiers in Pharmacology","scopus_records",2020
"Antithrombotic agents for tpa-induced cerebral hemorrhage: A systematic review and meta-analysis of preclinical studies",NA,"10.1161/jaha.120.017876","2020","Ye Y.","Journal of the American Heart Association","scopus_records",2020
"Performance bounds of nonadiabatic quantum harmonic Otto engine and refrigerator under a squeezed thermal reservoir",NA,"10.1103/physreve.102.062123","2020","Singh V.","Physical Review E","scopus_records",2020
"Thermodynamic interpretation of the drift and noise of gradient baselines in reversed-phase liquid chromatography using mobile phase additives",NA,"10.1016/j.chroma.2020.461605","2020","Gritti F.","Journal of Chromatography A","scopus_records",2020
"Association of long-term exposure to ambient air pollutants with prolonged sleep latency: The Henan Rural Cohort Study",NA,"10.1016/j.envres.2020.110116","2020","Wang Y.","Environmental Research","scopus_records",2020
"Incident cardiovascular disease and particulate matter air pollution in South Korea using a population-based and nationwide cohort of 0.2 million adults",NA,"10.1186/s12940-020-00671-1","2020","Kim O.J.","Environmental Health A Global Access Science Source","scopus_records",2020
"Potential effects of noxious chemical-containing fine particulate matter on oral health through reactive oxygen species-mediated oxidative stress: Promising clues",NA,"10.1016/j.bcp.2020.114286","2020","Vo T.T.T.","Biochemical Pharmacology","scopus_records",2020
"Interaction between long-term exposure to fine particulate matter and physical activity, and risk of cardiovascular disease and overall mortality in U.S. women",NA,"10.1289/ehp7402","2020","Elliott E.G.","Environmental Health Perspectives","scopus_records",2020
"Inflammatory effects of particulate matter air pollution",NA,"10.1007/s11356-020-10574-w","2020","Arias-Pérez R.D.","Environmental Science and Pollution Research","scopus_records",2020
"Unfavorable Outcome After Good Grade Aneurysmal Subarachnoid Hemorrhage: Exploratory Analysis",NA,"10.1016/j.wneu.2020.09.079","2020","Eagles M.E.","World Neurosurgery","scopus_records",2020
"Re: Meteorological Factors and Seasonal Stroke Rates",NA,"10.1016/j.jstrokecerebrovasdis.2020.104766","2020","Moscote-Salazar L.R.","Journal of Stroke and Cerebrovascular Diseases","scopus_records",2020
"Can COVID-19 pandemic boost the epidemic of neurodegenerative diseases?",NA,"10.1186/s13062-020-00282-3","2020","Verkhratsky A.","Biology Direct","scopus_records",2020
"Association of exhaled carbon monoxide with risk of cardio-cerebral-vascular disease in the China Kadoorie Biobank cohort study",NA,"10.1038/s41598-020-76353-2","2020","Qiu G.","Scientific Reports","scopus_records",2020
"Identifying and assessing the impact of key neighborhood-level determinants on geographic variation in stroke: a machine learning and multilevel modeling approach",NA,"10.1186/s12889-020-09766-3","2020","Ji J.","BMC Public Health","scopus_records",2020
"Letter to the Editor Response",NA,"10.1016/j.jstrokecerebrovasdis.2020.104768","2020","Salam A.","Journal of Stroke and Cerebrovascular Diseases","scopus_records",2020
"Seasonality of stroke: Winter admissions and mortality excess: A Thailand National Stroke population database study",NA,"10.1016/j.clineuro.2020.106261","2020","Lorking N.","Clinical Neurology and Neurosurgery","scopus_records",2020
"Denoising Algorithm for Event-Related Desynchronization-Based Motor Intention Recognition in Robot-assisted Stroke Rehabilitation Training with Brain-Machine Interaction",NA,"10.1016/j.jneumeth.2020.108909","2020","Jia T.","Journal of Neuroscience Methods","scopus_records",2020
"Ice slurry ingestion before and during exercise inhibit the increase in core and deep-forehead temperatures in the second half of the exercise in a hot environment",NA,"10.1016/j.jtherbio.2020.102760","2020","Onitsuka S.","Journal of Thermal Biology","scopus_records",2020
"Effect of Therapeutic Hypothermia on Liver Enzymes in Patients With Stroke",NA,"10.5455/medarh.2020.74.470-473","2020","Katica-Mulalic A.","Medical Archives Sarajevo Bosnia and Herzegovina","scopus_records",2020
"High-sensitivity CEST mapping using a spatiotemporal correlation-enhanced method",NA,"10.1002/mrm.28380","2020","Chen L.","Magnetic Resonance in Medicine","scopus_records",2020
"Data on combustion, performance and emissions of a 6.8 L, 6-cylinder, Tier II diesel engine",NA,"10.1016/j.dib.2020.106580","2020","Wan Mansor W.N.","Data in Brief","scopus_records",2020
"Patient-related factors associated with severe heat-related illnesses in Karachi: A hospital perspective",NA,"10.47391/jpma.10-1016","2020","Kanwal S.","Journal of the Pakistan Medical Association","scopus_records",2020
"Low Dose CT Perfusion with K-Space Weighted Image Average (KWIA)",NA,"10.1109/tmi.2020.3006461","2020","Zhao C.","IEEE Transactions on Medical Imaging","scopus_records",2020
"Age- And sex-based differences in exertional heat stroke incidence in a 7-mile road race",NA,"10.4085/1062-6050-539-19","2020","Belval L.N.","Journal of Athletic Training","scopus_records",2020
"The role of ACC deaminase producing bacteria in improving sweet corn (Zea mays L. var saccharata) productivity under limited availability of irrigation water",NA,"10.1038/s41598-020-77305-6","2020","Zarei T.","Scientific Reports","scopus_records",2020
"Incidence of recurrent exertional heat stroke in a warm-weather road race",NA,"10.3390/medicina56120720","2020","Stearns R.L.","Medicina Lithuania","scopus_records",2020
"Therapeutic hypothermia after cardiac arrest increases the plasma level of B-type natriuretic peptide",NA,"10.1038/s41598-020-72703-2","2020","Kashiwagi Y.","Scientific Reports","scopus_records",2020
"Weather woes? Exploring potential links between precipitation and age-related cognitive decline",NA,"10.3390/ijerph17239011","2020","Finlay J.","International Journal of Environmental Research and Public Health","scopus_records",2020
"Spectator medicine at an international mega sports event: Rugby World Cup 2019 in Japan",NA,"10.1186/s12199-020-00914-0","2020","Tajima T.","Environmental Health and Preventive Medicine","scopus_records",2020
"Effects of diurnal temperature range on first-ever strokes in different seasons: A time-series study in Shenzhen, China",NA,"10.1136/bmjopen-2019-033571","2020","Lei L.","BMJ Open","scopus_records",2020
"Influenza-associated cardiovascular mortality in older adults in Beijing, China: A population-based time-series study",NA,"10.1136/bmjopen-2020-042487","2020","Liu R.","BMJ Open","scopus_records",2020
"Tree-based machine learning to identify and understand major determinants for stroke at the neighborhood level",NA,"10.1161/jaha.120.016745","2020","Hu L.","Journal of the American Heart Association","scopus_records",2020
"Selective Brain Hypothermia in Acute Ischemic Stroke: Reperfusion Without Reperfusion Injury",NA,"10.3389/fneur.2020.594289","2020","Choi J.H.","Frontiers in Neurology","scopus_records",2020
"Targeted temperature management in patients with severe heatstroke: Three case reports and treatment recommendations",NA,"10.1097/md.0000000000023159","2020","Jung Y.S.","Medicine United States","scopus_records",2020
"Association Between Fine Particulate Matter and Fatal Hemorrhagic Stroke Incidence: A Time Stratified Case-Crossover Study in Shanghai, China",NA,"10.1097/jom.0000000000001973","2020","Cai B.","Journal of Occupational and Environmental Medicine","scopus_records",2020
"Particulate Matter and Temperature: Increased Risk of Adverse Clinical Outcomes in Patients With Atrial Fibrillation",NA,"10.1016/j.mayocp.2020.05.046","2020","Rivera-Caravaca J.M.","Mayo Clinic Proceedings","scopus_records",2020
"Health impact of air pollution from shipping in the baltic sea: Effects of different spatial resolutions in Sweden",NA,"10.3390/ijerph17217963","2020","Mwase N.S.","International Journal of Environmental Research and Public Health","scopus_records",2020
"Trends and health impacts of major urban air pollutants in Kazakhstan",NA,"10.1080/10962247.2020.1813837","2020","Kerimray A.","Journal of the Air and Waste Management Association","scopus_records",2020
"Adverse health effects associated with household air pollution: a systematic review, meta-analysis, and burden estimation study",NA,"10.1016/s2214-109x(20)30343-0","2020","Lee K.K.","Lancet Global Health","scopus_records",2020
"Heat, heatwaves and cardiorespiratory hospital admissions in Helsinki, Finland",NA,"10.3390/ijerph17217892","2020","Sohail H.","International Journal of Environmental Research and Public Health","scopus_records",2020
"Predicted impact of increasing average ambient temperature over the coming century on mortality from cardiovascular disease and stroke in the USA",NA,"10.1016/j.atherosclerosis.2020.08.035","2020","Mazidi M.","Atherosclerosis","scopus_records",2020
"Environmental Factors and Hyperacute Stroke Care Activity During the COVID-19 Pandemic: An Interrupted Time-Series Analysis",NA,"10.1016/j.jstrokecerebrovasdis.2020.105229","2020","Gittins M.","Journal of Stroke and Cerebrovascular Diseases","scopus_records",2020
"IMT is not atherosclerosis",NA,"10.1016/j.atherosclerosis.2020.09.016","2020","Spence J.D.","Atherosclerosis","scopus_records",2020
"Preliminary results of posterior contralateral cervical 7 nerve transposition in the treatment of upper limb plegia after a stroke",NA,"10.1002/brb3.1821","2020","Guan J.","Brain and Behavior","scopus_records",2020
"Personal protective equipment and personal cooling garments to reduce heat-related stress and injuries",NA,"10.1177/0025817220935882","2020","Tumram N.K.","Medico Legal Journal","scopus_records",2020
"Environmental issues and neurological manifestations associated with covid-19 pandemic: New aspects of the disease?",NA,"10.3390/ijerph17218049","2020","Bellocchio L.","International Journal of Environmental Research and Public Health","scopus_records",2020
"Leveraging non-contrast head CT to improve the image quality of cerebral CT perfusion maps",NA,"10.1117/1.jmi.7.6.063504","2020","Harvey E.C.","Journal of Medical Imaging","scopus_records",2020
"Burden of cause-specific mortality attributable to heat and cold: A multicity time-series study in Jiangsu Province, China",NA,"10.1016/j.envint.2020.105994","2020","Ma Y.","Environment International","scopus_records",2020
"Exertional heat stroke, modality cooling rate, and survival outcomes: A systematic review",NA,"10.3390/medicina56110589","2020","Filep E.M.","Medicina Lithuania","scopus_records",2020
"Genotypic diversity and phenotypic spectrum of infantile liver failure syndrome type 1 due to variants in LARS1",NA,"10.1038/s41436-020-0904-4","2020","Lenz D.","Genetics in Medicine","scopus_records",2020
"Association of Poorer Hearing with Longitudinal Change in Cerebral White Matter Microstructure",NA,"10.1001/jamaoto.2020.2497","2020","Armstrong N.M.","JAMA Otolaryngology Head and Neck Surgery","scopus_records",2020
"Postarrest Interventions that Save Lives",NA,"10.1016/j.emc.2020.06.001","2020","Steinberg A.","Emergency Medicine Clinics of North America","scopus_records",2020
"Monitoring intracranial cerebral hemorrhage using multicontrast real-time magnetic particle imaging",NA,"10.1021/acsnano.0c06326","2020","Ludewig P.","ACS Nano","scopus_records",2020
"Burden of cardiovascular diseases associated with fine particulate matter in Beijing, China: An economic modelling study",NA,"10.1136/bmjgh-2020-003160","2020","Jiang Y.","BMJ Global Health","scopus_records",2020
"Years of life lost from ischaemic and haemorrhagic stroke related to ambient nitrogen dioxide exposure: A multicity study in China",NA,"10.1016/j.ecoenv.2020.111018","2020","Li J.","Ecotoxicology and Environmental Safety","scopus_records",2020
"Inhibition of cyclooxygenase-1 does not reduce mortality in post-ischemic stroke rats",NA,"10.1016/j.neulet.2020.135296","2020","Rostevanov I.S.","Neuroscience Letters","scopus_records",2020
"Exercise heat acclimation has minimal effects on left ventricular volumes, function and systemic hemodynamics in euhydrated and dehydrated trained humans",NA,"10.1152/ajpheart.00466.2020","2020","Travers G.","American Journal of Physiology Heart and Circulatory Physiology","scopus_records",2020
"Multiple impacts and pathways of urban form and environmental factors on cardiovascular mortality",NA,"10.1016/j.scitotenv.2020.139512","2020","Shen Y.S.","Science of the Total Environment","scopus_records",2020
"Neuroprotective and anti-neuroinflammatory properties of ebselen derivatives and their potential to inhibit neurodegeneration",NA,"10.1021/acschemneuro.0c00328","2020","Sucheck S.J.","ACS Chemical Neuroscience","scopus_records",2020
"The influence of climate change on human cardiovascular function",NA,"10.1080/19338244.2020.1742079","2020","Gostimirovic M.","Archives of Environmental and Occupational Health","scopus_records",2020
"Transdermal opioid patch in treatment of paroxysmal autonomic instability with dystonia with multiple cerebral insults: A case report",NA,"10.1097/md.0000000000022536","2020","Baik S.W.","Medicine United States","scopus_records",2020
"Tribological properties of chromium nitride on the cylinder liner under the influence of high temperature",NA,"10.3390/ma13204497","2020","Singh S.K.","Materials","scopus_records",2020
"Effects of atmospheric particulate matter pollution on sleep disorders and sleep duration: a cross-sectional study in the UK biobank",NA,"10.1016/j.sleep.2020.07.032","2020","Li L.","Sleep Medicine","scopus_records",2020
"Long-term exposure to PM and all-cause and cause-specific mortality: A systematic review and meta-analysis",NA,"10.1016/j.envint.2020.105974","2020","Chen J.","Environment International","scopus_records",2020
"The effect of air-pollution and weather exposure on mortality and hospital admission and implications for further research: A systematic scoping review",NA,"10.1371/journal.pone.0241415","2020","Al Ahad M.A.","Plos One","scopus_records",2020
"Temperature management in acute brain injury: A systematic review of clinical evidence",NA,"10.1016/j.clineuro.2020.106165","2020","Pegoli M.","Clinical Neurology and Neurosurgery","scopus_records",2020
"Clinician's Perception of Practice Changes for Stroke During the COVID-19 Pandemic",NA,"10.1016/j.jstrokecerebrovasdis.2020.105179","2020","Kamdar H.A.","Journal of Stroke and Cerebrovascular Diseases","scopus_records",2020
"Clinical outcomes of temperature related injuries treated in the hospital setting, 2011–2018",NA,"10.1016/j.envres.2020.109882","2020","Friedman L.S.","Environmental Research","scopus_records",2020
"Use of a Novel Negative-Pressure Tent During Bedside Tracheostomy in COVID-19 Patients",NA,"10.1007/s12028-020-01068-1","2020","Rajajee V.","Neurocritical Care","scopus_records",2020
"Echocardiographic changes following active heat acclimation",NA,"10.1016/j.jtherbio.2020.102705","2020","Parsons I.T.","Journal of Thermal Biology","scopus_records",2020
"Chemically activated cooling vest’s effect on cooling rate following exercise-induced hyperthermia: A randomized counter-balanced crossover study",NA,"10.3390/medicina56100539","2020","Hosokawa Y.","Medicina Lithuania","scopus_records",2020
"Perceptions of secondary school athletic trainers in the diagnosis of exertional heat stroke",NA,"10.4085/1062-6050-0247.19","2020","McLean D.R.","Journal of Athletic Training","scopus_records",2020
"Exertional heat-stroke management practices and intentions among secondary school football athletic trainers",NA,"10.4085/1062-6050-474-19","2020","Nedimyer A.K.","Journal of Athletic Training","scopus_records",2020
"Flexible Electromagnetic Cap for Head Imaging",NA,"10.1109/tbcas.2020.3025341","2020","Alqadami A.S.M.","IEEE Transactions on Biomedical Circuits and Systems","scopus_records",2020
"Epidemiology of exertional heat illness in the military: A systematic review of observational studies",NA,"10.3390/ijerph17197037","2020","Alele F.O.","International Journal of Environmental Research and Public Health","scopus_records",2020
"The diabetes location, environmental attributes, and disparities network: Protocol for nested case control and cohort studies, rationale, and baseline characteristics",NA,"10.2196/21377","2020","Hirsch A.G.","Jmir Research Protocols","scopus_records",2020
"The contractile phenotype of skeletal muscle in TRPV1 knockout mice is gender‐specific and exercise‐dependent",NA,"10.3390/life10100233","2020","Lafoux A.","Life","scopus_records",2020
"Heat-related illnesses transported by united states emergency medical services",NA,"10.3390/medicina56100543","2020","Yeargin S.","Medicina Lithuania","scopus_records",2020
"Acute basilar artery occlusion with recurrent shivering: A case report",NA,"10.1097/md.0000000000022451","2020","Lee C.H.","Medicine United States","scopus_records",2020
"Mild systemic hypothermic circulatory arrest using a frozen elephant trunk graft with endo-balloon occlusion for total arch replacement",NA,"10.1532/hsf.3135","2020","Goto Y.","Heart Surgery Forum","scopus_records",2020
"Environmental Factors Such as Noise and Air Pollution and Vascular Disease",NA,"10.1089/ars.2020.8090","2020","Münzel T.","Antioxidants and Redox Signaling","scopus_records",2020
"Ambient fine particulate matter pollution and years of life lost from cardiovascular diseases in 48 large Chinese cities: Association, effect modification, and additional life gain",NA,"10.1016/j.scitotenv.2020.139413","2020","Li J.","Science of the Total Environment","scopus_records",2020
"Association of Fine Particulate Matter and Risk of Stroke in Patients with Atrial Fibrillation",NA,"10.1001/jamanetworkopen.2020.11760","2020","Rhinehart Z.J.","JAMA Network Open","scopus_records",2020
"Mechanism of Huang-lian-Jie-du decoction and its effective fraction in alleviating acute ulcerative colitis in mice: Regulating arachidonic acid metabolism and glycerophospholipid metabolism",NA,"10.1016/j.jep.2020.112872","2020","Yuan Z.","Journal of Ethnopharmacology","scopus_records",2020
"Association between long-term exposure to air pollutants and cardiopulmonary mortality rates in South Korea",NA,"10.1186/s12889-020-09521-8","2020","Hwang J.","BMC Public Health","scopus_records",2020
"Radio Waveguide-Double Ratchet Rotors Work in Unison on a Surface to Convert Heat into Power",NA,"10.1021/acs.nanolett.0c02898","2020","Singhania A.","Nano Letters","scopus_records",2020
"Enoxaparin for primary thromboprophylaxis in ambulatory patients with coronavirus disease-2019 (the OVID study): A structured summary of a study protocol for a randomized controlled trial",NA,"10.1186/s13063-020-04678-4","2020","Barco S.","Trials","scopus_records",2020
"Increased medical visits and mortality among adults with cardiovascular diseases in severely affected areas after typhoon morakot",NA,"10.3390/ijerph17186531","2020","Shih H.I.","International Journal of Environmental Research and Public Health","scopus_records",2020
"Structural and social determinants of health factors associated with county-level variation in non-adherence to antihypertensive medication treatment",NA,"10.3390/ijerph17186684","2020","Donneyong M.M.","International Journal of Environmental Research and Public Health","scopus_records",2020
"Long-term exposure to air pollution and stroke incidence: A Danish Nurse cohort study",NA,"10.1016/j.envint.2020.105891","2020","Amini H.","Environment International","scopus_records",2020
"Short-Term Air Pollution as a Risk for Stroke Admission: A Time-Series Analysis",NA,"10.1159/000510080","2020","Byrne C.P.","Cerebrovascular Diseases","scopus_records",2020
"Long-term exposure to ambient source-specific particulate matter and its components and incidence of cardiovascular events – The Heinz Nixdorf Recall study",NA,"10.1016/j.envint.2020.105854","2020","Rodins V.","Environment International","scopus_records",2020
"Impacts of air pollution on health: evidence from longitudinal cohort data of patients with cardiovascular diseases",NA,"10.1007/s10198-020-01198-5","2020","Afoakwah C.","European Journal of Health Economics","scopus_records",2020
"Subarachnoid hemorrhage guidance in the era of the COVID-19 pandemic – An opinion to mitigate exposure and conserve personal protective equipment",NA,"10.1016/j.jstrokecerebrovasdis.2020.105010","2020","Nguyen T.N.","Journal of Stroke and Cerebrovascular Diseases","scopus_records",2020
"Prognostic value of cerebral infarction coefficient in patients with massive cerebral infarction",NA,"10.1016/j.clineuro.2020.106009","2020","Du X.","Clinical Neurology and Neurosurgery","scopus_records",2020
"The Silver Lining of COVID-19: Estimation of Short-Term Health Impacts Due to Lockdown in the Yangtze River Delta Region, China",NA,"10.1029/2020gh000272","2020","Huang L.","Geohealth","scopus_records",2020
"Occurrence of Cerebrovascular Diseases Decreased after the Great East Japan Earthquake and Tsunami of 2011",NA,"10.1159/000509869","2020","Omama S.","Cerebrovascular Diseases Extra","scopus_records",2020
"Infusion of Cold Saline into the Carotid Artery Does Not Affect Outcome after Intrastriatal Hemorrhage",NA,"10.1089/ther.2020.0010","2020","Liddle L.J.","Therapeutic Hypothermia and Temperature Management","scopus_records",2020
"Dynamic characteristics of cerebrovascular reactivity or ventilatory response to change in carbon dioxide",NA,"10.1113/ep088800","2020","Ogoh S.","Experimental Physiology","scopus_records",2020
"Therapeutic Hypothermia in Patients with Malignant Ischemic Stroke and Hemicraniectomy—A Systematic Review and Meta-analysis",NA,"10.1016/j.wneu.2020.05.277","2020","Kuczynski A.M.","World Neurosurgery","scopus_records",2020
"Laser-induced brain injury in the motor cortex of rats",NA,"10.3791/60928","2020","Kuts R.","Journal of Visualized Experiments","scopus_records",2020
"Unprotected stroke management in an undiagnosed case of Severe Acute Respiratory Syndrome Coronavirus 2 infection",NA,"10.1016/j.jstrokecerebrovasdis.2020.104981","2020","Papi C.","Journal of Stroke and Cerebrovascular Diseases","scopus_records",2020
"The prevalence and management of central post-stroke pain at a hospital in Zimbabwe",NA,"10.4314/mmj.v32i3.5","2020","Mhangara C.T.","Malawi Medical Journal","scopus_records",2020
"Predicting PET cerebrovascular reserve with deep learning by using baseline MRI: A pilot investigation of a drug-free brain stress test",NA,"10.1148/radiol.2020192793","2020","Chen D.Y.T.","Radiology","scopus_records",2020
"Reliability, reproducibility and validity of dynamic cerebral autoregulation in a large cohort with transient ischaemic attack or minor stroke",NA,"10.1088/1361-6579/abad49","2020","Lee Y.K.","Physiological Measurement","scopus_records",2020
"Anti-inflammatory, antioxidant, and antifibrotic effects of kefir peptides on salt-induced renal vascular damage and dysfunction in aged stroke-prone spontaneously hypertensive rats",NA,"10.3390/antiox9090790","2020","Chen Y.H.","Antioxidants","scopus_records",2020
"Effects of Ibuprofen during Exertional Heat Stroke in Mice",NA,"10.1249/mss.0000000000002329","2020","Garcia C.K.","Medicine and Science in Sports and Exercise","scopus_records",2020
"Characteristic factors of aspiration pneumonia to distinguish from community-acquired pneumonia among oldest-old patients in primary-care settings of Japan",NA,"10.3390/geriatrics5030042","2020","Manabe T.","Geriatrics Switzerland","scopus_records",2020
"Heat-Associated Mortality in a Hot Climate: Maricopa County, Arizona, 2006-2016",NA,"10.1177/0033354920938006","2020","Iverson S.A.","Public Health Reports","scopus_records",2020
"Current utilization and future directions of robotic-assisted endovascular surgery",NA,"10.1080/17434440.2020.1814742","2020","Legeza P.","Expert Review of Medical Devices","scopus_records",2020
"Cardiovascular performance measurement in water fleas by utilizing high-speed videography and imagej software and its application for pesticide toxicity assessment",NA,"10.3390/ani10091587","2020","Santoso F.","Animals","scopus_records",2020
"Hydration and Cooling Strategies for Paralympic Athletes: Applied Focus: Challenges Athletes May Face at the Upcoming Tokyo Paralympics",NA,"10.1007/s13668-020-00317-1","2020","Pritchett K.","Current Nutrition Reports","scopus_records",2020
"Sex differences in long-term effects of exertional heat stroke on myocardial metabolism",NA,"10.1113/jp279984","2020","Bugyei-Twum A.","Journal of Physiology","scopus_records",2020
"Experimental investigation and theoretical modelling of a high-pressure pneumatic Catapult considering dynamic leakage and convection",NA,"10.3390/e22091010","2020","Ren J.","Entropy","scopus_records",2020
"Cardiovascular Drift and Maximal Oxygen Uptake during Running and Cycling in the Heat",NA,"10.1249/mss.0000000000002324","2020","Wingo J.E.","Medicine and Science in Sports and Exercise","scopus_records",2020
"Transient receptor potential vanilloid 4 agonist GSK1016790A improves neurological outcomes after intracerebral hemorrhage in mice",NA,"10.1016/j.bbrc.2020.06.103","2020","Asao Y.","Biochemical and Biophysical Research Communications","scopus_records",2020
"Preventative strategies and interventions to improve outcomes during heatwaves",NA,"10.1093/ageing/afaa125","2020","Brennan M.","Age and Ageing","scopus_records",2020
"Treatment of dysphagia after stroke with acupuncture and related therapies: A protocol for systematic review and network meta-analysis",NA,"10.1097/md.0000000000021657","2020","Xiong F.","Medicine United States","scopus_records",2020
"Interpretations and comments for expert consensus on the diagnosis and treatment of heat stroke in China",NA,"10.1186/s40779-020-00266-4","2020","Liu S.Y.","Military Medical Research","scopus_records",2020
"Short-term associations between ambient air pollution and acute atrial fibrillation episodes",NA,"10.1016/j.envint.2020.105765","2020","Dahlquist M.","Environment International","scopus_records",2020
"Triggering factors in non-traumatic intracerebral hemorrhage",NA,"10.1016/j.jstrokecerebrovasdis.2020.104921","2020","Sallinen H.","Journal of Stroke and Cerebrovascular Diseases","scopus_records",2020
"Transient risk of ambient fine particulate matter on hourly cardiovascular events in Tainan City, Taiwan",NA,"10.1371/journal.pone.0238082","2020","Wu P.C.","Plos One","scopus_records",2020
"High ambient temperature in summer and risk of stroke or transient ischemic attack: A national study in Israel",NA,"10.1016/j.envres.2020.109678","2020","Vered S.","Environmental Research","scopus_records",2020
"Long-term residential road traffic noise and mortality in a Danish cohort",NA,"10.1016/j.envres.2020.109633","2020","Thacher J.D.","Environmental Research","scopus_records",2020
"Pathogenic Role of Air Pollution Particulate Matter in Cardiometabolic Disease: Evidence from Mice and Humans",NA,"10.1089/ars.2020.8096","2020","Marchini T.","Antioxidants and Redox Signaling","scopus_records",2020
"Double direct injection of blood into the cisterna magna as a model of subarachnoid hemorrhage",NA,"10.3791/61322","2020","Pedard M.","Journal of Visualized Experiments","scopus_records",2020
"Stroke priorities during COVID-19 outbreak: acting both fast and safe",NA,"10.1016/j.jstrokecerebrovasdis.2020.104922","2020","Pedicelli A.","Journal of Stroke and Cerebrovascular Diseases","scopus_records",2020
"A Stroke Care Model at an Academic, Comprehensive Stroke Center During the 2020 COVID-19 Pandemic",NA,"10.1016/j.jstrokecerebrovasdis.2020.104927","2020","Meyer D.","Journal of Stroke and Cerebrovascular Diseases","scopus_records",2020
"Vessel wall MR imaging for the detection of intracranial inflammatory vasculopathies",NA,"10.21037/cdt-20-324","2020","Edjlali M.","Cardiovascular Diagnosis and Therapy","scopus_records",2020
"Interventions designed to control postpasteurization contamination in high-temperature, short-time-pasteurized fluid milk processing facilities: A case study on the effect of employee training, clean-in-place chemical modification, and preventive maintenance programs",NA,"10.3168/jds.2020-18186","2020","Reichler S.J.","Journal of Dairy Science","scopus_records",2020
"Importance of Housing and Cardiovascular Health and Well-Being: A Scientific Statement From the American Heart Association",NA,"10.1161/hcq.0000000000000089","2020","Sims M.","Circulation Cardiovascular Quality and Outcomes","scopus_records",2020
"A Review of the Applications of Dual-Energy CT in Acute Neuroimaging",NA,"10.1177/0846537120904347","2020","Gibney B.","Canadian Association of Radiologists Journal","scopus_records",2020
"Cerebral venous thrombosis: report of 2 cases of hemorrhagic venous infarction",NA,"10.1016/j.radcr.2020.05.009","2020","Hoang T.P.T.","Radiology Case Reports","scopus_records",2020
"Experimental investigation of the blanked surface of C5191 phosphor bronze sheet over a wide range of blanking speeds",NA,"10.3390/ma13153335","2020","Wang L.","Materials","scopus_records",2020
"Heat-Related Illness Among Latinx Child Farmworkers in North Carolina: A Mixed-Methods Study",NA,"10.1177/1048291120920571","2020","Arnold T.J.","New Solutions","scopus_records",2020
"Comparison of neuronal death and expression of TNF-α and MCT4 in the gerbil hippocampal CA1 region induced by ischemia/reperfusion under hyperthermia to those under normothermia",NA,"10.3892/mmr.2020.11182","2020","Ohk T.G.","Molecular Medicine Reports","scopus_records",2020
"Surface Modifications of an Organic Polymer-Based Microwire Platform for Sustained Release of an Anti-Inflammatory Drug",NA,"10.1021/acsabm.0c00506","2020","Liu C.","ACS Applied Bio Materials","scopus_records",2020
"Acquired Visual Deficits Independent of Lesion Site in Acute Stroke",NA,"10.3389/fneur.2020.00705","2020","Wijesundera C.","Frontiers in Neurology","scopus_records",2020
"Processing Surface EMG Signals for Exoskeleton Motion Control",NA,"10.3389/fnbot.2020.00040","2020","Yin G.","Frontiers in Neurorobotics","scopus_records",2020
"Size of liquid metal particles influences actuation properties of a liquid crystal elastomer composite",NA,"10.1039/d0sm00278j","2020","Ford M.J.","Soft Matter","scopus_records",2020
"A single exposure to eucalyptus smoke sensitizes rats to the postprandial cardiovascular effects of a high carbohydrate oral load",NA,"10.1080/08958378.2020.1809572","2020","Martin B.L.","Inhalation Toxicology","scopus_records",2020
"Association between Cardiovascular Disease and Long-term Exposure to Air Pollution with the Risk of Dementia",NA,"10.1001/jamaneurol.2019.4914","2020","Grande G.","JAMA Neurology","scopus_records",2020
"From air pollution to cardiovascular diseases: the emerging role of epigenetics",NA,"10.1007/s11033-020-05570-9","2020","Micheu M.M.","Molecular Biology Reports","scopus_records",2020
"Temperature-induced changes in reperfused stroke: Inflammatory and thrombolytic biomarkers",NA,"10.3390/jcm9072108","2020","Ávila-Gómez P.","Journal of Clinical Medicine","scopus_records",2020
"Vibration characteristic analysis of single-cylinder two-stroke engine and mounting system optimization design",NA,"10.1177/0036850420930631","2020","Liang J.","Science Progress","scopus_records",2020
"Histotripsy: Potential Noninvasive Management of Intracerebral Hemorrhage",NA,"10.1016/j.wneu.2020.05.006","2020","Pandey A.S.","World Neurosurgery","scopus_records",2020
"Impaired glymphatic system in secondary degeneration areas after ischemic stroke in rats",NA,"10.1016/j.jstrokecerebrovasdis.2020.104828","2020","Lin L.","Journal of Stroke and Cerebrovascular Diseases","scopus_records",2020
"Characterizing Multiple Patterns of Motor Intent Using Spatial-Temporal Information for Intuitively Active Motor Training in Stroke Survivors",NA,"10.1109/embc44109.2020.9176308","2020","Samuel O.W.","Proceedings of the Annual International Conference of the IEEE Engineering in Medicine and Biology Society EMBS","scopus_records",2020
"ACE (Angiotensin-Converting Enzyme) Inhibition Reverses Vasoconstriction and Impaired Dilation of Pial Collaterals in Chronic Hypertension",NA,"10.1161/hypertensionaha.119.14315","2020","Li Z.","Hypertension","scopus_records",2020
"Is brain imaging necessary for febrile elderly patients with altered mental status? A retrospective multicenter study",NA,"10.1371/journal.pone.0236763","2020","Choi S.","Plos One","scopus_records",2020
"The current state of electrocorticography-based brain-computer interfaces",NA,"10.3171/2020.4.focus20185","2020","Miller K.J.","Neurosurgical Focus","scopus_records",2020
"Voxelwise optimization of hemodynamic lags to improve regional CVR estimates in breath-hold fMRI",NA,"10.1109/embc44109.2020.9176225","2020","Moia S.","Proceedings of the Annual International Conference of the IEEE Engineering in Medicine and Biology Society EMBS","scopus_records",2020
"Improved active disturbance rejection control for trajectory tracking control of lower limb robotic rehabilitation exoskeleton",NA,"10.3390/s20133681","2020","Aole S.","Sensors Switzerland","scopus_records",2020
"Does Adherence to Mediterranean Diet Mediate the Association Between Food Environment and Obesity Among Non-Hispanic Black and White Older US Adults? A Path Analysis",NA,"10.1177/0890117120905240","2020","Chen M.","American Journal of Health Promotion","scopus_records",2020
"Nanodomains in cardiopulmonary disorders and the impact of air pollution",NA,"10.1042/bst20190250","2020","Cattani-Cavalieri I.","Biochemical Society Transactions","scopus_records",2020
"The impact of COVID-19 on ischemic stroke",NA,"10.1186/s13000-020-00994-0","2020","Zhai P.","Diagnostic Pathology","scopus_records",2020
"Comparative assessments of mortality from and morbidity of circulatory diseases in association with extreme temperatures",NA,"10.1016/j.scitotenv.2020.138012","2020","Lin Y.K.","Science of the Total Environment","scopus_records",2020
"Effectiveness of brain protection with histidine-tryptophan-ketoglutarate solutions",NA,"10.1532/hsf.3103","2020","Oğuz S.","Heart Surgery Forum","scopus_records",2020
"Study protocol for an exploratory interventional study investigating the feasibility of video-based non-contact physiological monitoring in healthy volunteers by Mapping of Lower Limb skIn pErfusion (MOLLIE)",NA,"10.1136/bmjopen-2019-036235","2020","Harford M.","BMJ Open","scopus_records",2020
"Matrix Metalloproteinase-9 Relationship With Infarct Growth and Hemorrhagic Transformation in the Era of Thrombectomy",NA,"10.3389/fneur.2020.00473","2020","Mechtouff L.","Frontiers in Neurology","scopus_records",2020
"A case report of acute hypothermia during initial inpatient clozapine titration with review of current literature on clozapine-induced temperature dysregulations",NA,"10.1186/s12888-020-02695-w","2020","Burk B.G.","BMC Psychiatry","scopus_records",2020
"Combined effects of physical activity and air pollution on cardiovascular disease: A population-based study",NA,"10.1161/jaha.119.013611","2020","Kim S.R.","Journal of the American Heart Association","scopus_records",2020
"Ambient air pollution increases the risk of cerebrovascular and neuropsychiatric disorders through induction of inflammation and oxidative stress",NA,"10.3390/ijms21124306","2020","Hahad O.","International Journal of Molecular Sciences","scopus_records",2020
"Intensive care admissions and outcomes associated with short-term exposure to ambient air pollution: a time series analysis",NA,"10.1007/s00134-020-06052-z","2020","Groves C.P.","Intensive Care Medicine","scopus_records",2020
"Road traffic noise, air pollution and cardiovascular events in a Swedish cohort",NA,"10.1016/j.envres.2020.109446","2020","Andersson E.M.","Environmental Research","scopus_records",2020
"The association of outdoor temperature with blood pressure, and its influence on future cardio-cerebrovascular disease risk in cold areas",NA,"10.1097/hjh.0000000000002387","2020","Yu B.","Journal of Hypertension","scopus_records",2020
"AT2R's (Angiotensin II Type 2 Receptor's) Role in Cognitive and Cerebrovascular Deficits in a Mouse Model of Alzheimer Disease",NA,"10.1161/hypertensionaha.119.14431","2020","Royea J.","Hypertension","scopus_records",2020
"A novel singular value decomposition-based denoising method in 4-dimensional computed tomography of the brain in stroke patients with statistical evaluation",NA,"10.3390/s20113063","2020","Yang W.","Sensors Switzerland","scopus_records",2020
"Reliability of synthetic brain MRI for assessment of ischemic stroke with phantom validation of a relaxation time determination method",NA,"10.3390/jcm9061857","2020","Li C.W.","Journal of Clinical Medicine","scopus_records",2020
"Providing uninterrupted care during COVID-19 pandemic: Experience from Beijing Tiantan Hospital",NA,"10.1136/svn-2020-000400","2020","Wang X.","Stroke and Vascular Neurology","scopus_records",2020
"Simultaneous exposure to noise and carbon monoxide increases the risk of Alzheimer's disease: A literature review",NA,"10.4103/2045-9912.285562","2020","Bagheri F.","Medical Gas Research","scopus_records",2020
"Heat-related illnesses",NA,"10.1007/s10049-020-00716-5","2020","Muth C.M.","Notfall Und Rettungsmedizin","scopus_records",2020
"Environment-friendly biodiesel/diesel blends for improving the exhaust emission and engine performance to reduce the pollutants emitted from transportation fleets",NA,"10.3390/ijerph17113896","2020","Sharma A.K.","International Journal of Environmental Research and Public Health","scopus_records",2020
"Optical fiber interferometer application for high electron density measurements on compact torus plasmas",NA,"10.1063/5.0005868","2020","Zhang S.","Review of Scientific Instruments","scopus_records",2020
"Fold-over oversampling effects in the measurements of cerebral cerebrospinal fluid and blood flows with 2D cine phase-contrast MRI",NA,"10.3390/diagnostics10060387","2020","Saadani-Makki F.","Diagnostics","scopus_records",2020
"Simulation of shape memory alloy (SMA)-bias spring actuation for self-shaping architecture: Investigation of parametric sensitivity",NA,"10.3390/ma13112485","2020","Yi H.","Materials","scopus_records",2020
"Hierarchical Bayesian Optimization of Spatiotemporal Neurostimulations for Targeted Motor Outputs",NA,"10.1109/tnsre.2020.2987001","2020","Laferriere S.","IEEE Transactions on Neural Systems and Rehabilitation Engineering","scopus_records",2020
"Lattice-Tip Focal Ablation Catheter That Toggles Between Radiofrequency and Pulsed Field Energy to Treat Atrial Fibrillation: A First-in-Human Trial",NA,"10.1161/circep.120.008718","2020","Reddy V.Y.","Circulation Arrhythmia and Electrophysiology","scopus_records",2020
"Impact of stressors in the aviation environment on xenobiotic dosimetry in humans: physiologically based prediction of the effect of +Gz-forces",NA,"10.1080/15287394.2020.1767249","2020","Sweeney L.M.","Journal of Toxicology and Environmental Health Part A Current Issues","scopus_records",2020
"Surface-topology-controlled mechanical characteristics of triply periodic carbon Schwarzite foams",NA,"10.1039/d0sm00136h","2020","Gong H.","Soft Matter","scopus_records",2020
"Self-Helical Fiber for Glucose-Responsive Artificial Muscle",NA,"10.1021/acsami.0c03120","2020","Sim H.J.","ACS Applied Materials and Interfaces","scopus_records",2020
"Mesenchymal Stem Cells Provide Neuroprotection by Regulating Heat Stroke-Induced Brain Inflammation",NA,"10.3389/fneur.2020.00372","2020","Zhang Y.","Frontiers in Neurology","scopus_records",2020
"Stroke burden and mortality attributable to ambient fine particulate matter pollution in 195 countries and territories and trend analysis from 1990 to 2017",NA,"10.1016/j.envres.2020.109327","2020","Jiang Y.","Environmental Research","scopus_records",2020
"Particulate air pollution, clock gene methylation, and stroke: Effects on stroke severity and disability",NA,"10.3390/ijms21093090","2020","Cantone L.","International Journal of Molecular Sciences","scopus_records",2020
"A Data-Driven Volitional EMG Extraction Algorithm during Functional Electrical Stimulation with Time Variant Parameters",NA,"10.1109/tnsre.2020.2980294","2020","Zhou Y.","IEEE Transactions on Neural Systems and Rehabilitation Engineering","scopus_records",2020
"Carotid artery ultrasound image analysis: A review of the literature",NA,"10.1177/0954411919900720","2020","Latha S.","Proceedings of the Institution of Mechanical Engineers Part H Journal of Engineering in Medicine","scopus_records",2020
"Some near-and far-environmental effects on human health and disease with a focus on the cardiovascular system",NA,"10.3390/ijerph17093083","2020","Guillaume G.C.","International Journal of Environmental Research and Public Health","scopus_records",2020
"Cardiac function during heat stress: Impact of short-term passive heat acclimation",NA,"10.1152/ajpheart.00407.2020","2020","Trachsel L.D.","American Journal of Physiology Heart and Circulatory Physiology","scopus_records",2020
"Ultrafast Intracranial Vessel Imaging with Non-Cartesian Spiral 3-Dimensional Time-of-Flight Magnetic Resonance Angiography at 1.5 T: An in Vitro and Clinical Study in Healthy Volunteers",NA,"10.1097/rli.0000000000000641","2020","Sartoretti T.","Investigative Radiology","scopus_records",2020
"Seasonality and Cardio-Cerebrovascular Risk Factors for Benign Paroxysmal Positional Vertigo",NA,"10.3389/fneur.2020.00259","2020","Cao Z.","Frontiers in Neurology","scopus_records",2020
"Chronic disease, the built environment, and unequal health risks in the 500 largest U.S. cities",NA,"10.3390/ijerph17082961","2020","Fitzpatrick K.M.","International Journal of Environmental Research and Public Health","scopus_records",2020
"Investigating the performance of an amplitude-independent algorithm for detecting the hand muscle activity of stroke survivors",NA,"10.1080/03091902.2020.1753838","2020","Hameed H.K.","Journal of Medical Engineering and Technology","scopus_records",2020
"Impact of Body Temperature Before and After Endovascular Thrombectomy for Large Vessel Occlusion Stroke",NA,"10.1161/strokeaha.119.028160","2020","Diprose W.K.","Stroke","scopus_records",2020
"Flood of cerebrospinal fluid causes oedema after stroke",NA,"10.1038/s41582-020-0328-4","2020","Lemprière S.","Nature Reviews Neurology","scopus_records",2020
"Novel Acclimatization and Acclimation Strategies for Hot Climates",NA,"10.1249/jsr.0000000000000707","2020","Song K.","Current Sports Medicine Reports","scopus_records",2020
"Study on springback straightening after bending of the U-section of TC4 material under high-temperature conditions",NA,"10.3390/ma13081895","2020","Jin L.","Materials","scopus_records",2020
"Comparative Analysis of Clinical and Biochemical Profile of Exertional Heat Related Illness Among Cadets in a Military Training Centre in South India: A Single Centre Experience",NA,NA,"2020","J S.","Journal of the Association of Physicians of India","scopus_records",2020
"Resuscitating the Globally Ischemic Brain: TTM and Beyond",NA,"10.1007/s13311-020-00856-z","2020","Hosseini M.","Neurotherapeutics","scopus_records",2020
"Short-term associations between ambient air pollution and stroke hospitalisations: time-series study in Shenzhen, China",NA,"10.1136/bmjopen-2019-032974","2020","Guo Y.","BMJ Open","scopus_records",2020
"Real-time neurochemical measurement of dynamic metabolic events during cardiac arrest and resuscitation in a porcine model",NA,"10.1039/c9an01950b","2020","Gowers S.A.N.","Analyst","scopus_records",2020
"The effects of temperature on accident and emergency department attendances in London: A time-series regression analysis",NA,"10.3390/ijerph17061957","2020","Hotz I.C.","International Journal of Environmental Research and Public Health","scopus_records",2020
"Air pollution linked to multiple sclerosis and stroke",NA,"10.1038/s41582-020-0322-x","2020","Lemprière S.","Nature Reviews Neurology","scopus_records",2020
"Beyond heat stress: Intestinal integrity disruption and mechanism-based intervention strategies",NA,"10.3390/nu12030734","2020","Lian P.","Nutrients","scopus_records",2020
"Simultaneous optimization of the ultrasonic extraction method and determination of the antioxidant activities of hydroxysafflor yellow A and anhydrosafflor yellow B from safflower using a response surface methodology",NA,"10.3390/molecules25051226","2020","Zhang Y.","Molecules","scopus_records",2020
"Complementing cooling: the ongoing search for an effective adjunct to therapeutic hypothermia",NA,"10.1113/jp279518","2020","Baburamani A.A.","Journal of Physiology","scopus_records",2020
"When should a heat-tolerance test be scheduled after clinical recovery from an exertional heat illness?",NA,"10.4085/1062-6050-478-18","2020","Schermann H.","Journal of Athletic Training","scopus_records",2020
"Physical activity trails in an urban setting and cardiovascular disease morbidity and mortality in Winnipeg, Manitoba, Canada: A study protocol for a natural experiment",NA,"10.1136/bmjopen-2019-036602","2020","Hobin E.","BMJ Open","scopus_records",2020
"Risk factors and clinical outcomes of functional decline during hospitalisation in very old patients with acute decompensated heart failure: An observational study",NA,"10.1136/bmjopen-2019-032674","2020","Yaku H.","BMJ Open","scopus_records",2020
"Heat Stroke in Cell Tissues Related to Sulfur Dioxide Level Is Precisely Monitored by Light-Controlled Fluorescent Probes",NA,"10.1021/jacs.9b13936","2020","Zhang W.","Journal of the American Chemical Society","scopus_records",2020
"Investigation of an ultra wideband noise sensor for health monitoring",NA,"10.3390/s20041034","2020","Zeng X.","Sensors Switzerland","scopus_records",2020
"Isoflurane attenuates carbogen-induced blood-brain barrier disruption independent of body temperature in mice and rats",NA,"10.1097/wnr.0000000000001390","2020","Poon K.S.","Neuroreport","scopus_records",2020
"Low Incidence of Death and Renal Failure in United States Military Service Members Hospitalized with Exertional Heat Stroke: A Retrospective Cohort Study",NA,"10.1093/milmed/usz214","2020","Donham B.P.","Military Medicine","scopus_records",2020
"The Gender-Based Differences in Vulnerability to Ambient Air Pollution and Cerebrovascular Disease Mortality: Evidences Based on 26781 Deaths",NA,"10.5334/gh.849","2020","Liu G.","Global Heart","scopus_records",2020
"Influence of Meteorological Conditions on the Incidence of Chronic Subdural Haematoma, Subarachnoid and Intracerebral Haemorrhages - the “Bleeding Weather Hypothesis”",NA,"10.5137/1019-5149.jtn.29821-20.2","2020","ILLY E.","Turkish Neurosurgery","scopus_records",2020
"The impact of air pollution on hospitalization for cardiovascular and cerebrovascular disease in Shenyang, China",NA,NA,"2020","Ren Q.","Iranian Journal of Public Health","scopus_records",2020
"Disease assimilation: The mortality impacts of fine particulate matter on immigrants to Canada",NA,"10.25318/82-003-x202000300002-eng","2020","Erickson A.C.","Health Reports","scopus_records",2020
"Impact of Air Pollution and Seasonal Haze on Neurological Conditions",NA,NA,"2020","Rocha I.I.","Annals of the Academy of Medicine Singapore","scopus_records",2020
"Statistical analysis of air pollutants concentration and health information related to respiratory disease patients in Bangkok, Thailand",NA,"10.3233/shti200579","2020","Thongkum W.","Studies in Health Technology and Informatics","scopus_records",2020
"Temperature decline is a trigger of subarachnoid hemorrhage: Case-crossover study with distributed lag model",NA,"10.26355/eurrev_202005_21354","2020","Yao D.X.","European Review for Medical and Pharmacological Sciences","scopus_records",2020
"Long-Term Exposure to PM2.5and Cognitive Decline: A Longitudinal Population-Based Study",NA,"10.3233/aiad210026","2020","Grande G.","Advances in Alzheimer S Disease","scopus_records",2020
"Effects of patient-level noise abatement orders on sound levels experienced by critically ill subarachnoid hemorrhage patients: an observational study",NA,"10.1080/21548331.2020.1801008","2020","Peacock A.","Hospital Practice","scopus_records",2020
"Air Pollution Neurotoxicity in the Adult Brain: Emerging Concepts from Experimental Findings",NA,"10.3233/jad-200377","2020","Haghani A.","Journal of Alzheimer S Disease","scopus_records",2020
"Traffic-related air pollution and carotid plaque burden in a canadian city with low-level ambient pollution",NA,"10.1161/jaha.119.013400","2020","Johnson M.","Journal of the American Heart Association","scopus_records",2020
"Comparison of radiological versus clinical cerebral vasospasm after aneurysmal subarachnoid hemorrhage: is vasospasm always present?",NA,"10.1080/01616412.2020.1796404","2020","Djilvesi D.","Neurological Research","scopus_records",2020
"Occupational exposures and cardiac structure and function: Echo-sol (echocardiographic study of latinos)",NA,"10.1161/jaha.120.016122","2020","Burroughs Peña M.S.","Journal of the American Heart Association","scopus_records",2020
"Potential impacts of meteorological variables on acute ischemic stroke onset",NA,"10.2147/rmhp.s253559","2020","Qi X.","Risk Management and Healthcare Policy","scopus_records",2020
"Extreme heat kills even in very hot cities: Evidence from Nagpur, India",NA,"10.34172/ijoem.2020.1991","2020","Dutta P.","International Journal of Occupational and Environmental Medicine","scopus_records",2020
"Oral myiasis after cerebral infarction in an elderly male patient from southern China: A case report",NA,"10.12998/wjcc.v8.i24.6499","2020","Zhang T.Z.","World Journal of Clinical Cases","scopus_records",2020
"Cooking with biomass fuel and cardiovascular disease: A cross-sectional study among rural villagers in Phitsanulok, Thailand",NA,"10.12688/f1000research.23457.2","2020","Juntarawijit C.","F1000research","scopus_records",2020
"Changes in health risk associated with air pollution and policy response effectiveness, Richards Bay, South Africa",NA,"10.17159/caj/2020/30/1.8012","2020","Okello N.O.","Clean Air Journal","scopus_records",2020
"Cerebral small vessel disease related to a heterozygous nonsense mutation in HtrA1",NA,"10.2169/internalmedicine.4041-19","2020","Ohta K.","Internal Medicine","scopus_records",2020
"The prevalence of stroke according to indoor radon concentration in South Koreans: Nationwide cross section study",NA,"10.1097/md.0000000000018859","2020","Kim S.H.","Medicine United States","scopus_records",2020
"1 fm/ H z noise level low temperature Fabry-Pérot atomic force/magnetic force microscope operating in 4-300 K temperature range",NA,"10.1063/1.5120007","2020","Karc Ö.","Review of Scientific Instruments","scopus_records",2020
"Immediate effects of noxious and innocuous thermal stimulation on brain activation in patients with stroke",NA,"10.1097/md.0000000000019386","2020","Chen S.C.J.","Medicine United States","scopus_records",2020
"Mild fever as a catalyst for consumption of the ischaemic penumbra despite endovascular reperfusion",NA,"10.1093/braincomms/fcaa116","2020","Dehkharghani S.","Brain Communications","scopus_records",2020
"Relationship between air temperature parameters and the number of deaths stratified by cause in gifu prefecture, japan",NA,"10.3390/healthcare8010035","2020","Bando M.","Healthcare Switzerland","scopus_records",2020
"Intraventricular hemorrhage as clinical presentation of herpes simplex virus encephalitis. A case report and review of the literature",NA,"10.1080/00207454.2020.1787409","2020","Alvarez-Perez F.J.","International Journal of Neuroscience","scopus_records",2020
"Cold stress protein RBM3 responds to hypothermia and is associated with good stroke outcome",NA,"10.1093/braincomms/fcaa078","2020","Ávila-Gómez P.","Brain Communications","scopus_records",2020
"Exertional heat stroke in an amateur runner–Challenges in diagnostics and the role of unhealthy competition",NA,"10.1080/02640414.2020.1794256","2020","Marlega J.","Journal of Sports Sciences","scopus_records",2020
"Passive cooling for thermal comfort in informal housing",NA,"10.17159/2413-3051/2020/v31i1a7689","2020","Kimemia D.","Journal of Energy in Southern Africa","scopus_records",2020
"A case of severe QTC prolongation during targeted temperature management – what can we learn?",NA,"10.12659/ajcr.924844","2020","Purewal J.K.","American Journal of Case Reports","scopus_records",2020
"Hypobaric hypoxia preconditioning protects against hypothalamic neuron apoptosis in heat-exposed rats by reversing hypothalamic overexpression of matrix metalloproteinase-9 and ischemia",NA,"10.7150/ijms.47560","2020","Chao C.M.","International Journal of Medical Sciences","scopus_records",2020
"Clinical features of 17 patients with 2019-nCoV",NA,"10.26355/eurrev_202010_23454","2020","Song Y.S.","European Review for Medical and Pharmacological Sciences","scopus_records",2020
"Assessment of image quality and dose in contrast-enhanced head and neck CT angiography of New Zealand rabbit",NA,"10.3233/xst-190669","2020","Hsiao C.C.","Journal of X Ray Science and Technology","scopus_records",2020
"An approach to predict the lifetime of shape memory actuators based on accelerated testing measurements",NA,"10.3850/978-981-14-8593-0_4332-cd","2020","Heß P.","Proceedings of the 30th European Safety and Reliability Conference and the 15th Probabilistic Safety Assessment and Management Conference","scopus_records",2020
"RETROSPECTIVE ANALYSIS OF INTERVENTIONS PERFORMED BY EMERGENCY MEDICAL TEAMS IN POLAND BEFORE AND DURING THE SARS COV-2 PANDEMIC",NA,"10.36740/wlek202008113","2020","Kucap M.","Wiadomosci Lekarskie Warsaw Poland 1960","scopus_records",2020
"Mutual effects of fine particulate matter, nitrogen dioxide, and fireworks on cause-specific acute cardiovascular mortality: A case-crossover study in communities affected by aircraft noise",NA,"10.1016/j.envpol.2021.118066","2021","Saucy A.","Environmental Pollution","scopus_records",2021
"Association of heating fuel types with mortality and cardiovascular events among non-smokers in China",NA,"10.1016/j.envpol.2021.118207","2021","Cao X.","Environmental Pollution","scopus_records",2021
"Facial skin temperature in acute stroke patients with delirium - A pilot study",NA,"10.1016/j.jns.2021.120036","2021","Stokholm J.","Journal of the Neurological Sciences","scopus_records",2021
"Numerical Simulation of Monodisperse Lube Oil Multiple Droplet Evaporation and Autoignition under Nonconstant Cylinder Conditions of Low-Speed Two-Stroke Gas Engines",NA,"10.1021/acsomega.1c04412","2021","Wang Z.","ACS Omega","scopus_records",2021
"Analysis of long- and medium-term particulate matter exposures and stroke in the US-based Health Professionals Follow-up Study",NA,"10.1097/ee9.0000000000000178","2021","Xu Y.","Environmental Epidemiology","scopus_records",2021
"PH-Responsive Multifunctional Theranostic Rapamycin-Loaded Nanoparticles for Imaging and Treatment of Acute Ischemic Stroke",NA,"10.1021/acsami.1c16530","2021","Cheng Y.","ACS Applied Materials and Interfaces","scopus_records",2021
"Association between exposure to ambient air pollution and hospital admission, incidence, and mortality of stroke: an updated systematic review and meta-analysis of more than 23 million participants",NA,"10.1186/s12199-021-00937-1","2021","Niu Z.","Environmental Health and Preventive Medicine","scopus_records",2021
"Long-term exposure to road traffic noise and stroke incidence: a Danish Nurse Cohort study",NA,"10.1186/s12940-021-00802-2","2021","Cole-Hunter T.","Environmental Health A Global Access Science Source","scopus_records",2021
"Temporal trend and attributable risk factors of stroke burden in China, 1990–2019: an analysis for the Global Burden of Disease Study 2019",NA,"10.1016/s2468-2667(21)00228-0","2021","Ma Q.","Lancet Public Health","scopus_records",2021
"Health impacts of air pollution exposure from 1990 to 2019 in 43 European countries",NA,"10.1038/s41598-021-01802-5","2021","Juginović A.","Scientific Reports","scopus_records",2021
"Weather conditions associated with subarachnoid hemorrhage: a multicenter case-crossover study",NA,"10.1186/s12883-021-02312-7","2021","Kockler M.","BMC Neurology","scopus_records",2021
"Long-term ozone exposure and mortality from neurological diseases in Canada",NA,"10.1016/j.envint.2021.106817","2021","Zhao N.","Environment International","scopus_records",2021
"Valuing burden of premature mortality attributable to air pollution in major million-plus non-attainment cities of India",NA,"10.1038/s41598-021-02232-z","2021","Nair M.","Scientific Reports","scopus_records",2021
"Heart–brain relationship in stroke",NA,"10.3390/biomedicines9121835","2021","Kelley R.E.","Biomedicines","scopus_records",2021
"Severe heat stroke complicated by multiple cerebral infarctions: a case report",NA,"10.1186/s13256-020-02596-2","2021","Kamidani R.","Journal of Medical Case Reports","scopus_records",2021
"Risk of Heat-Related Mortality, Disease, Accident, and Injury Among Korean Workers: A National Representative Study From 2002 to 2015",NA,"10.1029/2021gh000516","2021","Yoon J.H.","Geohealth","scopus_records",2021
"Risk of cardiovascular mortality, stroke and coronary heart mortality associated with aircraft noise around Congonhas airport, São Paulo, Brazil: a small-area study",NA,"10.1186/s12940-021-00746-7","2021","Roca-Barceló A.","Environmental Health A Global Access Science Source","scopus_records",2021
"A time series analysis of the relationship between ambient temperature and ischaemic stroke in the Ljubljana area: immediate, delayed and cumulative effects",NA,"10.1186/s12883-021-02044-8","2021","Ravljen M.","BMC Neurology","scopus_records",2021
"Association between hyperpyrexia and poststroke outcomes in patients with recanalization after mechanical thrombectomy: a retrospective cohort study",NA,"10.1186/s12883-021-02400-8","2021","Chen M.","BMC Neurology","scopus_records",2021
"Heat warnings, mortality, and hospital admissions among older adults in the United States",NA,"10.1016/j.envint.2021.106834","2021","Weinberger K.R.","Environment International","scopus_records",2021
"Random forest-based prediction of stroke outcome",NA,"10.1038/s41598-021-89434-7","2021","Fernandez-Lozano C.","Scientific Reports","scopus_records",2021
"Accuracy of thin-slice model-based iterative reconstruction designed for brain CT to diagnose acute ischemic stroke in the middle cerebral artery territory: a multicenter study",NA,"10.1007/s00234-021-02745-4","2021","Mitani H.","Neuroradiology","scopus_records",2021
"Simulation-based training improves patient safety climate in acute stroke care (STREAM)",NA,"10.1186/s42466-021-00132-1","2021","Bohmann F.O.","Neurological Research and Practice","scopus_records",2021
"Association between temperature exposure and cognition: a cross-sectional analysis of 20,687 aging adults in the United States",NA,"10.1186/s12889-021-11533-x","2021","Khan A.M.","BMC Public Health","scopus_records",2021
"Body temperature and esthesia in individuals with stroke",NA,"10.1038/s41598-021-89543-3","2021","da Silva Dias C.","Scientific Reports","scopus_records",2021
"Impact of dose reduction and iterative model reconstruction on multi-detector CT imaging of the brain in patients with suspected ischemic stroke",NA,"10.1038/s41598-021-01162-0","2021","Paprottka K.J.","Scientific Reports","scopus_records",2021
"Retrospective study of deep learning to reduce noise in non-contrast head CT images",NA,"10.1016/j.compmedimag.2021.101996","2021","Wong K.K.","Computerized Medical Imaging and Graphics","scopus_records",2021
"Research progress of heat stroke during 1989–2019: a bibliometric analysis",NA,"10.1186/s40779-021-00300-z","2021","Xia D.M.","Military Medical Research","scopus_records",2021
"Exertional heat stroke on fertility, erectile function, and testicular morphology in male rats",NA,"10.1038/s41598-021-83121-3","2021","Lin P.H.","Scientific Reports","scopus_records",2021
"Noninvasive quantification of cerebrovascular pressure changes using 4D Flow MRI",NA,"10.1002/mrm.28928","2021","Marlevi D.","Magnetic Resonance in Medicine","scopus_records",2021
"Smoothness metrics for reaching performance after stroke. Part 1: which one to choose?",NA,"10.1186/s12984-021-00949-6","2021","Mohamed Refai M.I.","Journal of Neuroengineering and Rehabilitation","scopus_records",2021
"Hospitalisation for lower respiratory tract infection is associated with an increased incidence of acute myocardial infarction and stroke in tropical Northern Australia",NA,"10.1038/s41598-021-86301-3","2021","Pak A.","Scientific Reports","scopus_records",2021
"Fully hydrogenated canola oil extends lifespan in stroke-prone spontaneously hypertensive rats",NA,"10.1186/s12944-021-01540-7","2021","Tatematsu K.","Lipids in Health and Disease","scopus_records",2021
"Detection of collaterals from cone-beam CT images in stroke",NA,"10.3390/s21238099","2021","Aziz A.A.","Sensors","scopus_records",2021
"Concussion history in rugby union players is associated with depressed cerebrovascular reactivity and cognition",NA,"10.1111/sms.14046","2021","Owens T.S.","Scandinavian Journal of Medicine and Science in Sports","scopus_records",2021
"Estimating upper-extremity function from kinematics in stroke patients following goal-oriented computer-based training",NA,"10.1186/s12984-021-00971-8","2021","Ballester B.R.","Journal of Neuroengineering and Rehabilitation","scopus_records",2021
"NLRP3 ablation enhances tolerance in heat stroke pathology by inhibiting IL-1β-mediated neuroinflammation",NA,"10.1186/s12974-021-02179-y","2021","Zhang Z.T.","Journal of Neuroinflammation","scopus_records",2021
"Potential health impact of increasing adoption of sustainable dietary practices in Sweden",NA,"10.1186/s12889-021-11256-z","2021","Patterson E.","BMC Public Health","scopus_records",2021
"The effects of extreme temperatures on emergency room visits—a population-based analysis by age, sex, and comorbidity",NA,"10.1007/s00484-021-02166-1","2021","Lin Y.K.","International Journal of Biometeorology","scopus_records",2021
"Patterns of multimorbidity and risk of severe SARS-CoV-2 infection: an observational study in the U.K.",NA,"10.1186/s12879-021-06600-y","2021","Chudasama Y.V.","BMC Infectious Diseases","scopus_records",2021
"Orthogonality-constrained cnmf-based noise reduction with reduced degradation of biological sound",NA,"10.3390/s21237981","2021","Murakami N.","Sensors","scopus_records",2021
"INTEnsive care bundle with blood pressure reduction in acute cerebral hemorrhage trial (INTERACT3): study protocol for a pragmatic stepped-wedge cluster-randomized controlled trial",NA,"10.1186/s13063-021-05881-7","2021","Song L.","Trials","scopus_records",2021
"Phenothiazine Inhibits Neuroinflammation and Inflammasome Activation Independent of Hypothermia After Ischemic Stroke",NA,"10.1007/s12035-021-02542-3","2021","Guo S.","Molecular Neurobiology","scopus_records",2021
"Investigating age and regional effects on the relation between the incidence of heat-related ambulance transport and daily maximum temperature or WBGT",NA,"10.1186/s12199-021-01034-z","2021","Ueno S.","Environmental Health and Preventive Medicine","scopus_records",2021
"Swimming with Swimsuit and Wetsuit at Typical vsCold-water Temperatures (26 vs. 18 ℃)",NA,"10.1055/a-1481-8473","2021","Gay A.","International Journal of Sports Medicine","scopus_records",2021
"Prehospital management of exertional heat stroke at sports competitions: International Olympic Committee Adverse Weather Impact Expert Working Group for the Olympic Games Tokyo 2020",NA,"10.1136/bjsports-2020-103854","2021","Hosokawa Y.","British Journal of Sports Medicine","scopus_records",2021
"Use of patient specific 3D printed neurovascular phantoms to simulate mechanical thrombectomy",NA,"10.1186/s41205-021-00122-8","2021","Sommer K.N.","3D Printing in Medicine","scopus_records",2021
"Preclinical validation of a novel oral Edaravone formulation for treatment of frontotemporal dementia",NA,"10.1007/s12640-021-00405-2","2021","Kelliny S.","Neurotoxicity Research","scopus_records",2021
"The value of the exertional heat stroke score for the prognosis of patients with exertional heat stroke",NA,"10.1016/j.ajem.2021.08.036","2021","Li P.","American Journal of Emergency Medicine","scopus_records",2021
"Using logic regression to characterize extreme heat exposures and their health associations: a time-series study of emergency department visits in Atlanta",NA,"10.1186/s12874-021-01278-x","2021","Jiang S.","BMC Medical Research Methodology","scopus_records",2021
"Influenza vaccination and risk for cardiovascular events: a nationwide self-controlled case series study",NA,"10.1186/s12872-020-01836-z","2021","Sen A.","BMC Cardiovascular Disorders","scopus_records",2021
"Short-term skin temperature responses to endurance exercise: A systematic review of methods and future challenges in the use of infrared thermography",NA,"10.3390/life11121286","2021","Rojas-Valverde D.","Life","scopus_records",2021
"Rivermead assessment of somatosensory performance: Italian normative data",NA,"10.1007/s10072-021-05210-5","2021","Russo C.","Neurological Sciences","scopus_records",2021
"Cervical epidural hematoma with Brown-Sequard syndrome caused by an epidural injection: a case report",NA,"10.15441/ceem.20.104","2021","Cho Y.J.","Clinical and Experimental Emergency Medicine","scopus_records",2021
"Moderate Versus Deep Hypothermia in Type A Acute Aortic Dissection Repair: Insights from the International Registry of Acute Aortic Dissection",NA,"10.1016/j.athoracsur.2021.01.027","2021","Pupovac S.S.","Annals of Thoracic Surgery","scopus_records",2021
"Prediction of a time-sensitive condition among patients with dizziness assessed by the emergency medical services",NA,"10.1186/s12873-021-00423-5","2021","Magnusson C.","BMC Emergency Medicine","scopus_records",2021
"Insight into the use of tympanic temperature during target temperature management in emergency and critical care: a scoping review",NA,"10.1186/s40560-021-00558-4","2021","Masè M.","Journal of Intensive Care","scopus_records",2021
"Feasibility of ultra-high resolution supra-aortic CT angiography: An assessment of diagnostic image quality and radiation dose",NA,"10.3390/tomography7040059","2021","Ucar F.A.","Tomography","scopus_records",2021
"Exertional heat illnesses in marching band artists: a case series",NA,"10.1007/s00484-021-02183-0","2021","Merchant R.K.","International Journal of Biometeorology","scopus_records",2021
"Effects of red blood cells with reduced deformability on cerebral blood flow and vascular water transport: measurements in rats using time-resolved pulsed arterial spin labelling at 9.4 T",NA,"10.1186/s41747-021-00243-z","2021","Bibic A.","European Radiology Experimental","scopus_records",2021
"Postoperative malignant hyperthermia confirmed by calcium-induced calcium release rate after breast cancer surgery, in which prompt recognition and immediate dantrolene administration were life-saving: a case report",NA,"10.1186/s13256-021-02681-0","2021","Miyazaki N.","Journal of Medical Case Reports","scopus_records",2021
"Hierarchically Structured and Scalable Artificial Muscles for Smart Textiles",NA,"10.1021/acsami.1c16323","2021","Peng Y.","ACS Applied Materials and Interfaces","scopus_records",2021
"Study on the Application of Super-Resolution Ultrasound for Cerebral Vessel Imaging in Rhesus Monkeys",NA,"10.3389/fneur.2021.720320","2021","Yan L.","Frontiers in Neurology","scopus_records",2021
"Air Pollution Particulate Matter Amplifies White Matter Vascular Pathology and Demyelination Caused by Hypoperfusion",NA,"10.3389/fimmu.2021.785519","2021","Huuskonen M.T.","Frontiers in Immunology","scopus_records",2021
"Voxel-Wise Adversarial FiboNet for 3D Cerebrovascular Segmentation on Magnetic Resonance Angiography Images",NA,"10.3389/fnins.2021.756536","2021","Guo B.","Frontiers in Neuroscience","scopus_records",2021
"Structural and functional basis of the selectivity filter as a gate in human TRPM2 channel",NA,"10.1016/j.celrep.2021.110025","2021","Yu X.","Cell Reports","scopus_records",2021
"Impact of systemic inflammatory response syndrome on acute ischemic stroke patients treated with mechanical thrombectomy",NA,"10.1016/j.jns.2021.119988","2021","Jafari M.","Journal of the Neurological Sciences","scopus_records",2021
"Candesartan prevents arteriopathy progression in cerebral autosomal recessive arteriopathy with subcortical infarcts and leukoencephalopathy model",NA,"10.1172/jci140555","2021","Kato T.","Journal of Clinical Investigation","scopus_records",2021
"The Cortical Response Evoked by Robotic Wrist Perturbations Reflects Level of Proprioceptive Impairment After Stroke",NA,"10.3389/fnhum.2021.695366","2021","van Kordelaar J.","Frontiers in Human Neuroscience","scopus_records",2021
"Effects of Cold Decompression on Hemodynamic Function and Decompression Sickness Risk in a Dry Diving Rat Model",NA,"10.3389/fphys.2021.763975","2021","Gaustad S.E.","Frontiers in Physiology","scopus_records",2021
"Air pollution and cardiovascular disease hospitalization – Are associations modified by greenness, temperature and humidity?",NA,"10.1016/j.envint.2021.106715","2021","Klompmaker J.O.","Environment International","scopus_records",2021
"Association between Air Pollutants and Initial Hospital Admission for Ischemic Stroke in Korea from 2002 to 2013",NA,"10.1016/j.jstrokecerebrovasdis.2021.106080","2021","Song J.","Journal of Stroke and Cerebrovascular Diseases","scopus_records",2021
"Particulate air pollution and risk of neuropsychiatric outcomes. What we breathe, swallow, and put on our skin matters",NA,"10.3390/ijerph182111568","2021","Calderón-Garcidueñas L.","International Journal of Environmental Research and Public Health","scopus_records",2021
"Impact of ambient fine particulate matter on emergency department admissions for circulatory system disease in a city in Northeast China",NA,"10.1007/s11356-021-15222-5","2021","Zhao C.","Environmental Science and Pollution Research","scopus_records",2021
"Dynamic changes and temporal association with ambient temperatures: Nonlinear analyses of stroke events from a national health insurance database",NA,"10.3390/jcm10215041","2021","Lin C.W.","Journal of Clinical Medicine","scopus_records",2021
"The influence of selected meteorological factors on the prevalence and course of stroke",NA,"10.3390/medicina57111216","2021","Zaręba K.","Medicina Lithuania","scopus_records",2021
"Preexisting coronary heart disease and susceptibility to long-term effects of traffic-related air pollution: A matched cohort analysis",NA,"10.1177/2047487320921987","2021","Cohen G.","European Journal of Preventive Cardiology","scopus_records",2021
"Relationship between the flood disaster caused by the Reiwa first year east Japan typhoon and cardiovascular and cerebrovascular events in Nagano City: The SAVE trial",NA,"10.1016/j.jjcc.2021.06.003","2021","Sunohara D.","Journal of Cardiology","scopus_records",2021
"A nurse-led multicomponent intervention supported by advanced electronic health records to improve the acute management of stroke patients: A pre- and post-intervention study",NA,"10.1016/j.ijnsa.2021.100023","2021","Dello S.","International Journal of Nursing Studies Advances","scopus_records",2021
"Q-15 Minutes Vital Sign Documentation Is a Poor Surrogate for Assessing Quality of Care after Acute Ischemic Stroke",NA,"10.1097/dcc.0000000000000492","2021","Stone S.","Dimensions of Critical Care Nursing","scopus_records",2021
"Temporal changes in associations between high temperature and hospitalizations by greenspace: Analysis in the Medicare population in 40 U.S. northeast counties",NA,"10.1016/j.envint.2021.106737","2021","Heo S.","Environment International","scopus_records",2021
"Microbial disruption in the gut promotes cerebral endothelial dysfunction",NA,"10.14814/phy2.15100","2021","Rustia A.J.","Physiological Reports","scopus_records",2021
"Effects of dust events and meteorological elements on stroke morbidity in northern Khuzestan, Iran",NA,"10.4103/jehp.jehp_1686_20","2021","Sadeghimoghaddam A.","Journal of Education and Health Promotion","scopus_records",2021
"Urban forest biodiversity and cardiovascular disease: Potential health benefits from California’s street trees",NA,"10.1371/journal.pone.0254973","2021","Giacinto J.J.","Plos One","scopus_records",2021
"Selective intra-carotid blood cooling in acute ischemic stroke: A safety and feasibility study in an ovine stroke model",NA,"10.1177/0271678x211024952","2021","Cattaneo G.F.M.","Journal of Cerebral Blood Flow and Metabolism","scopus_records",2021
"Temporal clustering, tissue composition, and total variation for mapping oxygen extraction fraction using QSM and quantitative BOLD",NA,"10.1002/mrm.28875","2021","Cho J.","Magnetic Resonance in Medicine","scopus_records",2021
"Apparent temperature and heat-related illnesses during international athletic championships: A prospective cohort study",NA,"10.1111/sms.14029","2021","Hollander K.","Scandinavian Journal of Medicine and Science in Sports","scopus_records",2021
"Association between active cooling and lower mortality among patients with heat stroke and heat exhaustion",NA,"10.1371/journal.pone.0259441","2021","Kanda J.","Plos One","scopus_records",2021
"Development of wearable air-conditioned mask for personal thermal management",NA,"10.1016/j.buildenv.2021.108236","2021","Suen W.S.","Building and Environment","scopus_records",2021
"Stroke outcome measurements from electronic medical records: Cross-sectional study on the effectiveness of neural and nonneural classifiers",NA,"10.2196/29120","2021","Zanotto B.S.","Jmir Medical Informatics","scopus_records",2021
"Not all lectins are equally suitable for labeling rodent vasculature",NA,"10.3390/ijms222111554","2021","Battistella R.","International Journal of Molecular Sciences","scopus_records",2021
"Improving cerebral microvascular image quality of optical coherence tomography angiography with deep learning-based segmentation",NA,"10.1002/jbio.202100171","2021","Fan F.","Journal of Biophotonics","scopus_records",2021
"Improved estimation of myelin water fractions with learned parameter distributions",NA,"10.1002/mrm.28889","2021","Li Y.","Magnetic Resonance in Medicine","scopus_records",2021
"SVD-based filtering to detect intraplaque hemorrhage using single wavelength photoacoustic imaging",NA,"10.1117/1.jbo.26.11.116003","2021","Van Hees R.","Journal of Biomedical Optics","scopus_records",2021
"Sex and Gender Aspects in Vascular Ageing – Focus on Epidemiology, Pathophysiology, and Outcomes",NA,"10.1016/j.hlc.2021.07.006","2021","Seeland U.","Heart Lung and Circulation","scopus_records",2021
"Pharmacological preconditioning by TERT inhibitor BIBR1532 confers neuronal ischemic tolerance through TERT-mediated transcriptional reprogramming",NA,"10.1111/jnc.15515","2021","Xie X.","Journal of Neurochemistry","scopus_records",2021
"Impact of successive exertional heat injuries on thermoregulatory and systemic inflammatory responses in mice",NA,"10.1152/japplphysiol.00160.2021","2021","Caldwell A.R.","Journal of Applied Physiology","scopus_records",2021
"Modified Technique for Retrograde Cerebral Perfusion during Hemiarch Aortic Replacement",NA,"10.1055/s-0041-1726279","2021","Kouchoukos N.T.","Aorta","scopus_records",2021
"A Method to Experimentally Estimate the Conductivity of Chronic Stroke Lesions: A Tool to Individualize Transcranial Electric Stimulation",NA,"10.3389/fnhum.2021.738200","2021","van der Cruijsen J.","Frontiers in Human Neuroscience","scopus_records",2021
"The Impact of Gut Microbiota on Post-Stroke Management",NA,"10.3389/fcimb.2021.724376","2021","Zhao J.","Frontiers in Cellular and Infection Microbiology","scopus_records",2021
"Environmental Heat Exposure Among Pet Dogs in Rural and Urban Settings in the Southern United States",NA,"10.3389/fvets.2021.742926","2021","Moon K.E.","Frontiers in Veterinary Science","scopus_records",2021
"Methanol extract of Ficus platyphylla decreases cerebral ischemia induced injury in mice",NA,"10.1016/j.jep.2021.114219","2021","Becker A.","Journal of Ethnopharmacology","scopus_records",2021
"Effects of air pollution on health: A mapping review of systematic reviews and meta-analyses",NA,"10.1016/j.envres.2021.111487","2021","Dominski F.H.","Environmental Research","scopus_records",2021
"Long-term exposure to transportation noise and risk of incident stroke: A pooled study of nine scandinavian cohorts",NA,"10.1289/ehp8949","2021","Roswall N.","Environmental Health Perspectives","scopus_records",2021
"Short-Term Ambient Particulate Air Pollution and Hospitalization Expenditures of Cause-Specific Cardiorespiratory Diseases in China: A Multicity Analysis",NA,"10.1016/j.lanwpc.2021.100232","2021","Xie Y.","Lancet Regional Health Western Pacific","scopus_records",2021
"Impact of Fever Prevention in Brain-Injured Patients (INTREPID): Study Protocol for a Randomized Controlled Trial",NA,"10.1007/s12028-021-01208-1","2021","Greer D.M.","Neurocritical Care","scopus_records",2021
"Surgical masks do not increase the risk of heat stroke during mild exercise in hot and humid environment",NA,"10.2486/indhealth.2021-0072","2021","Kato I.","Industrial Health","scopus_records",2021
"Comparing the physical activity of stroke survivors in high-income countries and low to middle-income countries",NA,"10.1002/pri.1918","2021","Jayawardana K.S.","Physiotherapy Research International","scopus_records",2021
"Measuring Patient Safety Climate in Acute Stroke Therapy",NA,"10.3389/fneur.2021.686649","2021","Bohmann F.O.","Frontiers in Neurology","scopus_records",2021
"Mesenchymal stem cells regulate activation of microglia cells to improve hippocampal injury of heat stroke rats",NA,"10.1016/j.jtherbio.2021.103081","2021","Wang L.","Journal of Thermal Biology","scopus_records",2021
"Inhalation of 2% Hydrogen Improves Survival Rate and Attenuates Shedding of Vascular Endothelial Glycocalyx in Rats with Heat Stroke",NA,"10.1097/shk.0000000000001797","2021","Truong S.K.","Shock","scopus_records",2021
"Bayesian inference using hierarchical and spatial priors for intravoxel incoherent motion MR imaging in the brain: Analysis of cancer and acute stroke",NA,"10.1016/j.media.2021.102144","2021","Spinner G.R.","Medical Image Analysis","scopus_records",2021
"Electrical, taste, and temperature stimulation in patients with chronic dysphagia after stroke: a randomized controlled pilot trial",NA,"10.1007/s13760-021-01624-2","2021","Cola P.C.","Acta Neurologica Belgica","scopus_records",2021
"Low ambient temperature shortened life expectancy in Hong Kong: A time-series analysis of 1.4 million years of life lost from cardiorespiratory diseases",NA,"10.1016/j.envres.2021.111652","2021","Cheng J.","Environmental Research","scopus_records",2021
"A practical modification to a resting state fMRI protocol for improved characterization of cerebrovascular function",NA,"10.1016/j.neuroimage.2021.118306","2021","Stickland R.C.","Neuroimage","scopus_records",2021
"Icariin enhance mild hypothermia-induced neuroprotection via inhibiting the activation of NF-κB in experimental ischemic stroke",NA,"10.1007/s11011-021-00731-6","2021","Dai M.","Metabolic Brain Disease","scopus_records",2021
"Added value in stroke imaging: accuracy and utility of additional coronal diffusion-weighted imaging",NA,"10.1016/j.crad.2021.07.006","2021","Baggett M.","Clinical Radiology","scopus_records",2021
"Improved Segmentation of the Intracranial and Ventricular Volumes in Populations with Cerebrovascular Lesions and Atrophy Using 3D CNNs",NA,"10.1007/s12021-021-09510-1","2021","Ntiri E.E.","Neuroinformatics","scopus_records",2021
"High Schools' Adoption of Evidence-Based Practices for the Management of Exertional Heat Stroke",NA,"10.4085/1062-6050-361-20","2021","Scarneo-Miller S.E.","Journal of Athletic Training","scopus_records",2021
"Cardioluminescence in transgenic zebrafish larvae: A calcium imaging tool to study drug effects and pathological modeling",NA,"10.3390/biomedicines9101294","2021","Vicente M.","Biomedicines","scopus_records",2021
"Territory-wide study on hospital admissions for Asthma exacerbations in the COVID-19 Pandemic",NA,"10.1513/annalsats.202010-1247oc","2021","Chan K.P.F.","Annals of the American Thoracic Society","scopus_records",2021
"Pilot demonstration of hot sheet metal forming using 3D printed dies",NA,"10.3390/ma14195695","2021","Pujante J.","Materials","scopus_records",2021
"Short-Term Association of Air Pollutant Levels and Hospital Admissions for Stroke and Effect Modification by Apparent Temperature: Evidence From Shanghai, China",NA,"10.3389/fpubh.2021.716153","2021","Weng L.","Frontiers in Public Health","scopus_records",2021
"Ultra-Short Duration Hypothermia Prevents Intracranial Pressure Elevation Following Ischaemic Stroke in Rats",NA,"10.3389/fneur.2021.684353","2021","Omileke D.","Frontiers in Neurology","scopus_records",2021
"Theoretical framework for mixer design for noise reduction and gradient fidelity",NA,"10.1016/j.chroma.2021.462357","2021","Nawada S.","Journal of Chromatography A","scopus_records",2021
"Heat-related cardiovascular morbidity and mortality in switzerland: A clinical perspective",NA,"10.4414/smw.2021.w30013","2021","Schulte F.","Swiss Medical Weekly","scopus_records",2021
"Neurovascular Alterations in Vascular Dementia: Emphasis on Risk Factors",NA,"10.3389/fnagi.2021.727590","2021","Lecordier S.","Frontiers in Aging Neuroscience","scopus_records",2021
"Risk of Cardiovascular Hospital Admission After Exposure to Fine Particulate Pollution",NA,"10.1016/j.jacc.2021.06.043","2021","Zhang Y.","Journal of the American College of Cardiology","scopus_records",2021
"Variants of Avellis Syndrome Due to Medulla Oblongata Infarction: A Case Series",NA,"10.1097/nrl.0000000000000344","2021","Kumral E.","Neurologist","scopus_records",2021
"Cardiovascular Effects of Epinephrine During Experimental Hypothermia (32°C) With Spontaneous Circulation in an Intact Porcine Model",NA,"10.3389/fphys.2021.718667","2021","Mohyuddin R.","Frontiers in Physiology","scopus_records",2021
"Indoor air pollution exposure of women in adama, ethiopia, and assessment of disease burden attributable to risk factor",NA,"10.3390/ijerph18189859","2021","Balidemaj F.","International Journal of Environmental Research and Public Health","scopus_records",2021
"Long-term exposure to low-level ambient air pollution and incidence of stroke and coronary heart disease: a pooled analysis of six European cohorts within the ELAPSE project",NA,"10.1016/s2542-5196(21)00195-9","2021","Wolf K.","Lancet Planetary Health","scopus_records",2021
"Short-, Mid-, and Long-Term Associations Between PM2.5 and Stroke Incidence in Taiwan",NA,"10.1097/jom.0000000000002222","2021","Yang C.P.","Journal of Occupational and Environmental Medicine","scopus_records",2021
"The effect of occupational exposure to noise on ischaemic heart disease, stroke and hypertension: A systematic review and meta-analysis from the WHO/ILO Joint Estimates of the Work-Related Burden of Disease and Injury",NA,"10.1016/j.envint.2021.106387","2021","Teixeira L.R.","Environment International","scopus_records",2021
"The winter urban heat island: Impacts on cold-related mortality in a highly urbanized European region for present and future climate",NA,"10.1016/j.envint.2021.106530","2021","Macintyre H.L.","Environment International","scopus_records",2021
"Nicotine promotes angiogenesis in mouse brain after intracerebral hemorrhage",NA,"10.1016/j.neures.2020.07.003","2021","Matsumoto K.","Neuroscience Research","scopus_records",2021
"Green space and health in mainland china: A systematic review",NA,"10.3390/ijerph18189937","2021","Rahimi‐ardabili H.","International Journal of Environmental Research and Public Health","scopus_records",2021
"Association of serum bilirubin with the severity and outcomes of intracerebral hemorrhages",NA,"10.3390/antiox10091346","2021","Fu K.","Antioxidants","scopus_records",2021
"Relaxation-Enhanced Angiography Without Contrast and Triggering (REACT) for Fast Imaging of Extracranial Arteries in Acute Ischemic Stroke at 3 T",NA,"10.1007/s00062-020-00963-6","2021","Pennig L.","Clinical Neuroradiology","scopus_records",2021
"An effect of 24-hour temperature change on outpatient and emergency and inpatient visits for cardiovascular diseases in northwest China",NA,"10.1007/s11356-021-13961-z","2021","Shi Q.","Environmental Science and Pollution Research","scopus_records",2021
"Reliability and validity of the core sensor to assess core body temperature during cycling exercise",NA,"10.3390/s21175932","2021","Verdel N.","Sensors","scopus_records",2021
"Contact events in rugby union and the link to reduced cognition: evidence for impaired redox-regulation of cerebrovascular function",NA,"10.1113/ep089330","2021","Owens T.S.","Experimental Physiology","scopus_records",2021
"Global, regional, and national burdens of ischemic heart disease and stroke attributable to exposure to long working hours for 194 countries, 2000–2016: A systematic analysis from the WHO/ILO Joint Estimates of the Work-related Burden of Disease and Injury",NA,"10.1016/j.envint.2021.106595","2021","Pega F.","Environment International","scopus_records",2021
"Factors Affecting Time to Emergence from General Anesthesia following Clipping of Ruptured Aneurysms: A Prospective Observational Study",NA,"10.4103/0028-3886.329619","2021","Bhairwa D.P.","Neurology India","scopus_records",2021
"Engineering elastic sealants based on gelatin and elastin-like polypeptides for endovascular anastomosis",NA,"10.1002/btm2.10240","2021","Unal G.","Bioengineering and Translational Medicine","scopus_records",2021
"Long non-coding RNA H19: Physiological functions and involvements in central nervous system disorders",NA,"10.1016/j.neuint.2021.105072","2021","Zhong L.","Neurochemistry International","scopus_records",2021
"The burden of disease due to road traffic noise in Hesse, Germany",NA,"10.3390/ijerph18179337","2021","Hegewald J.","International Journal of Environmental Research and Public Health","scopus_records",2021
"Direct comparison of inorganic nitrite and nitrate on vascular dysfunction and oxidative damage in experimental arterial hypertension",NA,"10.1016/j.niox.2021.06.001","2021","Stamm P.","Nitric Oxide Biology and Chemistry","scopus_records",2021
"Vegetarian diets, ayurveda, and the case for an integrative nutrition science",NA,"10.3390/medicina57090858","2021","Purushotham A.","Medicina Lithuania","scopus_records",2021
"7T dynamic contrast-enhanced MRI for the detection of subtle blood–brain barrier leakage",NA,"10.1111/jon.12894","2021","Canjels L.P.W.","Journal of Neuroimaging","scopus_records",2021
"ACSM Expert Consensus Statement on Exertional Heat Illness: Recognition, Management, and Return to Activity",NA,"10.1249/jsr.0000000000000878","2021","Roberts W.O.","Current Sports Medicine Reports","scopus_records",2021
"Exertional Heat Stroke at the Boston Marathon: Demographics and the Environment",NA,"10.1249/mss.0000000000002652","2021","Breslow R.G.","Medicine and Science in Sports and Exercise","scopus_records",2021
"Probable haloperidol decanoate-induced fever in an African American with benign ethnic neutropenia: A case report",NA,"10.9740/mhc.2021.09.301","2021","Youniss L.","Mental Health Clinician","scopus_records",2021
"Can Hybrid Arterial Spin Labeling-Tagged Zero-Echo-Time Magnetic Resonance Angiography Be an Effective Candidate in the Evaluation of Intracranial Artery Diseases? A Clinical Feasibility Study",NA,"10.1002/jmri.27629","2021","Shang S.","Journal of Magnetic Resonance Imaging","scopus_records",2021
"Acute increase in arterial stiffness after swimming in cooler water",NA,"10.1111/cpf.12717","2021","Hayashi S.","Clinical Physiology and Functional Imaging","scopus_records",2021
"Design and analysis of a light-operated microgripper using an opto-electrostatic repulsive combined actuator",NA,"10.3390/mi12091026","2021","Huang J.","Micromachines","scopus_records",2021
"Feasibility of three-dimensional balanced steady-state free precession cine magnetic resonance imaging combined with an image denoising technique to evaluate cardiac function in children with repaired tetralogy of fallot",NA,"10.3348/kjr.2020.0850","2021","Peng Y.","Korean Journal of Radiology","scopus_records",2021
"Performance of implantable loop recorders. Role of R vector and detection algorithms",NA,"10.1016/j.jelectrocard.2021.08.009","2021","Kremer M.","Journal of Electrocardiology","scopus_records",2021
"Mild hypothermia versus normothermia in patients undergoing cardiac surgery",NA,"10.1016/j.xjon.2021.05.020","2021","Bianco V.","Jtcvs Open","scopus_records",2021
"Utility of Abnormal Head Computed Tomography in Predicting Outcome in Out-of-Hospital Cardiac Arrest Victims",NA,"10.1089/ther.2020.0026","2021","Fisher R.","Therapeutic Hypothermia and Temperature Management","scopus_records",2021
"Associations of particulate matter with dementia and mild cognitive impairment in China: A multicenter cross-sectional study",NA,"10.1016/j.xinn.2021.100147","2021","Tan J.","Innovation","scopus_records",2021
"Estimating the cause-specific relative risks of non-optimal temperature on daily mortality: a two-part modelling approach applied to the Global Burden of Disease Study",NA,"10.1016/s0140-6736(21)01700-1","2021","Burkart K.G.","Lancet","scopus_records",2021
"Long-term exposure to fine particulate constituents and cardiovascular diseases in Chinese adults",NA,"10.1016/j.jhazmat.2021.126051","2021","Liu L.","Journal of Hazardous Materials","scopus_records",2021
"Improved susceptibility weighted imaging at ultra-high field using bipolar multi-echo acquisition and optimized image processing: CLEAR-SWI",NA,"10.1016/j.neuroimage.2021.118175","2021","Eckstein K.","Neuroimage","scopus_records",2021
"Built environments for inpatient stroke rehabilitation services and care: A systematic literature review",NA,"10.1136/bmjopen-2021-050247","2021","Lipson-Smith R.","BMJ Open","scopus_records",2021
"Global warming and neurological practice: Systematic review",NA,"10.7717/peerj.11941","2021","Amiri M.","Peerj","scopus_records",2021
"Does Ethnic Diversity Impact on Risk Perceptions, Preparedness, and Management of Heat Waves?",NA,"10.3389/fpubh.2021.642874","2021","Siman-Tov M.","Frontiers in Public Health","scopus_records",2021
"PtOEP–PDMS-based optical oxygen sensor",NA,"10.3390/s21165645","2021","Penso C.M.","Sensors","scopus_records",2021
"Transportation noise and risk of stroke: A nationwide prospective cohort study covering Denmark",NA,"10.1093/ije/dyab024","2021","Sørensen M.","International Journal of Epidemiology","scopus_records",2021
"Ambient air pollution and the risk of ischaemic and haemorrhagic stroke",NA,"10.1016/s2542-5196(21)00145-5","2021","Verhoeven J.I.","Lancet Planetary Health","scopus_records",2021
"Residential exposure to traffic-borne pollution as a risk factor for acute cardiocerebrovascular events: A population-based retrospective cohort study in a highly urbanized area",NA,"10.1093/ije/dyab068","2021","Magnoni P.","International Journal of Epidemiology","scopus_records",2021
"Contribution of fine particulate matter to present and future premature mortality over Europe: A non-linear response",NA,"10.1016/j.envint.2021.106517","2021","Tarín-Carrasco P.","Environment International","scopus_records",2021
"Time spent outdoors and risk of myocardial infarction and stroke in middle and old aged adults: Results from the UK Biobank prospective cohort",NA,"10.1016/j.envres.2021.111350","2021","Miguet M.","Environmental Research","scopus_records",2021
"Exploring the Relationship Between Air Quality and Ischemic Stroke Admissions During the COVID-19 Pandemic",NA,"10.1016/j.jstrokecerebrovasdis.2021.105860","2021","Hameed S.","Journal of Stroke and Cerebrovascular Diseases","scopus_records",2021
"A low-cost mouse cage warming system provides improved intra-ischemic and post-ischemic body temperature control – Application for reducing variability in experimental stroke studies",NA,"10.1016/j.jneumeth.2021.109228","2021","Hong S.H.","Journal of Neuroscience Methods","scopus_records",2021
"Leveraging multimedia patient engagement to address minority cerebrovascular health needs: Prospective observational study",NA,"10.2196/28748","2021","Noser E.A.","Journal of Medical Internet Research","scopus_records",2021
"Systemic Inflammatory Response Syndrome is Associated with Hematoma Expansion in Intracerebral Hemorrhage",NA,"10.1016/j.jstrokecerebrovasdis.2021.105870","2021","Melmed K.R.","Journal of Stroke and Cerebrovascular Diseases","scopus_records",2021
"A System for Continuous Pre- to Post-reperfusion Intra-carotid Cold Infusion for Selective Brain Hypothermia in Rodent StrokeModels",NA,"10.1007/s12975-020-00848-3","2021","Wang Y.","Translational Stroke Research","scopus_records",2021
"Distinct contributions of working memory and attentional control to sentence comprehension in noise in persons with stroke",NA,"10.1044/2021_jslhr-20-00694","2021","Fitzhugh M.C.","Journal of Speech Language and Hearing Research","scopus_records",2021
"Inadvertent hypothermia after endovascular therapy is not associated with improved outcome in stroke due to anterior circulation large vessel occlusion",NA,"10.1111/ene.14906","2021","Hartmann C.","European Journal of Neurology","scopus_records",2021
"Self-reported occupational noise exposure and cardiovascular disease in Canada: Results from the Canadian Health Measures Survey",NA,"10.1121/10.0005588","2021","Michaud D.S.","Journal of the Acoustical Society of America","scopus_records",2021
"Ozone-induced encephalopathy: A novel iatrogenic entity",NA,"10.1111/ene.14793","2021","Haggiag S.","European Journal of Neurology","scopus_records",2021
"Developing a stroke alert trigger for clinical decision support at emergency triage using machine learning",NA,"10.1016/j.ijmedinf.2021.104505","2021","Sung S.F.","International Journal of Medical Informatics","scopus_records",2021
"Effect of diurnal temperature change on cardiovascular risks differed under opposite temperature trends",NA,"10.1007/s11356-021-13583-5","2021","Ma P.","Environmental Science and Pollution Research","scopus_records",2021
"e-Health solution for home patient telemonitoring in early post-acute TIA/Minor stroke during COVID-19 pandemic",NA,"10.1016/j.ijmedinf.2021.104442","2021","Ajčević M.","International Journal of Medical Informatics","scopus_records",2021
"The burden of neurological disorders across the states of India: the Global Burden of Disease Study 1990-2019",NA,"10.1016/s2214-109x(21)00164-9","2021",NA,"Lancet Global Health","scopus_records",2021
"Risk of cardiovascular events during labor and delivery associated with acute ambient temperature changes",NA,"10.1016/j.joclim.2021.100060","2021","Kanner J.","Journal of Climate Change and Health","scopus_records",2021
"Biomarkers of Atherosclerotic Vascular Disease in Workers Chronically Exposed to Ionizing Radiation",NA,"10.1097/hp.0000000000001416","2021","Oslina D.","Health Physics","scopus_records",2021
"A rapid compression machine coupled with time-resolved molecular beam mass spectrometry for gas-phase kinetics studies",NA,"10.1063/5.0055585","2021","Kang S.","Review of Scientific Instruments","scopus_records",2021
"IoT garment for remote elderly care network",NA,"10.1016/j.bspc.2021.102848","2021","Luna-Perejón F.","Biomedical Signal Processing and Control","scopus_records",2021
"Cardiovascular responses to heat acclimatisation in athletes with spinal cord injury",NA,"10.1016/j.jsams.2021.01.007","2021","Gee C.M.","Journal of Science and Medicine in Sport","scopus_records",2021
"Perceptual strain in a compensable hot environment: Accuracy and clinical correlates",NA,"10.1016/j.jtherbio.2021.102863","2021","Weiner C.M.","Journal of Thermal Biology","scopus_records",2021
"Therapeutic oxygen delivery by perfluorocarbon-based colloids",NA,"10.1016/j.cis.2021.102407","2021","Krafft M.P.","Advances in Colloid and Interface Science","scopus_records",2021
"Conductivity Tensor Imaging of the Human Brain Using Water Mapping Techniques",NA,"10.3389/fnins.2021.694645","2021","Marino M.","Frontiers in Neuroscience","scopus_records",2021
"Air Pollution: A Neglected Risk Factor for Dementia in Latin America and the Caribbean",NA,"10.3389/fneur.2021.684524","2021","Santos N.V.d.","Frontiers in Neurology","scopus_records",2021
"Study on Environmental and Lifestyle Factors for the North–South Differential of Cardiovascular Disease in China",NA,"10.3389/fpubh.2021.615152","2021","Wang M.","Frontiers in Public Health","scopus_records",2021
"Particulate matter and cardiovascular risk in adults with chronic obstructive pulmonary disease",NA,"10.1164/rccm.202007-2901oc","2021","Alexeeff S.E.","American Journal of Respiratory and Critical Care Medicine","scopus_records",2021
"An inhibitory and beneficial effect of chlorpromazine and promethazine (C + P) on hyperglycolysis through HIF-1α regulation in ischemic stroke",NA,"10.1016/j.brainres.2021.147463","2021","Guo S.","Brain Research","scopus_records",2021
"Maintaining quality of care among dialysis patients in affected areas after typhoon morakot",NA,"10.3390/ijerph18147400","2021","Chang C.M.","International Journal of Environmental Research and Public Health","scopus_records",2021
"Acute effect of particulate matter pollution on hospital admissions for stroke among patients with type 2 diabetes in Beijing, China, from 2014 to 2018",NA,"10.1016/j.ecoenv.2021.112201","2021","Liu X.","Ecotoxicology and Environmental Safety","scopus_records",2021
"Non-pharmacological management of hypertension",NA,"10.1111/jch.14236","2021","Verma N.","Journal of Clinical Hypertension","scopus_records",2021
"Seasonal patterns and associations in the incidence of acute ischemic stroke requiring mechanical thrombectomy",NA,"10.1111/ene.14832","2021","Bücke P.","European Journal of Neurology","scopus_records",2021
"Green space exposure on mortality and cardiovascular outcomes in older adults: a systematic review and meta-analysis of observational studies",NA,"10.1007/s40520-020-01710-0","2021","Yuan Y.","Aging Clinical and Experimental Research","scopus_records",2021
"Recognition of air pollution as a risk factor for stroke in clinical practice guidelines: a literature review",NA,"10.1016/j.nrl.2020.08.003","2021","Avellaneda-Gómez C.","Neurologia","scopus_records",2021
"Corticosterone administration alters white matter tract structure and reduces gliosis in the sub-acute phase of experimental stroke",NA,"10.3390/ijms22136693","2021","Zalewska K.","International Journal of Molecular Sciences","scopus_records",2021
"A Preclinical Model of Exertional Heat Stroke in Mice",NA,"10.3791/62738","2021","King M.A.","Journal of Visualized Experiments","scopus_records",2021
"Near-Infrared Spectroscopy in Neurocritical Care: A Review of Recent Updates",NA,"10.1016/j.wneu.2021.04.054","2021","Viderman D.","World Neurosurgery","scopus_records",2021
"The value of serum procalcitonin in the anti-infection therapy of acute stroke patients",NA,"10.12669/pjms.37.4.3932","2021","Wang H.L.","Pakistan Journal of Medical Sciences","scopus_records",2021
"Wearable transcranial ultrasound system for remote stimulation of freely moving animal",NA,"10.1109/tbme.2020.3038018","2021","Kim E.","IEEE Transactions on Biomedical Engineering","scopus_records",2021
"Does a physical activity supportive environment ameliorate or exacerbate socioeconomic inequities in incident coronary heart disease?",NA,"10.1136/jech-2020-215239","2021","Gullon P.","Journal of Epidemiology and Community Health","scopus_records",2021
"Non-linear fitting with joint spatial regularization in arterial spin labeling",NA,"10.1016/j.media.2021.102067","2021","Maier O.","Medical Image Analysis","scopus_records",2021
"Rosiglitazone restores nitric oxide synthase-dependent reactivity of cerebral arterioles in rats exposed to prenatal alcohol",NA,"10.1111/acer.14634","2021","Saha P.S.","Alcoholism Clinical and Experimental Research","scopus_records",2021
"A clinical risk analysis of early post-operative delirium after laparoscopic colorectal cancer surgery in elderly patients: a retrospective study",NA,"10.1007/s00384-021-03919-5","2021","Hiraki M.","International Journal of Colorectal Disease","scopus_records",2021
"Association of neighborhood physical activity opportunities with incident cardiovascular disease in the Cardiovascular Health Study",NA,"10.1016/j.healthplace.2021.102596","2021","Garg P.K.","Health and Place","scopus_records",2021
"Night-time heart rate variability identifies high-risk people among people with uncomplicated type 2 diabetes mellitus",NA,"10.1111/dme.14559","2021","Hadad R.","Diabetic Medicine","scopus_records",2021
"Effects of the Menstrual Cycle on Neurological Disorders",NA,"10.1007/s11910-021-01115-0","2021","Roeder H.J.","Current Neurology and Neuroscience Reports","scopus_records",2021
"Frequency of Cerebral Venous Thrombosis in Dubai, UAE–A Multicenter, Retrospective Study",NA,"10.1177/09727531211047413","2021","Sarathchandran P.","Annals of Neurosciences","scopus_records",2021
"Adrenergic tone benefits cardiac performance and warming tolerance in two teleost fishes that lack a coronary circulation",NA,"10.1007/s00360-021-01359-9","2021","Ekström A.","Journal of Comparative Physiology B Biochemical Systemic and Environmental Physiology","scopus_records",2021
"Development of an antiseizure drug screening platform for Dravet syndrome at the NINDS contract site for the Epilepsy Therapy Screening Program",NA,"10.1111/epi.16925","2021","Pernici C.D.","Epilepsia","scopus_records",2021
"Polydopamine coated hypodermic needles as a microextraction device for the determination of tricyclic antidepressants in oral fluid by direct infusion MS/MS",NA,"10.1039/d1ra02721b","2021","Vejar-Vivar C.","Rsc Advances","scopus_records",2021
"Spatiotemporal trends in stroke burden and mortality attributable to household air pollution from solid fuels in 204 countries and territories from 1990 to 2019",NA,"10.1016/j.scitotenv.2021.145839","2021","Lu H.","Science of the Total Environment","scopus_records",2021
"Mild hypothermia facilitates mitochondrial transfer from astrocytes to injured neurons during oxygen-glucose deprivation/reoxygenation",NA,"10.1016/j.neulet.2021.135940","2021","Li X.","Neuroscience Letters","scopus_records",2021
"Indoor solid fuel use and incident arthritis among middle-aged and older adults in rural China: A nationwide population-based cohort study",NA,"10.1016/j.scitotenv.2021.145395","2021","Deng Y.","Science of the Total Environment","scopus_records",2021
"Iterative reconstruction for low-dose cerebral perfusion computed tomography using prior image induced diffusion tensor",NA,"10.1088/1361-6560/ac0290","2021","Niu S.","Physics in Medicine and Biology","scopus_records",2021
"Evaluation of systemic vasoconstriction and prognosis using thermography: A systematic review",NA,"10.52964/amja.0853","2021","Jensen R.O.","Acute Medicine","scopus_records",2021
"Association Between Ambient Temperature and Years of Life Lost from Stroke — 30 PLADs, China, 2013–2016",NA,"10.46234/ccdcw2021.125","2021","Qi J.","China Cdc Weekly","scopus_records",2021
"A Comparison of CVR Magnitude and Delay Assessed at 1.5 and 3T in Patients With Cerebral Small Vessel Disease",NA,"10.3389/fphys.2021.644837","2021","Stringer M.S.","Frontiers in Physiology","scopus_records",2021
"Ambient air pollution and cerebrovascular disease mortality: an ecological time-series study based on 7-year death records in central China",NA,"10.1007/s11356-021-12474-z","2021","Yan Y.","Environmental Science and Pollution Research","scopus_records",2021
"Ambient particulate matter burden of disease in the Kingdom of Saudi Arabia",NA,"10.1016/j.envres.2021.111036","2021","Rojas-Rueda D.","Environmental Research","scopus_records",2021
"Particulate air pollution and survival after stroke in older adults: A retrospective cohort study in Korea",NA,"10.1016/j.envres.2021.111139","2021","Han C.","Environmental Research","scopus_records",2021
"Cold spells and cause-specific mortality in 47 japanese prefectures: A systematic evaluation",NA,"10.1289/ehp7109","2021","Ma C.","Environmental Health Perspectives","scopus_records",2021
"Predictive Relevance of Early Temperature Elevation on the Risk of Delayed Cerebral Ischemia Development Following Aneurysmal Subarachnoid Hemorrhage",NA,"10.1016/j.wneu.2021.03.031","2021","Saripalli M.","World Neurosurgery","scopus_records",2021
"Spatial patterns and temporal variations of traffic-related air pollutants and estimating its health effects in Isfahan city, Iran",NA,"10.1007/s40201-021-00645-6","2021","Hajizadeh Y.","Journal of Environmental Health Science and Engineering","scopus_records",2021
"Recommendations of the Spanish Society of Neurology for the prevention of stroke. Interventions on lifestyle and air pollution",NA,"10.1016/j.nrl.2020.05.018","2021","García Pastor A.","Neurologia","scopus_records",2021
"Nontraditional risk factors for obesity in modern society",NA,"10.7570/jomes21004","2021","Han S.J.","Journal of Obesity and Metabolic Syndrome","scopus_records",2021
"Pre-chiasmatic, single injection of autologous blood to induce experimental subarachnoid hemorrhage in a rat model",NA,"10.3791/62567","2021","Bömers J.P.","Journal of Visualized Experiments","scopus_records",2021
"The Clinical Usefulness of Targeted Temperature Management in Acute Ischemic Stroke with Malignant Trait After Endovascular Thrombectomy",NA,"10.1007/s12028-020-01069-0","2021","Choi M.H.","Neurocritical Care","scopus_records",2021
"Effect of seasonal and temperature variation on hospitalizations for stroke over a 10-year period in Brazil",NA,"10.1177/1747493020947333","2021","Kurtz P.","International Journal of Stroke","scopus_records",2021
"Life-threatening and major cardiac events during long-distance races: Updates from the prospective RACE PARIS registry with a systematic review and meta-analysis",NA,"10.1177/2047487320943001","2021","Gerardin B.","European Journal of Preventive Cardiology","scopus_records",2021
"A novel muscle synergy extraction method used for motor function evaluation of stroke patients: A pilot study",NA,"10.3390/s21113833","2021","Ma Y.","Sensors","scopus_records",2021
"A panel comprising serum amyloid a, white blood cells and nihss for the triage of patients at low risk of post-stroke infection",NA,"10.3390/diagnostics11061070","2021","Gil L.A.","Diagnostics","scopus_records",2021
"Cerebral CT perfusion in acute stroke: The effect of lowering the tube load and sampling rate on the reproducibility of parametric maps",NA,"10.3390/diagnostics11061121","2021","Ioannidis G.S.","Diagnostics","scopus_records",2021
"The prognostic value of routine coagulation tests for patients with heat stroke",NA,"10.1016/j.ajem.2020.04.062","2021","Xing L.","American Journal of Emergency Medicine","scopus_records",2021
"Modifications to residential neighbourhood characteristics and risk of 79 common health conditions: a prospective cohort study",NA,"10.1016/s2468-2667(21)00066-9","2021","Kivimäki M.","Lancet Public Health","scopus_records",2021
"A 70-Year-Old Man With Conspicuous Thigh Pain and ST-Segment Elevations",NA,"10.1016/j.chest.2021.01.033","2021","Gheyath B.","Chest","scopus_records",2021
"Mode of passive heating differentially modifies cerebral hemodynamics: Potential implications on heat therapy",NA,"10.1113/jp281536","2021","Worley M.L.","Journal of Physiology","scopus_records",2021
"The manifestation of participation within a co-design process involving patients, significant others and health-care professionals",NA,"10.1111/hex.13233","2021","Lindblom S.","Health Expectations","scopus_records",2021
"Scalable fluid-spinning nanowire-based inorganic semiconductor yarns for electrochromic actuators",NA,"10.1039/d1mh00135c","2021","Li L.","Materials Horizons","scopus_records",2021
"Multivalent Aptamer-Functionalized Single-Strand RNA Origami as Effective, Target-Specific Anticoagulants with Corresponding Reversal Agents",NA,"10.1002/adhm.202001826","2021","Krissanaprasit A.","Advanced Healthcare Materials","scopus_records",2021
"Bulk volume susceptibility difference between deoxyhemoglobin and oxyhemoglobin for HbA and HbS: A comparative study",NA,"10.1002/mrm.28668","2021","Eldeniz C.","Magnetic Resonance in Medicine","scopus_records",2021
"Particulate air pollution and risk of cardiovascular events among adults with a history of stroke or acute myocardial infarction",NA,"10.1161/jaha.120.019758","2021","Liao N.S.","Journal of the American Heart Association","scopus_records",2021
"Compound Climate and Infrastructure Events: How Electrical Grid Failure Alters Heat Wave Risk",NA,"10.1021/acs.est.1c00024","2021","Stone B.","Environmental Science and Technology","scopus_records",2021
"Mortality attributable to fine particulate matter in Asia, 2000-2015: A cross-sectional cause-of-death analysis",NA,"10.1136/bmjopen-2020-043605","2021","Somboonsin P.","BMJ Open","scopus_records",2021
"Development and Validation of a Machine-Learning Model for Prediction of Extubation Failure in Intensive Care Units",NA,"10.3389/fmed.2021.676343","2021","Zhao Q.Y.","Frontiers in Medicine","scopus_records",2021
"Relationship between built environments and risks of ischemic stroke based on meteorological factors: A case study of Wuhan's main urban area",NA,"10.1016/j.scitotenv.2020.144331","2021","Li K.","Science of the Total Environment","scopus_records",2021
"Toward Hand Pattern Recognition in Assistive and Rehabilitation Robotics Using EMG and Kinematics",NA,"10.3389/fnbot.2021.659876","2021","Zhou H.","Frontiers in Neurorobotics","scopus_records",2021
"Seasonal variation in estimated cardiovascular risk in patients with type 2 diabetes",NA,"10.1016/j.numecd.2021.01.022","2021","Ciardullo S.","Nutrition Metabolism and Cardiovascular Diseases","scopus_records",2021
"The Subarachnoid Hemorrhage–Weather Myth: A Long-Term Big Data and Deep Learning Analysis",NA,"10.3389/fneur.2021.653483","2021","Helsper M.","Frontiers in Neurology","scopus_records",2021
"Long-Term exposure to PM2.5 and cognitive decline: A longitudinal population-based study",NA,"10.3233/aiad210026","2021","Grande G.","Alzheimer S Disease and Air Pollution the Development and Progression of A Fatal Disease from Childhood and the Opportunities for Early Prevention","scopus_records",2021
"Fine particulate matter exposure and cerebrospinal fluid markers of vascular injury",NA,"10.3233/aiad210011","2021","Shaffer R.M.","Alzheimer S Disease and Air Pollution the Development and Progression of A Fatal Disease from Childhood and the Opportunities for Early Prevention","scopus_records",2021
"Transient global ischemia‐induced brain inflammatory cascades attenuated by targeted temperature management",NA,"10.3390/ijms22105114","2021","Hong D.K.","International Journal of Molecular Sciences","scopus_records",2021
"Association of outdoor air pollution with the medical expense of ischemic stroke: The case study of an industrial city in western China",NA,"10.1002/hpm.3115","2021","Zeng S.","International Journal of Health Planning and Management","scopus_records",2021
"Ambient fine particulate matter of diameter ≤ 2.5 μm and risk of hemorrhagic stroke: a systemic review and meta-analysis of cohort studies",NA,"10.1007/s11356-021-13074-7","2021","Zhao K.","Environmental Science and Pollution Research","scopus_records",2021
"Effect of ambient temperature on stroke onset: A time-series analysis between 2003 and 2014 in Shenzhen, China",NA,"10.1136/oemed-2020-106985","2021","Li L.","Occupational and Environmental Medicine","scopus_records",2021
"Short-term effects of air pollutants on hospitalization rate in patients with cardiovascular disease: a case-crossover study",NA,"10.1007/s11356-021-12390-2","2021","Sokoty L.","Environmental Science and Pollution Research","scopus_records",2021
"Spatial Analysis of Ambient Air Pollution and Cardiovascular Disease (CVD) Hospitalization Across Sweden",NA,"10.1029/2020gh000323","2021","Aturinde A.","Geohealth","scopus_records",2021
"Effect modification of the association between diurnal temperature range and hospitalisations for ischaemic stroke by temperature in Hefei, China",NA,"10.1016/j.puhe.2020.12.019","2021","He Y.","Public Health","scopus_records",2021
"Magnetic resonance imaging reconstruction algorithm under complex convolutional neural network in diagnosis and prognosis of cerebral infarction",NA,"10.1371/journal.pone.0251529","2021","Dong J.","Plos One","scopus_records",2021
"Novel flat-panel cone-beam CT compared to multi-detector CT for assessment of acute ischemic stroke: A prospective study",NA,"10.1016/j.ejrad.2021.109645","2021","Nicholson P.","European Journal of Radiology","scopus_records",2021
"An ecological study of the relationship between urban built environment and cardiovascular hospital admissions (2004–2016) in an Asian developing country",NA,"10.1016/j.socscimed.2021.113868","2021","Kwan S.C.","Social Science and Medicine","scopus_records",2021
"Effect and Safety of Tongyan Spray (通咽喷雾剂) on Hyoid Motion in Patients with Dysphagia after Ischemic Stroke",NA,"10.1007/s11655-020-3325-y","2021","Hao W.j.","Chinese Journal of Integrative Medicine","scopus_records",2021
"Exertional heat stroke knowledge and management among emergency medical service providers",NA,"10.3390/ijerph18095016","2021","Hirschhorn R.","International Journal of Environmental Research and Public Health","scopus_records",2021
"A portable and flexible self-powered multifunctional sensor for real-time monitoring in swimming",NA,"10.3390/bios11050147","2021","Mao Y.","Biosensors","scopus_records",2021
"Pre-exercise skin temperature evolution is not related with 100 m front crawl performance",NA,"10.1016/j.jtherbio.2021.102926","2021","Jimenez-Perez I.","Journal of Thermal Biology","scopus_records",2021
"Functional interferometric diffusing wave spectroscopy of the human brain",NA,"10.1126/sciadv.abe0150","2021","Zhou W.","Science Advances","scopus_records",2021
"Real-World Safety Profile of Atrial Fibrillation Ablation Using a Second-Generation Cryoballoon in Japan: Insight From a Large Multicenter Observational Study",NA,"10.1016/j.jacep.2020.11.016","2021","Miyazaki S.","Jacc Clinical Electrophysiology","scopus_records",2021
"A machine learning approach for mortality prediction in COVID-19 pneumonia: Development and evaluation of the Piacenza score",NA,"10.2196/29058","2021","Halasz G.","Journal of Medical Internet Research","scopus_records",2021
"Hemodynamics of postexercise versus post-hot water immersion recovery",NA,"10.1152/japplphysiol.00260.2020","2021","Francisco M.A.","Journal of Applied Physiology","scopus_records",2021
"Self-adaptive diagnostic of radial fast-ion loss measurements on the ASDEX Upgrade tokamak (invited)",NA,"10.1063/5.0043756","2021","Gonzalez-Martin J.","Review of Scientific Instruments","scopus_records",2021
"The cardiac, vasomotor, and myocardial branches of the baroreflex in fibromyalgia: Associations with pain, affective impairments, sleep problems, and fatigue",NA,"10.1111/psyp.13800","2021","Reyes del Paso G.A.","Psychophysiology","scopus_records",2021
"Death in the sauna-vitality markers for heat exposure",NA,"10.1007/s00414-021-02504-3","2021","Wegner A.","International Journal of Legal Medicine","scopus_records",2021
"Histamine, mast cell tryptase and post-exercise hypotension in healthy and collapsed marathon runners",NA,"10.1007/s00421-021-04645-0","2021","Parsons I.T.","European Journal of Applied Physiology","scopus_records",2021
"Evaluating the endothelial-microglial interaction and comprehensive inflammatory marker profiles under acute exposure to ultrafine diesel exhaust particles in vitro",NA,"10.1016/j.tox.2021.152748","2021","Aquino G.V.","Toxicology","scopus_records",2021
"Long-Term Association of Air Pollution and Hospital Admissions among Medicare Participants Using a Doubly Robust Additive Model",NA,"10.1161/circulationaha.120.050252","2021","Danesh Yazdi M.","Circulation","scopus_records",2021
"Prognostic significance of early pyrexia in acute intracerebral haemorrhage: The INTERACT2 study",NA,"10.1016/j.jns.2021.117364","2021","Malavera A.","Journal of the Neurological Sciences","scopus_records",2021
"A four-dimensional computational model of dynamic contrast-enhanced magnetic resonance imaging measurement of subtle blood-brain barrier leakage",NA,"10.1016/j.neuroimage.2021.117786","2021","Bernal J.","Neuroimage","scopus_records",2021
"AI-Based Estimation of End-Systolic Elastance From Arm-Pressure and Systolic Time Intervals",NA,"10.3389/frai.2021.579541","2021","Bikia V.","Frontiers in Artificial Intelligence","scopus_records",2021
"Ethical dilemmas and validity issues related to the use of new cooling technologies and early recognition of exertional heat illness in sport",NA,"10.1136/bmjsem-2021-001041","2021","Muniz-Pardos B.","BMJ Open Sport and Exercise Medicine","scopus_records",2021
"Efficient radiation dose reduction in whole-brain CT perfusion imaging using a 3D GAN: Performance and clinical feasibility",NA,"10.1088/1361-6560/abe917","2021","Moghari M.D.","Physics in Medicine and Biology","scopus_records",2021
"Local passive heat for the treatment of hypertension in autonomic failure",NA,"10.1161/jaha.120.018979","2021","Okamoto L.E.","Journal of the American Heart Association","scopus_records",2021
"Neurogenic fever due to injury of the hypothalamus in a stroke patient: Case report",NA,"10.1097/md.0000000000024053","2021","Jang S.H.","Medicine United States","scopus_records",2021
"Hypertension in Low- and Middle-Income Countries",NA,"10.1161/circresaha.120.318729","2021","Schutte A.E.","Circulation Research","scopus_records",2021
"Ischemia-reperfusion under hyperthermia increases heme oxygenase-1 in pyramidal neurons and astrocytes with accelerating neuronal loss in gerbil hippocampus",NA,"10.3390/ijms22083963","2021","Lee T.K.","International Journal of Molecular Sciences","scopus_records",2021
"Neurological disorders vis-à-vis climate change",NA,"10.1016/j.earlhumdev.2020.105217","2021","Zammit C.","Early Human Development","scopus_records",2021
"Health benefits of achieving fine particulate matter standards in India – A nationwide assessment",NA,"10.1016/j.scitotenv.2020.142999","2021","Manojkumar N.","Science of the Total Environment","scopus_records",2021
"Request of hospital care dropped for TIA but remained stable for stroke during COVID-19 pandemic at a large Italian university hospital",NA,"10.1007/s11739-020-02522-w","2021","Balestrino M.","Internal and Emergency Medicine","scopus_records",2021
"Safety and Feasibility of a Novel Transnasal Cooling Device to Induce Normothermia in Febrile Cerebrovascular Patients",NA,"10.1007/s12028-020-01044-9","2021","Badjatia N.","Neurocritical Care","scopus_records",2021
"Fatal intracranial haemorrhage in a hypertensive patient with atrial fibrillation and coronavirus disease 2019",NA,"10.1177/1971400920978438","2021","Krzystanek E.","Neuroradiology Journal","scopus_records",2021
"Study of common quantification methods of amide proton transfer magnetic resonance imaging for ischemic stroke detection",NA,"10.1002/mrm.28565","2021","Foo L.S.","Magnetic Resonance in Medicine","scopus_records",2021
"A comparative analysis framework of 3T and 7T TOF-MRA based on automated cerebrovascular segmentation",NA,"10.1016/j.compmedimag.2020.101830","2021","Liu J.","Computerized Medical Imaging and Graphics","scopus_records",2021
"Upper limb movement profiles during spontaneous motion in acute stroke",NA,"10.1088/1361-6579/abf01e","2021","Datta S.","Physiological Measurement","scopus_records",2021
"Systemic Markers of Injury and Injury Response Are Not Associated with Impaired Cerebrovascular Reactivity in Adult Traumatic Brain Injury: A Collaborative European Neurotrauma Effectiveness Research in Traumatic Brain Injury (CENTER-TBI) Study",NA,"10.1089/neu.2020.7304","2021","Zeiler F.A.","Journal of Neurotrauma","scopus_records",2021
"Influence of Thermal and Gustatory Stimulus in the Initiation of the Pharyngeal Swallow and Bolus Location Instroke",NA,"10.1016/j.jstrokecerebrovasdis.2020.105349","2021","Gatto A.R.","Journal of Stroke and Cerebrovascular Diseases","scopus_records",2021
"National indication-based diagnostic reference level values in computed tomography: Preliminary results from Ghana",NA,"10.1016/j.ejmp.2021.03.012","2021","Botwe B.O.","Physica Medica","scopus_records",2021
"Roundtable on preseason heat safety in secondary school athletics: Prehospital care of patients with exertional heat stroke",NA,"10.4085/1062-6050-0173.20","2021","Miller K.C.","Journal of Athletic Training","scopus_records",2021
"The relationship between ambient temperature and acute respiratory and cardiovascular diseases in Shenyang, China",NA,"10.1007/s11356-020-11934-2","2021","Shen Y.","Environmental Science and Pollution Research","scopus_records",2021
"Metabolomic profiling identifies a novel mechanism for heat stroke-related acute kidney injury",NA,"10.3892/mmr.2021.11880","2021","Xue L.","Molecular Medicine Reports","scopus_records",2021
"Cooling capacity of transpulmonary cooling and cold-water immersion after exercise-induced hyperthermia",NA,"10.4085/1062-6050-0146.20","2021","Adams W.M.","Journal of Athletic Training","scopus_records",2021
"Influence of the mode of heating on cerebral blood flow, non-invasive intracranial pressure and thermal tolerance in humans",NA,"10.1113/jp280970","2021","Gibbons T.D.","Journal of Physiology","scopus_records",2021
"Substance p antagonism prevents chemotherapy-induced cardiotoxicity",NA,"10.3390/cancers13071732","2021","Legi A.","Cancers","scopus_records",2021
"Heat-related illnesses in a mass gathering event and the necessity for newer diagnostic criteria: a field study",NA,"10.1007/s11356-020-12154-4","2021","Alkassas W.","Environmental Science and Pollution Research","scopus_records",2021
"Roundtable on preseason heat safety in secondary school athletics: Heat acclimatization",NA,"10.4085/1062-6050-596-20","2021","Adams W.M.","Journal of Athletic Training","scopus_records",2021
"Roundtable on preseason heat safety in secondary school athletics: Environmental monitoring during activities in the heat",NA,"10.4085/1062-6050-0067.20","2021","Hosokawa Y.","Journal of Athletic Training","scopus_records",2021
"TRPV4 channel blockade does not modulate skin vasodilation and sweating during hyperthermia or cutaneous postocclusive reactive and thermal hyperemia",NA,"10.1152/ajpregu.00123.2020","2021","Fujii N.","American Journal of Physiology Regulatory Integrative and Comparative Physiology","scopus_records",2021
"Systemic Review on Transcranial Electrical Stimulation Parameters and EEG/fNIRS Features for Brain Diseases",NA,"10.3389/fnins.2021.629323","2021","Yang D.","Frontiers in Neuroscience","scopus_records",2021
"Novel Focal Therapeutic Hypothermia Device for Treatment of Acute Neurologic Injury: Large Animal Safety and Efficacy Trial",NA,"10.1055/s-0040-1721818","2021","Carlstrom L.P.","Journal of Neurological Surgery Part B Skull Base","scopus_records",2021
"The association between ozone and years of life lost from stroke, 2013–2017: A retrospective regression analysis in 48 major Chinese cities",NA,"10.1016/j.jhazmat.2020.124220","2021","Li J.","Journal of Hazardous Materials","scopus_records",2021
"Effects of a 4-Step Standard Operating Procedure for the Treatment of Fever in Patients With Acute Stroke",NA,"10.3389/fneur.2021.614266","2021","Lee H.","Frontiers in Neurology","scopus_records",2021
"Two-Tiered Response of Cardiorespiratory-Cerebrovascular Network to Orthostatic Challenge",NA,"10.3389/fphys.2021.622569","2021","Mukli P.","Frontiers in Physiology","scopus_records",2021
"Does physical activity modify the association between air pollution and recurrence of cardiovascular disease?",NA,"10.3390/ijerph18052631","2021","Raza W.","International Journal of Environmental Research and Public Health","scopus_records",2021
"Residing in urban areas with higher green space is associated with lower mortality risk: A census-based cohort study with ten years of follow-up",NA,"10.1016/j.envint.2020.106365","2021","Bauwelinck M.","Environment International","scopus_records",2021
"Ambient sulfur dioxide and years of life lost from stroke in China: a time-series analysis in 48 cities",NA,"10.1016/j.chemosphere.2020.128857","2021","Wu Z.","Chemosphere","scopus_records",2021
"Climate change and epilepsy: Insights from clinical and basic science studies",NA,"10.1016/j.yebeh.2021.107791","2021","Gulcebi M.I.","Epilepsy and Behavior","scopus_records",2021
"Identification and Estimation of Causal Effects Using a Negative-Control Exposure in Time-Series Studies with Applications to Environmental Epidemiology",NA,"10.1093/aje/kwaa172","2021","Yu Y.","American Journal of Epidemiology","scopus_records",2021
"Low temperature and high magnetic field performance of a commercial piezo-actuator probed via laser interferometry",NA,"10.1063/5.0034569","2021","Adhikari R.","Review of Scientific Instruments","scopus_records",2021
"The impact of carbon monoxide on years of life lost and modified effect by individual- and city-level characteristics: Evidence from a nationwide time-series study in China",NA,"10.1016/j.ecoenv.2020.111884","2021","Wang Y.","Ecotoxicology and Environmental Safety","scopus_records",2021
"An empirical comparison of univariate versus multivariate methods for the analysis of brain–behavior mapping",NA,"10.1002/hbm.25278","2021","Ivanova M.V.","Human Brain Mapping","scopus_records",2021
"Bioimpedance analysis as a tool for hemodynamic monitoring: Overview, methods and challenges",NA,"10.1088/1361-6579/abe80e","2021","Anand G.","Physiological Measurement","scopus_records",2021
"Differentiating sepsis from similar groups of symptoms at triage level in emergency care",NA,"10.1556/2060.2021.00005","2021","Molnar G.","Physiology International","scopus_records",2021
"Brain damage caused by neonatal hypoxia-ischemia and the effects of hypothermia in severe combined immunodeficient (SCID) mice",NA,"10.1016/j.expneurol.2020.113577","2021","Ogawa Y.","Experimental Neurology","scopus_records",2021
"Piezo-actuated one-axis vibrational patterning for mold-free continuous fabrication of high-precision period- programmable micro- And nanopatterns",NA,"10.1021/acsnano.0c09540","2021","Ok J.G.","ACS Nano","scopus_records",2021
"Life loss of cardiovascular diseases per death attributable to ambient temperature: A national time series analysis based on 364 locations in China",NA,"10.1016/j.scitotenv.2020.142614","2021","Hu J.","Science of the Total Environment","scopus_records",2021
"Humidity- And Water-Responsive Torsional and Contractile Lotus Fiber Yarn Artificial Muscles",NA,"10.1021/acsami.0c20456","2021","Wang Y.","ACS Applied Materials and Interfaces","scopus_records",2021
"Objectively measured built environments and cardiovascular diseases in middle-aged and older Korean adults",NA,"10.3390/ijerph18041861","2021","Lee E.Y.","International Journal of Environmental Research and Public Health","scopus_records",2021
"The effect of minimum and maximum air temperatures in the summer on heat stroke in Japan: A time-stratified case-crossover study",NA,"10.3390/ijerph18041632","2021","Otani S.","International Journal of Environmental Research and Public Health","scopus_records",2021
"Single-stroke attachment of sheets to tube ends made from dissimilar materials",NA,"10.3390/ma14040815","2021","Alves L.M.","Materials","scopus_records",2021
"Association between short-term exposure to ambient air pollution and hospital admissions for transient ischemic attacks in Beijing, China",NA,"10.1007/s11356-020-10963-1","2021","Zhang R.","Environmental Science and Pollution Research","scopus_records",2021
"Air pollution and cardiovascular mortality in Nanjing, China: Evidence highlighting the roles of cumulative exposure and mortality displacement",NA,"10.1016/j.chemosphere.2020.129035","2021","Chen Q.","Chemosphere","scopus_records",2021
"Ambient Air Pollution and Atherosclerosis: Insights Into Dose, Time, and Mechanisms",NA,"10.1161/atvbaha.120.315219","2021","Bevan G.H.","Arteriosclerosis Thrombosis and Vascular Biology","scopus_records",2021
"Notch1-mediated inflammation is associated with endothelial dysfunction in human brain microvascular endothelial cells upon particulate matter exposure",NA,"10.1007/s00204-020-02942-9","2021","Park J.H.","Archives of Toxicology","scopus_records",2021
"Modeling multi-level survival data in multi-center epidemiological cohort studies: Applications from the ELAPSE project",NA,"10.1016/j.envint.2020.106371","2021","Samoli E.","Environment International","scopus_records",2021
"Association between Ambient Air Pollution and Amyloid Positron Emission Tomography Positivity in Older Adults with Cognitive Impairment",NA,"10.1001/jamaneurol.2020.3962","2021","Iaccarino L.","JAMA Neurology","scopus_records",2021
"Associations of extreme temperatures with hospitalizations and post-discharge deaths for stroke: What is the role of pre-existing hyperlipidemia?",NA,"10.1016/j.envres.2020.110391","2021","Xu Z.","Environmental Research","scopus_records",2021
"Brain temperature regulation in poor-grade subarachnoid hemorrhage patients – A multimodal neuromonitoring study",NA,"10.1177/0271678x20910405","2021","Addis A.","Journal of Cerebral Blood Flow and Metabolism","scopus_records",2021
"Associations of an Abnormal Physiological Score With Outcomes in Acute Intracerebral Hemorrhage: INTERACT2 Study",NA,"10.1161/strokeaha.120.030435","2021","Song L.","Stroke","scopus_records",2021
"Systematic review and meta-analysis of cohort studies of long term outdoor nitrogen dioxide exposure and mortality",NA,"10.1371/journal.pone.0246451","2021","Stieb D.M.","Plos One","scopus_records",2021
"Cerebral Infarction Observed on Brain MRI in Unconscious Out-of-Hospital Cardiac Arrest Survivors: A Pilot Study",NA,"10.1007/s12028-020-00990-8","2021","Baik M.","Neurocritical Care","scopus_records",2021
"Selective Brain Hypothermia for Ischemic MCA-M1 Stroke: Influence of Cerebral Arterial Circulation in a 3D Brain Temperature Model",NA,"10.1109/tbme.2020.3000521","2021","Lutz Y.","IEEE Transactions on Biomedical Engineering","scopus_records",2021
"Pharmacotherapy to Manage Central Post-Stroke Pain",NA,"10.1007/s40263-021-00791-3","2021","Choi H.R.","CNS Drugs","scopus_records",2021
"Delayed administration of angiotensin receptor (At2r) agonist c21 improves survival and preserves sensorimotor outcomes in female diabetic rats post-stroke through modulation of microglial activation",NA,"10.3390/ijms22031356","2021","Jackson-Cowan L.","International Journal of Molecular Sciences","scopus_records",2021
"Seizures at the onset of aneurysmal SAH: epiphenomenon or valuable predictor?",NA,"10.1007/s00415-020-10173-2","2021","Darkwah Oppong M.","Journal of Neurology","scopus_records",2021
"Intra-arterial thrombolytic therapy for acute anterior spinal artery stroke",NA,"10.1016/j.jocn.2020.11.035","2021","Haynes J.","Journal of Clinical Neuroscience","scopus_records",2021
"Ischaemic heart and cerebrovascular disease mortality in uranium enrichment workers",NA,"10.1136/oemed-2020-106423","2021","Anderson J.L.","Occupational and Environmental Medicine","scopus_records",2021
"Integrative cardiovascular control in women: Regulation of blood pressure, body temperature, and cerebrovascular responsiveness",NA,"10.1096/fj.202001387r","2021","Barnes J.N.","FASEB Journal","scopus_records",2021
"Assessing the validity of aural thermometry for measuring internal temperature in patients with exertional heat stroke",NA,"10.4085/1062-6050-0449.19","2021","Morrissey M.C.","Journal of Athletic Training","scopus_records",2021
"Radioprotection of eye lens using protective material in neuro cone-beam computed tomography: Estimation of dose reduction rate and image quality",NA,"10.1016/j.ejmp.2021.02.001","2021","Kawauchi S.","Physica Medica","scopus_records",2021
"Telemedicine platforms and their use in the coronavirus disease-19 era to deliver comprehensive vascular care",NA,"10.1016/j.jvs.2020.06.051","2021","Lin J.C.","Journal of Vascular Surgery","scopus_records",2021
"Magnesium in aging, health and diseases",NA,"10.3390/nu13020463","2021","Barbagallo M.","Nutrients","scopus_records",2021
"Neighborhood Walkability as a Predictor of Incident Hypertension in a National Cohort Study",NA,"10.3389/fpubh.2021.611895","2021","Jones A.C.","Frontiers in Public Health","scopus_records",2021
"Posthypoxic behavioral impairment and mortality of Drosophila melanogaster are associated with high temperatures, enhanced predeath activity and oxidative stress",NA,"10.1038/s12276-021-00565-3","2021","Habib P.","Experimental and Molecular Medicine","scopus_records",2021
"Numerical and experimental study of lightning stroke to bipv modules",NA,"10.3390/en14030748","2021","Bian X.","Energies","scopus_records",2021
"Contrast optimization in arterial spin labeling with multiple post-labeling delays for cerebrovascular assessment",NA,"10.1007/s10334-020-00883-z","2021","Paschoal A.M.","Magnetic Resonance Materials in Physics Biology and Medicine","scopus_records",2021
"Association of tinnitus with depression in a normal hearing population",NA,"10.3390/medicina57020114","2021","Choi J.","Medicina Lithuania","scopus_records",2021
"Menstrual cycle effects on cardiovascular drift and maximal oxygen uptake during exercise heat stress",NA,"10.1007/s00421-020-04542-y","2021","Stone T.","European Journal of Applied Physiology","scopus_records",2021
"A mechanical analysis of chemically stimulated linear shape memory polymer actuation",NA,"10.3390/ma14030481","2021","Dumlu H.","Materials","scopus_records",2021
"Cardiovascular disease in the World Trade Center Health Program General Responder Cohort",NA,"10.1002/ajim.23207","2021","Sloan N.L.","American Journal of Industrial Medicine","scopus_records",2021
"High-Resolution Neurovascular Imaging at 7T: Arterial Spin Labeling Perfusion, 4-Dimensional MR Angiography, and Black Blood MR Imaging",NA,"10.1016/j.mric.2020.09.003","2021","Shao X.","Magnetic Resonance Imaging Clinics of North America","scopus_records",2021
"VC-Net: Deep Volume-Composition Networks for Segmentation and Visualization of Highly Sparse and Noisy Image Data",NA,"10.1109/tvcg.2020.3030374","2021","Wang Y.","IEEE Transactions on Visualization and Computer Graphics","scopus_records",2021
"Numerical analysis of the activated combustion high-velocity air-fuel spraying process: A three-dimensional simulation with improved gas mixing and combustion mode",NA,"10.3390/ma14030657","2021","Liu F.","Materials","scopus_records",2021
"Opportunities in the cloud or pie in the sky? Current status and future perspectives of telemedicine in nephrology",NA,"10.1093/ckj/sfaa103","2021","Stauss M.","Clinical Kidney Journal","scopus_records",2021
"Intravenous Edaravone plus Therapeutic Hypothermia Offers Limited Neuroprotection in the Hypoxic-Ischaemic Newborn Piglet",NA,"10.1159/000511085","2021","Yamato S.H.","Neonatology","scopus_records",2021
"Transient receptor potential melastatin 3 is functionally expressed in oligodendrocyte precursor cells and is upregulated in ischemic demyelinated lesions",NA,"10.1248/bpb.b20-00510","2021","Ohashi K.","Biological and Pharmaceutical Bulletin","scopus_records",2021
"HTRA1-related autosomal dominant cerebral small vessel disease",NA,"10.1097/cm9.0000000000001176","2021","Liu J.Y.","Chinese Medical Journal","scopus_records",2021
"Short-term effect of fine particular matter on daily hospitalizations for ischemic stroke: A time-series study in Yancheng, China",NA,"10.1016/j.ecoenv.2020.111518","2021","Hu W.","Ecotoxicology and Environmental Safety","scopus_records",2021
"Long-term exposure to traffic noise and mortality: A systematic review and meta-analysis of epidemiological evidence between 2000 and 2020",NA,"10.1016/j.envpol.2020.116222","2021","Cai Y.","Environmental Pollution","scopus_records",2021
"Acute Injection of Omega-3 Triglyceride Emulsion Provides Very Similar Protection as Hypothermia in a Neonatal Mouse Model of Hypoxic-Ischemic Brain Injury",NA,"10.3389/fneur.2020.618419","2021","Manual Kollareth D.J.","Frontiers in Neurology","scopus_records",2021
"Thermodynamic uncertainty relations for bosonic Otto engines",NA,"10.1103/physreve.103.012111","2021","Sacchi M.F.","Physical Review E","scopus_records",2021
"Anesthetic considerations in hyperparathyroid crisis: A case report",NA,"10.1097/md.0000000000024216","2021","Kong H.","Medicine United States","scopus_records",2021
"Maternal undernutrition modulates neonatal rat cerebrovascular structure, function, and vulnerability to mild hypoxic-ischemic injury via corticosteroid-dependent and-independent mechanisms",NA,"10.3390/ijms22020680","2021","Franco P.N.","International Journal of Molecular Sciences","scopus_records",2021
"Brain temperature measured by magnetic resonance spectroscopy to predict clinical outcome in patients with infarction",NA,"10.3390/s21020490","2021","Ishida T.","Sensors Switzerland","scopus_records",2021
"Photoacoustic imaging of human vasculature using LED versus laser illumination: A comparison study on tissue phantoms and in vivo humans",NA,"10.3390/s21020424","2021","Agrawal S.","Sensors Switzerland","scopus_records",2021
"The association between ambient air pollution and atrial fibrillation: A systematic review and meta-analysis",NA,"10.1536/ihj.20-523","2021","Chen M.","International Heart Journal","scopus_records",2021
"Years of life lost due to premature deaths associated with air pollution: An ecological time-series study",NA,"10.1590/1516-3180.2021.0129.090422021","2021","Nascimento L.F.C.","Sao Paulo Medical Journal","scopus_records",2021
"Cohort profile: The Environmental-Pollution-Induced Neurological EFfects (EPINEF) study: A multicenter cohort study of Korean adults",NA,"10.4178/epih.e2021067","2021","Jang H.","Epidemiology and Health","scopus_records",2021
"Association between particulate matter air pollution and heart attacks in San Diego County",NA,"10.1080/10962247.2021.1994053","2021","Khanum S.","Journal of the Air and Waste Management Association","scopus_records",2021
"Long-Term Exposure to PM2.5 and Cognitive Decline: A Longitudinal Population-Based Study",NA,"10.3233/jad-200852","2021","Grande G.","Journal of Alzheimer S Disease","scopus_records",2021
"Differentiation between Stroke Subtypes and the Causes of Monthly Variations: The Akita Stroke Registry",NA,"10.2169/internalmedicine.6146-20","2021","Izumi M.","Internal Medicine","scopus_records",2021
"Global, regional, and national burden of stroke and its risk factors, 1990-2019: A systematic analysis for the Global Burden of Disease Study 2019",NA,"10.1016/s1474-4422(21)00252-0","2021","Feigin V.L.","Lancet Neurology","scopus_records",2021
"Relationship of ambient temperature parameters to stroke incidence in a japanese population - takashima stroke registry, japan, 1988-2010",NA,"10.1253/circj.cj-21-0325","2021","Khan K.","Circulation Journal","scopus_records",2021
"Urban Air Pollution Nanoparticles from Los Angeles: Recently Decreased Neurotoxicity",NA,"10.3233/jad-201577","2021","Zhang H.","Journal of Alzheimer S Disease","scopus_records",2021
"Long-term exposure to particulate matter and mortality from cardiovascular diseases in japan: The ibaraki prefectural health study (iphs)",NA,"10.5551/jat.54148","2021","Takeuchi A.","Journal of Atherosclerosis and Thrombosis","scopus_records",2021
"Extreme temperatures and cardiovascular mortality: assessing effect modification by subgroups in Ganzhou, China",NA,"10.1080/16549716.2021.1965305","2021","Zhang W.","Global Health Action","scopus_records",2021
"The possibilities of using the effects of ozone therapy in neurology",NA,NA,"2021","Masan J.","Neuroendocrinology Letters","scopus_records",2021
"Risk Factors of Restroke in Patients with Lacunar Cerebral Infarction Using Magnetic Resonance Imaging Image Features under Deep Learning Algorithm",NA,"10.1155/2021/2527595","2021","Ma C.","Contrast Media and Molecular Imaging","scopus_records",2021
"What are the implications of climate change for speech and language therapists?",NA,"10.1111/1460-6984.12587","2021","Sherratt S.","International Journal of Language and Communication Disorders","scopus_records",2021
"Effects of the implementation of a mass rapid transit system on mortality rates attributed to cardiorespiratory complications in Taipei",NA,"10.1080/15287394.2021.1954571","2021","Chen C.C.","Journal of Toxicology and Environmental Health Part A Current Issues","scopus_records",2021
"Evaluating the efficacy of vitalstim electrical stimulation combined with swallowing function training for treating dysphagia following an acute stroke",NA,"10.6061/clinics/2021/e3069","2021","Liang Y.","Clinics","scopus_records",2021
"Heat stroke-related deaths in India: An analysis of natural causes of deaths, associated with the regional heatwave",NA,"10.1016/j.jtherbio.2020.102792","2021","Kumar A.","Journal of Thermal Biology","scopus_records",2021
"Evaluation of challenges and limitations of mechanical thrombectomy using 3D printed neurovascular phantoms",NA,"10.1117/12.2580962","2021","Sommer K.N.","Progress in Biomedical Optics and Imaging Proceedings of SPIE","scopus_records",2021
"Superior antioxidant and anti-ischemic neuroprotective effects of cerebrolysin in heat stroke following intoxication of engineered metal Ag and Cu nanoparticles: A comparative biochemical and physiological study with other stroke therapies",NA,"10.1016/bs.pbr.2021.06.014","2021","Sharma H.S.","Progress in Brain Research","scopus_records",2021
"Common body temperature sites provide invalid measures of body core temperature in hyperthermic humans wearing American football uniforms",NA,"10.1080/23328940.2020.1829940","2021","Miller K.C.","Temperature","scopus_records",2021
"Association between early stage-related factors and mortality in patients with exertional heat stroke: A retrospective study of 214 cases",NA,"10.2147/ijgm.s322910","2021","Liu S.","International Journal of General Medicine","scopus_records",2021
"Midregional pro atrial natriuretic peptide: a novel important biomarker for noise annoyance-induced cardiovascular morbidity and mortality?",NA,"10.1007/s00392-020-01645-6","2021","Hahad O.","Clinical Research in Cardiology","scopus_records",2021
"Deep learning reconstruction versus iterative reconstruction for cardiac CT angiography in a stroke imaging protocol: Reduced radiation dose and improved image quality",NA,"10.21037/qims-20-626","2021","Bernard A.","Quantitative Imaging in Medicine and Surgery","scopus_records",2021
"Cardiovascular disease",NA,"10.1016/b978-0-12-823292-7.00012-7","2021","Sjögren B.","Handbook on the Toxicology of Metals Volume I General Considerations","scopus_records",2021
"Chlorpromazine and promethazine reduces Brain injury through RIP1-RIP3 regulated activation of NLRP3 inflammasome following ischemic stroke",NA,"10.1080/01616412.2021.1910904","2021","Jiang Q.","Neurological Research","scopus_records",2021
"Early gestational exposure to inhaled ozone impairs maternal uterine artery and cardiac function",NA,"10.1093/toxsci/kfaa164","2021","Garcia M.","Toxicological Sciences","scopus_records",2021
"The survival status and predictors of mortality among stroke patients at north west Ethiopia",NA,"10.2147/rmhp.s322001","2021","Walelgn N.","Risk Management and Healthcare Policy","scopus_records",2021
"Lipopolysaccharide-induced sepsis-like state compromises post-ischemic neurological recovery, brain tissue survival and remodeling via mechanisms involving microvascular thrombosis and brain T cell infiltration",NA,"10.1016/j.bbi.2020.10.015","2021","Sardari M.","Brain Behavior and Immunity","scopus_records",2021
"Investigation of the need for an x-ray scatter-reduction grid during neurointerventional procedures",NA,"10.1117/12.2580866","2021","Setlur Nagesh S.V.","Progress in Biomedical Optics and Imaging Proceedings of SPIE","scopus_records",2021
"Exertional heat stroke leads to concurrent long-term epigenetic memory, immunosuppression and altered heat shock response in female mice",NA,"10.1113/jp280518","2021","Murray K.O.","Journal of Physiology","scopus_records",2021
"Application of MAGnetic resonance imaging compilation in acute ischemic stroke",NA,"10.12998/wjcc.v9.i35.10828","2021","Wang Q.","World Journal of Clinical Cases","scopus_records",2021
"Acute phase response to exertional heat stroke in mice",NA,"10.1113/ep088501","2021","Iwaniec J.","Experimental Physiology","scopus_records",2021
"A novel stroke lesion network mapping approach: improved accuracy yet still low deficit prediction",NA,"10.1093/braincomms/fcab259","2021","Pini L.","Brain Communications","scopus_records",2021
"Value of combining of the nlr and the fibrinogen level for predicting stroke-associated Pneumonia",NA,"10.2147/ndt.s311036","2021","Cheng W.","Neuropsychiatric Disease and Treatment","scopus_records",2021
"A Review of Risk Factors and Predictors for Hemorrhagic Transformation in Patients with Acute Ischemic Stroke",NA,"10.1155/2021/4244267","2021","Thomas S.E.","International Journal of Vascular Medicine","scopus_records",2021
"Nanodelivery of traditional Chinese Gingko Biloba extract EGb-761 and bilobalide BN-52021 induces superior neuroprotective effects on pathophysiology of heat stroke",NA,"10.1016/bs.pbr.2021.06.007","2021","Sahib S.","Progress in Brain Research","scopus_records",2021
"Cardiovascular health status of taxi/for-hire vehicle drivers in the United States: A systematic review",NA,"10.3233/wor-213525","2021","Mirpuri S.","Work","scopus_records",2021
"Ethyl pyruvate ameliorates heat stroke-induced multiple organ dysfunction and inflammatory responses by induction of stress proteins and activation of autophagy in rats",NA,"10.1080/02656736.2021.1931479","2021","Hu J.M.","International Journal of Hyperthermia","scopus_records",2021
"Prior viral illness increases heat stroke severity in mice",NA,"10.1113/ep088480","2021","Dineen S.M.","Experimental Physiology","scopus_records",2021
"Competition warm-up strategies in sub-elite and elite flat-water sprint kayak athletes",NA,"10.1080/02640414.2020.1857105","2021","Hogan C.","Journal of Sports Sciences","scopus_records",2021
"Factors Affecting Incidence Rate of Exertional Heat Illnesses: Analysis of 6 Years of High School Football Practices in North Central Florida",NA,"10.1177/23259671211026627","2021","Tripp B.L.","Orthopaedic Journal of Sports Medicine","scopus_records",2021
"Measuring cardiac output in a swine model",NA,"10.3791/62333","2021","Patel N.","Journal of Visualized Experiments","scopus_records",2021
"The expression of the cold shock protein rna binding motif protein 3 is transcriptionally responsive to organ temperature in mice",NA,"10.2174/0929866527666200924144424","2021","Ushio A.","Protein and Peptide Letters","scopus_records",2021
"Understanding the binding affinity of noscapines with protease of SARS-CoV-2 for COVID-19 using MD simulations at different temperatures",NA,"10.1080/07391102.2020.1752310","2021","Kumar D.","Journal of Biomolecular Structure and Dynamics","scopus_records",2021
"Forward Model and Deep Learning Based Iterative Deconvolution for Robust Dynamic CT Perfusion",NA,"10.1109/embc46164.2021.9630969","2021","Sudarshan V.P.","Proceedings of the Annual International Conference of the IEEE Engineering in Medicine and Biology Society EMBS","scopus_records",2021
"A Proposal for a Data-Driven Approach to the Influence of Music on Heart Dynamics",NA,"10.3389/fcvm.2021.699145","2021","Idrobo-Ávila E.","Frontiers in Cardiovascular Medicine","scopus_records",2021
"Biosynthesis and characterization of a novel fibrinolytic alkaline serine protease from newly isolated bacillus flexus bf12 for biomedical applications",NA,"10.2174/1389201021666201117094714","2021","Sterlin Raj T.","Current Pharmaceutical Biotechnology","scopus_records",2021
"Mortality in underground miners in a former uranium ore mine",NA,"10.3238/arztebl.m2021.0001","2021","Kreuzer M.","Deutsches Arzteblatt International","scopus_records",2021
"The influence of cycle-to-cycle hydrocarbon emissions on cyclic NO:NO2 ratio from a HSDI diesel engine",NA,"10.1115/icef2020-2904","2021","Leach F.","ASME 2020 Internal Combustion Engine Division Fall Technical Conference Icef 2020","scopus_records",2021
"Do exertional heat stroke and environmental heat involve epigenetic memory?",NA,"10.1113/jp280928","2021","Horowitz M.","Journal of Physiology","scopus_records",2021
"Low- and moderate-dose non-cancer effects of ionizing radiation in directly exposed individuals, especially circulatory and ocular diseases: a review of the epidemiology",NA,"10.1080/09553002.2021.1876955","2021","Little M.P.","International Journal of Radiation Biology","scopus_records",2021
"Neighborhood Participation Is Less Likely among Older Adults with Sidewalk Problems",NA,"10.1177/0898264320960966","2021","Twardzik E.","Journal of Aging and Health","scopus_records",2021
"Patient-Friendly, Olfactory-Targeted, Stimuli-Responsive Hydrogels for Cerebral Degenerative Disorders Ensured > 400% Brain Targeting Efficiency in Rats",NA,"10.1208/s12249-020-01872-0","2021","Nafee N.","AAPS Pharmscitech","scopus_records",2021
"Severe aortic thrombosis and profound hypothermia: A case report",NA,"10.5005/jp-journals-10071-23820","2021","Schmitt J.","Indian Journal of Critical Care Medicine","scopus_records",2021
"Development of hot stamping for automotive panel parts with step-shaped wall",NA,"10.2320/matertrans.p-m2021846","2021","Otsuka K.","Materials Transactions","scopus_records",2021
"Association between anion gap and mortality in critically ill patients with cardiogenic shock",NA,"10.2147/ijgm.s329150","2021","Zhang T.","International Journal of General Medicine","scopus_records",2021
"MyTEMP: Statistical Analysis Plan of a Registry-Based, Cluster-Randomized Clinical Trial",NA,"10.1177/20543581211041182","2021","Dixon S.N.","Canadian Journal of Kidney Health and Disease","scopus_records",2021
"Forging of mg-al-zn magnesium alloys on screw press and forging hammer",NA,"10.3390/ma14010032","2021","Gontarz A.","Materials","scopus_records",2021
"Hyperthermia induced disruption of mechanical balance leads to G1 arrest and senescence in cells",NA,"10.1042/bcj20200705","2021","Mundhara N.","Biochemical Journal","scopus_records",2021
"Cerebral venous sinus stenosis should not be neglected when cerebral artery stenosis is confirmed: a case report",NA,"10.1080/00207454.2020.1782901","2021","Wang Z.","International Journal of Neuroscience","scopus_records",2021
"48-year-old with Altered Mental Status and Respiratory Failure: A Case Report",NA,"10.5811/cpcem.2021.3.51331","2021","Pile J.E.","Clinical Practice and Cases in Emergency Medicine","scopus_records",2021
"Faded Critical Dynamics in Adult Moyamoya Disease Revealed by EEG and fMRI",NA,"10.1155/2021/6640108","2021","Lei Y.","Oxidative Medicine and Cellular Longevity","scopus_records",2021
"Optimal Degree of Hypothermia in Total Arch Replacement for Type A Aortic Dissection",NA,"10.3389/fcvm.2021.668333","2021","Wu J.","Frontiers in Cardiovascular Medicine","scopus_records",2021
"A Novel Sutureless Integrated Stented (SIS) Graft Prosthesis for Type A Aortic Dissection: A Pilot Study for a Prospective, Multicenter Clinical Trial",NA,"10.3389/fcvm.2021.806104","2021","Dai L.","Frontiers in Cardiovascular Medicine","scopus_records",2021
"Emergency preparedness for heat illness in China: A cross-sectional observational study",NA,"10.1016/j.ienj.2020.100957","2021","Zhao L.","International Emergency Nursing","scopus_records",2021
"Individual risk factors associated with exertional heat illness: A systematic review",NA,"10.1113/ep088458","2021","Westwood C.S.","Experimental Physiology","scopus_records",2021
"Thoracic, peripheral, and cerebral volume, circulatory and pressure responses to PEEP during simulated hemorrhage in a pig model: a case study",NA,"10.2478/joeb-2021-0013","2021","Montgomery L.D.","Journal of Electrical Bioimpedance","scopus_records",2021
"Effects of acute ischemic stroke on binaural perception",NA,"10.3389/fnins.2022.1022354","2022","Dietze A.","Frontiers in Neuroscience","scopus_records",2022
"Biological age and environmental risk factors for dementia and stroke: Molecular mechanisms",NA,"10.3389/fnagi.2022.1042488","2022","Knobel P.","Frontiers in Aging Neuroscience","scopus_records",2022
"Regional incidence risk of heat stroke in elderly individuals considering population, household structure, and local industrial sector",NA,"10.1016/j.scitotenv.2022.158548","2022","Lien T.C.","Science of the Total Environment","scopus_records",2022
"Associations of ambient temperature with mortality for ischemic and hemorrhagic stroke and the modification effects of greenness in Shandong Province, China",NA,"10.1016/j.scitotenv.2022.158046","2022","He F.","Science of the Total Environment","scopus_records",2022
"Associations between air pollution and multimorbidity in the UK Biobank: A cross-sectional study",NA,"10.3389/fpubh.2022.1035415","2022","Ronaldson A.","Frontiers in Public Health","scopus_records",2022
"Cardiovascular consequences of aircraft noise exposure",NA,"10.3389/fpubh.2022.1058423","2022","Ba̧czalska J.","Frontiers in Public Health","scopus_records",2022
"A cohort study evaluating the risk of stroke associated with long-term exposure to ambient fine particulate matter in Taiwan",NA,"10.1186/s12940-022-00854-y","2022","Chen P.C.","Environmental Health A Global Access Science Source","scopus_records",2022
"Exposure to air pollution and its effect on ischemic strokes (EP-PARTICLES study)",NA,"10.1038/s41598-022-21585-7","2022","Kuźma Ł.","Scientific Reports","scopus_records",2022
"A replicable strategy for mapping air pollution’s community-level health impacts and catalyzing prevention",NA,"10.1186/s12940-022-00879-3","2022","Landrigan P.J.","Environmental Health A Global Access Science Source","scopus_records",2022
"Associations between long-term air pollution exposure and the incidence of cardiovascular diseases among American older adults",NA,"10.1016/j.envint.2022.107594","2022","Jin T.","Environment International","scopus_records",2022
"Association between household air pollution from solid fuel use and risk of chronic diseases and their multimorbidity among Chinese adults",NA,"10.1016/j.envint.2022.107635","2022","Shi W.","Environment International","scopus_records",2022
"Long-term exposure to fine particle matter and all-cause mortality and cause-specific mortality in Japan: the JPHC Study",NA,"10.1186/s12889-022-12829-2","2022","Sawada N.","BMC Public Health","scopus_records",2022
"Long-term air pollution exposure and incident stroke in American older adults: A national cohort study",NA,"10.1016/j.gloepi.2022.100073","2022","Ma T.","Global Epidemiology","scopus_records",2022
"Targeted Temperature Management for Severe Subarachnoid Hemorrhage Using Endovascular and Surface Cooling Systems: A Nonrandomized Interventional Study Using Historical Control",NA,"10.1227/neu.0000000000002122","2022","Kobata H.","Neurosurgery","scopus_records",2022
"Air Pollution and the Heart: Updated Evidence from Meta-analysis Studies",NA,"10.1007/s11886-022-01819-w","2022","Dwivedi A.K.","Current Cardiology Reports","scopus_records",2022
"Associations of environmental factors with total cholesterol level of middle-aged and elderly people in China",NA,"10.1186/s12889-022-14922-y","2022","Li H.","BMC Public Health","scopus_records",2022
"Verapamil inhibits TXNIP-NLRP3 inflammasome activation and preserves functional recovery after intracerebral hemorrhage in mice",NA,"10.1016/j.neuint.2022.105423","2022","Ismael S.","Neurochemistry International","scopus_records",2022
"Comments on “Ambient fine particulate matter of diameter ≤ 2.5 μm and risk of hemorrhagic stroke: a systemic review and meta-analysis of cohort studies,” by Yang, Mingfei et al. (doi: 10.1007/s11356-021-13074-7)",NA,"10.1007/s11356-022-23797-w","2022","Gao J.L.","Environmental Science and Pollution Research","scopus_records",2022
"Answer to “Comments on “Ambient fine particulate matter of diameter ≤ 2.5 μm and risk of hemorrhagic stroke: a systemic review and meta-analysis of cohort studies” by Yang, Mingfei et al. (DOI: 10.1007/s11356-021–13,074-7)”",NA,"10.1007/s11356-022-23751-w","2022","Zhao K.","Environmental Science and Pollution Research","scopus_records",2022
"Different paradigms of transcranial electrical stimulation improve motor function impairment and striatum tissue injuries in the collagenase-induced intracerebral hemorrhage rat model",NA,"10.1186/s12868-022-00689-w","2022","Heidarzadegan A.R.","BMC Neuroscience","scopus_records",2022
"Visualization of thrombus using iterative reconstruction and maximum intensity projection of thin-slice CT images",NA,"10.1007/s00234-022-02996-9","2022","Kobayashi Y.","Neuroradiology","scopus_records",2022
"Air pollution in Bishkek, Kyrgyzstan: Driving factors and state response",NA,"10.1002/puh2.22","2022","Dzushupov K.O.","Public Health Challenges","scopus_records",2022
"The burden of heat-related stroke mortality under climate change scenarios in 22 East Asian cities",NA,"10.1016/j.envint.2022.107602","2022","Zhou L.","Environment International","scopus_records",2022
"The association of noise exposure with stroke incidence and mortality: A systematic review and dose-response meta-analysis of cohort studies",NA,"10.1016/j.envres.2022.114249","2022","Fu W.","Environmental Research","scopus_records",2022
"Multiple cerebral infarctions due to calcified amorphous tumor growing rapidly from an antecedent infection and decreasing rapidly by detachment of fibrin and antithrombotic drugs: a case report",NA,"10.1186/s12883-022-02918-5","2022","Kimura M.","BMC Neurology","scopus_records",2022
"Long-Term Impacts of Diurnal Temperature Range on Mortality and Cardiovascular Disease: A Nationwide Prospective Cohort Study",NA,"10.3390/metabo12121287","2022","Tang H.","Metabolites","scopus_records",2022
"Recent advances in sterilization and disinfection technology: A review",NA,"10.1016/j.chemosphere.2022.136404","2022","Bharti B.","Chemosphere","scopus_records",2022
"Impact of diurnal temperature range on hospital admissions for cerebrovascular disease among farmers in Northwest China",NA,"10.1038/s41598-022-19507-8","2022","Zhai G.","Scientific Reports","scopus_records",2022
"Objectively measured physical activity was not associated with neighborhood walkability attributes in community-dwelling patients with stroke",NA,"10.1038/s41598-022-07467-y","2022","Kanai M.","Scientific Reports","scopus_records",2022
"The burden of stroke and its attributable risk factors in the Middle East and North Africa region, 1990–2019",NA,"10.1038/s41598-022-06418-x","2022","Jaberinezhad M.","Scientific Reports","scopus_records",2022
"Criteria air pollutants and hospitalizations of a wide spectrum of cardiovascular diseases: A nationwide case-crossover study in China",NA,"10.1016/j.eehl.2022.10.002","2022","Liu C.","Eco Environment and Health","scopus_records",2022
"Gut microbiota is causally associated with poststroke cognitive impairment through lipopolysaccharide and butyrate",NA,"10.1186/s12974-022-02435-9","2022","Wang H.","Journal of Neuroinflammation","scopus_records",2022
"Sex Difference in Female and Male Ice Swimmers for Different Strokes and Water Categories Over Short and Middle Distances: A Descriptive Study",NA,"10.1186/s40798-022-00451-w","2022","Oppermann J.","Sports Medicine Open","scopus_records",2022
"OSASUD: A dataset of stroke unit recordings for the detection of Obstructive Sleep Apnea Syndrome",NA,"10.1038/s41597-022-01272-y","2022","Bernardini A.","Scientific Data","scopus_records",2022
"Random noise stimulation in the treatment of patients with neurological disorders",NA,"10.4103/1673-5374.339474","2022","Herrera-Murillo M.A.","Neural Regeneration Research","scopus_records",2022
"Optimal temperature management in aortic arch surgery: A systematic review and network meta-analysis",NA,"10.1111/jocs.17206","2022","Abjigitova D.","Journal of Cardiac Surgery","scopus_records",2022
"Neuromotor deficits and altered physiological responses to repeated exertional heat stroke exposures in mice",NA,"10.1152/ajpregu.00152.2022","2022","Alzahrani J.M.","American Journal of Physiology Regulatory Integrative and Comparative Physiology","scopus_records",2022
"Therapeutic hypothermia and acute brain injury",NA,"10.1016/j.mpaic.2022.10.011","2022","Fadhlillah F.","Anaesthesia and Intensive Care Medicine","scopus_records",2022
"Countrywide cardiovascular disease prevention and control in 49 countries with different socio-economic status",NA,"10.1002/cdt3.34","2022","Khaltaev N.","Chronic Diseases and Translational Medicine","scopus_records",2022
"The effects of hypothermia on glutamate and γ-aminobutyric acid metabolism during ischemia in monkeys: a repeated-measures ANOVA study",NA,"10.1038/s41598-022-18783-8","2022","Liu B.h.","Scientific Reports","scopus_records",2022
"Smart Humidly Adaptive Yarns and Textiles from Twisted and Coiled Viscose Fiber Artificial Muscles",NA,"10.3390/ma15238312","2022","Guo M.","Materials","scopus_records",2022
"Exceptionally high work density of a ferroelectric dynamic organic crystal around room temperature",NA,"10.1038/s41467-022-30541-y","2022","Karothu D.P.","Nature Communications","scopus_records",2022
"Deep Versus Moderate Hypothermia in Acute Type A Aortic Dissection: A Propensity-Matched Analysis",NA,"10.1016/j.hlc.2022.07.021","2022","Pupovac S.S.","Heart Lung and Circulation","scopus_records",2022
"Estimating cardiovascular health gains from eradicating indoor cold in Australia",NA,"10.1186/s12940-022-00865-9","2022","Singh A.","Environmental Health A Global Access Science Source","scopus_records",2022
"Hypothermia evoked by stimulation of medial preoptic nucleus protects the brain in a mouse model of ischaemia",NA,"10.1038/s41467-022-34735-2","2022","Zhang S.","Nature Communications","scopus_records",2022
"Proteomic profiling in cerebral amyloid angiopathy reveals an overlap with CADASIL highlighting accumulation of HTRA1 and its substrates",NA,"10.1186/s40478-021-01303-6","2022","Zellner A.","Acta Neuropathologica Communications","scopus_records",2022
"Epidemiology of major osteoporotic fractures: a population-based analysis in Catalonia, Spain",NA,"10.1007/s11657-022-01081-1","2022","Surís X.","Archives of Osteoporosis","scopus_records",2022
"Effects of temperature on the properties of HL32 oil in the conventional hydraulic actuators",NA,"10.1016/j.heliyon.2022.e11831","2022","Hashim W.M.","Heliyon","scopus_records",2022
"The pathogenesis and therapeutic strategies of heat stroke-induced liver injury",NA,"10.1186/s13054-022-04273-w","2022","Wang F.","Critical Care","scopus_records",2022
"Stable Gastric Pentadecapeptide BPC 157 and Striated, Smooth, and Heart Muscle",NA,"10.3390/biomedicines10123221","2022","Staresinic M.","Biomedicines","scopus_records",2022
"Long-term epigenetic and metabolomic changes in the mouse ventricular myocardium after exertional heat stroke",NA,"10.1152/physiolgenomics.00147.2021","2022","Murray K.O.","Physiological Genomics","scopus_records",2022
"Research on denoising method of chinese ancient character image based on chinese character writing standard model",NA,"10.1038/s41598-022-24388-y","2022","Yalin M.","Scientific Reports","scopus_records",2022
"Identification of therapeutic targets in a murine model of severe exertional heat stroke",NA,"10.1152/ajpregu.00150.2022","2022","Oki K.","American Journal of Physiology Regulatory Integrative and Comparative Physiology","scopus_records",2022
"Obtaining efficient collisional engines via velocity-dependent drivings",NA,"10.1103/physreve.106.064125","2022","Mamede I.N.","Physical Review E","scopus_records",2022
"Clinical validation of an AI-based motion correction reconstruction algorithm in cerebral CT",NA,"10.1007/s00330-022-08883-4","2022","Zhou L.","European Radiology","scopus_records",2022
"Accurate Flow Characterization of A6082 for Precision Simulation of a Hot Metal Forming Process",NA,"10.3390/ma15238656","2022","Park J.H.","Materials","scopus_records",2022
"Highly time-resolved 4D MR angiography using golden-angle radial sparse parallel (GRASP) MRI",NA,"10.1038/s41598-022-18191-y","2022","Goldman-Yassen A.E.","Scientific Reports","scopus_records",2022
"An Ensemble Learning Method for Emotion Charting Using Multimodal Physiological Signals",NA,"10.3390/s22239480","2022","Awan A.W.","Sensors","scopus_records",2022
"Patients with heterozygous HTRA1-related cerebral small vessel disease misdiagnosed with other diseases: Two case reports",NA,"10.1016/j.clineuro.2022.107502","2022","Kitahara S.","Clinical Neurology and Neurosurgery","scopus_records",2022
"Utilizing wearable sensors for continuous and highly-sensitive monitoring of reactions to the BNT162b2 mRNA COVID-19 vaccine",NA,"10.1038/s43856-022-00090-y","2022","Gepner Y.","Communications Medicine","scopus_records",2022
"Robust finite-time adaptive control for high performance voice coil motor-actuated fast steering mirror",NA,"10.1063/5.0124203","2022","Wang L.","Review of Scientific Instruments","scopus_records",2022
"Innominate artery direct cannulation provides brain protection during total arch replacement for acute type A aortic dissection",NA,"10.1186/s13019-022-01919-2","2022","Kong X.","Journal of Cardiothoracic Surgery","scopus_records",2022
"Interlink Between Physiological and Biomechanical Changes in the Swim-to-Cycle Transition in Triathlon Events: A Narrative Review",NA,"10.1186/s40798-022-00521-z","2022","Ambrosini L.","Sports Medicine Open","scopus_records",2022
"The effect of prolonged interval and continuous exercise in the heat on circulatory markers of intestinal barrier integrity",NA,"10.1007/s00421-022-05049-4","2022","McKenna Z.","European Journal of Applied Physiology","scopus_records",2022
"Air Pollution Associated with Incident Stroke, Poststroke Cardiovascular Events, and Death: A Trajectory Analysis of a Prospective Cohort",NA,"10.1212/wnl.0000000000201316","2022","Tian F.","Neurology","scopus_records",2022
"Hutchinson-Gilford progeria syndrome complicated with stroke: A report of 2 cases and literature review",NA,"10.3389/fped.2022.1056225","2022","Wang J.","Frontiers in Pediatrics","scopus_records",2022
"Different components of air pollutants and neurological disorders",NA,"10.3389/fpubh.2022.959921","2022","Fu C.","Frontiers in Public Health","scopus_records",2022
"Treating exertional heat stroke: Limited understanding of the female response to cold water immersion",NA,"10.3389/fphys.2022.1055810","2022","Hutchins K.P.","Frontiers in Physiology","scopus_records",2022
"Effect of ambient temperature and other environmental factors on stroke emergency department visits in Beijing: A distributed lag non-linear model",NA,"10.3389/fpubh.2022.1034534","2022","Zhao J.","Frontiers in Public Health","scopus_records",2022
"Chronic Exposure to Fine Particulate Matter Increases Mortality Through Pathways of Metabolic and Cardiovascular Disease: Insights From a Large Mediation Analysis",NA,"10.1161/jaha.122.026660","2022","Bai L.","Journal of the American Heart Association","scopus_records",2022
"Personalised cooler dialysate for patients receiving maintenance haemodialysis (MyTEMP): a pragmatic, cluster-randomised trial",NA,"10.1016/s0140-6736(22)01805-0","2022","Garg A.X.","Lancet","scopus_records",2022
"Short-Term Exposure to Ambient Air Pollution and Hospital Admissions for Sequelae of Stroke in Chinese Older Adults",NA,"10.1029/2022gh000700","2022","Wang R.","Geohealth","scopus_records",2022
"Short-term associations of ambient air pollution with hospital admissions for ischemic stroke in 97 Japanese cities",NA,"10.1007/s11356-022-21206-w","2022","Hasegawa K.","Environmental Science and Pollution Research","scopus_records",2022
"Long-term exposure to air pollution, coronary artery calcification, and carotid artery plaques in the population-based Swedish SCAPIS Gothenburg cohort",NA,"10.1016/j.envres.2022.113926","2022","Kilbo Edlund K.","Environmental Research","scopus_records",2022
"Burden of Stroke and Population-Attributable Fractions of Risk Factors in Latin America and the Caribbean",NA,"10.1161/jaha.122.027044","2022","Pacheco-Barrios K.","Journal of the American Heart Association","scopus_records",2022
"Ambient fine particulate pollution hysteresis triggers wake-up stroke and rapidly triggers non-wake-up stroke: a case-crossover study",NA,"10.1007/s11356-022-21458-6","2022","Wang Y.","Environmental Science and Pollution Research","scopus_records",2022
"Susceptibility weighted MRI pinpoints spontaneous intracerebral hemorrhage in stroke-prone spontaneously hypertensive rats",NA,"10.1016/j.mri.2022.08.009","2022","Shen Y.","Magnetic Resonance Imaging","scopus_records",2022
"Association of Early Increase in Body Temperature with Symptomatic Intracranial Hemorrhage and Unfavorable Outcome Following Endovascular Therapy in Patients with Large Vessel Occlusion Stroke",NA,"10.31083/j.jin2106156","2022","Chen Y.","Journal of Integrative Neuroscience","scopus_records",2022
"Sensitivity of modern multislice CT for subarachnoid haemorrhage at incremental timepoints after headache onset: a 10-year analysis",NA,"10.1136/emermed-2020-211068","2022","Vincent A.","Emergency Medicine Journal","scopus_records",2022
"Early and Prolonged Mild Hypothermia in Patients with Poor-Grade Subarachnoid Hemorrhage: A Pilot Study",NA,"10.1089/ther.2022.0013","2022","Rhim J.K.","Therapeutic Hypothermia and Temperature Management","scopus_records",2022
"Rare stroke mechanisms in 4154 consecutive patients: causes, predictors, treatment, and outcomes",NA,"10.1007/s10072-022-06344-w","2022","Vicino A.","Neurological Sciences","scopus_records",2022
"Active conductive head cooling of normal and infarcted brain: A magnetic resonance spectroscopy imaging study",NA,"10.1177/0271678x221107988","2022","Diprose W.K.","Journal of Cerebral Blood Flow and Metabolism","scopus_records",2022
"Uncovering the characteristics of the gut microbiota in patients with acute ischemic stroke and phlegm-heat syndrome",NA,"10.1371/journal.pone.0276598","2022","Li T.","Plos One","scopus_records",2022
"Heat stress illness outcomes and annual indices of outdoor heat at U.S. Army installations",NA,"10.1371/journal.pone.0263803","2022","Lewandowski S.A.","Plos One","scopus_records",2022
"Environmental noise-induced cardiovascular, metabolic and mental health disorders: a brief review",NA,"10.1007/s11356-022-22351-y","2022","Zaman M.","Environmental Science and Pollution Research","scopus_records",2022
"Reduction in medical costs for cardiovascular diseases through innovative health awareness projects in a rural area in Japan",NA,"10.1371/journal.pone.0277600","2022","Shoji A.","Plos One","scopus_records",2022
"Assessment of perivascular space filtering methods using a three-dimensional computational model",NA,"10.1016/j.mri.2022.07.016","2022","Bernal J.","Magnetic Resonance Imaging","scopus_records",2022
"Application of a Markov chain Monte Carlo method for robust quantification in chemical exchange saturation transfer magnetic resonance imaging",NA,"10.21037/qims-22-313","2022","Zhao Y.","Quantitative Imaging in Medicine and Surgery","scopus_records",2022
"Latency correction in sparse neuronal spike trains",NA,"10.1016/j.jneumeth.2022.109703","2022","Kreuz T.","Journal of Neuroscience Methods","scopus_records",2022
"Three-Dimensional Constructive Interference in Steady State (3D CISS) Imaging and Clinical Applications in Brain Pathology",NA,"10.3390/biomedicines10112997","2022","Cavallaro M.","Biomedicines","scopus_records",2022
"Factors Associated With the Development of Tinnitus and With the Degree of Annoyance Caused by Newly Developed Tinnitus",NA,"10.1097/aud.0000000000001250","2022","Goderie T.","Ear and Hearing","scopus_records",2022
"Automatic ECG Quality Assessment Techniques: A Systematic Review",NA,"10.3390/diagnostics12112578","2022","van der Bijl K.","Diagnostics","scopus_records",2022
"White matter damage as a consequence of vascular dysfunction in a spontaneous mouse model of chronic mild chronic hypoperfusion with eNOS deficiency",NA,"10.1038/s41380-022-01701-9","2022","Chen X.","Molecular Psychiatry","scopus_records",2022
"Atrial Fibrillation Detection With an Analog Smartwatch: Prospective Clinical Study and Algorithm Validation",NA,"10.2196/37280","2022","Campo D.","Jmir Formative Research","scopus_records",2022
"Impact of Hurricanes and Associated Extreme Weather Events on Cardiovascular Health: A Scoping Review",NA,"10.1289/ehp11252","2022","Ghosh A.K.","Environmental Health Perspectives","scopus_records",2022
"Household solid fuel use and stroke incidence: Evidence from a national cohort study",NA,"10.3389/fpubh.2022.1018023","2022","Zhang H.","Frontiers in Public Health","scopus_records",2022
"Synergistic Effects of Particle Radioactivity (Gross β Activity) and Particulate Matter ≤2.5 μm Aerodynamic Diameter on Cardiovascular Disease Mortality",NA,"10.1161/jaha.121.025470","2022","Dong S.","Journal of the American Heart Association","scopus_records",2022
"The effect of long-term exposure to air pollution and seasonal temperature on hospital admissions with cardiovascular and respiratory disease in the United States: A difference-in-differences analysis",NA,"10.1016/j.scitotenv.2022.156855","2022","Danesh Yazdi M.","Science of the Total Environment","scopus_records",2022
"Blue sky as a protective factor for cardiovascular disease",NA,"10.3389/fpubh.2022.1016853","2022","Tang H.","Frontiers in Public Health","scopus_records",2022
"Variation in stroke care at the hospital level: A cross-sectional multicenter study",NA,"10.3389/fneur.2022.1004901","2022","Lens C.","Frontiers in Neurology","scopus_records",2022
"Time trends in the burden of stroke and subtypes attributable to PM2.5 in China from 1990 to 2019",NA,"10.3389/fpubh.2022.1026870","2022","Chen H.","Frontiers in Public Health","scopus_records",2022
"Therapeutic hypothermia for stroke: Unique challenges at the bedside",NA,"10.3389/fneur.2022.951586","2022","You J.S.","Frontiers in Neurology","scopus_records",2022
"Temporal Heterogeneity of Short-Term Effects of Particulate Matter on Stroke Outpatients in Seven Major Cities of the Republic of Korea",NA,"10.3390/ijerph191912316","2022","Choi Y.","International Journal of Environmental Research and Public Health","scopus_records",2022
"Links between chronic exposure to outdoor air pollution and cardiovascular diseases: a review",NA,"10.1007/s10311-022-01450-9","2022","Konduracka E.","Environmental Chemistry Letters","scopus_records",2022
"Acute Gaseous Air Pollution Exposure and Hospitalizations for Acute Ischemic Stroke: A Time-Series Analysis in Tianjin, China",NA,"10.3390/ijerph192013344","2022","Cui M.","International Journal of Environmental Research and Public Health","scopus_records",2022
"Association of air pollution with acute ischemic stroke risk in Singapore: a time-stratified case-crossover study",NA,"10.1177/17474930211066745","2022","Ho A.F.W.","International Journal of Stroke","scopus_records",2022
"The underlying mechanism of PM2.5-induced ischemic stroke",NA,"10.1016/j.envpol.2022.119827","2022","Chen Z.","Environmental Pollution","scopus_records",2022
"Long-term exposure to ambient air pollution is a risk factor for trajectory of cardiometabolic multimorbidity: A prospective study in the UK Biobank",NA,"10.1016/j.ebiom.2022.104282","2022","Luo H.","Ebiomedicine","scopus_records",2022
"Cluster analysis of weather and pollution features and its role in predicting acute cardiac or cerebrovascular events",NA,"10.23736/s0026-4806.22.08036-3","2022","Testa A.","Minerva Medica","scopus_records",2022
"Calcium and magnesium in drinking water and risk of myocardial infarction and stroke - a population-based cohort study",NA,"10.1093/ajcn/nqac186","2022","Helte E.","American Journal of Clinical Nutrition","scopus_records",2022
"Particle surface area, ultrafine particle number concentration, and cardiovascular hospitalizations",NA,"10.1016/j.envpol.2022.119795","2022","Lin S.","Environmental Pollution","scopus_records",2022
"Redox Regulatory Changes of Circadian Rhythm by the Environmental Risk Factors Traffic Noise and Air Pollution",NA,"10.1089/ars.2021.0272","2022","Daiber A.","Antioxidants and Redox Signaling","scopus_records",2022
"Colchicine pre-treatment and post-treatment does not worsen bleeding or functional outcome after collagenase-induced intracerebral hemorrhage",NA,"10.1371/journal.pone.0276405","2022","Wilkinson C.M.","Plos One","scopus_records",2022
"The Prognostic Roles of Perihematomal Edema and Ventricular Size in Patients with Intracerebral Hemorrhage",NA,"10.1007/s12028-022-01532-0","2022","Lee K.H.","Neurocritical Care","scopus_records",2022
"The neurovascular unit and systemic biology in stroke — implications for translation and treatment",NA,"10.1038/s41582-022-00703-z","2022","Tiedt S.","Nature Reviews Neurology","scopus_records",2022
"Devil or angel: two roles of carbon monoxide in stroke",NA,"10.4103/2045-9912.337993","2022","Li B.","Medical Gas Research","scopus_records",2022
"Stroke Patients’ Free-Time Activities and Spatial Preferences During Inpatient Recovery in Rehabilitation Centers",NA,"10.1177/19375867221113054","2022","Kevdzija M.","Health Environments Research and Design Journal","scopus_records",2022
"Influence of Nutritional Status on Prognosis of Stroke Patients With Dysphagia",NA,NA,"2022","Liu T.","Alternative Therapies in Health and Medicine","scopus_records",2022
"Impact of compression ratio on combustion, performance and exhaust emissions of diesel engine fueled with Undi methyl ester-diesel and Undi ethyl ester-diesel blends",NA,"10.1007/s10973-022-11288-6","2022","Madane P.A.","Journal of Thermal Analysis and Calorimetry","scopus_records",2022
"Relationship Between Body Temperature and Early Neurological Deterioration after Endovascular Thrombectomy for Acute Ischemic Stroke with Large Vessel Occlusion",NA,"10.1007/s12028-021-01416-9","2022","Luo Y.","Neurocritical Care","scopus_records",2022
"Adaptive and Maladaptive Brain Functional Network Reorganization After Stroke in Hemianopia Patients: An Electroencephalogram-Tracking Study",NA,"10.1089/brain.2021.0145","2022","Xu J.","Brain Connectivity","scopus_records",2022
"A novel method for improving the accuracy of MR-derived patient-specific vascular models using X-ray angiography",NA,"10.1007/s00366-022-01685-8","2022","Horn J.D.","Engineering with Computers","scopus_records",2022
"Respiratory symptoms and cardiovascular causes of deaths: A population-based study with 45 years of follow-up",NA,"10.1371/journal.pone.0276560","2022","Stavem K.","Plos One","scopus_records",2022
"Exertional heat stroke: nutritional considerations",NA,"10.1113/ep090149","2022","Lee J.K.W.","Experimental Physiology","scopus_records",2022
"Are there sex differences in risk for exertional heat stroke? A translational approach",NA,"10.1113/ep090402","2022","Giersch G.E.W.","Experimental Physiology","scopus_records",2022
"The impact of castration on physiological responses to exertional heat stroke in mice",NA,"10.1371/journal.pone.0275715","2022","Garcia C.K.","Plos One","scopus_records",2022
"Heat stroke: physiological challenges and breakthroughs",NA,"10.1113/ep090566","2022","Laitano O.","Experimental Physiology","scopus_records",2022
"The effects of anterior and posterior ankle-foot orthoses on sit-to-stand transfer performance in stroke patients",NA,"10.1016/j.gaitpost.2022.09.081","2022","Chang H.S.","Gait and Posture","scopus_records",2022
"Exertional heat stroke in sport and the military: epidemiology and mitigation",NA,"10.1113/ep090686","2022","Périard J.D.","Experimental Physiology","scopus_records",2022
"Human–Robot Cooperative Strength Training Based on Robust Admittance Control Strategy",NA,"10.3390/s22207746","2022","Lin M.","Sensors","scopus_records",2022
"HUMAN TEMPERATURE REGULATION UNDER HEAT STRESS IN HEALTH, DISEASE, AND INJURY",NA,"10.1152/physrev.00047.2021","2022","Cramer M.N.","Physiological Reviews","scopus_records",2022
"Exertional heat stroke: an evidence based approach to clinical assessment and management",NA,"10.1113/ep090488","2022","DeGroot D.W.","Experimental Physiology","scopus_records",2022
"Low-dose CT Perfusion with Sparse-view Filtered Back Projection in Acute Ischemic Stroke",NA,"10.1016/j.acra.2022.01.018","2022","Chung K.J.","Academic Radiology","scopus_records",2022
"Heat-Related Illness in Emergency and Critical Care: Recommendations for Recognition and Management with Medico-Legal Considerations",NA,"10.3390/biomedicines10102542","2022","Savioli G.","Biomedicines","scopus_records",2022
"Wearable Sensor Technology to Predict Core Body Temperature: A Systematic Review",NA,"10.3390/s22197639","2022","Dolson C.M.","Sensors","scopus_records",2022
"Altered cardiac β1 responsiveness in hyperthermic older adults",NA,"10.1152/ajpregu.00040.2022","2022","Fischer M.","American Journal of Physiology Regulatory Integrative and Comparative Physiology","scopus_records",2022
"The multiple facets of mitochondrial regulations controlling cellular thermogenesis",NA,"10.1007/s00018-022-04523-8","2022","Beignon F.","Cellular and Molecular Life Sciences","scopus_records",2022
"Determination of 23 related analytes in bone marrow fluid and hippocampus of C57BL/6 mice following cerebral ischemia–reperfusion injury by HPLC-FLD",NA,"10.1002/bmc.5435","2022","Zhang J.","Biomedical Chromatography","scopus_records",2022
"Protein-based polymer liquid embolics for cerebral aneurysms",NA,"10.1016/j.actbio.2022.08.003","2022","Jensen M.M.","Acta Biomaterialia","scopus_records",2022
"In Situ Regolith Seismic Velocity Measurement at the InSight Landing Site on Mars",NA,"10.1029/2022je007229","2022","Brinkman N.","Journal of Geophysical Research Planets","scopus_records",2022
"Erythrocyte aggregation in sudden flow arrest is linked to hyperthermia, hypoxemia, and band 3 availability",NA,"10.1111/jth.15821","2022","Weber-Fishkin S.","Journal of Thrombosis and Haemostasis","scopus_records",2022
"Epigenetic responses to heat: From adaptation to maladaptation",NA,"10.1113/ep090143","2022","Murray K.O.","Experimental Physiology","scopus_records",2022
"A Comprehensive Review of Pediatric Acute Encephalopathy",NA,"10.3390/jcm11195921","2022","Imataka G.","Journal of Clinical Medicine","scopus_records",2022
"Avellis syndrome with ipsilateral prosopalgia, glossopharyngeal neuralgia, and central post-stroke pain: A case report and literature review",NA,"10.1097/md.0000000000030669","2022","He S.","Medicine United States","scopus_records",2022
"IOC consensus statement on recommendations and regulations for sport events in the heat",NA,"10.1136/bjsports-2022-105942","2022","Racinais S.","British Journal of Sports Medicine","scopus_records",2022
"The application of modular multifunctional left heart bypass circuit system integrated with ultrafiltration in thoracoabdominal aortic aneurysm repair",NA,"10.3389/fcvm.2022.944287","2022","Huang L.","Frontiers in Cardiovascular Medicine","scopus_records",2022
"Association between polycyclic aromatic hydrocarbons (PAH) dietary exposure and mortality risk in the E3N cohort",NA,"10.1016/j.scitotenv.2022.156626","2022","Marques C.","Science of the Total Environment","scopus_records",2022
"Age-dependent and sex-dependent differences in mortality from influenza-associated cardiovascular diseases among older adults in Shanghai, China: a population-based study",NA,"10.1136/bmjopen-2022-061068","2022","Jin S.","BMJ Open","scopus_records",2022
"Exploring the impacts of street-level greenspace on stroke and cardiovascular diseases in Chinese adults",NA,"10.1016/j.ecoenv.2022.113974","2022","Wang R.","Ecotoxicology and Environmental Safety","scopus_records",2022
"Ameliorative effect of methanolic extract of Tribulus terrestris L. on nicotine and lead-induced degeneration of sperm quality in male rats",NA,"10.1016/j.jep.2022.115337","2022","Aldaddou W.A.","Journal of Ethnopharmacology","scopus_records",2022
"Evaluating the predictive ability of temperature-related indices on the stroke morbidity in Shenzhen, China: Under cross-validation methods framework",NA,"10.1016/j.scitotenv.2022.156425","2022","Chen S.","Science of the Total Environment","scopus_records",2022
"The relationship between air pollutant levels and aneurysmal subarachnoid hemorrhage",NA,"10.1097/md.0000000000030373","2022","Kim J.H.","Medicine United States","scopus_records",2022
"Imaging of hypochlorous acid in mitochondria using an asymmetric near-infrared fluorescent probe with large Stokes shift",NA,"10.1039/d2sc03833a","2022","Hu W.","Chemical Science","scopus_records",2022
"Air pollution and cerebrovascular disorders with special reference to Asia: An overview",NA,"10.4103/aian.aian_491_22","2022","Taimuri B.","Annals of Indian Academy of Neurology","scopus_records",2022
"Air pollution and headache disorders",NA,"10.4103/aian.aian_1138_21","2022","Garg D.","Annals of Indian Academy of Neurology","scopus_records",2022
"Air pollution and ischaemic stroke",NA,"10.4103/aian.aian_1130_21","2022","Ho J.S.Y.","Annals of Indian Academy of Neurology","scopus_records",2022
"Ambient Air Pollution and Acute Ischemic Stroke—Effect Modification by Atrial Fibrillation",NA,"10.3390/jcm11185429","2022","Tan B.Y.Q.","Journal of Clinical Medicine","scopus_records",2022
"Air pollution and intracranial hemorrhage",NA,"10.4103/aian.aian_1131_21","2022","Rui M.L.J.","Annals of Indian Academy of Neurology","scopus_records",2022
"Evaluation of the effect of air pollution on cognitive functions, cognitive decline, and dementia",NA,"10.4103/aian.aian_453_22","2022","Eren F.","Annals of Indian Academy of Neurology","scopus_records",2022
"Occupational noise exposure and risk of incident stroke: A pooled study of five Scandinavian cohorts",NA,"10.1136/oemed-2021-108053","2022","Thacher J.D.","Occupational and Environmental Medicine","scopus_records",2022
"The intra-arterial selective cooling infusion system: A mathematical temperature analysis and in vitro experiments for acute ischemic stroke therapy",NA,"10.1111/cns.13883","2022","Jiang M.","CNS Neuroscience and Therapeutics","scopus_records",2022
"Intravenous Versus Oral Acetaminophen Use in Febrile Neurocritical Care Patients",NA,"10.1089/ther.2021.0019","2022","D'eramo R.E.","Therapeutic Hypothermia and Temperature Management","scopus_records",2022
"Evaluation of urban green space per capita with new remote sensing and geographic information system techniques and the importance of urban green space during the COVID-19 pandemic",NA,"10.1007/s10661-022-10298-z","2022","Pouya S.","Environmental Monitoring and Assessment","scopus_records",2022
"High Temperatures and Cardiovascular-Related Morbidity: A Scoping Review",NA,"10.3390/ijerph191811243","2022","Cicci K.R.","International Journal of Environmental Research and Public Health","scopus_records",2022
"Associations of road traffic noise with cardiovascular diseases and mortality: Longitudinal results from UK Biobank and meta-analysis",NA,"10.1016/j.envres.2022.113129","2022","Hao G.","Environmental Research","scopus_records",2022
"The Problem of Restrictive Thrombectomy Trial Eligibility Criteria",NA,"10.1161/strokeaha.122.040006","2022","Nguyen T.N.","Stroke","scopus_records",2022
"A global comprehensive analysis of ambient low temperature and non-communicable diseases burden during 1990–2019",NA,"10.1007/s11356-022-20442-4","2022","Song J.","Environmental Science and Pollution Research","scopus_records",2022
"Effect of Temperature on Photoisomerization Dynamics of a Newly Designed Two-Stroke Light-Driven Molecular Rotary Motor",NA,"10.3390/ijms23179694","2022","Ma J.","International Journal of Molecular Sciences","scopus_records",2022
"Spreading Depolarization as a Therapeutic Target in Severe Ischemic Stroke: Physiological and Pharmacological Strategies",NA,"10.3390/jpm12091447","2022","Chau L.","Journal of Personalized Medicine","scopus_records",2022
"Brain-Lung Crosstalk: Management of Concomitant Severe Acute Brain Injury and Acute Respiratory Distress Syndrome",NA,"10.1007/s11940-022-00726-3","2022","Matin N.","Current Treatment Options in Neurology","scopus_records",2022
"A Thermo-Mechanically Robust Compliant Electrode Based on Surface Modification of Twisted and Coiled Nylon-6 Fiber for Artificial Muscle with Highly Durable Contractile Stroke",NA,"10.3390/polym14173601","2022","Yun S.","Polymers","scopus_records",2022
"Cognability: An Ecological Theory of neighborhoods and cognitive aging",NA,"10.1016/j.socscimed.2022.115220","2022","Finlay J.","Social Science and Medicine","scopus_records",2022
"Target Temperature Management Versus Normal Temperature Management for Cardiac Arrest After Traumatic Brain Injury Patient: A Meta-Analysis and Systemic Review",NA,"10.1089/ther.2022.0007","2022","Yang Z.","Therapeutic Hypothermia and Temperature Management","scopus_records",2022
"There is an urgent need for a global rural health research agenda",NA,"10.11604/pamj.2022.43.147.38189","2022","Bain L.E.","Pan African Medical Journal","scopus_records",2022
"Simple open-heart surgery protocol for sickle-cell disease patients: a retrospective cohort study comparing patients undergoing mitral valve surgery",NA,"10.1093/icvts/ivac205","2022","Epis F.","Interactive Cardiovascular and Thoracic Surgery","scopus_records",2022
"The Effectiveness of a Standardized Ice-Sheet Cooling Method Following Exertional Hyperthermia",NA,"10.1093/milmed/usac047","2022","Caldwell A.R.","Military Medicine","scopus_records",2022
"Clinical Evaluation of Exercise-Induced Physiological Changes in Military Working Dogs (MWDs) Resulting from the Use or Non-Use of Cooling Vests during Training in Moderately Hot Environments",NA,"10.3390/ani12182347","2022","Benito M.","Animals","scopus_records",2022
"Current status of open surgery for acute type A aortic dissection in Japan",NA,"10.1016/j.jtcvs.2020.09.147","2022","Okita Y.","Journal of Thoracic and Cardiovascular Surgery","scopus_records",2022
"A Platinized Carbon Fiber Microelectrode-Based Oxidase Biosensor for Amperometric Monitoring of Lactate in Brain Slices",NA,"10.3390/s22187011","2022","Dias C.","Sensors","scopus_records",2022
"The Utility of Cerebral Autoregulation Indices in Detecting Severe Brain Injury Varies by Cooling Treatment Phase in Neonates with Hypoxic-Ischemic Encephalopathy",NA,"10.1159/000522314","2022","Chen M.W.","Developmental Neuroscience","scopus_records",2022
"Predictive role of shock index in the early formation of cerebral infarction in patients with TBI and cerebral herniation",NA,"10.3389/fneur.2022.956039","2022","Hu X.","Frontiers in Neurology","scopus_records",2022
"3D printing of soft fluidic actuators with graded porosity",NA,"10.1039/d2sm00524g","2022","Willemstein N.","Soft Matter","scopus_records",2022
"3D Cube FLAIR plus HyperSense compressed sensing is superior to 2D T2WI FLAIR scanning regarding image quality, spatial resolution, detection rate for cortical microinfarcts",NA,"10.1097/md.0000000000028659","2022","Liu T.","Medicine United States","scopus_records",2022
"The underlying mechanisms of cold exposure-induced ischemic stroke",NA,"10.1016/j.scitotenv.2022.155514","2022","Chen Z.","Science of the Total Environment","scopus_records",2022
"SRflow: Deep learning based super-resolution of 4D-flow MRI data",NA,"10.3389/frai.2022.928181","2022","Shit S.","Frontiers in Artificial Intelligence","scopus_records",2022
"Development and validation of a nomogram to predict the 30-day mortality risk of patients with intracerebral hemorrhage",NA,"10.3389/fnins.2022.942100","2022","Zou J.","Frontiers in Neuroscience","scopus_records",2022
"A self-powered wearable brain-machine-interface system for real-time monitoring and regulating body temperature",NA,"10.1039/d2nr03115a","2022","Xu C.","Nanoscale","scopus_records",2022
"The links of fine airborne particulate matter exposure to occurrence of cardiovascular and metabolic diseases in Michigan, USA",NA,"10.1371/journal.pgph.0000707","2022","Shamsa E.H.","Plos Global Public Health","scopus_records",2022
"Non-invasive Brain Temperature Measurement in Acute Ischemic Stroke",NA,"10.3389/fneur.2022.889214","2022","Horn M.","Frontiers in Neurology","scopus_records",2022
"Ambient air pollution, healthy diet and vegetable intakes, and mortality: A prospective UK Biobank study",NA,"10.1093/ije/dyac022","2022","Wang M.","International Journal of Epidemiology","scopus_records",2022
"Long-term exposure to ambient fine particulate matter (PM2.5) and associations with cardiopulmonary diseases and lung cancer in Taiwan: A nationwide longitudinal cohort study",NA,"10.1093/ije/dyac082","2022","Lo W.C.","International Journal of Epidemiology","scopus_records",2022
"Modification effects of seasonal and temperature variation on the association between exposure to nitrogen dioxide and ischemic stroke onset in Shenzhen, China",NA,"10.1007/s00484-022-02315-0","2022","Tian Y.","International Journal of Biometeorology","scopus_records",2022
"Air pollution and cardiovascular diseases: A position paper",NA,"10.1016/j.repc.2022.05.006","2022","Caldeira D.","Revista Portuguesa De Cardiologia","scopus_records",2022
"Associations between short-term ambient ozone exposure and cause-specific mortality in rural and urban areas of Jiangsu, China",NA,"10.1016/j.envres.2022.113098","2022","Lin C.","Environmental Research","scopus_records",2022
"Effects of Household Air Pollution (HAP) on Cardiovascular Diseases in Low- and Middle-Income Countries (LMICs): A Systematic Review and Meta-Analysis",NA,"10.3390/ijerph19159298","2022","Adekoya A.","International Journal of Environmental Research and Public Health","scopus_records",2022
"Risk Associations between Vehicular Traffic Noise Exposure and Cardiovascular Diseases: A Residential Retrospective Cohort Study",NA,"10.3390/ijerph191610034","2022","Bustaffa E.","International Journal of Environmental Research and Public Health","scopus_records",2022
"Cerebral Blood Flow and Oxygen Delivery in Aneurysmal Subarachnoid Hemorrhage: Relation to Neurointensive Care Targets",NA,"10.1007/s12028-022-01496-1","2022","Svedung Wettervik T.","Neurocritical Care","scopus_records",2022
"Risk stratification models for stroke in patients hospitalized with COVID-19 infection",NA,"10.1016/j.jstrokecerebrovasdis.2022.106589","2022","Merkler A.E.","Journal of Stroke and Cerebrovascular Diseases","scopus_records",2022
"Physiological equivalent temperature (PET) and non-accidental, cardiovascular and respiratory disease mortality in Ahvaz, Iran",NA,"10.1007/s10653-021-01063-1","2022","Dastoorpoor M.","Environmental Geochemistry and Health","scopus_records",2022
"Lung-Based, Exosome Inhibition Mediates Systemic Impacts Following Particulate Matter Exposure",NA,"10.3390/toxics10080457","2022","Lopez K.","Toxics","scopus_records",2022
"A Call for Real-Time Bispectral Index and Electroencephalogram Monitoring in a Patient Undergoing Aortic Surgery",NA,"10.1053/j.jvca.2021.08.037","2022","Wakabayashi R.","Journal of Cardiothoracic and Vascular Anesthesia","scopus_records",2022
"Long-Term Exposure to Ozone Increases Neurological Disability after Stroke: Findings from a Nationwide Longitudinal Study in China",NA,"10.3390/biology11081216","2022","Li J.","Biology","scopus_records",2022
"Web-Based Data to Quantify Meteorological and Geographical Effects on Heat Stroke: Case Study in China",NA,"10.1029/2022gh000587","2022","Han Q.","Geohealth","scopus_records",2022
"Identification of novel biomarkers and therapeutic target candidates for stasis-heat symptom pattern of acute intracerebral hemorrhage by quantitative plasma proteomics",NA,"10.19852/j.cnki.jtcm.20220617.002","2022","Wei L.","Journal of Traditional Chinese Medicine","scopus_records",2022
"Capillaries segmentation of NIR-II images and its application in ischemic stroke",NA,"10.1016/j.compbiomed.2022.105742","2022","Hao Y.","Computers in Biology and Medicine","scopus_records",2022
"Flow characteristics and formation optimization of vortex ring air supply",NA,"10.1111/ina.13096","2022","Cao Z.","Indoor Air","scopus_records",2022
"Efficacy and safety of a sequential treatment with clearing heat and eliminating phlegm and tonifying Qi and activating blood circulation in treating acute ischemic stroke: Study protocol for a randomized controlled trial",NA,"10.19852/j.cnki.jtcm.20220617.003","2022","Zhou Z.","Journal of Traditional Chinese Medicine","scopus_records",2022
"Temperature-dependent plasticity mediates heart morphology and thermal performance of cardiac function in juvenile Atlantic salmon (Salmo salar)",NA,"10.1242/jeb.244305","2022","Muir C.A.","Journal of Experimental Biology","scopus_records",2022
"Association between noise exposure and atrial fibrillation: a meta-analysis of cohort studies",NA,"10.1007/s11356-022-21456-8","2022","Song Q.","Environmental Science and Pollution Research","scopus_records",2022
"A new causative heat supply for exertional heat stroke on runners in cold air",NA,"10.1007/s00484-022-02318-x","2022","Yuan S.","International Journal of Biometeorology","scopus_records",2022
"Study on Leakage Effect Factors of Two-Stroke Micro Free Piston Swing Engine",NA,"10.3390/mi13081314","2022","Miao S.","Micromachines","scopus_records",2022
"Blood Pressure Variability Indices for Outcome Prediction After Thrombectomy in Stroke by Using High-Resolution Data",NA,"10.1007/s12028-022-01519-x","2022","Inauen C.","Neurocritical Care","scopus_records",2022
"Improved Cardiac Function Following Ischemia Reperfusion Injury Using Exercise Preconditioning and L-Arginine Supplementation via Oxidative Stress Mitigation and Angiogenesis Amelioration",NA,"10.1007/s12012-022-09752-8","2022","Ranjbar K.","Cardiovascular Toxicology","scopus_records",2022
"Oxygen Consumption and Basal Metabolic Rate as Markers of Susceptibility to Malignant Hyperthermia and Heat Stroke",NA,"10.3390/cells11162468","2022","Serano M.","Cells","scopus_records",2022
"The neuroprotective effects of transcranial direct current stimulation on global cerebral ischemia and reperfusion via modulating apoptotic pathways",NA,"10.1016/j.brainresbull.2022.05.013","2022","Kaviannejad R.","Brain Research Bulletin","scopus_records",2022
"Technical and procedural comparison of two different cryoballoon ablation systems in patients with atrial fibrillation",NA,"10.1007/s10840-021-01035-6","2022","Knecht S.","Journal of Interventional Cardiac Electrophysiology","scopus_records",2022
"Study of Brain Circadian Rhythms in Patients with Chronic Disorders of Consciousness and Healthy Individuals Using Microwave Radiometry",NA,"10.3390/diagnostics12081777","2022","Shevelev O.A.","Diagnostics","scopus_records",2022
"Comparing the Replication Fidelity of Solid Microneedles Using Injection Compression Moulding and Conventional Injection Moulding",NA,"10.3390/mi13081280","2022","Evens T.","Micromachines","scopus_records",2022
"Accelerating susceptibility-weighted imaging with deep learning by complex-valued convolutional neural network (ComplexNet): validation in clinical brain imaging",NA,"10.1007/s00330-022-08638-1","2022","Duan C.","European Radiology","scopus_records",2022
"Prolonged Automated Robotic TCD Monitoring in Acute Severe TBI: Study Design and Rationale",NA,"10.1007/s12028-022-01483-6","2022","Mainali S.","Neurocritical Care","scopus_records",2022
"HtrA1L364P leads to cognitive dysfunction and vascular destruction through TGF-β/Smad signaling pathway in CARASIL model mice",NA,"10.1002/brb3.2691","2022","Chuanfen L.","Brain and Behavior","scopus_records",2022
"The effect of acute intradermal administration of ascorbate on heat loss responses in older adults with uncomplicated controlled hypertension",NA,"10.1113/ep090422","2022","Fujii N.","Experimental Physiology","scopus_records",2022
"Malignant Hyperthermia: A Killer If Ignored",NA,"10.1016/j.jopan.2021.08.018","2022","Bin X.","Journal of Perianesthesia Nursing","scopus_records",2022
"Cardiovascular adjustments to cold pressor test in postmenopausal women and the impact of α1-adrenergic blockade",NA,"10.1007/s10286-022-00879-w","2022","Prodel E.","Clinical Autonomic Research","scopus_records",2022
"Goldfish and crucian carp are natural models of anoxia tolerance in the retina",NA,"10.1016/j.cbpa.2022.111244","2022","Country M.W.","Comparative Biochemistry and Physiology Part A Molecular and Integrative Physiology","scopus_records",2022
"A mathematical model for predicting cardiovascular responses at rest and during exercise in demanding environmental conditions",NA,"10.1152/japplphysiol.00619.2021","2022","Lloyd A.","Journal of Applied Physiology","scopus_records",2022
"TMEM16A blockers T16Ainh-A01 and benzbromarone do not modulate the regulation of sweating and cutaneous vasodilatation in humans in vivo",NA,"10.1113/ep090521","2022","Fujii N.","Experimental Physiology","scopus_records",2022
"Ablation of Refractory Ventricular Tachycardia Using Intramyocardial Needle Delivered Heated Saline-Enhanced Radiofrequency Energy: A First-in-Man Feasibility Trial",NA,"10.1161/circep.121.010347","2022","Packer D.L.","Circulation Arrhythmia and Electrophysiology","scopus_records",2022
"Association Between Community-Level Violent Crime and Cardiovascular Mortality in Chicago: A Longitudinal Analysis",NA,"10.1161/jaha.122.025168","2022","Eberly L.A.","Journal of the American Heart Association","scopus_records",2022
"Thermal processes of miniature thermomagnetic generators in resonant self-actuation mode",NA,"10.1016/j.isci.2022.104569","2022","Joseph J.","Iscience","scopus_records",2022
"Topical Analgesic Containing Methyl Salicylate and L-Menthol Accelerates Heat Loss During Skin Cooling for Exercise-Induced Hyperthermia",NA,"10.3389/fphys.2022.945969","2022","Wang G.","Frontiers in Physiology","scopus_records",2022
"An Inexpensive Open-Source Chamber for Controlled Hypoxia/Hyperoxia Exposure",NA,"10.3389/fphys.2022.891005","2022","Hillman T.C.","Frontiers in Physiology","scopus_records",2022
"Ambient Air Pollution and Risk for Stroke Hospitalization: Impact on Susceptible Groups",NA,"10.3390/toxics10070350","2022","Chang C.H.","Toxics","scopus_records",2022
"Association of short-term exposure to ambient air pollution with mortality from ischemic and hemorrhagic stroke",NA,"10.1111/ene.15343","2022","Xu R.","European Journal of Neurology","scopus_records",2022
"Associations between ambient air pollution, meteorology, and daily hospital admissions for ischemic stroke: a time-stratified case-crossover study in Beijing",NA,"10.1007/s11356-021-18461-8","2022","Zhao Y.","Environmental Science and Pollution Research","scopus_records",2022
"Short- and long-term exposure to air pollution increases the risk of stroke",NA,"10.1177/17474930211042118","2022","Kim S.Y.","International Journal of Stroke","scopus_records",2022
"Long-term exposure to ozone and cardiovascular mortality in a large Chinese cohort",NA,"10.1016/j.envint.2022.107280","2022","Liu S.","Environment International","scopus_records",2022
"Short-term exposure to nitrogen dioxide and ischemic stroke incidence in Shenzhen, China: Modification effects by season and temperature",NA,"10.1016/j.ecoenv.2022.113644","2022","Li L.","Ecotoxicology and Environmental Safety","scopus_records",2022
"Fine particulate matter exposure aggravates ischemic injury via NLRP3 inflammasome activation and pyroptosis",NA,"10.1111/cns.13837","2022","Gao L.","CNS Neuroscience and Therapeutics","scopus_records",2022
"Issue 1 - “Update on adverse respiratory effects of outdoor air pollution”. Part 1): Outdoor air pollution and respiratory diseases: A general update and an Italian perspective",NA,"10.1016/j.pulmoe.2021.12.008","2022","De Matteis S.","Pulmonology","scopus_records",2022
"Evaluation of associations between estimates of particulate matter exposure and new onset type 2 diabetes in the REGARDS cohort",NA,"10.1038/s41370-021-00391-9","2022","McAlexander T.P.","Journal of Exposure Science and Environmental Epidemiology","scopus_records",2022
"Impacts of changes in environmental exposures and health behaviours due to the COVID-19 pandemic on cardiovascular and mental health: A comparison of Barcelona, Vienna, and Stockholm",NA,"10.1016/j.envpol.2022.119124","2022","Koch S.","Environmental Pollution","scopus_records",2022
"Risk Prediction of Central Nervous System Infection Secondary to Intraventricular Drainage in Patients with Intracerebral Hemorrhage: Development and Evaluation of a New Predictive Model Nomogram",NA,"10.1007/s43441-022-00403-2","2022","Zhang Y.","Therapeutic Innovation and Regulatory Science","scopus_records",2022
"Association between reported work in cold environments and stroke occurrence in the CONSTANCES cohort: a prospective study",NA,"10.1136/bmjopen-2021-054198","2022","Fadel M.","BMJ Open","scopus_records",2022
"Air Pollution and Its Devastating Effects on the Central Nervous System",NA,"10.3390/healthcare10071170","2022","Sîrbu C.A.","Healthcare Switzerland","scopus_records",2022
"A Novel Non-Invasive Thermometer for Continuous Core Body Temperature: Comparison with Tympanic Temperature in an Acute Stroke Clinical Setting",NA,"10.3390/s22134760","2022","Ajčević M.","Sensors","scopus_records",2022
"Cerebral consequences of environmental noise exposure",NA,"10.1016/j.envint.2022.107306","2022","Hahad O.","Environment International","scopus_records",2022
"Temperature Management in the ICU",NA,"10.1097/ccm.0000000000005556","2022","Drewry A.","Critical Care Medicine","scopus_records",2022
"Work Exposures and Development of Cardiovascular Diseases: A Systematic Review",NA,"10.1093/annweh/wxac004","2022","Moretti Anfossi C.","Annals of Work Exposures and Health","scopus_records",2022
"Imaging of the extracranial internal carotid artery in acute ischemic stroke: assessment of stenosis, plaques, and image quality using relaxation-enhanced angiography without contrast and triggering (REACT)",NA,"10.21037/qims-21-1122","2022","Hoyer U.C.I.","Quantitative Imaging in Medicine and Surgery","scopus_records",2022
"Simple Eco-Friendly RP-LC Method for the Synchronous Separation of Six Widely Used Drugs in the Treatment of Cerebrovascular and Vestibular Disorders: Application for Analysis in Their Single and Combined Drug Products",NA,"10.1093/jaoacint/qsac021","2022","El-Houssini O.M.","Journal of AOAC International","scopus_records",2022
"The Neuroanatomy of Speech Processing: A Large-scale Lesion Study",NA,"10.1162/jocn_a_01876","2022","Rogalsky C.","Journal of Cognitive Neuroscience","scopus_records",2022
"Initial clinical experience of pulmonary vein isolation using the ultra-low temperature cryoablation catheter for patients with atrial fibrillation",NA,"10.1111/jce.15519","2022","Tohoku S.","Journal of Cardiovascular Electrophysiology","scopus_records",2022
"Efficiency of three cooling methods for hyperthermic military personnel linked to water availability",NA,"10.1016/j.apergo.2022.103700","2022","Klous L.","Applied Ergonomics","scopus_records",2022
"Electroencephalogram-Based Motor Imagery Signals Classification Using a Multi-Branch Convolutional Neural Network Model with Attention Blocks",NA,"10.3390/bioengineering9070323","2022","Altuwaijri G.A.","Bioengineering","scopus_records",2022
"Cold allodynia is correlated to paroxysmal and evoked mechanical pain in complex regional pain syndrome (CRPS)",NA,"10.1515/sjpain-2021-0208","2022","Lunden L.K.","Scandinavian Journal of Pain","scopus_records",2022
"Semi-automatic data annotation based on feature-space projection and local quality metrics: An application to cerebral emboli characterization",NA,"10.1016/j.media.2022.102437","2022","Vindas Y.","Medical Image Analysis","scopus_records",2022
"Differentiating the effects of air pollution on daily mortality counts and years of life lost in six Chinese megacities",NA,"10.1016/j.scitotenv.2022.154037","2022","Tian F.","Science of the Total Environment","scopus_records",2022
"Analysis of Clinical Symptoms of Guillain–Barré Syndrome Induced by Heat Stroke: Three Case Reports and Literature Review",NA,"10.3389/fneur.2022.910596","2022","Ni X.X.","Frontiers in Neurology","scopus_records",2022
"Predictive role of modifiable factors in stroke: an umbrella review",NA,"10.1136/bmjopen-2021-056680","2022","Wang X.","BMJ Open","scopus_records",2022
"The global burden of disease attributable to ambient fine particulate matter in 204 countries and territories, 1990–2019: A systematic analysis of the Global Burden of Disease Study 2019",NA,"10.1016/j.ecoenv.2022.113588","2022","Sang S.","Ecotoxicology and Environmental Safety","scopus_records",2022
"Effect of apparent temperature on hospitalization from a spectrum of cardiovascular diseases in rural residents in Fujian, China",NA,"10.1016/j.envpol.2022.119101","2022","Zhan Z.Y.","Environmental Pollution","scopus_records",2022
"Association of Ambient Particulate Matter Pollution of Different Sizes With In-Hospital Case Fatality Among Stroke Patients in China",NA,"10.1212/wnl.0000000000200546","2022","Cai M.","Neurology","scopus_records",2022
"Association of White Blood Cell Count With Clinical Outcome Independent of Treatment With Alteplase in Acute Ischemic Stroke",NA,"10.3389/fneur.2022.877367","2022","Barow E.","Frontiers in Neurology","scopus_records",2022
"Noise modelling of perfusion CT images for robust hemodynamic parameter estimations",NA,"10.1088/1361-6560/ac6d9b","2022","Li S.","Physics in Medicine and Biology","scopus_records",2022
"Impact of Body Temperature in Patients With Acute Basilar Artery Occlusion: Analysis of the BASILAR Database",NA,"10.3389/fneur.2022.907410","2022","Zhang W.","Frontiers in Neurology","scopus_records",2022
"Motor Signatures in Digitized Cognitive and Memory Tests Enhances Characterization of Parkinson’s Disease",NA,"10.3390/s22124434","2022","Ryu J.","Sensors","scopus_records",2022
"Association between atmospheric particulate matter and emergency room visits for cerebrovascular disease in Beijing, China",NA,"10.1007/s40201-021-00776-w","2022","Cheng B.","Journal of Environmental Health Science and Engineering","scopus_records",2022
"Ambient air pollution and cardiovascular diseases: An umbrella review of systematic reviews and meta-analyses",NA,"10.1111/joim.13467","2022","de Bont J.","Journal of Internal Medicine","scopus_records",2022
"Acute effect of air pollutants’ peak-hour concentrations on ischemic stroke hospital admissions among hypertension patients in Beijing, China, from 2014 to 2018",NA,"10.1007/s11356-021-18208-5","2022","Zhao Z.","Environmental Science and Pollution Research","scopus_records",2022
"Incident cardiovascular disease and long-term exposure to source-specific air pollutants in a Swedish cohort",NA,"10.1016/j.envres.2022.112698","2022","Carlsen H.K.","Environmental Research","scopus_records",2022
"Metalworking Fluid Exposure and Stroke Mortality among US Autoworkers",NA,"10.1093/aje/kwac002","2022","Elser H.","American Journal of Epidemiology","scopus_records",2022
"Long-term exposure to ozone and cardiovascular mortality in China: a nationwide cohort study",NA,"10.1016/s2542-5196(22)00093-6","2022","Niu Y.","Lancet Planetary Health","scopus_records",2022
"A Novel Rodent Model of Hypertensive Cerebral Small Vessel Disease with White Matter Hyperintensities and Peripheral Oxidative Stress",NA,"10.3390/ijms23115915","2022","Guy R.","International Journal of Molecular Sciences","scopus_records",2022
"Drinking water magnesium and cardiovascular mortality: A cohort study in Denmark, 2005–2016",NA,"10.1016/j.envint.2022.107277","2022","Theisen C.F.","Environment International","scopus_records",2022
"Cerebral infarction after cardiac surgery",NA,"10.1002/ibra.12046","2022","Wei S.","Ibrain","scopus_records",2022
"What is the impact of head movement on automated CT perfusion mismatch evaluation in acute ischemic stroke?",NA,"10.1136/neurintsurg-2021-017510","2022","Potreck A.","Journal of Neurointerventional Surgery","scopus_records",2022
"Virtual monoenergetic dual-energy CT reconstructions at 80 keV are optimal non-contrast CT technique for early stroke detection",NA,"10.1177/19714009211047449","2022","Dodig D.","Neuroradiology Journal","scopus_records",2022
"A novel use of time separation technique to improve flat detector CT perfusion imaging in stroke patients",NA,"10.1002/mp.15640","2022","Kulvait V.","Medical Physics","scopus_records",2022
"Neuroprotective Effects of Pharmacological Hypothermia on Hyperglycolysis and Gluconeogenesis in Rats after Ischemic Stroke",NA,"10.3390/biom12060851","2022","Guan L.","Biomolecules","scopus_records",2022
"Post-ischemia common carotid artery occlusion worsens memory loss, but not sensorimotor deficits, in long-term survived stroke mice",NA,"10.1016/j.brainresbull.2022.03.008","2022","Yang Z.","Brain Research Bulletin","scopus_records",2022
"Radon exposure and risk of cerebrovascular disease: a systematic review and meta-analysis in occupational and general population studies",NA,"10.1007/s11356-022-20241-x","2022","Lu L.","Environmental Science and Pollution Research","scopus_records",2022
"The blood heat exchanger in intra-arterial selective cooling infusion for acute ischemic stroke: A computational fluid-thermodynamics performance, experimental assessment and evaluation on the brain temperature",NA,"10.1016/j.compbiomed.2022.105497","2022","Jiang M.","Computers in Biology and Medicine","scopus_records",2022
"Mortality from various diseases of the circulatory system in the Russian Mayak nuclear worker cohort: 1948-2018",NA,"10.1088/1361-6498/ac4ae3","2022","Azizova T.V.","Journal of Radiological Protection","scopus_records",2022
"Cerebrovascular segmentation in phase-contrast magnetic resonance angiography by multi-feature fusion and vessel completion",NA,"10.1016/j.compmedimag.2022.102070","2022","Chen C.","Computerized Medical Imaging and Graphics","scopus_records",2022
"Heat exposure and cardiovascular health outcomes: a systematic review and meta-analysis",NA,"10.1016/s2542-5196(22)00117-6","2022","Liu J.","Lancet Planetary Health","scopus_records",2022
"Numerical study of different shape design of piston bowl for diesel engine combustion in a light duty single-cylinder engine",NA,"10.1016/j.heliyon.2022.e09602","2022","Deresso H.","Heliyon","scopus_records",2022
"Proper Recognition and Management of Exertional Heat Stroke in a High School Cross-Country Runner: A Validation Clinical Case Report",NA,"10.4085/1062-6050-0462.21","2022","Garrett B.","Journal of Athletic Training","scopus_records",2022
"Heat stress morbidity among US military personnel: Daily exposure and lagged response (1998–2019)",NA,"10.1007/s00484-022-02269-3","2022","Lewandowski S.A.","International Journal of Biometeorology","scopus_records",2022
"Association between Breast Cancer and Second Primary Lung Cancer among the Female Population in Taiwan: A Nationwide Population-Based Cohort Study",NA,"10.3390/cancers14122977","2022","Lin F.W.","Cancers","scopus_records",2022
"5S Study: Safe and Simple Single Shot Pulmonary Vein Isolation With Pulsed Field Ablation Using Sedation",NA,"10.1161/circep.121.010817","2022","Schmidt B.","Circulation Arrhythmia and Electrophysiology","scopus_records",2022
"A Rapidly Accumulating Effusion in an Immunocompetent Woman",NA,"10.1016/j.chest.2021.12.665","2022","Kattih Z.","Chest","scopus_records",2022
"Spatial Pattern and Land Surface Features Associated with Cloud-to-Ground Lightning in Bangladesh: An Exploratory Study",NA,"10.1007/s41748-022-00310-4","2022","Dewan A.","Earth Systems and Environment","scopus_records",2022
"Staying Cool in Space: A Review of Therapeutic Hypothermia and Potential Application for Space Medicine",NA,"10.1089/ther.2020.0041","2022","Rosahl S.C.","Therapeutic Hypothermia and Temperature Management","scopus_records",2022
"Monitoring Protein Denaturation of Egg White Using Passive Microwave Radiometry (MWR)",NA,"10.3390/diagnostics12061498","2022","Goryanin I.","Diagnostics","scopus_records",2022
"Ultrasound-Guided Intravascular Sonothrombolysis With a Dual Mode Ultrasound Catheter: In Vitro Study",NA,"10.1109/tuffc.2022.3153929","2022","Wu H.","IEEE Transactions on Ultrasonics Ferroelectrics and Frequency Control","scopus_records",2022
"Review of HPLC–MS methods for the analysis of nicotine and its active metabolite cotinine in various biological matrices",NA,"10.1002/bmc.5351","2022","Jin S.","Biomedical Chromatography","scopus_records",2022
"Clostridium difficile Infection Does Not Impact Outcomes in Stroke Patients",NA,"10.1097/nrl.0000000000000404","2022","Brown R.J.","Neurologist","scopus_records",2022
"Procedural and Methodological Quality in Preclinical Stroke Research–A Cohort Analysis of the Rat MCAO Model Comparing Periods Before and After the Publication of STAIR/ARRIVE",NA,"10.3389/fneur.2022.834003","2022","Friedrich J.","Frontiers in Neurology","scopus_records",2022
"Effects of the COVID-19 Lockdown on Air Pollutant Levels and Associated Reductions in Ischemic Stroke Incidence in Shandong Province, China",NA,"10.3389/fpubh.2022.876615","2022","Wu H.","Frontiers in Public Health","scopus_records",2022
"Discovering Key Topics in Emergency Medical Dispatch from Free Text Dispatcher Observations",NA,"10.3233/shti220607","2022","Ferri P.","Studies in Health Technology and Informatics","scopus_records",2022
"Indoor solid fuel use for cooking and the risk of incidental non-fatal cardiovascular disease among middle-aged and elderly Chinese adults: a prospective cohort study",NA,"10.1136/bmjopen-2021-054170","2022","Ji H.","BMJ Open","scopus_records",2022
"Effects of Fine Particulate Matter on Cardiovascular Disease Morbidity: A Study on Seven Metropolitan Cities in South Korea",NA,"10.3389/ijph.2022.1604389","2022","Cho E.","International Journal of Public Health","scopus_records",2022
"Green space and cardiovascular disease: A systematic review with meta-analysis",NA,"10.1016/j.envpol.2022.118990","2022","Liu X.X.","Environmental Pollution","scopus_records",2022
"Burden of diseases attributed to traffic noise in the metropolis of Tehran in 2017",NA,"10.1016/j.envpol.2022.119042","2022","Shamsipour M.","Environmental Pollution","scopus_records",2022
"Electroencephalographic Measurement on Post-stroke Sensory Deficiency in Response to Non-painful Cold Stimulation",NA,"10.3389/fnagi.2022.866272","2022","Huang Y.","Frontiers in Aging Neuroscience","scopus_records",2022
"Classification of ballpoint pen inks based on selective extraction and subsequent digital color and cluster analyses",NA,"10.1039/d2an00482h","2022","Kalinichev A.V.","Analyst","scopus_records",2022
"Long-term exposure to road traffic noise and all-cause and cause-specific mortality: a Danish Nurse Cohort study",NA,"10.1016/j.scitotenv.2022.153057","2022","Cole-Hunter T.","Science of the Total Environment","scopus_records",2022
"Cohort-based long-term ozone exposure-associated mortality risks with adjusted metrics: A systematic review and meta-analysis",NA,"10.1016/j.xinn.2022.100246","2022","Sun H.Z.","Innovation","scopus_records",2022
"Development and Validation of a Clinical-Based Signature to Predict the 90-Day Functional Outcome for Spontaneous Intracerebral Hemorrhage",NA,"10.3389/fnagi.2022.904085","2022","Huang X.","Frontiers in Aging Neuroscience","scopus_records",2022
"Self-regulated non-reciprocal motions in single-material microstructures",NA,"10.1038/s41586-022-04561-z","2022","Li S.","Nature","scopus_records",2022
"Short-term effects of particulate matter on cardiovascular morbidity in Italy: a national analysis",NA,"10.1093/eurjpc/zwaa084","2022","Stafoggia M.","European Journal of Preventive Cardiology","scopus_records",2022
"Long-term nitrogen dioxide exposure and cause-specific mortality in the U.S. Medicare population",NA,"10.1016/j.envres.2021.112154","2022","Eum K.D.","Environmental Research","scopus_records",2022
"Aneurysmal Subarachnoid Hemorrhage during the Shutdown for COVID-19",NA,"10.3390/jcm11092555","2022","Güresir E.","Journal of Clinical Medicine","scopus_records",2022
"Cerebrovascular Disease Mortality after occupational Radiation Exposure among the UK National Registry for Radiation Workers Cohort",NA,"10.1667/rade-20-00204.1","2022","Hinksman C.A.","Radiation Research","scopus_records",2022
"Can weather help explain 'why now?': The potential role of hourly temperature as a stroke trigger",NA,"10.1016/j.envres.2021.112229","2022","Rowland S.T.","Environmental Research","scopus_records",2022
"Cause-specific cardiovascular disease mortality attributable to ambient temperature: A time-stratified case-crossover study in Jiangsu province, China",NA,"10.1016/j.ecoenv.2022.113498","2022","Xu R.","Ecotoxicology and Environmental Safety","scopus_records",2022
"Novel Electrode Placement in Electrical Bioimpedance-Based Stroke Detection: Effects on Current Penetration and Injury Characterization in a Finite Element Model",NA,"10.1109/tbme.2021.3129734","2022","Bronk T.S.","IEEE Transactions on Biomedical Engineering","scopus_records",2022
"Public health approach of Unani medicine to cope and stay safe in hot environmental conditions",NA,"10.1515/jbcpp-2020-0296","2022","Khan T.N.","Journal of Basic and Clinical Physiology and Pharmacology","scopus_records",2022
"Potential of Stroke Imaging Using a New Prototype of Low-Field MRI: A Prospective Direct 0.55 T/1.5 T Scanner Comparison",NA,"10.3390/jcm11102798","2022","Rusche T.","Journal of Clinical Medicine","scopus_records",2022
"Risk factors for incident cardiovascular events among adults in low- and middle-income countries: A systematic review and meta-analysis of prospective cohort studies",NA,"10.1016/j.ypmed.2022.107036","2022","Birhanu M.M.","Preventive Medicine","scopus_records",2022
"Body Anthropometric Characteristics and Rectal Temperature Cooling Rates in Women With Hyperthermia",NA,"10.4085/1062-6050-225-20","2022","Koenig F.S.","Journal of Athletic Training","scopus_records",2022
"Impact of Startling Acoustic Stimuli on Word Repetition in Individuals With Aphasia and Apraxia of Speech Following Stroke",NA,"10.1044/2022_jslhr-21-00486","2022","Swann Z.","Journal of Speech Language and Hearing Research","scopus_records",2022
"Atrial Fibrillation Detection and Atrial Fibrillation Burden Estimation via Wearables",NA,"10.1109/jbhi.2021.3131984","2022","Zhu L.","IEEE Journal of Biomedical and Health Informatics","scopus_records",2022
"Antihyperthermic Treatment in the Management of Malignant Infarction of the Middle Cerebral Artery",NA,"10.3390/jcm11102874","2022","Alonso-Alonso M.L.","Journal of Clinical Medicine","scopus_records",2022
"Atrial fibrillation detection using ambulatory smartwatch photoplethysmography and validation with simultaneous holter recording",NA,"10.1016/j.ahj.2022.02.002","2022","Chang P.C.","American Heart Journal","scopus_records",2022
"Virtual injections using 4D flow MRI with displacement corrections and constrained probabilistic streamlines",NA,"10.1002/mrm.29134","2022","Roberts G.S.","Magnetic Resonance in Medicine","scopus_records",2022
"High-Fat Diet Impairs Muscle Function and Increases the Risk of Environmental Heatstroke in Mice",NA,"10.3390/ijms23095286","2022","Serano M.","International Journal of Molecular Sciences","scopus_records",2022
"Wireless Micro Soft Actuator without Payloads Using 3D Helical Coils",NA,"10.3390/mi13050799","2022","Lee S.","Micromachines","scopus_records",2022
"Impact of Multi-Component Surrogates on the Performances, Pollutants, and Exergy of IC Engines",NA,"10.3390/e24050671","2022","Mondo K.","Entropy","scopus_records",2022
"Fatal pediatric hyperthermia: A forensic review",NA,"10.1111/1556-4029.14989","2022","Bushong L.C.","Journal of Forensic Sciences","scopus_records",2022
"The combined effects of exercise-induced muscle damage and heat stress on acute kidney stress and heat strain during subsequent endurance exercise",NA,"10.1007/s00421-022-04919-1","2022","Li Z.","European Journal of Applied Physiology","scopus_records",2022
"A Case Report of Subcutaneously Injected Liposomal Cannabidiol Formulation Used as a Compassion Therapy for Pain Management in a Dog",NA,"10.3389/fvets.2022.892306","2022","Shilo-Benjamini Y.","Frontiers in Veterinary Science","scopus_records",2022
"The Complex Relationship Between Cooling Parameters and Neuroprotection in a Model of Selective Hypothermia",NA,"10.3389/fneur.2022.874701","2022","Mattingly T.K.","Frontiers in Neurology","scopus_records",2022
"Athlete Medical Services at the Marathon and Race Walking Events During Tokyo 2020 Olympics",NA,"10.3389/fspor.2022.872475","2022","Sugawara M.","Frontiers in Sports and Active Living","scopus_records",2022
"The association between ozone and ischemic stroke morbidity among patients with type 2 diabetes in Beijing, China",NA,"10.1016/j.scitotenv.2021.151733","2022","Liu X.","Science of the Total Environment","scopus_records",2022
"Analysis of heat stress and heat wave in the four metropolitan cities of India in recent period",NA,"10.1016/j.scitotenv.2021.151788","2022","Kumar P.","Science of the Total Environment","scopus_records",2022
"Joint associations between neighborhood walkability, greenness, and particulate air pollution on cardiovascular mortality among adults with a history of stroke or acute myocardial infarction",NA,"10.1097/ee9.0000000000000200","2022","Liao N.S.","Environmental Epidemiology","scopus_records",2022
"Relationship between diurnal temperature range and emergency ambulance dispatches due to stroke in Guangzhou, China",NA,"10.1016/j.scitotenv.2022.153037","2022","Wang R.","Science of the Total Environment","scopus_records",2022
"Addition of in-Play Cooling Breaks during Intermittent Exercise while Wearing Lacrosse Uniforms in the Heat Attenuates Increases in Rectal Temperature",NA,"10.2478/hukin-2022-0037","2022","Osakabe J.","Journal of Human Kinetics","scopus_records",2022
"A novel global ischemia-reperfusion rat model with asymmetric brain damage simulating post-cardiac arrest brain injury",NA,"10.1016/j.jneumeth.2022.109554","2022","Choi E.S.","Journal of Neuroscience Methods","scopus_records",2022
"Visceral Adiposity and Risk of Stroke: A Mendelian Randomization Study",NA,"10.3389/fneur.2022.804851","2022","Xu R.","Frontiers in Neurology","scopus_records",2022
"Somatosensory Cortex Repetitive Transcranial Magnetic Stimulation and Associative Sensory Stimulation of Peripheral Nerves Could Assist Motor and Sensory Recovery After Stroke",NA,"10.3389/fnhum.2022.860965","2022","de Freitas Zanona A.","Frontiers in Human Neuroscience","scopus_records",2022
"Synthesis and Development of a Novel First-in-Class Cofilin Inhibitor for Neuroinflammation in Hemorrhagic Brain Injury",NA,"10.1021/acschemneuro.2c00010","2022","Alaqel S.I.","ACS Chemical Neuroscience","scopus_records",2022
"Progress in health among regions of Ethiopia, 1990–2019: a subnational country analysis for the Global Burden of Disease Study 2019",NA,"10.1016/s0140-6736(21)02868-3","2022","Misganaw A.","Lancet","scopus_records",2022
"Associations of long-term exposure to fine particulate matter and its constituents with cardiovascular mortality: A prospective cohort study in China",NA,"10.1016/j.envint.2022.107156","2022","Liang R.","Environment International","scopus_records",2022
"The cardiovascular effects of air pollution: Prevention and reversal by pharmacological agents",NA,"10.1016/j.pharmthera.2021.107996","2022","Miller M.R.","Pharmacology and Therapeutics","scopus_records",2022
"Relationships between long-term residential exposure to total environmental noise and stroke incidence",NA,"10.4103/nah.nah_34_21","2022","Yankoty L.I.","Noise and Health","scopus_records",2022
"Solid fuel use, socioeconomic indicators and risk of cardiovascular diseases and all-cause mortality: A prospective cohort study in a rural area of Sichuan, China",NA,"10.1093/ije/dyab191","2022","Qiu S.","International Journal of Epidemiology","scopus_records",2022
"Why hospital design matters: A narrative review of built environments research relevant to stroke care",NA,"10.1177/17474930211042485","2022","Bernhardt J.","International Journal of Stroke","scopus_records",2022
"Predictive factors for bone flap infection after cranioplasty",NA,"10.1016/j.jocn.2022.02.020","2022","Tabata S.","Journal of Clinical Neuroscience","scopus_records",2022
"Toward automated segmentation for acute ischemic stroke using non-contrast computed tomography",NA,"10.1007/s11548-022-02570-x","2022","Lin S.Y.","International Journal of Computer Assisted Radiology and Surgery","scopus_records",2022
"Shengmai Yin alleviated plaque vulnerability and ischemic myocardial damage in diesel exhaust particle-aggravated atherosclerosis with myocardial ischemia",NA,"10.1016/j.ecoenv.2022.113379","2022","Qu S.","Ecotoxicology and Environmental Safety","scopus_records",2022
"Design and Nonadiabatic Photoisomerization Dynamics Study of a Three-Stroke Light-Driven Molecular Rotary Motor",NA,"10.3390/ijms23073908","2022","Ma J.","International Journal of Molecular Sciences","scopus_records",2022
"Evaluating the Efficacy of the National Early Warning Score in Predicting the Mortality of Stroke Patients Admitted to Intensive Care Units",NA,"10.5812/aapm-116358","2022","Erdi A.M.","Anesthesiology and Pain Medicine","scopus_records",2022
"Association between El Niño-Southern Oscillation events and stroke: a case-crossover study in Kaunas city, Lithuania, 2000–2015",NA,"10.1007/s00484-021-02235-5","2022","Vaičiulis V.","International Journal of Biometeorology","scopus_records",2022
"Reversible Hydration Composite Films for Evaporative Perspiration Control and Heat Stress Management",NA,"10.1002/smll.202107636","2022","Yang J.","Small","scopus_records",2022
"USPIO-SWI Shows Fingolimod Enhanced Alteplase Action on Angiographic Reperfusion in eMCAO Rats",NA,"10.1002/jmri.27914","2022","Fu Y.","Journal of Magnetic Resonance Imaging","scopus_records",2022
"Nonadiabatic coupled-qubit Otto cycle with bidirectional operation and efficiency gains",NA,"10.1103/physreve.105.044120","2022","Cherubim C.","Physical Review E","scopus_records",2022
"Skin temperature measurement in individuals with spinal cord injury during and after exercise: Systematic review",NA,"10.1016/j.jtherbio.2021.103146","2022","Sanchez-Jimenez J.L.","Journal of Thermal Biology","scopus_records",2022
"The effect of water temperature on orthostatic tolerance: a randomised crossover trial",NA,"10.1007/s10286-022-00860-7","2022","Parsons I.T.","Clinical Autonomic Research","scopus_records",2022
"Controlled temperatures in cold preservation provides safe heart transplantation results",NA,"10.1111/jocs.16243","2022","Bitargil M.","Journal of Cardiac Surgery","scopus_records",2022
"Associations of Vasopressor Requirements With Echocardiographic Parameters After Out-of-Hospital Cardiac Arrest",NA,"10.1177/0885066621998936","2022","Tabi M.","Journal of Intensive Care Medicine","scopus_records",2022
"Correction to: Relationship Between Body Temperature and Early Neurological Deterioration after Endovascular Thrombectomy for Acute Ischemic Stroke with Large Vessel Occlusion (Neurocritical Care, (2022), 10.1007/s12028-021-01416-9)",NA,"10.1007/s12028-022-01451-0","2022","Luo Y.","Neurocritical Care","scopus_records",2022
"Construction of a nomogram to reveal the prognostic benefit of spontaneous intracranial hemorrhage among Chinese adults: a population-based study",NA,"10.1007/s10072-021-05684-3","2022","Zhang G.J.","Neurological Sciences","scopus_records",2022
"Unilateral versus bilateral cerebral perfusion during aortic surgery for acute type A aortic dissection: a multicentre study",NA,"10.1093/ejcts/ezab341","2022","Piperata A.","European Journal of Cardio Thoracic Surgery","scopus_records",2022
"Vibration, acoustic and emission characteristics of the chlorella vulgaris microalgae oil in compression ignition engine to mitigate environmental pollution",NA,"10.1016/j.chemosphere.2021.133475","2022","Sangeetha M.","Chemosphere","scopus_records",2022
"Early post-discharge mortality in CAP: frequency, risk factors and a prediction tool",NA,"10.1007/s10096-022-04416-5","2022","Glöckner V.","European Journal of Clinical Microbiology and Infectious Diseases","scopus_records",2022
"CAFT: a deep learning-based comprehensive abdominal fat analysis tool for large cohort studies",NA,"10.1007/s10334-021-00946-9","2022","Bhanu P.K.","Magnetic Resonance Materials in Physics Biology and Medicine","scopus_records",2022
"An Intensity-dependent Slow Component of HR Interferes with Accurate Exercise Implementation in Postmenopausal Women",NA,"10.1249/mss.0000000000002835","2022","Teso M.","Medicine and Science in Sports and Exercise","scopus_records",2022
"The Falls Efficacy Scale International is a valid measure to assess the concern about falling and its changes induced by treatments",NA,"10.1177/02692155211062110","2022","Caronni A.","Clinical Rehabilitation","scopus_records",2022
"Climatic influences on cardiovascular diseases",NA,"10.4330/wjc.v14.i3.152","2022","Abrignani M.G.","World Journal of Cardiology","scopus_records",2022
"Acceleration of pCASL-Based Cerebral 4D MR Angiography Using Compressed SENSE: A Comparison With SENSE",NA,"10.3389/fneur.2022.796271","2022","Wang M.","Frontiers in Neurology","scopus_records",2022
"An assessment of agricultural waste cellulosic biofuel for improved combustion and emission characteristics",NA,"10.1016/j.scitotenv.2021.152418","2022","Ge S.","Science of the Total Environment","scopus_records",2022
"Aortic Balloon Occlusion Technique Does Not Improve Peri-Operative Outcomes for Acute Type A Acute Aortic Dissection Patients With Lower Body Malperfusion",NA,"10.3389/fcvm.2022.835896","2022","Tong G.","Frontiers in Cardiovascular Medicine","scopus_records",2022
"Association of short-term exposure to air pollution with recurrent ischemic cerebrovascular events in older adults",NA,"10.1016/j.ijheh.2022.113925","2022","Xu R.","International Journal of Hygiene and Environmental Health","scopus_records",2022
"Air pollution and surrounding greenness in relation to ischemic stroke: A population-based cohort study",NA,"10.1016/j.envint.2022.107147","2022","Avellaneda-Gómez C.","Environment International","scopus_records",2022
"Ambient air pollution and the risk of acute myocardial infarction and stroke: A national cohort study",NA,"10.1016/j.envres.2021.111975","2022","Olaniyan T.","Environmental Research","scopus_records",2022
"Characteristics and health risk assessment of fine particulate matter and surface ozone: results from Bengaluru, India",NA,"10.1007/s10661-022-09852-6","2022","Prabhu V.","Environmental Monitoring and Assessment","scopus_records",2022
"Impact of weather and pollution on the rate of cerebrovascular events in a large metropolitan area",NA,"10.23736/s0031-0808.21.04525-0","2022","VERSACI F.","Panminerva Medica","scopus_records",2022
"Differential associations of particle size ranges and constituents with stroke emergency-room visits in Shanghai, China",NA,"10.1016/j.ecoenv.2022.113237","2022","Zhang Y.","Ecotoxicology and Environmental Safety","scopus_records",2022
"Time series analysis of short-term effects of particulate matter pollution on the circulatory system disease mortality risk in Lishui District, China",NA,"10.1007/s11356-021-17095-0","2022","Zhou X.","Environmental Science and Pollution Research","scopus_records",2022
"Long-term exposure to air pollution and COVID-19 incidence: A prospective study of residents in the city of Varese, Northern Italy",NA,"10.1136/oemed-2021-107833","2022","Veronesi G.","Occupational and Environmental Medicine","scopus_records",2022
"Using Distributed Lag Non-Linear Models to Estimate Exposure Lag-Response Associations between Long-Term Air Pollution Exposure and Incidence of Cardiovascular Disease",NA,"10.3390/ijerph19052630","2022","Kriit H.K.","International Journal of Environmental Research and Public Health","scopus_records",2022
"Association of ambient air pollution with risk of hemorrhagic stroke: A time-stratified case crossover analysis of the Singapore stroke registry",NA,"10.1016/j.ijheh.2021.113908","2022","Ho A.F.W.","International Journal of Hygiene and Environmental Health","scopus_records",2022
"Neuroinflammatory and Neurometabolomic Consequences from Inhaled Wildfire Smoke-Derived Particulate Matter in the Western United States",NA,"10.1093/toxsci/kfab147","2022","Scieszka D.","Toxicological Sciences","scopus_records",2022
"Effects of ambient air pollutants on hospital admissions and deaths for cardiovascular diseases: a time series analysis in Tehran",NA,"10.1007/s11356-021-17051-y","2022","Motesaddi Zarandi S.","Environmental Science and Pollution Research","scopus_records",2022
"Comparison of health outcomes from heat-related injuries by National Weather Service reported heat wave days and non-heat wave days — Illinois, 2013–2019",NA,"10.1007/s00484-021-02218-6","2022","Abasilim C.","International Journal of Biometeorology","scopus_records",2022
"Letter to the editor regarding, “The effect of occupational exposure to noise on ischaemic heart disease, stroke and hypertension: A systematic review and meta-analysis from the WHO/ILO joint estimates of the work-related burden of disease and injury”",NA,"10.1016/j.envint.2022.107104","2022","Bolm-Audorff U.","Environment International","scopus_records",2022
"Response to Letter to the Editor Regarding “The effect of occupational exposure to noise on ischaemic heart disease, stroke and hypertension: A systematic review and meta-analysis From the WHO/ILO Joint Estimates of the Work-Related Burden of Disease and Injury”",NA,"10.1016/j.envint.2022.107105","2022","Teixeira L.","Environment International","scopus_records",2022
"Incidence risks for cerebrovascular diseases and types of stroke in a cohort of Mayak PA workers",NA,"10.1007/s00411-022-00966-6","2022","Azizova T.V.","Radiation and Environmental Biophysics","scopus_records",2022
"The Allure of Big Data to Improve Stroke Outcomes: Review of Current Literature",NA,"10.1007/s11910-022-01180-z","2022","Olaiya M.T.","Current Neurology and Neuroscience Reports","scopus_records",2022
"Using medical microwave radiometry for brain temperature measurements",NA,"10.1016/j.drudis.2021.11.004","2022","Shevelev O.","Drug Discovery Today","scopus_records",2022
"Traditional Town Houses in Kyoto, Japan: Present and Future",NA,"10.3390/en15051913","2022","Iba C.","Energies","scopus_records",2022
"Signal from the noise: A mixed graphical and quantitative process mining approach to evaluate care pathways applied to emergency stroke care",NA,"10.1016/j.jbi.2022.104004","2022","Noshad M.","Journal of Biomedical Informatics","scopus_records",2022
"Assessment of Neurological Status in Patients with Cerebrovascular Diseases through the Nursing Outcome Classification: A Methodological Study",NA,"10.3390/nursrep12010016","2022","de Lima D.U.","Nursing Reports","scopus_records",2022
"Nitric oxide contributes to cerebrovascular shear-mediated dilatation but not steady-state cerebrovascular reactivity to carbon dioxide",NA,"10.1113/jp282427","2022","Hoiland R.L.","Journal of Physiology","scopus_records",2022
"Health impact assessment of transportation noise in two Estonian cities",NA,"10.1016/j.envres.2021.112319","2022","Veber T.","Environmental Research","scopus_records",2022
"Stock market fluctuation and stroke incidence: A time series study in Eastern China",NA,"10.1016/j.socscimed.2022.114757","2022","Li F.","Social Science and Medicine","scopus_records",2022
"QQ-NET – using deep learning to solve quantitative susceptibility mapping and quantitative blood oxygen level dependent magnitude (QSM+qBOLD or QQ) based oxygen extraction fraction (OEF) mapping",NA,"10.1002/mrm.29057","2022","Cho J.","Magnetic Resonance in Medicine","scopus_records",2022
"Safety Time and Optimal Temperature of Unilateral Antegrade Cerebral Perfusion in Acute Type A Aortic Dissection: A Single-Center 15-Year Experience",NA,"10.6515/acs.202203_38(2).20211113a","2022","Tsai M.T.","Acta Cardiologica Sinica","scopus_records",2022
"Spatial complexity method for tracking brain development and degeneration using functional near-infrared spectroscopy",NA,"10.1364/boe.449341","2022","Liang Z.","Biomedical Optics Express","scopus_records",2022
"Beneficial Effects of Dietary Nitrite on a Model of Nonalcoholic Steatohepatitis Induced by High-Fat/High-Cholesterol Diets in SHRSP5/Dmcr Rats: A Preliminary Study",NA,"10.3390/ijms23062931","2022","Sonoda K.","International Journal of Molecular Sciences","scopus_records",2022
"Effect of live-fire training on ventricular-vascular coupling",NA,"10.1007/s00421-021-04859-2","2022","Hibner B.A.","European Journal of Applied Physiology","scopus_records",2022
"Blanket temperature during therapeutic hypothermia and outcomes in hypoxic ischemic encephalopathy",NA,"10.1038/s41372-021-01302-4","2022","Flibotte J.","Journal of Perinatology","scopus_records",2022
"On the numerical treatment of viscous and convective effects in relative pressure reconstruction methods",NA,"10.1002/cnm.3562","2022","Pacheco D.R.Q.","International Journal for Numerical Methods in Biomedical Engineering","scopus_records",2022
"Associations between metabolic syndrome and anthropogenic heat emissions in northeastern China",NA,"10.1016/j.envres.2021.111974","2022","Cong J.","Environmental Research","scopus_records",2022
"Severe asthma and death in a worker using methylene diphenyl diisocyanate MDI asthma death",NA,"10.1002/ajim.23323","2022","Wisnewski A.V.","American Journal of Industrial Medicine","scopus_records",2022
"Safety of very high-power short-duration radiofrequency ablation for pulmonary vein isolation: A two-centre report with emphasis on silent oesophageal injury",NA,"10.1093/europace/euab261","2022","Halbfass P.","Europace","scopus_records",2022
"Time Trends in Stroke and Subtypes Mortality Attributable to Household Air Pollution in Chinese and Indian Adults: An Age-Period-Cohort Analysis Using the Global Burden of Disease Study 2019",NA,"10.3389/fnagi.2022.740549","2022","Ma Y.","Frontiers in Aging Neuroscience","scopus_records",2022
"Vision and Visuomotor Performance Following Acute Ischemic Stroke",NA,"10.3389/fneur.2022.757431","2022","Wijesundera C.","Frontiers in Neurology","scopus_records",2022
"How Plastic Are Children?: Does the Age at Stroke Occurrence Matter?",NA,"10.1212/wnl.0000000000013201","2022","Beslow L.A.","Neurology","scopus_records",2022
"Case Report: Diffuse Cerebral Microbleeds in Cerebral Autosomal Recessive Arteriopathy With Subcortical Infarcts and Leukoencephalopathy",NA,"10.3389/fneur.2022.818332","2022","Wen L.","Frontiers in Neurology","scopus_records",2022
"Sex-difference in air pollution-related acute circulatory and respiratory mortality and hospitalization",NA,"10.1016/j.scitotenv.2021.150515","2022","Shin H.H.","Science of the Total Environment","scopus_records",2022
"Seasonal Variation in Incidence of Stroke in a General Population of 1.4 Million Japanese: The Shiga Stroke Registry",NA,"10.1159/000518370","2022","Fujii T.","Cerebrovascular Diseases","scopus_records",2022
"Association between Cold Spells and Mortality Risk and Burden: A Nationwide Study in China",NA,"10.1289/ehp9284","2022","Lei J.","Environmental Health Perspectives","scopus_records",2022
"Exploring multiple pathways and mediation effects of urban environmental factors for suicide prevention",NA,"10.1016/j.envpol.2021.118642","2022","Shen Y.S.","Environmental Pollution","scopus_records",2022
"No impact of weather conditions on the outcome of intensive care unit patients",NA,"10.1007/s10354-021-00830-0","2022","Bruno R.R.","Wiener Medizinische Wochenschrift","scopus_records",2022
"Dependence of seasonal dynamics of hemorrhagic and ischemic strokes on the climate of a region: A meta-analysis",NA,"10.1177/17474930211006296","2022","Kuzmenko N.V.","International Journal of Stroke","scopus_records",2022
"The Cardiovascular System in Heat Stroke",NA,"10.1016/j.cjco.2021.10.002","2022","Marchand M.","Cjc Open","scopus_records",2022
"Targeted Temperature Management at 36 °C Shows Therapeutic Effectiveness via Alteration of Microglial Activation and Polarization After Ischemic Stroke",NA,"10.1007/s12975-021-00910-8","2022","Kim J.Y.","Translational Stroke Research","scopus_records",2022
"Neuroprotective effects of synthetic borneol and natural borneol based on the neurovascular unit against cerebral ischaemic injury",NA,"10.1093/jpp/rgab167","2022","Xie Q.","Journal of Pharmacy and Pharmacology","scopus_records",2022
"Associations between RNA-Binding Motif Protein 3, Fibroblast Growth Factor 21, and Clinical Outcome in Patients with Stroke",NA,"10.3390/jcm11040949","2022","Ávila-Gómez P.","Journal of Clinical Medicine","scopus_records",2022
"Corrigendum to: Dependence of seasonal dynamics of hemorrhagic and ischemic strokes on the climate of a region: A meta-analysis, (Int J Stroke, (2022), 17, (226–335), 10.1177/17474930211006296)",NA,"10.1177/17474930211021302","2022",NA,"International Journal of Stroke","scopus_records",2022
"Can Temperature-Dependent Changes in Myocardial Contractility Explain Why Fish Only Increase Heart Rate When Exposed to Acute Warming?",NA,"10.1242/jeb.243152","2022","Gamperl A.K.","Journal of Experimental Biology","scopus_records",2022
"Predicting the survivals and favorable neurologic outcomes after targeted temperature management by artificial neural networks",NA,"10.1016/j.jfma.2021.07.004","2022","Chiu W.T.","Journal of the Formosan Medical Association","scopus_records",2022
"Coronavirus Disease 2019 Temperature Trajectories Correlate With Hyperinflammatory and Hypercoagulable Subphenotypes",NA,"10.1097/ccm.0000000000005397","2022","Bhavani S.V.","Critical Care Medicine","scopus_records",2022
"Prevalence of usage of hearing aids and its association with cognitive impairment in Japanese community-dwelling elders with hearing loss",NA,"10.1016/j.anl.2021.03.017","2022","Sugiura S.","Auris Nasus Larynx","scopus_records",2022
"Reoperative Total Arch Repair Using a Trifurcated Graft and Selective Antegrade Cerebral Perfusion",NA,"10.1016/j.athoracsur.2021.03.090","2022","Ohira S.","Annals of Thoracic Surgery","scopus_records",2022
"A NIR-Light-Driven Twisted and Coiled Polymer Actuator with a PEDOT-Tos/Nylon-6 Composite for Durable and Remotely Controllable Artificial Muscle",NA,"10.3390/polym14030432","2022","Hwang I.","Polymers","scopus_records",2022
"Performance indicators for the optimal BTE of biodiesels with additives through engine testing by the Taguchi approach",NA,"10.1016/j.chemosphere.2021.132450","2022","Sanjeevannavar M.B.","Chemosphere","scopus_records",2022
"Bioresponsive Polyphenol-Based Nanoparticles as Thrombolytic Drug Carriers",NA,"10.1021/acsami.1c19820","2022","Yu H.","ACS Applied Materials and Interfaces","scopus_records",2022
"Decreased Tactile Sensitivity Induced by Disownership: An Observational Study Utilizing the Rubber Hand Illusion",NA,"10.3389/fnsys.2021.802148","2022","Ataka K.","Frontiers in Systems Neuroscience","scopus_records",2022
"Ambient Air Pollution and Hospitalizations for Ischemic Stroke: A Time Series Analysis Using a Distributed Lag Nonlinear Model in Chongqing, China",NA,"10.3389/fpubh.2021.762597","2022","Chen H.","Frontiers in Public Health","scopus_records",2022
"Expert consensus on the clinical practice of neonatal brain magnetic resonance imaging",NA,"10.7499/j.issn.1008-8830.2110018","2022","Shi Y.","Chinese Journal of Contemporary Pediatrics","scopus_records",2022
"Hydrogen sulphide protects mice against the mutual aggravation of cerebral ischaemia/reperfusion injury and colitis",NA,"10.1016/j.ejphar.2021.174682","2022","Ding Y.","European Journal of Pharmacology","scopus_records",2022
"Lower Body Temperature Independently Predicts Delayed Cerebral Infarction in the Elderly With Ruptured Intracranial Aneurysm",NA,"10.3389/fneur.2021.763471","2022","Lin H.","Frontiers in Neurology","scopus_records",2022
"Impact of heat waves and cold spells on cause-specific mortality in the city of São Paulo, Brazil",NA,"10.1016/j.ijheh.2021.113861","2022","Moraes S.L.d.","International Journal of Hygiene and Environmental Health","scopus_records",2022
"Interaction between walkability and fine particulate matter on risk of ischemic stroke: A prospective cohort study in China",NA,"10.1016/j.envpol.2021.118482","2022","Yang Z.","Environmental Pollution","scopus_records",2022
"Effects of exposure to air pollution on acute cardiovascular and respiratory admissions to the hospital and early mortality at emergency department",NA,"10.17219/acem/149400","2022","Żyrek D.","Advances in Clinical and Experimental Medicine","scopus_records",2022
"Community planning for a “healthy built environment” via a human-environment nexus? A multifactorial assessment of environmental characteristics and age-specific stroke mortality in Hong Kong",NA,"10.1016/j.chemosphere.2021.132043","2022","Ho H.C.","Chemosphere","scopus_records",2022
"Investigating the association between long-term exposure to air pollution and greenness with mortality from neurological, cardio-metabolic and chronic obstructive pulmonary diseases in Greece",NA,"10.1016/j.envpol.2021.118372","2022","Kasdagli M.I.","Environmental Pollution","scopus_records",2022
"Health and economic impacts of ambient air pollution on hospital admissions for overall and specific cardiovascular diseases in Panzhihua, Southwestern China",NA,"10.7189/jogh.12.11012","2022","Li X.","Journal of Global Health","scopus_records",2022
"Acute effects of ambient nitrogen oxides and interactions with temperature on cardiovascular mortality in Shenzhen, China",NA,"10.1016/j.chemosphere.2021.132255","2022","Gao P.","Chemosphere","scopus_records",2022
"Cardiovascular Effects of Particulate Air Pollution",NA,"10.1146/annurev-med-042220-011549","2022","Bhatnagar A.","Annual Review of Medicine","scopus_records",2022
"The effect of adjustment to register-based and questionnaire-based covariates on the association between air pollution and cardiometabolic disease",NA,"10.1016/j.envres.2021.111886","2022","Sørensen M.","Environmental Research","scopus_records",2022
"Air pollution and cardiovascular disease: the Paul Wood Lecture, British Cardiovascular Society 2021",NA,"10.1136/heartjnl-2021-319844","2022","Joshi S.S.","Heart","scopus_records",2022
"Exposure to Primary Air Pollutants Generated by Highway Traffic and Daily Mortality Risk in Near-Road Communities: A Case-Crossover Study",NA,"10.1093/aje/kwab215","2022","Filigrana P.","American Journal of Epidemiology","scopus_records",2022
"Impact of Low Ambient Temperature on the Occurrence of Spontaneous Intracerebral Hemorrhage-Analysis of Population-Based Stroke Registry in Toyama, Japan",NA,"10.1016/j.jstrokecerebrovasdis.2021.106156","2022","Yamamoto S.","Journal of Stroke and Cerebrovascular Diseases","scopus_records",2022
"Health risk and disease burden attributable to long-term global fine-mode particles",NA,"10.1016/j.chemosphere.2021.132435","2022","Yang X.","Chemosphere","scopus_records",2022
"RETRACTED: Computed Tomography Images under Artificial Intelligence Algorithms on the Treatment Evaluation of Intracerebral Hemorrhage with Minimally Invasive Aspiration",NA,"10.1155/2022/6204089","2022","Sun J.","Computational and Mathematical Methods in Medicine","scopus_records",2022
"Enhanced Cerebral Microbleeds by Long-Term Air Pollution Exposure in Spontaneously Hypertensive Rats",NA,"10.1080/01616412.2021.1968705","2022","Cai L.","Neurological Research","scopus_records",2022
"Meteorological variables associated with subarachnoid hemorrhage: A single center study",NA,"10.20471/acc.2022.61.04.14","2022","Rotim A.","Acta Clinica Croatica","scopus_records",2022
"Transportation noise exposure and cardiovascular mortality: 15-years of follow-up in a nationwide prospective cohort in Switzerland",NA,"10.1016/j.envint.2021.106974","2022","Vienneau D.","Environment International","scopus_records",2022
"Deep Learning-Based Diffusion-Weighted Magnetic Resonance Imaging in the Diagnosis of Ischemic Penumbra in Early Cerebral Infarction",NA,"10.1155/2022/6270700","2022","Sheng H.","Contrast Media and Molecular Imaging","scopus_records",2022
"Fusion-Based Deep Learning with Nature-Inspired Algorithm for Intracerebral Haemorrhage Diagnosis",NA,"10.1155/2022/4409336","2022","Alfaer N.M.","Journal of Healthcare Engineering","scopus_records",2022
"Early Diagnosis of Acute Ischemic Stroke by Brain Computed Tomography Perfusion Imaging Combined with Head and Neck Computed Tomography Angiography on Deep Learning Algorithm",NA,"10.1155/2022/5373585","2022","Yang Y.","Contrast Media and Molecular Imaging","scopus_records",2022
"Ozone treatment alleviates brain injury in cerebral ischemic rats by inhibiting the NF-κB signaling pathway and autophagy",NA,"10.1080/15384101.2021.2020961","2022","Zhu L.","Cell Cycle","scopus_records",2022
"Deep Learning in Ischemic Stroke Imaging Analysis: A Comprehensive Review",NA,"10.1155/2022/2456550","2022","Cui L.","Biomed Research International","scopus_records",2022
"The Association of Blood Urea Nitrogen to Creatinine Ratio and the Prognosis of Critically Ill Patients with Cerebral Infarction: A Cohort Study",NA,"10.1155/2022/2151840","2022","Chen T.","Mediators of Inflammation","scopus_records",2022
"Efficacy of Moxibustion Smoke for Stage 1 Post-Stroke Shoulder-Hand Syndrome: Protocol for a Multi-Center, Single-Blind Randomized Sham-Controlled Trial",NA,"10.2147/jpr.s351576","2022","Meng X.","Journal of Pain Research","scopus_records",2022
"Computed Tomography Images under the Nomogram Mathematical Prediction Model in the Treatment of Cerebral Infarction Complicated with Nonvalvular Atrial Fibrillation and the Impacts of Virus Infection",NA,"10.1155/2022/3950641","2022","Zhu Y.","Contrast Media and Molecular Imaging","scopus_records",2022
"A new 3D heterometallic coordination polymer: luminescent property and nursing application value on acute cerebral infarction",NA,"10.1080/15685551.2022.2033431","2022","Cong L.","Designed Monomers and Polymers","scopus_records",2022
"Towards an Accurate MRI Acute Ischemic Stroke Lesion Segmentation Based on Bioheat Equation and U-Net Model",NA,"10.1155/2022/5529726","2022","Bousselham A.","International Journal of Biomedical Imaging","scopus_records",2022
"Stroke patients’ nonscheduled activity during inpatient rehabilitation and its relationship with the architectural layout: A multicenter shadowing study",NA,"10.1080/10749357.2020.1871281","2022","Kevdzija M.","Topics in Stroke Rehabilitation","scopus_records",2022
"Heat Stroke Prevention in Hot Specific Occupational Environment Enhanced by Supervised Machine Learning with Personalized Vital Signs",NA,"10.3390/s22010395","2022","Shimazaki T.","Sensors","scopus_records",2022
"Bite Force, Thickness, and Thermographic Patterns of Masticatory Muscles Post-Hemorrhagic Stroke",NA,"10.1016/j.jstrokecerebrovasdis.2021.106173","2022","Gomes G.G.C.","Journal of Stroke and Cerebrovascular Diseases","scopus_records",2022
"Polymorphisms of Calgranulin Genes and Ischemic Stroke in a Chinese Population",NA,"10.2147/jir.s360775","2022","Chen L.","Journal of Inflammation Research","scopus_records",2022
"Evaluation of the Effects of Folic Acid Combined with Atorvastatin on the Poststroke Cognitive Impairment by Low-Rank Matrix Denoising Algorithm-Based MRI Imaging",NA,"10.1155/2022/9540701","2022","Li Y.","Contrast Media and Molecular Imaging","scopus_records",2022
"“Everything looks the same”: wayfinding behaviour and experiences of stroke inpatients in rehabilitation clinics",NA,"10.1080/17482631.2022.2087273","2022","Kevdzija M.","International Journal of Qualitative Studies on Health and Well Being","scopus_records",2022
"The Clinical Utility of High-Resolution Vessel Wall Imaging in Screening for Meningovascular Neurosyphilis",NA,"10.1177/19418744211000524","2022","Kayyali M.N.","Neurohospitalist","scopus_records",2022
"Remote exposure to secondhand tobacco smoke is associated with lower exercise capacity through effects on oxygen pulse, a proxy of cardiac stroke volume",NA,"10.1136/bmjresp-2022-001217","2022","Zeng S.","BMJ Open Respiratory Research","scopus_records",2022
"Exploring patient perspectives of barriers and facilitators to participating in hospital-based stroke rehabilitation",NA,"10.1080/09638288.2021.1881830","2022","Last N.","Disability and Rehabilitation","scopus_records",2022
"Consider the Source: Noise–Stroke Association Varies by Transportation Type",NA,"10.1289/ehp10487","2022","Adegboye O.","Environmental Health Perspectives","scopus_records",2022
"Physiological variables in association with spreading depolarizations in the late phase of ischemic stroke",NA,"10.1177/0271678x211039628","2022","Schumm L.","Journal of Cerebral Blood Flow and Metabolism","scopus_records",2022
"2021 ESC Guidelines on cardiovascular disease prevention in clinical practice",NA,"10.1093/eurjpc/zwab154","2022","Visseren F.L.J.","European Journal of Preventive Cardiology","scopus_records",2022
"RETRACTED: Medical Data Acquisition and Internet of Things Technology-Based Cerebral Stroke Disease Prevention and Rehabilitation Nursing Mobile Medical Management System",NA,"10.1155/2022/4646454","2022","Song Y.","Computational and Mathematical Methods in Medicine","scopus_records",2022
"Physiological Equivalent Temperature (PET) index and cardiovascular hospital admissions in Ahvaz, southwest of Iran",NA,"10.1080/19338244.2021.1990830","2022","Dastoorpoor M.","Archives of Environmental and Occupational Health","scopus_records",2022
"Experience of enriched rehabilitation in the chronic phase of stroke",NA,"10.1080/09638288.2020.1768598","2022","Vive S.","Disability and Rehabilitation","scopus_records",2022
"Gait instability and estimated core temperature predict exertional heat stroke",NA,"10.1136/bjsports-2021-104081","2022","Buller M.","British Journal of Sports Medicine","scopus_records",2022
"Heat stroke in dogs: Literature review",NA,"10.17221/144/2021-vetmed","2022","Caldas G.G.","Veterinarni Medicina","scopus_records",2022
"Use of Functional Data to Model the Trajectory of an Inertial Measurement Unit and Classify Levels of Motor Impairment for Stroke Patients",NA,"10.1109/tnsre.2022.3162416","2022","Hwang Y.T.","IEEE Transactions on Neural Systems and Rehabilitation Engineering","scopus_records",2022
"RETRACTED: Deconstruction of Risk Prediction of Ischemic Cardiovascular and Cerebrovascular Diseases Based on Deep Learning",NA,"10.1155/2022/8478835","2022","Xu Y.","Contrast Media and Molecular Imaging","scopus_records",2022
"Intelligent Algorithm-Based MRI Image Features for Evaluating the Effect of Nursing on Recovery of the Neurological Function of Patients with Acute Stroke",NA,"10.1155/2022/3936655","2022","Wang D.","Contrast Media and Molecular Imaging","scopus_records",2022
"Lessons Learned and Future Actions: Modifying a Stroke Specific Self-Management Program",NA,"10.3389/frhs.2022.841082","2022","Hreha K.","Frontiers in Health Services","scopus_records",2022
"NOise Reduction with DIstribution Corrected (NORDIC) PCA improves signal-to-noise in rodent resting-state and optogenetic functional MRI",NA,"10.1109/embc48229.2022.9871459","2022","Chan R.W.","Proceedings of the Annual International Conference of the IEEE Engineering in Medicine and Biology Society EMBS","scopus_records",2022
"Targeted temperature management in cardiac surgery: a systematic review and meta-analysis on postoperative cognitive outcomes",NA,"10.1016/j.bja.2021.09.042","2022","Linassi F.","British Journal of Anaesthesia","scopus_records",2022
"RETRACTED: Effectiveness of Multidisciplinary Nursing Based on Fever, Blood Sugar, and Swallowing Function Management in Patients with Acute Stroke",NA,"10.1155/2022/5949760","2022","Ai D.","Evidence Based Complementary and Alternative Medicine","scopus_records",2022
"Design and evaluation of an air-insulated catheter for intra-arterial selective cooling infusion from numerical simulation and in vitro experiment",NA,"10.1016/j.medengphy.2021.103736","2022","Jiang M.","Medical Engineering and Physics","scopus_records",2022
"Time trends in cardiovascular disease mortality attributable to non-optimal temperatures in China: An age-period-cohort analysis using the Global Burden of Disease Study 2019",NA,"10.3389/fpubh.2022.1075551","2022","Wei J.","Frontiers in Public Health","scopus_records",2022
"Multiple social vulnerabilities to health disparities and hypertension and death in the regards study",NA,"10.1161/hypertensionaha.120.15196","2022","King J.B.","Hypertension","scopus_records",2022
"A method for suppressing respiratory noise in impedance cardiography and comprehensive assessment of noise reduction performance",NA,"10.1080/03091902.2021.2007304","2022","Hung P.D.","Journal of Medical Engineering and Technology","scopus_records",2022
"Factors affecting outcomes in patients with cardiac arrest who receive target temperature management: The multi-center TIMECARD registry",NA,"10.1016/j.jfma.2021.04.006","2022","Chang H.C.H.","Journal of the Formosan Medical Association","scopus_records",2022
"Impact of UCP2 depletion on heat stroke-induced mitochondrial function in human umbilical vein endothelial cells",NA,"10.1080/02656736.2022.2032846","2022","Huang W.","International Journal of Hyperthermia","scopus_records",2022
"Ultrasound Deep Brain Stimulation Modulates Body Temperature in Mice",NA,"10.1109/tnsre.2022.3188516","2022","Pang N.","IEEE Transactions on Neural Systems and Rehabilitation Engineering","scopus_records",2022
"Cerebrovascular imaging in vivo by non-contact photoacoustic microscopy based on photoacoustic remote sensing with a laser diode for interrogation",NA,"10.1364/ol.446787","2022","Liang S.","Optics Letters","scopus_records",2022
"The Effects of Heatwaves on Human Morbidity in Primary Care Settings: A Case-Crossover Study",NA,"10.3390/ijerph19020832","2022","Alsaiqali M.","International Journal of Environmental Research and Public Health","scopus_records",2022
"A model to visualize the fate of iron after intracranial hemorrhage using isotopic tracers and elemental bioimaging",NA,"10.1093/mtomcs/mfac057","2022","Bücker P.","Metallomics","scopus_records",2022
"Radiation exposure during angiographic interventions in interventional radiology–risk and fate of advanced procedures",NA,"10.1080/09553002.2021.2020362","2022","Kaatsch H.L.","International Journal of Radiation Biology","scopus_records",2022
"Lithium upregulates growth-associated protein-43 (GAP-43) and postsynaptic density-95 (PSD-95) in cultured neurons exposed to oxygen-glucose deprivation and improves electrophysiological outcomes in rats subjected to transient focal cerebral ischemia following a long-term recovery period",NA,"10.1080/01616412.2022.2056817","2022","Tai S.H.","Neurological Research","scopus_records",2022
"Intelligent Algorithm-Based Echocardiography to Evaluate the Effect of Lung Protective Ventilation Strategy on Cardiac Function and Hemodynamics in Patients Undergoing Laparoscopic Surgery",NA,"10.1155/2022/9349027","2022","Wang H.","Computational and Mathematical Methods in Medicine","scopus_records",2022
"Left Ventricular Function Changes Induced by Moderate Hypothermia Are Rapidly Reversed after Rewarming - A Clinical Study",NA,"10.1097/ccm.0000000000005170","2022","Wisløff-Aase K.","Critical Care Medicine","scopus_records",2022
"TiM-Net: Transformer in M-Net for Retinal Vessel Segmentation",NA,"10.1155/2022/9016401","2022","Zhang H.","Journal of Healthcare Engineering","scopus_records",2022
"Parameter estimation for closed-loop lumped parameter models of the systemic circulation using synthetic data",NA,"10.1016/j.mbs.2021.108731","2022","Bjørdalsbakke N.L.","Mathematical Biosciences","scopus_records",2022
"Characterization of Bimanual Cyclical Tasks From Single-Trial EEG-fNIRS Measurements",NA,"10.1109/tnsre.2022.3144216","2022","Jiang Y.C.","IEEE Transactions on Neural Systems and Rehabilitation Engineering","scopus_records",2022
"An Overview on Sleep Medicine",NA,"10.1007/978-3-031-06413-5_1","2022","Iranzo A.","Advances in Experimental Medicine and Biology","scopus_records",2022
"Dantrolene Administration in the Management of the Prehospital Patient with Methylenedioxymethamphetamine Overdose: A Case Series and Literature Review",NA,"10.1155/2022/5346792","2022","Nikoomanesh K.","Case Reports in Critical Care","scopus_records",2022
"Pain quality of thermal grill illusion is similar to that of central neuropathic pain rather than peripheral neuropathic pain",NA,"10.1515/sjpain-2021-0020","2022","Osumi M.","Scandinavian Journal of Pain","scopus_records",2022
"6th International Conference on Advances in Computing and Data Sciences, ICACDS 2022",NA,NA,"2022",NA,"Communications in Computer and Information Science","scopus_records",2022
"What is the speed limit of martensitic transformations?",NA,"10.1080/14686996.2022.2128870","2022","Schwabe S.","Science and Technology of Advanced Materials","scopus_records",2022
"RETRACTED: E-Health Ultrasonic Diagnostic Monitoring for Analysis of Cardiac Insufficiency and Neuronal Regulation in Patients with Sepsis in Emergency Department under Image Reconstruction Algorithm",NA,"10.1155/2022/9415694","2022","Fang Z.","Computational and Mathematical Methods in Medicine","scopus_records",2022
"A real‐time wearable physiological monitoring system for home‐based healthcare applications",NA,"10.3390/s22010104","2022","Jeong J.W.","Sensors","scopus_records",2022
"Long non-coding RNA lincRNA-erythroid prosurvival (EPS) alleviates cerebral ischemia/reperfusion injury by maintaining high-temperature requirement protein A1 (Htra1) stability through recruiting heterogeneous nuclear ribonucleoprotein L (HNRNPL)",NA,"10.1080/21655979.2022.2074738","2022","Guo H.","Bioengineered","scopus_records",2022
"Magnetic Resonance Imaging to Evaluate the Recovery Effects of Cerebral Nerve Function in Comprehensive Treatment of Poststroke Depression by Intelligent Algorithm-Based Hyperbaric Oxygen Therapy",NA,"10.1155/2022/6214223","2022","Yuan C.","Computational Intelligence and Neuroscience","scopus_records",2022
"Daily variation in time-trial sporting performance: A systematic review",NA,"10.1080/07420528.2022.2090373","2022","Bommasamudram T.","Chronobiology International","scopus_records",2022
"Swimming and respiration in cyclopoid copepods Thermocyclops oithonoides and Oithona davisae and calanoid copepod Paracalanus parvus",NA,"10.1002/jez.2643","2022","Svetlichny L.","Journal of Experimental Zoology Part A Ecological and Integrative Physiology","scopus_records",2022
"Studies of Mucosal Irritation and Cellular Uptake Mechanisms of Xingnaojing Nanoemulsion",NA,"10.1590/s2175-97902022e20241","2022","Wang M.","Brazilian Journal of Pharmaceutical Sciences","scopus_records",2022
"Investigation of the Effects of Cardiovascular Therapeutic Ultrasound Applied in Female and Male Rats' Hearts of Different Ages",NA,"10.1109/tuffc.2021.3113867","2022","Coiado O.C.","IEEE Transactions on Ultrasonics Ferroelectrics and Frequency Control","scopus_records",2022
"Lateral Medullary Infarction with Contralateral Segmental Dysesthesia and Ipsilateral Headache: A Case Report",NA,"10.2174/1573405617666211117142203","2022","Wang R.","Current Medical Imaging","scopus_records",2022
"The Development and Validation of Simplified Machine Learning Algorithms to Predict Prognosis of Hospitalized Patients with COVID-19: Multicenter, Retrospective Study",NA,"10.2196/31549","2022","He F.","Journal of Medical Internet Research","scopus_records",2022
"Unusual non-valvular left ventricular endocarditis presenting as multiple brain embolism",NA,"10.1080/17843286.2020.1789273","2022","Redzek A.","Acta Clinica Belgica International Journal of Clinical and Laboratory Medicine","scopus_records",2022
"Development and optimization of in-situ gel containing chitosan nanoparticles for possible nose-to-brain delivery of vinpocetine",NA,"10.1016/j.ijbiomac.2023.127217","2023","Hard S.A.A.A.","International Journal of Biological Macromolecules","scopus_records",2023
"A case report of near-missed heat stroke",NA,"10.1097/md.0000000000036676","2023","Yeoh C.W.","Medicine United States","scopus_records",2023
"Plant-Like Tropisms in Artificial Muscles",NA,"10.1002/adma.202212046","2023","Aziz S.","Advanced Materials","scopus_records",2023
"Summary of the 2022 Report on Cardiovascular Health and Diseases in China",NA,"10.1097/cm9.0000000000002927","2023","Wang Z.","Chinese Medical Journal","scopus_records",2023
"Near Infrared Emissive Lanthanide Luminescence Nanoparticle Used in Early Diagnosis and Brain Temperature Detection for Ischemic Stroke",NA,"10.1002/adhm.202302276","2023","Li S.J.","Advanced Healthcare Materials","scopus_records",2023
"Improved cerebrovascular reactivity mapping using coherence weighted general linear model in the frequency domain",NA,"10.1016/j.neuroimage.2023.120448","2023","Xu B.","Neuroimage","scopus_records",2023
"Associations of long-term particulate matter exposure with cardiometabolic diseases: A systematic review and meta-analysis",NA,"10.1016/j.scitotenv.2023.166010","2023","Sun M.","Science of the Total Environment","scopus_records",2023
"Effects of aircraft noise cessation on blood pressure, cardio- and cerebrovascular endothelial function, oxidative stress, and inflammation in an experimental animal model",NA,"10.1016/j.scitotenv.2023.166106","2023","Bayo Jimenez M.T.","Science of the Total Environment","scopus_records",2023
"Management of acute ischemic stroke",NA,"10.1016/j.medcli.2023.06.022","2023","Rigual R.","Medicina Clinica","scopus_records",2023
"Hourly Air Pollution Exposure and Emergency Hospital Admissions for Stroke: A Multicenter Case-Crossover Study",NA,"10.1161/strokeaha.123.044191","2023","Lv X.","Stroke","scopus_records",2023
"Cleaner outdoor air diminishes the overall risk of intracerebral hemorrhage but brings differential benefits to subpopulations: a time-stratified case-crossover study",NA,"10.1186/s12889-023-16232-3","2023","Wang P.","BMC Public Health","scopus_records",2023
"Long-term ambient air pollution exposure and cardio-respiratory disease in China: findings from a prospective cohort study",NA,"10.1186/s12940-023-00978-9","2023","Wright N.","Environmental Health A Global Access Science Source","scopus_records",2023
"Long-term particulate matter exposure and the risk of neurological hospitalization: Evidence from causal inference of a large longitudinal cohort in South China",NA,"10.1016/j.chemosphere.2023.140397","2023","Chen S.","Chemosphere","scopus_records",2023
"Risk of ischemic and hemorrhagic stroke in relation to cold spells in four seasons",NA,"10.1186/s12889-023-15459-4","2023","Vaičiulis V.","BMC Public Health","scopus_records",2023
"Effects of air pollution control policies on intracerebral hemorrhage mortality among residents in Tianjin, China",NA,"10.1186/s12889-023-15735-3","2023","Xu J.","BMC Public Health","scopus_records",2023
"Global warming and heat wave risks for cardiovascular diseases: A position paper from the Portuguese Society of Cardiology",NA,"10.1016/j.repc.2023.02.002","2023","Caldeira D.","Revista Portuguesa De Cardiologia","scopus_records",2023
"Effects of temperature and humidity on cerebrovascular disease hospitalization in a super-aging society",NA,"10.1038/s41598-023-47998-6","2023","Doi S.","Scientific Reports","scopus_records",2023
"Exposome and unhealthy aging: environmental drivers from air pollution to occupational exposures",NA,"10.1007/s11357-023-00913-3","2023","Pandics T.","Geroscience","scopus_records",2023
"Polycyclic aromatic hydrocarbons in urban particle matter exacerbate movement disorder after ischemic stroke via potentiation of neuroinflammation",NA,"10.1186/s12989-023-00517-x","2023","Tanaka M.","Particle and Fibre Toxicology","scopus_records",2023
"Two-sample mendelian randomization analysis investigates ambient fine particulate matter's impact on cardiovascular disease development",NA,"10.1038/s41598-023-46816-3","2023","Liang X.","Scientific Reports","scopus_records",2023
"Gestational ozone inhalation elicits maternal cardiac dysfunction and transcriptional changes to placental pericytes and endothelial cells",NA,"10.1093/toxsci/kfad092","2023","Hunter R.","Toxicological Sciences","scopus_records",2023
"Association between noise and cardiovascular disease in a nationwide u.S. prospective cohort study of women followed from 1988 to 2018",NA,"10.1289/ehp12906","2023","Roscoe C.","Environmental Health Perspectives","scopus_records",2023
"Machine learning analysis and risk prediction of weather-sensitive mortality related to cardiovascular disease during summer in Tokyo, Japan",NA,"10.1038/s41598-023-44181-9","2023","Ohashi Y.","Scientific Reports","scopus_records",2023
"Integrating street view images and deep learning to explore the association between human perceptions of the built environment and cardiovascular disease in older adults",NA,"10.1016/j.socscimed.2023.116304","2023","Xu J.","Social Science and Medicine","scopus_records",2023
"Spatio-temporal physics-informed learning: A novel approach to CT perfusion analysis in acute ischemic stroke",NA,"10.1016/j.media.2023.102971","2023","de Vries L.","Medical Image Analysis","scopus_records",2023
"Optimizing intra-arterial hypothermia scheme for acute ischemic stroke in an MCAO/R rat model",NA,"10.1038/s41598-023-35824-y","2023","Zeng Y.","Scientific Reports","scopus_records",2023
"Early fever in patients with primary intracerebral hemorrhage is associated with worse long-term functional outcomes: a prospective study",NA,"10.1186/s12883-023-03426-w","2023","Tseng W.C.","BMC Neurology","scopus_records",2023
"Exposures to humidifier disinfectant and various health conditions in Korean based on personal exposure assessment data of claimants for compensation",NA,"10.1186/s12889-023-16389-x","2023","Hong M.","BMC Public Health","scopus_records",2023
"Temperature variability and common diseases of the elderly in China: a national cross-sectional study",NA,"10.1186/s12940-023-00959-y","2023","Wen B.","Environmental Health A Global Access Science Source","scopus_records",2023
"Mortality risks from a spectrum of causes associated with sand and dust storms in China",NA,"10.1038/s41467-023-42530-w","2023","Zhang C.","Nature Communications","scopus_records",2023
"Do cool shirts make a difference? The effects of upper body garments on health, fluid balance and performance during exercise in the heat",NA,"10.1186/s13102-023-00768-3","2023","Engeroff L.","BMC Sports Science Medicine and Rehabilitation","scopus_records",2023
"Tarp-Assisted Cooling for Exertional Heat Stroke Treatment in Wildland Firefighting",NA,"10.1016/j.wem.2023.08.002","2023","Pryor R.R.","Wilderness and Environmental Medicine","scopus_records",2023
"Effects of ambient temperature on mortality among elderly residents of Chengdu city in Southwest China, 2016–2020: a distributed-lag non-linear time series analysis",NA,"10.1186/s12889-022-14931-x","2023","Xia Y.","BMC Public Health","scopus_records",2023
"Anticipating older populations’ health risk exacerbated by compound disasters based on mortality caused by heart diseases and strokes",NA,"10.1038/s41598-023-43717-3","2023","Gao S.","Scientific Reports","scopus_records",2023
"Prevalence and associations between occupational diseases, emotional exhaustion, and dust mask anxiety among coal miners in Northern China",NA,"10.1007/s11356-023-30737-9","2023","Aram S.A.","Environmental Science and Pollution Research International","scopus_records",2023
"Global, regional, and national burden of cardiovascular diseases in youths and young adults aged 15–39 years in 204 countries/territories, 1990–2019: a systematic analysis of Global Burden of Disease Study 2019",NA,"10.1186/s12916-023-02925-4","2023","Sun J.","BMC Medicine","scopus_records",2023
"Risk Factors for Stroke Development After Thoracic Aortic Surgery",NA,"10.1053/j.jvca.2023.08.135","2023","Zaaqoq A.M.","Journal of Cardiothoracic and Vascular Anesthesia","scopus_records",2023
"Non-optimal apparent temperature and cardiovascular mortality: the association in Puducherry, India between 2011 and 2020",NA,"10.1186/s12889-023-15128-6","2023","Shrikhande S.S.","BMC Public Health","scopus_records",2023
"Spatial accuracy of computed tomography perfusion to estimate the follow-up infarct on diffusion-weighted imaging after successful mechanical thrombectomy",NA,"10.1186/s12883-023-03075-z","2023","Xu X.Q.","BMC Neurology","scopus_records",2023
"The importance of context—a qualitative study exploring healthcare practitioners’ experiences of working with patients at home after a stroke",NA,"10.1186/s12913-023-09735-7","2023","Elf M.","BMC Health Services Research","scopus_records",2023
"Aircraft noise exposure and risk for recurrent cardiovascular events after acute coronary syndrome: A prospective patient cohort study",NA,"10.1016/j.envres.2023.117108","2023","Olbrich H.G.","Environmental Research","scopus_records",2023
"Association between thermal stress and cardiovascular mortality in the subtropics",NA,"10.1007/s00484-023-02565-6","2023","Jingesi M.","International Journal of Biometeorology","scopus_records",2023
"Effect of the COVID-19 pandemic on advanced life support units’ prehospital management of the stroke code in four Spanish regions: an observational study",NA,"10.1186/s12873-023-00886-8","2023","Riera-López N.","BMC Emergency Medicine","scopus_records",2023
"Explainable prediction of daily hospitalizations for cerebrovascular disease using stacked ensemble learning",NA,"10.1186/s12911-023-02159-7","2023","Lu X.","BMC Medical Informatics and Decision Making","scopus_records",2023
"Improvement in the diagnosis and practices of emergency healthcare providers for heat emergencies after HEAT (heat emergency awareness & treatment) an educational intervention: a multicenter quasi-experimental study",NA,"10.1186/s12873-022-00768-5","2023","Khan N.U.","BMC Emergency Medicine","scopus_records",2023
"Early Prediction of Impending Exertional Heat Stroke With Wearable Multimodal Sensing and Anomaly Detection",NA,"10.1109/jbhi.2023.3323014","2023","Yaldiz C.O.","IEEE Journal of Biomedical and Health Informatics","scopus_records",2023
"Developing DELPHI expert consensus rules for a digital twin model of acute stroke care in the neuro critical care unit",NA,"10.1186/s12883-023-03192-9","2023","Dang J.","BMC Neurology","scopus_records",2023
"In vitro analysis of clinically relevant aspects of a polymer-coated phacoemulsification tip vs a traditional tip",NA,"10.1097/j.jcrs.0000000000001267","2023","Zacharias J.","Journal of Cataract and Refractive Surgery","scopus_records",2023
"Vancomycin modestly attenuates symptom severity during onset of and recovery from exertional heat stroke in mice",NA,"10.1152/japplphysiol.00368.2023","2023","Oki K.","Journal of Applied Physiology Bethesda Md 1985","scopus_records",2023
"Comparative combustion, emission, and performance analysis of a diesel engine using carbon nanotube (CNT) blended with three different generations of biodiesel",NA,"10.1007/s11356-023-28965-0","2023","Rajpoot A.S.","Environmental Science and Pollution Research","scopus_records",2023
"A comparison of random survival forest and Cox regression for prediction of mortality in patients with hemorrhagic stroke",NA,"10.1186/s12911-023-02293-2","2023","Wang Y.","BMC Medical Informatics and Decision Making","scopus_records",2023
"Incidence and risk factors of heat-related illness in dogs from New South Wales, Australia (1997–2017)",NA,"10.1111/avj.13296","2023","Tripovich J.S.","Australian Veterinary Journal","scopus_records",2023
"Noninvasive hemodynamic indices of vascular aging: an in silico assessment",NA,"10.1152/ajpheart.00454.2023","2023","Hong J.","American Journal of Physiology Heart and Circulatory Physiology","scopus_records",2023
"Cardiorespiratory diseases in an industrialized area: a retrospective population-based cohort study",NA,"10.1186/s12889-023-16925-9","2023","Bustaffa E.","BMC Public Health","scopus_records",2023
"Cumulative Experience of Neighborhood Walkability and Change in Weight and Waist Circumference in REGARDS",NA,"10.1093/aje/kwad134","2023","Rundle A.G.","American Journal of Epidemiology","scopus_records",2023
"Minimizing Shivering During Targeted Normothermia: Comparison Between Novel Transnasal and Surface Temperature-Modulating Devices",NA,"10.1007/s12028-023-01793-3","2023","Arnold S.","Neurocritical Care","scopus_records",2023
"Case Report: Possible Serotonin Syndrome in a Patient Taking Kratom and Multiple Serotonergic Agents",NA,"10.1177/08971900221116009","2023","Eudaley S.T.","Journal of Pharmacy Practice","scopus_records",2023
"Aseptic presentation of interventricular septal abscess with progressive heart block: a case report",NA,"10.1186/s13256-023-03846-9","2023","Arun Kumar P.","Journal of Medical Case Reports","scopus_records",2023
"Mammalian sterile 20-like kinase 1 acts as a candidate biomarker of mortality of emergency surgical repair for acute type a aortic dissection",NA,"10.1186/s12872-023-03144-8","2023","He X.","BMC Cardiovascular Disorders","scopus_records",2023
"Midterm outcomes of open repair versus endovascular descending thoracic aortic aneurysm repair",NA,"10.1016/j.xjon.2023.09.034","2023","Orelaru F.","Jtcvs Open","scopus_records",2023
"Development and validation of a nomogram for predicting in-hospital mortality in patients with nonhip femoral fractures",NA,"10.1186/s40001-023-01515-7","2023","Xing Z.","European Journal of Medical Research","scopus_records",2023
"Treatment of right-sided aortic arch aneurysms with aberrant left subclavian artery with Kommerell’s diverticulum using the frozen elephant trunk technique",NA,"10.1093/icvts/ivad188","2023","Juraszek A.","Interdisciplinary Cardiovascular and Thoracic Surgery","scopus_records",2023
"A human induced pluripotent stem cell model from a patient with hereditary cerebral small vessel disease carrying a heterozygous R302Q mutation in HTRA1",NA,"10.1186/s41232-023-00273-7","2023","Qian E.","Inflammation and Regeneration","scopus_records",2023
"Solubility and stability enhancement of ethanol in diesel fuel by using tri-n-butyl phosphate as a new surfactant for CI engine",NA,"10.1038/s41598-023-45252-7","2023","El-Sheekh M.M.","Scientific Reports","scopus_records",2023
"Redox and inflammatory mechanisms linking air pollution particulate matter with cardiometabolic derangements",NA,"10.1016/j.freeradbiomed.2023.10.396","2023","Marchini T.","Free Radical Biology and Medicine","scopus_records",2023
"pH/Temperature Dual-Responsive Protein-Polymer Conjugates for Potential Therapeutic Hypothermia in Ischemic Stroke",NA,"10.1021/acsabm.3c00836","2023","Jin L.","ACS Applied Bio Materials","scopus_records",2023
"Environmental factors and stroke: Risk and prevention",NA,"10.1016/j.jns.2023.120860","2023","Ranta A.","Journal of the Neurological Sciences","scopus_records",2023
"Long-term influence of air pollutants on morbidity and all-cause mortality of cardiometabolic multi-morbidity: A cohort analysis of the UK Biobank participants",NA,"10.1016/j.envres.2023.116873","2023","Jiang Z.","Environmental Research","scopus_records",2023
"Heatwaves and human sleep: Stress response versus adaptation",NA,"10.1016/j.jns.2023.120862","2023","Buguet A.","Journal of the Neurological Sciences","scopus_records",2023
"Short-Term Exposure to Air Pollution and Ischemic Stroke: A Systematic Review and Meta-Analysis",NA,"10.1212/wnl.0000000000207856","2023","Toubasi A.","Neurology","scopus_records",2023
"Spatiotemporal association between air pollution and stroke mortality in South Korea",NA,"10.1016/j.jstrokecerebrovasdis.2023.107348","2023","Ha S.H.","Journal of Stroke and Cerebrovascular Diseases","scopus_records",2023
"Association between air quality index and effects on emergency department visits for acute respiratory and cardiovascular diseases",NA,"10.1371/journal.pone.0294107","2023","Surit P.","Plos One","scopus_records",2023
"Quantifying the potential effects of air pollution reduction on population health and health expenditure in Taiwan",NA,"10.1016/j.envpol.2023.122405","2023","Roger Chen Y.H.","Environmental Pollution","scopus_records",2023
"Space-time clusters of cardiovascular mortality and the role of heatwaves and cold spells in the city of São Paulo, Brazil",NA,"10.1016/j.sste.2023.100620","2023","Moraes S.L.d.","Spatial and Spatio Temporal Epidemiology","scopus_records",2023
"Determination of the Spatial Distribution of Air Pollutants in Bucheon, Republic of Korea, in Winter Using a GIS-Based Mobile Laboratory",NA,"10.3390/toxics11110932","2023","Kim M.","Toxics","scopus_records",2023
"The Environmental Pollution and Cardiovascular Risk: The Role of Health Surveillance and Legislative Interventions in Cardiovascular Prevention",NA,"10.1007/s40292-023-00612-2","2023","Ghazihosseini S.","High Blood Pressure and Cardiovascular Prevention","scopus_records",2023
"Middle-term nitrogen dioxide exposure and electrocardiogram abnormalities: A nationwide longitudinal study",NA,"10.1016/j.ecoenv.2023.115562","2023","Sun W.","Ecotoxicology and Environmental Safety","scopus_records",2023
"Effects of weather conditions on endovascular treatment case volume for patients with ischemic stroke",NA,"10.1016/j.neurad.2023.07.001","2023","Malka D.","Journal of Neuroradiology","scopus_records",2023
"Scientific Landscape of Oxidative Stress in Stroke: From a Bibliometric Analysis to an in-Depth Review",NA,"10.1007/s11064-023-03999-5","2023","Zhou M.","Neurochemical Research","scopus_records",2023
"Blood biomarker changes following therapeutic hypothermia in ischemic stroke",NA,"10.1002/brb3.3230","2023","Palà E.","Brain and Behavior","scopus_records",2023
"Stroke Inpatient Rehabilitation Environments: Aligning Building Construction and Clinical Practice Guidelines Through Care Process Mapping",NA,"10.1161/strokeaha.123.044216","2023","Saa J.P.","Stroke","scopus_records",2023
"Brief ambient cooling preserves autophagy in peripheral blood mononuclear cells from older adults during 9 h of heat exposure",NA,"10.1152/japplphysiol.00537.2023","2023","McCormick J.J.","Journal of Applied Physiology","scopus_records",2023
"High Summer Temperatures and Heat Stroke Mortality in Spain",NA,"10.1097/ede.0000000000001661","2023","Tobías A.","Epidemiology","scopus_records",2023
"A cascaded convolutional neural networks for stroke detection imaging",NA,"10.1063/5.0167592","2023","Liu J.","Review of Scientific Instruments","scopus_records",2023
"Ambient carbon monoxide and the risk of cardiovascular disease emergency room visits: a time-series study in Lanzhou, China",NA,"10.1007/s10653-023-01653-1","2023","You J.","Environmental Geochemistry and Health","scopus_records",2023
"Work Fluctuations in Ergotropic Heat Engines",NA,"10.3390/e25111528","2023","Chesi G.","Entropy","scopus_records",2023
"Word Repetition Paired With Startling Stimuli Decreases Aphasia and Apraxia Severity in Severe-to-Moderate Stroke: A Stratified, Single-Blind, Randomized, Phase 1 Clinical Trial",NA,"10.1044/2023_ajslp-22-00296","2023","Swann Z.","American Journal of Speech Language Pathology","scopus_records",2023
"Cerebrovascular and cardiovascular responses to the Valsalva manoeuvre during hyperthermia",NA,"10.1111/cpf.12843","2023","Perry B.G.","Clinical Physiology and Functional Imaging","scopus_records",2023
"Urine antimony and risk of cardiovascular disease – A prospective case-cohort study in Danish Non-Smokers",NA,"10.1016/j.envint.2023.108269","2023","Sears C.G.","Environment International","scopus_records",2023
"Association between time-dependent changes in cerebrovascular autoregulation after cardiac arrest and outcomes: A prospective cohort study",NA,"10.1177/0271678x231185658","2023","Tachino J.","Journal of Cerebral Blood Flow and Metabolism","scopus_records",2023
"Phenothiazines reduced autophagy in ischemic stroke through endoplasmic reticulum (ER) stress-associated PERK-eIF2α pathway",NA,"10.1016/j.expneurol.2023.114524","2023","Lv S.","Experimental Neurology","scopus_records",2023
"Incidence and predictors of stroke and silent cerebral embolism following very high-power short-duration atrial fibrillation ablation",NA,"10.1093/europace/euad327","2023","Boga M.","Europace","scopus_records",2023
"Brain perfusion imaging by multi-delay arterial spin labeling: Impact of modeling dispersion and interaction with denoising strategies and pathology",NA,"10.1002/mrm.29783","2023","Pires Monteiro S.","Magnetic Resonance in Medicine","scopus_records",2023
"Assessment of brainstem function and haemodynamics by MRI: challenges and clinical prospects",NA,"10.1259/bjr.20220940","2023","Woodward O.B.","British Journal of Radiology","scopus_records",2023
"Quiz case: a clinical reasoning challenge in the emergency stroke setting",NA,"10.1007/s10072-023-06996-2","2023","Maldonado Slootjes S.","Neurological Sciences","scopus_records",2023
"Holistic view of heat acclimation alleviated intestinal lesion in mice with heat stroke based on microbiome-metabolomics analysis",NA,"10.1111/1751-7915.14349","2023","Huang X.","Microbial Biotechnology","scopus_records",2023
"HA-ResNet: Residual Neural Network With Hidden Attention for ECG Arrhythmia Detection Using Two-Dimensional Signal",NA,"10.1109/tcbb.2022.3198998","2023","Guan Y.","IEEE ACM Transactions on Computational Biology and Bioinformatics","scopus_records",2023
"Algae Food Products as a Healthcare Solution",NA,"10.3390/md21110578","2023","Tavares J.O.","Marine Drugs","scopus_records",2023
"Neurobiomarker and body temperature responses to recreational marathon running",NA,"10.1016/j.jsams.2023.09.011","2023","Stacey M.J.","Journal of Science and Medicine in Sport","scopus_records",2023
"Multiparametric cardiac magnetic resonance reveals persistent myocardial inflammation in patients with exertional heat illness",NA,"10.1007/s00330-023-09706-w","2023","Luo S.","European Radiology","scopus_records",2023
"Vitexin Regulates Heat Shock Protein Expression by Modulating ROS Levels Thereby Protecting against Heat-Stress-Induced Apoptosis",NA,"10.3390/molecules28227639","2023","Wu T.","Molecules","scopus_records",2023
"Valvetrain System for Exhaust Rebreathing on a Light-Duty Gasoline Compression Ignition (GCI) Engine",NA,"10.4271/2023-01-1673","2023","Sellnau M.","SAE International Journal of Advances and Current Practices in Mobility","scopus_records",2023
"Exhaust Rebreathing Strategy to Improve Low Load Operation Applied on a Heavy-Duty Gasoline Compression Ignition Engine",NA,"10.4271/2023-01-1621","2023","Echeverri Marquez M.","SAE Technical Papers","scopus_records",2023
"Cause-specific mortality and burden attributable to temperature variability in China",NA,"10.1016/j.scitotenv.2023.165267","2023","Liu J.","Science of the Total Environment","scopus_records",2023
"Changing profiles of cardiovascular disease and risk factors in China: A secondary analysis for the Global Burden of Disease Study 2019",NA,"10.1097/cm9.0000000000002741","2023","Wang H.","Chinese Medical Journal","scopus_records",2023
"Short-term environmental triggers of hemorrhagic stroke",NA,"10.1016/j.ecoenv.2023.115508","2023","Guo Y.","Ecotoxicology and Environmental Safety","scopus_records",2023
"Long-term exposure to the components of fine particulate matters and disability after stroke: Findings from the China National Stroke Screening Surveys",NA,"10.1016/j.jhazmat.2023.132244","2023","Lu H.","Journal of Hazardous Materials","scopus_records",2023
"Prevalence of Diagnosed Arthritis - United States, 2019-2021",NA,"10.15585/mmwr.mm7241a1","2023","Fallon E.A.","Morbidity and Mortality Weekly Report","scopus_records",2023
"Short-term exposure to ozone and ECG abnormalities in China: A nationwide longitudinal study",NA,"10.1016/j.jhazmat.2023.132290","2023","Pan Z.","Journal of Hazardous Materials","scopus_records",2023
"A Fluorescent Probe for Investigating the Role of Biothiols in Signaling Pathways Associated with Cerebral Ischemia-Reperfusion Injury",NA,"10.1002/anie.202310408","2023","Yang Y.","Angewandte Chemie International Edition","scopus_records",2023
"Ambient Air Pollution Exposure and Cerebral White Matter Hyperintensities in Older Adults: A Cross-Sectional Analysis in the Three-City Montpellier Study",NA,"10.1289/ehp12231","2023","Duchesne J.","Environmental Health Perspectives","scopus_records",2023
"Effect of short-term exposure to air pollution on daily cardio- and cerebrovascular hospitalisations in areas with a low level of air pollution",NA,"10.1007/s11356-023-29544-z","2023","Hasnain M.G.","Environmental Science and Pollution Research","scopus_records",2023
"A comparative study of life-years lost attributable to air particulate matter in Asia-Pacific and European countries",NA,"10.1016/j.chemosphere.2023.139420","2023","Somboonsin P.","Chemosphere","scopus_records",2023
"Large sex differences in vulnerability to circulatory-system disease under current and future climate in Bucharest and its rural surroundings",NA,"10.1016/j.envres.2023.116531","2023","Chitu Z.","Environmental Research","scopus_records",2023
"The burden, risk factors and unique etiologies of stroke in South-East Asia Region (SEAR)",NA,"10.1016/j.lansea.2023.100290","2023","Pandian J.D.","Lancet Regional Health Southeast Asia","scopus_records",2023
"Burden of stroke attributable to high ambient temperature from 1990 to 2019: A global analysis",NA,"10.1177/17474930231183858","2023","Bo Y.","International Journal of Stroke","scopus_records",2023
"Prognostic predictive value of intracranial pressure and cerebral oxygen metabolism monitoring in patients with spontaneous intracerebral hemorrhage",NA,"10.1007/s13760-022-02037-5","2023","Sun Z.","Acta Neurologica Belgica","scopus_records",2023
"Shikonin prevents mice from heat stroke-induced death via suppressing a trigger IL-17A on the inflammatory and oxidative pathways",NA,"10.1016/j.biopha.2023.115346","2023","Luo Q.","Biomedicine and Pharmacotherapy","scopus_records",2023
"Improving microstructural integrity, interstitial fluid, and blood microcirculation images from multi-b-value diffusion MRI using physics-informed neural networks in cerebrovascular disease",NA,"10.1002/mrm.29753","2023","Voorter P.H.M.","Magnetic Resonance in Medicine","scopus_records",2023
"Housing Accessibility at Home and Rehabilitation Outcomes After a Stroke: An Explorative Study",NA,"10.1177/19375867231178313","2023","Elf M.","Health Environments Research and Design Journal","scopus_records",2023
"Nordic Walking in Water on Cerebrovascular Reactivity and Cognitive Function in Elderly Patients with Type 2 Diabetes",NA,"10.1249/mss.0000000000003216","2023","Ploydang T.","Medicine and Science in Sports and Exercise","scopus_records",2023
"The image quality and diagnostic performance of CT perfusion-derived CT angiography versus that of conventional CT angiography",NA,"10.21037/qims-22-988","2023","Zhi Zhou X.","Quantitative Imaging in Medicine and Surgery","scopus_records",2023
"Image Quality and Radiation Dose of Conventional and Wide-Field High-Resolution Cone-Beam Computed Tomography for Cerebral Angiography: A Phantom Study",NA,"10.3390/tomography9050134","2023","Kawauchi S.","Tomography","scopus_records",2023
"Pulse contour techniques for perioperative hemodynamic monitoring: A nationwide carbon footprint and cost estimation",NA,"10.1016/j.accpm.2023.101239","2023","Michard F.","Anaesthesia Critical Care and Pain Medicine","scopus_records",2023
"Advanced photon counting CT imaging pipeline for cardiac phenotyping of apolipoprotein E mouse models",NA,"10.1371/journal.pone.0291733","2023","Allphin A.J.","Plos One","scopus_records",2023
"Whole-body cooling effectiveness of cold intravenous saline following exercise hyperthermia: a randomized trial",NA,"10.1016/j.ajem.2023.07.053","2023","McDermott B.P.","American Journal of Emergency Medicine","scopus_records",2023
"Association of Long-term Exposure to Air Pollution and Dementia Risk: The Role of Homocysteine, Methionine, and Cardiovascular Burden",NA,"10.1212/wnl.0000000000207656","2023","Grande G.","Neurology","scopus_records",2023
"Short-term exposure to reduced specific-size ambient particulate matter increase the risk of cause-specific cardiovascular disease: A national-wide evidence from hospital admissions",NA,"10.1016/j.ecoenv.2023.115327","2023","Tian Y.","Ecotoxicology and Environmental Safety","scopus_records",2023
"Retrospective cohort study investigating synergism of air pollution and corticosteroid exposure in promoting cardiovascular and thromboembolic events in older adults",NA,"10.1136/bmjopen-2023-072810","2023","Josey K.","BMJ Open","scopus_records",2023
"Functional magnetic particle imaging (fMPI) of cerebrovascular changes in the rat brain during hypercapnia",NA,"10.1088/1361-6560/acecd1","2023","Mason E.E.","Physics in Medicine and Biology","scopus_records",2023
"Cold Case of Thrombolysis: Cold Recombinant Tissue Plasminogen Activator Confers Enhanced Neuroprotection in Experimental Stroke",NA,"10.1161/jaha.123.029817","2023","Huang Y.","Journal of the American Heart Association","scopus_records",2023
"Mixtures of long-term exposure to ambient air pollution, built environment and temperature and stroke incidence across Europe",NA,"10.1016/j.envint.2023.108136","2023","de Bont J.","Environment International","scopus_records",2023
"Effect of neighbourhood greenness on the association between air pollution and risk of stroke first onset: A case-crossover study in shandong province, China",NA,"10.1016/j.ijheh.2023.114262","2023","Liu C.","International Journal of Hygiene and Environmental Health","scopus_records",2023
"Air Pollution and Arrhythmias",NA,"10.1016/j.cjca.2023.03.023","2023","Bennett M.","Canadian Journal of Cardiology","scopus_records",2023
"Occupational Risk Factors for Stroke: A Comprehensive Review",NA,"10.5853/jos.2023.01011","2023","Yang M.","Journal of Stroke","scopus_records",2023
"Long-term exposure to summer specific humidity and cardiovascular disease hospitalizations in the US Medicare population",NA,"10.1016/j.envint.2023.108182","2023","Klompmaker J.O.","Environment International","scopus_records",2023
"Occupational exposure to noise and dust in Swedish soft paper mills and mortality from ischemic heart disease and ischemic stroke: a cohort study",NA,"10.1007/s00420-023-01980-x","2023","Torén K.","International Archives of Occupational and Environmental Health","scopus_records",2023
"Silica Exposure and Cardiovascular, Cerebrovascular, and Respiratory Morbidity in a Cohort of Male Swedish Iron Foundry Workers",NA,"10.1097/jom.0000000000002890","2023","Andersson L.","Journal of Occupational and Environmental Medicine","scopus_records",2023
"Dual-Energy Computed Tomography in Stroke Imaging: Value of a New Image Acquisition Technique for Ischemia Detection after Mechanical Thrombectomy",NA,"10.1007/s00062-023-01270-6","2023","Grkovski R.","Clinical Neuroradiology","scopus_records",2023
"Too Loud to Handle? Transportation Noise and Cardiovascular Disease",NA,"10.1016/j.cjca.2023.02.018","2023","Münzel T.","Canadian Journal of Cardiology","scopus_records",2023
"Impacts of exposure to ambient temperature and altitude on the burden of stroke",NA,"10.1007/s00415-023-11742-x","2023","Tu W.J.","Journal of Neurology","scopus_records",2023
"The effect of long-term exposure to toxic air pollutants on the increased risk of malignant brain tumors",NA,"10.1515/reveh-2022-0033","2023","Nikmanesh Y.","Reviews on Environmental Health","scopus_records",2023
"Seasonal Variation in Neurological Severity and Clinical Outcomes in Ischemic Stroke Patients ― A 9-Year Study of 5,238 Patients ―",NA,"10.1253/circj.cj-22-0801","2023","Xue J.","Circulation Journal","scopus_records",2023
"Association between cooling temperature and outcomes of patients with heat stroke",NA,"10.1007/s11739-023-03291-y","2023","Chen L.","Internal and Emergency Medicine","scopus_records",2023
"When a Hypersomnolent Hemodialyzed Patient Actually Has a Rare Stroke: A Case of Artery of Percheron Infarction With Paradoxical Embolism",NA,"10.1097/nrl.0000000000000493","2023","Oliveira Pinheiro F.","Neurologist","scopus_records",2023
"Stroke: management and prevention",NA,"10.1016/j.mpmed.2023.06.001","2023","Hadley G.","Medicine United Kingdom","scopus_records",2023
"Retrograde Cerebral Perfusion May Decrease Stroke Risk During Elective Aortic Arch Surgery",NA,"10.1177/15569845231200886","2023","Keeling W.B.","Innovations Technology and Techniques in Cardiothoracic and Vascular Surgery","scopus_records",2023
"Proposing Development of Community-based Physical Activity Park for Elderly Population of Pakistan",NA,"10.29271/jcpsp.2023.09.1067","2023","Bashir S.","Journal of the College of Physicians and Surgeons Pakistan","scopus_records",2023
"Cardiorespiratory physiology and swimming capacity of Atlantic salmon (Salmo salar) at cold temperatures",NA,"10.1242/jeb.245990","2023","Porter E.S.","Journal of Experimental Biology","scopus_records",2023
"Robust PDF Watermarking against Print–Scan Attack",NA,"10.3390/s23177365","2023","Li L.","Sensors","scopus_records",2023
"Point-Counterpoint: Transfer function analysis of dynamic cerebral autoregulation: To band or not to band?",NA,"10.1177/0271678x231182245","2023","Tarumi T.","Journal of Cerebral Blood Flow and Metabolism","scopus_records",2023
"Cardiopulmonary bypass management and risk of new-onset atrial fibrillation after cardiac surgery",NA,"10.1093/icvts/ivad153","2023","Taha A.","Interdisciplinary Cardiovascular and Thoracic Surgery","scopus_records",2023
"Effects of Gallic Acid on Memory Deficits and Electrophysiological Impairments Induced by Cerebral Ischemia/Reperfusion in Rats Following Exposure to Ambient Dust Storm",NA,"10.1007/s11064-023-03953-5","2023","Bavarsad K.","Neurochemical Research","scopus_records",2023
"Environmental and occupational risk factors for COPD and its prevalence among miners worldwide: a Mendelian randomization and meta-analysis study",NA,"10.1007/s11356-023-29269-z","2023","Liu Z.","Environmental Science and Pollution Research","scopus_records",2023
"Amelioration of Parkinson's disease by pharmacological inhibition and knockdown of redox sensitive TRPC5 channels: Focus on mitochondrial health",NA,"10.1016/j.lfs.2023.121871","2023","Vaidya B.","Life Sciences","scopus_records",2023
"Outcomes of pulmonary vein isolation with radiofrequency balloon vs. cryoballoon ablation: A multi-centric study",NA,"10.1093/europace/euad252","2023","Almorad A.","Europace","scopus_records",2023
"Reduction of scan duration and radiation dose in cerebral CT perfusion imaging of acute stroke using a recurrent neural network",NA,"10.1088/1361-6560/acdf3a","2023","Dashtbani Moghari M.","Physics in Medicine and Biology","scopus_records",2023
"Submicron particle exposure and stroke hospitalization: An individual-level case-crossover study in Guangzhou, China, 2014–2018",NA,"10.1016/j.scitotenv.2023.163988","2023","Zheng M.","Science of the Total Environment","scopus_records",2023
"Modification of green space on the associations between long-term road traffic noise exposure and incident intracerebral hemorrhage: A prospective cohort study",NA,"10.1016/j.envres.2023.116189","2023","Gu T.","Environmental Research","scopus_records",2023
"Burden of disease due to transportation noise in the Nordic countries",NA,"10.1016/j.envres.2023.116077","2023","Aasvang G.M.","Environmental Research","scopus_records",2023
"Associations between environmental noise and myocardial infarction and stroke: Investigating the potential mediating effects of hypertension",NA,"10.1016/j.envres.2023.116092","2023","Buteau S.","Environmental Research","scopus_records",2023
"Concomitant exposure to air pollution, green space, and noise and risk of stroke: a cohort study from Denmark",NA,"10.1016/j.lanepe.2023.100655","2023","Poulsen A.H.","Lancet Regional Health Europe","scopus_records",2023
"Targeted temperature management in patients with intracerebral haemorrhage, subarachnoid haemorrhage, or acute ischaemic stroke: updated consensus guideline recommendations by the Neuroprotective Therapy Consensus Review (NTCR) group",NA,"10.1016/j.bja.2023.04.030","2023","Lavinio A.","British Journal of Anaesthesia","scopus_records",2023
"Air Pollution and Cardiovascular and Thromboembolic Events in Older Adults With High-Risk Conditions",NA,"10.1093/aje/kwad089","2023","Nethery R.C.","American Journal of Epidemiology","scopus_records",2023
"Temperature Changes in Poor-Grade Aneurysmal Subarachnoid Hemorrhage: Relation to Injury Pattern, Intracranial Pressure Dynamics, Cerebral Energy Metabolism, and Clinical Outcome",NA,"10.1007/s12028-023-01699-0","2023","Svedung Wettervik T.","Neurocritical Care","scopus_records",2023
"Long-term cardiometabolic effects of ambient ozone pollution in a large Chinese population",NA,"10.1016/j.ecoenv.2023.115115","2023","Yang L.","Ecotoxicology and Environmental Safety","scopus_records",2023
"COVID-19 New Cases and Environmental Factors During Wet and Dry Seasons in West and Southern Africa",NA,"10.1029/2022gh000765","2023","Jenkins G.S.","Geohealth","scopus_records",2023
"Effect of persistent organic pollutants in patients with ischemic stroke and all stroke: A systematic review and meta-analysis",NA,"10.1016/j.tox.2023.153567","2023","Dev P.","Toxicology","scopus_records",2023
"Tranexamic acid in a mouse model of cerebral amyloid angiopathy: setting the stage for a novel stroke treatment approach",NA,"10.1016/j.rpth.2023.102166","2023","Liu Z.","Research and Practice in Thrombosis and Haemostasis","scopus_records",2023
"Effect of abnormal values of three temperature indicators on ischemic stroke hospital admissions in Guangzhou, China",NA,"10.1016/j.jtherbio.2023.103649","2023","Wang G.","Journal of Thermal Biology","scopus_records",2023
"Associations of Urban Built Environment with Cardiovascular Risks and Mortality: a Systematic Review",NA,"10.1007/s11524-023-00764-5","2023","Lai K.Y.","Journal of Urban Health","scopus_records",2023
"Overexertion and heat stress in the fire service: a new conceptual framework",NA,"10.1002/ajim.23482","2023","Wohlgemuth K.","American Journal of Industrial Medicine","scopus_records",2023
"Environmental noise exposure and health outcomes: an umbrella review of systematic reviews and meta-analysis",NA,"10.1093/eurpub/ckad044","2023","Chen X.","European Journal of Public Health","scopus_records",2023
"Long-Term Exposure to Traffic Noise and Risk of Incident Cardiovascular Diseases: a Systematic Review and Dose-Response Meta-Analysis",NA,"10.1007/s11524-023-00769-0","2023","Fu X.","Journal of Urban Health","scopus_records",2023
"Spatial assessment of the attributable burden of disease due to transportation noise in England",NA,"10.1016/j.envint.2023.107966","2023","Jephcote C.","Environment International","scopus_records",2023
"Association between Bilateral Selective Antegrade Cerebral Perfusion and Postoperative Ischemic Stroke in Patients with Emergency Surgery for Acute Type A Aortic Dissection—Single Centre Experience",NA,"10.3390/medicina59081365","2023","Robu M.","Medicina Lithuania","scopus_records",2023
"Improvement of diagnostic performance of hyperacute ischemic stroke in head CT using an image-based noise reduction technique with non-black-boxed process",NA,"10.1016/j.ejmp.2023.102646","2023","Hirairi T.","Physica Medica","scopus_records",2023
"Diesel Exhaust Exposure and Cause-Specific Mortality in the Diesel Exhaust in Miners Study II (DEMS II) Cohort",NA,"10.1289/ehp12840","2023","Koutros S.","Environmental Health Perspectives","scopus_records",2023
"Arthropod-borne encephalitis: an overview for the clinician and emerging considerations",NA,"10.1136/pmj-2022-142002","2023","Boruah A.P.","Postgraduate Medical Journal","scopus_records",2023
"Stroke volume response during prolonged exercise depends on left ventricular filling: evidence from a b-blockade study",NA,"10.1152/ajpregu.00293.2022","2023","Laginestra F.G.","American Journal of Physiology Regulatory Integrative and Comparative Physiology","scopus_records",2023
"Lower systemic nitric oxide bioactivity, cerebral hypoperfusion and accelerated cognitive decline in formerly concussed retired rugby union players",NA,"10.1113/ep091195","2023","Owens T.S.","Experimental Physiology","scopus_records",2023
"10-channel phased-array coil for carotid wall MRI at 3T",NA,"10.1371/journal.pone.0288529","2023","de Buck M.H.S.","Plos One","scopus_records",2023
"Cerebral autosomal recessive arteriopathy with subcortical infarcts and leukoencephalopathy (CARASIL): A challenging diagnosis and a rare multiple sclerosis mimic",NA,"10.1016/j.jstrokecerebrovasdis.2023.107225","2023","Shirah B.","Journal of Stroke and Cerebrovascular Diseases","scopus_records",2023
"Dual-sized hollow particle incorporated fibroin thermal insulating coatings on catheter for cerebral therapeutic hypothermia",NA,"10.1016/j.bioactmat.2023.02.022","2023","Li M.","Bioactive Materials","scopus_records",2023
"Association between intraoperative body temperature and postoperative delirium: A retrospective observational study",NA,"10.1016/j.jclinane.2023.111107","2023","Ju J.W.","Journal of Clinical Anesthesia","scopus_records",2023
"Benefit of visual speech information for word comprehension in post-stroke aphasia",NA,"10.1016/j.cortex.2023.04.011","2023","Krason A.","Cortex","scopus_records",2023
"Hypothermic neuroprotection by targeted cold autologous blood transfusion in a non-human primate stroke model",NA,"10.1016/j.scib.2023.06.017","2023","Chen J.","Science Bulletin","scopus_records",2023
"Peptidomic Analysis Reveals Seasonal Neuropeptide and Peptide Hormone Changes in the Hypothalamus and Pituitary of a Hibernating Mammal",NA,"10.1021/acschemneuro.3c00268","2023","Mousavi S.","ACS Chemical Neuroscience","scopus_records",2023
"Acquired heat acclimation in rats subjected to physical exercise under environmental heat stress alleviates brain injury caused by exertional heat stroke",NA,"10.1016/j.brainres.2023.148393","2023","Li X.","Brain Research","scopus_records",2023
"Temporal variation in the association between temperature and cause-specific mortality in 15 German cities",NA,"10.1016/j.envres.2023.115668","2023","Rai M.","Environmental Research","scopus_records",2023
"Potential causal links between long-term ambient particulate matter exposure and cerebrovascular mortality: Insights from a large cohort in southern China",NA,"10.1016/j.envpol.2023.121336","2023","Chen S.","Environmental Pollution","scopus_records",2023
"Impact of particulate matter on the incidence of atrial fibrillation and the risk of adverse clinical outcomes: A review",NA,"10.1016/j.scitotenv.2023.163352","2023","Mandaglio-Collados D.","Science of the Total Environment","scopus_records",2023
"Climate Change, Skin Health, and Dermatologic Disease: A Guide for the Dermatologist",NA,"10.1007/s40257-023-00770-y","2023","Belzer A.","American Journal of Clinical Dermatology","scopus_records",2023
"Exposure Disparities by Income, Race and Ethnicity, and Historic Redlining Grade in the Greater Seattle Area for Ultrafine Particles and Other Air Pollutants",NA,"10.1289/ehp11662","2023","Bramble K.","Environmental Health Perspectives","scopus_records",2023
"Association Between Long-Term Exposure to Fine Particulate Matter Constituents and Progression of Cerebral Blood Flow Velocity in Beijing: Modifying Effect of Greenness",NA,"10.1029/2023gh000796","2023","Xu Z.","Geohealth","scopus_records",2023
"Air pollution and stroke: It's time to act",NA,"10.1016/j.hipert.2023.02.003","2023","Avellaneda-Gómez C.","Hipertension Y Riesgo Vascular","scopus_records",2023
"Potential role of ambient temperature as a trigger for intracerebral hemorrhage: a time-stratified case-crossover study in Tianjin, China",NA,"10.1007/s11356-023-27942-x","2023","Liu P.","Environmental Science and Pollution Research","scopus_records",2023
"The Impact of Weather and Mode of Transport on Outcomes of Patients With Acute Ischemic Stroke Undergoing Mechanical Thrombectomy",NA,"10.1227/neu.0000000000002391","2023","Sioutas G.S.","Neurosurgery","scopus_records",2023
"Neurogenic Fever after Subarachnoid Hemorrhage in Animal Models: A Systematic Review",NA,"10.3390/ijms241411514","2023","Migliorino E.","International Journal of Molecular Sciences","scopus_records",2023
"Association between ambient temperature and risk of stroke morbidity and mortality: A systematic review and meta-analysis",NA,"10.1002/brb3.3078","2023","Wen J.","Brain and Behavior","scopus_records",2023
"Heat stroke – the tip of an iceberg",NA,"10.1111/joim.13645","2023","Elinder C.G.","Journal of Internal Medicine","scopus_records",2023
"Classic heat stroke in a desert climate: A systematic review of 2632 cases",NA,"10.1111/joim.13633","2023","Yezli S.","Journal of Internal Medicine","scopus_records",2023
"A Small-for-Gestational-Age Infant with MIRAGE Syndrome Who Developed Heat Stroke and Rhabdomyolysis due to Severe Temperature Instability",NA,"10.1159/000529762","2023","Saito K.","Neonatology","scopus_records",2023
"Occupational radiation exposure of neurointerventionalists during endovascular stroke treatment",NA,"10.1016/j.ejrad.2023.110882","2023","Weyland C.S.","European Journal of Radiology","scopus_records",2023
"The third Intensive Care Bundle with Blood Pressure Reduction in Acute Cerebral Haemorrhage Trial (INTERACT3): an international, stepped wedge cluster randomised controlled trial",NA,"10.1016/s0140-6736(23)00806-1","2023","Ma L.","Lancet","scopus_records",2023
"Social Determinants of Health and Racial Disparities in Cardiac Events in Breast Cancer",NA,"10.6004/jnccn.2023.7023","2023","Stabellini N.","Jnccn Journal of the National Comprehensive Cancer Network","scopus_records",2023
"Hemodynamic timing in resting-state and breathing-task BOLD fMRI",NA,"10.1016/j.neuroimage.2023.120120","2023","Gong J.","Neuroimage","scopus_records",2023
"Enhancing diffuse correlation spectroscopy pulsatile cerebral blood flow signal with near-infrared spectroscopy photoplethysmography",NA,"10.1117/1.nph.10.3.035008","2023","Wu K.C.","Neurophotonics","scopus_records",2023
"Interaction of exercise training with taurine attenuates infarct size and cardiac dysfunction via Akt–Foxo3a–Caspase-8 signaling pathway",NA,"10.1007/s00726-023-03275-4","2023","Razzaghi A.","Amino Acids","scopus_records",2023
"The acute effect of whole-body heat therapy on peripheral and cerebral vascular reactivity in Black and White females",NA,"10.1016/j.mvr.2023.104536","2023","Martin Z.T.","Microvascular Research","scopus_records",2023
"Temperature dysregulation during therapeutic hypothermia predicts long-term outcome in neonates with HIE",NA,"10.1177/0271678x231162174","2023","Mietzsch U.","Journal of Cerebral Blood Flow and Metabolism","scopus_records",2023
"Heated environment offsets the cardiovascular responses to prolonged rowing exercise in competitive athletes",NA,"10.1016/j.jtherbio.2023.103603","2023","Barreto I.V.P.d.S.","Journal of Thermal Biology","scopus_records",2023
"Comparison of Salvianolic Acid A Adsorption by Phenylboronic-Acid-Functionalized Montmorillonites with Different Intercalators",NA,"10.3390/molecules28135244","2023","Qian J.","Molecules","scopus_records",2023
"Comparing Focused-Tracked and Plane Wave-Tracked ARFI Log(VoA) In Silico and in Application to Human Carotid Atherosclerotic Plaque, Ex Vivo",NA,"10.1109/tuffc.2023.3278495","2023","Anand K.S.","IEEE Transactions on Ultrasonics Ferroelectrics and Frequency Control","scopus_records",2023
"Hearing loss increases all-cause and cardiovascular mortality in middle-aged and older Chinese adults: the Dongfeng-Tongji Cohort Study",NA,"10.1007/s11356-023-27878-2","2023","Zhang H.","Environmental Science and Pollution Research","scopus_records",2023
"Impact of various remineralizing agents on artificial white spot lesion on primary teeth - A comparative study",NA,"10.4103/jpbs.jpbs_485_22","2023","Ghwainem A.A.","Journal of Pharmacy and Bioallied Sciences","scopus_records",2023
"Myocardial structure and functional alterations in a preclinical model of exertional heat stroke",NA,"10.1016/j.lfs.2023.121640","2023","Chao C.M.","Life Sciences","scopus_records",2023
"Whole genome transcriptomic reveals heat stroke molecular signatures in humans",NA,"10.1113/jp284031","2023","Bouchama A.","Journal of Physiology","scopus_records",2023
"Human thermal resilience and vulnerability to environmental heat: Does a molecular signature underlie pathophysiology?",NA,"10.1113/jp284704","2023","Mündel T.","Journal of Physiology","scopus_records",2023
"Adipocyte-Targeting Type I AIE Photosensitizer for Obesity Treatment via Photodynamic Lipid Peroxidation",NA,"10.1021/acsnano.3c03654","2023","Lee M.M.S.","ACS Nano","scopus_records",2023
"Interventions for reducing red blood cell transfusion in adults undergoing hip fracture surgery: an overview of systematic reviews",NA,"10.1002/14651858.cd013737.pub2","2023","Lewis S.R.","Cochrane Database of Systematic Reviews","scopus_records",2023
"Development of Edaravone Ionic Liquids and Their Application for the Treatment of Cerebral Ischemia/Reperfusion Injury",NA,"10.1021/acs.molpharmaceut.3c00103","2023","Fukuta T.","Molecular Pharmaceutics","scopus_records",2023
"'Source-specific' air pollution and risk of stroke in Denmark",NA,"10.1093/ije/dyad030","2023","Poulsen A.H.","International Journal of Epidemiology","scopus_records",2023
"Air pollution and stroke; effect modification by sociodemographic and environmental factors. A cohort study from Denmark",NA,"10.1016/j.ijheh.2023.114165","2023","Poulsen A.H.","International Journal of Hygiene and Environmental Health","scopus_records",2023
"Long-term exposure to fine particulate matter and cardiovascular disease: The mitigation role of environmental concerns",NA,"10.1016/j.scitotenv.2023.162656","2023","Gu K.","Science of the Total Environment","scopus_records",2023
"Short-term effects of ambient ozone exposure on daily hospitalizations for circulatory diseases in Ganzhou, China: A time-series study",NA,"10.1016/j.chemosphere.2023.138513","2023","Cao X.","Chemosphere","scopus_records",2023
"Impacts of Urban Green on Cardiovascular and Cerebrovascular Diseases—A Systematic Review and Meta-Analysis",NA,"10.3390/ijerph20115966","2023","Bianconi A.","International Journal of Environmental Research and Public Health","scopus_records",2023
"Association Between the Incidence of Hospitalizations for Acute Cardiovascular Events, Weather, and Air Pollution",NA,"10.1016/j.jacadv.2023.100334","2023","Vishram-Nielsen J.K.K.","Jacc Advances","scopus_records",2023
"Environmentally Mediated Health Disparities",NA,"10.1016/j.amjmed.2023.02.008","2023","Howarth M.V.","American Journal of Medicine","scopus_records",2023
"Circadian Factors in Stroke: A Clinician’s Perspective",NA,"10.1007/s40119-023-00313-w","2023","Korostovtseva L.S.","Cardiology and Therapy","scopus_records",2023
"Prevalence and risk factors of stroke in China: A national serial cross-sectional study from 2003 to 2018",NA,"10.1136/svn-2022-001598","2023","Tian D.S.","Stroke and Vascular Neurology","scopus_records",2023
"Mild hypothermia reduces spreading depolarizations and infarct size in a swine model",NA,"10.1177/0271678x231154604","2023","Kentar M.","Journal of Cerebral Blood Flow and Metabolism","scopus_records",2023
"Heat and the Heart",NA,"10.59249/hgal4894","2023","Desai Y.","Yale Journal of Biology and Medicine","scopus_records",2023
"TSRL-Net: Target-aware supervision residual learning for stroke segmentation",NA,"10.1016/j.compbiomed.2023.106840","2023","Li L.","Computers in Biology and Medicine","scopus_records",2023
"Climate and human health: a review of publication trends in the International Journal of Biometeorology",NA,"10.1007/s00484-023-02466-8","2023","Motlogeloa O.","International Journal of Biometeorology","scopus_records",2023
"Fatal heat stroke based on foudroyant irreversible multiple organ dysfunction in German summer",NA,"10.1515/iss-2023-0013","2023","Lorenz E.","Innovative Surgical Sciences","scopus_records",2023
"Noise and transient ischaemic attacks – A challenge?",NA,"10.1177/14782715231161500","2023","Cassidy T.","Journal of the Royal College of Physicians of Edinburgh","scopus_records",2023
"Evaluation of the suitability of elderly care in prefecture-level cities in China based on GIS",NA,"10.1016/j.heliyon.2023.e16539","2023","Wang M.","Heliyon","scopus_records",2023
"Heat stress in horses: a literature review",NA,"10.1007/s00484-023-02467-7","2023","Kang H.","International Journal of Biometeorology","scopus_records",2023
"Cerebral blood flow velocity and oxygenation in neonatal aortic arch repair at two perfusion temperatures",NA,"10.1093/ejcts/ezad220","2023","Finnigan L.E.M.","European Journal of Cardio Thoracic Surgery","scopus_records",2023
"Effect of Standardized Eucalyptus globulus Leaf Extract on Brain Oxidative Stress and Aberrant Neurochemistry of Fructose-streptozotocin-induced Diabetic Rats.",NA,"10.54548/njps.v38i1.10","2023","Akinmoladun A.C.","Nigerian Journal of Physiological Sciences","scopus_records",2023
"Motion-Robust Atrial Fibrillation Detection Based on Remote-Photoplethysmography",NA,"10.1109/jbhi.2022.3172705","2023","Wu B.F.","IEEE Journal of Biomedical and Health Informatics","scopus_records",2023
"Biomarkers for warfighter safety and performance in hot and cold environments",NA,"10.1016/j.jsams.2022.12.006","2023","Lee J.K.W.","Journal of Science and Medicine in Sport","scopus_records",2023
"Intraoperative neurophysiologic monitoring during aortic arch surgery",NA,"10.1016/j.jtcvs.2021.07.025","2023","Sultan I.","Journal of Thoracic and Cardiovascular Surgery","scopus_records",2023
"Association between the extent of diffusion restriction on brain diffusion-weighted imaging and neurological outcomes after an out-of-hospital cardiac arrest",NA,"10.1016/j.resuscitation.2023.109761","2023","Park J.Y.","Resuscitation","scopus_records",2023
"A Case of Sudden Cardiac Arrest After Brainstem Infarction",NA,"10.1089/ther.2022.0064","2023","Suzuki T.","Therapeutic Hypothermia and Temperature Management","scopus_records",2023
"Hypoxic-Ischemic Brain Injury in ECMO: Pathophysiology, Neuromonitoring, and Therapeutic Opportunities",NA,"10.3390/cells12111546","2023","Khanduja S.","Cells","scopus_records",2023
"Optimization of 4D Flow MRI Spatial and Temporal Resolution for Examining Complex Hemodynamics in the Carotid Artery Bifurcation",NA,"10.1007/s13239-023-00667-1","2023","El Sayed R.","Cardiovascular Engineering and Technology","scopus_records",2023
"Cardiovascular, respiratory and all-cause (natural) health endpoint estimation using a spatial approach in Malaysia",NA,"10.1016/j.scitotenv.2023.162130","2023","Mazeli M.I.","Science of the Total Environment","scopus_records",2023
"Structural damping renders the hawkmoth exoskeleton mechanically insensitive to non-sinusoidal deformations",NA,"10.1098/rsif.2023.0141","2023","Wold t.S.","Journal of the Royal Society Interface","scopus_records",2023
"Association between ambient temperature and cause-specific cardiovascular disease admissions in Japan: A nationwide study",NA,"10.1016/j.envres.2023.115610","2023","Pan R.","Environmental Research","scopus_records",2023
"Estimating the mortality attributable to indoor exposure to particulate matter of outdoor origin in mainland China",NA,"10.1016/j.scitotenv.2023.162286","2023","Chen L.","Science of the Total Environment","scopus_records",2023
"Ozone pollution and hospital admissions for cardiovascular events",NA,"10.1093/eurheartj/ehad091","2023","Jiang Y.","European Heart Journal","scopus_records",2023
"Long-term exposure to ambient particulate matter and stroke etiology: Results from the Women's Health Initiative",NA,"10.1016/j.envres.2023.115519","2023","Kulick E.R.","Environmental Research","scopus_records",2023
"Air pollution impacts on in-hospital case-fatality rate of ischemic stroke patients",NA,"10.1016/j.thromres.2023.03.006","2023","Keller K.","Thrombosis Research","scopus_records",2023
"Particulate Matter Air Pollution and Long-Term Outcomes in Patients Undergoing Percutaneous Coronary Intervention",NA,"10.1016/j.jacadv.2023.100285","2023","Motairek I.","Jacc Advances","scopus_records",2023
"Health risk assessment for particulate matter: application of AirQ+ model in the northern Caribbean region of Colombia",NA,"10.1007/s11869-023-01304-5","2023","Arregocés H.A.","Air Quality Atmosphere and Health","scopus_records",2023
"Pollution from fine particulate matter and atherosclerosis: A narrative review",NA,"10.1016/j.envint.2023.107923","2023","Macchi C.","Environment International","scopus_records",2023
"Butyrate promotes post-stroke outcomes in aged mice via interleukin-22",NA,"10.1016/j.expneurol.2023.114351","2023","Chen Z.","Experimental Neurology","scopus_records",2023
"Analysis of heat stroke and heat exhaustion cases in EudraVigilance pharmacovigilance database",NA,"10.1007/s00228-023-03487-3","2023","Gamboa L.","European Journal of Clinical Pharmacology","scopus_records",2023
"Acetazolamide-augmented BOLD MRI to Assess Whole-Brain Cerebrovascular Reactivity in Chronic Steno-occlusive Disease Using Principal Component Analysis",NA,"10.1148/radiol.221473","2023","Dogra S.","Radiology","scopus_records",2023
"CT perfusion extended window ischemic core estimation: Bayesian algorithm versus oscillation index singular value decomposition",NA,"10.1111/jon.13090","2023","Morelli N.","Journal of Neuroimaging","scopus_records",2023
"Statistical Analysis Plan for the INTEnsive Care Bundle with Blood Pressure Reduction in Acute Cerebral Hemorrhage Trial: A Stepped-Wedge Cluster Randomized Controlled Trial",NA,"10.1159/000526384","2023","Billot L.","Cerebrovascular Diseases","scopus_records",2023
"Antimicrobial peptide cathelicidin LL-37 preserves intestinal barrier and organ function in rats with heat stroke",NA,"10.1016/j.biopha.2023.114565","2023","Shih C.C.","Biomedicine and Pharmacotherapy","scopus_records",2023
"Ovariectomy aggravates the pathophysiological response to exertional heat stroke in mice",NA,"10.1152/japplphysiol.00092.2023","2023","Rentería L.I.","Journal of Applied Physiology Bethesda Md 1985","scopus_records",2023
"Amino acid solution mitigates hypothermia response and intestinal damage following exertional heat stroke in male mice",NA,"10.14814/phy2.15681","2023","King M.A.","Physiological Reports","scopus_records",2023
"Phase-change material cooling blanket: A feasible cooling choice during transport after exercise-induced hyperthermia",NA,"10.1016/j.jtherbio.2023.103576","2023","Wang X.","Journal of Thermal Biology","scopus_records",2023
"Temporary Occlusion of Common Carotid Arteries Does Not Evoke Total Inhibition in the Activity of Corticospinal Tract Neurons in Experimental Conditions",NA,"10.3390/biomedicines11051287","2023","Szymankiewicz-Szukała A.","Biomedicines","scopus_records",2023
"Molecular Mechanisms of Lipid-Based Metabolic Adaptation Strategies in Response to Cold",NA,"10.3390/cells12101353","2023","Wu G.","Cells","scopus_records",2023
"Intraoperative Neural Response Telemetry and Auditory Outcomes in Pediatric Cochlear Implantation",NA,"10.1002/ohn.176","2023","Wu S.S.","Otolaryngology Head and Neck Surgery United States","scopus_records",2023
"Experimental investigation on sucrose/alumina catalyst coated converter in gasoline engine exhaust gas",NA,"10.1007/s11356-022-20655-7","2023","Sathyanarayanan S.","Environmental Science and Pollution Research","scopus_records",2023
"Efficacy and safety in patients treated with a novel radiofrequency balloon: a two centres experience from the AURORA collaboration",NA,"10.1093/europace/euad106","2023","Bordignon S.","Europace","scopus_records",2023
"Hospital Admission Profile Related to Inner Ear Diseases in England and Wales",NA,"10.3390/healthcare11101457","2023","Taybeh E.O.","Healthcare Switzerland","scopus_records",2023
"Performance and environmental impact assessment of diesel engine operating on high viscous punnai oil–diesel blends",NA,"10.1007/s11356-022-20211-3","2023","Chidambaranathan B.","Environmental Science and Pollution Research","scopus_records",2023
"Associations of Community and Individual Social Determinants of Health With Medication Adherence in Patients With Atrial Fibrillation: A Retrospective Cohort Study",NA,"10.1161/jaha.122.026745","2023","Boyd L.M.","Journal of the American Heart Association","scopus_records",2023
"Air pollution and stroke hospitalization in the Beibu Gulf Region of China: A case-crossover analysis",NA,"10.1016/j.ecoenv.2023.114814","2023","Li M.","Ecotoxicology and Environmental Safety","scopus_records",2023
"Optical Investigation of Mixture Formation in a Hydrogen-Fueled Heavy-Duty Engine with Direct-Injection",NA,"10.4271/2023-01-0240","2023","Laichter J.","SAE International Journal of Advances and Current Practices in Mobility","scopus_records",2023
"Adaptive parabolic membrane mirrors for large deployable space telescopes",NA,"10.1364/ao.487262","2023","Rabien S.","Applied Optics","scopus_records",2023
"Second Near-Infrared (NIR-II) Window for Imaging-Navigated Modulation of Brain Structure and Function",NA,"10.1002/smll.202206044","2023","Zhang K.","Small","scopus_records",2023
"Multi-City Analysis of the Acute Effect of Polish Smog on Cause-Specific Mortality (EP-PARTICLES Study)",NA,"10.3390/ijerph20085566","2023","Święczkowski M.","International Journal of Environmental Research and Public Health","scopus_records",2023
"Spatiotemporal analysis of the surface urban heat island (SUHI), air pollution and disease pattern: an applied study on the city of Granada (Spain)",NA,"10.1007/s11356-023-26564-7","2023","Hidalgo-García D.","Environmental Science and Pollution Research","scopus_records",2023
"Associations Between Long-Term Air Pollutant Exposure and 30-Day All-Cause Hospital Readmissions in US Patients With Stroke",NA,"10.1161/strokeaha.122.042265","2023","Tran P.M.","Stroke","scopus_records",2023
"Ambient nitrogen dioxide and cardiovascular diseases in rural regions: a time-series analyses using data from the new rural cooperative medical scheme in Fuyang, East China",NA,"10.1007/s11356-023-25922-9","2023","Dong T.F.","Environmental Science and Pollution Research","scopus_records",2023
"An Ambiguous Role for Fever in Worsening Outcome After Intracerebral Hemorrhage",NA,"10.1007/s12975-022-01010-x","2023","Liddle L.J.","Translational Stroke Research","scopus_records",2023
"Associations between exposure to blue spaces and natural and cause-specific mortality in Greece: An ecological study",NA,"10.1016/j.ijheh.2023.114137","2023","Kasdagli M.I.","International Journal of Hygiene and Environmental Health","scopus_records",2023
"The Potential Benefits of Quercetin for Brain Health: A Review of Anti-Inflammatory and Neuroprotective Mechanisms",NA,"10.3390/ijms24076328","2023","Chiang M.C.","International Journal of Molecular Sciences","scopus_records",2023
"Virtual monoenergetic images by spectral detector computed tomography may improve image quality and diagnostic ability for ischemic lesions in acute ischemic stroke",NA,"10.1177/02841851221130612","2023","Mellander H.","Acta Radiologica","scopus_records",2023
"Global, regional, and national trends of dementia incidence and risk factors, 1990–2019: A Global Burden of Disease study",NA,"10.1002/alz.12764","2023","Avan A.","Alzheimer S and Dementia","scopus_records",2023
"An improved defocusing adaptive style transfer method based on a stroke pyramid",NA,"10.1371/journal.pone.0284742","2023","Cao J.","Plos One","scopus_records",2023
"The effects of transcranial laser photobiomodulation and neuromuscular electrical stimulation in the treatment of post-stroke dysfunctions",NA,"10.1002/jbio.202200260","2023","Paolillo F.R.","Journal of Biophotonics","scopus_records",2023
"Effects of Mineralocorticoid Receptor Blockade and Statins on Kidney Injury Marker 1 (KIM-1) in Female Rats Receiving L-NAME and Angiotensin II",NA,"10.3390/ijms24076500","2023","Huang J.","International Journal of Molecular Sciences","scopus_records",2023
"ACSM Expert Consensus Statement on Exertional Heat Illness: Recognition, Management, and Return to Activity",NA,"10.1249/jsr.0000000000001058","2023","Roberts W.O.","Current Sports Medicine Reports","scopus_records",2023
"Current and Future Use of Artificial Intelligence in Electrocardiography",NA,"10.3390/jcdd10040175","2023","Martínez-Sellés M.","Journal of Cardiovascular Development and Disease","scopus_records",2023
"Near Hanging: Evaluation and Management",NA,"10.1016/j.chest.2022.11.004","2023","Dorfman J.D.","Chest","scopus_records",2023
"Heat-related biomarkers: Focus on the correlation of troponin I and 70 kDa heat shock protein",NA,"10.1016/j.heliyon.2023.e14565","2023","Dervišević E.","Heliyon","scopus_records",2023
"Gastrointestinal Associated Exertional Heat Stroke",NA,"10.1249/jsr.0000000000001054","2023","DeHan P.J.","Current Sports Medicine Reports","scopus_records",2023
"Infographic. Prehospital management of exertional heat stroke at sports competitions for Paralympic athletes",NA,"10.1136/bjsports-2022-106278","2023","Goosey-Tolfrey V.L.","British Journal of Sports Medicine","scopus_records",2023
"Application value of T2 fluid-attenuated inversion recovery sequence based on deep learning in static lacunar infarction",NA,"10.1177/02841851221134114","2023","Hou Y.","Acta Radiologica","scopus_records",2023
"Analysis of the sensitivity and specificity of compressed sensing magnetic resonance imaging in the diagnosis of heart failure",NA,"10.21037/jtd-23-190","2023","An L.","Journal of Thoracic Disease","scopus_records",2023
"Screening potential anaphylactoid components in vinpocetine injection using a high expression Mas-related G-protein-coupled receptor X2 cell membrane chromatography",NA,"10.1002/jat.4402","2023","Lu J.","Journal of Applied Toxicology","scopus_records",2023
"Environment-induced heat stress causes structural and biochemical changes in the heart",NA,"10.1016/j.jtherbio.2023.103492","2023","Roths M.","Journal of Thermal Biology","scopus_records",2023
"The impact of heat waves on the mortality of Chinese population: A systematic review and meta-analysis",NA,"10.1097/md.0000000000033345","2023","Pan R.","Medicine United States","scopus_records",2023
"An Inbuilt Electronic Pawl Gates Orbital Information Processing and Controls the Rotation of a Double Ratchet Rotary Motor",NA,"10.1021/acsami.3c01103","2023","Singhania A.","ACS Applied Materials and Interfaces","scopus_records",2023
"Development and internal validation of a clinical risk score for in-hospital mortality after stroke: A single-centre retrospective cohort study in Northwest Ethiopia",NA,"10.1136/bmjopen-2022-063170","2023","Abebe T.G.","BMJ Open","scopus_records",2023
"How does vehicle emission control policy affect air pollution emissions? Evidence from Hainan Province, China",NA,"10.1016/j.scitotenv.2022.161244","2023","Xu M.","Science of the Total Environment","scopus_records",2023
"A Blood-Responsive AIE Bioprobe for the Ultrasensitive Detection and Assessment of Subarachnoid Hemorrhage",NA,"10.1002/advs.202205435","2023","Tao M.","Advanced Science","scopus_records",2023
"Impact of Flood Due to Typhoon Hagibis on Cardiovascular and Cerebrovascular Events in the Disaster Area of Nagano City: A Sub-Analysis Using Data From the SAVE Trial",NA,"10.1017/dmp.2022.16","2023","Komatsu T.","Disaster Medicine and Public Health Preparedness","scopus_records",2023
"Administration of spermidine attenuates concanavalin A-induced liver injury",NA,"10.1016/j.bbrc.2023.01.072","2023","Ando T.","Biochemical and Biophysical Research Communications","scopus_records",2023
"Target temperature management and therapeutic hypothermia in sever neuroprotection for traumatic brain injury: Clinic value and effect on oxidative stress",NA,"10.1097/md.0000000000032921","2023","Wang Y.","Medicine United States","scopus_records",2023
"Impacts of Climate Change and Air Pollution on Neurologic Health, Disease, and Practice: A Scoping Review",NA,"10.1212/wnl.0000000000201630","2023","Louis S.","Neurology","scopus_records",2023
"Short-term effects of air pollution on hospital admissions for cardiovascular diseases and diabetes mellitus in Sofia, Bulgaria (2009–2018)",NA,"10.2478/aiht-2023-74-3704","2023","Dzhambov A.M.","Arhiv Za Higijenu Rada I Toksikologiju","scopus_records",2023
"Joint Associations of Short-Term Exposure to Ambient Air Pollutants with Hospital Admission of Ischemic Stroke",NA,"10.1097/ede.0000000000001581","2023","Liu T.","Epidemiology","scopus_records",2023
"Assessment of Low-Level Air Pollution and Cardiovascular Incidence in Gdansk, Poland: Time-Series Cross-Sectional Analysis",NA,"10.3390/jcm12062206","2023","Czernych R.","Journal of Clinical Medicine","scopus_records",2023
"Ambient air pollution associated with incidence and progression trajectory of cardiometabolic diseases: A multi-state analysis of a prospective cohort",NA,"10.1016/j.scitotenv.2022.160803","2023","Zou H.","Science of the Total Environment","scopus_records",2023
"Short-term effect of PM2.5 on stroke in susceptible populations: A case-crossover study",NA,"10.1177/17474930221110024","2023","Wang M.","International Journal of Stroke","scopus_records",2023
"Ambient Air Pollution and Stroke: An Updated Review",NA,"10.1161/strokeaha.122.035498","2023","Kulick E.R.","Stroke","scopus_records",2023
"The impact of long-term exposure to ambient air pollution in patients undergoing peritoneal dialysis: A cohort study in China",NA,"10.1016/j.chemosphere.2023.137871","2023","Hu S.","Chemosphere","scopus_records",2023
"Long-term exposure to ambient fine particulate matter chemical composition and in-hospital case fatality among patients with stroke in China",NA,"10.1016/j.lanwpc.2022.100679","2023","Cai M.","Lancet Regional Health Western Pacific","scopus_records",2023
"Can machine learning of post-procedural cone-beam CT images in acute ischemic stroke improve the detection of 24-h hemorrhagic transformation? A preliminary study",NA,"10.1007/s00234-022-03070-0","2023","Da Ros V.","Neuroradiology","scopus_records",2023
"Emission characteristics of particulate matter emitted from 4- and 2-stroke marine diesel engines under the background of sulfur emission reduction",NA,"10.1007/s11356-022-24594-1","2023","Zhou J.","Environmental Science and Pollution Research","scopus_records",2023
"Heat Stroke in the Work Environment: Case Report of an Underestimated Phenomenon",NA,"10.3390/ijerph20054028","2023","Marrone M.","International Journal of Environmental Research and Public Health","scopus_records",2023
"Particulate matter exposure and chronic cerebral hypoperfusion promote oxidative stress and induce neuronal and oligodendrocyte apoptosis in male mice",NA,"10.1002/jnr.25153","2023","Lamorie-Foote K.","Journal of Neuroscience Research","scopus_records",2023
"Clustering of Environmental Parameters and the Risk of Acute Ischaemic Stroke",NA,"10.3390/ijerph20064979","2023","Koo G.P.Y.","International Journal of Environmental Research and Public Health","scopus_records",2023
"Impacts of solid fuel use versus smoking on life expectancy at age 30 years in the rural and urban Chinese population: a prospective cohort study",NA,"10.1016/j.lanwpc.2023.100705","2023","Sun Q.","Lancet Regional Health Western Pacific","scopus_records",2023
"Is the excellent air quality a protective factor of health problems for Taitung County in eastern Taiwan? Perspectives from visual analytics",NA,"10.1016/j.heliyon.2023.e13866","2023","Yu C.H.","Heliyon","scopus_records",2023
"Improved air quality from China's clean air actions alleviates health expenditure inequality",NA,"10.1016/j.envint.2023.107831","2023","Weng Z.","Environment International","scopus_records",2023
"Nursing Management of Temperature in a Patient with Stroke",NA,"10.1016/j.cnc.2022.10.005","2023","McGlennen K.M.","Critical Care Nursing Clinics of North America","scopus_records",2023
"The Impact of Meteorological Parameters and Seasonal Changes on Reporting Patients with Selected Cardiovascular Diseases to Hospital Emergency Departments: A Pilot Study",NA,"10.3390/ijerph20064838","2023","Kotecki P.","International Journal of Environmental Research and Public Health","scopus_records",2023
"Chemical exchange saturation transfer (CEST) magnetic resonance imaging (MRI) quantification of transient ischemia using a combination method of 5-pool Lorentzian fitting and inverse Z-spectrum analysis",NA,"10.21037/qims-22-420","2023","Zhang L.","Quantitative Imaging in Medicine and Surgery","scopus_records",2023
"Hospitalisations for cardiovascular and respiratory disease among older adults living near unconventional natural gas development: a difference-in-differences analysis",NA,"10.1016/s2542-5196(23)00009-8","2023","Trickey K.S.","Lancet Planetary Health","scopus_records",2023
"Circulatory disease mortality among male medical radiation workers in South Korea, 1996–2019",NA,"10.5271/sjweh.4066","2023","Bang Y.J.","Scandinavian Journal of Work Environment and Health","scopus_records",2023
"Using Mean Arterial Pressure in Hypertension Diagnosis versus Using Either Systolic or Diastolic Blood Pressure Measurements",NA,"10.3390/biomedicines11030849","2023","Kandil H.","Biomedicines","scopus_records",2023
"An experimental investigation on the effects of magnesia and alumina nano additives on the exhaust emissions and performance of CI engine using spirulina microalgae biodiesel",NA,"10.1007/s11356-022-24733-8","2023","Kumar S.C.","Environmental Science and Pollution Research","scopus_records",2023
"Attempt to mitigate marine engine emissions with improved performance by the investigation of alcohol inclusion in sunflower biodiesel-sunflower oil-diesel blend",NA,"10.1007/s11356-022-24147-6","2023","Khan M.M.","Environmental Science and Pollution Research","scopus_records",2023
"Profiling the Hsp70 Chaperone Network in Heat-Induced Proteotoxic Stress Models of Human Neurons",NA,"10.3390/biology12030416","2023","Alharbi B.M.","Biology","scopus_records",2023
"Effect of Work-to-Rest Cycles on Cardiovascular Strain and Maximal Oxygen Uptake during Heat Stress",NA,"10.3390/ijerph20054580","2023","Mulholland A.M.","International Journal of Environmental Research and Public Health","scopus_records",2023
"Quantitative Brain Morphometry of Portable Low-Field-Strength MRI Using Super-Resolution Machine Learning",NA,"10.1148/radiol.220522","2023","Iglesias J.E.","Radiology","scopus_records",2023
"Performance of Quantum Heat Engines Enhanced by Adiabatic Deformation of Trapping Potential",NA,"10.3390/e25030484","2023","Xiao Y.","Entropy","scopus_records",2023
"An undefined cystatin CsCPI1 from tea plant Camellia sinensis harbors antithrombotic activity",NA,"10.1016/j.biopha.2023.114285","2023","Fang M.","Biomedicine and Pharmacotherapy","scopus_records",2023
"Heterologous expression of recombinant nattokinase in Escherichia coli BL21(DE3) and media optimization for overproduction of nattokinase using RSM",NA,"10.1016/j.pep.2022.106198","2023","Modi A.","Protein Expression and Purification","scopus_records",2023
"Water exchange rates measure active transport and homeostasis in neural tissue",NA,"10.1093/pnasnexus/pgad056","2023","Williamson N.H.","Pnas Nexus","scopus_records",2023
"Whole Body Retrograde Perfusion Combined With Central Aortic Perfusion Strategy in the Repair of Distal Arch Pathology Through a Lateral Thoracotomy",NA,"10.1016/j.mayocp.2022.08.004","2023","Kawajiri H.","Mayo Clinic Proceedings","scopus_records",2023
"Association of Long-term Exposure to Particulate Air Pollution with Cardiovascular Events in California",NA,"10.1001/jamanetworkopen.2023.0561","2023","Alexeeff S.E.","JAMA Network Open","scopus_records",2023
"Contaminant Metals as Cardiovascular Risk Factors: A Scientific Statement From the American Heart Association",NA,"10.1161/jaha.122.026295","2023","Lamas G.A.","Journal of the American Heart Association","scopus_records",2023
"Burden of cardiovascular disease attributable to particulate matter pollution in the eastern Mediterranean region: analysis of the 1990–2019 global burden of disease",NA,"10.1093/eurjpc/zwac256","2023","Motairek I.","European Journal of Preventive Cardiology","scopus_records",2023
"A Potential Strategy for Atherosclerosis Prevention in Modernizing China — Hyperhomocysteinemia, MTHFR C677T Polymorphism and Air Pollution (PM2.5) on Atherogenesis in Chinese Adults",NA,"10.1007/s12603-023-1889-x","2023","Kwok C.Y.T.","Journal of Nutrition Health and Aging","scopus_records",2023
"Associations between Household Solid Fuel Use, Obesity, and Cardiometabolic Health in China: A Cohort Study from 2011 to 2018",NA,"10.3390/ijerph20042826","2023","Zhen S.","International Journal of Environmental Research and Public Health","scopus_records",2023
"The association between short-term ambient sulfur dioxide exposure and hospitalization costs of ischemic stroke: a hospital-based study in Chongqing, China",NA,"10.1007/s11356-022-23254-8","2023","Tang E.J.","Environmental Science and Pollution Research","scopus_records",2023
"Sleep Health as a Determinant of Disparities in Stroke Risk and Health Outcome",NA,"10.1161/strokeaha.122.039524","2023","Khot S.P.","Stroke","scopus_records",2023
"Mild hypothermia alleviates early brain injury after subarachnoid hemorrhage via suppressing pyroptosis through AMPK/NLRP3 inflammasome pathway in rats",NA,"10.1016/j.brainresbull.2022.12.004","2023","Zhou Z.","Brain Research Bulletin","scopus_records",2023
"Classification of Level of Consciousness in a Neurological ICU Using Physiological Data",NA,"10.1007/s12028-022-01586-0","2023","Gomez L.A.","Neurocritical Care","scopus_records",2023
"Mediating Effect of Heat Waves between Ecosystem Services and Heat-Related Mortality of Characteristic Populations: Evidence from Jiangsu Province, China",NA,"10.3390/ijerph20032750","2023","Wang L.","International Journal of Environmental Research and Public Health","scopus_records",2023
"Effect of PACAP on Heat Exposure",NA,"10.3390/ijms24043992","2023","Suzuki K.","International Journal of Molecular Sciences","scopus_records",2023
"The Pre-Stroke Induction and Normalization of Insulin Resistance Respectively Worsens and Improves Functional Recovery",NA,"10.3390/ijms24043989","2023","Vercalsteren E.","International Journal of Molecular Sciences","scopus_records",2023
"Influence of Temperature Chronobiology on Stroke Outcome",NA,"10.3390/ijms24043746","2023","Alonso-Alonso M.L.","International Journal of Molecular Sciences","scopus_records",2023
"New Insights into Stroke from Continuous Passively Collected Temperature and Sleep Data Using Wrist-Worn Wearables",NA,"10.3390/s23031069","2023","Edgley K.","Sensors","scopus_records",2023
"Cardiovascular mortality risks during the 2017 exceptional heatwaves in China",NA,"10.1016/j.envint.2023.107767","2023","Yan M.","Environment International","scopus_records",2023
"Pyridoxamine treatment ameliorates large artery stiffening and cerebral artery endothelial dysfunction in old mice",NA,"10.1177/0271678x221130124","2023","Reeve E.H.","Journal of Cerebral Blood Flow and Metabolism","scopus_records",2023
"The state of health in Pakistan and its provinces and territories, 1990–2019: a systematic analysis for the Global Burden of Disease Study 2019",NA,"10.1016/s2214-109x(22)00497-1","2023","Hafeez A.","Lancet Global Health","scopus_records",2023
"Effect of lubricating base oil on the oxidation behavior of diesel exhaust soot",NA,"10.1016/j.scitotenv.2022.160009","2023","Wang Y.","Science of the Total Environment","scopus_records",2023
"Systematic review and network meta-analysis of various nadir temperature strategies for hypothermic circulatory arrest for aortic arch surgery",NA,"10.1177/02184923221144959","2023","Shimamura J.","Asian Cardiovascular and Thoracic Annals","scopus_records",2023
"A robust HD-sEMG sensor suitable for convenient acquisition of muscle activity in clinical post-stroke dysphagia",NA,"10.1088/1741-2552/acab2f","2023","Zhao N.","Journal of Neural Engineering","scopus_records",2023
"Cooling Modality Effectiveness and Mortality Associate With Prehospital Care of Exertional Heat Stroke Casualities",NA,"10.1016/j.jemermed.2022.12.015","2023","DeGroot D.W.","Journal of Emergency Medicine","scopus_records",2023
"Low Evidence for Tinnitus Risk Factors: A Systematic Review and Meta-analysis",NA,"10.1007/s10162-022-00874-y","2023","Biswas R.","JARO Journal of the Association for Research in Otolaryngology","scopus_records",2023
"Expedited brain cooling: Persistent temperature management from first aid to interhospital treatment",NA,"10.1177/0271678x221127088","2023","Xu S.","Journal of Cerebral Blood Flow and Metabolism","scopus_records",2023
"Recent advances in arterial spin labeling perfusion MRI in patients with vascular cognitive impairment",NA,"10.1177/0271678x221135353","2023","Huang D.","Journal of Cerebral Blood Flow and Metabolism","scopus_records",2023
"Image quality assessment of advanced reconstruction algorithm for point-of-care MRI scanner",NA,"10.1117/1.jmi.10.s1.s11913","2023","Krupinski E.A.","Journal of Medical Imaging","scopus_records",2023
"Perfusion Maps Acquired From Dynamic Angiography MRI Using Deep Learning Approaches",NA,"10.1002/jmri.28315","2023","Asaduddin M.","Journal of Magnetic Resonance Imaging","scopus_records",2023
"Prospective Assessment of Cerebral Microbleeds with Low-Field Magnetic Resonance Imaging (0.55 Tesla MRI)",NA,"10.3390/jcm12031179","2023","Rusche T.","Journal of Clinical Medicine","scopus_records",2023
"Current Clinical Concepts: Heat Tolerance Testing",NA,"10.4085/1062-6050-352-21","2023","Butler C.","Journal of Athletic Training","scopus_records",2023
"Intelligent speech technologies for transcription, disease diagnosis, and medical equipment interactive control in smart hospitals: A review",NA,"10.1016/j.compbiomed.2022.106517","2023","Zhang J.","Computers in Biology and Medicine","scopus_records",2023
"Brown adipose tissue is not associated with cachexia or increased mortality in a retrospective study of patients with cancer",NA,"10.1152/ajpendo.00187.2022","2023","Eljalby M.","American Journal of Physiology Endocrinology and Metabolism","scopus_records",2023
"Taurine depletion impairs cardiac function and affects tolerance to hypoxia and high temperatures in brook char (Salvelinus fontinalis)",NA,"10.1242/jeb.245092","2023","Dixon T.A.M.","Journal of Experimental Biology","scopus_records",2023
"The Direction of Flow and Phase-encoding Schemes Effects on Signal Intensity in T1-weighted Inversion Recovery TurboFLASH Images",NA,"10.31661/jbpe.v0i0.2203-1468","2023","Nazarpoor M.","Journal of Biomedical Physics and Engineering","scopus_records",2023
"Reversible supraventricular tachycardia and left bundle branch block in a marathon runner with exertional heat stroke in the Po Valley",NA,"10.23750/abm.v94is1.14917","2023","Poggiali E.","Acta Biomedica","scopus_records",2023
"Precision Navigation of Venous Thrombosis Guided by Viscosity-Activatable Near-Infrared Fluorescence",NA,"10.1021/acs.analchem.2c04395","2023","Zhang W.","Analytical Chemistry","scopus_records",2023
"Endothelial cell TRPA1 activity exacerbates cerebral hemorrhage during severe hypertension",NA,"10.3389/fmolb.2023.1129435","2023","Sullivan M.N.","Frontiers in Molecular Biosciences","scopus_records",2023
"Particulate matter and ultrafine particles in urban air pollution and their effect on the nervous system",NA,"10.1039/d2em00276k","2023","Flood-Garibay J.A.","Environmental Science Processes and Impacts","scopus_records",2023
"Assessing the Spatiotemporal Characteristics, Factor Importance, and Health Impacts of Air Pollution in Seoul by Integrating Machine Learning into Land-Use Regression Modeling at High Spatiotemporal Resolutions",NA,"10.1021/acs.est.2c03027","2023","Li Y.","Environmental Science and Technology","scopus_records",2023
"Global Burden of Ischemic Stroke in Young Adults in 204 Countries and Territories",NA,"10.1212/wnl.0000000000201467","2023","Zhang R.","Neurology","scopus_records",2023
"Ambient particulate matter pollution of different sizes associated with recurrent stroke hospitalization in China: A cohort study of 1.07 million stroke patients",NA,"10.1016/j.scitotenv.2022.159104","2023","Cai M.","Science of the Total Environment","scopus_records",2023
"Epidemiology of Subarachnoid Hemorrhage in Isolated Islands in Japan: A Population-based Study in the Miyako Islands",NA,"10.2176/jns-nmc.2022-0212","2023","Wakuta N.","Neurologia Medico Chirurgica","scopus_records",2023
"Household air pollution, adherence to a healthy lifestyle, and risk of cardiometabolic multimorbidity: Results from the China health and retirement longitudinal study",NA,"10.1016/j.scitotenv.2022.158896","2023","Chen W.","Science of the Total Environment","scopus_records",2023
"Influences of temperature and humidity on cardiovascular disease among adults 65 years and older in China",NA,"10.3389/fpubh.2022.1079722","2023","Chen H.","Frontiers in Public Health","scopus_records",2023
"Associations Between Extreme Temperatures and Cardiovascular Cause-Specific Mortality: Results From 27 Countries",NA,"10.1161/circulationaha.122.061832","2023","Alahmad B.","Circulation","scopus_records",2023
"Particulate Air Pollution Exposure and Stroke among Adults in Israel",NA,"10.3390/ijerph20021482","2023","Gaines B.","International Journal of Environmental Research and Public Health","scopus_records",2023
"Association between short-term exposure to air pollutants and cause-specific daily mortality in Italy. A nationwide analysis",NA,"10.1016/j.envres.2022.114676","2023","Gariazzo C.","Environmental Research","scopus_records",2023
"Meta analysis of health effects of ambient air pollution exposure in low- and middle-income countries",NA,"10.1016/j.envres.2022.114604","2023","Badida P.","Environmental Research","scopus_records",2023
"Mortality Risk and Burden From a Spectrum of Causes in Relation to Size-Fractionated Particulate Matters: Time Series Analysis",NA,"10.2196/41862","2023","Yang J.","Jmir Public Health and Surveillance","scopus_records",2023
"Stroke burden and attributable risk factors in China, 1990–2019",NA,"10.3389/fneur.2023.1193056","2023","Tian W.","Frontiers in Neurology","scopus_records",2023
"The impact of air pollution on physical disability in a middle-aged and older Chinese population using regression discontinuity design",NA,"10.1016/j.healthplace.2022.102958","2023","Zhao Q.","Health and Place","scopus_records",2023
"Associations of Particulate Matter Exposures With Brain Gray Matter Thickness and White Matter Hyperintensities: Effect Modification by Low-Grade Chronic Inflammation",NA,"10.3346/jkms.2023.38.e159","2023","Cho J.","Journal of Korean Medical Science","scopus_records",2023
"Post-stroke dysphagia and ambient air pollution are associated with dementia",NA,"10.3389/fnagi.2023.1272213","2023","Lee K.W.","Frontiers in Aging Neuroscience","scopus_records",2023
"Hypertension and Stroke as Mediators of Air Pollution Exposure and Incident Dementia",NA,"10.1001/jamanetworkopen.2023.33470","2023","Zhang B.","JAMA Network Open","scopus_records",2023
"Causality of particulate matter on cardiovascular diseases and cardiovascular biomarkers",NA,"10.3389/fpubh.2023.1201479","2023","Wang Q.","Frontiers in Public Health","scopus_records",2023
"Particulate air pollution and cardiovascular disease mortality in Jiangsu Province, China: a time-series analysis between 2015 and 2021",NA,"10.3389/fpubh.2023.1218479","2023","Zhu F.","Frontiers in Public Health","scopus_records",2023
"Evaluation of an air quality warning system for vulnerable and susceptible individuals in Korea: an interrupted time series analysis",NA,"10.4178/epih.e2023020","2023","Park Y.H.","Epidemiology and Health","scopus_records",2023
"Burden and attributable risk factors of ischemic stroke in China from 1990 to 2019: an analysis from the Global Burden of Disease Study 2019",NA,"10.3389/fneur.2023.1216777","2023","Ye Y.","Frontiers in Neurology","scopus_records",2023
"Evidence of the adverse effects of air pollution on the population’s health in Spain: analysis of the economic costs of premature deaths",NA,"10.1590/0102-311xen145922","2023","Casal B.","Cadernos De Saude Publica","scopus_records",2023
"Disease burden based on gender and age and risk factors for stroke in China, 2019",NA,"10.11817/j.issn.1672-7347.2023.220561","2023","Guo Y.","Journal of Central South University Medical Sciences","scopus_records",2023
"Long-term exposure to traffic-related air pollution and stroke: A systematic review and meta-analysis",NA,"10.1016/j.ijheh.2022.114079","2023","Haddad P.","International Journal of Hygiene and Environmental Health","scopus_records",2023
"Air pollution deaths attributable to fossil fuels: Observational and modelling study",NA,"10.1136/bmj-2023-077784","2023","Lelieveld J.","BMJ","scopus_records",2023
"Fine particulate matter and cardiorespiratory health in China: A systematic review and meta-analysis of epidemiological studies",NA,"10.1016/j.jes.2022.04.026","2023","Luo H.","Journal of Environmental Sciences China","scopus_records",2023
"Air Pollution: Another Threat to HDL Function",NA,"10.3390/ijms24010317","2023","Ossoli A.","International Journal of Molecular Sciences","scopus_records",2023
"Association between household air pollution and all-cause and cause-specific mortality: a systematic review and meta-analysis",NA,"10.1007/s11356-022-24222-y","2023","Li N.","Environmental Science and Pollution Research","scopus_records",2023
"Adverse short-term effects of ozone on cardiovascular mortalities modified by season and temperature: a time-series study",NA,"10.3389/fpubh.2023.1182337","2023","Gao P.","Frontiers in Public Health","scopus_records",2023
"Association between ambient temperature and stroke risk in high-risk populations: a systematic review",NA,"10.3389/fneur.2023.1323224","2023","Danh N.","Frontiers in Neurology","scopus_records",2023
"Temperature variability increases the onset risk of ischemic stroke: A 10-year study in Tianjin, China",NA,"10.3389/fneur.2023.1155987","2023","Chen Z.","Frontiers in Neurology","scopus_records",2023
"Built Environments to Support Rehabilitation for People With Stroke From the Hospital to the Home (B-Sure): Protocol for a Mixed Method Participatory Co-Design Study",NA,"10.2196/52489","2023","Kylén M.","Jmir Research Protocols","scopus_records",2023
"Blocking autofluorescence in brain tissues affected by ischemic stroke, hemorrhagic stroke, or traumatic brain injury",NA,"10.3389/fimmu.2023.1168292","2023","Wang S.","Frontiers in Immunology","scopus_records",2023
"Subcortical White Matter Stroke in the Mouse: Inducing Injury and Tracking Cellular Proliferation",NA,"10.1007/978-1-0716-2926-0_2","2023","Marin M.A.","Methods in Molecular Biology Clifton N J","scopus_records",2023
"Wildfire-related smoke inhalation worsens cardiovascular risk in sleep disrupted rats",NA,"10.3389/fenvh.2023.1166918","2023","Martin W.K.","Frontiers in Environmental Health","scopus_records",2023
"Immersive Cooling in the Prehospital Setting for Heat Stroke: A Case Report",NA,"10.1080/10903127.2023.2201515","2023","Young D.","Prehospital Emergency Care","scopus_records",2023
"Evaluation of the health risk using multi-pollutant air quality health index: case study in Tianjin, China",NA,"10.3389/fpubh.2023.1177290","2023","Wang Y.","Frontiers in Public Health","scopus_records",2023
"Causal Effect of Tooth Loss on Cardiovascular Diseases",NA,"10.1177/00220345221120164","2023","Matsuyama Y.","Journal of Dental Research","scopus_records",2023
"Does environmental regulation lessen health risks? Evidence from Chinese cities",NA,"10.3389/fpubh.2023.1322666","2023","Xu Q.","Frontiers in Public Health","scopus_records",2023
"The value of a deep learning image reconstruction algorithm in whole-brain computed tomography perfusion in patients with acute ischemic stroke",NA,"10.21037/qims-23-547","2023","Lei L.","Quantitative Imaging in Medicine and Surgery","scopus_records",2023
"Return-to-Competition Progression After Exertional Heat Stroke in an Adolescent Runner: A Case Report",NA,"10.4085/1062-6050-0583.21","2023","Rivera-Brown A.M.","Journal of Athletic Training","scopus_records",2023
"Toward a More Climate-Sustainable Diet: Possible Deleterious Impacts on Health When Diet Quality Is Ignored",NA,"10.1016/j.tjnut.2022.10.004","2023","Strid A.","Journal of Nutrition","scopus_records",2023
"Mortality burden attributable to temperature variability in China",NA,"10.1038/s41370-022-00424-x","2023","Gong W.","Journal of Exposure Science and Environmental Epidemiology","scopus_records",2023
"Jamaican Susumber Berry Poisoning Mimicking Acute Stroke",NA,"10.1159/000525686","2023","Tamaiev J.","Cerebrovascular Diseases","scopus_records",2023
"A comparison of simultaneous multislice and conventional diffusion tensor imaging techniques for ischemic stroke evaluation at 1.5T",NA,"10.1259/bjr.20220222","2023","Culleton S.","British Journal of Radiology","scopus_records",2023
"Transcranial Doppler analysis based on computer and artificial intelligence for acute cerebrovascular disease",NA,"10.3934/mbe.2023077","2023","Gan L.","Mathematical Biosciences and Engineering","scopus_records",2023
"Out-of-Hospital Cold Water Immersion for Classic (Non-Exertional) Heat Stroke Guided by Real-Time Core Temperature Monitoring: A Case Series",NA,"10.1080/10903127.2022.2148795","2023","Jacobsen R.C.","Prehospital Emergency Care","scopus_records",2023
"Climate change and nephrology",NA,"10.1093/ndt/gfab258","2023","Sasai F.","Nephrology Dialysis Transplantation","scopus_records",2023
"Effects of Cooling Interventions with Different Target Temperatures on Heat Stroke Rats",NA,"10.2147/jir.s408316","2023","Wu C.","Journal of Inflammation Research","scopus_records",2023
"Utilizing Social Determinants of Health Model to Understand Barriers to Medication Adherence in Patients with Ischemic Stroke: A Systematic Review",NA,"10.2147/ppa.s420059","2023","Ruksakulpiwat S.","Patient Preference and Adherence","scopus_records",2023
"Somatosensory Impairment and Chronic Pain Following Stroke: An Observational Study",NA,"10.3390/ijerph20020906","2023","Haslam B.S.","International Journal of Environmental Research and Public Health","scopus_records",2023
"Infradian Rhythms in Cerebrovascular Oxygenation and Blood Volume in Humans at Rest: A 5-Year Study",NA,"10.1007/978-3-031-42003-0_7","2023","Scholkmann F.","Advances in Experimental Medicine and Biology","scopus_records",2023
"Wrist EMG Improves Gesture Classification for Stroke Patients",NA,"10.1109/icorr58425.2023.10304705","2023","Olsen C.D.","IEEE International Conference on Rehabilitation Robotics","scopus_records",2023
"X-RIM: Extreme Recurrent Independent Mechanisms for Noise-resistant and Interpretable Stroke Risk Prediction",NA,"10.1109/embc40787.2023.10339978","2023","Hsieh Y.H.","Proceedings of the Annual International Conference of the IEEE Engineering in Medicine and Biology Society EMBS","scopus_records",2023
"Analysis of motility and mucociliary function of tracheal epithelial cilia",NA,"10.1016/bs.mcb.2022.12.015","2023","Fujisawa T.","Methods in Cell Biology","scopus_records",2023
"Enhanced Street Crossing Features are Associated with Higher Post-Stroke Physical Quality of Life",NA,"10.1080/10749357.2022.2108970","2023","Twardzik E.","Topics in Stroke Rehabilitation","scopus_records",2023
"Towards continuous EIT monitoring for hemorrhagic stroke patients",NA,"10.3389/fphys.2023.1157371","2023","Ouypornkochagorn T.","Frontiers in Physiology","scopus_records",2023
"Modeling the dynamics of cerebrovascular reactivity to carbon dioxide in fMRI under task and resting-state conditions",NA,"10.1016/j.neuroimage.2022.119758","2023","Shams S.","Neuroimage","scopus_records",2023
"Mild allergic airways responses to an environmental mixture increase cardiovascular risk in rats",NA,"10.1093/toxsci/kfac112","2023","Farraj A.K.","Toxicological Sciences","scopus_records",2023
"A Bayesian estimation method for cerebral blood flow measurement by area-detector CT perfusion imaging",NA,"10.1007/s00234-022-03013-9","2023","Murayama K.","Neuroradiology","scopus_records",2023
"Mealcoach: Contact Microphone-Based Meal Supervision For Post-Stroke Dysphagia Patients",NA,"10.1109/embc40787.2023.10340832","2023","Gong Y.","Proceedings of the Annual International Conference of the IEEE Engineering in Medicine and Biology Society EMBS","scopus_records",2023
"Therapeutic potential of traditional Chinese medicine on heat stroke",NA,"10.3389/fphar.2023.1228943","2023","Li L.","Frontiers in Pharmacology","scopus_records",2023
"Top-down and bottom-up stimulation techniques combined with action observation treatment in stroke rehabilitation: a perspective",NA,"10.3389/fneur.2023.1156987","2023","Qi F.","Frontiers in Neurology","scopus_records",2023
"Protective Effects of Mesenchymal Stem Cells Against Central Nervous System Injury in Heat Stroke",NA,"10.2174/1574888x17666220511144254","2023","Yuan R.","Current Stem Cell Research and Therapy","scopus_records",2023
"Biopharmaceutical, preclinical pharmacokinetic and pharmaco-dynamic investigations of an orally administered novel 3-nbutylphthalide prodrug for ischemic stroke treatment",NA,"10.1016/j.ejps.2022.106308","2023","Zhang Q.","European Journal of Pharmaceutical Sciences","scopus_records",2023
"Thermal Grill Illusion in Post-Stroke Patients: Analysis of Clinical Features and Lesion Areas",NA,"10.2147/jpr.s433309","2023","Matsuda S.","Journal of Pain Research","scopus_records",2023
"Massive MCA stroke requiring alteplase followed by thrombectomy in a 34-year-old female with alport syndrome",NA,"10.1016/j.ajem.2022.10.008","2023","Taube S.","American Journal of Emergency Medicine","scopus_records",2023
"Deep Learning–Based Synthetic TOF-MRA Generation Using Time-Resolved MRA in Fast Stroke Imaging",NA,"10.3174/ajnr.a8063","2023","You S.H.","American Journal of Neuroradiology","scopus_records",2023
"Delayed metabolic disturbances in the myocardium after exertional heat stroke: contrasting effects of exertion and thermal load",NA,"10.1152/japplphysiol.00372.2023","2023","Garcia C.K.","Journal of Applied Physiology","scopus_records",2023
"Mechanisms of Arsenic Exposure-Induced Hypertension and Atherosclerosis: an Updated Overview",NA,"10.1007/s12011-022-03153-2","2023","Balarastaghi S.","Biological Trace Element Research","scopus_records",2023
"Predictive value of the Oxford Acute Severity of Illness Score in acute stroke patients with stroke-associated pneumonia",NA,"10.3389/fneur.2023.1251944","2023","Wang X.","Frontiers in Neurology","scopus_records",2023
"Heat stroke alters hippocampal and cerebellar transmitter metabonomics",NA,"10.5847/wjem.j.1920-8642.2023.068","2023","He G.","World Journal of Emergency Medicine","scopus_records",2023
"Investigation into Friction and Wear Characteristics of 316L Stainless-Steel Wire at High Temperature",NA,"10.3390/ma16010213","2023","Huang M.","Materials","scopus_records",2023
"BOLD cardiorespiratory pulsatility in the brain: from noise to signal of interest",NA,"10.3389/fnhum.2023.1327276","2023","Delli Pizzi S.","Frontiers in Human Neuroscience","scopus_records",2023
"The pathogenesis and therapeutic strategies of heat stroke-induced myocardial injury",NA,"10.3389/fphar.2023.1286556","2023","Xia R.","Frontiers in Pharmacology","scopus_records",2023
"Improved spatial–temporal graph convolutional networks for upper limb rehabilitation assessment based on precise posture measurement",NA,"10.3389/fnins.2023.1219556","2023","Bai J.","Frontiers in Neuroscience","scopus_records",2023
"The Choice of Healthy Source of Energy for Cooking Among Households in Ghana: Does Financial Inclusion Matter?",NA,"10.1177/11786302221150352","2023","Immurana M.","Environmental Health Insights","scopus_records",2023
"Temperature analysis of aortic repair with hypothermic circulatory arrest to quantify the injury by cooling",NA,"10.1093/icvts/ivac282","2023","Sato H.","Interdisciplinary Cardiovascular and Thoracic Surgery","scopus_records",2023
"Human-Delivered Brushstroke Characterization Using an Instrumented Brush Focused on Torque",NA,"10.1109/whc56415.2023.10224489","2023","Landsman Z.T.","2023 IEEE World Haptics Conference Whc 2023 Proceedings","scopus_records",2023
"Ambient carbon monoxide and cardiovascular-related hospital admissions: A time-series analysis",NA,"10.3389/fphys.2023.1126977","2023","Taheri M.","Frontiers in Physiology","scopus_records",2023
"LiDAR-Based Hand Contralateral Controlled Functional Electrical Stimulation System",NA,"10.1109/tnsre.2023.3260210","2023","He S.","IEEE Transactions on Neural Systems and Rehabilitation Engineering","scopus_records",2023
"In vivo brain temperature mapping using polymer optical fiber Bragg grating sensors",NA,"10.1364/ol.498031","2023","Sui K.","Optics Letters","scopus_records",2023
"A Systematic Review on Outcomes of Patients with Heatstroke and Heat Exhaustion",NA,"10.2147/oaem.s419028","2023","Adnan Bukhari H.","Open Access Emergency Medicine","scopus_records",2023
"SGLSA: Sphygmus gated laser speckle angiography for microcirculation hemodynamics imaging",NA,"10.1016/j.compmedimag.2022.102164","2023","Feng X.","Computerized Medical Imaging and Graphics","scopus_records",2023
"Integrated Mechano-Electrochemical Harvesting Fiber and Thermally Responsive Artificial Muscle for Self-Powered Temperature–Strain Dual-Parameter Sensor",NA,"10.3390/s23010269","2023","Sim H.J.","Sensors","scopus_records",2023
"A Clinical Perspective on Bespoke Sensing Mechanisms for Remote Monitoring and Rehabilitation of Neurological Diseases: Scoping Review",NA,"10.3390/s23010536","2023","Yen J.M.","Sensors","scopus_records",2023
"Cholinergic deficiency in the cholinergic system as a pathogenetic link in the formation of various syndromes in COVID-19",NA,"10.4103/cjop.cjop-d-22-00072","2023","Lysenkov S.P.","Chinese Journal of Physiology","scopus_records",2023
"Exploring atherosclerosis imaging with contrast-enhanced MRI using PEGylated ultrasmall iron oxide nanoparticles",NA,"10.3389/fbioe.2023.1279446","2023","Zhang R.","Frontiers in Bioengineering and Biotechnology","scopus_records",2023
"Cardiovascular responses to hot skin at rest and during exercise",NA,"10.1080/23328940.2022.2109931","2023","Chou T.H.","Temperature","scopus_records",2023
"Diagnostic Dilemma in a Case of Lyme Borreliosis Presenting as Severe Anion Gap Metabolic Acidosis: A Case Report",NA,"10.12659/ajcr.939196","2023","Wallace L.A.","American Journal of Case Reports","scopus_records",2023
"Case report: reuse of tirofiban leads to very severe thrombocytopenia",NA,"10.3389/fcvm.2023.1130552","2023","Li Y.","Frontiers in Cardiovascular Medicine","scopus_records",2023
"Neighborhood Factors, Individual Stressors, and Cardiovascular Health among Black and White Adults in the US: The Reasons for Geographic and Racial Differences in Stroke (REGARDS) Study",NA,"10.1001/jamanetworkopen.2023.36207","2023","Hines A.L.","JAMA Network Open","scopus_records",2023
"A New Method of Identifying Characteristic Points in the Impedance Cardiography Signal Based on Empirical Mode Decomposition",NA,"10.3390/s23020675","2023","Trybek P.","Sensors","scopus_records",2023
"Duration of antimicrobial therapy after video-assisted thoracoscopic surgery for thoracic empyema and complicated parapneumonic effusion: A single-center study",NA,"10.1016/j.resinv.2022.11.001","2023","Yukumi S.","Respiratory Investigation","scopus_records",2023
"Assessing the Generalizability of a Deep Learning-based Automated Atrial Fibrillation Algorithm",NA,"10.1109/embc40787.2023.10341108","2023","Argha A.","Proceedings of the Annual International Conference of the IEEE Engineering in Medicine and Biology Society EMBS","scopus_records",2023
"Body mass index, but not sex, influences exertional heat stroke risk in young healthy men and women",NA,"10.1152/ajpregu.00168.2022","2023","Giersch G.E.W.","American Journal of Physiology Regulatory Integrative and Comparative Physiology","scopus_records",2023
"Heat illness",NA,NA,"2023","Hoek A.E.","Nederlands Tijdschrift Voor Geneeskunde","scopus_records",2023
"Heat Exhaustion and Heat Stroke",NA,"10.1016/b978-0-323-75576-4.00412-9","2023","Ferri F.F.","Ferri S Clinical Advisor 2024","scopus_records",2023
"Rectal Temperature Cooling Using 2 Cold-Water Immersion Preparation Strategies",NA,"10.4085/1062-6050-0248.22","2023","Miller K.C.","Journal of Athletic Training","scopus_records",2023
"Core body temperature responses during competitive sporting events: A narrative review",NA,"10.5114/biolsport.2023.124842","2023","Singh G.","Biology of Sport","scopus_records",2023
"Case report: Heterozygous mutation in HTRA1 causing typical cerebral autosomal recessive arteriopathy with subcortical infarcts and leukoencephalopathy",NA,"10.3389/fgene.2023.1235650","2023","Li Y.M.","Frontiers in Genetics","scopus_records",2023
"Apnoea detection using ECG signal based on machine learning classifiers and its performances",NA,"10.1080/03091902.2024.2336500","2023","J R.G.","Journal of Medical Engineering and Technology","scopus_records",2023
"Endothelial glycocalyx injury is involved in heatstroke-associated coagulopathy and protected by N-acetylcysteine",NA,"10.3389/fimmu.2023.1159195","2023","Peng N.","Frontiers in Immunology","scopus_records",2023
"Mortality among Tennessee Eastman Corporation (TEC) uranium processing workers, 1943–2019",NA,"10.1080/09553002.2022.2078003","2023","Boice J.D.","International Journal of Radiation Biology","scopus_records",2023
"A risk nomogram for predicting prolonged intensive care unit stays in patients with chronic obstructive pulmonary disease",NA,"10.3389/fmed.2023.1177786","2023","Cheng H.","Frontiers in Medicine","scopus_records",2023
"7th International Conference on Computer Vision and Image Processing, CVIP 2022",NA,NA,"2023",NA,"Communications in Computer and Information Science","scopus_records",2023
"Regional impacts on air quality and health of changing a manufacturing facility’s grid-boiler to a combined heat and power system",NA,"10.1080/10962247.2023.2248922","2023","Safaei Kouchaksaraei E.","Journal of the Air and Waste Management Association","scopus_records",2023
"20th International Conference on Computer Analysis of Images and Patterns, CAIP 2023",NA,NA,"2023",NA,"Lecture Notes in Computer Science Including Subseries Lecture Notes in Artificial Intelligence and Lecture Notes in Bioinformatics","scopus_records",2023
"Development and validation of a predicted nomogram for mortality of COVID-19: a multicenter retrospective cohort study of 4,711 cases in multiethnic",NA,"10.3389/fmed.2023.1136129","2023","Shi Y.","Frontiers in Medicine","scopus_records",2023
"Hypothermia following cold-water immersion treatment for exertional heat illness",NA,"10.1080/15438627.2021.1966007","2023","Stone G.L.","Research in Sports Medicine","scopus_records",2023
"Developing a real-time detection tool and an early warning score using a continuous wearable multi-parameter monitor",NA,"10.3389/fphys.2023.1138647","2023","Eisenkraft A.","Frontiers in Physiology","scopus_records",2023
"A review of construction workforce health challenges and strategies in extreme weather conditions",NA,"10.1080/10803548.2022.2082138","2023","Karthick S.","International Journal of Occupational Safety and Ergonomics","scopus_records",2023
"Cochlear implantation in unilateral hearing loss: impact of short- to medium-term auditory deprivation",NA,"10.3389/fnins.2023.1247269","2023","Ullah M.N.","Frontiers in Neuroscience","scopus_records",2023
"Acute Infarcts on Brain MRI Following Aortic Arch Repair With Circulatory Arrest: Insights From the ACE CardioLink-3 Randomized Trial",NA,"10.1161/strokeaha.122.041612","2023","Chen C.H.","Stroke","scopus_records",2023
"Machine learning for the prediction of all-cause mortality in patients with sepsis-associated acute kidney injury during hospitalization",NA,"10.3389/fimmu.2023.1140755","2023","Zhou H.","Frontiers in Immunology","scopus_records",2023
"Generating dynamic carbon-dioxide traces from respiration-belt recordings: Feasibility using neural networks and application in functional magnetic resonance imaging",NA,"10.3389/fnimg.2023.1119539","2023","Agrawal V.","Frontiers in Neuroimaging","scopus_records",2023
"Long-term outcomes of common carotid artery cannulation for elective aortic surgery - A follow-up study",NA,"10.21037/jtd-24-735","2024","Penov K.","Journal of Thoracic Disease","scopus_records",2024
"Rifaximin alleviates intestinal barrier disruption and systemic inflammation via the PXR/NFκB/MLCK pathway and modulates intestinal Lachnospiraceae abundance in heat-stroke mice",NA,"10.1016/j.intimp.2024.113462","2024","Du L.","International Immunopharmacology","scopus_records",2024
"Application of high-quality targeted temperature management guided by multimodal brain monitoring in brain protection of patients with cardiac arrest A case series",NA,"10.1097/md.0000000000040943","2024","Xia W.","Medicine United States","scopus_records",2024
"Cerebral gas embolism and multifocal ischemic stroke during oxygen-ozone therapy: A case report",NA,"10.1136/bmjno-2024-000885","2024","Khosravi S.","BMJ Neurology Open","scopus_records",2024
"Assessment of Relationship Between Dietary Factors, Socioeconomic Factors, Behavioral Factors, Physical Measurement, and Risk of Migraine A Univariable and Multivariable Mendelian Randomization Study",NA,"10.1097/ajp.0000000000001268","2024","Zhang Y.","Clinical Journal of Pain","scopus_records",2024
"Suspected exertional heat stroke: A case study of worker cooling in a hot and humid field environment",NA,"10.3233/wor-240060","2024","Rogerson S.","Work","scopus_records",2024
"Diurnal temperature range and cardiopulmonary health in Taiwan: Evaluating impacts, thresholds, and vulnerable groups",NA,"10.1016/j.envres.2024.120083","2024","Lung S.C.C.","Environmental Research","scopus_records",2024
"Mechanistic insight into airborne particulate matter PM10 as an environmental hazard for hemorrhagic stroke: Evidence from in vitro and in vivo studies",NA,"10.1016/j.jhazmat.2024.136319","2024","Lee C.H.","Journal of Hazardous Materials","scopus_records",2024
"Cardiovascular health and economic outcomes under improved air quality in China: a modelling study",NA,"10.1136/bmjgh-2024-016974","2024","Wang S.","BMJ Global Health","scopus_records",2024
"Ambient Temperature and Stroke Risk Among Adults Aged 18-64 Years: A Case-Crossover Study",NA,"10.1016/j.jacc.2024.08.058","2024","Chu L.","Journal of the American College of Cardiology","scopus_records",2024
"The Impact of Air Pollution on Cardiovascular Health Outcomes in African Populations: A Scoping Review",NA,"10.1016/j.jacadv.2024.101371","2024","Adeoye M.","Jacc Advances","scopus_records",2024
"Meteorological factors and risk of ischemic stroke, intracranial hemorrhage, and subarachnoid hemorrhage: A time-stratified case-crossover study",NA,"10.1177/17474930241270483","2024","Chen S.J.","International Journal of Stroke","scopus_records",2024
"Air pollution and risk of 32 health conditions: outcome-wide analyses in a population-based prospective cohort in Southwest China",NA,"10.1186/s12916-024-03596-5","2024","Zhou H.","BMC Medicine","scopus_records",2024
"Air pollution below US regulatory standards and cardiovascular diseases using a double negative control approach",NA,"10.1038/s41467-024-52117-8","2024","Wang Y.","Nature Communications","scopus_records",2024
"Differential effects of air pollution on ischemic stroke and ischemic heart disease by ethnicity in a nationwide cohort in the Netherlands",NA,"10.1186/s12889-024-21032-4","2024","van den Brekel L.","BMC Public Health","scopus_records",2024
"Global trends and hotspots in the study of the effects of PM2.5 on ischemic stroke",NA,"10.1186/s41043-024-00622-3","2024","Liu Q.","Journal of Health Population and Nutrition","scopus_records",2024
"Burden of cardiovascular disease attributed to air pollution: a systematic review",NA,"10.1186/s12992-024-01040-0","2024","Khoshakhlagh A.H.","Globalization and Health","scopus_records",2024
"Global, regional, and national impact of air pollution on stroke burden: changing landscape from 1990 to 2021",NA,"10.1186/s12889-024-20230-4","2024","Fan Y.X.","BMC Public Health","scopus_records",2024
"Association between exposure to smoke from cooking fuels and anaemia among women of reproductive age in Ghana",NA,"10.1038/s41598-024-66602-z","2024","Adarkwa S.A.","Scientific Reports","scopus_records",2024
"Associations of long-term nitrogen dioxide exposure with a wide spectrum of diseases: a prospective cohort study of 0·5 million Chinese adults",NA,"10.1016/s2468-2667(24)00264-0","2024","Xia X.","Lancet Public Health","scopus_records",2024
"Interaction between ambient CO and temperature or relative humidity on the risk of stroke hospitalization",NA,"10.1038/s41598-024-67568-8","2024","Liu Z.","Scientific Reports","scopus_records",2024
"The mediating effect of sleep quality on solid cooking fuel use and psychological distress among rural older adults: evidence from Shandong, China",NA,"10.1186/s12877-024-05327-0","2024","Luo J.","BMC Geriatrics","scopus_records",2024
"Short-term ozone exposure on stroke mortality and mitigation by greenness in rural and urban areas of Shandong Province, China",NA,"10.1186/s12889-024-20454-4","2024","Zhao K.","BMC Public Health","scopus_records",2024
"Beyond Control: Temperature Burden in Patients with Spontaneous Subarachnoid Hemorrhage—An Observational Study",NA,"10.1007/s12028-024-02022-1","2024","Rass V.","Neurocritical Care","scopus_records",2024
"Analysis and projections of disease burden for different risk factors and sexes of ischemic stroke in young adults in China",NA,"10.1038/s41598-024-63920-0","2024","Gao Y.","Scientific Reports","scopus_records",2024
"Heat stress induces a three-phase thermoregulatory response in different hot and humid environments in rats",NA,"10.1016/j.scitotenv.2024.176476","2024","Li L.","Science of the Total Environment","scopus_records",2024
"Postoperative fever and clinical outcomes after endoscopic surgery for spontaneous intracerebral hemorrhage: a retrospective database study",NA,"10.1186/s12883-024-03898-4","2024","Liu S.","BMC Neurology","scopus_records",2024
"The impacts of mask-wearing regulations on stroke morbidity and mortality: a population-based retrospective cohort study in China",NA,"10.1186/s12889-024-20837-7","2024","Shi Y.","BMC Public Health","scopus_records",2024
"Hypothermia on the first day of ICU admission leads to increased in-hospital mortality in patients with subarachnoid hemorrhage",NA,"10.1038/s41598-024-60657-8","2024","Du W.","Scientific Reports","scopus_records",2024
"Ozone therapy mitigates parthanatos after ischemic stroke",NA,"10.1186/s40659-024-00547-5","2024","Li J.","Biological Research","scopus_records",2024
"Analyzing stroke burden and risk factors in India using data from the Global Burden of Disease Study",NA,"10.1038/s41598-024-72551-4","2024","Behera D.K.","Scientific Reports","scopus_records",2024
"Risk factors of early death in heat stroke and the challenges of emergency care in Hungary - a case series study",NA,"10.1186/s12245-024-00743-w","2024","Ádám K.","International Journal of Emergency Medicine","scopus_records",2024
"Impact of fever on the outcome non-anoxic acute brain injury patients: a systematic review and meta-analysis",NA,"10.1186/s13054-024-05132-6","2024","Gouvêa Bogossian E.","Critical Care","scopus_records",2024
"Global, regional, and national epidemiology of ischemic stroke from 1990 to 2021",NA,"10.1111/ene.16481","2024","Hou S.","European Journal of Neurology","scopus_records",2024
"A simple psychophysical procedure separates representational and noise components in impairments of speech prosody perception after right-hemisphere stroke",NA,"10.1038/s41598-024-64295-y","2024","Adl Zarrabi A.","Scientific Reports","scopus_records",2024
"Impact of neem oil biodiesel blends on physical and chemical properties of particulate matter emitted from diesel engines",NA,"10.1016/j.envpol.2024.124972","2024","Fadairo A.A.","Environmental Pollution","scopus_records",2024
"The antibiotic therapy containing contezolid successfully treated methicillin-sensitive Staphylococcus aureus infective endocarditis accompanied with cerebrovascular complications",NA,"10.1186/s12879-024-10157-x","2024","Chen Y.","BMC Infectious Diseases","scopus_records",2024
"Association of ambient temperature on acute ischemic stroke in Yancheng, China",NA,"10.1186/s12889-024-19423-8","2024","Qian K.","BMC Public Health","scopus_records",2024
"Seasonal and monthly stroke incidence in relation to weather variables: a preliminary single-centre epidemiologic study",NA,"10.1038/s41598-024-75765-8","2024","Maciejczak A.","Scientific Reports","scopus_records",2024
"Curcumin nanoparticles in heat stroke management",NA,"10.1186/s12951-024-02771-3","2024","Guo F.","Journal of Nanobiotechnology","scopus_records",2024
"A temperature-ultrasound sensitive nanoparticle delivery system for exploring central neuroinflammation mechanism in stroke-heart syndrome",NA,"10.1186/s12951-024-02961-z","2024","Jiang M.","Journal of Nanobiotechnology","scopus_records",2024
"Adverse health effects of exposure to plastic, microplastics and their additives: environmental, legal and policy implications for Israel",NA,"10.1186/s13584-024-00628-6","2024","Belmaker I.","Israel Journal of Health Policy Research","scopus_records",2024
"Resveratrol inhibits ferroptosis in the lung tissues of heat stroke-induced rats via the Nrf2 pathway",NA,"10.1186/s40360-024-00810-1","2024","Du L.","BMC Pharmacology and Toxicology","scopus_records",2024
"Lanthanide luminescence nanothermometer with working wavelength beyond 1500 nm for cerebrovascular temperature imaging in vivo",NA,"10.1038/s41467-024-46727-5","2024","Wu Y.","Nature Communications","scopus_records",2024
"The impact of scavenging air state on the combustion and emission performance of marine two-stroke dual-fuel engine",NA,"10.1038/s41598-024-66826-z","2024","Yu H.","Scientific Reports","scopus_records",2024
"Optimizing Radiation Dose and Image Quality in Stroke CT Protocols: Proposed Diagnostic Reference Levels for Multiphase CT Angiography and Perfusion Imaging",NA,"10.3390/diagnostics14242866","2024","Forbrig R.","Diagnostics","scopus_records",2024
"Impact of deep Learning-enhanced contrast on diagnostic accuracy in stroke CT angiography",NA,"10.1016/j.ejrad.2024.111808","2024","Steinmetz S.","European Journal of Radiology","scopus_records",2024
"Forecasting thermal stress for sports tourists at the 2026 FIFA World Cup",NA,"10.1007/s00484-024-02785-4","2024","Craig C.","International Journal of Biometeorology","scopus_records",2024
"Utilizing machine learning to facilitate the early diagnosis of posterior circulation stroke",NA,"10.1186/s12883-024-03638-8","2024","Abujaber A.A.","BMC Neurology","scopus_records",2024
"Measurement properties of movement smoothness metrics for upper limb reaching movements in people with moderate to severe subacute stroke",NA,"10.1186/s12984-024-01382-1","2024","Cornec G.","Journal of Neuroengineering and Rehabilitation","scopus_records",2024
"A novel higher performance nomogram based on explainable machine learning for predicting mortality risk in stroke patients within 30 days based on clinical features on the first day ICU admission",NA,"10.1186/s12911-024-02547-7","2024","Chen H.","BMC Medical Informatics and Decision Making","scopus_records",2024
"Time-series analysis of temperature variability and cardiovascular emergency department visits in Atlanta over a 27-year period",NA,"10.1186/s12940-024-01048-4","2024","Lane M.","Environmental Health A Global Access Science Source","scopus_records",2024
"The Functional Capacity of the Upper Airway in Older Adults with Chronic Stroke",NA,"10.3390/geriatrics9060140","2024","Prados-Román E.","Geriatrics Switzerland","scopus_records",2024
"Consequences of ionizing radiation exposure to the cardiovascular system",NA,"10.1038/s41569-024-01056-4","2024","Jahng J.W.S.","Nature Reviews Cardiology","scopus_records",2024
"Evaluation of upper limb perception after stroke with the new Affected Limb Perception Questionnaire (ALPQ): a study protocol",NA,"10.1186/s12883-024-03648-6","2024","Konik S.","BMC Neurology","scopus_records",2024
"Surviving a classic heat stroke/hyperthermia > 42 °C – a case report",NA,"10.1186/s12245-024-00705-2","2024","Schmidt S.V.","International Journal of Emergency Medicine","scopus_records",2024
"Effective Strategies and a Ten-Point Plan for Cardio-Kidney-Metabolic Health in Croatia: An Expert Opinion",NA,"10.3390/jcm13237028","2024","Reiner Ž.","Journal of Clinical Medicine","scopus_records",2024
"Noise annoyance and cardiovascular disease risk: results from a 10-year follow-up study",NA,"10.1038/s41598-024-56250-8","2024","Hahad O.","Scientific Reports","scopus_records",2024
"Acute nicotine exposure attenuates neurological deficits, ischemic injury and brain inflammatory responses and restores hippocampal long-term potentiation in ischemic stroke followed by lipopolysaccharide-induced sepsis-like state",NA,"10.1016/j.expneurol.2024.114946","2024","Abbaspour S.","Experimental Neurology","scopus_records",2024
"Time-of-flight MRA of intracranial vessels at 7 T",NA,"10.1186/s41747-024-00463-z","2024","Cosottini M.","European Radiology Experimental","scopus_records",2024
"Proportional myoelectric control of a virtual bionic arm in participants with hemiparesis, muscle spasticity, and impaired range of motion",NA,"10.1186/s12984-024-01529-0","2024","Thomson C.J.","Journal of Neuroengineering and Rehabilitation","scopus_records",2024
"The Urban–Rural Divide in Neurocritical Care in Low-Income and Middle-Income Countries",NA,"10.1007/s12028-024-02040-z","2024","Mahajan C.","Neurocritical Care","scopus_records",2024
"Effects of adaptation measures to extreme heat throughout medium and high temperature periods, case study at the Osaka expo site",NA,"10.1038/s41598-024-56458-8","2024","Takebayashi H.","Scientific Reports","scopus_records",2024
"Association of large core middle cerebral artery stroke and hemorrhagic transformation with hospitalization outcomes",NA,"10.1038/s41598-024-60635-0","2024","Pohlmann J.E.","Scientific Reports","scopus_records",2024
"Lithium: current state of the art and future directions",NA,"10.1186/s40345-024-00362-7","2024","Gitlin M.","International Journal of Bipolar Disorders","scopus_records",2024
"Barriers and facilitators to a task-shifted stroke prevention program for children with sickle cell anemia in a community hospital: a qualitative study",NA,"10.1186/s43058-023-00534-z","2024","Bello-Manga H.","Implementation Science Communications","scopus_records",2024
"Falciparum malaria with haemorrhagic stroke in a 26-year male patient: report of a rare case",NA,"10.1186/s12936-024-05022-w","2024","Birhanu A.M.","Malaria Journal","scopus_records",2024
"Detectability of intracranial vessel wall atherosclerosis using black-blood spectral CT: a phantom and clinical study",NA,"10.1186/s41747-024-00473-x","2024","Zhang F.","European Radiology Experimental","scopus_records",2024
"Effects of isorhamnetin on liver injury in heat stroke-affected rats under dry-heat environments via oxidative stress and inflammatory response",NA,"10.1038/s41598-024-57852-y","2024","Yang X.","Scientific Reports","scopus_records",2024
"Comparative analysis of atherosclerotic cardiovascular disease burden between ages 20–54 and over 55 years: insights from the Global Burden of Disease Study 2019",NA,"10.1186/s12916-024-03527-4","2024","Li Z.","BMC Medicine","scopus_records",2024
"Sinusitis-associated ischemic stroke in an adolescent patient with Cornelia de Lange syndrome",NA,"10.1016/j.radcr.2024.08.071","2024","Yamataka M.","Radiology Case Reports","scopus_records",2024
"The effect of repeated hot water immersion on vascular function, blood pressure and central haemodynamics in individuals with type 2 diabetes mellitus",NA,"10.1016/j.jtherbio.2024.104017","2024","James T.J.","Journal of Thermal Biology","scopus_records",2024
"A Higher Charlson Comorbidity Index Is a Risk Factor for Hip Fracture in Older Adults During Low-Temperature Periods: A Cross-Sectional Study",NA,"10.3390/medicina60121962","2024","Chiang M.H.","Medicina Lithuania","scopus_records",2024
"Effect of Ball Burnishing on Fretting at Elevated Temperatures",NA,"10.3390/ma17235960","2024","Swirad S.","Materials","scopus_records",2024
"Exertional heat stroke-induced changes in gut microbiota cause cognitive impairment in mice",NA,"10.1186/s12866-024-03276-7","2024","Xie J.","BMC Microbiology","scopus_records",2024
"Neuroscience of the human thalamus related to acute pain and chronic ""thalamic"" pain",NA,"10.1152/jn.00065.2024","2024","Lenz F.A.","Journal of Neurophysiology","scopus_records",2024
"Current Situation of Heat Stress Studies on Kendo Players: A Scoping Review",NA,"10.3390/jfmk9040219","2024","Shishido H.","Journal of Functional Morphology and Kinesiology","scopus_records",2024
"Enhancing diffusion-weighted prostate MRI through self-supervised denoising and evaluation",NA,"10.1038/s41598-024-75007-x","2024","Pfaff L.","Scientific Reports","scopus_records",2024
"Relationship Between Urinary Uranium and Cardiac Geometry and Left Ventricular Function: The Strong Heart Study",NA,"10.1016/j.jacadv.2024.101408","2024","Lieberman-Cribbin W.","Jacc Advances","scopus_records",2024
"Efficacy of ozonated autohemotherapy for improvement of myocardial injury following traumatic brain injury",NA,"10.1186/s12871-024-02684-6","2024","Wang C.","BMC Anesthesiology","scopus_records",2024
"Working conditions of commercial drivers: a scoping review of psychosocial work factors, health outcomes, and interventions",NA,"10.1186/s12889-024-20465-1","2024","Amoadu M.","BMC Public Health","scopus_records",2024
"Using wet-bulb globe temperature meters to examine the effect of heat on various tennis court surfaces",NA,"10.1038/s41598-024-66518-8","2024","Yamaguchi H.","Scientific Reports","scopus_records",2024
"Culprit lesion characteristics and prognosis in STEMI with cold onset: an OCT study",NA,"10.1038/s44325-024-00019-5","2024","Sun Q.","Npj Cardiovascular Health","scopus_records",2024
"Sine Spin flat detector CT can improve cerebral soft tissue imaging: a retrospective in vivo study",NA,"10.1186/s41747-023-00412-2","2024","Schmitt N.","European Radiology Experimental","scopus_records",2024
"Real-time laser speckle contrast imaging for intraoperative neurovascular blood flow assessment: animal experimental study",NA,"10.1038/s41598-023-51022-2","2024","Konovalov A.","Scientific Reports","scopus_records",2024
"Balanced steady-state free precession phase contrast at 0.55T applied to aortic flow",NA,"10.1016/j.jocmr.2024.101098","2024","Xiang J.","Journal of Cardiovascular Magnetic Resonance","scopus_records",2024
"Brain connectivity analysis based classification of obstructive sleep apnea using electroencephalogram signals",NA,"10.1038/s41598-024-56384-9","2024","Rajeswari J.","Scientific Reports","scopus_records",2024
"Evaluation of a compact cone beam CT concept with high image fidelity for point-of-care brain imaging",NA,"10.1038/s41598-024-79874-2","2024","Pyakurel U.","Scientific Reports","scopus_records",2024
"Deployment to bases with open burn pits and mortality of US Military Veterans",NA,"10.1136/oemed-2024-109704","2024","Hoover C.","Occupational and Environmental Medicine","scopus_records",2024
"Establishment and characterization of turtle liver organoids provides a potential model to decode their unique adaptations",NA,"10.1038/s42003-024-05818-1","2024","Zdyrski C.","Communications Biology","scopus_records",2024
"Development and validation of a nomogram for predicting in-hospital death in cirrhotic patients with acute kidney injury",NA,"10.1186/s12882-024-03609-8","2024","Li X.","BMC Nephrology","scopus_records",2024
"Development and validation of a French job-exposure matrix for healthcare workers: JEM Soignances",NA,"10.5271/sjweh.4194","2024","Singier A.","Scandinavian Journal of Work Environment and Health","scopus_records",2024
"Dataset of numerical study of the impact of two-step injection (direct and port) of hydrogen-enriched and natural gas mixtures on engine efficiency and exhaust emissions",NA,"10.1016/j.dib.2024.110894","2024","Zareei J.","Data in Brief","scopus_records",2024
"Effect of Ischemic Preconditioning on Endurance Running Performance in the Heat",NA,"10.52082/jssm.2024.799","2024","Wang A.","Journal of Sports Science and Medicine","scopus_records",2024
"Numerical Analysis of the Fuel―Air Mixture Formation Process in a Dual-Fuel Engine Cylinder",NA,"10.12693/aphyspola.145.821","2024","Tutak W.","Acta Physica Polonica A","scopus_records",2024
"Keys to the switch of fat burning: stimuli that trigger the uncoupling protein 1 (UCP1) activation in adipose tissue",NA,"10.1186/s12944-024-02300-z","2024","Gong D.","Lipids in Health and Disease","scopus_records",2024
"Cerebral Cortical Vasodilation via Nicotinic Receptors by Heated Tobacco Product Aerosol Extract in Rats",NA,"10.1159/000541726","2024","Uchida S.","Journal of Vascular Research","scopus_records",2024
"An integrated global and local thresholding method for segmenting blood vessels in angiography",NA,"10.1016/j.heliyon.2024.e38579","2024","Zhang M.","Heliyon","scopus_records",2024
"Children with Stroke: An Investigation of Their Home Environment",NA,"10.3233/shti240962","2024","Schoss A.S.","Studies in Health Technology and Informatics","scopus_records",2024
"Ecthyma Gangrenosum of Fungal Origin: A Case Report",NA,"10.1159/000542105","2024","León-Sánchez G.A.","Case Reports in Dermatology","scopus_records",2024
"Incidence trends and specific risk factors of ischemic heart disease and stroke: An ecological analysis based on the Global Burden of Disease 2019",NA,"10.1371/journal.pgph.0003920","2024","Xia R.","Plos Global Public Health","scopus_records",2024
"Potential mechanisms of ischemic stroke induced by heat exposure",NA,"10.1016/j.scitotenv.2024.175815","2024","Zhou X.","Science of the Total Environment","scopus_records",2024
"Combined Effect of Air Pollution and Genetic Risk on Incident Cardiovascular Diseases",NA,"10.1161/jaha.123.033497","2024","Rhee T.M.","Journal of the American Heart Association","scopus_records",2024
"Rural-urban difference in the association between particulate matters and stroke incidence: The evidence from a multi-city perspective cohort study",NA,"10.1016/j.envres.2024.119695","2024","Zhou Y.","Environmental Research","scopus_records",2024
"Associations of ambient air pollution with incidence and dynamic progression of atrial fibrillation",NA,"10.1016/j.scitotenv.2024.175710","2024","Zhang J.","Science of the Total Environment","scopus_records",2024
"Impact of air pollution and noise exposure on cardiovascular disease incidence and mortality: A systematic review",NA,"10.1016/j.heliyon.2024.e39844","2024","Mayntz S.P.","Heliyon","scopus_records",2024
"Jiawei Bai-Hu-decoction ameliorated heat stroke-induced brain injury by inhibiting TLR4/NF-κB signal and mitophagy of glial cell",NA,"10.1016/j.jep.2024.118571","2024","Lin Y.k.","Journal of Ethnopharmacology","scopus_records",2024
"Fever Prevention in Patients with Acute Vascular Brain Injury: The INTREPID Randomized Clinical Trial",NA,"10.1001/jama.2024.14745","2024","Greer D.M.","JAMA","scopus_records",2024
"Heat stress sensitizes zebrafish embryos to neurological and cardiac toxicity",NA,"10.1016/j.bbrc.2024.150682","2024","Haapanen-Saaristo A.M.","Biochemical and Biophysical Research Communications","scopus_records",2024
"Global, Regional, and National Burden of Intracerebral Hemorrhage in Young Adults From 1990 to 2021: A Population-Based Study",NA,"10.1161/jaha.124.037286","2024","Wang H.","Journal of the American Heart Association","scopus_records",2024
"The Impact of Air Pollution on Neurological and Psychiatric Health",NA,"10.1016/j.arcmed.2024.103063","2024","SETHI Y.","Archives of Medical Research","scopus_records",2024
"Time-Series analysis of short-term exposure to air pollutants and daily hospital admissions for stroke in Tabriz, Iran",NA,"10.1371/journal.pone.0309414","2024","Razzaghi S.","Plos One","scopus_records",2024
"Air pollution and acute kidney injury with comorbid disease: A nationwide case-crossover study in South Korea",NA,"10.1016/j.envres.2024.119608","2024","Min J.","Environmental Research","scopus_records",2024
"Long term analysis of air quality parameters for Ludhiana, India: sources, trends and health impact",NA,"10.1007/s10653-024-02200-2","2024","Buwaniwal A.","Environmental Geochemistry and Health","scopus_records",2024
"Is Farming a Risk Occupation for Cardio-cerebrovascular Diseases? A Scoping Review on Cardio-cerebrovascular Disease Risk in Farmers",NA,"10.3961/jpmph.24.302","2024","Kim H.","Journal of Preventive Medicine and Public Health","scopus_records",2024
"Associations of heat with diseases and specific symptoms in Flanders, Belgium: An 8-year retrospective study of general practitioner registration data",NA,"10.1016/j.envint.2024.109097","2024","Alemayehu Ali E.","Environment International","scopus_records",2024
"The silent threat: Unveiling climate change’s water and health challenges in Bangladesh",NA,"10.2166/wh.2024.349","2024","Moon M.P.","Journal of Water and Health","scopus_records",2024
"Assessing the built environment through photographs and its association with obesity in 21 countries: the PURE Study",NA,"10.1016/s2214-109x(24)00287-0","2024","Corsi D.J.","Lancet Global Health","scopus_records",2024
"Association of urban environments with Atherosclerotic cardiovascular disease: A prospective cohort study in the UK Biobank",NA,"10.1016/j.envint.2024.109110","2024","Huang X.","Environment International","scopus_records",2024
"Association of long-term exposure to ozone with cardiovascular mortality and its metabolic mediators: evidence from a nationwide, population-based, prospective cohort study",NA,"10.1016/j.lanwpc.2024.101222","2024","Zhang Z.","Lancet Regional Health Western Pacific","scopus_records",2024
"Assessing heat-related health perceptions in the minibus taxi industry in Tshwane, South Africa",NA,"10.17159/sajs.2024/18030","2024","Wright C.Y.","South African Journal of Science","scopus_records",2024
"Benzo(a)pyrene exposure impacts cerebrovascular development in zebrafish embryos and the antagonistic effect of berberine",NA,"10.1016/j.scitotenv.2024.174980","2024","Xu K.","Science of the Total Environment","scopus_records",2024
"Wireless wearable sensors can facilitate rapid detection of sleep apnea in hospitalized stroke patients",NA,"10.1093/sleep/zsae123","2024","Sindorf J.","Sleep","scopus_records",2024
"Effects of personalized music listening on post-stroke cognitive impairment: A randomized controlled trial",NA,"10.1016/j.ctcp.2024.101885","2024","Fan L.p.","Complementary Therapies in Clinical Practice","scopus_records",2024
"CT perfusion parameter estimation in stroke using neural network with transformer and physical model priors",NA,"10.1016/j.compbiomed.2024.109134","2024","Luo L.","Computers in Biology and Medicine","scopus_records",2024
"A Minimalist Iron Oxide Nanoprobe for the High-Resolution Depiction of Stroke by Susceptibility-Weighted Imaging",NA,"10.1002/smll.202401061","2024","Han B.","Small","scopus_records",2024
"Sex differences in biomarkers of end-organ damage following exertional heat stroke in humans",NA,"10.1152/japplphysiol.00463.2024","2024","Goodwin K.C.","Journal of Applied Physiology","scopus_records",2024
"Kefir peptides mitigate L-NAME-induced preeclampsia in rats through modulating hypertension and endothelial dysfunction",NA,"10.1016/j.biopha.2024.117592","2024","Chen Y.H.","Biomedicine and Pharmacotherapy","scopus_records",2024
"A Single-center Experience of Coccidioides Meningitis in Immunocompetent Patients: Case Series and Literature Review",NA,"10.1093/ofid/ofae590","2024","Rajmohan R.","Open Forum Infectious Diseases","scopus_records",2024
"SKYQUANT 3D: Quantifying Vascular Anatomy With an Open-Source Workflow for Comprehensive Analysis of Volumetric Optoacoustic Angiography Data",NA,"10.1002/jbio.202400143","2024","Korobov A.","Journal of Biophotonics","scopus_records",2024
"Anesthesia for non-obstetric surgery during late term pregnancy in mares",NA,"10.1371/journal.pone.0313563","2024","Brito P.H.S.","Plos One","scopus_records",2024
"Echocardiographic indices probe during dexmedetomidine/midazolam-ketamine anesthesia in dogs undergoing ovariohysterectomy",NA,"10.30466/vrf.2024.2019897.4130","2024","Poonia A.","Veterinary Research Forum","scopus_records",2024
"Impact of air pollution on mortality: Geo-epidemiological study in French-speaking Africa",NA,"10.1016/j.heliyon.2024.e39473","2024","Capitanio L.","Heliyon","scopus_records",2024
"AI-Facilitated Assessment of Built Environment Using Neighborhood Satellite Imagery and Cardiovascular Risk",NA,"10.1016/j.jacc.2024.08.053","2024","Chen Z.","Journal of the American College of Cardiology","scopus_records",2024
"NOise Reduction with DIstribution Corrected (NORDIC) principal component analysis improves brain activity detection across rodent and human functional MRI contexts",NA,"10.1162/imag_a_00325","2024","Chan R.W.","Imaging Neuroscience","scopus_records",2024
"Hourly effect of atmospheric reactive nitrogen species on the onset of acute ischemic stroke: Insight from the Shanghai Stroke Service System Database",NA,"10.1016/j.scitotenv.2024.174896","2024","Fang K.","Science of the Total Environment","scopus_records",2024
"Causal effect of air pollution on the risk of brain health and potential mediation by gut microbiota",NA,"10.1016/j.ecoenv.2024.117080","2024","Zhou X.","Ecotoxicology and Environmental Safety","scopus_records",2024
"PM2.5 potentiates oxygen glucose deprivation-induced neurovascular unit damage via inhibition of the Akt/β-catenin pathway and autophagy dysregulation",NA,"10.1016/j.envpol.2024.124728","2024","Kim D.","Environmental Pollution","scopus_records",2024
"Power modulation spectrum – a promising approach for the indispensable quality control of electrocardiogram signals from monitoring units for the detection of autonomic dysfunction",NA,"10.1016/j.jns.2024.123170","2024","Olbert E.","Journal of the Neurological Sciences","scopus_records",2024
"Sarin exposure, mortality and cancer incidence in UK military veterans involved in human experiments at Porton Down: 52-year follow-up",NA,"10.1136/oemed-2024-109525","2024","Archer G.","Occupational and Environmental Medicine","scopus_records",2024
"Road-traffic noise exposure and coronary atherosclerosis in the Swedish CArdioPulmonary bioImage Study (SCAPIS)",NA,"10.1097/ee9.0000000000000344","2024","Murzabekov M.","Environmental Epidemiology","scopus_records",2024
"Long–term exposure to particulate matter pollution and incidence of ischemic and hemorrhagic stroke: A prospective cohort study in Eastern China",NA,"10.1016/j.envpol.2024.124446","2024","Yang L.","Environmental Pollution","scopus_records",2024
"Ambient air pollution, covert cerebrovascular disease and cognition: results from the ISSYS study",NA,"10.1111/ene.16404","2024","Ballvé A.","European Journal of Neurology","scopus_records",2024
"A novel concern from two sample Mendelian randomization study: The effects of air pollution exposure on the cardiovascular, respiratory, and nervous system",NA,"10.1016/j.ecoenv.2024.116871","2024","Wang Y.","Ecotoxicology and Environmental Safety","scopus_records",2024
"Global, regional, and national burden of stroke and its risk factors, 1990–2021: a systematic analysis for the Global Burden of Disease Study 2021",NA,"10.1016/s1474-4422(24)00369-7","2024","Feigin V.L.","Lancet Neurology","scopus_records",2024
"The Effects of Green Spaces and Noise Exposure on the Risk of Ischemic Stroke: A Case–Control Study in Lebanon",NA,"10.3390/ijerph21101382","2024","El Masri J.","International Journal of Environmental Research and Public Health","scopus_records",2024
"High average daily temperature in summer and the incidence of thrombolytic treatment for acute ischemic stroke",NA,"10.1016/j.encep.2023.09.004","2024","Folyovich A.","Encephale","scopus_records",2024
"Effects of air pollution on global health: evidence from the global burden of disease study in the BRICS countries",NA,"10.1007/s00420-024-02087-7","2024","Behera D.K.","International Archives of Occupational and Environmental Health","scopus_records",2024
"Decreasing levels of atmospheric pollution and simultaneous reduced number of cardiovascular hospital admissions and operations with improved results. Analysis of the Italian National Registries",NA,"10.1016/j.cpcardiol.2024.102774","2024","Sterpetti A.V.","Current Problems in Cardiology","scopus_records",2024
"Investigating the impact of weather on stroke in summer",NA,"10.1007/s00484-024-02724-3","2024","Hao T.","International Journal of Biometeorology","scopus_records",2024
"Exploring Metabolic Aberrations after Intracerebral Hemorrhage In Vivo with Deuterium Metabolic Spectroscopy Imaging",NA,"10.1021/acs.analchem.4c01999","2024","Liu X.","Analytical Chemistry","scopus_records",2024
"Modification effects of immigration status and comorbidities on associations of heat and heatwave with stroke morbidity",NA,"10.1177/17474930241263725","2024","Yang C.","International Journal of Stroke","scopus_records",2024
"Update on the anesthesia management in adult patients with moyamoya disease",NA,"10.1097/aco.0000000000001411","2024","Yang K.J.","Current Opinion in Anaesthesiology","scopus_records",2024
"Combination of Hydrogen Inhalation and Hypothermic Temperature Control after Out-of-Hospital Cardiac Arrest: A Post hoc Analysis of the Efficacy of Inhaled Hydrogen on Neurologic Outcome Following Brain Ischemia during PostCardiac Arrest Care II Trial",NA,"10.1097/ccm.0000000000006395","2024","Tamura T.","Critical Care Medicine","scopus_records",2024
"Readmission and mortality during the first year after an acute stroke: A prospective cohort study from Cameroon",NA,"10.1371/journal.pone.0311893","2024","Nkoke C.","Plos One","scopus_records",2024
"Catalytic enhancement in the performance of the microscopic two-stroke heat engine",NA,"10.1103/physreve.110.044120","2024","Biswas T.","Physical Review E","scopus_records",2024
"Deep Learning-Based Electric Field Enhancement Imaging Method for Brain Stroke",NA,"10.3390/s24206634","2024","Zuo T.","Sensors","scopus_records",2024
"One day of environment-induced heat stress damages the murine myocardium",NA,"10.1152/ajpheart.00180.2024","2024","Roths M.","American Journal of Physiology Heart and Circulatory Physiology","scopus_records",2024
"Daily high-frequency transcranial random noise stimulation (hf-tRNS) for sleep disturbances and cognitive dysfunction in patients with mild vascular cognitive impairments: A study protocol for a pilot randomized controlled trial",NA,"10.1371/journal.pone.0309233","2024","Gong Y.","Plos One","scopus_records",2024
"Highly compressed SENSE accelerated relaxation-enhanced angiography without contrast and triggering (REACT) for fast non-contrast enhanced magnetic resonance angiography of the neck: Clinical evaluation in patients with acute ischemic stroke at 3 tesla",NA,"10.1016/j.mri.2024.04.009","2024","Gietzen C.","Magnetic Resonance Imaging","scopus_records",2024
"Effects of sodium bicarbonate ingestion on ventilatory and cerebrovascular responses in resting heated humans",NA,"10.1152/ajpregu.00161.2024","2024","Katagiri A.","American Journal of Physiology Regulatory Integrative and Comparative Physiology","scopus_records",2024
"Interventions for people with perceptual disorders after stroke: the PIONEER scoping review, Cochrane systematic review and priority setting project",NA,"10.3310/wgjt3471","2024","Hazelton C.","Health Technology Assessment Winchester England","scopus_records",2024
"Stevens-Johnson syndrome: a case report",NA,"10.21840/siic/174906","2024","Racca Velásquez F.","Salud I Ciencia","scopus_records",2024
"Design and Evaluation of Ophthalmic Thermosensitive In Situ Gel of Compound Salvia",NA,"10.1208/s12249-024-02913-8","2024","Long Y.","AAPS Pharmscitech","scopus_records",2024
"Arterial Spin Labeling-Based MR Angiography for Cerebrovascular Diseases: Principles and Clinical Applications",NA,"10.1002/jmri.29119","2024","Togao O.","Journal of Magnetic Resonance Imaging","scopus_records",2024
"Application of deblur technology for improving the clarity of digital subtractive angiography",NA,"10.1177/15910199221143168","2024","Geng J.","Interventional Neuroradiology","scopus_records",2024
"Ambient temperature and cardiovascular disease-related emergency room visits in Lanzhou, China from 2013 to 2019: A time-series study",NA,"10.1007/s00484-024-02718-1","2024","Ye Y.","International Journal of Biometeorology","scopus_records",2024
"Cardiovascular events after invasive pneumococcal disease: a retrospective cohort study",NA,"10.1016/j.ijid.2024.107185","2024","Dulfer E.A.","International Journal of Infectious Diseases","scopus_records",2024
"Incidence of cardiovascular disease in a cohort of mine workers exposed to ultrafine aluminum powder in Ontario, Canada",NA,"10.1002/ajim.23646","2024","Zarnke A.","American Journal of Industrial Medicine","scopus_records",2024
"Comparison of single shot and multishot diffusion-weighted imaging in 5-T magnetic resonance imaging for brain disease diagnosis",NA,"10.21037/qims-24-118","2024","Chen H.","Quantitative Imaging in Medicine and Surgery","scopus_records",2024
"Modulation of miR-466d-3p on Wnt signaling pathway in response to DEPs-induced blood-brain barrier disruption",NA,"10.1016/j.ecoenv.2024.116869","2024","Jiang Y.","Ecotoxicology and Environmental Safety","scopus_records",2024
"Tapping strength variability in sensorimotor experiments on rhythmic tapping",NA,"10.1063/5.0211078","2024","Nelias C.","Chaos","scopus_records",2024
"Epidemiology-based evaluation of trends in treatment for ruptured intracranial aneurysms in Italy",NA,"10.23736/s0390-5616.22.05755-1","2024","Bongetta D.","Journal of Neurosurgical Sciences","scopus_records",2024
"Ingesting carbonated water post-exercise in the heat transiently ameliorates hypotension and enhances mood state",NA,"10.1113/ep091925","2024","Kajiki M.","Experimental Physiology","scopus_records",2024
"Longitudinal Impacts of High Versus Low Greenness on Cardiovascular Disease Conditions",NA,"10.1161/jaha.123.029939","2024","Brown S.C.","Journal of the American Heart Association","scopus_records",2024
"Neurovascular Imaging with Ultra-High-Resolution Photon-Counting CT: Preliminary Findings on Image-Quality Evaluation",NA,"10.3174/ajnr.a8350","2024","Tóth A.","American Journal of Neuroradiology","scopus_records",2024
"A Concept of Thermal Effort for Heat-Induced Metal Plasticity",NA,"10.3390/ma17194824","2024","Dudda W.","Materials","scopus_records",2024
"Cold exposure accelerates lysine catabolism to promote cold acclimation via remodeling hepatic histone crotonylation",NA,"10.1016/j.envint.2024.109015","2024","Xue C.","Environment International","scopus_records",2024
"Effects of single- and bilateral limb immersion on systemic and cerebral hemodynamic responses to the cold pressor test",NA,"10.1152/japplphysiol.00328.2024","2024","Allison E.Y.","Journal of Applied Physiology","scopus_records",2024
"Heat acclimation alleviates the heat stress-induced impairment of vascular endothelial cells",NA,"10.1016/j.tice.2024.102520","2024","Wen J.","Tissue and Cell","scopus_records",2024
"Exposure to ambient air pollutants during circadian syndrome and subsequent cardiovascular disease and its subtypes and death: A trajectory analysis",NA,"10.1016/j.scitotenv.2024.173777","2024","Liu W.","Science of the Total Environment","scopus_records",2024
"Burden of ischemic stroke in sub-Saharan African countries based on DALYs index - trend analysis and identification of risk factors",NA,"10.32394/pe/190845","2024","Camlet K.","Przeglad Epidemiologiczny","scopus_records",2024
"Wearable, battery-free, wireless multiplexed printed sensors for heat stroke prevention with mussel-inspired bio-adhesive membranes",NA,"10.1016/j.bios.2024.116421","2024","Maroli G.","Biosensors and Bioelectronics","scopus_records",2024
"Automatic Clinical Assessment of Swallowing Behavior and Diagnosis of Silent Aspiration Using Wireless Multimodal Wearable Electronics",NA,"10.1002/advs.202404211","2024","Shin B.","Advanced Science","scopus_records",2024
"Activation of Pink1/Parkin-mediated mitochondrial autophagy alleviates exertional heat stroke-induced acute lung injury in rats",NA,"10.3233/ch-242100","2024","Wang J.","Clinical Hemorheology and Microcirculation","scopus_records",2024
"Air Pollution and Stroke: What Nurses Need to Know",NA,"10.1161/strokeaha.123.042912","2024","Kloster M.E.","Stroke","scopus_records",2024
"Cardiovascular disease mortality and air pollution in countries with different socioeconomic status",NA,"10.1002/cdt3.116","2024","Khaltaev N.","Chronic Diseases and Translational Medicine","scopus_records",2024
"Regional impact assessment of air quality improvement: The air quality lifecourse assessment tool (AQ-LAT) for the West Midlands combined authority (WMCA) area",NA,"10.1016/j.envpol.2024.123871","2024","Hall J.","Environmental Pollution","scopus_records",2024
"Exploring causal effects and potential mediating mechanisms of genetically linked environmental senses with intracerebral hemorrhage",NA,"10.1093/cercor/bhae377","2024","Wang Y.","Cerebral Cortex","scopus_records",2024
"Impact of heat waves on human morbidity and hospital admissions in a city of the western mediterranean area",NA,"10.1007/s00420-024-02082-y","2024","Bujosa Mateu A.","International Archives of Occupational and Environmental Health","scopus_records",2024
"Fluoride Exposure from Drinking Water Increases the Risk of Stroke: An Ecological Study in Changwu Town, China",NA,"10.3390/toxics12090679","2024","Yuan L.","Toxics","scopus_records",2024
"Heat stroke: Pathogenesis, diagnosis, and current treatment",NA,"10.1016/j.arr.2024.102409","2024","Zhang Z.","Ageing Research Reviews","scopus_records",2024
"Climate Change Projections for Stroke Incidence in Taiwan: Impact of 2 °C and 4 °C Global Warming Level",NA,"10.1007/s44197-024-00289-3","2024","Wu W.T.","Journal of Epidemiology and Global Health","scopus_records",2024
"Impact of surface ultraviolet radiation intensity on hospital admissions for ischemic and hemorrhagic stroke: A large-scale database study using distributed lag nonlinear analysis, 2015-2022, in Harbin, China",NA,"10.1016/j.jstrokecerebrovasdis.2024.107908","2024","Wu S.","Journal of Stroke and Cerebrovascular Diseases","scopus_records",2024
"Assessing potential benefits of visits to neighborhoods with higher tree canopy coverage using mobility data: Associations with cardiovascular health outcomes in twenty US metropolitan areas",NA,"10.1016/j.healthplace.2024.103299","2024","Wei H.","Health and Place","scopus_records",2024
"The impact of residential environment on stroke onset and its spatial heterogeneity: A multiscale exploration in Shanghai",NA,"10.1016/j.ypmed.2024.108067","2024","Li J.","Preventive Medicine","scopus_records",2024
"Association between mixed metal exposure and stroke risk in Shanxi Province: a case-control study",NA,"10.1016/j.ecoenv.2024.116765","2024","Gao Y.","Ecotoxicology and Environmental Safety","scopus_records",2024
"Heme oxygenase 1-mediated ferroptosis in Kupffer cells initiates liver injury during heat stroke",NA,"10.1016/j.apsb.2024.05.007","2024","Li R.","Acta Pharmaceutica Sinica B","scopus_records",2024
"Heat vulnerability: health impacts of heat on older people in urban and rural areas in Europe",NA,"10.1007/s00508-024-02419-0","2024","Fastl C.","Wiener Klinische Wochenschrift","scopus_records",2024
"Application of artificial hibernation technology in acute brain injury",NA,"10.4103/1673-5374.390968","2024","Wang X.","Neural Regeneration Research","scopus_records",2024
"Catalpol alleviates heat stroke-induced liver injury in mice by downregulating the JAK/STAT signaling pathway",NA,"10.1016/j.phymed.2024.155853","2024","Ji X.Y.","Phytomedicine","scopus_records",2024
"Markers of enterocyte damage, microbial translocation, and systemic inflammation following 9 h of heat exposure in young and older adults",NA,"10.1139/apnm-2024-0094","2024","Lee B.J.","Applied Physiology Nutrition and Metabolism","scopus_records",2024
"Effects of radial extracorporeal shock wave therapy on flexor spasticity of the upper limb in post-stroke patients: A randomized controlled trial",NA,"10.1177/02692155241258740","2024","Fan T.","Clinical Rehabilitation","scopus_records",2024
"Time-domain methods for quantifying dynamic cerebral blood flow autoregulation: Review and recommendations. A white paper from the Cerebrovascular Research Network (CARNet)",NA,"10.1177/0271678x241249276","2024","Kostoglou K.","Journal of Cerebral Blood Flow and Metabolism","scopus_records",2024
"Alternating Hot-Cold Water Immersion Facilitates Motor Function Recovery in the Paretic Upper Limb After Stroke: A Pilot Randomized Controlled Trial",NA,"10.1016/j.apmr.2024.05.008","2024","Chiu Y.T.","Archives of Physical Medicine and Rehabilitation","scopus_records",2024
"Approach to heat-related illness",NA,"10.46747/cfp.7009546","2024","Green S.","Canadian Family Physician Medecin De Famille Canadien","scopus_records",2024
"Heat stroke with significantly elevated troponin and dynamic ECG changes: Myocardial infarction or myocardial injury?",NA,"10.1016/j.amjms.2024.06.005","2024","Bao C.h.","American Journal of the Medical Sciences","scopus_records",2024
"Forecasting extremely high ischemic stroke incidence using meteorological time serie",NA,"10.1371/journal.pone.0310018","2024","Babalova L.","Plos One","scopus_records",2024
"Hajj in sweltering summer season and heat stroke",NA,"10.47391/jpma.21629","2024","Meo M.O.S.","Journal of the Pakistan Medical Association","scopus_records",2024
"Real-time fMRI neurofeedback of the anterior insula using arterial spin labelling",NA,"10.1111/ejn.16502","2024","Grössinger D.","European Journal of Neuroscience","scopus_records",2024
"Hypothermia for expanded criteria organ donors in kidney transplantation in France (HYPOREME): a multicentre, randomised controlled trial",NA,"10.1016/s2213-2600(24)00117-6","2024","Canet E.","Lancet Respiratory Medicine","scopus_records",2024
"Exposure to Lead in Drinking Water Causes Cognitive Impairment via an Alzheimer’s Disease Gene-Dependent Mechanism in Adult Mice",NA,"10.3233/jad-240640","2024","Kohler K.","Journal of Alzheimer S Disease","scopus_records",2024
"Contextual Deprivation, Race and Ethnicity, and Income in Air Pollution and Cardiovascular Disease",NA,"10.1001/jamanetworkopen.2024.29137","2024","Luo J.","JAMA Network Open","scopus_records",2024
"Risks of Circulatory Diseases among Korean Radiation Workers Exposed to Low-dose Radiation",NA,"10.1667/rade-23-00148.1","2024","Cha E.S.","Radiation Research","scopus_records",2024
"Systematic review and meta-analysis of automated methods for quantifying enlarged perivascular spaces in the brain",NA,"10.1016/j.neuroimage.2024.120685","2024","Waymont J.M.J.","Neuroimage","scopus_records",2024
"Changes on Stroke Burden Attributable to Ambient Fine Particulate Matter in China",NA,"10.3967/bes2024.083","2024","Wang J.","Biomedical and Environmental Sciences","scopus_records",2024
"Effect modification by statin use status on the association between fine particulate matter (PM2.5) and cardiovascular mortality",NA,"10.1093/ije/dyae084","2024","Bai L.","International Journal of Epidemiology","scopus_records",2024
"The association between air pollutant exposure and cerebral small vessel disease imaging markers with modifying effects of PRS-defined genetic susceptibility",NA,"10.1016/j.ecoenv.2024.116638","2024","Sun X.","Ecotoxicology and Environmental Safety","scopus_records",2024
"Heat waves in Mexicali, Baja California, Mexico: morbidity, mortality and vulnerability to heat",NA,"10.14350/rig.60848","2024","Cueto R.G.","Investigaciones Geograficas","scopus_records",2024
"Transfer behaviors in stroke and dementia development associated with environmental risks",NA,"10.1111/ggi.14925","2024","Wang K.M.","Geriatrics and Gerontology International","scopus_records",2024
"Long-term exposure to ambient ozone and cardiovascular diseases: Evidence from two national cohort studies in China",NA,"10.1016/j.jare.2023.08.010","2024","Liang S.","Journal of Advanced Research","scopus_records",2024
"Air Quality Perceptions, Awareness, and Associated Behaviors Among U.S. Adults With and Without Heart Disease",NA,"10.1016/j.focus.2024.100249","2024","Dowling T.C.","Ajpm Focus","scopus_records",2024
"Historical Structural Racism in the Built Environment and Physical Health among Residents of Allegheny County, Pennsylvania",NA,"10.1007/s11524-024-00884-6","2024","Jones E.J.","Journal of Urban Health","scopus_records",2024
"Emission and optical characteristics of brown carbon in size-segregated particles from three types of Chinese ships",NA,"10.1016/j.jes.2023.05.045","2024","Yang F.","Journal of Environmental Sciences China","scopus_records",2024
"Association between Heat Vulnerability Index and Stroke Severity",NA,"10.3390/ijerph21081099","2024","Wang J.J.","International Journal of Environmental Research and Public Health","scopus_records",2024
"Transient Changes in Cerebral Tissue Oxygen, Glucose, and Temperature by Microstrokes: A Computational Study",NA,"10.1111/micc.12872","2024","Bagheri M.","Microcirculation","scopus_records",2024
"Gut microbiota is necessary for pair-housing to protect against post-stroke depression in mice",NA,"10.1016/j.expneurol.2024.114834","2024","Jiang S.t.","Experimental Neurology","scopus_records",2024
"The impact of extreme heat on mass-gathering sporting events: Implications for Australia and other countries",NA,"10.1016/j.jsams.2024.04.015","2024","Mason H.M.","Journal of Science and Medicine in Sport","scopus_records",2024
"Body temperature and its regulation",NA,"10.1016/j.mpaic.2024.06.014","2024","Yam Y.L.J.","Anaesthesia and Intensive Care Medicine","scopus_records",2024
"The relevance of vascular adjustments to hemodynamic control in the face of temperature change in Crotalus durissus",NA,"10.1242/jeb.247724","2024","Castro S.A.","Journal of Experimental Biology","scopus_records",2024
"Automated Lumen Segmentation in Carotid Artery Ultrasound Images Based on Adaptive Generated Shape Prior",NA,"10.3390/bioengineering11080812","2024","Li Y.","Bioengineering","scopus_records",2024
"Reversal of cerebral ischaemia and hypoxia and of sickness behaviour by megadose sodium ascorbate in ovine Gram-negative sepsis",NA,"10.1016/j.bja.2024.04.058","2024","May C.N.","British Journal of Anaesthesia","scopus_records",2024
"Compensatory reserve index during central hypovolemia and volume loading in healthy young and older hyperthermic adults: A pilot study",NA,"10.14814/phy2.16177","2024","Foster J.","Physiological Reports","scopus_records",2024
"Dataset of mechanically induced thermal runaway measurement and severity level on Li-ion batteries",NA,"10.1016/j.dib.2024.110609","2024","Lin L.","Data in Brief","scopus_records",2024
"Heat-Related Illnesses",NA,"10.1016/j.emc.2024.02.010","2024","Bauman J.","Emergency Medicine Clinics of North America","scopus_records",2024
"Temperature and Neurologic Outcomes in Neonates Undergoing Cardiac Surgery: A Society of Thoracic Surgeons Study",NA,"10.1016/j.jacc.2024.04.059","2024","Starr J.P.","Journal of the American College of Cardiology","scopus_records",2024
"Cleaner heating policies contribute significantly to health benefits and cost-savings: A case study in Beijing, China",NA,"10.1016/j.isci.2024.110249","2024","Weng Z.","Iscience","scopus_records",2024
"Report from the society of magnetic resonance angiography: Clinical applications of 7T neurovascular MR in the assessment of intracranial vascular disease",NA,"10.1136/jnis-2023-020668","2024","Sui B.","Journal of Neurointerventional Surgery","scopus_records",2024
"Estimation of the relationship between the thermal environment of a house in winter and its occupants’ health",NA,"10.1016/j.envres.2024.119147","2024","Fujita K.","Environmental Research","scopus_records",2024
"Erratum: Clinical Reasoning: A Woman With Progressive Painless Sequential Monocular Vision Loss (Neurology (2023) 101:21 (e2197-e2201) DOI: 10.1212/wnl.0000000000207855)",NA,"10.1212/wnl.0000000000209596","2024",NA,"Neurology","scopus_records",2024
"Erratum: Association of Blood-Based DNA Methylation Markers With Late-Onset Alzheimer Disease (Neurology (2023) 101:23 (e2434-e2447) DOI: 10.1212/wnl.0000000000207865)",NA,"10.1212/wnl.0000000000209596","2024",NA,"Neurology","scopus_records",2024
"Erratum: Association of motor function with cognitive trajectories and structural brain differences (Neurology (2023) 101:17 (e1718-e1728) DOI: 10.1212/wnl.0000000000207745)",NA,"10.1212/wnl.0000000000209596","2024",NA,"Neurology","scopus_records",2024
"Erratum: Quality of Life in Patients With Confirmed and Suspected Spinal CSF Leaks (Neurology (2023) 101:23 (e2411-e2422) DOI: 10.1212/wnl.0000000000207763)",NA,"10.1212/wnl.0000000000209596","2024",NA,"Neurology","scopus_records",2024
"Erratum: Clinical reasoning: A 74-year-old woman presenting with monocular ptosis and binocular diplopia (Neurology (2023) 101:17 (e1753-e1758) DOI: 10.1212/wnl.0000000000207751)",NA,"10.1212/wnl.0000000000209596","2024",NA,"Neurology","scopus_records",2024
"Erratum: Survival Analysis of Immunotherapy Effects on Relapse Rate in Pediatric and Adult Autoimmune Encephalitis (Neurology (2023) 101:22 (e2300-e2313) DOI: 10.1212/wnl.0000000000207746)",NA,"10.1212/wnl.0000000000209596","2024",NA,"Neurology","scopus_records",2024
"Erratum: Role of Daytime Continuous Polysomnography in the Diagnosis of Pediatric Narcolepsy Type 1 (Neurology (2024) 102:1 (e207815) DOI: 10.1212/wnl.0000000000207815)",NA,"10.1212/wnl.0000000000209596","2024",NA,"Neurology","scopus_records",2024
"Erratum: Performance of a [18F]Flortaucipir PET Visual Read Method Across the Alzheimer Disease Continuum and in Dementia With Lewy Bodies (Neurology (2023) 101:19 (e1850-e1862) DOI: 10.1212/wnl.0000000000207794)",NA,"10.1212/wnl.0000000000209596","2024",NA,"Neurology","scopus_records",2024
"Reader Response: Short-Term Exposure to Air Pollution and Ischemic Stroke: A Systematic Review and Meta-Analysis",NA,"10.1212/wnl.0000000000209332","2024","Lin W.","Neurology","scopus_records",2024
"Editors' Note: Short-Term Exposure to Air Pollution and Ischemic Stroke: A Systematic Review and Meta-Analysis",NA,"10.1212/wnl.0000000000209633","2024","Galetta S.L.","Neurology","scopus_records",2024
"Author Response: Short-Term Exposure to Air Pollution and Ischemic Stroke: A Systematic Review and Meta-Analysis",NA,"10.1212/wnl.0000000000209338","2024","Toubasi A.A.","Neurology","scopus_records",2024
"Reader Response: Short-Term Exposure to Air Pollution and Ischemic Stroke: A Systematic Review and Meta-Analysis",NA,"10.1212/wnl.0000000000209373","2024","Grobois L.","Neurology","scopus_records",2024
"Air Pollution Increases Risk of Occurrence of Intracerebral Haemorrhage but Not of Subarachnoid Haemorrhage: Time-Series Cross-Sectional Study",NA,"10.3390/biomedicines12071562","2024","Czernych R.","Biomedicines","scopus_records",2024
"Differentiating the impact of fine and coarse particulate matter on cause-specific cerebrovascular mortality: An individual-level, case-crossover study",NA,"10.1016/j.ecoenv.2024.116447","2024","Qian Y.","Ecotoxicology and Environmental Safety","scopus_records",2024
"The Association between Exposure to Fine Particulate Matter and MRI-Assessed Locus Coeruleus Integrity in the Vietnam Era Twin Study of Aging (VETSA)",NA,"10.1289/ehp14344","2024","Puckett O.K.","Environmental Health Perspectives","scopus_records",2024
"Global, regional, and national burden of stroke attributable to extreme low temperatures, 1990–2019: A global analysis",NA,"10.1177/17474930241238636","2024","Zhou L.","International Journal of Stroke","scopus_records",2024
"Risk of heavy metal(loid) compositions in fine particulate matter on acute cardiovascular mortality: a poisson analysis in Anyang, China",NA,"10.1007/s00484-024-02665-x","2024","Shi C.","International Journal of Biometeorology","scopus_records",2024
"Blood Pressure Management in Intracerebral Haemorrhage: when, how much, and for how long?",NA,"10.1007/s11910-024-01341-2","2024","Mutimer C.A.","Current Neurology and Neuroscience Reports","scopus_records",2024
"Extreme Temperatures and Stroke Mortality: Evidence From a Multi-Country Analysis",NA,"10.1161/strokeaha.123.045751","2024","Alahmad B.","Stroke","scopus_records",2024
"Prevention and treatment of ischaemic and haemorrhagic stroke in people with diabetes mellitus: a focus on glucose control and comorbidities",NA,"10.1007/s00125-024-06146-z","2024","Sacco S.","Diabetologia","scopus_records",2024
"Case discussion: The effect of extreme temperatures on an older adult",NA,"10.1016/j.gerinurse.2024.07.016","2024","Kriebel-Gasparro D.A.","Geriatric Nursing","scopus_records",2024
"Timing matters in the use of renin-angiotensin system modulators and COVID-related cognitive and cerebrovascular dysfunction",NA,"10.1371/journal.pone.0304135","2024","Meier M.","Plos One","scopus_records",2024
"The combined effects of temperature and posture on regional blood flow and haemodynamics",NA,"10.1016/j.jtherbio.2024.103937","2024","Fisher J.T.","Journal of Thermal Biology","scopus_records",2024
"Influence of Meteorological Parameters on the Prevalence of TEE Detected Left Atrial Appendage Thrombi",NA,"10.3390/diseases12070151","2024","Lecker F.","Diseases","scopus_records",2024
"Re-Imagining Hospital Patient Room Design for People after stroke: A Randomized Controlled Study Using Virtual Reality",NA,"10.1161/strokeaha.124.046252","2024","Shannon M.M.","Stroke","scopus_records",2024
"Intake of Snacks and Sweets in a National Study of Built and Social Environments: the REasons for Geographic And Racial Differences in Stroke Study",NA,"10.1016/j.tjnut.2024.05.017","2024","Lang I.M.","Journal of Nutrition","scopus_records",2024
"Low-flow perfusion technique for shaggy aortic arch",NA,"10.1007/s11748-023-01988-7","2024","Shuto T.","General Thoracic and Cardiovascular Surgery","scopus_records",2024
"Methylation entropy landscape of Chinese long-lived individuals reveals lower epigenetic noise related to human healthy aging",NA,"10.1111/acel.14163","2024","Wang H.T.","Aging Cell","scopus_records",2024
"Modulation of NLRP3 inflammasome-related-inflammation via RIPK1/RIPK3-DRP1 or HIF-1α signaling by phenothiazine in hypothermic and normothermic neuroprotection after acute ischemic stroke",NA,"10.1016/j.redox.2024.103169","2024","Jiang Q.","Redox Biology","scopus_records",2024
"Facilitators and Barriers to Implementing High-Intensity Gait Training in Inpatient Stroke Rehabilitation: A Mixed-Methods Study †",NA,"10.3390/jcm13133708","2024","Mbalilaki J.A.","Journal of Clinical Medicine","scopus_records",2024
"Prevalence of Cardiovascular Disease (CAD) due to industrial air pollutants in the proximity of Islamabad Industrial Estate (IEI), Pakistan",NA,"10.1371/journal.pone.0300572","2024","Khayyam U.","Plos One","scopus_records",2024
"Heat-related illness",NA,"10.1097/nsg.0000000000000029","2024","Gardner J.","Nursing","scopus_records",2024
"Outcomes of Total Aortic Arch Replacement in a Canadian Nationwide Registry",NA,"10.1016/j.cjca.2024.01.007","2024","Chen J.F.","Canadian Journal of Cardiology","scopus_records",2024
"Minimally invasive mitral valve surgery using a cold fibrillatory cardiac arrest technique in patients with prior cardiac surgery",NA,"10.14503/thij-23-8167","2024","Ali A.","Texas Heart Institute Journal","scopus_records",2024
"Heterogeneous blood-brain barrier dysfunction in cerebral small vessel diseases",NA,"10.1002/alz.13874","2024","Ying Y.","Alzheimer S and Dementia","scopus_records",2024
"Hypoxia-inducible factor prolyl hydroxylase inhibitor alleviates heatstroke-induced acute kidney injury by activating BNIP3-mediated mitophagy",NA,"10.1096/fj.202400047r","2024","Wang L.","FASEB Journal","scopus_records",2024
"Choices of morbidity outcomes and concentration-response functions for health risk assessment of long-term exposure to air pollution",NA,"10.1097/ee9.0000000000000314","2024","Forastiere F.","Environmental Epidemiology","scopus_records",2024
"Engineering Nanoplatforms for Theranostics of Atherosclerotic Plaques",NA,"10.1002/adhm.202303612","2024","Liu Y.","Advanced Healthcare Materials","scopus_records",2024
"Nocturnal heat exposure and stroke risk",NA,"10.1093/eurheartj/ehae277","2024","He C.","European Heart Journal","scopus_records",2024
"COmbination of Targeted temperature management and Thrombectomy after acute Ischemic Stroke (COTTIS): a pilot study",NA,"10.1136/svn-2023-002420","2024","Bardutzky J.","Stroke and Vascular Neurology","scopus_records",2024
"Greenness mitigate cause-specific mortality associated with air pollutants in ischemic and hemorrhagic stroke patients: An ecological health cohort study",NA,"10.1016/j.envres.2024.118512","2024","Jia X.","Environmental Research","scopus_records",2024
"Exposure to urban particulate matter (UPM) impairs mitochondrial dynamics in BV2 cells, triggering a mitochondrial biogenesis response",NA,"10.1113/jp285978","2024","Morris R.H.","Journal of Physiology","scopus_records",2024
"Association of ambient ozone exposure and greenness exposure with hemorrhagic stroke mortality at different times: A cohort study in Shandong Province, China",NA,"10.1016/j.ecoenv.2024.116356","2024","Liu C.","Ecotoxicology and Environmental Safety","scopus_records",2024
"Research on water content measurement method based on heat transfer method",NA,"10.1016/j.heliyon.2024.e31835","2024","Qin H.","Heliyon","scopus_records",2024
"Deep Learning-Based Assessment of Built Environment from Satellite Images and Cardiometabolic Disease Prevalence",NA,"10.1001/jamacardio.2024.0749","2024","Chen Z.","JAMA Cardiology","scopus_records",2024
"Long-term ambient ozone exposure and incident cardiovascular diseases: National cohort evidence in China",NA,"10.1016/j.jhazmat.2024.134158","2024","Zhu L.","Journal of Hazardous Materials","scopus_records",2024
"Hidden danger: The long-term effect of ultrafine particles on mortality and its sociodemographic disparities in New York State",NA,"10.1016/j.jhazmat.2024.134317","2024","Qi Q.","Journal of Hazardous Materials","scopus_records",2024
"Phase-Change Based Oxygen Carriers Improve Acute Cerebral Hypoxia",NA,"10.1002/smll.202309180","2024","Ye Q.","Small","scopus_records",2024
"Bushfire-smoke trigger hospital admissions with cerebrovascular diseases: Evidence from 2019–20 bushfire in Australia",NA,"10.1177/23969873231223307","2024","Hasnain M.G.","European Stroke Journal","scopus_records",2024
"Perimesencephalic subarachnoid hemorrhage as a rare delayed complication of radiation therapy in a patient with parotid basaloid squamous cell carcinoma",NA,"10.1016/j.jmir.2024.02.006","2024","Mula-Hussain L.","Journal of Medical Imaging and Radiation Sciences","scopus_records",2024
"Recanalization status and temporal evolution of early ischemic changes following stroke thrombectomy",NA,"10.1177/23969873231214207","2024","Virtanen P.","European Stroke Journal","scopus_records",2024
"Climate change and disorders of the nervous system",NA,"10.1016/s1474-4422(24)00087-5","2024","Sisodiya S.M.","Lancet Neurology","scopus_records",2024
"Severe Complications After Ozone Therapy-related Stroke: A Case Report",NA,"10.1007/s00062-023-01379-8","2024","Marín-Medina D.S.","Clinical Neuroradiology","scopus_records",2024
"Beta-Hydroxybutyrate Mitigates Sensorimotor and Cognitive Impairments in a Photothrombosis-Induced Ischemic Stroke in Mice",NA,"10.3390/ijms25115710","2024","Gureev A.P.","International Journal of Molecular Sciences","scopus_records",2024
"Deep Learning-Based High-Resolution Magnetic Resonance Angiography (MRA) Generation Model for 4D Time-Resolved Angiography with Interleaved Stochastic Trajectories (TWIST) MRA in Fast Stroke Imaging",NA,"10.3390/diagnostics14111199","2024","Kim B.K.","Diagnostics","scopus_records",2024
"A Novel Rat Model of Embolic Cerebral Ischemia Using a Cell-Implantable Radiopaque Hydrogel Microfiber",NA,"10.1007/s12975-023-01144-6","2024","Komatsu T.","Translational Stroke Research","scopus_records",2024
"Bayesian colocalization of GWAS and eQTL signals reveals cell type-specific genes and regulatory variants for susceptibility to subtypes of ischemic stroke",NA,"10.1016/j.compbiolchem.2024.108086","2024","Seo Y.","Computational Biology and Chemistry","scopus_records",2024
"A systematic evaluation of seven different scores representing the EAT–Lancet reference diet and mortality, stroke, and greenhouse gas emissions in three cohorts",NA,"10.1016/s2542-5196(24)00094-9","2024","Stubbendorff A.","Lancet Planetary Health","scopus_records",2024
"A Systematic Literature Review to Assess Fever Management and the Quality of Targeted Temperature Management in Critically Ill Patients",NA,"10.1089/ther.2023.0015","2024","Miao B.","Therapeutic Hypothermia and Temperature Management","scopus_records",2024
"Biological sex impacts oxidative stress in skeletal muscle in a porcine heat stress model",NA,"10.1152/ajpregu.00268.2023","2024","Rudolph T.E.","American Journal of Physiology Regulatory Integrative and Comparative Physiology","scopus_records",2024
"Assessing Causality Between Second-Hand Smoking and Potentially Associated Diseases in Multiple Systems: A Two-Sample Mendelian Randomization Study",NA,"10.1093/ntr/ntad193","2024","Wang S.","Nicotine and Tobacco Research","scopus_records",2024
"Hybrid CNN-Transformer Network With Circular Feature Interaction for Acute Ischemic Stroke Lesion Segmentation on Non-Contrast CT Scans",NA,"10.1109/tmi.2024.3362879","2024","Kuang H.","IEEE Transactions on Medical Imaging","scopus_records",2024
"The Role of Motivation to Excel in the Etiology of Exertional Heat Stroke",NA,"10.55460/4tiv-hqlo","2024","Lalli K.","Journal of Special Operations Medicine","scopus_records",2024
"Temperature management in acute brain injury: A narrative review",NA,"10.1016/j.medin.2024.02.001","2024","Tejerina Álvarez E.E.","Medicina Intensiva","scopus_records",2024
"The contribution of biological sex to heat stress-mediated outcomes in growing pigs",NA,"10.1016/j.animal.2024.101168","2024","Rudolph T.E.","Animal","scopus_records",2024
"Photon-Counting Computed Tomography in Atherosclerotic Plaque Characterization",NA,"10.3390/diagnostics14111065","2024","Cau R.","Diagnostics","scopus_records",2024
"Comparative thermal assessment and emission analysis of various green biodiesel from novel feedstocks for CI engines: a sustainable approach towards emission reduction",NA,"10.1007/s11356-024-33817-6","2024","Rajpoot A.S.","Environmental Science and Pollution Research","scopus_records",2024
"Compact and cost-effective laser-powered speckle contrast optical spectroscopy fiber-free device for measuring cerebral blood flow",NA,"10.1117/1.jbo.29.6.067001","2024","Huang Y.X.","Journal of Biomedical Optics","scopus_records",2024
"Outcomes of UK military personnel treated with ice cold water immersion for exertional heat stroke",NA,"10.1136/military-2022-002133","2024","Wood F.","BMJ Military Health","scopus_records",2024
"Complications of Preterm Birth—The Importance of Care for the Outcome: A Narrative Review",NA,"10.3390/medicina60061014","2024","Zivaljevic J.","Medicina Lithuania","scopus_records",2024
"Development and validation of the screening tool for age-related hearing loss in the community based on the information platform",NA,"10.1007/s00405-023-08389-9","2024","Ge J.","European Archives of Oto Rhino Laryngology","scopus_records",2024
"Determination of six short-chain fatty acids in rat feces using headspace solid-phase dynamic extraction coupled with GC-MS",NA,"10.1002/jssc.202400032","2024","Xing L.","Journal of Separation Science","scopus_records",2024
"Raise-up technique for the creation of left atrial roof lesion: A useful technique with cryoballoon for persistent atrial fibrillation",NA,"10.1111/jce.16267","2024","Kujiraoka H.","Journal of Cardiovascular Electrophysiology","scopus_records",2024
"Clinical outcomes of the type II hybrid procedure for the repair of extensive aortic arch pathology",NA,"10.21037/jtd-24-586","2024","Xue Y.","Journal of Thoracic Disease","scopus_records",2024
"Anterior Spinal Artery Syndrome after Bronchial Embolization for Hemoptysis: A Case Report and Literature Review",NA,"10.1136/bmjno-2024-000684","2024","Ghouri R.G.","BMJ Neurology Open","scopus_records",2024
"Preliminary experience with diffuse correlation spectroscopy in acute ischemic stroke neurointerventional procedures",NA,"10.1136/jnis-2023-020407","2024","Mokin M.","Journal of Neurointerventional Surgery","scopus_records",2024
"Burden of disease scenarios for 204 countries and territories, 2022–2050: a forecasting analysis for the Global Burden of Disease Study 2021",NA,"10.1016/s0140-6736(24)00685-8","2024","Basso J.D.","Lancet","scopus_records",2024
"Projecting non-communicable diseases attributable to air pollution in the climate change era: a systematic review",NA,"10.1136/bmjopen-2023-079826","2024","Karim N.","BMJ Open","scopus_records",2024
"Short-Term Exposure to Air Pollution and the Incidence and Mortality of Stroke: A Meta-Analysis",NA,"10.1097/nrl.0000000000000544","2024","Lin W.","Neurologist","scopus_records",2024
"Grouped mixtures of air pollutants and seasonal temperature anomalies and cardiovascular hospitalizations among U.S. Residents",NA,"10.1016/j.envint.2024.108651","2024","Wei Y.","Environment International","scopus_records",2024
"Ultrasound combined with urokinase under key-shaped bone window enhances blood clot lysis in an in vitro model of spontaneous intracerebral hemorrhage",NA,"10.1371/journal.pone.0304398","2024","Xu L.","Plos One","scopus_records",2024
"An assistive listening device improves hearing following aneurysmal subarachnoid haemorrhage",NA,"10.1111/ene.16240","2024","Gaastra B.","European Journal of Neurology","scopus_records",2024
"Development of a predictive nomogram for 28-day mortality risk in non-traumatic or post-traumatic subarachnoid hemorrhage patients",NA,"10.1007/s10072-023-07199-5","2024","Miao G.","Neurological Sciences","scopus_records",2024
"Exposure to Environmental Toxins: Potential Implications for Stroke Risk via the Gut– and Lung–Brain Axis",NA,"10.3390/cells13100803","2024","Ruggles A.","Cells","scopus_records",2024
"Projecting heat-related cardiovascular mortality burden attributable to human-induced climate change in China",NA,"10.1016/j.ebiom.2024.105119","2024","Zhu Q.","Ebiomedicine","scopus_records",2024
"Escalating climate-related health risks for Hajj pilgrims to Mecca",NA,"10.1093/jtm/taae042","2024","Yezli S.","Journal of Travel Medicine","scopus_records",2024
"Improved hypertensive stroke classification based on multi-scale feature fusion of head axial CT angiogram and multimodal learning",NA,"10.1016/j.ejmp.2024.103359","2024","Liu S.","Physica Medica","scopus_records",2024
"Experimental and numerical investigation of thermal environment of the child trapped in a parked vehicle",NA,"10.1016/j.forsciint.2024.111998","2024","Zhang R.","Forensic Science International","scopus_records",2024
"Porcine Model of Cerebral Ischemic Stroke Utilizing Intracortical Recordings for the Continuous Monitoring of the Ischemic Area",NA,"10.3390/s24102967","2024","Nielsen T.G.N.d.S.","Sensors","scopus_records",2024
"Cerebral sympatholysis: experiments on in vivo cerebrovascular regulation and ex vivo cerebral vasomotor control",NA,"10.1152/ajpheart.00714.2023","2024","Luchkanych A.M.S.","American Journal of Physiology Heart and Circulatory Physiology","scopus_records",2024
"Hyperthermia: Is it always an accidental death?",NA,"10.1016/j.legalmed.2024.102418","2024","Dervišević E.","Legal Medicine","scopus_records",2024
"“Unravelling the impacts of climatic heat events on cardiovascular health in animal models”",NA,"10.1016/j.envres.2024.118315","2024","Mol N.","Environmental Research","scopus_records",2024
"New Cocrystals of Ligustrazine: Enhancing Hygroscopicity and Stability",NA,"10.3390/molecules29102208","2024","Xie Y.","Molecules","scopus_records",2024
"Imaging of intracranial hemorrhage in photon counting computed tomography using virtual monoenergetic images",NA,"10.1007/s00234-024-03308-z","2024","Schoenbeck D.","Neuroradiology","scopus_records",2024
"Consistent movement of viewers' facial keypoints while watching emotionally evocative videos",NA,"10.1371/journal.pone.0302705","2024","Tripathi S.C.","Plos One","scopus_records",2024
"Spiral time-of-flight magnetic resonance angiography for intracranial vascular imaging: performance compared to conventional Cartesian angiogram",NA,"10.21037/qims-23-1533","2024","Xu L.","Quantitative Imaging in Medicine and Surgery","scopus_records",2024
"Heat acclimation improves exercise performance in hot conditions and increases heat shock protein 70 and 90 of skeletal muscles in Thoroughbred horses",NA,"10.14814/phy2.16083","2024","Ebisuda Y.","Physiological Reports","scopus_records",2024
"Valuing the health benefits of nature-based recreational physical activity in England",NA,"10.1016/j.envint.2024.108667","2024","Grellier J.","Environment International","scopus_records",2024
"Effects of the Training Data Condition on Arterial Spin Labeling Parameter Estimation Using a Simulation-Based Supervised Deep Neural Network",NA,"10.1097/rct.0000000000001566","2024","Ishida S.","Journal of Computer Assisted Tomography","scopus_records",2024
"Thrombus discrimination with electron density: potential implications for non-contrast computed tomography imaging",NA,"10.21037/cdt-24-28","2024","Rodriguez-Granillo G.A.","Cardiovascular Diagnosis and Therapy","scopus_records",2024
"Transportation Noise Pollution and Cardiovascular Health",NA,"10.1161/circresaha.123.323584","2024","Münzel T.","Circulation Research","scopus_records",2024
"The firestorm within: A narrative review of extreme heat and wildfire smoke effects on brain health",NA,"10.1016/j.scitotenv.2024.171239","2024","White A.R.","Science of the Total Environment","scopus_records",2024
"Risk factors for and outcomes of heatstroke-related intracerebral hemorrhage",NA,"10.1097/md.0000000000037739","2024","Lin G.","Medicine United States","scopus_records",2024
"Long-Term Exposure to Low Concentrations of Ambient Benzene and Mortality in a National English Cohort",NA,"10.1164/rccm.202308-1440oc","2024","Wang J.","American Journal of Respiratory and Critical Care Medicine","scopus_records",2024
"Hyperbaric oxygen preconditioning normalizes scrotal temperature, sperm quality, testicular structure, and erectile function in adult male rats subjected to exertional heat injury",NA,"10.1016/j.mce.2024.112175","2024","Hsieh K.L.","Molecular and Cellular Endocrinology","scopus_records",2024
"Application of bolus tracking: The effect of ROI positions on the images quality of cervicocerebral CT angiography",NA,"10.1016/j.heliyon.2024.e29260","2024","Wu H.","Heliyon","scopus_records",2024
"Burden of Stroke Attributable to Nonoptimal Temperature in 204 Countries and Territories: A Population-Based Study, 1990-2019",NA,"10.1212/wnl.0000000000209299","2024","Qu C.","Neurology","scopus_records",2024
"Temperature Control in Acute Brain Injury: An Update",NA,"10.1055/s-0044-1785647","2024","Lin V.","Seminars in Neurology","scopus_records",2024
"Global trends and burden of stroke attributable to particulate matter pollution from 1990 to 2019",NA,"10.1016/j.ecoenv.2024.116205","2024","Liu S.","Ecotoxicology and Environmental Safety","scopus_records",2024
"Outdoor Light at Night, Air Pollution, and Risk of Cerebrovascular Disease: A Cohort Study in China",NA,"10.1161/strokeaha.123.044904","2024","Wu Y.","Stroke","scopus_records",2024
"Climate Change and Stroke: A Topical Narrative Review",NA,"10.1161/strokeaha.123.043826","2024","Ranta A.","Stroke","scopus_records",2024
"Causal associations of particulate matter 2.5 and cardiovascular disease: A two-sample mendelian randomization study",NA,"10.1371/journal.pone.0301823","2024","Cao Y.","Plos One","scopus_records",2024
"A 38-Year-Old Woman With REM Predominant Central Sleep Apnea After Bulbar Infarction",NA,"10.1016/j.chest.2023.12.007","2024","Qu X.R.","Chest","scopus_records",2024
"Microglial TLR4 Mediates White Matter Injury in a Combined Model of Diesel Exhaust Exposure and Cerebral Hypoperfusion",NA,"10.1161/strokeaha.124.046412","2024","Shkirkova K.","Stroke","scopus_records",2024
"Prediction of Death in Intracerebral Hemorrhage Patients After Minimally Invasive Surgery by Vital Signs and Blood Glucose",NA,"10.1016/j.wneu.2024.01.061","2024","Wu F.","World Neurosurgery","scopus_records",2024
"Heat stroke-induced cerebral cortex nerve injury by mitochondrial dysfunction: A comprehensive multi-omics profiling analysis",NA,"10.1016/j.scitotenv.2024.170869","2024","Fang W.","Science of the Total Environment","scopus_records",2024
"Effect of Ward Noise Management Combined with Meditation Training on Stroke Rehabilitation Patients",NA,"10.4103/nah.nah_128_23","2024","Zhang X.","Noise and Health","scopus_records",2024
"Secondhand smoke exposure can increase the risk of first ischemic stroke: A 10.7-year prospective cohort study in China",NA,"10.1016/j.annepidem.2024.02.005","2024","Lu R.","Annals of Epidemiology","scopus_records",2024
"Exploring the Prospects of Transcranial Electrical Stimulation (tES) as a Therapeutic Intervention for Post-Stroke Motor Recovery: A Narrative Review",NA,"10.3390/brainsci14040322","2024","Meng H.","Brain Sciences","scopus_records",2024
"Mortality and cancer incidence in perfluorooctanesulfonyl fluoride production workers",NA,"10.1002/ajim.23568","2024","Alexander B.H.","American Journal of Industrial Medicine","scopus_records",2024
"Fibrinaloid Microclots and Atrial Fibrillation",NA,"10.3390/biomedicines12040891","2024","Kell D.B.","Biomedicines","scopus_records",2024
"Enriched Environments in Stroke Units: Defining Characteristics and Limitations",NA,"10.1177/19375867231224972","2024","Anåker A.","Health Environments Research and Design Journal","scopus_records",2024
"Impact of immediate postrecanalization cooling on outcome in acute ischemic stroke patients with a large ischemic core: prospective cohort study",NA,"10.1097/js9.0000000000001127","2024","Bai X.","International Journal of Surgery London England","scopus_records",2024
"A comparative study of low voltage, low contrast cerebral computed tomography angiography with iterative reconstruction and conventional cerebral computed tomography angiography",NA,"10.1177/19714009231224412","2024","Mishra S.","Neuroradiology Journal","scopus_records",2024
"Wearable and ingestible technology to evaluate and prevent exertional heat illness: A narrative review",NA,"10.1002/pmrj.13155","2024","Hintz C.N.","Pm and R","scopus_records",2024
"Image quality of photon-counting detector CT virtual monoenergetic and polyenergetic reconstructions for head and neck CT angiography",NA,"10.1016/j.clinimag.2024.110081","2024","Spampinato M.V.","Clinical Imaging","scopus_records",2024
"Ambient temperature anomalies induce electrocardiogram abnormalities: Findings from a nationwide longitudinal study",NA,"10.1016/j.envres.2023.117996","2024","Guo J.","Environmental Research","scopus_records",2024
"Changes in surrogate markers of intestinal epithelial injury and microbial translocation in young and older men during prolonged occupational heat stress in temperate and hot conditions",NA,"10.1007/s00421-023-05329-7","2024","Lee B.J.","European Journal of Applied Physiology","scopus_records",2024
"Cooling Modality Effectiveness and Mortality Associate with Prehospital Care of Exertional Heat Stroke Casualties",NA,"10.1016/j.jemermed.2023.11.008","2024","Khan R.J.","Journal of Emergency Medicine","scopus_records",2024
"Ice Sheet Cooling in the Field Reduces Morbidity in Exertional Heat Stroke",NA,"10.1249/jsr.0000000000001156","2024","Willcox M.J.","Current Sports Medicine Reports","scopus_records",2024
"Fatal hyperthermia among children in school buses: Analysis of 47 cases in China",NA,"10.1177/00258024231183505","2024","Sun T.","Medicine Science and the Law","scopus_records",2024
"PKSEA-Net: A prior knowledge supervised edge-aware multi-task network for retinal arteriolar morphometry",NA,"10.1016/j.compbiomed.2024.108255","2024","Huang C.","Computers in Biology and Medicine","scopus_records",2024
"Occupational and domestic exposure associations with cerebral small vessel disease and vascular dementia: A systematic review and meta-analysis",NA,"10.1002/alz.13647","2024","Clancy U.","Alzheimer S and Dementia","scopus_records",2024
"The role of liver enzymes in the association between ozone exposure and diabetes risk: a cross-sectional study of Zhuang adults in China",NA,"10.1039/d3em00463e","2024","Ma X.","Environmental Science Processes and Impacts","scopus_records",2024
"Long-term exposure to air pollution and risk of stroke by ecoregions: The REGARDS study",NA,"10.1016/j.envpol.2024.123367","2024","Riggs D.W.","Environmental Pollution","scopus_records",2024
"Lower exposure to risk factors for stroke in green spaces in comparison with metropolitan areas. The importance of education and information to reduce the difference",NA,"10.1016/j.jns.2024.122933","2024","Sterpetti A.V.","Journal of the Neurological Sciences","scopus_records",2024
"Neurological patients confronting climate change: A potential role for the glymphatic system and sleep",NA,"10.1016/j.jns.2024.122900","2024","Reis J.","Journal of the Neurological Sciences","scopus_records",2024
"Response to letter to the editor by Sterpetti et al",NA,"10.1016/j.jns.2024.122934","2024","Douwes J.","Journal of the Neurological Sciences","scopus_records",2024
"Influence of oxyhydrogen gas retrofit into two-stroke engine on emissions and exhaust gas temperature variations",NA,"10.1016/j.heliyon.2024.e26597","2024","Kamarudin R.","Heliyon","scopus_records",2024
"Advanced Cooling Textiles: Mechanisms, Applications, and Perspectives",NA,"10.1002/advs.202305228","2024","Zhang X.","Advanced Science","scopus_records",2024
"In situ formed depot of elastin-like polypeptide-hirudin fusion protein for long-acting antithrombotic therapy",NA,"10.1073/pnas.2314349121","2024","Tian X.","Proceedings of the National Academy of Sciences of the United States of America","scopus_records",2024
"Potential adverse effects of face mask use on cardiopulmonary function and thermoregulation in robotic stroke rehabilitation during the COVID-19 pandemic",NA,"10.3233/nre-230150","2024","Kwon Y.","Neurorehabilitation","scopus_records",2024
"Bidirectional modification effects on nonlinear associations of summer temperature and air pollution with first-ever stroke morbidity",NA,"10.1016/j.ecoenv.2024.116034","2024","Yang C.","Ecotoxicology and Environmental Safety","scopus_records",2024
"Exploring associations of greenery, air pollution and walkability with cardiometabolic health in people at midlife and beyond",NA,"10.1111/ggi.14743","2024","Carver A.","Geriatrics and Gerontology International","scopus_records",2024
"Joint Exposure to Ambient Air Pollutants, Genetic Risk, and Ischemic Stroke: A Prospective Analysis in UK Biobank",NA,"10.1161/strokeaha.123.044935","2024","Li P.","Stroke","scopus_records",2024
"Inflammatory factors mediated the effect of air pollution on ischemic stroke: a two-step, mediation Mendelian randomization study",NA,"10.26355/eurrev_202403_35610","2024","Huang Z.","European Review for Medical and Pharmacological Sciences","scopus_records",2024
"Associations between air pollution and the risk of first admission and multiple readmissions for cardiovascular diseases",NA,"10.1136/heartjnl-2023-322682","2024","Zhang S.","Heart","scopus_records",2024
"Reply to the Letter to the Editor Regarding: Spatiotemporal association between air pollution and stroke mortality in South Korea",NA,"10.1016/j.jstrokecerebrovasdis.2023.107520","2024","Ha S.H.","Journal of Stroke and Cerebrovascular Diseases","scopus_records",2024
"Reduced atmospheric levels of PM2.5 and decreased admissions and surgery for Ischemic stroke in Italy",NA,"10.1016/j.jstrokecerebrovasdis.2023.107504","2024","Sterpetti A.V.","Journal of Stroke and Cerebrovascular Diseases","scopus_records",2024
"Targeted Temperature Management for Poor Grade Aneurysmal Subarachnoid Hemorrhage: A Pilot Study",NA,"10.1016/j.wneu.2024.01.041","2024","Liu Y.","World Neurosurgery","scopus_records",2024
"Updated Perspectives on Lifestyle Interventions as Secondary Stroke Prevention Measures: A Narrative Review",NA,"10.3390/medicina60030504","2024","Govori V.","Medicina Lithuania","scopus_records",2024
"Association between electrocardiographic abnormalities and flood exposure among middle-aged and elderly people: A national longitudinal study in China",NA,"10.1016/j.envint.2024.108484","2024","Li P.","Environment International","scopus_records",2024
"Ozone-mediated cerebral protection: Unraveling the mechanism through ferroptosis and the NRF2/SLC7A11/GPX4 signaling pathway",NA,"10.1016/j.jchemneu.2023.102387","2024","Zhu F.","Journal of Chemical Neuroanatomy","scopus_records",2024
"Study Attributes 5 Million Deaths per Year to Air Pollution",NA,"10.1097/01.naj.0001008352.75984.9c","2024","Roush K.","American Journal of Nursing","scopus_records",2024
"Stroke Admission Simulation: Engaging Novice and Expert Nurses",NA,"10.3928/00220124-20231130-03","2024","Sybrandt A.E.","Journal of Continuing Education in Nursing","scopus_records",2024
"A multi-scale attention residual-based U-Net network for stroke electrical impedance tomography",NA,"10.1063/5.0176494","2024","Liu J.","Review of Scientific Instruments","scopus_records",2024
"Probabilistic post-processing of short to medium range temperature forecasts: Implications for heatwave prediction in India",NA,"10.1007/s10661-024-12418-3","2024","Saminathan S.","Environmental Monitoring and Assessment","scopus_records",2024
"Systematic Literature Review of the Association of Fever and Elevated Temperature with Outcomes in Critically Ill Adult Patients",NA,"10.1089/ther.2023.0004","2024","Newey C.","Therapeutic Hypothermia and Temperature Management","scopus_records",2024
"Iatrogenic Vertebral Artery Dissection with Posterior Fossa and Lateral Medullary Stroke After Uncomplicated Cervical Nerve Ablation",NA,"10.1016/j.jemermed.2023.10.022","2024","Kaur J.","Journal of Emergency Medicine","scopus_records",2024
"Reducing the Climate Impact of Critical Care",NA,"10.1016/j.chstcc.2023.100037","2024","Rabin A.S.","Chest Critical Care","scopus_records",2024
"FFCM-MRF: An accurate and generalizable cerebrovascular segmentation pipeline for humans and rhesus monkeys based on TOF-MRA",NA,"10.1016/j.compbiomed.2024.107996","2024","Cui Y.","Computers in Biology and Medicine","scopus_records",2024
"Detection of Hyperdense Arterial Sign in Acute Ischemic Stroke with Dual-Energy Computed Tomography: Optimal Combination with X-ray Energy and Slice Thickness",NA,"10.3390/tomography10030028","2024","Noguchi K.","Tomography","scopus_records",2024
"Exertional Heat Stroke Survival at the Falmouth Road Race: 180 New Cases With Expanded Analysis",NA,"10.4085/1062-6050-0065.23","2024","Stearns R.L.","Journal of Athletic Training","scopus_records",2024
"Impact of heat stress on health-related symptoms and physiological changes among workers at a palm oil mill in Mukah, Sarawak, Malaysia",NA,NA,"2024","Vallennie V.","Medical Journal of Malaysia","scopus_records",2024
"Influence of threshold selection and image sequence in in-vivo segmentation of enlarged perivascular spaces",NA,"10.1016/j.jneumeth.2023.110037","2024","Valdés Hernández M.d.C.","Journal of Neuroscience Methods","scopus_records",2024
"Improvement of Neurovascular Imaging Using Ultra-High-Resolution Computed Tomography Angiography",NA,"10.1007/s00062-023-01348-1","2024","Ucar F.A.","Clinical Neuroradiology","scopus_records",2024
"Cooling Modality Effectiveness and Mortality Associate[d] with Prehospital Care of Exertional Heat Stroke Casualties",NA,"10.1016/j.jemermed.2023.10.034","2024","Stearns R.L.","Journal of Emergency Medicine","scopus_records",2024
"Development of a Helmet-Shape Dual-Channel RF coil for brain imaging at 54 mT using inverse boundary element method",NA,"10.1016/j.jmr.2024.107636","2024","Meng F.","Journal of Magnetic Resonance","scopus_records",2024
"Heart rate reduction during voluntary deep diving in free-ranging loggerhead sea turtles",NA,"10.1242/jeb.246334","2024","Saito A.","Journal of Experimental Biology","scopus_records",2024
"Antioxidant nanozymes as next-generation therapeutics to free radical-mediated inflammatory diseases: A comprehensive review",NA,"10.1016/j.ijbiomac.2024.129374","2024","Singh S.","International Journal of Biological Macromolecules","scopus_records",2024
"Realistic 3D Phantoms for Validation of Microwave Sensing in Health Monitoring Applications",NA,"10.3390/s24061975","2024","Särestöniemi M.","Sensors","scopus_records",2024
"Management of Heat-Related Illness and Injury in the ICU: A Concise Definitive Review",NA,"10.1097/ccm.0000000000006170","2024","Barletta J.F.","Critical Care Medicine","scopus_records",2024
"Thermography Sensor to Assess Motor and Sensitive Neuromuscular Sequels of Brain Damage",NA,"10.3390/s24061723","2024","Cabizosu A.","Sensors","scopus_records",2024
"Hourly Heat Exposure and Acute Ischemic Stroke",NA,"10.1001/jamanetworkopen.2024.0627","2024","Zhu X.","JAMA Network Open","scopus_records",2024
"Navigating implementation barriers: a holistic approach to improving exertional heat stroke management",NA,"10.1136/bmjsem-2023-001861","2024","Hosokawa Y.","BMJ Open Sport and Exercise Medicine","scopus_records",2024
"Contribution of protein conformational heterogeneity to NMR lineshapes at cryogenic temperatures",NA,"10.1073/pnas.2301053120","2024","Yi X.","Proceedings of the National Academy of Sciences of the United States of America","scopus_records",2024
"Low ambient temperature exposure increases the risk of ischemic stroke by promoting platelet activation",NA,"10.1016/j.scitotenv.2023.169235","2024","Chen Z.","Science of the Total Environment","scopus_records",2024
"Role of residential greenspace in the trajectory of major neurological disorders: A longitudinal study in UK Biobank",NA,"10.1016/j.scitotenv.2023.168967","2024","Hu X.","Science of the Total Environment","scopus_records",2024
"Green space and stroke: A scoping review of the evidence",NA,"10.1016/j.jns.2024.122870","2024","Whyte M.","Journal of the Neurological Sciences","scopus_records",2024
"Enhanced the treatment of ischemic stroke through intranasal temperature-sensitive hydrogels of edaravone and borneol inclusion complex",NA,"10.1016/j.ijpharm.2023.123748","2024","Teng C.","International Journal of Pharmaceutics","scopus_records",2024
"Transcranial random noise stimulation to augment hand function in individuals with moderate-to-severe stroke: A pilot randomized clinical trial",NA,"10.3233/rnn-231314","2024","Sethi A.","Restorative Neurology and Neuroscience","scopus_records",2024
"Causal Associations of Education Level With Cardiovascular Diseases, Cardiovascular Biomarkers, and Socioeconomic Factors",NA,"10.1016/j.amjcard.2023.06.044","2024","Hu M.","American Journal of Cardiology","scopus_records",2024
"Neighborhood Environmental Burden and Cardiovascular Health in the US",NA,"10.1001/jamacardio.2023.4680","2024","Liu M.","JAMA Cardiology","scopus_records",2024
"Risk Factors for Young-Onset Dementia in the UK Biobank",NA,"10.1001/jamaneurol.2023.4929","2024","Hendriks S.","JAMA Neurology","scopus_records",2024
"Application of deep learning image reconstruction-high algorithm in one-stop coronary and carotid-cerebrovascular CT angiography with low radiation and contrast doses",NA,"10.21037/qims-23-864","2024","Li W.","Quantitative Imaging in Medicine and Surgery","scopus_records",2024
"The added effects of cold spells on stroke admissions: Differential effects on ischemic and hemorrhagic stroke",NA,"10.1177/17474930231203129","2024","Liu P.","International Journal of Stroke","scopus_records",2024
"Air pollution and cardiovascular health in South Asia: A comprehensive review",NA,"10.1016/j.cpcardiol.2023.102199","2024","Irfan H.","Current Problems in Cardiology","scopus_records",2024
"Direct Exposure to Outdoor Air Pollution Worsens the Functional Status of Stroke Patients Treated with Mechanical Thrombectomy",NA,"10.3390/jcm13030746","2024","Lasek-Bal A.","Journal of Clinical Medicine","scopus_records",2024
"Air pollution status and attributable health effects across the state of West Bengal, India, during 2016–2021",NA,"10.1007/s10661-024-12333-7","2024","Ghosh B.","Environmental Monitoring and Assessment","scopus_records",2024
"Disentangling impacts of multiple pollutants on acute cardiovascular events in New York city: A case-crossover analysis",NA,"10.1016/j.envres.2023.117758","2024","Humphrey J.L.","Environmental Research","scopus_records",2024
"The impact of air quality on cardiovascular health: A state of the art review",NA,"10.1016/j.cpcardiol.2023.102174","2024","Abdul-Rahman T.","Current Problems in Cardiology","scopus_records",2024
"Air Pollution and Adverse Cardiovascular Events After Coronary Artery Bypass Grafting: A 10-Year Nationwide Study",NA,"10.1016/j.jacadv.2023.100781","2024","Deo S.V.","Jacc Advances","scopus_records",2024
"Burden of Disease Due to Air Pollution in Afghanistan—Results from the Global Burden of Disease Study 2019",NA,"10.3390/ijerph21020197","2024","Hahad O.","International Journal of Environmental Research and Public Health","scopus_records",2024
"The Impact of Climate Change and Extreme Weather Conditions on Cardiovascular Health and Acute Cardiovascular Diseases",NA,"10.3390/jcm13030759","2024","De Vita A.","Journal of Clinical Medicine","scopus_records",2024
"Transnasal cooling: New prospect of selective hypothermia in acute ischemic stroke",NA,"10.1177/0271678x231211726","2024","Chen X.","Journal of Cerebral Blood Flow and Metabolism","scopus_records",2024
"A data-driven computational methodology towards a pre-hospital Acute Ischaemic Stroke screening tool using haemodynamics waveforms",NA,"10.1016/j.cmpb.2023.107982","2024","Sen A.","Computer Methods and Programs in Biomedicine","scopus_records",2024
"Recommended water immersion duration for the field treatment of exertional heat stroke when rectal temperature is unavailable",NA,"10.1007/s00421-023-05290-5","2024","Flouris A.D.","European Journal of Applied Physiology","scopus_records",2024
"Exertional heat stroke causes long-term skeletal muscle epigenetic reprogramming, altered gene expression, and impaired satellite cell function in mice",NA,"10.1152/ajpregu.00226.2023","2024","Murray K.O.","American Journal of Physiology Regulatory Integrative and Comparative Physiology","scopus_records",2024
"Social Determinants of Health Framework to Identify and Reduce Barriers to Imaging in Marginalized Communities",NA,"10.1148/radiol.223097","2024","Elmohr M.M.","Radiology","scopus_records",2024
"Development and Validation of a Prediction Model for 30-Day Mortality and Functional Outcome in Patients with Primary Brainstem Hemorrhage",NA,"10.1159/000530348","2024","Cai C.","Cerebrovascular Diseases","scopus_records",2024
"Association Between Speech Reception Threshold in Noise and Multimorbidity: The UK Biobank Study",NA,"10.1002/ohn.507","2024","Yévenes-Briones H.","Otolaryngology Head and Neck Surgery United States","scopus_records",2024
"Glyphosate: Impact on the microbiota-gut-brain axis and the immune-nervous system, and clinical cases of multiorgan toxicity",NA,"10.1016/j.ecoenv.2024.115965","2024","Mazuryk J.","Ecotoxicology and Environmental Safety","scopus_records",2024
"Self-reported Cardiovascular Disease in Career Firefighters With and Without World Trade Center Exposure",NA,"10.1097/jom.0000000000003007","2024","Mueller A.K.","Journal of Occupational and Environmental Medicine","scopus_records",2024
"A high resolution and wide range valve for micronewton cold gas thrusters",NA,"10.1063/5.0175676","2024","Zhang H.Y.","Review of Scientific Instruments","scopus_records",2024
"Prevention of Natural Disaster-Induced Cardiovascular Diseases",NA,"10.3390/jcm13041004","2024","Yamaoka-Tojo M.","Journal of Clinical Medicine","scopus_records",2024
"Multi-Echo Complex Quantitative Susceptibility Mapping and Quantitative Blood Oxygen Level-Dependent Magnitude (mcQSM + qBOLD or mcQQ) for Oxygen Extraction Fraction (OEF) Mapping",NA,"10.3390/bioengineering11020131","2024","Cho J.","Bioengineering","scopus_records",2024
"Mortality by avoidable causes in Brazil from 1990 to 2019: data from the Global Burden of Disease Study",NA,"10.1016/j.puhe.2023.12.012","2024","Malta D.C.","Public Health","scopus_records",2024
"Crescent Antennas as Sensors: Case of Sensing Brain Pathology",NA,"10.3390/s24041305","2024","Anwar U.","Sensors","scopus_records",2024
"Autologous Cranioplasty with Bone Flap Preserved in Conventional Freezers: An Adequate Option in Low Resource Settings",NA,"10.1016/j.wneu.2023.11.128","2024","Robles L.A.","World Neurosurgery","scopus_records",2024
"Neuromonitoring after Pediatric Cardiac Arrest: Cerebral Physiology and Injury Stratification",NA,"10.1007/s12028-023-01685-6","2024","Slovis J.C.","Neurocritical Care","scopus_records",2024
"Mortality risk factors in patients receiving ECPR after cardiac arrest: Development and validation of a clinical prognostic prediction model",NA,"10.1016/j.ajem.2023.11.048","2024","Li Z.","American Journal of Emergency Medicine","scopus_records",2024
"A Novel Pumping Principle for a Total Artificial Heart",NA,"10.1109/tbme.2023.3306888","2024","Bierewirtz T.","IEEE Transactions on Biomedical Engineering","scopus_records",2024
"Nomogram model on estimating the risk of pressure injuries for hospitalized patients in the intensive care unit",NA,"10.1016/j.iccn.2023.103566","2024","Han L.","Intensive and Critical Care Nursing","scopus_records",2024
"Structural Changes in Rat Hepatocyte Nucleolus under Nucleolar Stress Caused by Hypothermia",NA,"10.1007/s10517-024-06059-2","2024","Bobrov I.P.","Bulletin of Experimental Biology and Medicine","scopus_records",2024
"Age-Period-Cohort Analysis of Long-Term Trends in Ischemic Stroke Mortality in China Caused by Specific Risk Factors from 1990 to 2019",NA,"10.1159/000536014","2024","Liu F.","Neuroepidemiology","scopus_records",2024
"Feasibility of using 8 mL of iodinated contrast media in cerebral computed tomographic angiography with a dual-layer spectral detector",NA,"10.21037/qims-23-914","2024","Leng Y.","Quantitative Imaging in Medicine and Surgery","scopus_records",2024
"Polyphenolic oligomer-derived multienzyme activity for the treatment of ischemic Stroke through ROS scavenging and blood-brain barrier restoration",NA,"10.1039/d3tb02676k","2024","Meng W.","Journal of Materials Chemistry B","scopus_records",2024
"Radon Exposure, Clonal Hematopoiesis, and Stroke Susceptibility in the Women's Health Initiative",NA,"10.1212/wnl.0000000000208055","2024","Anthony K.M.","Neurology","scopus_records",2024
"The intersectionality of climate change and post-stroke aphasia",NA,"10.1055/s-0043-1777858","2024","Greenwald R.","Seminars in Speech and Language","scopus_records",2024
"Health implications of urban tree canopy policy scenarios in Denver and Phoenix: A quantitative health impact assessment",NA,"10.1016/j.envres.2023.117610","2024","Dean D.","Environmental Research","scopus_records",2024
"Short-term effects of ambient oxidation, and its interaction with fine particles on first-ever stroke: A national case-crossover study in China",NA,"10.1016/j.scitotenv.2023.168017","2024","Jiang D.","Science of the Total Environment","scopus_records",2024
"Extracellular histones exacerbate heat stroke-induced liver injury by triggering hepatocyte pyroptosis and liver injury via the TLR9-NLRP3 pathway",NA,"10.1016/j.intimp.2023.111305","2024","Li Y.","International Immunopharmacology","scopus_records",2024
"Denoising task-correlated head motion from motor-task fMRI data with multi-echo ICA",NA,"10.1162/imag_a_00057","2024","Reddy N.A.","Imaging Neuroscience","scopus_records",2024
"Impact of Indoor Air Pollutants on the Cardiovascular Health Outcomes of Older Adults: Systematic Review",NA,"10.2147/cia.s480054","2024","Ndlovu N.","Clinical Interventions in Aging","scopus_records",2024
"Modifying effects of green space on the relationships between air pollution and ischemic cerebrovascular event recurrence in Tianjin, China",NA,"10.1080/09603123.2024.2314636","2024","Sun Z.","International Journal of Environmental Health Research","scopus_records",2024
"Association between ambient air pollution and outpatient visits of cardiovascular diseases in Zibo, China: a time series analysis",NA,"10.3389/fpubh.2024.1492056","2024","Wang Y.","Frontiers in Public Health","scopus_records",2024
"Impact of air pollution on postoperative outcomes following organ transplantation: Evidence from clinical investigations",NA,"10.1111/ctr.15180","2024","Supphapipat K.","Clinical Transplantation","scopus_records",2024
"Particulate Matter Air Pollution is a Significant Risk Factor for Cardiovascular Disease",NA,"10.1016/j.cpcardiol.2023.102094","2024","Henning R.J.","Current Problems in Cardiology","scopus_records",2024
"Short-term exposure to nitrogen dioxide and emergency department visits for cause-stroke: a time-series study in Shanghai, China, 2013–2022",NA,"10.1265/ehpm.24-00304","2024","Zhou Y.","Environmental Health and Preventive Medicine","scopus_records",2024
"Incidence of central retinal artery occlusion peaks in winter season",NA,"10.3389/fneur.2024.1342491","2024","Gassel C.J.","Frontiers in Neurology","scopus_records",2024
"Fine Particulate Matter Exposure, Genetic Susceptibility, and the Risk of Incident Stroke: A Prospective Cohort Study",NA,"10.1161/strokeaha.123.043812","2024","Huang K.","Stroke","scopus_records",2024
"Inequities in air pollution on stroke mortality among Older Americans: a U.S. nationwide analysis",NA,"10.3389/fpubh.2024.1364165","2024","Kabangu J.L.K.","Frontiers in Public Health","scopus_records",2024
"Clearing the Air to Address Pollution's Cardiovascular Health Crisis",NA,"10.5334/gh.1364","2024","Miller M.R.","Global Heart","scopus_records",2024
"Global Public Health Implications of Traffic Related Air Pollution: Systematic Review",NA,"10.1177/11786302241272403","2024","Debelu D.","Environmental Health Insights","scopus_records",2024
"Long-Term Exposure to Particulate Matter and Mortality: An Update of the WHO Global Air Quality Guidelines Systematic Review and Meta-Analysis",NA,"10.3389/ijph.2024.1607683","2024","Orellano P.","International Journal of Public Health","scopus_records",2024
"Level of elderly-supportive infrastructure, fine particulate matter and cardiovascular disease hospitalisations: a time-stratified case-crossover study in Wuhan",NA,"10.1080/16549716.2024.2447651","2024","Qin M.","Global Health Action","scopus_records",2024
"Residential Nitrogen Dioxide Exposure and Cause-Specific Cerebrovascular Mortality: An Individual-Level, Case-Crossover Study",NA,"10.3390/toxics12010010","2024","Qian Y.","Toxics","scopus_records",2024
"Long-Term Exposure to Nitrogen Dioxide and Ozone and Mortality: Update of the WHO Air Quality Guidelines Systematic Review and Meta-Analysis",NA,"10.3389/ijph.2024.1607676","2024","Kasdagli M.I.","International Journal of Public Health","scopus_records",2024
"Ambient air pollution and the dynamic transitions of stroke and dementia: a population-based cohort study",NA,"10.1016/j.eclinm.2023.102368","2024","Wang J.","Eclinicalmedicine","scopus_records",2024
"Emerging Stroke Risk Factors: A Focus on Infectious and Environmental Determinants",NA,"10.3390/jcdd11010019","2024","Hameed S.","Journal of Cardiovascular Development and Disease","scopus_records",2024
"Exposure-response associations between chronic exposure to fine particulate matter and risks of hospital admission for major cardiovascular diseases: population based cohort study",NA,"10.1136/bmj-2023-076939","2024","Wei Y.","BMJ","scopus_records",2024
"Genetic Susceptibility Modifies Relationships between Air Pollutants and Stroke Risk: A Large Cohort Study",NA,"10.1161/strokeaha.123.044284","2024","Ma Y.","Stroke","scopus_records",2024
"Risk and attributable fraction estimation for the impact of exposure to compound drought and hot events on daily stroke admissions",NA,"10.1265/ehpm.24-00168","2024","Zhang H.","Environmental Health and Preventive Medicine","scopus_records",2024
"Effect of PM2.5 on burden of mortality from non-communicable diseases in northern Thailand",NA,"10.7717/peerj.18055","2024","Parasin N.","Peerj","scopus_records",2024
"Causal association between particulate matter 2.5 and Alzheimer’s disease: a Mendelian randomization study",NA,"10.3389/fpubh.2024.1343915","2024","Dang M.","Frontiers in Public Health","scopus_records",2024
"Secondary Ischemia Assessment in Murine and Rat Preclinical Subarachnoid Hemorrhage Models: A Systematic Review",NA,"10.1161/jaha.123.032694","2024","Fürstenau E.","Journal of the American Heart Association","scopus_records",2024
"Global impact of particulate matter on ischemic stroke",NA,"10.3389/fpubh.2024.1398303","2024","Xie Z.","Frontiers in Public Health","scopus_records",2024
"The Influence of Climate, Atmospheric Pollution, and Natural Disasters on Cardiovascular Diseases and Diabetes Mellitus in Drylands: A Scoping Review",NA,"10.3389/phrs.2024.1607300","2024","Moreira R.P.","Public Health Reviews","scopus_records",2024
"Socioeconomic per-case costs of stroke, myocardial infarction, and preterm birth attributable to air pollution in Sweden",NA,"10.1371/journal.pone.0290766","2024","Kriit H.K.","Plos One","scopus_records",2024
"Climate change and health of the urban poor: The role of environmental justice",NA,"10.1016/j.joclim.2023.100277","2024","Chaudhry D.","Journal of Climate Change and Health","scopus_records",2024
"Green space is associated with new-onset stroke among Chinese middle-aged and older adults: data from China Health and Retirement Longitudinal Study (CHARLS)",NA,"10.3389/fpubh.2024.1424510","2024","Lu Q.","Frontiers in Public Health","scopus_records",2024
"The 2018 Heat Wave’s Impact on the Mortality of Older People in Seoul, South Korea",NA,"10.1080/19371918.2024.2340082","2024","Park C.Y.","Social Work in Public Health","scopus_records",2024
"Lifetime losses due to cardiovascular and respiratory diseases attributable to air pollution in polluted and unpolluted areas",NA,"10.1080/09603123.2023.2225426","2024","Jiřík V.","International Journal of Environmental Health Research","scopus_records",2024
"Association Between Nitrogen Dioxide Pollution and Cause-Specific Mortality in China: Cross-Sectional Time Series Study",NA,"10.2196/44648","2024","Zeng J.","Jmir Public Health and Surveillance","scopus_records",2024
"Short-Term Effect of Ambient Temperature in Acute Ischemic Stroke with Endovascular Treatment Due to Large Vessel Occlusion",NA,"10.2147/cia.s453268","2024","Liu J.","Clinical Interventions in Aging","scopus_records",2024
"Enriched housing differentially alters allostatic load and cardiopulmonary responses to wildfire-related smoke in male and female mice",NA,"10.1080/15287394.2024.2346582","2024","Fiamingo M.","Journal of Toxicology and Environmental Health Part A Current Issues","scopus_records",2024
"Seasonal impact of diurnal temperature range on intracerebral hemorrhage in middle-aged and elderly people in central China",NA,"10.4178/epih.e2024053","2024","Wang S.","Epidemiology and Health","scopus_records",2024
"Global burden of non-optimal temperature attributable stroke: The long-term trends, population growth and aging effects",NA,"10.1016/j.ypmed.2023.107813","2024","Zhu S.","Preventive Medicine","scopus_records",2024
"Advancing sustainable healthcare through multidisciplinary stroke team rehabilitation",NA,"10.3389/fstro.2024.1509831","2024","Persson H.C.","Frontiers in Stroke","scopus_records",2024
"Body temperature in the acute phase and clinical outcomes after acute ischemic stroke",NA,"10.1371/journal.pone.0296639","2024","Mezuki S.","Plos One","scopus_records",2024
"Biological effects of diesel exhaust inhalation. III cardiovascular function",NA,"10.1080/08958378.2024.2327364","2024","Krajnak K.","Inhalation Toxicology","scopus_records",2024
"Flying, nectar-loaded honey bees conserve water and improve heat tolerance by reducing wingbeat frequency and metabolic heat production",NA,"10.1073/pnas.2311025121","2024","Glass J.R.","Proceedings of the National Academy of Sciences of the United States of America","scopus_records",2024
"Time-Frequency-Space EEG Decoding Model Based on Dense Graph Convolutional Network for Stroke",NA,"10.1109/jbhi.2024.3411646","2024","Leng J.","IEEE Journal of Biomedical and Health Informatics","scopus_records",2024
"Circadian Temperature in Moderate to Severe Acute Stroke Patients",NA,"10.5334/jcr.241","2024","Notland J.G.","Journal of Circadian Rhythms","scopus_records",2024
"An Improved Air Health Index Based on Short-Term Cardiovascular Effects in Tianjin, China",NA,"10.3389/ijph.2024.1607214","2024","Zhang M.","International Journal of Public Health","scopus_records",2024
"Longitudinal observations of the effects of ischemic stroke on binaural perception",NA,"10.3389/fnins.2024.1322762","2024","Dietze A.","Frontiers in Neuroscience","scopus_records",2024
"Prevention, diagnosis, and treatment of heat stroke",NA,"10.15381/anales.v85i4.28784","2024","Huaman-Sanchez K.","Anales De La Facultad De Medicina","scopus_records",2024
"Penumbral cooling in ischemic stroke with intraarterial, intravenous or active conductive head cooling: A thermal modeling study",NA,"10.1177/0271678x231203025","2024","Diprose W.K.","Journal of Cerebral Blood Flow and Metabolism","scopus_records",2024
"A scoping review of magnetic resonance angiography and perfusion image synthesis",NA,"10.3389/frdem.2024.1408782","2024","Lamontagne-Caron R.","Frontiers in Dementia","scopus_records",2024
"Stroke Classification with Microwave Signals Using Explainable Wavelet Convolutional Neural Network",NA,"10.1109/jbhi.2023.3327296","2024","Hasan S.","IEEE Journal of Biomedical and Health Informatics","scopus_records",2024
"Management of poor grade sub-arachnoid haemorrhage–clinical judgement v/s a formal model",NA,"10.1080/02688697.2021.1885621","2024","Bhargava Odak D.","British Journal of Neurosurgery","scopus_records",2024
"Hypothermia is Associated with Improved Neurological Outcomes After Mechanical Thrombectomy",NA,"10.1016/j.wneu.2023.09.010","2024","Xu R.","World Neurosurgery","scopus_records",2024
"Radiation Dose Reduction in Computed Tomography Perfusion of Acute Ischemic Stroke Patients Using a Denoising Autoencoder",NA,"10.1109/isbi56570.2024.10635381","2024","Charatpangoon P.","Proceedings International Symposium on Biomedical Imaging","scopus_records",2024
"Huoxiang Zhengqi dropping pills alleviate exertional heat stroke–induced multiple organ injury through sustaining intestinal homeostasis via regulating MAPK/NF-κB pathway and gut microbiota in rats",NA,"10.3389/fphar.2024.1534713","2024","Li L.","Frontiers in Pharmacology","scopus_records",2024
"The effect of inadvertent systemic hypothermia after mechanical thrombectomy in patients with large-vessel occlusion stroke",NA,"10.3389/fneur.2024.1381872","2024","auf dem Brinke K.","Frontiers in Neurology","scopus_records",2024
"An Adaptive Hybrid Brain-Computer Interface for Hand Function Rehabilitation of Stroke Patients",NA,"10.1109/tnsre.2024.3431025","2024","Su J.","IEEE Transactions on Neural Systems and Rehabilitation Engineering","scopus_records",2024
"Applied machine learning for stroke differentiation by electrical impedance tomography with realistic numerical models",NA,"10.1088/2057-1976/ad0adf","2024","Culpepper J.","Biomedical Physics and Engineering Express","scopus_records",2024
"Heat and health of occupational workers: a short summary of literature",NA,"10.1093/joccuh/uiae018","2024","Sai Venkata Sarath Chandra N.","Journal of Occupational Health","scopus_records",2024
"Substance basis and pharmacological mechanism of heat-clearing herbs in the treatment of ischaemic encephalopathy: a systematic review and network pharmacology",NA,"10.1080/07853890.2024.2308077","2024","Zhao A.","Annals of Medicine","scopus_records",2024
"Towards improving the prognosis of stroke through targeting the circadian clock system",NA,"10.7150/ijbs.88370","2024","Khan S.","International Journal of Biological Sciences","scopus_records",2024
"Targeted Temperature Management for Patients with Acute Ischemic Stroke: A Literature Review",NA,"10.3390/jcm13020586","2024","Binda D.D.","Journal of Clinical Medicine","scopus_records",2024
"Exposure to biodiesel exhaust is less harmful than exposure to mineral diesel exhaust on blood-brain barrier integrity in a murine model",NA,"10.3389/fnins.2024.1440118","2024","Nesbit M.","Frontiers in Neuroscience","scopus_records",2024
"A systematic investigation of detectors for low signal-to-noise ratio EMG signals",NA,"10.12688/f1000research.132382.4","2024","Yuvaraj M.","F1000research","scopus_records",2024
"Impact of Rising Summer Temperatures on Government Sector Tertiary Care Emergency Centers: Addressing Heatstroke and Associated Death Rates in Karachi, Pakistan",NA,"10.1177/11786302241303584","2024","Saleem M.S.","Environmental Health Insights","scopus_records",2024
"Exploring the effect of a sweltering environment on the risk of death from cardiovascular diseases",NA,"10.3389/fneur.2024.1481384","2024","Chen Z.","Frontiers in Neurology","scopus_records",2024
"Prediction of delirium occurrence using machine learning in acute stroke patients in intensive care unit",NA,"10.3389/fnins.2024.1425562","2024","Kim H.","Frontiers in Neuroscience","scopus_records",2024
"LEVELS AND RELATIVE RISKS OF MORTALITY OF CHORNOBYL CLEAN-UP WORKERS IN 1986–1987 YEARS FROM MAIN NON-NEOPLASTIC DISEASES (OBSERVATION PERIOD 1988–2021)",NA,"10.33145/2304-8336-2024-29-182-198","2024","Fedirko P.A.","Problemy Radiatsiinoi Medytsyny Ta Radiobiolohii","scopus_records",2024
"Relation of body surface area-to-mass ratio to risk of exertional heat stroke in healthy men and women",NA,"10.1152/japplphysiol.00597.2023","2024","Taylor K.M.","Journal of Applied Physiology","scopus_records",2024
"Feasibility testing of an interprofessional education intervention to support collaborative practice in home care for older stroke survivors with multiple chronic conditions",NA,"10.1080/13561820.2023.2262511","2024","Bookey-Bassett S.","Journal of Interprofessional Care","scopus_records",2024
"Exploring the Potential of CarbonCool® in Rapid Prehospital Cooling for Severe Heat Stroke",NA,"10.1080/10903127.2024.2323575","2024","Kido N.","Prehospital Emergency Care","scopus_records",2024
"15th International Conference on Advances in Computing, Control, and Telecommunication Technologies, ACT 2024",NA,NA,"2024",NA,"15th International Conference on Advances in Computing Control and Telecommunication Technologies Act 2024","scopus_records",2024
"COVID-19 Stroke Apical Lung Examination Study 2: a national prospective CTA biomarker study of the lung apices, in patients presenting with suspected acute stroke (COVID SALES 2)",NA,"10.1016/j.nicl.2024.103590","2024","Ratneswaren T.","Neuroimage Clinical","scopus_records",2024
"Glutamine Supplementation: A Possible Strategy to Help Mitigate Health Risks of Heat-Related Illness",NA,"10.1155/jnme/1638244","2024","Zuhl M.","Journal of Nutrition and Metabolism","scopus_records",2024
"Exertional Heat Illness—From Identifying Heat Rash to Treating Heat Stroke",NA,"10.3928/19382359-20231113-04","2024","Danzig R.M.","Pediatric Annals","scopus_records",2024
"Heat stroke burden and validity of wearable-derived core temperature estimation during elite military training",NA,"10.1080/00913847.2023.2190729","2024","Hintz C.","Physician and Sportsmedicine","scopus_records",2024
"The Nonlinear Relationship Between Temperature and Prognosis in Sepsis-induced Coagulopathy Patients: A Retrospective Cohort Study from MIMIC-IV Database",NA,"10.5811/westjem.18589","2024","Chen G.","Western Journal of Emergency Medicine","scopus_records",2024
"Impact of Ambient Temperature on Mortality Burden and Spatial Heterogeneity in 16 Prefecture-Level Cities of a Low-Latitude Plateau Area in Yunnan Province: Time-Series Study",NA,"10.2196/51883","2024","Chen Y.","Jmir Public Health and Surveillance","scopus_records",2024
"The impact of meteorological conditions on cardiovascular and cerebrovascular diseases in different microclimatic zones of low-latitude mountainous areas",NA,"10.3389/fpubh.2024.1447910","2024","Du Z.","Frontiers in Public Health","scopus_records",2024
"The role of the prognostic nutritional index in predicting mortality in stroke patients",NA,"10.1590/1806-9282.20240714","2024","Ustaalioğlu İ.","Revista Da Associacao Medica Brasileira","scopus_records",2024
"Regulation of Neural Functions by Brain Temperature and Thermo-TRP Channels",NA,"10.1007/978-981-97-4584-5_14","2024","Shibasaki K.","Advances in Experimental Medicine and Biology","scopus_records",2024
"CFD simulation of in cylinder combustion of multi-cylinder diesel engine",NA,"10.1016/j.matpr.2023.03.045","2024","Totla N.B.","Procedia Structural Integrity","scopus_records",2024
"Acute Ischemic Stroke",NA,"10.1007/978-981-99-8676-7_10","2024","Khanal D.R.","Case Based Approach to Common Neurological Disorders","scopus_records",2024
"Heat impacts on human health in the Western Pacific Region: an umbrella review",NA,"10.1016/j.lanwpc.2023.100952","2024","Lo Y.T.E.","Lancet Regional Health Western Pacific","scopus_records",2024
"Should targeted temperature management be used in cardiogenic shock patients? Systematic review and meta-analysis",NA,"10.5603/cj.a2022.0093","2024","Nieborek A.","Cardiology Journal","scopus_records",2024
"The impact of environmental conditions on noncommunicable diseases in sub-Saharan Africa: A scoping review of epidemiologic evidence",NA,"10.7189/jogh.14.04003","2024","Anyanwu C.","Journal of Global Health","scopus_records",2024
"Transient global amnesia",NA,"10.14412/2074-2711-2024-2-4-13","2024","Kulesh A.A.","Nevrologiya Neiropsikhiatriya Psikhosomatika","scopus_records",2024
"A comparative study on the use of Procalcitonin to distinguish between central fever and infectious causes of fever",NA,"10.11604/pamj.2024.47.43.37617","2024","Khanum I.","Pan African Medical Journal","scopus_records",2024
"Sleeping with one cerebrum open: patient and staff perceptions of sleep quality and quantity on an inpatient neurology unit",NA,"10.5664/jcsm.10958","2024","Kadura S.","Journal of Clinical Sleep Medicine","scopus_records",2024
"Quantifying White Matter Hyperintensity and Brain Volumes in Heterogeneous Clinical and Low-Field Portable MRI",NA,"10.1109/isbi56570.2024.10635502","2024","Laso P.","Proceedings International Symposium on Biomedical Imaging","scopus_records",2024
"The Multi-Modal Evaluation of Sensory Sensitivity (MESSY): Assessing a commonly missed symptom of acquired brain injury",NA,"10.1080/13854046.2023.2219024","2024","Thielen H.","Clinical Neuropsychologist","scopus_records",2024
"The effects of water temperature on cerebral blood flow during aquatic exercise",NA,"10.1007/s00421-023-05264-7","2024","Carter H.H.","European Journal of Applied Physiology","scopus_records",2024
"Alpha-2-adrenergic agonists reduce resting energy expenditure in humans during external cooling",NA,"10.1080/23328940.2024.2339781","2024","Callaway C.W.","Temperature","scopus_records",2024
"Super High Contrast USPIO-Enhanced Cerebrovascular Angiography Using Ultrashort Time-to-Echo MRI",NA,"10.1155/2024/9763364","2024","Timms L.","International Journal of Biomedical Imaging","scopus_records",2024
"Heat stress alters hematological parameters in barrows and gilts",NA,"10.1093/jas/skae123","2024","Rudolph T.E.","Journal of Animal Science","scopus_records",2024
"A century of exercise physiology: concepts that ignited the study of human thermoregulation. Part 3: Heat and cold tolerance during exercise",NA,"10.1007/s00421-023-05276-3","2024","Notley S.R.","European Journal of Applied Physiology","scopus_records",2024
"Rising trend and regional disparities of the global burden of disease attributable to ambient low temperature, 1990–2019: An analysis of data from the Global Burden of Disease 2019 study",NA,"10.7189/jogh.14.04017","2024","Liu J.","Journal of Global Health","scopus_records",2024
"Global, regional, and national temporal trends in mortality and disability-adjusted life years for cardiovascular disease attributable to low temperature during 1990–2019: an age-period-cohort analysis of the global burden of disease 2019 study",NA,"10.3389/fpubh.2024.1414979","2024","Li X.","Frontiers in Public Health","scopus_records",2024
"Accurate Modeling of Ejection Fraction and Stroke Volume With Mobile Phone Auscultation: Prospective Case-Control Study",NA,"10.2196/57111","2024","Huecker M.","Jmir Pediatrics and Parenting","scopus_records",2024
"Incidence, Mechanism, and Management of Atrial Ablation Procedure Complications A Literature Review",NA,"10.1097/crd.0000000000000842","2024","Nakhla M.","Cardiology in Review","scopus_records",2024
"POST-RADIATION NEUROCOGNITIVE DEFICIT IN THE CHORNOBYL CLEAN-UP WORKERS: GERIATRIC ASPECTS (PART І)",NA,"10.33145/2304-8336-2024-29-375-400","2024","Kuts K.V.","Problemy Radiatsiinoi Medytsyny Ta Radiobiolohii","scopus_records",2024
"Microvascular Shunts, Intracranial Pressure, and the Impact of Drag-Reducing Polymers",NA,"10.1007/978-3-031-67458-7_4","2024","Nemoto E.M.","Advances in Experimental Medicine and Biology","scopus_records",2024
"Validation of upper thermal thresholds for outdoor sports using thermal physiology modelling",NA,"10.1080/23328940.2023.2210477","2024","Oyama T.","Temperature","scopus_records",2024
"An Integrated Approach to Zero Emissions Valve Actuation",NA,"10.2118/220849-ms","2024","Gharib H.","Proceedings SPE Annual Technical Conference and Exhibition","scopus_records",2024
"TLR4 induced TRPM2 mediated neuropathic pain",NA,"10.3389/fphar.2024.1472771","2024","Mandlem V.K.K.","Frontiers in Pharmacology","scopus_records",2024
"Effect of a helium and oxygen mixture on physiological parameters of rats with cerebral arterial air embolism",NA,"10.3389/fphys.2024.1388331","2024","Palikov V.A.","Frontiers in Physiology","scopus_records",2024
"Generalized Super-Resolution 4D Flow MRI - Using Ensemble Learning to Extend Across the Cardiovascular System",NA,"10.1109/jbhi.2024.3429291","2024","Ericsson L.","IEEE Journal of Biomedical and Health Informatics","scopus_records",2024
"Functional ultrasound imaging of human brain activity through an acoustically transparent cranial window",NA,"10.1126/scitranslmed.adj3143","2024","Rabut C.","Science Translational Medicine","scopus_records",2024
"Enhancing exertional heat stroke patient care: Where are we now and where do we need to go?",NA,"10.1136/bjsports-2023-106713","2024","Adams W.M.","British Journal of Sports Medicine","scopus_records",2024
"Non-contact Assessment of Cardiovascular and Thermoregulatory Function during Exercise after Sleep Deprivation",NA,"10.1109/embc53108.2024.10782442","2024","Fumimoto K.","Proceedings of the Annual International Conference of the IEEE Engineering in Medicine and Biology Society EMBS","scopus_records",2024
"Simultaneous Coherent and Displacement Compounding for 2-D Noninvasive Carotid Strain Imaging: A Proof of Principle Study",NA,"10.1109/tuffc.2024.3399836","2024","Mozaffarzadeh M.","IEEE Transactions on Ultrasonics Ferroelectrics and Frequency Control","scopus_records",2024
"ELECTROPHYSIOLOGICAL CHANGES IN THE PARTICIPANTS OF THE LIQUIDATION OF THE CONSEQUENCES OF THE CHORNOBYL ACCIDENT AND THE MILITARY PERSONNEL OF THE UKRAINIAN DEFENSE FORCES RECOVERING FROM CORONAVIRUS DISEASE (COVID-19)",NA,"10.33145/2304-8336-2024-29-271-294","2024","Bazyka D.A.","Problemy Radiatsiinoi Medytsyny Ta Radiobiolohii","scopus_records",2024
"Cerebral Blood Flow Monitoring with a Portable Radio Frequency Sensing System",NA,"10.1109/embc53108.2024.10782684","2024","Anwar U.","Proceedings of the Annual International Conference of the IEEE Engineering in Medicine and Biology Society EMBS","scopus_records",2024
"Clinical experience with bromocriptine for central hyperthermia after brain insult",NA,"10.1080/02699052.2024.2337231","2024","Amin S.J.","Brain Injury","scopus_records",2024
"Exploring Differences in Surgical Outcomes Depending on the Arterial Cannulation Strategy for Acute Type A Aortic Dissection: A Single-Center Study",NA,"10.5090/jcs.23.156","2024","Yoon T.h.","Journal of Chest Surgery","scopus_records",2024
"Usefulness of thermography for differentiating Wallenberg’s syndrome from noncentral vertigo in the acute phase",NA,"10.1080/01616412.2024.2328482","2024","Takahashi M.","Neurological Research","scopus_records",2024
"Early-life famine exposure and subsequent risk of chronic diseases in later adulthood: a population-based retrospective cohort study",NA,"10.3389/fpubh.2024.1495296","2024","Zhao R.","Frontiers in Public Health","scopus_records",2024
"Exercise training outcomes in patients with chronic heart failure with reduced ejection fraction depend on patient background",NA,"10.3389/fcvm.2024.1330235","2024","Soejima Y.","Frontiers in Cardiovascular Medicine","scopus_records",2024
"Seasonal variation in vascular dehydration risk: insights from the Kobe Orthopedic and Biomedical Epidemiologic (KOBE) study",NA,"10.1265/ehpm.24-00132","2024","Nishikawa T.","Environmental Health and Preventive Medicine","scopus_records",2024
"Effects of aquatic and land high intensity interval training on hemodynamics and vascular function of middle-aged men",NA,"10.3389/fphys.2024.1411277","2024","Xin C.","Frontiers in Physiology","scopus_records",2024
"Xenogenic Application of Human Placenta-Derived Mesenchymal Stromal Cells in a Porcine Large Animal Model",NA,"10.1177/09636897241226737","2024","Harland N.","Cell Transplantation","scopus_records",2024
"Kenaf Seed Cysteine Protease (KSCP) Inhibits the Intrinsic Pathway of the Blood Coagulation Cascade and Platelet Aggregation",NA,"10.2174/0113892037265109231114065204","2024","Hanumegowda S.M.","Current Protein and Peptide Science","scopus_records",2024
"Quantitative Proteomics Provided Insights into the Protective Effects of Heat Acclimation on the Rat Hypothalamus after Exertional Heatstroke",NA,"10.31083/j.jin2306116","2024","Xv F.","Journal of Integrative Neuroscience","scopus_records",2024
"Selective brain cooling with a novel catheter reduces infarct growth after recanalization in a canine large vessel occlusion model",NA,"10.1177/15910199241266010","2024","King R.M.","Interventional Neuroradiology","scopus_records",2024
"Therapeutic effects of mitoquinol during an acute heat stress challenge in growing barrows",NA,"10.1093/jas/skae161","2024","Mayorga E.J.","Journal of Animal Science","scopus_records",2024
"Exertional Heat Illness: Adoption of Policies and Influencing Contextual Factors as Reported by Athletic Administrators",NA,"10.1177/19417381231155107","2024","Scarneo-Miller S.E.","Sports Health","scopus_records",2024
"Diagnosis and Management of Heat-related Illness: Clinical and Molecular Perspectives",NA,"10.14789/ejmj.jmj25-0024-r","2025","Helms J.","Juntendo Medical Journal","scopus_records",2025
"Study of Adsorption Behavior of Uric Acid on Gold Nanoparticles",NA,"10.1021/acsomega.5c06282","2025","Wang T.","ACS Omega","scopus_records",2025
"Global burden of stroke attributable to air pollution (1990–2021): An analysis of GBD 2021 data",NA,"10.1097/md.0000000000046419","2025","Feng C.","Medicine United States","scopus_records",2025
"Effect of Water Temperature during Aquatic Exercise on Cognitive Impairment in Mice with Chronic Cerebral Hypoperfusion",NA,"10.1159/000550096","2025","Lim C.","Journal of Vascular Research","scopus_records",2025
"Impact of atherosclerotic cardiovascular disease on mortality in ICU sepsis patients: a retrospective MIMIC-IV cohort study",NA,"10.1136/bmjopen-2025-108713","2025","Chang Y.C.","BMJ Open","scopus_records",2025
"Association of drinking water salinity with elevated blood pressure and risk of hypertension among coastal and other populations: a systematic review and meta-analysis of observational studies",NA,"10.1136/bmjgh-2024-018543","2025","Gupta R.D.","BMJ Global Health","scopus_records",2025
"Effects of Three Different Volumes of In-Water Warm-Up Protocols in Acute Physiologic Responses and 100 m Swimming Performance Across All Strokes",NA,"10.1519/jsc.0000000000005299","2025","Saini A.S.","Journal of Strength and Conditioning Research","scopus_records",2025
"Global, Regional, and National Burden of Cardiovascular Diseases and Risk Factors in 204 Countries and Territories, 1990-2023",NA,"10.1016/j.jacc.2025.08.015","2025","Stark B.A.","Journal of the American College of Cardiology","scopus_records",2025
"Assessing the benefits of hypothetical air pollution reduction scenarios on stroke in belgium: a g-computation approach",NA,"10.1186/s12874-025-02661-8","2025","Pelgrims I.","BMC Medical Research Methodology","scopus_records",2025
"Association between long-term exposure to air pollutant mixture and the risk of Alzheimer’s disease among older people: a prospective cohort study in China",NA,"10.1186/s12889-025-24837-z","2025","Fu H.","BMC Public Health","scopus_records",2025
"Impacts of air pollutions on cardiovascular and cerebrovascular diseases through inflammation: a comprehensive analysis of one million Chinese and half million UK individuals",NA,"10.1186/s12967-025-06397-3","2025","Lin F.","Journal of Translational Medicine","scopus_records",2025
"A body shape index modifies the association between air pollution and cardiometabolic multimorbidity",NA,"10.1038/s41598-025-20134-2","2025","Wang Z.W.","Scientific Reports","scopus_records",2025
"No associations between environmental exposures and stroke severity in a low pollution area in Sweden",NA,"10.1038/s41598-025-06639-w","2025","Abzhandadze T.","Scientific Reports","scopus_records",2025
"Long-term exposure to ambient air pollution and cardiometabolic multimorbidity in Chinese adults over 45 years",NA,"10.1038/s41598-025-21165-5","2025","Liu R.","Scientific Reports","scopus_records",2025
"Analyzing and predicting patient admissions related to acute heat at the Chemnitz Hospital (Germany)",NA,"10.1186/s13690-025-01789-9","2025","Thiel J.","Archives of Public Health","scopus_records",2025
"Short-term exposure to air pollution and risk of ischemic stroke requiring intravenous thrombolysis: a population-level analysis in Poland from the EP-PARTICLES study",NA,"10.1186/s12940-025-01230-2","2025","Święczkowski M.","Environmental Health A Global Access Science Source","scopus_records",2025
"The influence of meteorological factors and air pollution on acute cardiovascular and cerebrovascular events in Western Guizhou",NA,"10.1038/s41598-025-03611-6","2025","Xia X.","Scientific Reports","scopus_records",2025
"Assessment of disease burden and mortality attributable to air pollutants in northwestern Iran using the AirQ+ software",NA,"10.1038/s41598-025-97348-x","2025","Nakhjirgan P.","Scientific Reports","scopus_records",2025
"The burden of intracerebral hemorrhage attributable to ambient particulate matter pollution in five Asian countries: a 32-year comparative analysis",NA,"10.1186/s12889-025-23531-4","2025","Yang R.","BMC Public Health","scopus_records",2025
"Evidence of the consequences of the prolonged fire season on air quality and public health from 2024 São Paulo (Brazil) data",NA,"10.1038/s41598-025-08542-w","2025","Moreira G.d.A.","Scientific Reports","scopus_records",2025
"Barriers to helicopter emergency medical services in a Haze-Prone, mountainous region of Northern Thailand",NA,"10.1186/s13049-025-01498-w","2025","Sutham K.","Scandinavian Journal of Trauma Resuscitation and Emergency Medicine","scopus_records",2025
"Effect of Dietary Sodium Nitrite Supplementation on Spontaneous Intracerebral Hemorrhage in Stroke-Prone Spontaneously Hypertensive Rats",NA,"10.3746/pnf.2025.30.6.539","2025","Ran S.","Preventive Nutrition and Food Science","scopus_records",2025
"Different change patterns and sex difference for stroke and its subtypes mortality attributable to tobacco in China from 1990 to 2021",NA,"10.1186/s12889-025-24336-1","2025","Zhang J.","BMC Public Health","scopus_records",2025
"Global burden of early-onset cardiovascular disease attributable to fine particulate matter pollution from 1990 to 2021: a systematic analysis for the global burden of disease study 2021",NA,"10.1186/s12916-025-04309-2","2025","Jiang Y.","BMC Medicine","scopus_records",2025
"European Stroke Organisation (ESO) and European Association of Neurosurgical Societies (EANS) guideline on stroke due to spontaneous intracerebral haemorrhage",NA,"10.1177/23969873251340815","2025","Steiner T.","European Stroke Journal","scopus_records",2025
"Global, regional and national burden of stroke and subtypes burden in women of reproductive age: insights based on Global Burden of Disease 2021",NA,"10.1186/s12889-025-23869-9","2025","Lu H.","BMC Public Health","scopus_records",2025
"Stroke, infections, and New Mechanisms: a Narrative Review",NA,"10.1007/s11910-025-01458-y","2025","Reis J.","Current Neurology and Neuroscience Reports","scopus_records",2025
"Residential greenspace exposure and blood lipid profile: A nationwide longitudinal study",NA,"10.1016/j.envres.2025.122813","2025","Wang Y.","Environmental Research","scopus_records",2025
"Stabilizing a mammalian RNA thermometer confers neuroprotection in subarachnoid hemorrhage",NA,"10.1038/s41467-025-63911-3","2025","Zhang M.","Nature Communications","scopus_records",2025
"An analysis of trends in the burden of ischemic stroke caused by air pollution in China between 1990 and 2021",NA,"10.1186/s12889-025-22287-1","2025","Yu Z.","BMC Public Health","scopus_records",2025
"A systematic review assessing the association between extreme temperature exposure and cardiovascular health outcomes in Africa",NA,"10.1016/j.envres.2025.122812","2025","Sello M.G.","Environmental Research","scopus_records",2025
"Bidirectional effect modification of greenness exposure and air pollution on ischemic stroke mortality across different temporal scales",NA,"10.1186/s12889-025-25066-0","2025","Zhang B.","BMC Public Health","scopus_records",2025
"Sustainable modular biofiltration system with rainshower technology for AQI reform",NA,"10.1038/s41598-025-01361-z","2025","Jaiswal V.","Scientific Reports","scopus_records",2025
"Endovascular Interventional Thrombolysis Combined With Mild Hypothermia Induced by Intravascular Hypothermia Saline Fails to Improve Outcomes in the Acute Large Vessel Occlusive Cerebral Infarction Patients: A Single-Center Prospective Case-Control Study",NA,"10.1002/ccd.70217","2025","Li J.","Catheterization and Cardiovascular Interventions","scopus_records",2025
"Assessing the Clinical Relevance of Blood Pressure Measures in Spontaneous Intracerebral Hemorrhage: A Post Hoc Analysis of ATACH-2",NA,"10.1007/s12028-025-02350-w","2025","Garg R.","Neurocritical Care","scopus_records",2025
"Epidemiology of stroke in Pakistan and its provinces, 1990–2021: Findings from the global burden of disease study 2021",NA,"10.1016/j.gloepi.2025.100211","2025","Shahid S.","Global Epidemiology","scopus_records",2025
"Associations of heatwaves and their characteristics with ischaemic stroke hospital admissions",NA,"10.1038/s41598-025-88557-5","2025","Yin J.","Scientific Reports","scopus_records",2025
"The bleeding weather: association of environmental changes with intracranial aneurysms’ rupture",NA,"10.1007/s00701-025-06494-8","2025","Faropoulos K.","Acta Neurochirurgica","scopus_records",2025
"Stroke burden in North Africa and the Middle East, 1990-2021: an analysis based on the global burden of disease study",NA,"10.1186/s12883-025-04298-y","2025","Fallahtafti P.","BMC Neurology","scopus_records",2025
"Exhaust manifold performance enhancement using nano fluids a design and CFD investigation for four stroke petrol engines",NA,"10.1038/s41598-025-99747-6","2025","Kumar R.R.","Scientific Reports","scopus_records",2025
"Handwritten Digit Recognition with Flood Simulation and Topological Feature Extraction",NA,"10.3390/e27121218","2025","Brociek R.","Entropy","scopus_records",2025
"N20-P25 Amplitude can Predict Awakening from Coma",NA,"10.1007/s12028-025-02335-9","2025","Huang L.","Neurocritical Care","scopus_records",2025
"Integrating MRI radiomics with novel fluid-based texture features (GLFZM) to predict atherothrombotic stroke risk",NA,"10.1007/s12194-025-00945-8","2025","Kobayashi T.","Radiological Physics and Technology","scopus_records",2025
"State-of-the-art for automated machine learning predicts outcomes in poor-grade aneurysmal subarachnoid hemorrhage using routinely measured laboratory & radiological parameters: coagulation parameters and liver function as key prognosticators",NA,"10.1007/s10143-025-03450-z","2025","Bangash A.H.","Neurosurgical Review","scopus_records",2025
"Noise-induced self-supervised hybrid UNet transformer for ischemic stroke segmentation with limited data annotations",NA,"10.1038/s41598-025-04819-2","2025","Soh W.K.","Scientific Reports","scopus_records",2025
"Environmental burden of disease resulting from long-term nitrogen dioxide exposure in Germany",NA,"10.1186/s12889-024-21200-6","2025","Sell P.","BMC Public Health","scopus_records",2025
"A new perspective of simultaneous exposure of risk factors to explore the role of ambient temperature associated with mortality",NA,"10.1016/j.envint.2025.109968","2025","Wang C.","Environment International","scopus_records",2025
"Analyzing the association between heat and utilization of inpatient care: evidence from Dresden University Hospital (Germany)",NA,"10.1186/s12889-025-24804-8","2025","Thiel J.","BMC Public Health","scopus_records",2025
"Exposure to high levels of perfluoroalkyl substances through drinking water and risk of cardiovascular morbidity and mortality in a Swedish register-based study",NA,"10.1016/j.envres.2025.122765","2025","Zhou L.","Environmental Research","scopus_records",2025
"The Global Burden of Cardiovascular Disease in Adults",NA,"10.1097/jcn.0000000000001200","2025","Victor G.","Journal of Cardiovascular Nursing","scopus_records",2025
"An efficient deep learning network for brain stroke detection using salp shuffled shepherded optimization",NA,"10.1038/s41598-025-17725-4","2025","Xue X.","Scientific Reports","scopus_records",2025
"The burden of ischemic stroke in Eastern Europe from 1990 to 2021",NA,"10.1186/s12883-025-04081-z","2025","Xu J.","BMC Neurology","scopus_records",2025
"Association between hydrocarbon exposure and risk of stroke: a systematic literature review",NA,"10.1186/s12883-025-04083-x","2025","Shabil M.","BMC Neurology","scopus_records",2025
"Optimizing wheat productivity and water productivity through deficit irrigation strategies in semi-arid environments",NA,"10.1038/s41598-025-04618-9","2025","Shoukat Hafiza B.","Scientific Reports","scopus_records",2025
"Enhancing neurological disease diagnostics: fusion of deep transfer learning with optimization algorithm for acute brain stroke prediction using facial images",NA,"10.1038/s41598-025-97034-y","2025","Alrowais F.","Scientific Reports","scopus_records",2025
"Temporal trend and attributable risk factors of ischemic stroke burden in China, 1990–2021",NA,"10.1186/s12883-025-04256-8","2025","Lian Z.","BMC Neurology","scopus_records",2025
"Street view images help to reveal the impact of noisy environments on the survival duration of stroke patients",NA,"10.1186/s12942-025-00416-8","2025","Xiao J.","International Journal of Health Geographics","scopus_records",2025
"Two simultaneous cases of exertional heat stroke during a trail run in Guadeloupe (French West Indies): exceptional presentations or emerging trend?",NA,"10.1186/s12245-025-01023-x","2025","Monpierre M.","International Journal of Emergency Medicine","scopus_records",2025
"Acoustic Correlation with Dysphagia in Stroke Patients",NA,"10.1007/s00455-025-10830-6","2025","Fang G.","Dysphagia","scopus_records",2025
"Machine learning-based forecasting of daily acute ischemic stroke admissions using weather data",NA,"10.1038/s41746-025-01619-w","2025","Santhanam N.","Npj Digital Medicine","scopus_records",2025
"Deep learning-based computed tomography reconstruction improves image quality but does not significantly affect Alberta stroke program early CT score evaluation in acute middle cerebral artery territory infarction",NA,"10.1007/s00234-025-03804-w","2025","Konno M.","Neuroradiology","scopus_records",2025
"Inflammatory response after stroke—A clinical observation study",NA,"10.1186/s12883-025-04244-y","2025","Röyter B.","BMC Neurology","scopus_records",2025
"Combined Preventive and Preconditioning Treatments for the Comorbidity of Alzheimer’s Disease and Ischemic Stroke in a GluN3A Knockout Mouse and a 5xFAD Mouse",NA,"10.3390/cells14231871","2025","Yu S.P.","Cells","scopus_records",2025
"Prediction modeling of land surface temperature in relation to land cover dynamics and health risk perception analysis in barishal city of Bangladesh",NA,"10.1038/s41598-025-14868-2","2025","Hasan I.","Scientific Reports","scopus_records",2025
"Association between the Dutch Obesogenic Built-environmental CharacterisTics (OBCT) index and 14-year cardiovascular disease incidence: a population-based cohort study of 4.4 million adults",NA,"10.1016/j.lanepe.2025.101494","2025","Meijer P.","Lancet Regional Health Europe","scopus_records",2025
"The relationship between noise pollution and cardiovascular diseases: an umbrella review on meta-analyses",NA,"10.1186/s12872-025-04864-9","2025","Tabaei S.","BMC Cardiovascular Disorders","scopus_records",2025
"CT Perfusion Map Generation from Multiphase CTA Using a Generative Adversarial Model for Acute Ischemic Stroke",NA,"10.3174/ajnr.a8857","2025","Cai Y.","American Journal of Neuroradiology","scopus_records",2025
"Study on the relationship among typhoon, weather change and acute ischemic stroke in southern Zhejiang Province of China",NA,"10.1186/s12883-024-04012-4","2025","Tong Y.","BMC Neurology","scopus_records",2025
"Cardiovascular disease risk associated with housing disadvantages among middle-aged and older populations in China: a cohort study",NA,"10.1186/s12889-025-24996-z","2025","Tao C.","BMC Public Health","scopus_records",2025
"Different light color temperatures in the morning on the effectiveness of rehabilitation training in patients with ischemic stroke: a prospective, single-center, randomized controlled clinical trial",NA,"10.1186/s12984-025-01679-9","2025","Wang N.","Journal of Neuroengineering and Rehabilitation","scopus_records",2025
"Performance and emission optimization of a CRDI engine in RCCI mode using hydrogen enriched biodiesel through grey relational analysis approach",NA,"10.1371/journal.pone.0339019","2025","Kumar A.D.S.","Plos One","scopus_records",2025
"Epidemiology and future trend predictions of ischemic stroke based on the global burden of disease study 1990–2021",NA,"10.1038/s43856-025-00939-y","2025","Liu J.","Communications Medicine","scopus_records",2025
"Optimization of needle punched nonwoven filter media for enhanced dust filtration performance",NA,"10.1038/s41598-025-17543-8","2025","Naderi K.","Scientific Reports","scopus_records",2025
"A Joint Geometric Topological Analysis Network (JGTA-Net) for Detecting and Segmenting Intracranial Aneurysms",NA,"10.1109/tbme.2025.3572837","2025","Zhang X.","IEEE Transactions on Biomedical Engineering","scopus_records",2025
"Quantifying physiological variability and improving reproducibility in 4D-flow MRI cerebrovascular measurements with self-supervised deep learning",NA,"10.1002/mrm.30634","2025","Jolicoeur B.W.","Magnetic Resonance in Medicine","scopus_records",2025
"Thermoregulatory Responses and Match Characteristics Across Successive Badminton Matches",NA,"10.1123/ijspp.2024-0428","2025","Pang J.","International Journal of Sports Physiology and Performance","scopus_records",2025
"Characterizing stroke presenting to a regional referral hospital before and during the COVID-19 pandemic in Uganda: a retrospective analysis",NA,"10.1186/s12245-025-00830-6","2025","Najjuma J.N.","International Journal of Emergency Medicine","scopus_records",2025
"Using transformer-based models and social media posts for heat stroke detection",NA,"10.1038/s41598-024-84992-y","2025","Anno S.","Scientific Reports","scopus_records",2025
"Impact of Residential Noise Exposure on Neurological Health: A Systematic Scoping Review",NA,"10.1007/s11524-025-01026-2","2025","Ibrahimi Asllani I.","Journal of Urban Health","scopus_records",2025
"Risk Factors for Mortality in Stroke Patients Admitted to Critical Care Units: A Systematic Review and Meta-Analysis",NA,"10.1002/brb3.71082","2025","Chen L.","Brain and Behavior","scopus_records",2025
"The impact of non-optimal temperature in children cardiovascular disease burden: A global perspective from the Global Burden of Disease study 2021",NA,"10.1016/j.puhe.2025.106008","2025","Huang H.","Public Health","scopus_records",2025
"Therapeutic efficacy of 3 dimensions printed orthoses on wrist-hand flexor spasticity in post-stroke hemiplegia: a multi-center stratified clinical study",NA,"10.1186/s12883-025-04497-7","2025","Li G.","BMC Neurology","scopus_records",2025
"Association between long-term aircraft noise exposure and cardiovascular disease: a meta-analysis with focused subgroup analyses",NA,"10.1093/eurjpc/zwaf471","2025","Sebastian S.A.","European Journal of Preventive Cardiology","scopus_records",2025
"Optimized Hounsfield Units Transformation for Explainable Temporal Stage-Specific Ischemic Stroke Classification in CT Imaging",NA,"10.3390/jimaging11120423","2025","Qasrawi R.","Journal of Imaging","scopus_records",2025
"The analysis of motion recognition model for badminton player movements using machine learning",NA,"10.1038/s41598-025-02771-9","2025","Zhu X.","Scientific Reports","scopus_records",2025
"Diurnal temperature range and hospital admission due to cardiovascular diseases: A systematic review and meta-analysis study",NA,"10.1016/j.ijcrp.2025.200487","2025","Aghababaeian H.","International Journal of Cardiology Cardiovascular Risk and Prevention","scopus_records",2025
"Association between dietary environmental pressures and major chronic diseases: assessment from the prospective NutriNet-Santé cohort",NA,"10.1016/j.lanepe.2025.101481","2025","Kesse-Guyot E.","Lancet Regional Health Europe","scopus_records",2025
"Race and Neighborhood Social Determinants of Cardiovascular Disease Mortality in California Adults Before and During the COVID-19 Pandemic",NA,"10.1016/j.amepre.2025.107995","2025","Maizlish N.A.","American Journal of Preventive Medicine","scopus_records",2025
"The contribution of cutaneous thermal signals to bodily self-awareness",NA,"10.1038/s41467-025-55829-7","2025","Salvato G.","Nature Communications","scopus_records",2025
"Awake Rat Model of Ischemic Stroke with Neuropsychiatric Complications During a Seven-Day Observation",NA,"10.3791/69194","2025","Palikov V.A.","Journal of Visualized Experiments","scopus_records",2025
"Cold environment regulates ischemic stroke through modulation of gut microbiota",NA,"10.1038/s41598-025-07614-1","2025","Zhou X.","Scientific Reports","scopus_records",2025
"Human exposure to harmful urban traffic noise pollution levels: a case study from seoul, South Korea",NA,"10.1038/s41598-025-14277-5","2025","Kim N.G.","Scientific Reports","scopus_records",2025
"Rapamycin alleviates hypothalamic injury in exertional heat stroke rats by activating mitophagy through the mTOR/Pink1/Parkin pathway",NA,"10.1038/s41598-025-20313-1","2025","Chi R.","Scientific Reports","scopus_records",2025
"Mice develop obesity and lose myocardial metabolic flexibility months after exertional heat stroke",NA,"10.1038/s42003-025-07484-3","2025","Alzahrani J.M.","Communications Biology","scopus_records",2025
"Effect of long-term heat strain on calcium signaling in the murine myocardium",NA,"10.1152/ajpheart.00616.2025","2025","Roths M.","American Journal of Physiology Heart and Circulatory Physiology","scopus_records",2025
"Selective Head Cooling and NOX Inhibition Protect the Blood–Brain Barrier in Neonatal Epilepsy",NA,"10.3390/antiox14121454","2025","Parfenova H.","Antioxidants","scopus_records",2025
"Peritoneal delivery of capsinoids, nonpungent TRPV1 agonists, induces mild hypothermia in conscious mice through TRPV1 activation of visceral vagal afferents",NA,"10.1038/s41598-025-21388-6","2025","Andersohn A.P.","Scientific Reports","scopus_records",2025
"Sustainable waste to energy approach using waste derived biodiesel diesel and ethanol blends in a CRDI diesel engine",NA,"10.1038/s41598-025-18502-z","2025","Kumar M.","Scientific Reports","scopus_records",2025
"Super-resolution reconstruction of MR vessel wall images using a deep neural network",NA,"10.1002/mp.70157","2025","Xu W.","Medical Physics","scopus_records",2025
"Improving microvascular brain analysis with adversarial learning for OCT–TPM vascular domain translation",NA,"10.1038/s41598-025-07410-x","2025","Badawi N.","Scientific Reports","scopus_records",2025
"Global burden of disease and its risk factors for adults aged 70 and older across 204 countries and territories: a comprehensive analysis of the Global Burden of Disease Study 2021",NA,"10.1186/s12877-025-06095-1","2025","Chen Q.F.","BMC Geriatrics","scopus_records",2025
"Epidemiological characteristics of heat-related illness: a nationwide study in Taiwan",NA,"10.1186/s12889-025-24344-1","2025","Kuo W.Y.","BMC Public Health","scopus_records",2025
"Naval sonar induces an anaerobic swimming gait in beaked whales",NA,"10.1038/s41598-025-22490-5","2025","Martín López L.M.","Scientific Reports","scopus_records",2025
"Geo-demographic and socioeconomic determinants of diagnosed hypertension among urban dwellers in Ibadan, Nigeria: a community-based study",NA,"10.1186/s41043-024-00704-2","2025","Taiwo O.J.","Journal of Health Population and Nutrition","scopus_records",2025
"Impact of extreme heat on health in Australia: a scoping review",NA,"10.1186/s12889-025-21677-9","2025","Amoatey P.","BMC Public Health","scopus_records",2025
"Investigation of spark ignition engine performance in ethanol–petrol blended fuels using artificial neural network",NA,"10.1038/s41598-025-07964-w","2025","Walle M.","Scientific Reports","scopus_records",2025
"Robust screening of atrial fibrillation with distribution classification",NA,"10.1038/s41598-025-10090-2","2025","Massiani P.F.","Scientific Reports","scopus_records",2025
"Using ECG-derived respiration for explaining BOLD-fMRI fluctuations during rest and respiratory modulations",NA,"10.1038/s41598-025-23131-7","2025","Esteves I.","Scientific Reports","scopus_records",2025
"28-day all-cause mortality in patients with alcoholic cirrhosis: a machine learning prediction model based on the MIMIC-IV",NA,"10.1007/s10238-025-01744-6","2025","Lei C.","Clinical and Experimental Medicine","scopus_records",2025
"Transient Receptor Potential Channels as Key Regulators of Neuroinflammation in Neurological Disorders: Mechanistic Insights, Therapeutic Potentials, and Future Directions",NA,"10.1002/cns.70700","2025","Guo D.","CNS Neuroscience and Therapeutics","scopus_records",2025
"Analysis of influencing factors and nursing strategies for enteral nutrition patients complicated with refeeding syndrome in ICU",NA,"10.1186/s12876-025-04122-4","2025","Yan D.","BMC Gastroenterology","scopus_records",2025
"Comprehensive biochemical, molecular and structural characterization of subtilisin with fibrinolytic potential in bioprocessing",NA,"10.1186/s40643-025-00860-1","2025","Shettar S.S.","Bioresources and Bioprocessing","scopus_records",2025
"Optimizing MPRAGE for enhanced blood suppression and intraplaque hemorrhage detection in carotid artery imaging",NA,"10.1016/j.mri.2025.110531","2025","Kim S.E.","Magnetic Resonance Imaging","scopus_records",2025
"A novel Swin transformer based framework for speech recognition for dysarthria",NA,"10.1038/s41598-025-02042-7","2025","Mahum R.","Scientific Reports","scopus_records",2025
"Pre-race medical screening and harm reduction approaches in ultra-endurance racing: A descriptive pilot study of global practice",NA,"10.1016/j.jsampl.2025.100113","2025","de Boam P.","Jsams Plus","scopus_records",2025
"Impact of mild hypothermic circulatory arrest on surgical outcomes in acute type a aortic dissection patients: a single-centre study",NA,"10.1186/s12872-024-04443-4","2025","Li Z.","BMC Cardiovascular Disorders","scopus_records",2025
"Improving the Efficiency of Soft Phase-Change Actuators Using Thermodynamic Analysis",NA,"10.1089/soro.2024.0139","2025","Gockowski L.F.","Soft Robotics","scopus_records",2025
"Optimization of utilizing the HHIE-S for hearing screening in older people: a cross-sectional study of associated factors",NA,"10.1038/s41598-025-02567-x","2025","Zhou X.","Scientific Reports","scopus_records",2025
"Improved pulmonary embolism detection in CT pulmonary angiogram scans with hybrid vision transformers and deep learning techniques",NA,"10.1038/s41598-025-16238-4","2025","Abdelhamid A.","Scientific Reports","scopus_records",2025
"Impact of intraoperative neurophysiological monitoring and anesthesia management parameters on postoperative recovery in patients undergoing complex intracranial aneurysm surgery",NA,"10.1016/j.jocn.2025.111631","2025","Wang D.","Journal of Clinical Neuroscience","scopus_records",2025
"Use of accelerometry to measure the dynamics of activity patterns of Atlantic bluefin tuna after tagging and release",NA,"10.1186/s40462-025-00563-4","2025","Rudd J.L.","Movement Ecology","scopus_records",2025
"Texture-Based Preprocessing Framework with nnU-Net Model for Accurate Intracranial Artery Segmentation",NA,"10.3390/jimaging11120438","2025","Kim K.","Journal of Imaging","scopus_records",2025
"Enhanced crisis resilience of general practitioner-centred care: a retrospective cohort study of patients with coronary artery disease during the COVID-19 pandemic in Germany",NA,"10.1186/s12875-025-02917-8","2025","Friedmacher C.","BMC Primary Care","scopus_records",2025
"Echocardiography and cardiorespiratory changes post ketofol or atracurium/ketofol on acepromazine-methadone premedicated dogs",NA,"10.1038/s41598-025-06722-2","2025","Abass M.","Scientific Reports","scopus_records",2025
"A nomogram for predicting delirium in the ICU among older patients with chronic obstructive pulmonary disease",NA,"10.1186/s12877-025-06049-7","2025","Yu C.","BMC Geriatrics","scopus_records",2025
"Utilizing co-pyrolysis oil from waste polypropylene and Calophyllum inophyllum seed in diesel engines: combustion, engine performance, and emission analysis",NA,"10.1007/s11356-025-37255-w","2025","Padhy S.","Environmental Science and Pollution Research","scopus_records",2025
"The value of blood lactate and lactate clearance rate in evaluating the prognosis of athletes with heat illness of varying degrees after high-intensity exercise",NA,"10.1186/s13102-024-01042-w","2025","Yu L.","BMC Sports Science Medicine and Rehabilitation","scopus_records",2025
"Towards good health and wellbeing: understanding health conditions and healthcare needs among informal caregivers of older adults in Ghana",NA,"10.1186/s41043-025-01131-7","2025","Agyemang-Duah W.","Journal of Health Population and Nutrition","scopus_records",2025
"Evolution and Contemporary Predictors of Outcomes in Out-of-Hospital Cardiac Arrest Patients Admitted to Intensive Cardiovascular Care Units: The Multicentric PCR-Cat Registry",NA,"10.1016/j.hlc.2025.07.004","2025","Andrea R.","Heart Lung and Circulation","scopus_records",2025
"Towards personalized immersive virtual reality neurorehabilitation: a human-centered design",NA,"10.1186/s12984-024-01489-5","2025","Cucinella S.L.","Journal of Neuroengineering and Rehabilitation","scopus_records",2025
"Characteristics of pediatric patients with heat-related illness transferred to emergency departments: a descriptive analysis from Japan",NA,"10.15441/ceem.24.343","2025","Okada Y.","Clinical and Experimental Emergency Medicine","scopus_records",2025
"Therapeutic hypothermia reprograms nanocarrier protein corona via apolipoprotein C1 enrichment for precision cardiovascular therapy",NA,"10.1073/pnas.2515072122","2025","Li C.","Proceedings of the National Academy of Sciences of the United States of America","scopus_records",2025
"Chronic effects of wildfire smoke and criteria air pollutants on cardiovascular hospitalization rates in the contiguous US",NA,"10.1016/j.envres.2025.122520","2025","Jin C.","Environmental Research","scopus_records",2025
"Association of compound exposure to heat wave and ozone pollution with cause-specific cardiopulmonary mortality: A space-time-stratified case-crossover study",NA,"10.1016/j.envres.2025.122635","2025","Ma K.","Environmental Research","scopus_records",2025
"Burden and medical expenses of cardiovascular disease hospitalizations attributable to non-optimum temperature in China",NA,"10.1016/j.envres.2025.122671","2025","Lv D.","Environmental Research","scopus_records",2025
"Ambient ozone exposure and course of non-communicable diseases among elderly individuals with hypertension, diabetes or dyslipidemia: Prospective cohort study in GOLD-Health",NA,"10.1016/j.envpol.2025.127027","2025","Zhuang Z.","Environmental Pollution","scopus_records",2025
"Reduced dietary intake induces body fluid hypotonicity via alterations in water and energy metabolism",NA,"10.1113/jp288932","2025","Watanabe H.","Journal of Physiology","scopus_records",2025
"Severe Exertional Heat Stroke with Intestinal Edema and Concurrent Hippocampal Abnormal Signals and Lacunar Infarction: A Case Report",NA,"10.1159/000549492","2025","Nakao J.","Case Reports in Neurology","scopus_records",2025
"Ambient Air Pollution and the Severity of Alzheimer Disease Neuropathology",NA,"10.1001/jamaneurol.2025.3316","2025","Kim B.","JAMA Neurology","scopus_records",2025
"Multimodal system for recording individual-level behaviors in songbird groups",NA,"10.7717/peerj.20203","2025","Rüttimann L.","Peerj","scopus_records",2025
"The mediating role of inflammation and oxidative stress, as well as vascular-related factors, in the association between air pollution and dementia or related cognitive outcomes: A systematic review",NA,"10.1177/13872877251361862","2025","Zhou A.","Journal of Alzheimer S Disease","scopus_records",2025
"Air pollution, drought, and their synergistic effects on cardiovascular disease risk in China: a nationwide study",NA,"10.1016/j.envpol.2025.126955","2025","Ling C.","Environmental Pollution","scopus_records",2025
"Association between tropical cyclone exposure and stroke hospitalization: A nationwide time-series analysis in Japan",NA,"10.1016/j.envint.2025.109906","2025","Nishimura H.","Environment International","scopus_records",2025
"Post-stroke hemiplegic limb cold sensation and sympathetic nervous regulation: A review",NA,"10.1177/03000605251395450","2025","Yu M.","Journal of International Medical Research","scopus_records",2025
"Long-term exposure to aircraft noise and cardiovascular disease hospitalization and mortality near major airports in the UK, 2006–2015 – A small area study",NA,"10.1016/j.envint.2025.109884","2025","Konstantinoudis G.","Environment International","scopus_records",2025
"G20 stroke burden 1990–2035: trends, projections and precision health insights",NA,"10.1007/s10072-025-08465-4","2025","Chen R.","Neurological Sciences","scopus_records",2025
"A Three-Decade Analysis of Ischemic Stroke in India: Mortality, Morbidity, and Risk Factors Using the Global Burden of Diseases Study from 1990 to 2019",NA,"10.3390/jcm14217807","2025","Goyal A.D.","Journal of Clinical Medicine","scopus_records",2025
"Neuroplastic adaptations in neurodegenerative and cerebrovascular diseases induced by green space activity: A pathway to optimized rehabilitation",NA,"10.1007/s10072-025-08442-x","2025","Banerjee S.","Neurological Sciences","scopus_records",2025
"Mild Hypothermia After Endovascular Treatment for Acute Ischemic Stroke: A Pilot Randomized Controlled Trial",NA,"10.1161/strokeaha.124.049762","2025","Jeong J.H.","Stroke","scopus_records",2025
"Risk of incident stroke and heart disease subtypes in a nationwide cohort of Korean radiation workers",NA,"10.5271/sjweh.4251","2025","Cha E.S.","Scandinavian Journal of Work Environment and Health","scopus_records",2025
"Feeling the heat: associations among daily ambient temperatures, extreme heat days and risk mortality in Australian dogs from New South Wales (1997–2017)",NA,"10.1111/avj.13468","2025","Tripovich J.S.","Australian Veterinary Journal","scopus_records",2025
"Impact of the Estrous Cycle on Loss of Consciousness and Survival in Exertional Heat Stroke in Mice",NA,"10.1249/mss.0000000000003796","2025","MORAES M.M.","Medicine and Science in Sports and Exercise","scopus_records",2025
"Precipitation, EMS use, and time to presentation of Acute Ischemic stroke in the get with the guidelines-stroke registry",NA,"10.1016/j.jstrokecerebrovasdis.2025.108460","2025","Berner M.","Journal of Stroke and Cerebrovascular Diseases","scopus_records",2025
"Comparative study of heat-related symptoms among indoor and outdoor informal workers: A pilot study in Dhaka, Bangladesh",NA,"10.1016/j.joclim.2025.100576","2025","Shahrujjaman S.M.","Journal of Climate Change and Health","scopus_records",2025
"Comparison of a Body Temperature Wearable Device With Gastrointestinal Thermometry During a Warm-Weather Road Race",NA,"10.1519/jsc.0000000000005213","2025","Kaufman C.E.","Journal of Strength and Conditioning Research","scopus_records",2025
"Thermoregulation and Heat Stroke Prevention in Older Adults: Advances in Emerging Technologies and Interventions",NA,"10.3390/s25227058","2025","Núñez-Rodríguez S.","Sensors","scopus_records",2025
"Optimization and automation of the radiosynthesis of PET ligand targeting Aβ for imaging cerebral amyloid angiopathy",NA,"10.1016/j.apradiso.2025.112037","2025","Chen J.","Applied Radiation and Isotopes","scopus_records",2025
"Quantifying Similarity of Dynamic Brain Networks: Two Novel Indices for Structural Change and Temporal Evolution",NA,"10.3390/bioengineering12111218","2025","Wang X.","Bioengineering","scopus_records",2025
"Prior SARS-CoV-2 infection does not increase heat stress during one hour of exercise in a hot and moderately humid environment",NA,"10.1007/s00421-025-05812-3","2025","Heckler E.P.","European Journal of Applied Physiology","scopus_records",2025
"ESICM guidelines on circulatory shock and hemodynamic monitoring 2025",NA,"10.1007/s00134-025-08137-z","2025","Monnet X.","Intensive Care Medicine","scopus_records",2025
"Short-term effects of arm baths on blood pressure in participants with arterial hypertension - a randomized crossover study",NA,"10.1016/j.ctim.2025.103257","2025","Reiter E.","Complementary Therapies in Medicine","scopus_records",2025
"Manifestations of Structural Racism and Inequities in Cardiovascular Health Across US Neighborhoods",NA,"10.1001/jamahealthforum.2025.3864","2025","Lawrence W.R.","JAMA Health Forum","scopus_records",2025
"The 25-Year Incidence and Progression of Hearing Loss in the Framingham Offspring Study",NA,"10.1001/jamanetworkopen.2025.39371","2025","Dillard L.K.","JAMA Network Open","scopus_records",2025
"Association between air pollution-cold wave sequential events and ischaemic stroke incidence among elderly adults in Tianjin, China: a retrospective cohort study",NA,"10.1136/bmjopen-2024-096297","2025","Li L.","BMJ Open","scopus_records",2025
"Effect of Onset-to-Admission Time and Care Bundle Achievement on Functional Outcomes in Patients With ICH: A Population-Based Study",NA,"10.1212/wnl.0000000000214176","2025","Lambea-Gil Á.","Neurology","scopus_records",2025
"Sex differences in the thermoregulatory and cardiovascular response to exercise in hot environmental conditions",NA,"10.1152/ajpregu.00139.2025","2025","Costa J.G.","American Journal of Physiology Regulatory Integrative and Comparative Physiology","scopus_records",2025
"Burden and risk factors of stroke worldwide and in China: An analysis from the Global Burden of Disease Study 2021",NA,"10.1097/cm9.0000000000003778","2025","Zhu Z.","Chinese Medical Journal","scopus_records",2025
"Burden of 375 diseases and injuries, risk-attributable burden of 88 risk factors, and healthy life expectancy in 204 countries and territories, including 660 subnational locations, 1990–2023: a systematic analysis for the Global Burden of Disease Study 2023",NA,"10.1016/s0140-6736(25)01637-x","2025","Hay S.I.","Lancet","scopus_records",2025
"Long-term exposure to extreme heat and cold and cognitive decline in older adults: Results from the Reasons for Geographic and Racial Differences in Stroke (REGARDS) cohort",NA,"10.1016/j.envres.2025.121984","2025","Larson P.S.","Environmental Research","scopus_records",2025
"Application Value of Intelligent Quick Magnetic Resonance for Accelerating Brain MR Scanning and Improving Image Quality in Acute Ischemic Stroke",NA,"10.2174/0115734056418245250912095159","2025","Xue B.","Current Medical Imaging","scopus_records",2025
"Long-Term Exposure to Ultrafine Particulate and Cardiovascular Diseases: A Large-Scale, Multicenter Study in China",NA,"10.1021/acs.est.5c02544","2025","Yang T.","Environmental Science and Technology","scopus_records",2025
"Mediation Analysis to Identify Individual Component Effects of the Care Bundle to Improve Functional Outcome After ICH in the INTERACT3 Study",NA,"10.1212/wnl.0000000000214070","2025","Ren X.","Neurology","scopus_records",2025
"Association of tailpipe-related and nontailpipe-related air pollution exposure with neuroimaging outcomes",NA,"10.1097/ee9.0000000000000413","2025","Andrews R.M.","Environmental Epidemiology","scopus_records",2025
"The role of long-term fine particulate matter peaks in cardiovascular risk: an AIRCARD substudy",NA,"10.1016/j.jjcc.2025.04.012","2025","Mayntz S.P.","Journal of Cardiology","scopus_records",2025
"Observational and Experimental Evidence on the Interaction Between Fine Particulate Matter and Shared Genetic Variants Across Atherosclerotic Cardiovascular Disease Subtypes",NA,"10.1161/circgen.124.004986","2025","Zhang J.","Circulation Genomic and Precision Medicine","scopus_records",2025
"Effect of built environment on the association between nighttime heat exposure and mortality in stroke patients: A case-crossover study in Shandong Province, China",NA,"10.1016/j.ecoenv.2025.119159","2025","Cao Q.","Ecotoxicology and Environmental Safety","scopus_records",2025
"Impact of geomagnetic disturbances and air pollution on total mortality in South Korea",NA,"10.1016/j.scitotenv.2025.180201","2025","Kim J.S.","Science of the Total Environment","scopus_records",2025
"Short-term effects of ultrafine particles on stroke events: an assessment using four different exposure metrics",NA,"10.1016/j.envint.2025.109823","2025","Liao M.","Environment International","scopus_records",2025
"Current and novel approaches for critical care management of aneurysmal subarachnoid hemorrhage in critical care",NA,"10.1097/aco.0000000000001533","2025","Zoumprouli A.","Current Opinion in Anaesthesiology","scopus_records",2025
"The Impact of Four-Stage Air Filtration Systems on the Well-Being of Residents Living in Skilled Nursing Care Facilities",NA,"10.1177/19375867251353736","2025","Arias-Guzman S.","Health Environments Research and Design Journal","scopus_records",2025
"Evaluating extreme temperature values and patient outcomes in aneurysmal subarachnoid hemorrhage: Post-hoc insights from the Earlydrain trial",NA,"10.1016/j.jcrc.2025.155104","2025","Wasilewski D.","Journal of Critical Care","scopus_records",2025
"Transportation Noise and Cardiovascular Health: Evidence, Mechanisms, and Policy Imperatives",NA,"10.14744/anatoljcardiol.2025.5755","2025","Münzel T.","Anatolian Journal of Cardiology","scopus_records",2025
"Letter to the editor: “Evaluating extreme temperature values and patient outcomes in aneurysmal subarachnoid hemorrhage: Post-hoc insights from the earlydrain trial”",NA,"10.1016/j.jcrc.2025.155168","2025","Mehta R.","Journal of Critical Care","scopus_records",2025
"Assessment of Amplitude and Temporal Differences of Cerebral Oxygen Saturation in Response to Hypotension Across Multiple Cerebrovascular Territories during Shoulder Surgery",NA,"10.1097/ana.0000000000001038","2025","Cohen D.J.F.","Journal of Neurosurgical Anesthesiology","scopus_records",2025
"Letter to the editor: “Evaluating extreme temperature values and patient outcomes in aneurysmal subarachnoid hemorrhage: Post-hoc insights from the earlydrain trial”",NA,"10.1016/j.jcrc.2025.155169","2025","Li W.","Journal of Critical Care","scopus_records",2025
"Letter to the Editor: “Evaluating extreme temperature values and patient outcomes in aneurysmal subarachnoid hemorrhage: Post-hoc insights from the Earlydrain trial”",NA,"10.1016/j.jcrc.2025.155143","2025","Homaghostar G.","Journal of Critical Care","scopus_records",2025
"A Geographic Weighted Regression Analysis of the Health Opportunity Index and Stroke Prevalence in Health and Human Services Region 3",NA,"10.3390/ijerph22101542","2025","Tuktur W.R.","International Journal of Environmental Research and Public Health","scopus_records",2025
"Design Ideas for Inpatient Stroke Rehabilitation Facilities: Living Lab Findings",NA,"10.1177/19375867251343910","2025","Lipson-Smith R.","Health Environments Research and Design Journal","scopus_records",2025
"Evaluation of Physiological Variables Determining Time-to-Mortality after Stroke-Associated Pneumonia",NA,"10.1159/000540218","2025","Kishore A.K.","Cerebrovascular Diseases","scopus_records",2025
"Barriers and Facilitators to implementation of the Free Water Protocol in the Acute Stroke Unit Setting: A Mixed Methods Systematic Review",NA,"10.1007/s00455-025-10805-7","2025","Eltringham S.A.","Dysphagia","scopus_records",2025
"Therapeutic hypothermia for acute ischemic stroke: from preclinical studies to clinical trials",NA,"10.1007/s11427-024-2738-2","2025","Chen X.","Science China Life Sciences","scopus_records",2025
"K-point stimulation combined with temperature-differential herbal oral care in improving post-stroke dysphagia",NA,"10.1016/j.clineuro.2025.109103","2025","Dong X.","Clinical Neurology and Neurosurgery","scopus_records",2025
"Perceived barriers and facilitators to high-intensity gait training in stroke rehabilitation: A Delphi study",NA,"10.1177/02692155251371429","2025","Tapp A.","Clinical Rehabilitation","scopus_records",2025
"Optimal circulatory arrest temperature for total aortic arch replacement: Outcomes of neurological complications",NA,"10.1016/j.jtcvs.2024.11.034","2025","Xue Y.","Journal of Thoracic and Cardiovascular Surgery","scopus_records",2025
"What every intensivist should know about exertional heat stroke",NA,"10.1016/j.jcrc.2025.155134","2025","Stomeo N.","Journal of Critical Care","scopus_records",2025
"Climate-related challenges to brain health: A European perspective review",NA,"10.1016/j.neurol.2025.07.010","2025","Reis J.","Revue Neurologique","scopus_records",2025
"From exposure to neurotoxicity induced by micro-nanoplastics with brain accumulation and cognitive decline",NA,"10.1016/j.ecoenv.2025.119114","2025","Gao H.T.","Ecotoxicology and Environmental Safety","scopus_records",2025
"Eicosapentaenoic Acid and Urolithin a Synergistically Mitigate Heat Stroke-Induced NLRP3 Inflammasome Activation in Microglial Cells",NA,"10.3390/nu17193063","2025","Cho H.","Nutrients","scopus_records",2025
"FA-UNet: A FasterNet and Attention-Gated Hybrid Network for Precise Ischemic Stroke Segmentation",NA,"10.31083/jin40100","2025","Pacal I.","Journal of Integrative Neuroscience","scopus_records",2025
"Volumetric Analysis of the Blood–Brain Barrier After Ischemic Stroke by Electron Tomography in Mice",NA,"10.1111/micc.70025","2025","Kotchetkov P.","Microcirculation","scopus_records",2025
"Reduction of Radiation Dose and Contrast Medium Volume in Photon-Counting Detector Computed Tomography Head and Neck Angiography: A Comparison to Energy-Integrating Detector Computed Tomography",NA,"10.1016/j.acra.2025.07.020","2025","Zhang M.","Academic Radiology","scopus_records",2025
"Influence of Foot and Legwear Color on Lower-Limb Temperature in Baseball Players Under Heat Stress",NA,"10.3390/sports13100369","2025","Seguchi M.","Sports","scopus_records",2025
"Hyperthermia and Early Growth of Cerebral Infarct: The Potential Role of Blood–Brain Barrier Permeability",NA,"10.1007/s12975-025-01349-x","2025","Oblitas C.M.","Translational Stroke Research","scopus_records",2025
"Impact of Auditory Deprivation on Tennis Performance and Perceived Exertion",NA,"10.1123/ijspp.2024-0438","2025","Kolar J.","International Journal of Sports Physiology and Performance","scopus_records",2025
"METTL14 mediates SOCS1 mRNA m6A modification to regulate macrophage polarization to attenuate the mechanism of severe heat stroke lung injury",NA,"10.1016/j.jtherbio.2025.104294","2025","Zhang P.","Journal of Thermal Biology","scopus_records",2025
"Optimization of carotid CT angiography image quality with deep learning image reconstruction with high setting (DLIR-H) algorithm under ultra-low radiation and contrast agent conditions",NA,"10.1016/j.radi.2025.103154","2025","Wang C.","Radiography","scopus_records",2025
"Comparison of image quality of 40 keV virtual monoenergetic images of vertebral arteries using DLIR and ASIR-V algorithms under a dual-low scanning protocol",NA,"10.1016/j.ejrad.2025.112276","2025","Tang Y.","European Journal of Radiology","scopus_records",2025
"Age-leukocyte-international normalized ratio score (ALIS): A bedside triparametric tool for neurological prognostication in heat stroke emergencies",NA,"10.1016/j.ajem.2025.06.010","2025","Zhou F.","American Journal of Emergency Medicine","scopus_records",2025
"The application value of deep learning-based reconstruction combined with segmented contrast injection in “one-stop” cardiocerebrovascular computed tomography angiography",NA,"10.21037/qims-2024-2579","2025","Zhang Q.","Quantitative Imaging in Medicine and Surgery","scopus_records",2025
"Different Strokes for Different Croaks: Using an African Reed Frog Species Complex as a Model to Understand Idiosyncratic Population Requirements for Conservation Management",NA,"10.1111/eva.70164","2025","Barratt C.D.","Evolutionary Applications","scopus_records",2025
"Extracting robust single-trial somatosensory evoked potentials for non-invasive brain computer interfaces",NA,"10.1088/1741-2552/adfd8a","2025","Gupta D.","Journal of Neural Engineering","scopus_records",2025
"Enhancing intracranial vessel segmentation using diffusion models without manual annotation for 3D Time-of-Flight Magnetic Resonance Angiography",NA,"10.1016/j.compmedimag.2025.102651","2025","Kim J.","Computerized Medical Imaging and Graphics","scopus_records",2025
"Brain Midline Approximation to Improve Symmetry Analysis of Brain CT Scans",NA,"10.1007/s10278-025-01410-z","2025","Życka-Malesa D.","Journal of Imaging Informatics in Medicine","scopus_records",2025
"Trigger Factors of Primary Cerebral Hemorrhage Onset: A Case-Crossover Study",NA,"10.1002/hsr2.71261","2025","Pu Y.T.","Health Science Reports","scopus_records",2025
"Long-Term Coexposure to Multiple Air Pollutants and Stroke Incidence: A Large Prospective Cohort Study Based on a Shape-Constrained Nonlinear Weighted-Sum Model",NA,"10.1021/acs.est.5c07241","2025","Wang W.","Environmental Science and Technology","scopus_records",2025
"Lessons Learned in the Response to Multiple Cases of Exertional Hyperthermia at an Urban Half Marathon",NA,"10.1017/dmp.2025.10213","2025","Walsh L.V.","Disaster Medicine and Public Health Preparedness","scopus_records",2025
"Warming up the frozen elephant trunk for aortic arch pathology",NA,"10.21037/acs-2025-evet-0147","2025","Besola L.","Annals of Cardiothoracic Surgery","scopus_records",2025
"NIR-II Emissive, Ischemia Targeted Nanocomposites for Localized Therapeutic Hypothermia of Cerebral Ischemia-Reperfusion Injury",NA,"10.1002/smll.202505141","2025","Wang P.","Small","scopus_records",2025
"Anisotropic Magnetic Heating for Adaptive Thermal Ablation",NA,"10.1002/adma.202507172","2025","Liu S.","Advanced Materials","scopus_records",2025
"Circadian-informed modeling predicts regional variation in obesity and stroke outcomes under different permanent US time policies",NA,"10.1073/pnas.2508293122","2025","Weed L.","Proceedings of the National Academy of Sciences of the United States of America","scopus_records",2025
"Major PM2.5 components promote intracranial aneurysm via TP53: Insights from a comprehensive network analysis",NA,"10.1016/j.ecoenv.2025.118953","2025","Li G.","Ecotoxicology and Environmental Safety","scopus_records",2025
"Mortality risks associated with ozone exposure: Modified by temperature and mediating temperature effects",NA,"10.1016/j.ecoenv.2025.118992","2025","Mao H.y.","Ecotoxicology and Environmental Safety","scopus_records",2025
"Heatwave increases the risk of ischemic stroke by promoting platelet activation",NA,"10.1016/j.ecoenv.2025.118814","2025","Wang F.","Ecotoxicology and Environmental Safety","scopus_records",2025
"Investigating dust storm dynamics and lightning interactions using Weather Research Forecasting-Chemistry (WRF-CHEM) model over India",NA,"10.1016/j.scitotenv.2025.180083","2025","Swathi V.S.","Science of the Total Environment","scopus_records",2025
"Ambient air pollution, dietary patterns, and the risk of incident cerebrovascular diseases: A prospective cohort study",NA,"10.1016/j.scitotenv.2025.180030","2025","Cheng B.","Science of the Total Environment","scopus_records",2025
"Dissecting causal relationships between dietary factors and intracerebral hemorrhage: A Mendelian randomization study",NA,"10.1097/md.0000000000044164","2025","Wang P.","Medicine United States","scopus_records",2025
"Medium-term Exposure to Wildfire Smoke PM2.5 and Cardiorespiratory Hospitalization Risks",NA,"10.1097/ede.0000000000001881","2025","Wei Y.","Epidemiology","scopus_records",2025
"A comprehensive review/expert statement on environmental risk factors of cardiovascular disease",NA,"10.1093/cvr/cvaf119","2025","Münzel T.","Cardiovascular Research","scopus_records",2025
"The health burden of chronic diseases in the United States attributable to air particulate matter",NA,"10.1016/j.clinme.2025.100493","2025","Raina M.","Clinical Medicine Journal of the Royal College of Physicians of London","scopus_records",2025
"Prediction of hematoma changes in spontaneous intracerebral hemorrhage using a Transformer-based generative adversarial network to generate follow-up CT images",NA,"10.1016/j.compmedimag.2025.102614","2025","Feng C.","Computerized Medical Imaging and Graphics","scopus_records",2025
"Environmental noise exposure and cardiovascular diseases in a Shanghai cohort",NA,"10.1016/j.envint.2025.109745","2025","Shen Y.","Environment International","scopus_records",2025
"Progress of Brain Hypothermia Treatment for Severe Subarachnoid Hemorrhage-177 Cases Experienced and a Narrative Review",NA,"10.1089/ther.2024.0037","2025","Kobata H.","Therapeutic Hypothermia and Temperature Management","scopus_records",2025
"The Role of Meteorological Factors in Cerebral Anterior versus Posterior Circulation Aneurysm Rupture",NA,"10.1016/j.wneu.2025.124269","2025","Yarova K.","World Neurosurgery","scopus_records",2025
"Effect of self-supporting care on activities of daily living for patients with stroke: A randomized crossover trial",NA,"10.1016/j.gerinurse.2025.103557","2025","Chen W.L.","Geriatric Nursing","scopus_records",2025
"Effects of Ward Noise on Psychological Health and Sleep Quality during Recovery of Patients Who Underwent Surgery for Haemorrhagic Stroke",NA,"10.4103/nah.nah_103_25","2025","Pan D.C.","Noise and Health","scopus_records",2025
"Psittacosis Combined With Central Nervous System Infection and Acute Cerebral Infarction: A Case Report Based on Metagenomic Next-Generation Sequencing",NA,"10.1097/nrl.0000000000000636","2025","Tian S.","Neurologist","scopus_records",2025
"Boat noise alters individual behaviors but not communication between partners in a fish-shrimp mutualism",NA,"10.1093/beheco/araf110","2025","Manera J.L.","Behavioral Ecology","scopus_records",2025
"Cardiac responses to environmental heat exposure in young and older adults",NA,"10.1152/japplphysiol.00917.2024","2025","Foster J.","Journal of Applied Physiology","scopus_records",2025
"Associations of residential greenness with incident vascular diseases in middle-aged and older adults: A large prospective cohort study",NA,"10.1016/j.ecoenv.2025.118771","2025","Cheng B.","Ecotoxicology and Environmental Safety","scopus_records",2025
"Somatosensory Profile of Central Post Stroke Pain of Thalamic Origin: Findings of a Quantitative Sensory Testing Study",NA,"10.1002/ejp.70104","2025","Berati K.","European Journal of Pain","scopus_records",2025
"Improved CTA imaging for stroke evaluation – deep learning and iterative reconstruction comparative study",NA,"10.1007/s00234-025-03733-8","2025","Pula M.","Neuroradiology","scopus_records",2025
"Application of bundle of care for spontaneous intracerebral hemorrhage in the real world: effect on hematoma expansion and functional outcome",NA,"10.1007/s10072-025-08238-z","2025","Cappellari M.","Neurological Sciences","scopus_records",2025
"Early stroke diagnosis and evaluation based on pathological voice classification using speech enhancement",NA,"10.1016/j.compbiomed.2025.110940","2025","Zhang J.","Computers in Biology and Medicine","scopus_records",2025
"Deep Learning-Based Evaluation of Postural Control Impairments Caused by Stroke Under Altered Sensory Conditions",NA,"10.3390/biomimetics10090586","2025","Najipour A.","Biomimetics","scopus_records",2025
"Association of Physiologic Parameters with Neurologic Outcome After Arteriovenous Malformation Rupture in Children",NA,"10.1177/08830738251330110","2025","Keenan J.S.","Journal of Child Neurology","scopus_records",2025
"County-level modeled extreme heat risk and premature all-cause mortality related to cardio-kidney-metabolic syndrome in the United States: A cross-sectional analysis",NA,"10.1016/j.ajpc.2025.101063","2025","Cayton K.","American Journal of Preventive Cardiology","scopus_records",2025
"Immune impacts of fire smoke exposure",NA,"10.1038/s41591-025-03777-6","2025","Johnson M.M.","Nature Medicine","scopus_records",2025
"Too hot and too humid in the Caribbean: Impacts of extreme heat events and non-accidental mortality in the tropical island of Puerto Rico (2015-2020)",NA,"10.1016/j.joclim.2025.100484","2025","Méndez-Lázaro P.A.","Journal of Climate Change and Health","scopus_records",2025
"Heat stress-induced heat shock protein 70 (HSP70) expressions among vulnerable populations in urban and rural areas Klang Valley, Malaysia",NA,"10.1038/s41370-025-00764-4","2025","Muhamad S.N.","Journal of Exposure Science and Environmental Epidemiology","scopus_records",2025
"Pragmatic strategies for improving prevention, diagnosis, and treatment of epilepsy in low- and middle-income countries",NA,"10.1016/j.eplepsyres.2025.107586","2025","Nepal G.","Epilepsy Research","scopus_records",2025
"Exploring Optimal Cardiac Electronic Implantable Devices Programming: Reducing Non-Actionable Alerts and Assessing Clinical Outcomes",NA,"10.1111/jce.16789","2025","Mostafa M.A.","Journal of Cardiovascular Electrophysiology","scopus_records",2025
"Experimental Evaluation of an Array Transducer for Ultrasound Thermal Strain Imaging: Phantom and In Vivo Studies",NA,"10.1016/j.ultrasmedbio.2025.05.016","2025","Sheng Z.","Ultrasound in Medicine and Biology","scopus_records",2025
"Neuroinflammation and immune microenvironment alterations following heat stroke: A transcriptomic perspective",NA,"10.1016/j.compbiomed.2025.110773","2025","Chou K.N.","Computers in Biology and Medicine","scopus_records",2025
"Correlation of objective image quality metrics with radiologists' diagnostic confidence depends on the clinical task performed",NA,"10.1117/1.jmi.12.5.051803","2025","Pryde M.C.","Journal of Medical Imaging","scopus_records",2025
"Evaluation of radiation doses and the impact of operator variability on radiation exposure in fluoroscopy-guided procedures: insights from Sri Lanka",NA,"10.1088/1361-6498/adfdf1","2025","Gunawardena H.","Journal of Radiological Protection","scopus_records",2025
"Engineering clinical translation of OGSE diffusion MRI",NA,"10.1002/mrm.30510","2025","Zhu A.","Magnetic Resonance in Medicine","scopus_records",2025
"Independent Predictors of Heat-Related Illness-Induced Acute Respiratory Failure: A Multicenter Cross-sectional Study",NA,"10.22037/aaemj.v13i1.2710","2025","Kuo W.Y.","Archives of Academic Emergency Medicine","scopus_records",2025
"Neurologic Dysfunction after Acute Aortic Dissection Type A: A Long-Term Analysis of the German Registry for Acute Aortic Dissection Type A",NA,"10.1093/ejcts/ezaf263","2025","Peterss S.","European Journal of Cardio Thoracic Surgery","scopus_records",2025
"Hearing impairment, psychological distress, and incident heart failure: A prospective cohort study",NA,"10.1136/heartjnl-2024-325394","2025","Huang Y.","Heart","scopus_records",2025
"Health effects of atmospheric pressure fluctuations: a review of biometeorological research",NA,"10.1007/s00484-025-02954-z","2025","Kuzmenko N.V.","International Journal of Biometeorology","scopus_records",2025
"Far from Home: Heat-Illness Prevention and Treatment in Austere Environments",NA,"10.1177/10806032251332283","2025","DeGroot D.W.","Wilderness and Environmental Medicine","scopus_records",2025
"The influence of kinematic viscosity of oils on the energy consumption of a gear pump used for pumping oil in machines and vehicles",NA,"10.1371/journal.pone.0331371","2025","Warguła Ł.","Plos One","scopus_records",2025
"Systemic cardiovascular and carotid baroreflex support of arterial pressure during recovery from passive heat stress in young and older adults",NA,"10.14814/phy2.70554","2025","Larson E.A.","Physiological Reports","scopus_records",2025
"Polar Life Pod Cooling Efficacy When Small Volumes of Water are Available to Treat Exercise-Induced Hyperthermia",NA,"10.1177/10806032251332282","2025","Miller K.C.","Wilderness and Environmental Medicine","scopus_records",2025
"Impact of Short-Term Exposure to Ozone on Hospital Admissions for Multiple Cardiovascular Diseases: A Systematic Review and Meta-Analysis",NA,"10.1161/jaha.124.037205","2025","You Y.","Journal of the American Heart Association","scopus_records",2025
"Cerebral small vessel disease related to a heterozygous missense mutation in HTRA1: A case report",NA,"10.1097/md.0000000000044128","2025","Gao Y.","Medicine United States","scopus_records",2025
"Occupational Dust Exposure as a Determinant of Cerebral Small Vessel Disease Burden in Coal Miners: A Cross-Sectional MRI-Based Study",NA,"10.1097/jom.0000000000003535","2025","Wang Y.","Journal of Occupational and Environmental Medicine","scopus_records",2025
"Light pollution exposure and a risk of hospitalization for cardiovascular disease in Poland: a population-based study (EP-PARTICLES study)",NA,"10.20452/pamw.17064","2025","Jemielita P.","Polish Archives of Internal Medicine","scopus_records",2025
"PtNPs/Prussian Blue-Modified Microelectrode Arrays for Detection of Key Neurons Regulating Hibernation State",NA,"10.1021/acssensors.5c00310","2025","Wang Y.","ACS Sensors","scopus_records",2025
"Health burden and inequities of urban environmental stressors in Sofia, Bulgaria",NA,"10.1016/j.envres.2025.121782","2025","Khomenko S.","Environmental Research","scopus_records",2025
"Quinolylnitrone 23 Protects from Auditory Cell Oxidative Injury and Noise-Induced Hearing Loss",NA,"10.1021/acsptsci.5c00221","2025","Murillo-Cuesta S.","ACS Pharmacology and Translational Science","scopus_records",2025
"Heat extremes and cardiovascular diseases: a scientific statement of the Association of Cardiovascular Nursing & Allied Professions, Association for Acute Cardiovascular Care, European Association of Preventive Cardiology, Heart Failure Association, European Heart Rhythm Association of the ESC, the ESC Council on Hypertension, the ESC Council on Stroke, and the ESC Working Group on Cardiovascular Pharmacotherapy",NA,"10.1093/eurheartj/ehaf326","2025","Chaseling G.K.","European Heart Journal","scopus_records",2025
"Role of Nighttime Light in the Association Between Air Pollution Exposure and Cardiovascular Disease",NA,"10.1161/jaha.125.042835","2025","Zhang J.","Journal of the American Heart Association","scopus_records",2025
"Effects of intermediate and long-term exposure to ambient air pollution and temperature on hospital admissions with second cardiovascular events among medicare beneficiaries",NA,"10.1016/j.envint.2025.109617","2025","Danesh Yazdi M.","Environment International","scopus_records",2025
"Emergency Hospital Admissions for Cardiovascular Causes Attributable to Air Pollution and Extreme Temperatures in Spain: Influence of Economic and Demographic Factors in a Nationwide Study",NA,"10.1007/s11524-025-01006-6","2025","López-Bueno J.A.","Journal of Urban Health","scopus_records",2025
"Challenges in studying air pollution to neurodegenerative diseases",NA,"10.1016/j.envres.2025.121597","2025","Kwon D.","Environmental Research","scopus_records",2025
"Long-term exposure to air pollution and risk of dementia among older individuals of a Danish nationwide administrative cohort",NA,"10.1016/j.envint.2025.109607","2025","Andersen Z.J.","Environment International","scopus_records",2025
"Association of a hotter climate with lower wind speed and increased cardiovascular hospitalizations in a tropical dryland",NA,"10.1007/s00484-025-02949-w","2025","Monte K.S.","International Journal of Biometeorology","scopus_records",2025
"Impact of weather conditions on the development of subarachnoid hemorrhage: A retrospective analysis",NA,"10.1016/j.ajem.2025.04.025","2025","Hirota S.","American Journal of Emergency Medicine","scopus_records",2025
"Continuous temperature monitoring in patients with spontaneous intracerebral hemorrhage: insights into temperature patterns and variability",NA,"10.1016/j.jstrokecerebrovasdis.2025.108366","2025","Laichinger K.","Journal of Stroke and Cerebrovascular Diseases","scopus_records",2025
"Stakeholder Perspectives on Built Environmental Factors to Support Stroke Rehabilitation and Return to Everyday Life",NA,"10.1111/hex.70339","2025","de Vries L.","Health Expectations","scopus_records",2025
"Analysis of social determinants of health and extreme climate events: Identifying vulnerable populations and health outcomes in Jacksonville",NA,"10.1097/ee9.0000000000000410","2025","Ren Y.","Environmental Epidemiology","scopus_records",2025
"INHIBITING ALOX15 PREVENTS MYOCARDIAL INJURY INDUCED BY EXERTIONAL HEAT STROKE",NA,"10.1097/shk.0000000000002625","2025","Zhao Y.","Shock","scopus_records",2025
"The Protective Effect of Low-dose Nicotine on Ischemia Stroke by Maintaining the Integrity of the Blood-Brain Barrier",NA,"10.1093/ntr/ntaf034","2025","Pang Q.","Nicotine and Tobacco Research","scopus_records",2025
"Evaluation of mediators of seasonal variation in fatal strokes: a multicentre registry‐based cohort study",NA,"10.1016/j.jstrokecerebrovasdis.2025.108360","2025","Fluck A.","Journal of Stroke and Cerebrovascular Diseases","scopus_records",2025
"Factors influencing the prevalence and death rate of COPD: a pan-database ecological study covering 201 countries and regions from 1990 to 2021",NA,"10.1016/j.eclinm.2025.103347","2025","Wang Z.","Eclinicalmedicine","scopus_records",2025
"Heat stroke-induced central nervous system injury: Mechanisms and therapeutic perspectives",NA,"10.1016/j.jtherbio.2025.104263","2025","Yang W.","Journal of Thermal Biology","scopus_records",2025
"Lactoferrin prevents heat stroke-induced intestinal barrier damage by reducing ferroptosis via regulating MAPK signaling pathway: In vitro and in vivo studies",NA,"10.1016/j.ijbiomac.2025.145454","2025","Li L.","International Journal of Biological Macromolecules","scopus_records",2025
"The combined effects of artificial gravity, temperature, and hypoxia on haemodynamic responses and limb blood flow",NA,"10.1007/s00421-025-05773-7","2025","Fisher J.T.","European Journal of Applied Physiology","scopus_records",2025
"Noisy-channel language comprehension in aphasia: A Bayesian mixture modeling approach",NA,"10.3758/s13423-025-02639-z","2025","Ryskin R.","Psychonomic Bulletin and Review","scopus_records",2025
"Hospitalization risk and burden for cause-specific cardiovascular diseases following tropical cyclones: A multicountry study",NA,"10.1126/sciadv.adr0800","2025","Huang W.","Science Advances","scopus_records",2025
"Ultrasound matrix imaging for 3D transcranial in vivo localization microscopy",NA,"10.1126/sciadv.adt9778","2025","Bureau F.","Science Advances","scopus_records",2025
"Cold Exposure Exacerbates Cardiac Dysfunction in a Model of Heart Failure with Preserved Ejection Fraction in Male and Female C57Bl/6J Mice",NA,"10.3390/biomedicines13081900","2025","Thibodeau S.È.","Biomedicines","scopus_records",2025
"Perioperative and long-term outcomes of surgical treatment for penetrating aortic ulcer in the aortic arch: A retrospective cohort analysis",NA,"10.1016/j.amjsurg.2025.116406","2025","Wang L.","American Journal of Surgery","scopus_records",2025
"Another Rare Cause of Hypertrophic Olivary Degeneration Following Cavernous Malformation Hemorrhage: A Case Report",NA,"10.3390/diagnostics15162048","2025","Skrastiņa S.","Diagnostics","scopus_records",2025
"Pathogenesis and therapeutic strategy of heat stroke-induced acute kidney injury",NA,"10.1016/j.intimp.2025.114969","2025","Zhang D.","International Immunopharmacology","scopus_records",2025
"Qingshu Yiqi decoction ameliorates exertional heat stroke-induced intestinal barrier injury via NF-κB/MLC pathway and gut microbiota",NA,"10.1016/j.phymed.2025.156723","2025","Ma W.","Phytomedicine","scopus_records",2025
"Racing in Rising Global Temperatures: A Scoping Review of Heat-related Illnesses in Endurance Running",NA,"10.1017/dmp.2025.10135","2025","Görgens S.","Disaster Medicine and Public Health Preparedness","scopus_records",2025
"Performance and Emission Analysis of a Biogas–Diesel Dual-Fuel Engine Enhanced with Diethyl Ether Additives",NA,"10.1021/acsomega.5c01509","2025","Walle M.","ACS Omega","scopus_records",2025
"NIR-II Luminescent Nanothermometer for Precise Assessment of Ischemic Stroke",NA,"10.1021/acsami.5c05030","2025","Qiu X.","ACS Applied Materials and Interfaces","scopus_records",2025
"Air pollution exposure and respiratory and cardiovascular emergency visits: A time-stratified case-crossover analysis in Taiwan",NA,"10.1016/j.ecoenv.2025.118479","2025","Khan K.","Ecotoxicology and Environmental Safety","scopus_records",2025
"A Systematic Review and Meta-Analysis on Long-Term Exposure to Particulate Matter and All-Cause and Cause-Specific Mortality in the Asia-Pacific States",NA,"10.3346/jkms.2025.40.e156","2025","Oh J.","Journal of Korean Medical Science","scopus_records",2025
"Integration of accelerometers, global positioning systems (GPS) and geographical information systems (GIS) for measuring physical activity",NA,"10.4081/gh.2025.1382","2025","Bezuidenhout L.","Geospatial Health","scopus_records",2025
"Long-term exposure to dust in fine particulate matter and post-stroke functional impairment—Findings from the China National Stroke Screening Surveys",NA,"10.1016/j.jhazmat.2025.137979","2025","Pan Z.","Journal of Hazardous Materials","scopus_records",2025
"Ambient polycyclic aromatic hydrocarbons and cardiovascular disease in China",NA,"10.1016/j.jhazmat.2025.137948","2025","Tian Y.","Journal of Hazardous Materials","scopus_records",2025
"The role of air pollution in epilepsy: a better understanding is needed",NA,"10.1055/s-0045-1809663","2025","Jareonsettasin P.","Arquivos De Neuro Psiquiatria","scopus_records",2025
"Long-Term Exposure to Ambient Particulate Matter and Structural Brain Changes in Older Adults",NA,"10.1161/strokeaha.124.048096","2025","Grande G.","Stroke","scopus_records",2025
"Interactive Effects of Ambient Ozone and Meteorological Factors on Cerebral Infarction: A Five-Year Time-Series Study",NA,"10.3390/toxics13070598","2025","Chen Y.","Toxics","scopus_records",2025
"Differentiating the impact of non-optimum temperature and temperature variability on cause-specific cerebrovascular mortality: An individual-level, case-crossover study in Shanghai, China",NA,"10.1016/j.ecoenv.2025.118339","2025","Su X.","Ecotoxicology and Environmental Safety","scopus_records",2025
"Air pollution and atherosclerosis",NA,"10.1016/j.atherosclerosis.2025.119240","2025","Seneviratne A.N.","Atherosclerosis","scopus_records",2025
"Global stroke burden attributable to household air pollution: Insights from GBD 2021 and projections to 2040",NA,"10.1371/journal.pone.0327976","2025","Li M.","Plos One","scopus_records",2025
"Associations of long-term exposure to fine particle and its components with ischemic stroke: A cohort study in China",NA,"10.1016/j.ecoenv.2025.118354","2025","Xu L.","Ecotoxicology and Environmental Safety","scopus_records",2025
"How far are we from bringing intensive care bundle for intracerebral hemorrhage into the real-world setting? A 5-year population based-study",NA,"10.1007/s10072-025-08113-x","2025","Colantuono P.","Neurological Sciences","scopus_records",2025
"The Stroke Burden in China and Its Long-Term Trends: Insights from the Global Burden of Disease (GBD) Study 1990-2021",NA,"10.1016/j.numecd.2025.103848","2025","Ji C.","Nutrition Metabolism and Cardiovascular Diseases","scopus_records",2025
"Acute Cardiovascular Changes Following Cerebral Ischemia in a Non‐human Primate Thromboembolic Stroke Model",NA,"10.21873/invivo.13996","2025","Yoshikawa T.","In Vivo","scopus_records",2025
"Thermal stress indication for heat-related illnesses by climate change in Nigeria using multivariate analysis",NA,"10.1007/s00484-025-02924-5","2025","Towolawi A.T.","International Journal of Biometeorology","scopus_records",2025
"The burden of stroke, ischaemic heart disease, and dementia in Africa, 1990–2021: an ecological analysis of the Global Burden of Disease 2021",NA,"10.1016/s2214-109x(25)00109-3","2025","Avan A.","Lancet Global Health","scopus_records",2025
"Combined effect of heatwaves and residential greenness on the risk of stroke among Chinese adults: A national cohort study",NA,"10.1016/j.ecoenv.2025.118356","2025","Tuerdi N.","Ecotoxicology and Environmental Safety","scopus_records",2025
"Production and Characterization of Open Cell Cordierite from Boron and Waste Materials by Geopolymer Method for the Emission After Treatment System of Diesel Engines",NA,"10.1002/gch2.202500048","2025","Ergun Y.","Global Challenges","scopus_records",2025
"Microbial Multidrug-Resistant Organism (MDRO) Mapping of Intensive Care Unit Infections",NA,"10.3390/medicina61071220","2025","Yassin A.","Medicina Lithuania","scopus_records",2025
"Modified physiological equivalent temperature for monitoring heat stress: 20-year data from the Falmouth Road Race",NA,"10.1007/s00484-025-02909-4","2025","Zhang X.","International Journal of Biometeorology","scopus_records",2025
"Clinical Efficacy of Angong Niuhuang Pills in the Treatment of Severe Heat Stroke and its Impact on the Rescue Efficiency of Patients",NA,NA,"2025","Tian Y.","Alternative Therapies in Health and Medicine","scopus_records",2025
"Effect of burn injury size on cardiovascular responses to exercise in the heat",NA,"10.1007/s00421-025-05731-3","2025","McKenna Z.J.","European Journal of Applied Physiology","scopus_records",2025
"DSC Perfusion MRI Artefact Reduction Strategies: A Short Overview for Clinicians and Scientific Applications",NA,"10.3390/jcm14134776","2025","van der Weijden C.W.J.","Journal of Clinical Medicine","scopus_records",2025
"Effect of tire pyrolysis oil and graphene oxide nanoparticles as an additive in the diesel engine",NA,"10.1007/s11356-024-35870-7","2025","Yaqoob H.","Environmental Science and Pollution Research","scopus_records",2025
"Automated scheme of plaque classification based on segmentation in carotid ultrasound images using transformer approach",NA,"10.1007/s10396-025-01522-7","2025","Hirano G.","Journal of Medical Ultrasonics","scopus_records",2025
"Determination of Spatiotemporal Gait Parameters Using a Smartphone’s IMU in the Pocket: Threshold-Based and Deep Learning Approaches",NA,"10.3390/s25144395","2025","Lee S.","Sensors","scopus_records",2025
"Heatstroke",NA,"10.23785/praxis.2025.07.005","2025","Bianchi C.","Praxis","scopus_records",2025
"Interrater and intrarater reliability of aqueduct CSF flow parameters measured by phase-contrast MRI in healthy adults",NA,"10.21037/qims-24-1589","2025","Liu P.","Quantitative Imaging in Medicine and Surgery","scopus_records",2025
"Enhancing intermittent exercise performance through brief sole cryostimulation during breaks in a hot environment",NA,"10.1016/j.jesf.2025.05.003","2025","Hu X.Y.","Journal of Exercise Science and Fitness","scopus_records",2025
"Auditory cues in table tennis: Evaluating their effectiveness compared to visual information",NA,"10.1016/j.psychsport.2025.102843","2025","Lin L.Y.","Psychology of Sport and Exercise","scopus_records",2025
"Heat-Related Illnesses",NA,"10.7326/annals-25-01958","2025","O’Connor F.G.","Annals of Internal Medicine","scopus_records",2025
"Squash in Los Angeles: Heat Strain and Performance Considerations at the 2028 Olympic Games",NA,"10.1123/ijspp.2024-0355","2025","Ihsan M.","International Journal of Sports Physiology and Performance","scopus_records",2025
"Morphological Study on Lenticulostriate Arteries in Patients With Middle Cerebral Artery Stenosis at 7 T MRI",NA,"10.1002/jmri.29693","2025","Li R.","Journal of Magnetic Resonance Imaging","scopus_records",2025
"Assessment of biventricular cardiac function using free-breathing artificial intelligence cine with motion correction: Comparison with standard multiple breath-holding cine",NA,"10.1016/j.ejrad.2025.112133","2025","Ran L.","European Journal of Radiology","scopus_records",2025
"Optimization of Environmentally Sustainable UPLC-PDA Method Using Box–Behnken for Simultaneous Quantifying Curcumin and Candesartan Cilexetil in On-Demand Formulation for Treatment of Brain Ischemic Injury",NA,"10.1002/bmc.70130","2025","Sherif A.","Biomedical Chromatography","scopus_records",2025
"Predict the characteristics of the DI engine with various injection timings by Glycine max oil biofuel using artificial neural networks",NA,"10.1007/s11356-024-34429-w","2025","Rajak U.","Environmental Science and Pollution Research","scopus_records",2025
"Prediction modeling using artificial neural network (ANN) for the performance and emission characteristics of catalytic co-pyrolytic fuel blended with diesel in a CI engine",NA,"10.1007/s11356-023-30209-0","2025","Mohan I.","Environmental Science and Pollution Research","scopus_records",2025
"Hybrid Multidelay PCASL Acquired With Time-Encoded and Variable-TR Schemes for the Assessment of Cerebral Perfusion in Moyamoya Disease",NA,"10.1002/nbm.70069","2025","Togao O.","NMR in Biomedicine","scopus_records",2025
"Air Pollution and Stroke: An Emerging Challenge From Cardio-Cerebrovascular Multimorbidity",NA,"10.1161/jaha.124.041848","2025","Ding R.","Journal of the American Heart Association","scopus_records",2025
"Climate change and pollution: impact on blood pressure and kidneys",NA,"10.20452/pamw.17032","2025","Burnier M.","Polish Archives of Internal Medicine","scopus_records",2025
"Diagnostic Biomarkers for Heat Stroke and Heat Exhaustion: A Scoping Review",NA,"10.1017/dmp.2025.10069","2025","Palasz J.","Disaster Medicine and Public Health Preparedness","scopus_records",2025
"Air pollution and stroke: Short-term exposure's varying effects on stroke subtypes",NA,"10.1016/j.ecoenv.2025.118296","2025","Liao M.","Ecotoxicology and Environmental Safety","scopus_records",2025
"Mediation role of gut microbiota in the association between ambient fine particulate matter components and cardiovascular disease: Evidence from a China cohort",NA,"10.1016/j.envres.2025.121421","2025","Yang S.","Environmental Research","scopus_records",2025
"Inequalities in residential green space and trajectory of cardiometabolic multimorbidity: Different associations by sex and socioeconomic status",NA,"10.1016/j.envpol.2025.126316","2025","Yang T.","Environmental Pollution","scopus_records",2025
"Bismuth Chelate-Mediated Computed Tomography Perfusion Imaging of Acute Ischemic Stroke In Vivo",NA,"10.1021/acsami.5c02378","2025","Zhao L.","ACS Applied Materials and Interfaces","scopus_records",2025
"The built environment and adverse cardiovascular events in US veterans with cardiovascular disease",NA,"10.1016/j.scitotenv.2025.179596","2025","Moorthy S.","Science of the Total Environment","scopus_records",2025
"Stroke Mortality Risk Factors: Global Trends and Regional Variations (1990–2021)",NA,"10.1161/jaha.125.042107","2025","Song D.","Journal of the American Heart Association","scopus_records",2025
"Andrographolide attenuates PM2.5-induced blood–brain barrier damage via antioxidant and PI3K/AKT/mTOR/NRF2 pathways",NA,"10.1016/j.intimp.2025.114764","2025","Kang K.","International Immunopharmacology","scopus_records",2025
"Annual PM2.5 exposure and clinical, laboratory, and stroke-risk outcomes in pediatric sickle cell disease",NA,"10.1172/jci.insight.190648","2025","George P.E.","Jci Insight","scopus_records",2025
"Association between particulate matter exposure and acute ischemic stroke admissions in less-polluted areas: a time-series study using a distributed lag nonlinear model",NA,"10.1007/s40201-024-00926-w","2025","Song X.","Journal of Environmental Health Science and Engineering","scopus_records",2025
"Pathways to the Brain: Impact of Fine Particulate Matter Components on the Central Nervous System",NA,"10.3390/antiox14060730","2025","Ishihara Y.","Antioxidants","scopus_records",2025
"Urbanization, socioeconomic status, and exposure to PM2.5, associated with township-based cerebrovascular disease (CBD) mortality",NA,"10.1371/journal.pone.0324070","2025","Lin W.Y.","Plos One","scopus_records",2025
"Comprehensive analysis of stroke epidemiology in Vietnam: Insights from GBD 1990–2019 and RES-Q 2017–2023",NA,"10.1016/j.gloepi.2025.100199","2025","Tran M.C.","Global Epidemiology","scopus_records",2025
"Cisternal Blood Clearance Attenuates Systemic Inflammatory Response After Subarachnoid Hemorrhage",NA,"10.1007/s12028-024-02112-0","2025","Bissolo M.","Neurocritical Care","scopus_records",2025
"Joint Effects of Wildfire Smoke and Extreme Heat on Hospitalizations in California, 2011–2020",NA,"10.1029/2024gh001237","2025","Jones-Ngo C.G.","Geohealth","scopus_records",2025
"Elevated exposure to air pollutants accelerates primary glomerular disease progression",NA,"10.1093/ckj/sfaf140","2025","Troost J.P.","Clinical Kidney Journal","scopus_records",2025
"Shadowing Stroke Patients to Explore the Rehabilitation Built Environment: Approach, Insights, and Lessons Learned",NA,"10.1177/10497323241236305","2025","Kevdzija M.","Qualitative Health Research","scopus_records",2025
"Recommendations for Implementing the INTERACT3 Care Bundle for Intracerebral Hemorrhage in Latin America: Results of a Delphi Method",NA,"10.1159/000540038","2025","Allende M.I.","Cerebrovascular Diseases","scopus_records",2025
"Association between cerebral oxygenation and usual parameters of cerebral perfusion in critically ill patients with acute brain injury",NA,"10.1177/0271678x241310780","2025","Ayasse T.","Journal of Cerebral Blood Flow and Metabolism","scopus_records",2025
"Short-term aircraft noise stress induces a fundamental metabolic shift in heart proteome and metabolome that bears the hallmarks of cardiovascular disease",NA,"10.1016/j.scitotenv.2025.179484","2025","Marques J.G.","Science of the Total Environment","scopus_records",2025
"Effects of an inpatient physical rehabilitation program on body temperature distribution and functionality in individuals with stroke sequel",NA,"10.1016/j.jbmt.2025.02.002","2025","de Oliveira N.C.","Journal of Bodywork and Movement Therapies","scopus_records",2025
"Seasonal Variations in Stroke Occurrence",NA,"10.1159/000540056","2025","Brissette V.","Neuroepidemiology","scopus_records",2025
"Guideline-recommended basic parameter adherence in neurocritical care stroke patients: Observational multicenter individual participant data analysis",NA,"10.1177/23969873241289360","2025","Mrochen A.","European Stroke Journal","scopus_records",2025
"Comparison of objective quality parameters between CTA and CTP angiographic reconstructions in ischemic stroke patients",NA,"10.1016/j.ejro.2025.100634","2025","Robbe M.M.Q.","European Journal of Radiology Open","scopus_records",2025
"Association between urinary tract infections and anemia among the elderly in India: Insights from the longitudinal aging study",NA,"10.1371/journal.pgph.0004390","2025","Hussain D.","Plos Global Public Health","scopus_records",2025
"Improving delay and strength maps derived from resting-state fMRI using PCA-based denoising and group data from the HCP dataset",NA,"10.1016/j.compbiomed.2025.110262","2025","Aslan S.","Computers in Biology and Medicine","scopus_records",2025
"Machine Learning Approach for Sepsis Risk Assessment in Ischemic Stroke Patients",NA,"10.1177/08850666241308195","2025","Mao F.","Journal of Intensive Care Medicine","scopus_records",2025
"Enhancing heatstroke safety for construction workers: Assessing visibility and contrast of thermochromic pigment",NA,"10.1177/10519815251317343","2025","Min S.N.","Work","scopus_records",2025
"The epidemiology and burden of cardiovascular diseases in countries of the Association of Southeast Asian Nations (ASEAN), 1990–2021: findings from the Global Burden of Disease Study 2021",NA,"10.1016/s2468-2667(25)00087-8","2025","Goh L.H.","Lancet Public Health","scopus_records",2025
"Comparison of Rectal and Gastrointestinal Core Temperatures During Heat Tolerance Testing",NA,"10.3390/medicina61061111","2025","Crowe M.J.","Medicina Lithuania","scopus_records",2025
"Microvascular blood flow ultrasound imaging with microbubble-based H-Scan technology",NA,"10.1007/s11517-024-03262-1","2025","Jiang F.","Medical and Biological Engineering and Computing","scopus_records",2025
"Joint effect of modifiable risk factors and genetic susceptibility on ischaemic stroke",NA,"10.1016/j.jstrokecerebrovasdis.2025.108313","2025","Shang J.","Journal of Stroke and Cerebrovascular Diseases","scopus_records",2025
"Establishing and mapping heat-sensitive disease spectrum in eastern China: A comprehensive analysis of 1.4 million deaths involving 14 major disease categories",NA,"10.1016/j.envint.2025.109529","2025","Gai Y.","Environment International","scopus_records",2025
"Bilateral avascular necrosis: A rare complication of Fabry disease",NA,"10.1016/j.ymgmr.2025.101219","2025","Romano C.","Molecular Genetics and Metabolism Reports","scopus_records",2025
"Environment-induced heat stress causes ventricular-dependent biochemical changes in the heart in female pigs",NA,"10.14814/phy2.70414","2025","Roths M.","Physiological Reports","scopus_records",2025
"Use of near infrared spectroscopy in post-acute care: analysis of real-world clinical decision-making",NA,"10.12968/jowc.2025.0172","2025","Kelso M.R.","Journal of Wound Care","scopus_records",2025
"Video-assisted mitral valve reoperation through a right minithoracotomy: A single-center experience",NA,"10.47717/turkjsurg.2025.6833","2025","Ezelsoy M.","Turkish Journal of Surgery","scopus_records",2025
"Friction of Laser-Textured Zirconia Coated with a Platelet-Rich Fibrin",NA,"10.1177/00220345241305318","2025","Oliveira M.N.","Journal of Dental Research","scopus_records",2025
"The elementary step that generates force and sinusoidal analysis in striated muscle fibers",NA,"10.1007/s10974-025-09693-z","2025","Kawai M.","Journal of Muscle Research and Cell Motility","scopus_records",2025
"Weekly dihydroartemisinin–piperaquine versus monthly sulfadoxine–pyrimethamine for malaria chemoprevention in children with sickle cell anaemia in Uganda and Malawi (CHEMCHA): a randomised, double-blind, placebo-controlled trial",NA,"10.1016/s1473-3099(24)00737-0","2025","Idro R.","Lancet Infectious Diseases","scopus_records",2025
"Analysis and Prediction of Mortality of Stroke and Its Subtypes Attributable to Particulate Matter Pollution in China From 1990 to 2030",NA,"10.1212/wnl.0000000000213782","2025","Cheng Z.","Neurology","scopus_records",2025
"Road traffic noise and incident ischemic heart disease, myocardial infarction, and stroke: A systematic review and meta-analysis",NA,"10.1097/ee9.0000000000000400","2025","Pershagen G.","Environmental Epidemiology","scopus_records",2025
"Evaluating lesion-specific preprocessing pipelines for rs-fMRI in stroke patients: Impact on functional connectivity and behavioral prediction",NA,"10.1162/imag.a.6","2025","Lamouroux A.","Imaging Neuroscience","scopus_records",2025
"Global Burden and Risk Factors of Stroke in Young Adults, 1990 to 2021: A Systematic Analysis of the Global Burden of Disease Study 2021",NA,"10.1161/jaha.124.039387","2025","Zhang M.","Journal of the American Heart Association","scopus_records",2025
"Effect of Remote Ischemic Conditioning and Red Blood Cells Biomarkers on Outcomes in Patients With Acute Stroke",NA,"10.1161/jaha.124.040787","2025","Blauenfeldt R.A.","Journal of the American Heart Association","scopus_records",2025
"Deep learning for cerebral vascular occlusion segmentation: A novel ConvNeXtV2 and GRN-integrated U-Net framework for diffusion-weighted imaging",NA,"10.1016/j.neuroscience.2025.04.010","2025","Ince S.","Neuroscience","scopus_records",2025
"Magnetic pillar induced Poiseuille-like flow in microfluidic channels with viscous and viscoelastic fluids",NA,"10.1039/d5lc00035a","2025","Moore C.P.","Lab on A Chip","scopus_records",2025
"The impact of cold spells and heat waves frequencies on the prevalence and incidence of stroke in middle-to-elderly age population in China: evidence from the China Health and Retirement Longitudinal Study (CHARLS)",NA,"10.1007/s00484-025-02885-9","2025","Sun C.","International Journal of Biometeorology","scopus_records",2025
"Short-term exposure to ambient nitrogen dioxide and fine particulate matter and cause-specific mortality: A causal modeling approach in four regions",NA,"10.1016/j.envpol.2025.126059","2025","Marb A.","Environmental Pollution","scopus_records",2025
"Stroke risk associated with cold spells occurring during the warm season",NA,"10.1016/j.envint.2025.109514","2025","He C.","Environment International","scopus_records",2025
"The effect of tropospheric low-value ozone exposure on the mortality risk of ischemic heart disease and stroke on the example of Yibin (southwestern China)",NA,"10.1007/s00484-025-02886-8","2025","Xiao Y.","International Journal of Biometeorology","scopus_records",2025
"The Dark Triad of Particulate Matter, Oxidative Stress and Coronary Artery Disease: What About the Antioxidant Therapeutic Potential",NA,"10.3390/antiox14050572","2025","Grifoni D.","Antioxidants","scopus_records",2025
"Correction to: Abstract WMP103: Transportation and biomass combustion (including from wildfires) are air pollution sources associated with stroke incidence among women in the California Teachers Study cohort (2000-2018)",NA,"10.1161/str.0000000000000491","2025","Wang S.","Stroke","scopus_records",2025
"Global, Regional, and National Burden of Stroke on Children and Adolescents Aged Under 20 Years From 1990 to 2021, With Projections of Disability-Adjusted Life Year to 2050: A Comprehensive Demographic Analysis for the Global Burden of Disease Study 2021",NA,"10.1111/ene.70180","2025","Li J.J.","European Journal of Neurology","scopus_records",2025
"Occupational Exposure to Disinfectants and Risk of Incident Cardiovascular Disease among US Nurses: The Nurses’ Health Study II",NA,"10.1289/ehp14945","2025","Wang Y.X.","Environmental Health Perspectives","scopus_records",2025
"Population aging exacerbates heat stroke-related ambulance transportations in Japan",NA,"10.1016/j.envint.2025.109506","2025","Guo Q.","Environment International","scopus_records",2025
"Receiver Operating Characteristic Curve Analysis of the Value of Exertional Heat Stroke Score in Predicting the Prognosis of Exertional Heat Stroke Patients",NA,"10.1016/j.jemermed.2024.11.023","2025","Ke H.","Journal of Emergency Medicine","scopus_records",2025
"Four-Dimensional Similarity Filter for Cerebral CT Perfusion Maps in Acute Stroke",NA,"10.1148/radiol.241704","2025","Tunissen S.A.M.","Radiology","scopus_records",2025
"Seasonal Average Temperature Differences and CVD Incidence: Results from the US-Based Nurses’ Health Study, Nurses’ Health Study II, and the Health Professional Follow-Up Study",NA,"10.1289/ehp14677","2025","Klompmaker J.O.","Environmental Health Perspectives","scopus_records",2025
"Thermography in Stroke—A Systematic Review",NA,"10.3390/medicina61050854","2025","Podlasek A.","Medicina Lithuania","scopus_records",2025
"Association of cold weather and influenza infection with stroke: a 22-year time-series analysis",NA,"10.1007/s00484-025-02870-2","2025","Yang Z.","International Journal of Biometeorology","scopus_records",2025
"Core temperature and mental status of two runners experiencing exertional heat stroke after a road race",NA,"10.1016/j.jsams.2024.12.003","2025","Lopez R.M.","Journal of Science and Medicine in Sport","scopus_records",2025
"Preventing Exertional Heat Stroke in Football: Time for a Paradigm Shift",NA,"10.1177/19417381241260045","2025","Anderson S.A.","Sports Health","scopus_records",2025
"Scene Text Detection Based on Text Stroke Components",NA,"10.1142/s0129065725500200","2025","Hou X.","International Journal of Neural Systems","scopus_records",2025
"Intraoperative evaluation using a multimodality probe of temperature-dependent neurovascular modulation during focal brain cooling",NA,"10.1016/j.clinph.2025.02.262","2025","Inoue T.","Clinical Neurophysiology","scopus_records",2025
"Out-of-equilibrium quantum thermochemical engine with one-dimensional Bose gas",NA,"10.1103/physreve.111.054133","2025","Nautiyal V.V.","Physical Review E","scopus_records",2025
"Accelerated intracranial time-of-flight MR angiography with image-based deep learning image enhancement reduces scan times and improves image quality at 3-T and 1.5-T",NA,"10.1007/s00234-025-03564-7","2025","Jeon Y.H.","Neuroradiology","scopus_records",2025
"Limited matching of the cardiac output response to the peripheral demand of heat stress and exercise",NA,"10.1113/ep092688","2025","Lampkemeyer M.","Experimental Physiology","scopus_records",2025
"Comment on “Comparison of core temperature and mental status of two runners experiencing exertional heat stroke after a road race”",NA,"10.1016/j.jsams.2025.02.007","2025","Roberts W.O.","Journal of Science and Medicine in Sport","scopus_records",2025
"Unsealing behaviour: Variation in harbour seal (Phoca vitulina) responses to anthropogenic sound in relation to individual health",NA,"10.1016/j.marpolbul.2025.117777","2025","Maurer N.","Marine Pollution Bulletin","scopus_records",2025
"The value of dual-energy computed tomography angiography-based virtual monoenergetic imaging for evaluations after cerebral aneurysm clipping",NA,"10.4274/dir.2024.242975","2025","Lu Z.","Diagnostic and Interventional Radiology","scopus_records",2025
"Electroencephalogram (EEG) Based Fuzzy Logic and Spiking Neural Networks (FLSNN) for Advanced Multiple Neurological Disorder Diagnosis",NA,"10.1007/s10548-025-01106-1","2025","Jain S.","Brain Topography","scopus_records",2025
"Long-term outcomes of total arch replacement with bilateral antegrade cerebral perfusion using the “arch first” approach",NA,"10.1177/02676591241259622","2025","Brown J.A.","Perfusion United Kingdom","scopus_records",2025
"Reshaping computational neuropsychiatry beyond synaptopathy",NA,"10.1093/brain/awaf031","2025","Bottemanne H.","Brain","scopus_records",2025
"A strategy of achieving two things at one stroke toward the lignin-based furfural resin for adhesive and photothermal conversion materials",NA,"10.1016/j.ijbiomac.2025.141710","2025","Guo Y.","International Journal of Biological Macromolecules","scopus_records",2025
"Whole-cerebrum three-dimensional pseudo-continuous arterial spin labeling at 5T: reproducibility and preliminary application in moyamoya",NA,"10.21037/qims-24-2274","2025","Fan X.","Quantitative Imaging in Medicine and Surgery","scopus_records",2025
"Development and validation of a stability-indicating reversed phase high-performance liquid chromatography method for quantifying rivaroxaban (XARELTO)",NA,"10.1016/j.jchromb.2025.124573","2025","Mestareehi A.","Journal of Chromatography B Analytical Technologies in the Biomedical and Life Sciences","scopus_records",2025
"One-Year Success Rates of a Stable, Low Pressure Cryoballoon for the Treatment of Paroxysmal Atrial Fibrillation: Results of the Prospective, International, Multicenter POLAR ICE Study",NA,"10.1111/jce.16645","2025","Luik A.","Journal of Cardiovascular Electrophysiology","scopus_records",2025
"Response to letter to the editor",NA,"10.1016/j.jsams.2025.02.008","2025","Lopez R.M.","Journal of Science and Medicine in Sport","scopus_records",2025
"Interactive Effect of Air Temperature and Fine Particulate Matter on the Hospital Admissions for Stroke in Shenzhen, China",NA,"10.1161/jaha.124.037329","2025","Zhao X.","Journal of the American Heart Association","scopus_records",2025
"Association Between Residential Greenness and Risk of Stroke by Ecoregions: The REGARDS Study",NA,"10.1161/jaha.124.037866","2025","Riggs D.W.","Journal of the American Heart Association","scopus_records",2025
"Strengthening Temperature-Stroke Associations: Methodologic Considerations",NA,"10.1016/j.jacc.2024.11.054","2025","Huang J.","Journal of the American College of Cardiology","scopus_records",2025
"Reply: Strengthening Temperature-Stroke Associations: Methodologic Considerations",NA,"10.1016/j.jacc.2025.01.036","2025","Chu L.","Journal of the American College of Cardiology","scopus_records",2025
"Validating new limits for human thermoregulation",NA,"10.1073/pnas.2421281122","2025","Meade R.D.","Proceedings of the National Academy of Sciences of the United States of America","scopus_records",2025
"Global, regional, and national burden of household air pollution, 1990–2021: a systematic analysis for the Global Burden of Disease Study 2021",NA,"10.1016/s0140-6736(24)02840-x","2025","Bennitt F.B.","Lancet","scopus_records",2025
"Recent advancements in dual-locked optical probe for precise imaging of atherosclerosis",NA,"10.1039/d5ob00312a","2025","Li Y.","Organic and Biomolecular Chemistry","scopus_records",2025
"Exploring the interaction between ambient air pollution and road traffic noise on stroke incidence in ten Nordic cohorts",NA,"10.1016/j.envint.2025.109403","2025","Thi Khanh H.N.","Environment International","scopus_records",2025
"Moderating effect of green space on relationship between atmospheric particulate matter and cardiovascular and cerebrovascular disease mortality in Ningxia, China",NA,"10.1016/j.envres.2025.120931","2025","Zhang Y.","Environmental Research","scopus_records",2025
"Associations between long-term air pollution exposure and mortality and cardiovascular morbidity: A comparison of mobility-integrated and residential-only exposure assessment",NA,"10.1016/j.envint.2025.109387","2025","Ndiaye A.","Environment International","scopus_records",2025
"Global, Regional, and National Burden of Cardiovascular Diseases Associated with Particulate Matter Pollution: A Systematic Analysis of Deaths and Disability-Adjusted Life Years with Projections to 2030",NA,"10.31083/rcm27056","2025","He Y.","Reviews in Cardiovascular Medicine","scopus_records",2025
"Determinants of solid fuel use in Sub-Saharan Africa: A multilevel analysis using DHS data",NA,"10.1371/journal.pone.0321721","2025","Azanaw J.","Plos One","scopus_records",2025
"High spatial resolution environmental noise assessment and its associations with risks of cardiovascular diseases based on digital healthcare data in China",NA,"10.1016/j.envint.2025.109408","2025","Wang J.","Environment International","scopus_records",2025
"Impact of rapid temperature fluctuations on acute stroke risk: a nationwide case-crossover study from 2001 to 2020",NA,"10.1016/j.lanwpc.2025.101546","2025","Kono M.","Lancet Regional Health Western Pacific","scopus_records",2025
"Imperatives and co-benefits of research into climate change and neurological disease",NA,"10.1038/s41582-024-01055-6","2025","Gulcebi M.I.","Nature Reviews Neurology","scopus_records",2025
"Associations Between Metals and Nonmetals in Drinking Water, Cardiovascular Events, and Diet",NA,"10.1016/j.jacadv.2025.101669","2025","Shi H.","Jacc Advances","scopus_records",2025
"Transportation noise and the cardiometabolic risk",NA,"10.1016/j.atherosclerosis.2025.119148","2025","Münzel T.","Atherosclerosis","scopus_records",2025
"Effects of Argon in the Acute Phase of Subarachnoid Hemorrhage in an Endovascular Perforation Model in Rats",NA,"10.1007/s12028-024-02090-3","2025","Krenzlin H.","Neurocritical Care","scopus_records",2025
"Comparing Integrated Heat Stress Indicators With Raw Meteorological Variables in Predicting Heat Stroke-Related Ambulance Transportations in Japan",NA,"10.1029/2024gh001257","2025","Guo Q.","Geohealth","scopus_records",2025
"A case of infective endocarditis with the manifestation of multi-organ embolisms: a case report",NA,"10.5830/cvja-2025-018","2025","Yu L.","Cardiovascular Journal of Africa","scopus_records",2025
"Code-ICH: Time is brain",NA,"10.1097/mcc.0000000000001244","2025","Yakhkind A.","Current Opinion in Critical Care","scopus_records",2025
"Evaluation of a lightweight water circulation cooling blanket for the prevention of exertional heat stroke",NA,"10.1016/j.jtherbio.2025.104130","2025","Li X.","Journal of Thermal Biology","scopus_records",2025
"Untangling discrepancies between cerebrovascular autoregulation correlation coefficients: An exploration of filters, coherence and power",NA,"10.14814/phy2.70332","2025","Bögli S.Y.","Physiological Reports","scopus_records",2025
"Whole genome transcriptomic profiling reveals distinct sex-specific responses to heat stroke",NA,"10.1152/japplphysiol.00001.2025","2025","Bouchama A.","Journal of Applied Physiology","scopus_records",2025
"Exertional Heat Stroke: Are We Cool Enough? Retrospective Observational Study of Patients of Running Events",NA,"10.1016/j.jemermed.2024.11.002","2025","Dollée N.","Journal of Emergency Medicine","scopus_records",2025
"Earplug use during sleep and its association with cardiovascular disease – Results from a large sample of the general population",NA,"10.1016/j.ijcha.2025.101642","2025","Hahad O.","Ijc Heart and Vasculature","scopus_records",2025
"Associations Between Temperature and Location of Injury or Condition Among Heat-Related Emergency Department Visits",NA,"10.1029/2024gh001287","2025","Li C.","Geohealth","scopus_records",2025
"Multiscale feature enhanced gating network for atrial fibrillation detection",NA,"10.1016/j.cmpb.2025.108606","2025","Wu X.","Computer Methods and Programs in Biomedicine","scopus_records",2025
"Label-efficient sequential model-based weakly supervised intracranial hemorrhage segmentation in low-data non-contrast CT imaging",NA,"10.1002/mp.17689","2025","Ramananda S.H.","Medical Physics","scopus_records",2025
"Effects of Thermal Environment on Bone Microenvironment: A Narrative Review",NA,"10.3390/ijms26083501","2025","Yin J.","International Journal of Molecular Sciences","scopus_records",2025
"Effects of acute cooling and bradycardia on central venous pressure and cardiac function in Nile tilapia (Oreochromis niloticus)",NA,"10.1007/s00360-024-01600-1","2025","Porter E.S.","Journal of Comparative Physiology B Biochemical Systemic and Environmental Physiology","scopus_records",2025
"Effect of Biomimetic Fish Scale Texture on Reciprocating Friction Pairs on Interfacial Lubricating Oil Transport",NA,"10.3390/biomimetics10040248","2025","Sun T.","Biomimetics","scopus_records",2025
"The links between soil and water pollution and cardiovascular disease",NA,"10.1016/j.atherosclerosis.2025.119160","2025","Münzel T.","Atherosclerosis","scopus_records",2025
"Indications for continuous electroencephalography and frequency of electrographic seizure detection in a pediatric and neonatal cardiovascular intensive care unit",NA,"10.1111/epi.18253","2025","Segal J.B.","Epilepsia","scopus_records",2025
"Carbonaceous cores serve as surrogates for environmental particulate matter inducing vascular endothelial inflammation via inflammasome activation",NA,"10.1016/j.jhazmat.2024.137011","2025","Wāng Y.","Journal of Hazardous Materials","scopus_records",2025
"Incidence But Not Severity of Intracerebral Hemorrhage Shows a Strong Pattern of Seasonal Variation",NA,"10.1161/jaha.124.034077","2025","Oeckel A.M.","Journal of the American Heart Association","scopus_records",2025
"3D time-of-flight magnetic resonance angiography of lenticulostriate artery imaging at 5.0-Tesla: a hierarchic analysis method and clinical applications",NA,"10.21037/qims-24-1554","2025","Mei H.","Quantitative Imaging in Medicine and Surgery","scopus_records",2025
"Association between exposure to air pollution and increased ischaemic stroke incidence: a retrospective population-based cohort study (EP-PARTICLES study)",NA,"10.1093/eurjpc/zwae301","2025","Wieczkowski M.S.","European Journal of Preventive Cardiology","scopus_records",2025
"Effect of Ozone Exposure on Cardiovascular and Cerebrovascular Disease Mortality in the Elderly",NA,"10.3390/toxics13030184","2025","Wang T.","Toxics","scopus_records",2025
"Fine particulate matter pollution in the Sichuan Basin of China from 2013 to 2020: Sources, emissions, and mortality burden",NA,"10.1016/j.envint.2025.109366","2025","Yang X.","Environment International","scopus_records",2025
"Low-level PM2.5 Exposure, Cardiovascular and Nonaccidental Mortality, and Related Health Disparities in 12 US States",NA,"10.1097/ede.0000000000001820","2025","Peralta A.A.","Epidemiology","scopus_records",2025
"Cardiovascular benefit of statin use against air pollutant exposure in older adults",NA,"10.1093/eurjpc/zwae061","2025","Kim K.","European Journal of Preventive Cardiology","scopus_records",2025
"National and provincial burden of disease attributable to fine particulate matter air pollution in China, 1990–2021: an analysis of data from the Global Burden of Disease Study 2021",NA,"10.1016/s2542-5196(25)00024-5","2025","Yu T.","Lancet Planetary Health","scopus_records",2025
"Summer heatwave, ozone pollution and ischemic stroke mortality: An individual-level case-crossover study",NA,"10.1016/j.envres.2025.120818","2025","Wang Z.","Environmental Research","scopus_records",2025
"Ambient air pollution exposure in relation to cerebral small vessel disease in Chinese population: A cranial magnetic resonance imaging-based study",NA,"10.1016/j.eehl.2024.10.004","2025","Ma Y.","Eco Environment and Health","scopus_records",2025
"The role of miRNAs in the associations between particulate matter and ischemic stroke: A nested case-control study",NA,"10.1016/j.envpol.2025.125750","2025","Li T.","Environmental Pollution","scopus_records",2025
"Can statins compensate for ambient air pollution and affect the risk of stroke in patients with particulate matter exposure?",NA,"10.1093/eurjpc/zwae131","2025","Boc V.","European Journal of Preventive Cardiology","scopus_records",2025
"Individual effects and interactions between ultrafine particles and extreme temperatures on hospital admissions of high burden diseases",NA,"10.1016/j.envint.2025.109348","2025","Qi Q.","Environment International","scopus_records",2025
"Expert Review: Confronting Climate-Driven Heat Risks to Maternal and Fetal Health",NA,"10.1097/ogx.0000000000001361","2025","Marudo C.P.","Obstetrical and Gynecological Survey","scopus_records",2025
"Physical urban environment and cardiometabolic diseases in the five largest Bulgarian cities",NA,"10.1016/j.ijheh.2024.114512","2025","Dzhambov A.M.","International Journal of Hygiene and Environmental Health","scopus_records",2025
"Socioeconomic Status and Stroke: A Review of the Latest Evidence on Inequalities and Their Drivers",NA,"10.1161/strokeaha.124.049474","2025","Pantoja-Ruiz C.","Stroke","scopus_records",2025
"Changes in Type 1 Diabetes-Associated Gut Microbiota Aggravate Brain Ischemia Injury by Affecting Microglial Polarization Via the Butyrate–MyD88 Pathway in Mice",NA,"10.1007/s12035-024-04514-9","2025","Zeng X.","Molecular Neurobiology","scopus_records",2025
"Stroke: Current State of the Problem",NA,"10.1007/s11055-025-01804-0","2025","Gusev E.I.","Neuroscience and Behavioral Physiology","scopus_records",2025
"Gullian Barre syndrome secondary to heat stroke: a case report",NA,"10.1007/s11739-024-03793-3","2025","Aziz H.","Internal and Emergency Medicine","scopus_records",2025
"Oxygen–ozone therapy for myocardial ischemic stroke and cardiovascular disorders",NA,"10.4103/mgr.medgasres-d-23-00013","2025","Pandolfi S.","Medical Gas Research","scopus_records",2025
"Ozone: complicated effects in central nervous system diseases",NA,"10.4103/mgr.medgasres-d-24-00005","2025","Zhang X.","Medical Gas Research","scopus_records",2025
"Influence of meteorological changes on the occurrence of cerebral aneurysm rupture in the Montpellier region: A retrospective study",NA,"10.1016/j.neuchi.2025.101630","2025","Desbordes C.","Neurochirurgie","scopus_records",2025
"Aescin ameliorates alcohol-induced liver injury. A possible implication of ROS / TNF-alpha / p38MAPK / caspase-3 signaling",NA,"10.1016/j.fct.2025.115270","2025","Zakaria S.","Food and Chemical Toxicology","scopus_records",2025
"The effect of hygienic care practices given to stroke patients on vital signs of patients: A self-comparison pre-experimental study",NA,"10.1111/nicc.13283","2025","Tunç İ.","Nursing in Critical Care","scopus_records",2025
"Non-contrast-enhanced MR-angiography of Extracranial Arteries in Acute Ischemic Stroke at 1.5 Tesla Using Relaxation-Enhanced Angiography Without Contrast and Triggering (REACT)",NA,"10.1007/s00062-024-01458-4","2025","Janssen J.P.","Clinical Neuroradiology","scopus_records",2025
"A Novel Explainable Attention-Based Meta-Learning Framework for Imbalanced Brain Stroke Prediction",NA,"10.3390/s25061739","2025","Abousaber I.","Sensors","scopus_records",2025
"Effect of Remote Ischemic Conditioning on the Form and Function of Red Blood Cells in Patients With Acute Ischemic Stroke",NA,"10.1161/strokeaha.124.048976","2025","Blauenfeldt R.A.","Stroke","scopus_records",2025
"Chain of survival for a severe exertional heat stroke casualty",NA,"10.1152/japplphysiol.01006.2024","2025","DeGroot D.W.","Journal of Applied Physiology","scopus_records",2025
"Oncosis is the predominant type of cell death in rhabdomyolysis following exertional heat stroke",NA,"10.1371/journal.pone.0308586","2025","Li C.","Plos One","scopus_records",2025
"Rebound Hyperthermia in Exertional Heat Stroke",NA,"10.1093/milmed/usae393","2025","DeHan P.J.","Military Medicine","scopus_records",2025
"Evaluating Heat Stress in Occupational Setting with No Established Safety Standards Using Collective Data from Wearable Biosensors",NA,"10.3390/s25061832","2025","Kato K.","Sensors","scopus_records",2025
"A highly optical, controlled trajectory rapid compression and expansion machine for gas phase chemical physics research",NA,"10.1063/5.0212259","2025","Dhotre A.C.","Review of Scientific Instruments","scopus_records",2025
"An Update on Best Practices for the Prehospital Management of Exertional Heat Illness",NA,"10.55460/rwus-ae68","2025","Norton C.","Journal of Special Operations Medicine","scopus_records",2025
"Global, regional and national trends in the burden of intracranial hemorrhage, 1990–2021: Results from the Global Burden of Disease study",NA,"10.1016/j.heliyon.2025.e42608","2025","Li W.","Heliyon","scopus_records",2025
"Listening-in-noise difficulties following stroke: A scoping review protocol",NA,"10.1136/bmjopen-2024-093399","2025","Miles K.","BMJ Open","scopus_records",2025
"Wildfire Air Pollution and Rates of Cardiovascular Events and Mortality in Northern California in 2018",NA,"10.1161/jaha.124.036264","2025","Alexeeff S.E.","Journal of the American Heart Association","scopus_records",2025
"Exposure to green space, nighttime light, air pollution, and noise and cardiovascular disease risk: A prospective cohort study",NA,"10.1016/j.envpol.2024.125603","2025","Wang H.","Environmental Pollution","scopus_records",2025
"Dust Storms and Emergency Department Visits in 3 Southwestern States Using NWS Storm Reports",NA,"10.1001/jamanetworkopen.2024.57666","2025","Zheng X.","JAMA Network Open","scopus_records",2025
"Current trend in air pollution exposure and stroke",NA,"10.1097/wco.0000000000001331","2025","Gabet S.","Current Opinion in Neurology","scopus_records",2025
"The effect of short-term exposure to air pollution on the admission of ischemic stroke and its interaction with meteorological factors",NA,"10.1016/j.puhe.2024.12.042","2025","Pan K.","Public Health","scopus_records",2025
"World Stroke Organization (WSO): Global intracerebral hemorrhage factsheet 2025",NA,"10.1177/17474930241307876","2025","Parry-Jones A.R.","International Journal of Stroke","scopus_records",2025
"Burden of disease in Germany attributed to ambient particulate matter pollution: Findings from the Global Burden of Disease Study 2019",NA,"10.1007/s00059-024-05269-8","2025","Hahad O.","Herz","scopus_records",2025
"Causal effects of key air pollutants and meteorology on ischemic stroke onset: A convergent cross-mapping approach",NA,"10.1016/j.ecoenv.2025.117861","2025","Zhou C.","Ecotoxicology and Environmental Safety","scopus_records",2025
"Building support for children and families affected by stroke (BUILD CARE): Study protocol",NA,"10.1371/journal.pone.0308765","2025","Kevdzija M.","Plos One","scopus_records",2025
"Environmental high temperature induced cartilage damage through triggering programmed necrosis mediated by producing left-handed DNA",NA,"10.1016/j.ecoenv.2025.117894","2025","Yingfei S.","Ecotoxicology and Environmental Safety","scopus_records",2025
"Trajectories of Instrumental Activities of Daily Living and Their Predictors among Older Men and Women in Hong Kong: A 14-Year Prospective Study",NA,"10.1159/000543378","2025","Lu Z.","Gerontology","scopus_records",2025
"Heat stroke with sepsis: A case report and review of the literature",NA,"10.1177/03000605251315353","2025","Wei S.","Journal of International Medical Research","scopus_records",2025
"Exploring biases in heat tolerance testing with a conceptual heat balance approach",NA,"10.1016/j.jtherbio.2025.104085","2025","Marcel-Millet P.","Journal of Thermal Biology","scopus_records",2025
"Quantitative Electroencephalography Alpha:Delta Ratio and Suppression Ratio Monitoring During Infant Aortic Arch Reconstruction",NA,"10.1016/j.pediatrneurol.2024.12.002","2025","Lansinger J.","Pediatric Neurology","scopus_records",2025
"Society of Critical Care Medicine Guidelines for the Treatment of Heat Stroke",NA,"10.1097/ccm.0000000000006551","2025","Barletta J.F.","Critical Care Medicine","scopus_records",2025
"Regulation of body temperature and blood pressure in women: Mechanisms and implications for heat illness risk",NA,"10.1113/ep091455","2025","Giersch G.E.W.","Experimental Physiology","scopus_records",2025
"Medical meteorological forecast for ischemic stroke: random forest regression vs long short-term memory model",NA,"10.1007/s00484-024-02818-y","2025","Yang Y.","International Journal of Biometeorology","scopus_records",2025
"Wear Your Heart on Your Sleeve: Smart Textile ECG Wearables for Comfort, Integration, Signal Quality and Continuous Monitoring in Paroxysmal Atrial Fibrillation",NA,"10.3390/s25030676","2025","Avanu A.E.","Sensors","scopus_records",2025
"Cardiovascular mortality among seafarers: A Danish nationwide cohort study",NA,"10.1136/oemed-2024-109885","2025","Bøge A.U.","Occupational and Environmental Medicine","scopus_records",2025
"Regional cerebral pulsatile hemodynamics during isocapnic and poikilocapnic hyperthermia in young men",NA,"10.14814/phy2.70258","2025","Skaper S.J.","Physiological Reports","scopus_records",2025
"Sustainable Supercritical Carbon Dioxide Extraction of Value-Added Lignan from Sesame Meal: Achieving Green Neuroprotection and Waste Valorization by Optimizing Temperature, Solvent, and Pressure",NA,"10.3390/molecules30030539","2025","Jan K.C.","Molecules","scopus_records",2025
"De Novo exposomic geospatial assembly of chronic disease regions with machine learning & network analysis",NA,"10.1016/j.ebiom.2025.105575","2025","Deonarine A.","Ebiomedicine","scopus_records",2025
"Securing healthcare medical image information using advance morphological component analysis, information hiding systems, and hybrid convolutional neural networks on IoMT",NA,"10.1016/j.compbiomed.2024.109499","2025","Pandey B.K.","Computers in Biology and Medicine","scopus_records",2025
"Design and validation of Withings ECG Software 2, a tiny neural network based algorithm for detection of atrial fibrillation",NA,"10.1016/j.compbiomed.2024.109407","2025","Edouard P.","Computers in Biology and Medicine","scopus_records",2025
"Cardiorespiratory dynamics in the brain: Review on the significance of cardiovascular and respiratory correlates in functional MRI signal",NA,"10.1016/j.neuroimage.2024.121000","2025","Kandimalla M.","Neuroimage","scopus_records",2025
"Sex-specific responses of central artery stiffness to cold pressor test-mediated sympathetic activation",NA,"10.1016/j.physbeh.2024.114755","2025","Gentilin A.","Physiology and Behavior","scopus_records",2025
"Enhancing motor performance through brief skin cooling: exploring the role of enhanced sympathetic tone and muscle spindle sensitivity",NA,"10.1007/s00421-024-05597-x","2025","Cetin M.","European Journal of Applied Physiology","scopus_records",2025
"Erratum: pH/Temperature Dual-Responsive Protein-Polymer Conjugates for Potential Therapeutic Hypothermia in Ischemic Stroke (ACS Applied Bio Materials (2023) 6:11 (5105-5113) DOI: 10.1021/acsabm.3c00836)",NA,"10.1021/acsabm.4c01966","2025",NA,"ACS Applied Bio Materials","scopus_records",2025
"Improving quantification accuracy of a nuclear Overhauser enhancement signal at −1.6 ppm at 4.7 T using a machine learning approach",NA,"10.1088/1361-6560/ada716","2025","Yin L.","Physics in Medicine and Biology","scopus_records",2025
"Environmental high temperature (heat stroke) causes articular cartilage damage in vivo and in vitro",NA,"10.1016/j.ecoenv.2024.117535","2025","yingfei S.","Ecotoxicology and Environmental Safety","scopus_records",2025
"Large stroke radially oriented MXene composite fiber tensile artificial muscles",NA,"10.1126/sciadv.adt1560","2025","Fu J.","Science Advances","scopus_records",2025
"Severe heat stroke with multiorgan failure following collapse in a sauna",NA,"10.1136/bcr-2024-262069","2025","McIver W.J.","BMJ Case Reports","scopus_records",2025
"TRANSPORTATION NOISE POLLUTION AS A CARDIOVASCULAR RISK FACTOR: FROM EPIDEMIOLOGICAL EVIDENCE TO MECHANISTIC INSIGHTS",NA,"10.17179/excli2025-9050","2025","Münzel T.","Excli Journal","scopus_records",2025
"Global impact of climate variability and air pollution on age-standardized stroke mortality rates from 2000 to 2020: a country-level analysis",NA,"10.1080/10934529.2025.2607921","2025","Tran H.M.","Journal of Environmental Science and Health Part A Toxic Hazardous Substances and Environmental Engineering","scopus_records",2025
"Causal Effects of Exposure to Air Pollution on the Risk of Neurosurgical Multi-system Diseases: A Worldwide Study of Mendelian Randomization",NA,"10.7150/ijms.115853","2025","Dai L.","International Journal of Medical Sciences","scopus_records",2025
"Air pollution and adult hospital admissions for ischemic stroke: a time-series analysis in Inner Mongolia, China",NA,"10.1265/ehpm.24-00311","2025","Feng S.","Environmental Health and Preventive Medicine","scopus_records",2025
"Impact of exposure of particulate matters on stroke risk: exploring the influence of physical activity among middle-aged and older adults in China",NA,"10.3389/fpubh.2025.1595748","2025","Fang Z.","Frontiers in Public Health","scopus_records",2025
"Effect of short-term exposure to air pollution on ischemic stroke incidence and mortality: a five-year time-series study in Jining, China",NA,"10.7717/peerj.20298","2025","Kong Y.","Peerj","scopus_records",2025
"Associations between short-term exposure to fine particulate matter with ischemic stroke mortality and the role of green space: a time-series study in Zibo, China",NA,"10.7189/jogh.15.04068","2025","Song S.","Journal of Global Health","scopus_records",2025
"Long-Term Ambient Air Pollution Exposure and the Risk of Cardiovascular and Cerebrovascular Diseases in Rural Chinese Populations: 10-Year Follow-Up of a Multicenter Prospective Cohort Study",NA,"10.2196/81218","2025","Zhao Y.","Jmir Public Health and Surveillance","scopus_records",2025
"Global burden, trends and health inequalities of stroke attributable to household air pollution, 1990–2021: a decomposition and prediction analysis",NA,"10.3389/fpubh.2025.1625842","2025","Xia X.","Frontiers in Public Health","scopus_records",2025
"Comprehensive insights into the disease burden linked to air pollution exposure across U.S. states: findings from the 2021 Global Burden of Disease Study",NA,"10.3389/fpubh.2025.1636544","2025","Lin K.","Frontiers in Public Health","scopus_records",2025
"Interaction effects of high temperature and ozone on cardiovascular disease mortality in Chengdu, 2014–2023",NA,"10.3389/fpubh.2025.1580849","2025","Yao J.","Frontiers in Public Health","scopus_records",2025
"Air pollution and cardiovascular diseases. Opinion and recommendations of experts from the Prevention and Epidemiology Section of the Polish Cardiac Society",NA,"10.33963/v.phj.108653","2025","Sielski J.","Kardiologia Polska","scopus_records",2025
"Spatiotemporal trends of ischemic stroke burden attributable to PM2.5 from 1990 to 2021",NA,"10.3389/fpubh.2025.1608086","2025","Lu Y.","Frontiers in Public Health","scopus_records",2025
"Long-term exposure to urban particulate matter exacerbates mortality after ischemic stroke in mice",NA,"10.2131/jts.50.147","2025","Ishihara N.","Journal of Toxicological Sciences","scopus_records",2025
"Exposure to greenness modifies the association between extreme temperature events and ischemic stroke recurrence in Tianjin, China",NA,"10.1080/09603123.2025.2502634","2025","Zhang J.","International Journal of Environmental Health Research","scopus_records",2025
"Association between short-term exposure to meteorological factors on hospital admissions for hemorrhagic stroke: an individual-level, case-crossover study in Ganzhou, China",NA,"10.1265/ehpm.24-00263","2025","Pan K.","Environmental Health and Preventive Medicine","scopus_records",2025
"Global patterns and trends in ischemic stroke burden attributable to particulate matter pollution: changes from 1990 to 2021 and projections from 2022 to 2050",NA,"10.3389/fpubh.2025.1599541","2025","Wu E.","Frontiers in Public Health","scopus_records",2025
"Interactive effects of atmospheric oxidative pollutants and heat on circulatory disease mortality",NA,"10.3389/fpubh.2025.1629857","2025","Wang W.","Frontiers in Public Health","scopus_records",2025
"All-Cause and Cause-Specific Mortality Associated with Long-Term Exposure to Fine Particulate Matter in Japan: The Ibaraki Prefectural Health Study",NA,"10.5551/jat.65424","2025","Michikawa T.","Journal of Atherosclerosis and Thrombosis","scopus_records",2025
"Environmental determinants of cerebral haemorrhage in older adults: behavioural pathways and population health implications",NA,"10.3389/fpubh.2025.1670520","2025","Ji Q.","Frontiers in Public Health","scopus_records",2025
"A Hypothetical PM2.5 Intervention for the Risk of Hospitalization for Cardiovascular Diseases",NA,"10.1001/jamanetworkopen.2025.39862","2025","Lin C.","JAMA Network Open","scopus_records",2025
"Impact of Exposure to Environmental Particulate Matter on the Onset of Giant Cell Arteritis",NA,"10.1002/acr.25404","2025","Bond M.","Arthritis Care and Research","scopus_records",2025
"Assessing the burden of diseases attributed to exposure to ambient particulate matter by air quality modeling",NA,"10.1080/09603123.2025.2496712","2025","Baharvand P.","International Journal of Environmental Health Research","scopus_records",2025
"Mortality burden attributable to long-term exposure to fine particulate matter among older adults in Korea",NA,"10.4178/epih.e2025028","2025","Oh J.","Epidemiology and Health","scopus_records",2025
"Temporal trends of particulate matter pollution and its health burden, 1990–2021, with projections to 2036: a systematic analysis for the global burden of disease study 2021",NA,"10.3389/fpubh.2025.1579716","2025","Fang T.","Frontiers in Public Health","scopus_records",2025
"A clinical study on ozone autohemotherapy for the treatment of acute ischemic stroke",NA,"10.3389/fmed.2025.1595568","2025","Cheng H.","Frontiers in Medicine","scopus_records",2025
"Influence of Daily Meteorological Changes on Stroke Incidence Across the United States",NA,"10.5811/westjem.39685","2025","Ung R.L.","Western Journal of Emergency Medicine","scopus_records",2025
"Ambient air pollution, sleep quality, and cerebral hemorrhage risk in older adults: development and validation of the Anhui environmental exposure questionnaire in a 460 participant cohort study",NA,"10.3389/fpubh.2025.1662193","2025","Song S.","Frontiers in Public Health","scopus_records",2025
"The latest therapeutic advances with spontaneous intracerebral hemorrhage",NA,"10.1080/14737175.2025.2502048","2025","Griffin M.","Expert Review of Neurotherapeutics","scopus_records",2025
"The global burden, trends and cross-region inequities of non-communicable diseases attributed to ambient particulate matter pollution",NA,"10.3389/fpubh.2025.1682574","2025","Wang S.","Frontiers in Public Health","scopus_records",2025
"Burden of stroke and its subtypes in young adults in Asia, 1990–2021: risk factors and future predictions",NA,"10.1136/svn-2025-004206","2025","Li W.","Stroke and Vascular Neurology","scopus_records",2025
"The contemporary spell of heat stroke in Karachi amid global warming and power crisis: a threatened call for medical emergency",NA,"10.3389/fpubh.2025.1469486","2025","Saadat A.","Frontiers in Public Health","scopus_records",2025
"Management of Post-Stroke Cold Sensations: A Case Study on Sympathetic Nerve Ablation",NA,"10.12659/ajcr.946352","2025","Li H.","American Journal of Case Reports","scopus_records",2025
"Differentiating central fever from infectious fever in intracerebral haemorrhage",NA,"10.1136/svn-2025-004441","2025","Hess F.","Stroke and Vascular Neurology","scopus_records",2025
"Long-term exposure to green and blue space and incidence of cardiovascular disease: A Danish Nurse Cohort study",NA,"10.1016/j.ijheh.2024.114465","2025","Li Y.","International Journal of Hygiene and Environmental Health","scopus_records",2025
"Auditory processing deficits in subacute stroke",NA,"10.1007/s00415-024-12754-x","2025","Abdulla J.","Journal of Neurology","scopus_records",2025
"Effects of Air Quality Index and meteorological factors on cardiovascular and cerebrovascular mortality in Huizhou, China: a time-series analysis using distributed lag nonlinear models",NA,"10.3389/fpubh.2025.1694321","2025","Zhou Y.","Frontiers in Public Health","scopus_records",2025
"Neurological and mental health in the era of climate change: mechanisms, clinical impacts, and adaptation",NA,"10.3389/fpubh.2025.1630975","2025","Martínez Lozada P.S.","Frontiers in Public Health","scopus_records",2025
"Cardiovascular disease burden linked to particulate matter pollution in Latin America and the Caribbean: Insights from GBD 2021 and socio-demographic index analysis",NA,"10.1016/j.puhe.2024.11.003","2025","Mendoza-Cano O.","Public Health","scopus_records",2025
"County-Level Influenza-Attributable Emergency Department Visits and Their Spatial Correlates in the United States: Cross-Sectional Observational Study",NA,"10.2196/82879","2025","Huang X.","Jmir Public Health and Surveillance","scopus_records",2025
"Evaluating the effect of noise reduction strategies in CT perfusion imaging for predicting infarct core with deep learning",NA,"10.1177/19714009251313517","2025","Crouch J.J.F.","Neuroradiology Journal","scopus_records",2025
"Coal: in a burning world, the dark side of energy still rules",NA,"10.7189/jogh.15.03007","2025","Carvalho H.","Journal of Global Health","scopus_records",2025
"Community Knowledge, Attitudes and Preventive Behaviour Towards the Cardiovascular Benefits of Reduced Exposure to Air Pollution in Nigeria: Evidence from the CARDINAL Study",NA,"10.5334/gh.1482","2025","Fakunle A.G.","Global Heart","scopus_records",2025
"Heat Stroke Warning System Prototype for Athletes: A Pilot Study",NA,"10.3390/s25020294","2025","Silawarawet K.","Sensors","scopus_records",2025
"Perceptions of coastal dwellers about the effects of extreme temperature and saline water on human health: evidence from Bangladesh",NA,"10.3389/fpubh.2025.1451933","2025","Zakaria M.","Frontiers in Public Health","scopus_records",2025
"Heat Stroke in the Era of Global Warming: A Call for Urgent Action",NA,"10.5334/aogh.4519","2025","Khan A.","Annals of Global Health","scopus_records",2025
"Temperature Exposure and Acute Cardiovascular Disease Risk in New York City: Case Time Series",NA,"10.1161/jaha.124.039503","2025","Krasnov H.","Journal of the American Heart Association","scopus_records",2025
"Investigation of the usage of machine learning to explore the impacts of climate change on occupational health: a systematic review and research agenda",NA,"10.3389/fpubh.2025.1578558","2025","Ferrari G.N.","Frontiers in Public Health","scopus_records",2025
"The correlation between temperature and the incidence of acute ischaemic stroke in Yanji, China: a time series study",NA,"10.3389/fpubh.2025.1568759","2025","Zhao B.","Frontiers in Public Health","scopus_records",2025
"Exertional heat illness: international military-oriented lessons learned and best practices for prevention and management",NA,"10.3389/fphys.2025.1456984","2025","Epstein Y.","Frontiers in Physiology","scopus_records",2025
"Heat Stroke Management Updates: A Description of the Development of a Novel In-Emergency Department Cold-Water Immersion Protocol and Guide for Implementation",NA,"10.1016/j.annemergmed.2024.07.013","2025","Comp G.","Annals of Emergency Medicine","scopus_records",2025
"Synchronous Image-Label Diffusion Probability Model With Application to Stroke Lesion Segmentation on Non-Contrast CT",NA,"10.1109/tnnls.2025.3555188","2025","Zhang J.","IEEE Transactions on Neural Networks and Learning Systems","scopus_records",2025
"Phosphodiesterase inhibition restoreshypoxia-induced cerebrovascular dysfunction subsequent to improved systemic redox homeostasis: A randomized, double-blind, placebo-controlled crossover study",NA,"10.1177/0271678x251313747","2025","Stacey B.S.","Journal of Cerebral Blood Flow and Metabolism","scopus_records",2025
"Deep learning based generation of 3D-maximum Intensity Projection (MIP) of MRA from T1-weighted MRI scans for Cerebrovascular Abnormalities Characterization",NA,"10.1109/embc58623.2025.11253273","2025","Ilyas A.M.O.","Proceedings of the Annual International Conference of the IEEE Engineering in Medicine and Biology Society EMBS","scopus_records",2025
"Heat stroke dysfunctions: from pathophysiology to prediction",NA,"10.3389/fphys.2025.1700342","2025","Alawad A.","Frontiers in Physiology","scopus_records",2025
"Thermography analysis as a tool for assessing thermal asymmetries and temperature changes after therapy in patients with stroke: a pilot study",NA,"10.7717/peerj.19843","2025","Zendron L.A.S.","Peerj","scopus_records",2025
"Subtype and gender-differentiated burden of stroke in China (1990–2021): attributable risk factors and future projections based on the Global Burden of Disease Study 2021",NA,"10.3389/fnut.2025.1687411","2025","Wang Q.","Frontiers in Nutrition","scopus_records",2025
"The pathogenesis and therapeutic strategies of heat stroke-induced endothelial injury",NA,"10.3389/fcell.2025.1569346","2025","Wang S.","Frontiers in Cell and Developmental Biology","scopus_records",2025
"Deep Learning–Based Super-Resolution Reconstruction on Undersampled Brain Diffusion-Weighted MRI for Infarction Stroke: A Comparison to Conventional Iterative Reconstruction",NA,"10.3174/ajnr.a8482","2025","Zhang S.","American Journal of Neuroradiology","scopus_records",2025
"Can an Optimal Control Model Capture Tracking Kinematics? Insights from Healthy and Post-Stroke Robot Interactions",NA,"10.1109/embc58623.2025.11252623","2025","Waters E.L.","Proceedings of the Annual International Conference of the IEEE Engineering in Medicine and Biology Society EMBS","scopus_records",2025
"Targeted temperature management in patients with acute basilar artery occlusion after successful recanalization",NA,"10.3389/fneur.2025.1553750","2025","Kim H.J.","Frontiers in Neurology","scopus_records",2025
"The health impact of climate change on the women in reproductive age: a study of coastal communities in Satkhira, Bangladesh",NA,"10.3389/fpubh.2025.1560498","2025","Amin M.N.","Frontiers in Public Health","scopus_records",2025
"Exploration of hospital room design on emotions, activity, and social connections after stroke: a qualitative study of patient experiences using virtual reality",NA,"10.1080/09638288.2025.2451771","2025","Shannon M.M.","Disability and Rehabilitation","scopus_records",2025
"The influence of specific weather types on stroke occurrence: an analysis of 23,000 patients from Augsburg, Germany",NA,"10.1080/09603123.2024.2404474","2025","Simon J.","International Journal of Environmental Health Research","scopus_records",2025
"Noise and light exposure and cardiovascular outcomes: A review of evidence, potential mechanisms and implications",NA,"10.1016/j.tcm.2024.07.001","2025","Jemielita P.","Trends in Cardiovascular Medicine","scopus_records",2025
"Efficacy of Cooling Blankets for Early Temperature Management in Heat Stroke Patients: A Multicenter Retrospective Cohort Study",NA,"10.2147/jmdh.s522541","2025","Chen L.","Journal of Multidisciplinary Healthcare","scopus_records",2025
"Behavioral and Physiological Responses of Therapy Dogs to Animal-Assisted Treatment in an Inpatient Stroke Rehabilitation Program",NA,"10.3390/ani15020121","2025","Shih H.Y.","Animals","scopus_records",2025
"Investigating the Stroke- and Aging-Related Changes in Intermuscular Coupling by Refined Composed Multiscale Fuzzy Entropy",NA,"10.1109/tnsre.2024.3502154","2025","Yu H.","IEEE Transactions on Neural Systems and Rehabilitation Engineering","scopus_records",2025
"Artificial Intelligence in Transcranial Doppler Ultrasonography",NA,"10.2174/0115734056331493241217075436","2025","Siniscalchi A.","Current Medical Imaging","scopus_records",2025
"Persistent visual impairments following mild-to-moderate ischemic stroke",NA,"10.3389/fopht.2025.1505836","2025","Wijesundera C.N.","Frontiers in Ophthalmology","scopus_records",2025
"Hydration and health at ages 40–70 years in Salzburg Austria is associated with a median total water intake over 40 mL/kg including at least 1 L/d plain drinking water",NA,"10.3389/fpubh.2025.1668981","2025","Stookey J.D.","Frontiers in Public Health","scopus_records",2025
"Rethinking 15-min walkable neighborhoods for healthy aging: evidence from cardiovascular health in Shanghai’s older adults",NA,"10.3389/fpubh.2025.1687414","2025","Wu C.","Frontiers in Public Health","scopus_records",2025
"Network toxicology analysis reveals molecular mechanisms associated with noise exposure to multiple diseases",NA,"10.1080/15376516.2025.2460591","2025","Taboada-Alquerque M.","Toxicology Mechanisms and Methods","scopus_records",2025
"Continuous Reaching and Grasping With a BCI Controlled Robotic Arm in Healthy and Stroke-Affected Individuals",NA,"10.1109/tnsre.2025.3611821","2025","Forenzo D.","IEEE Transactions on Neural Systems and Rehabilitation Engineering","scopus_records",2025
"A Novel Levant's Differentiator-Based Descriptor for EEG-Based Motor Intent Decoding",NA,"10.1109/embc58623.2025.11253249","2025","Kulwa F.","Proceedings of the Annual International Conference of the IEEE Engineering in Medicine and Biology Society EMBS","scopus_records",2025
"One day of environment-induced heat stress causes injury to the murine kidney",NA,"10.1113/ep092975","2025","Roths M.","Experimental Physiology","scopus_records",2025
"A superior tool for predicting sepsis in SAH patients: The nomogram outperforms SOFA score",NA,"10.1371/journal.pone.0316029","2025","Yu L.","Plos One","scopus_records",2025
"7T MRI in the evaluation of ischemic stroke: a systematic review",NA,"10.3389/fnins.2025.1539617","2025","Kurz F.T.","Frontiers in Neuroscience","scopus_records",2025
"Whole-body hot water immersion effect on cerebral haemodynamics and subsequent cerebrovascular reactivity to carbon dioxide",NA,"10.1113/ep093072","2025","Leaney S.F.","Experimental Physiology","scopus_records",2025
"Protocols for ischaemic stroke in Flemish hospitals: correlation between availability and content versus adherence",NA,"10.1093/intqhc/mzaf014","2025","Lens C.","International Journal for Quality in Health Care","scopus_records",2025
"Early acetaminophen Use and 90-day mortality in ICU patients with ischemic stroke",NA,"10.3389/fphar.2025.1622440","2025","Piao Z.S.","Frontiers in Pharmacology","scopus_records",2025
"Core Temperature Response to Cold Water Immersion in Heat Stroke Patients Is Nonlinear and Unrelated to Sex or Body Size",NA,"10.1249/mss.0000000000003547","2025","Bongers C.C.W.G.","Medicine and Science in Sports and Exercise","scopus_records",2025
"Noise causes cardiovascular disease: it’s time to act",NA,"10.1038/s41370-024-00732-4","2025","Münzel T.","Journal of Exposure Science and Environmental Epidemiology","scopus_records",2025
"Transcriptome Sequencing Reveals the Molecular Mechanism of Heat Stroke-Induced Myocardial Injury",NA,"10.2147/jir.s517319","2025","Xiang J.","Journal of Inflammation Research","scopus_records",2025
"A Simple, but Variable Transformer-Matched Resonance Circuit for High Resolution Sodium-23 Magnetic Resonance Imaging of an in Vivo Stroke Model at 9.4T",NA,"10.1109/embc58623.2025.11254787","2025","Wetterling F.","Proceedings of the Annual International Conference of the IEEE Engineering in Medicine and Biology Society EMBS","scopus_records",2025
"Association of Dynamic Trajectories of Time-Series Data and Life-Threatening Mass Effect in Large Middle Cerebral Artery Stroke",NA,"10.1007/s12028-024-02036-9","2025","Ong C.J.","Neurocritical Care","scopus_records",2025
"Hyperthermia-induced sudden death: Morphological insights from the lung and heart in an experimental study of Wistar rats",NA,"10.5455/ovj.2025.v15.i10.15","2025","Dervišević E.","Open Veterinary Journal","scopus_records",2025
"Using deep learning to shorten the acquisition time of brain MRI in acute ischemic stroke: Synthetic T2W images generated from b0 images",NA,"10.1371/journal.pone.0316642","2025","Peng Y.","Plos One","scopus_records",2025
"Nec-1 regulates phenotypic transformation of heat stroke-induced vascular smooth muscle cells by inhibiting RIPK1",NA,"10.1080/02656736.2025.2463477","2025","Mu L.","International Journal of Hyperthermia","scopus_records",2025
"Verifying the Accuracy of Hemodynamic Analysis Using High Spatial Resolution 3D Phase-contrast MR Imaging on a 7T MR System: Comparison with a 3T System",NA,"10.2463/mrms.mp.2023-0016","2025","Tajima S.","Magnetic Resonance in Medical Sciences","scopus_records",2025
"Therapeutic hypothermia with rapid thin liquid convection is safe and feasible in acute ischemic stroke patients: the SISCO pilot study",NA,"10.3389/fneur.2025.1611794","2025","Salerian J.A.","Frontiers in Neurology","scopus_records",2025
"Validity of common body temperature sites and gait parameters during a heat tolerance test",NA,"10.1080/23328940.2025.2493456","2025","Miller K.C.","Temperature","scopus_records",2025
"An Explainable Two-Stage Machine Learning Model for Predicting the Post-Thrombolysis Complications in Stroke Patients: A Multi-Center Study",NA,"10.34133/research.0817","2025","Zhu H.","Research","scopus_records",2025
"Appropriate implantable cardioverter-defibrillator therapy triggered by heat stroke",NA,"10.1016/j.ipej.2024.12.001","2025","Paz Mamani C.F.","Indian Pacing and Electrophysiology Journal","scopus_records",2025
"The Mechanism of Modulation of Cardiac Force by Temperature",NA,"10.3390/ijms26020469","2025","Morotti I.","International Journal of Molecular Sciences","scopus_records",2025
"Machine learning and decision making in aortic arch repair",NA,"10.1016/j.jtcvs.2023.11.032","2025","Nedadur R.","Journal of Thoracic and Cardiovascular Surgery","scopus_records",2025
"Heat acclimation defense against exertional heat stroke by improving the function of preoptic TRPV1 neurons",NA,"10.7150/thno.101422","2025","Li J.","Theranostics","scopus_records",2025
"Public knowledge, attitudes, and practices toward heat stroke in Ningbo, China: a cross-sectional study",NA,"10.3389/fpubh.2025.1659132","2025","Zhang W.","Frontiers in Public Health","scopus_records",2025
"Retinal and cerebral hemodynamics redistribute to favor thermoregulation in response to passive environmental heating and heated exercise in humans",NA,"10.1080/23328940.2024.2411771","2025","Caddy H.T.","Temperature","scopus_records",2025
"Burden of ageing spectrum of diseases in China, 1990–2021: a systematic analysis of global burden of disease study 2021",NA,"10.3389/fpubh.2025.1611901","2025","Yang L.","Frontiers in Public Health","scopus_records",2025
"Severe Hyperthermia in Mountaineering: Coincidence of Heat Stroke and Infection",NA,"10.1177/10806032241258333","2025","Huber T.","Wilderness and Environmental Medicine","scopus_records",2025
"A Comparative analysis of denoising PCG signals using adaptive Wiener-Kalman filtering",NA,"10.1201/9781003616399-64","2025","Pearlyl B.","Recent Trends in VLSI and Semiconductor Packaging","scopus_records",2025
"Stochastic variational inference improves quantification of multiple timepoint arterial spin labelling perfusion MRI",NA,"10.3389/fnins.2025.1536752","2025","Kirk T.F.","Frontiers in Neuroscience","scopus_records",2025
"Target temperature management: a review and new prospect of cooling methods and devices",NA,"10.1080/17434440.2025.2537393","2025","Wang Y.","Expert Review of Medical Devices","scopus_records",2025
"Uncovering Diagnostic Correlations Between Traditional Chinese and Western Medicine Using Instrumental Variable Models in Cardiometabolic Patients: Evidence from 1.2 Million Records",NA,"10.2147/jmdh.s524976","2025","Zhou J.","Journal of Multidisciplinary Healthcare","scopus_records",2025
"Redox-signalling and Redox Biomarkers in Cardiovascular Health and Disease",NA,"10.2174/0118715257282030240130095754","2025","Sultana Y.","Cardiovascular and Hematological Agents in Medicinal Chemistry","scopus_records",2025
"DualPlaqueNet with dual-branch structure and attention mechanism for carotid plaque semantic segmentation and size prediction",NA,"10.3389/fphys.2025.1629637","2025","Deng L.","Frontiers in Physiology","scopus_records",2025
"High-resolution perfusion imaging in rodents using pCASL at 9.4 T",NA,"10.1002/nbm.5288","2025","Pires Monteiro S.","NMR in Biomedicine","scopus_records",2025
"Exertional Heat Stroke at the Vermont City Marathon, 2012 to 2023: High Incidence Despite Spring Season in the Northern United States",NA,"10.1097/jsm.0000000000001367","2025","Brillhart A.","Clinical Journal of Sport Medicine","scopus_records",2025
"Cardiovascular Health During Menopause Transition: The Role of Traditional and Nontraditional Risk Factors",NA,"10.14797/mdcvj.1619","2025","Yousefzai S.","Methodist Debakey Cardiovascular Journal","scopus_records",2025
"Taurine efflux counters the hydrodynamic impact of anaerobic metabolism to protect cardiorespiratory function under acute thermal stress in brook char (Salvelinus fontinalis)",NA,"10.1242/jeb.249418","2025","El N.","Journal of Experimental Biology","scopus_records",2025
"Developing a Job-Exposure Matrix for Sedentary Behavior: A Study Based on the Inpatient Clinico-Occupational Database of Rosai Hospital Group",NA,"10.1097/jom.0000000000003258","2025","Fukai K.","Journal of Occupational and Environmental Medicine","scopus_records",2025
"Bayesian Analysis of Time-To-Event Data in a Cluster-Randomized Trial: Major Outcomes With Personalized Dialysate TEMPerature (MyTEMP) Trial",NA,"10.1177/20543581251341710","2025","Ouyang Y.","Canadian Journal of Kidney Health and Disease","scopus_records",2025
"Aleatoric-Uncertainty-Aware Maximum Intensity Projection-Based GAN for 7T-Like Generation From 3T TOF-MRA",NA,"10.1109/jbhi.2025.3564783","2025","Tang W.","IEEE Journal of Biomedical and Health Informatics","scopus_records",2025
"Long-Term Impact of HEAT Educational Intervention in the Emergency Department in Karachi, Pakistan",NA,"10.5334/aogh.4749","2025","Khan U.R.","Annals of Global Health","scopus_records",2025
"Hot water immersion increases internal carotid artery shear rate but does not alter intracranial vascular reactivity to carbon dioxide",NA,"10.1139/apnm-2024-0048","2025","Worley M.L.","Applied Physiology Nutrition and Metabolism","scopus_records",2025
"Physiological response to exercise in the heat: Implications for risk mitigation and adaptation",NA,"10.1080/23328940.2024.2431402","2025","Criddle J.L.","Temperature","scopus_records",2025
"Cold-water immersion alleviates intestinal damage induced by exertional heat stroke via modulation of gut microbiota in rats",NA,"10.3389/frmbi.2025.1531991","2025","Xuan L.","Frontiers in Microbiomes","scopus_records",2025
"Cold plasma process ensnares fibrin-rich clots in an adhesive web",NA,"10.1177/15910199251389067","2025","Jones J.G.A.","Interventional Neuroradiology","scopus_records",2025
"Prenatal environmental exposures and brain development: studies with baboons and other nonhuman primates",NA,"10.3389/adar.2025.14858","2025","Iskusnykh I.Y.","Advances in Drug and Alcohol Research","scopus_records",2025
"Comparative efficacy and safety of POLARx versus Arctic front advance pro cryoballoon systems for pulmonary vein isolation in atrial fibrillation: an updated systematic review and meta-analysis",NA,"10.3389/fcvm.2025.1625399","2025","Tahir M.F.","Frontiers in Cardiovascular Medicine","scopus_records",2025
"Expert consensus on pre-hospital emergency management of heatstroke (2024)",NA,"10.3760/cma.j.cn121430-20240915-00773","2025","Expert Group On Heatstroke Prevention Of Peoples' Liberation A.","Zhonghua Wei Zhong Bing Ji Jiu Yi Xue","scopus_records",2025
"Transformer-Based Approach for Predicting Transactive Energy in Neurorehabilitation",NA,"10.1109/tnsre.2024.3515175","2025","Khan N.A.","IEEE Transactions on Neural Systems and Rehabilitation Engineering","scopus_records",2025
"The Impact of Model-based Deep-learning Reconstruction Compared with that of Compressed Sensing Sensitivity Encoding on the Image Quality and Precision of Cine Cardiac MR in Evaluating Left-ventricular Volume and Strain: A Study on Healthy Volunteers",NA,"10.2463/mrms.mp.2024-0202","2025","Tsuneta S.","Magnetic Resonance in Medical Sciences","scopus_records",2025
"Passive Beamforming Metasurfaces for Microwave-Induced Thermoacoustic Imaging",NA,"10.1109/tbme.2025.3541252","2025","Tang S.","IEEE Transactions on Biomedical Engineering","scopus_records",2025
"Development of an upper limb muscle strength rehabilitation assessment system using particle swarm optimisation",NA,"10.3389/fbioe.2025.1619411","2025","Zhou C.","Frontiers in Bioengineering and Biotechnology","scopus_records",2025
"Influence of Thermal Pretreatments on the Cyclic Fatigue Resistance of Novel Reciprocating Nickel-titanium Files: A Comparison of Low- and High-temperature Modified Systems",NA,"10.14744/eej.2025.95866","2025","Schoppmeier C.M.","European Endodontic Journal","scopus_records",2025
"Health status and heat preparation at a UCI World Tour multistage cycling race",NA,"10.1016/j.jsams.2024.08.206","2025","Périard J.D.","Journal of Science and Medicine in Sport","scopus_records",2025
"Assessment of the available evidence for the use of 7-Tesla (T) magnetic resonance imaging (MRI) in neurological and musculoskeletal disorders, with comparison to 3-T and 1.5-T MRI: A systematic scoping review",NA,"10.1111/ene.16557","2025","Radojewski P.","European Journal of Neurology","scopus_records",2025
"Sex differences in cerebral blood flow and cardiac function in response to exercise in the heat",NA,"10.1113/ep092955","2025","Locatelli J.C.","Experimental Physiology","scopus_records",2025
"Fungal Adaptation to Polluted Environments",NA,"10.1007/82_2025_317","2025","Bazzicalupo A.L.","Current Topics in Microbiology and Immunology","scopus_records",2025
"Metabolic Heat Production Modulates the Cardiovascular Drift-VO2maxRelationship Independent of Aerobic Fitness in Women",NA,"10.1249/mss.0000000000003543","2025","Stone T.","Medicine and Science in Sports and Exercise","scopus_records",2025
"Non-Invasive Hemodynamic Monitoring in a Collapsed Runner",NA,"10.6705/j.jacme.202506_15(2).0006","2025","Wang A.Y.","Journal of Acute Medicine","scopus_records",2025
"HISRON: AI-Driven GPU-Accelerated Framework for Scalable High-Resolution Neuroimaging Analysis",NA,"10.1109/embc58623.2025.11253703","2025","Salinas-Medina A.","Proceedings of the Annual International Conference of the IEEE Engineering in Medicine and Biology Society EMBS","scopus_records",2025
"Physiological simulation of atrial-ventricular mechanical interaction in male rats during the cardiac cycle",NA,"10.1007/s00424-024-03015-x","2025","Balakin A.","Pflugers Archiv European Journal of Physiology","scopus_records",2025
"THE CURRENT STATUS OF CHORNOBYL CATASTROPHE VICTIMS’ COHORTS AND EXPERIENCE OF MEDICAL EXPERTISE FOR ESTABLISH CAUSATION OF DISEASE, LEADING TO LOSS OF HEALTH, DISABILITY AND DEATH WITH THE ACTION OF IONIZING RADIATION AND OTHER HARMFUL FACTORS OF THE CHORNOBYL NPP ACCIDENT",NA,"10.33145/2304-8336-2025-30-538-546","2025","Sushko V.O.","Problemy Radiatsiinoi Medytsyny Ta Radiobiolohii","scopus_records",2025
"POST-RADIATION NEUROCOGNITIVE DEFICIT IN THE CHORNOBYL CLEAN-UP WORKERS: GERIATRIC ASPECTS (part 2)",NA,"10.33145/2304-8336-2025-30-449-467","2025","Kuts K.V.","Problemy Radiatsiinoi Medytsyny Ta Radiobiolohii","scopus_records",2025
"Authentication with a one-dimensional CNN model using EEG-based brain-computer interface",NA,"10.1080/10255842.2024.2355490","2025","Ferdi A.Y.","Computer Methods in Biomechanics and Biomedical Engineering","scopus_records",2025
"4th International Joint Conference on Energy, Electrical and Power Engineering, CoEEPE 2024",NA,NA,"2025",NA,"Lecture Notes in Electrical Engineering","scopus_records",2025
"Front crawl swimming coordination: a systematic review",NA,"10.1080/14763141.2022.2125428","2025","Silva A.F.","Sports Biomechanics","scopus_records",2025
"An interpretable machine learning model for predicting in-hospital mortality in ICU patients with ventilator-associated pneumonia",NA,"10.1371/journal.pone.0316526","2025","Wei J.","Plos One","scopus_records",2025
"Heat stress: a major threat to ruminant reproduction and mitigating strategies",NA,"10.1007/s00484-024-02805-3","2025","Gupta M.","International Journal of Biometeorology","scopus_records",2025
"X-Ray Repair Cross-Complementing Group 1 Genetic Polymorphisms and the Risk of Sudden Sensorineural Hearing Loss",NA,"10.1097/mao.0000000000004794","2025","Tai S.Y.","Otology and Neurotology","scopus_records",2025
"Dust-borne emerging contaminants: an underrecognized risk factor for non-communicable diseases in older Chinese adults",NA,"10.1039/d5em00252d","2025","Yang L.","Environmental Science Processes and Impacts","scopus_records",2025
"Changes in Sarcopenia Status and Subsequent Cardiovascular Outcomes: Prospective Cohort Study",NA,"10.2196/69860","2025","Zhu Y.","Jmir Aging","scopus_records",2025
"Individualized lesion-symptom mapping using explainable artificial intelligence for the cognitive impact of white matter hyperintensities",NA,"10.1016/j.nicl.2025.103790","2025","Offenberg R.","Neuroimage Clinical","scopus_records",2025
"From Data to Decision: A Comprehensive Review of Real-Time Analytics and Smart Technologies in the Surgical Suite",NA,"10.14797/mdcvj.1658","2025","Watson J.B.","Methodist Debakey Cardiovascular Journal","scopus_records",2025
"Voluntary head dunk: cooperative care for irrigating canine noses and eyes and rapid cooling",NA,"10.2460/javma.24.07.0480","2025","Otto C.M.","Journal of the American Veterinary Medical Association","scopus_records",2025
"Post-Liver Transplantation Atrial Fibrillation: Insights into Clinical and ECG Predictors",NA,"10.12659/aot.948243","2025","Çetinarslan Ö.","Annals of Transplantation","scopus_records",2025
"Predictive Factors and Nomogram for 30-Day Mortality in Heatstroke Patients: A Retrospective Cohort Study",NA,"10.5811/westjem.48882","2025","Stowell J.R.","Western Journal of Emergency Medicine","scopus_records",2025
"Extreme Heat, Social Factors, and Mortality Among California Veterans With Cardiometabolic Disease",NA,"10.1001/jamanetworkopen.2025.45524","2025","Shannon E.M.","JAMA Network Open","scopus_records",2025
"Sulcal Vessels Mimic Cerebral Microbleeds in HTRA1-Related CSVD at 7T MRI",NA,"10.1161/strokeaha.124.048860","2025","Guo Y.","Stroke","scopus_records",2025
"Multi-class: spectral-spatial temporal pyramid network and multi-class classifier-based cardiovascular disease classification",NA,"10.3389/fphys.2025.1650134","2025","Reehana S.K.","Frontiers in Physiology","scopus_records",2025
"Molecular Mechanisms of Heatstroke: Pathophysiology and Cell Death Pathways",NA,"10.14789/ejmj.jmj25-0023-p","2025","Ferrer R.","Juntendo Medical Journal","scopus_records",2025
"Comprehensive and robust stability-indicating reversed phase high performance liquid chromatography (RP-HPLC) method for Rivaroxaban: synergistic integration of infrared spectroscopy and clinical pharmacology insights",NA,"10.3389/fchem.2025.1551189","2025","Mestareehi A.","Frontiers in Chemistry","scopus_records",2025
"Severe cerebral air embolism after CT-guided hook-wire localization – complete recovery and delayed lung resection: A case report",NA,"10.1097/md.0000000000045710","2025","Wang Z.","Medicine United States","scopus_records",2025
"Unravelling Secondary Brain Injury: Insights from a Human-Sized Porcine Model of Acute Subdural Haematoma",NA,"10.3390/cells14010017","2025","Kapapa T.","Cells","scopus_records",2025
"Exertional heat illness complications and prognosis among service members",NA,"10.1097/jom.0000000000003528","2025","Nelson D.A.","Journal of Occupational and Environmental Medicine","scopus_records",2025
"Environmental Exposures and Stroke Risk: Converging Pathways, Unequal Burdens, and Prevention Opportunities",NA,"10.1007/s11910-026-01505-2","2026","Ali M.","Current Neurology and Neuroscience Reports","scopus_records",2026
"Ethnic inequalities in ischemic stroke occurrence are partly mediated by air pollution: a Dutch nationwide follow-up analysis",NA,"10.1186/s12889-026-27043-7","2026","van den Brekel L.","BMC Public Health","scopus_records",2026
"The role of nitrogen dioxide in the prevalence of adverse cardiovascular and cerebrovascular diseases in China: a national multi-pollutant geospatial analysis",NA,"10.1186/s12889-026-27746-x","2026","Li G.","BMC Public Health","scopus_records",2026
"The association between physical activity and cardiovascular disease under indoor air pollution among middle-aged-to-elderly people: a sex-specific analysis from CHARLS",NA,"10.1186/s12889-026-27175-w","2026","Xie H.","BMC Public Health","scopus_records",2026
"Air pollution, medical resources and cardiometabolic diseases: an empirical analysis from health inequality prospective",NA,"10.1186/s12889-026-26829-z","2026","Liu W.","BMC Public Health","scopus_records",2026
"Impact of air pollution on exacerbations of respiratory and cardiovascular diseases for the intensivist: a narrative review",NA,"10.1186/s40635-026-00908-2","2026","Gaudet A.","Intensive Care Medicine Experimental","scopus_records",2026
"Trends in mortality and disability-adjusted life years (DALYs) attributable to subarachnoid hemorrhage in South Asia (2000–2023)",NA,"10.1007/s10143-026-04357-z","2026","Raheem A.","Neurosurgical Review","scopus_records",2026
"Climate change health risks and workplace protective strategies for construction workers",NA,"10.1038/s41598-025-33471-z","2026","Baek S.","Scientific Reports","scopus_records",2026
"Differential impacts of long-term exposure to ozone pollution on mortality in patients with hemorrhagic versus ischemic stroke: a retrospective cohort study",NA,"10.1186/s12889-026-26330-7","2026","Yu Y.","BMC Public Health","scopus_records",2026
"Circadian disruption of brain temperature and heart rate in two periods after intracerebral hemorrhage surgery: a retrospective study",NA,"10.1038/s41598-026-47437-2","2026","Kuo L.T.","Scientific Reports","scopus_records",2026
"Acute management of spontaneous intracerebral hemorrhage (ICH) in the emergency department",NA,"10.1186/s12245-026-01126-z","2026","Puissant M.","International Journal of Emergency Medicine","scopus_records",2026
"Sex differences in the relationship between household solid fuel use and incident stroke and the mediating role of depressive symptoms in middle-aged and older Chinese adults",NA,"10.1186/s12889-026-26863-x","2026","Si C.","BMC Public Health","scopus_records",2026
"Decomposition of cross-country socioeconomic inequality in mortality by 288 causes of death and 84 risk factors from 1990 to 2021",NA,"10.1038/s41467-026-70877-3","2026","Peng D.","Nature Communications","scopus_records",2026
"Interventional applications of a Stroke Heat Risk Prediction Model produce health benefits",NA,"10.1038/s41467-026-68815-4","2026","Zhang J.","Nature Communications","scopus_records",2026
"Cross sectional analysis of the association between extreme climate events and stroke incidence in middle aged and older Chinese adults",NA,"10.1038/s41598-025-31151-6","2026","Jiang X.","Scientific Reports","scopus_records",2026
"Feasibility and safety of High-quality targeted temperature management in poor-grade aneurysmal subarachnoid hemorrhage: a multicenter prospective study with propensity-score matching",NA,"10.1007/s10143-025-03985-1","2026","Liu Y.","Neurosurgical Review","scopus_records",2026
"Seasonal variation in cardiovascular and cerebrovascular hospitalizations across climatic zones in Northern and Southern Israel",NA,"10.1186/s12872-026-05705-z","2026","Deich S.","BMC Cardiovascular Disorders","scopus_records",2026
"Mapping the global health burden of climate-sensitive exposures: a systematic scoping review",NA,"10.1186/s12940-026-01294-8","2026","Corvetto J.F.","Environmental Health A Global Access Science Source","scopus_records",2026
"Risk of mortality from diseases of the circulatory system due to occupational chronic radiation exposure, considering the radiation dose rate",NA,"10.1038/s41598-026-43943-5","2026","Azizova T.","Scientific Reports","scopus_records",2026
"The predictive value of serological markers for successful weaning and 30-day mortality in patients with severe intracerebral hemorrhage",NA,"10.1186/s12883-026-04877-7","2026","Yang B.","BMC Neurology","scopus_records",2026
"The lung-brain axis: elucidating the mechanisms of pulmonary-driven neurological disorders",NA,"10.1186/s12974-026-03721-6","2026","Wang L.","Journal of Neuroinflammation","scopus_records",2026
"Humidity impacts volatile anesthetic and heat responses of malignant hyperthermia susceptible mice",NA,"10.1186/s13395-025-00411-4","2026","He M.","Skeletal Muscle","scopus_records",2026
"Marine microplastic concentration and associations with stroke and chronic disease prevalence",NA,"10.1038/s44325-026-00133-6","2026","Ponnana S.R.","Npj Cardiovascular Health","scopus_records",2026
"Barriers and facilitators to implementation of the Free Water Protocol – findings from a national survey of acute stroke unit staff",NA,"10.1186/s12913-026-14182-1","2026","Eltringham S.A.","BMC Health Services Research","scopus_records",2026
"Baseline EMG alters muscle synergy activations while preserving spatial structure in healthy and post-stroke subjects",NA,"10.1186/s12984-026-01879-x","2026","Zhao K.","Journal of Neuroengineering and Rehabilitation","scopus_records",2026
"EEG based multifunctional connectivity fusion across frequency bands and parameters promote motor function assessment in stroke: a pilot study",NA,"10.1186/s12984-026-01914-x","2026","Wang Z.","Journal of Neuroengineering and Rehabilitation","scopus_records",2026
"Attention U-Net with differential privacy in federated learning framework for brain stroke lesion segmentation",NA,"10.1038/s41598-026-53829-1","2026","Adhi Siva M.","Scientific Reports","scopus_records",2026
"Structural physical activity restriction, cerebrovascular and diabetes mortality, and long-term care intensity in Japan: An ecological panel study across 47 prefectures (2013−2022) with a COVID-19 counterfactual analysis",NA,"10.1016/j.dialog.2026.100320","2026","Kimura A.","Dialogues in Health","scopus_records",2026
"Experimental investigation on the stable operating range of a two-stroke aviation kerosene engine at idle based on cyclic variation analysis",NA,"10.1038/s41598-026-56635-x","2026","Li H.","Scientific Reports","scopus_records",2026
"Association between charcoal cooking fuel and cardiovascular disease prevalence in Haiti: a cross-sectional analysis",NA,"10.1186/s12940-026-01292-w","2026","Yan L.D.","Environmental Health A Global Access Science Source","scopus_records",2026
"Cold environment is associated with worse outcomes in ischemic stroke patients and the underlying gut microbial mechanism",NA,"10.1186/s12866-026-05013-8","2026","Wei C.","BMC Microbiology","scopus_records",2026
"Neighborhood environmental burden and cardiovascular health in Tianjin",NA,"10.1186/s12889-026-26473-7","2026","Sun H.","BMC Public Health","scopus_records",2026
"Organ protection via core temperature control in Type A aortic dissection using pure hypothermia alone",NA,"10.1186/s13019-026-03915-2","2026","Wakisaka H.","Journal of Cardiothoracic Surgery","scopus_records",2026
"Heat stroke management: clinical phenotypes and implications for cooling strategies",NA,"10.1186/s12967-026-08284-x","2026","Chen L.","Journal of Translational Medicine","scopus_records",2026
"GABAergic ventrolateral preoptic projection to dorsomedial hypothalamus recapitulates post-ischemic neuroprotection by hypothermia",NA,"10.1038/s41419-026-08536-0","2026","Dilsiz P.","Cell Death and Disease","scopus_records",2026
"Asymmetric plantar temperature downshifts are associated with atrial fibrillation and thromboembolic events: an observational post hoc analysis of the SmartPreventDiabeticFeet study",NA,"10.1038/s43856-026-01811-3","2026","Ming A.","Communications Medicine","scopus_records",2026
"Speed-feature-based engine stop-position control for hybrid electric vehicles",NA,"10.1038/s41598-026-52269-1","2026","Yuan Y.","Scientific Reports","scopus_records",2026
"Urban heat stress and adolescent health: impacts and adaptation strategies in Indonesia",NA,"10.1038/s41598-025-34800-y","2026","Daniel D.","Scientific Reports","scopus_records",2026
"Differential Intestinal Epithelial Injury Following Passive and Exertional Hyperthermia",NA,"10.1186/s40798-026-00998-y","2026","Alhadad S.B.","Sports Medicine Open","scopus_records",2026
"DLoG – automatic disc based laplacian of gaussian operator for carotid artery boundary extraction in ultrasound images",NA,"10.1038/s41598-026-43716-0","2026","Anitha M.","Scientific Reports","scopus_records",2026
"Geospatial and machine learning analyses of cardiovascular disease mortality across the continental United States: Identifying associated variables using Shapley values",NA,"10.1186/s12889-026-26571-6","2026","Kianfar N.","BMC Public Health","scopus_records",2026
"A hybrid Anyon-otto thermal machine",NA,"10.1038/s41534-026-01328-6","2026","Lal Bera M.","Npj Quantum Information","scopus_records",2026
"Characterization of 2-deoxyribose-5-phosphate aldolase from Bacillus altitudinis JYY-02",NA,"10.1007/s42770-026-02055-y","2026","Feng W.","Brazilian Journal of Microbiology","scopus_records",2026
"The impact of drought stress on the physiological biochemical indexes and metabolites in Panax notoginseng",NA,"10.1038/s41598-026-54340-3","2026","Sun H.","Scientific Reports","scopus_records",2026
"Development and external validation of a machine learning model for predicting chronic critical illness in ICU patients with acute pancreatitis",NA,"10.1186/s12911-026-03480-7","2026","Xu Z.","BMC Medical Informatics and Decision Making","scopus_records",2026
"Evaluation of heat warning thresholds with multiple lagged and cumulative health impacts based on a 20-year population database",NA,"10.1038/s41598-025-31832-2","2026","Lung S.C.C.","Scientific Reports","scopus_records",2026
"Heat-related illness and chronic obstructive pulmonary disease: causal inference using marginal structural models",NA,"10.1186/s12889-026-27788-1","2026","Jin T.","BMC Public Health","scopus_records",2026
"Deep optimization-guided hybrid neural network for accurate detection and segmentation of white matter hyperintensities in clinical MRI images",NA,"10.1038/s41598-026-41137-7","2026","Panduri B.","Scientific Reports","scopus_records",2026
"Where no sound wave has gone before: first high-resolution transcranial images of the brain using ultrasound computed tomography",NA,"10.1016/j.ejrad.2026.113193","2026","Marini T.J.","European Journal of Radiology","scopus_records",2026
"Association of Wet-Bulb Globe Temperature with heat-related illness hospitalizations in Japan: a time-stratified, case-crossover study",NA,"10.1186/s12245-025-01112-x","2026","Yamamura Y.","International Journal of Emergency Medicine","scopus_records",2026
"Construction and validation of a prognostic nomogram for predicting short-term mortality in acute respiratory failure patients: a retrospective cohort study based on the MIMIC-IV database",NA,"10.1186/s12890-025-04067-0","2026","Wang Y.","BMC Pulmonary Medicine","scopus_records",2026
"Cangrelor in critically ill patients with cardiogenic shock or post-cardiac arrest undergoing percutaneous coronary intervention: a systematic review and meta-analysis",NA,"10.1186/s13054-025-05812-x","2026","Hendrianus H.","Critical Care","scopus_records",2026
"Autoimmune nodopathy associated with contactin-2 antibodies manifesting as Guillain–Barré syndrome: a case report",NA,"10.1186/s13256-026-06195-5","2026","Zeng X.","Journal of Medical Case Reports","scopus_records",2026
"Differences in clinical course between pituitary apoplexy and non-apoplexy patients with nonfunctioning pituitary neuroendocrine tumors",NA,"10.1007/s10143-026-04172-6","2026","Taguchi A.","Neurosurgical Review","scopus_records",2026
"Sustainable diets and functional foods for the prevention of cardio-metabolic diseases and sustainable development goals of the UNO. An international consensus of scientific statement of the international college of nutrition and 28th world congress on clinical nutrition, Bogor, Indonesia",NA,"10.1186/s12872-026-05557-7","2026","Ridwan H.","BMC Cardiovascular Disorders","scopus_records",2026
"Ambient air pollution exposure and cognitive aging, mediators and possible pathways: A systematic review on the epidemiological studies",NA,"10.1016/j.arr.2026.103330","2026","Zare Sakhvidi M.J.","Ageing Research Reviews","scopus_records",2026
"Targeted intestinal cooling offers superior brain protection in the mouse stroke model",NA,"10.1016/j.expneurol.2026.115945","2026","Liu C.","Experimental Neurology","scopus_records",2026
"Ice-water sheet coverage for rapid core temperature reduction in exertional heat stroke: A case series",NA,"10.1016/j.ajem.2026.06.047","2026","Zhao Y.","American Journal of Emergency Medicine","scopus_records",2026
"Methane and carbon monoxide emissions originating from LNG-powered ships measured at a remote marine station",NA,"10.1016/j.marpolbul.2026.120039","2026","Grönholm T.","Marine Pollution Bulletin","scopus_records",2026
"Linking Military Blast Exposure to Veterans Health Administration Diagnoses: Chronic Health Outcomes in the Millennium Cohort Study",NA,"10.1212/wnl.0000000000218595","2026","Martindale S.L.","Neurology","scopus_records",2026
"Air Pollution Elevates the Risks of Incident Hypertension, Subsequent Comorbidities Progression, and Prognosis: A Multistate Analysis",NA,"10.1016/j.amepre.2026.108385","2026","Xue X.","American Journal of Preventive Medicine","scopus_records",2026
"Impact of air pollution exposure on chronic kidney disease and type 2 diabetes: A FIDELITY analysis",NA,"10.1016/j.ajpc.2026.101670","2026","Al-Kindi S.","American Journal of Preventive Cardiology","scopus_records",2026
"Early prediction of prolonged mechanical ventilation in invasively ventilated patients with subarachnoid hemorrhage: A MIMIC-IV prediction model study",NA,"10.1016/j.clineuro.2026.109556","2026","Rao D.","Clinical Neurology and Neurosurgery","scopus_records",2026
"Water-sensitive photoacoustic temperature characterization at 960 nm in cerebral vascular phantoms with CT co-registration",NA,"10.1016/j.pacs.2026.100862","2026","Chai C.","Photoacoustics","scopus_records",2026
"Improved Ultrasonic Local Pulse Wave Velocity Estimation Via Optimal Time Fiduciary Point Combination and Time Delays Fitness",NA,"10.1002/jum.70328","2026","Xiong L.","Journal of Ultrasound in Medicine","scopus_records",2026
"Facial iPPG heatmap patterns based on period-aware autoencoder show association with carotid atherosclerosis towards non-contact hemodynamic assessment",NA,"10.1016/j.cmpb.2026.109508","2026","Lin Z.","Computer Methods and Programs in Biomedicine","scopus_records",2026
"Additive Manufacturing and Mechanical Behaviors of Carbon–Kevlar Intralayer Hybrid Continuous Fiber Composite Corrugated Sandwich Structures",NA,"10.1177/23297662251377375","2026","Zhang W.","3D Printing and Additive Manufacturing","scopus_records",2026
"Heterogeneous Risks of Chemical Components and Sources in Size-Resolved Particulate Matter on Ischemic and Hemorrhagic Stroke",NA,"10.1021/envhealth.6c00019","2026","Hua K.","Environment and Health","scopus_records",2026
"The Effect of Nighttime Heatwave on Poststroke Disability in Subtropical Cities of China",NA,"10.1021/envhealth.6c00078","2026","Wu D.","Environment and Health","scopus_records",2026
"Air Conditioning Use and Ambulance Transports for Heat-Related Illness Across Summer Months in the Tokyo Metropolitan Area",NA,"10.1021/envhealth.5c00808","2026","Yamasaki L.","Environment and Health","scopus_records",2026
"Disclosing the hidden association: Time-adjacent analysis reveals the real impact of pollution on death rates in Kazakhstan",NA,"10.1016/j.envpol.2026.128474","2026","Ain Q.U.","Environmental Pollution","scopus_records",2026
"Measurement and hydrodynamic modelling quantifies the mechanical cost of cyprid locomotion",NA,"10.1098/rsif.2026.0344","2026","Forstadt E.","Journal of the Royal Society Interface","scopus_records",2026
"DRDNet: a dual-view representation decoupling network for handwriting imagery EEG classification",NA,"10.1088/1741-2552/ae9bef","2026","Li Z.","Journal of Neural Engineering","scopus_records",2026
"Large-Field Mesoscopic Spinning-Disk Confocal Microscopy Enhances Quantitative Fidelity for In Vivo Cerebrovascular and Calcium Sensing",NA,"10.1021/acs.analchem.6c02597","2026","Che B.","Analytical Chemistry","scopus_records",2026
"Wildfire smoke and stroke risk: advancing towards subtype-specific evidence",NA,"10.1093/eurheartj/ehag467","2026","Liu Y.","European Heart Journal","scopus_records",2026
"Stroke subtype differentiation: a key to deciphering wildfire smoke toxicity",NA,"10.1093/eurheartj/ehag465","2026","Qi M.","European Heart Journal","scopus_records",2026
"Mechanistic Study of Inulin in Ameliorating Heat Stroke-Induced Intestinal Barrier Damage via Modulation of Gut Microbiota- Butyrate–GPR43 Axis",NA,"10.1021/acs.jafc.5c13669","2026","Luo Z.","Journal of Agricultural and Food Chemistry","scopus_records",2026
"Association Between Air Pollution Exposure and Risk of Hemorrhagic Stroke: A Systematic Review and Meta-analysis",NA,"10.1016/j.cjca.2026.05.010","2026","Irfan S.A.","Canadian Journal of Cardiology","scopus_records",2026
"Neighborhood Ambient Air Pollution and Post-Transplant Outcomes in Older Kidney Transplant Recipients",NA,"10.1111/jgs.70286","2026","Menon G.","Journal of the American Geriatrics Society","scopus_records",2026
"Association of coexposure to indoor solid fuels, outdoor air pollution, and heatwave with the risk of Cardiometabolic Multimorbidity among middle-aged and older Chinese adults",NA,"10.1007/s00420-026-02232-4","2026","Kong W.","International Archives of Occupational and Environmental Health","scopus_records",2026
"The sequential mediating roles of matrix metalloproteinases-12 and DNA methylation in air pollution-induced atherosclerotic cardiovascular disease: The CHCN-BTH cohort study",NA,"10.1016/j.ecoenv.2026.120473","2026","Li B.","Ecotoxicology and Environmental Safety","scopus_records",2026
"Air Pollution and Hemorrhagic Stroke: Expanding the Cerebrovascular Risk Paradigm",NA,"10.1016/j.cjca.2026.05.019","2026","Kurasz A.","Canadian Journal of Cardiology","scopus_records",2026
"Regional impact of extreme temperatures on cardiovascular and respiratory mortality in Thailand: cold wave burden across diverse tropical climate zones",NA,"10.1038/s41370-026-00858-7","2026","Khunthong P.","Journal of Exposure Science and Environmental Epidemiology","scopus_records",2026
"Deep Learning Reconstruction Versus Hybrid Iterative Reconstruction for Acute Cerebral Infarction Detection on 135 kVp Non-Contrast Brain CT",NA,"10.1007/s00062-026-01661-5","2026","Sekino H.","Clinical Neuroradiology","scopus_records",2026
"Impact of Climate Warming on All-Causes Mortality in China: The Role of Non-Optimal Temperature Exposure and Multi-Scenario Projections to 2050",NA,"10.1029/2026gh001897","2026","He Y.","Geohealth","scopus_records",2026
"In the Cone of Concern: Preparing Stroke Survivors for Extreme Hurricanes",NA,"10.1097/phm.0000000000002221","2026","Issac S.","American Journal of Physical Medicine and Rehabilitation","scopus_records",2026
"Stakeholder perspectives and requirements for environmental-data-driven capacity forecasting in stroke care: a national survey of German stroke units",NA,"10.3389/fneur.2026.1918423","2026","Braadt L.","Frontiers in Neurology","scopus_records",2026
"DGCD-3D: Difference-guided conditional diffusion model for low-field 3D MRI enhancement to assist stroke assessment",NA,"10.1016/j.media.2026.104183","2026","Li H.","Medical Image Analysis","scopus_records",2026
"Medical encounters in Brazilian trail running: A multicenter study and safety framework",NA,"10.1016/j.jsams.2026.04.005","2026","Berindoague C.R.","Journal of Science and Medicine in Sport","scopus_records",2026
"Exposure-response relationship between transportation noise and cardiovascular disease outcomes: a systematic review and meta-regression analysis",NA,"10.1038/s41370-026-00856-9","2026","Gonzato E.","Journal of Exposure Science and Environmental Epidemiology","scopus_records",2026
"Retraction for: Role of Low-Field MRI in Acute Stroke (10.1161/STROKEAHA.126.056840)",NA,"10.1161/strokeaha.126.052979","2026","Sorby-Adams A.","Stroke","scopus_records",2026
"A Data-Driven Normalization Framework for Subject-Specific Cerebrovascular Reactivity Assessment in Cerebrovascular Disease",NA,"10.1002/jmri.70388","2026","Zhu Y.","Journal of Magnetic Resonance Imaging","scopus_records",2026
"Health burden of transportation noise in the United States: a national assessment with equity analysis",NA,"10.1016/j.envres.2026.124921","2026","Rojas-Rueda D.","Environmental Research","scopus_records",2026
"The Association Between Central Nervous System Function and Core Body Temperature in Patients With Exertional Heat Stroke",NA,"10.1097/jsm.0000000000001383","2026","Yeargin S.W.","Clinical Journal of Sport Medicine","scopus_records",2026
"Levels of hypothermia and clinical outcomes in acute type a aortic dissection surgery with circulatory arrest and antegrade cerebral perfusion: A systematic review and meta-analysis",NA,"10.1177/02676591261460650","2026","Braatz E.","Perfusion United Kingdom","scopus_records",2026
"Quantitative generation of diffusion-weighted imaging from non-contrast CT in acute ischemic stroke: a multi-scanner deep-learning model with external validation",NA,"10.21037/qims-2025-2000","2026","Li Z.","Quantitative Imaging in Medicine and Surgery","scopus_records",2026
"Temperature management in malignant infarction requiring decompressive craniectomy: real-world experience and hemorrhagic outcomes",NA,"10.1016/j.jocn.2026.112099","2026","Lee Y.J.","Journal of Clinical Neuroscience","scopus_records",2026
"Cyanobacteria-derived near-infrared autofluorescent exosomes enabling synergistic brain lesion imaging and neuroprotection",NA,"10.1016/j.bioactmat.2026.04.027","2026","Pan J.","Bioactive Materials","scopus_records",2026
"DynaTOF: Time-Resolved Noncontrast Cerebral MR Angiography Using Spatially Modulated RF Saturation",NA,"10.1002/mrm.70400","2026","Takei N.","Magnetic Resonance in Medicine","scopus_records",2026
"Preventing heat-related illness in people with severe and persistent mental illness: a quality improvement educational intervention",NA,"10.1016/j.joclim.2026.100726","2026","Green S.","Journal of Climate Change and Health","scopus_records",2026
"Neurological complications in veno-arterial extracorporeal membrane oxygenation and the potential role of targeted temperature management– A narrative review",NA,"10.1016/j.hrtlng.2026.102866","2026","Rezk M.","Heart and Lung","scopus_records",2026
"Evaluation of Vessel Enhancement Software for Improved Cerebrovascular Visualization in 3D Rotational Angiography",NA,"10.3174/ajnr.a9248","2026","Schmitt N.","American Journal of Neuroradiology","scopus_records",2026
"Anhidrosis: An underappreciated factor in dermatologic diseases",NA,"10.1016/j.jaad.2026.05.027","2026","Lutz G.F.","Journal of the American Academy of Dermatology","scopus_records",2026
"Technical system of electroencephalography-based brain-computer interface: Advances, applications, and challenges",NA,"10.4103/nrr.nrr-d-25-00217","2026","Yu H.","Neural Regeneration Research","scopus_records",2026
"Female-specific echocardiography-derived cardiac responses to the cold pressor test",NA,"10.1152/japplphysiol.00942.2025","2026","Van Berkel E.K.","Journal of Applied Physiology","scopus_records",2026
"Heat Mitigation Strategies Employed at the U.S. Air Force’s Special Warfare Training Pipeline",NA,"10.1093/milmed/usag019","2026","Sumait A.J.","Military Medicine","scopus_records",2026
"Burden of stroke and its subtypes in young adults in Asia, 1990-2021: risk factors and future predictions",NA,"10.1136/svn-2025-004206","2026","Li W.","Stroke and Vascular Neurology","scopus_records",2026
"Association Between Transportation Noise Exposure and Poststroke Outcomes: Population-Based Brain Attack Surveillance in Corpus Christi Project",NA,"10.1161/jaha.126.051242","2026","Nanavati H.D.","Journal of the American Heart Association","scopus_records",2026
"Study on the combined application of selected virtual monoenergetic imaging, virtual non-contrast imaging, and adaptive statistical iterative reconstruction-V in head and neck CT angiography using 256-slice wide-body CT",NA,"10.3389/fmed.2026.1872871","2026","Li W.C.","Frontiers in Medicine","scopus_records",2026
"Rational Design of Light-Driven Molecular Motors Enabled by a Data-Efficient Machine Learning Framework for Nonadiabatic Dynamics",NA,"10.1021/jacs.6c10141","2026","Ma J.","Journal of the American Chemical Society","scopus_records",2026
"Optimization of the Composition of NiFe-PBA Nanomaterials and Synergistic Enhancement of Electrochemiluminescence from Gold Nanoclusters via Pleated Ce-MOF: A New Strategy for S100B Immunoassay",NA,"10.1021/acs.analchem.6c03388","2026","Li N.","Analytical Chemistry","scopus_records",2026
"Low-cost graphite coatings from pencil strokes: a review of technological applications in flexible devices",NA,"10.1039/d6ra04905b","2026","Kashif W.","Rsc Advances","scopus_records",2026
"Stability and sensitivity analysis of effort-dependent CCFES for simulated hemiplegic hand assistance after stroke: computational model",NA,"10.1088/1741-2552/ae57da","2026","Gormez M.A.","Journal of Neural Engineering","scopus_records",2026
"Causal association between air pollution and functional outcome after ischemic stroke: Evidence from 2-sample MR study",NA,"10.1097/md.0000000000050160","2026","Zhang Y.S.","Medicine United States","scopus_records",2026
"Trends and disparities in risk factors of ischemic stroke among young and middle-aged adults (20–54 years) globally from 1990 to 2021: A population-based study",NA,"10.1097/md.0000000000050104","2026","Zhao X.","Medicine United States","scopus_records",2026
"Hyperthermia in a Teenager: Is it Just a Heat Stroke?",NA,"10.20344/amp.24465","2026","Limbert M.","Acta Medica Portuguesa","scopus_records",2026
"Regional Disparities in Stroke Hospitalization and Mortality Associated with Long-Term Fine Particulate Matter Exposure: A Nationwide Ecological Study in Spain",NA,"10.3390/medsci14040475","2026","Ramírez-Moreno J.M.","Medical Sciences","scopus_records",2026
"Trends in Cardiovascular Diseases Burden in China, 1990-2023",NA,"10.1016/j.jacasi.2026.05.005","2026","Shi Y.","Jacc Asia","scopus_records",2026
"From fatal events to chronic disability: The evolving clinical landscape of PM2.5-attributable hemorrhagic stroke in China (1990–2050)",NA,"10.1007/s10072-026-09261-4","2026","Wang S.","Neurological Sciences","scopus_records",2026
"Impact of PM2.5 Exposure on Cardiovascular diseases (IPEC Study): an updated umbrella review of systematic reviews and meta-analyses",NA,"10.1093/eurjpc/zwag005","2026","Sethi Y.","European Journal of Preventive Cardiology","scopus_records",2026
"An Oxidative Stress Biomarker for Noise-Associated Stroke: Evidence from Human and Mice",NA,"10.4103/nah.nah_239_25","2026","Wu C.C.","Noise and Health","scopus_records",2026
"Upward Air Temperature Shifts and Acute Cardiovascular Events in Individuals with Atherosclerotic Cardiovascular Disease: A Time-Stratified Case-Crossover Study",NA,"10.1016/j.lanepe.2026.101730","2026","Lechner K.","Lancet Regional Health Europe","scopus_records",2026
"Short-Term Exposure to Ambient Air Pollution and Hospital Admission for Stroke: A Multi-Center Hospital-Based Case-Crossover Study",NA,"10.3390/toxics14080685","2026","Li X.","Toxics","scopus_records",2026
"Association of atmospheric pressure fluctuations with hemorrhage subtype in spontaneous intracranial hemorrhage",NA,"10.1007/s00484-026-03275-5","2026","Akçay G.","International Journal of Biometeorology","scopus_records",2026
"Hospital Noise and Post-Stroke Sleep Disorders: A Review of Mechanisms and Management Strategies",NA,"10.4103/nah.nah_41_26","2026","Xu F.F.","Noise and Health","scopus_records",2026
"Ambient Temperature and Risk of Ischaemic Stroke: Some Comments",NA,"10.1159/000548273","2026","Zhong J.","Neuroepidemiology","scopus_records",2026
"Radiation dose reduction in computed tomography perfusion of acute ischemic stroke patients using a denoising autoencoder",NA,"10.1016/j.ejmp.2026.105902","2026","Charatpangoon P.","Physica Medica","scopus_records",2026
"Burden and Risk Factors of Cardiovascular Diseases in Asia, 1990–2021",NA,"10.1016/j.jacasi.2025.08.024","2026","Zhang Y.","Jacc Asia","scopus_records",2026
"Effect of Sour Taste on Swallowing Function of Patients With Dysphagia After Acute Ischemic Stroke: A Randomized Controlled Trial",NA,"10.1002/brb3.71680","2026","Gunes A.","Brain and Behavior","scopus_records",2026
"Where Does the Signal Go? Technical Challenges of CT Perfusion in Lacunar and Infratentorial Stroke",NA,"10.3390/tomography12080118","2026","Morelli N.","Tomography","scopus_records",2026
"A scoping review of recommendations for adults with cardiovascular disease to remain physically active during hot weather",NA,"10.1093/eurjpc/zwaf519","2026","Mornas A.","European Journal of Preventive Cardiology","scopus_records",2026
"Lowest Measured Temperature and Adverse Outcomes After Cardiac Surgery: Analysis of the Society of Thoracic Surgeons Adult Cardiac Surgery Database",NA,"10.1097/sla.0000000000006704","2026","Bartels K.","Annals of Surgery","scopus_records",2026
"Deep Learning-Driven Computational Imaging for Noninvasive Monitoring System of Brain Temperature and Metabolism: A Hypothermia Validation for Acute Ischemic Stroke",NA,"10.1002/mco2.70841","2026","Yang T.","Medcomm","scopus_records",2026
"The Impact of Animal-Assisted Treatment on Inpatient Stroke Rehabilitation",NA,"10.1016/j.mayocp.2026.04.012","2026","Shih H.Y.","Mayo Clinic Proceedings","scopus_records",2026
"Head–core temperature discordance during hypothermic circulatory arrest in acute type A aortic dissection",NA,"10.1016/j.xjon.2026.101948","2026","Wakisaka H.","Jtcvs Open","scopus_records",2026
"Thermal Response Patterns Provide Early Sign of Exertional Heat Stroke during Intense Activity",NA,"10.1249/mss.0000000000003983","2026","ATKINSON E.","Medicine and Science in Sports and Exercise","scopus_records",2026
"Adaptive Control of Lower-Limb Assistive Exoskeleton for Rehabilitation Using Deep Reinforcement Learning",NA,"10.3390/s26165217","2026","Foroutannia A.","Sensors","scopus_records",2026
"Impact of Circulatory Arrest Duration on Perioperative Mortality: Insights From More Than 1200 Aortic Arch Reconstructions",NA,"10.1016/j.athoracsur.2026.03.058","2026","Jacquemyn X.","Annals of Thoracic Surgery","scopus_records",2026
"Impact of moderate isocapnic hyperthermia on dynamic cerebral autoregulation and its directional sensitivity",NA,"10.1152/ajpheart.00321.2026","2026","Taghizadeh M.","American Journal of Physiology Heart and Circulatory Physiology","scopus_records",2026
"Enhancing the Capability and Accuracy of Motor Imagery Classification: A Deep Neural Network-Powered Multifaceted Strategy Model",NA,"10.1109/tcyb.2026.3678659","2026","Chen W.","IEEE Transactions on Cybernetics","scopus_records",2026
"Transcranial Magnetic Stimulation (TMS) Plus Modified Constraint-Induced Aphasia Therapy (mCIAT): A Pilot Feasibility Study with Sham and Real cTBS in Two Cases of Chronic Anomia–Protocol Deliverability and Greek Adaptation of mCIAT",NA,"10.3390/brainsci16080780","2026","Georgiou A.M.","Brain Sciences","scopus_records",2026
"Dual-Omics Profiling of Carotid Plaques Reveals Stage-Dependent Host–Microbiome Interaction Dynamics from Formation to Rupture",NA,"10.3390/biomedicines14081708","2026","Zhou S.","Biomedicines","scopus_records",2026
"Prevalence, Patterns, and Predictors of Hearing Handicap in Relation to Personal Listening Device Use: A Cross-Sectional Study in Saudi Arabia",NA,"10.3390/healthcare14162482","2026","Otayf D.A.H.","Healthcare Switzerland","scopus_records",2026
"Estimation of Blood Velocity from TOF-MRA Arterial Centerlines: Theory, Simulation, and Inverse Solution",NA,"10.3390/bioengineering13080954","2026","Faiyaz A.","Bioengineering","scopus_records",2026
"Cerebral protection strategies in aortic arch surgery: a review of techniques and outcomes",NA,"10.21037/acs-2026-0201-aar","2026","Leone A.","Annals of Cardiothoracic Surgery","scopus_records",2026
"Swimming classes as campus blue space: a qualitative study of emotion regulation, social support and psychological resilience among university students",NA,"10.3389/fpsyg.2026.1880166","2026","Wang Y.","Frontiers in Psychology","scopus_records",2026
"Effective contrast-enhanced preprocessing for intracranial artery segmentation in digital subtraction angiography",NA,"10.1088/1361-6560/ae85ac","2026","Kim K.","Physics in Medicine and Biology","scopus_records",2026
"Multicentre aortic thromboembolism thrombolysis evaluation in a retrospective study of 183 cats: the MATTERS study",NA,"10.3389/fvets.2026.1845133","2026","Cambournac M.","Frontiers in Veterinary Science","scopus_records",2026
"Resveratrol protects against heatstroke and the complicated liver injury by inhibiting HSF1",NA,"10.1039/d6fo01049k","2026","Qin L.","Food and Function","scopus_records",2026
"Sex differences in disease burden in China from 1990 to 2023 triangulating GBD and CHARLS",NA,"10.1016/j.isci.2026.116553","2026","Liu T.","Iscience","scopus_records",2026
"Potential and challenges of generative adversarial networks for super-resolution in 4D flow MRI",NA,"10.1016/j.compbiomed.2026.111745","2026","Welin Odeback O.","Computers in Biology and Medicine","scopus_records",2026
"Environmental risk factors and cardiovascular health: A clinical consensus statement of the European Society of Cardiology",NA,"10.1093/eurheartj/ehag270","2026","Piepoli M.","European Heart Journal","scopus_records",2026
"Air Pollution and the Risk and Progression of Multiple Sclerosis: A Systematic Review and Meta-Analysis",NA,"10.1002/acn3.70330","2026","Toubasi A.A.","Annals of Clinical and Translational Neurology","scopus_records",2026
"Stroke and climate change: A World Stroke Organization scientific statement",NA,"10.1177/17474930261436535","2026","Saad A.","International Journal of Stroke","scopus_records",2026
"Association between first ischemic major acute cardiovascular events and long-term outdoor air pollution exposure in men: exploring the interaction with cardiovascular health profiles",NA,"10.1016/j.envint.2026.110326","2026","Veronesi G.","Environment International","scopus_records",2026
"Bayesian Analysis of Postoperative Complication Risk Associated With Preoperative Exposure to Fine Particulate Matter: A Single-Center Cohort Study",NA,"10.1111/aas.70235","2026","Pearson J.F.","Acta Anaesthesiologica Scandinavica","scopus_records",2026
"Residential green space and incidence of cardiovascular disease: Evidence from a nationwide population-based study",NA,"10.1016/j.ijheh.2026.114831","2026","Kwon J.","International Journal of Hygiene and Environmental Health","scopus_records",2026
"Air pollution is linked to divergent cortical thickness patterns in brain regions vulnerable to Alzheimer's disease",NA,"10.1016/j.neuro.2026.103495","2026","Salminen L.E.","Neurotoxicology","scopus_records",2026
"The Efficacy of Experimental Therapy for Stroke Induced by Cerebral Air Embolism in Awake Rats Is Affected by Heliox Inhalation Temperature",NA,"10.31083/jin51502","2026","Kholina A.","Journal of Integrative Neuroscience","scopus_records",2026
"The first-ever World Health Organisation (WHO) resolution on stroke, climate change and stroke, and do illicit drugs increase stroke risk",NA,"10.1177/17474930261455412","2026","Markus H.S.","International Journal of Stroke","scopus_records",2026
"Correction: Association between short-term air pollution exposure and the risk of fatal recurrence within 1 year in patients with first-episode acute hemorrhagic stroke: a time-stratified case-crossover study (Sec. Environmental Health and Exposome (2026), (14), (10.3389/fpubh.2026.1827069))",NA,"10.3389/fpubh.2026.1898980","2026","Gu X.","Frontiers in Public Health","scopus_records",2026
"Simultaneous Cerebral Blood Flow and Cerebrovascular Reactivity Obtained From Novel Multi-Band Multi-Echo Pseudo-Continuous Arterial Spin Labeling (M2-PCASL) Sequence: A Test–Retest Reliability Study",NA,"10.1002/mrm.70307","2026","Todd J.","Magnetic Resonance in Medicine","scopus_records",2026
"Sensor-Based Classification of Post-Stroke Motor Impairment Using Fugl-Meyer Lower Extremity Scores",NA,"10.3390/s26144458","2026","Pinheiro C.","Sensors","scopus_records",2026
"Reporting of pre-analytical variables affecting the determination of brain-derived neurotrophic factor (BDNF) in patients with stroke: a scoping review",NA,"10.1515/cclm-2026-0277","2026","Bevilacqua E.","Clinical Chemistry and Laboratory Medicine","scopus_records",2026
"RGCNN-nnUNet: Recurrent group equivariant nnU-Net for robust brain tissue segmentation on stroke NCCT",NA,"10.1016/j.compmedimag.2026.102792","2026","Li X.","Computerized Medical Imaging and Graphics","scopus_records",2026
"StrokeDiffNet: quantifying DWI-FLAIR mismatch via a common feature space for time since stroke classification",NA,"10.1007/s11517-026-03598-w","2026","Li J.","Medical and Biological Engineering and Computing","scopus_records",2026
"Endothelial NOX4‑driven oxidative stress inhibition reverses HtrA1 deficiency‑induced blood‑brain barrier disruption and cognitive impairment",NA,"10.3892/ijmm.2026.5865","2026","Song S.N.","International Journal of Molecular Medicine","scopus_records",2026
"Constraints on cardiac pumping capacity and blood oxygen extraction limit the hypoxia tolerance of Atlantic salmon (Salmo salar) at warm temperatures",NA,"10.1016/j.jtherbio.2026.104490","2026","Durnford F.P.H.","Journal of Thermal Biology","scopus_records",2026
"Investigating the Kidney–Gut–Brain Axis in CKD: Uremic Toxins and Brain Microhemorrhages",NA,"10.3390/ijms27136020","2026","Zhao Y.","International Journal of Molecular Sciences","scopus_records",2026
"Occupational related heat stress exposure and heat-related symptoms among sugarcane workers in Thailand",NA,"10.1007/s00420-026-02216-4","2026","van Tongeren M.","International Archives of Occupational and Environmental Health","scopus_records",2026
"Enhancing compressed sensing and parallel imaging accelerated magnetic resonance angiography using a dual-domain projection generative adversarial network",NA,"10.1002/mp.70567","2026","Xu L.","Medical Physics","scopus_records",2026
"Heat Acclimation Training Attenuates Oxidative Stress and Improves Mitochondrial Function to Protect the Heart from Exertional Heat Stroke in Mice",NA,"10.1249/mss.0000000000003971","2026","Huang P.","Medicine and Science in Sports and Exercise","scopus_records",2026
"MOdulation-Guided ENcoding (MOGEN) Scheme for Vessel-Encoded Arterial Spin Labeling",NA,"10.1002/mrm.70335","2026","Li H.","Magnetic Resonance in Medicine","scopus_records",2026
"High-Resolution Modeling of Wet Bulb Globe Temperature Reveals Substantial Heat Risks Across Crops and Work Shifts Among Agricultural Workers in Southern California",NA,"10.1029/2025gh001604","2026","Parajuli S.P.","Geohealth","scopus_records",2026
"Development of visual acuity and spatial interactions for luminance- and contrast-modulated symbols, pictures and letters",NA,"10.1016/j.visres.2026.108821","2026","Lalor S.J.H.","Vision Research","scopus_records",2026
"Fast 3D Partial Boundary Data EIT Reconstructions Using Direct Inversion CGO-Based Methods",NA,"10.1109/tbme.2025.3633560","2026","Hamilton S.J.","IEEE Transactions on Biomedical Engineering","scopus_records",2026
"Cerebellar Deep Brain Stimulation during fMRI: Initial Findings and Simulation-Informed Thermal Assessment",NA,"10.3174/ajnr.a9208","2026","Yang B.","American Journal of Neuroradiology","scopus_records",2026
"Sensory testing in type 2 diabetes: Insights into neuropathy and systemic complications",NA,"10.1177/14791641261472406","2026","Tan Öksüz S.B.","Diabetes and Vascular Disease Research","scopus_records",2026
"Endothelial NOX4‑driven oxidative stress inhibition reverses HtrA1 deficiency‑induced blood‑brain barrier disruption and cognitive impairment",NA,"10.3892/ijmm.2026.5865","2026","Shi-Na S.","International Journal of Molecular Medicine","scopus_records",2026
"Development and validation of LC-MS/MS methods for the quantification of TMS-007, a member of the SMTP congeners, in rat plasma and brain: application to a preclinical pharmacokinetic study",NA,"10.1039/d6ay00057f","2026","Hao Y.","Analytical Methods","scopus_records",2026
"Association between air pollution and incident cardiovascular diseases among a population with cardiovascular-kidney-metabolic syndrome stages 0–3: the first evidence from the China Health and Retirement Longitudinal Study",NA,"10.3389/fendo.2026.1852623","2026","Huang H.","Frontiers in Endocrinology","scopus_records",2026
"The translational potential of drug-induced hypothermia in acute ischemic stroke",NA,"10.1126/scitranslmed.ady7847","2026","Xu S.","Science Translational Medicine","scopus_records",2026
"Non-Optimal Temperatures and Global Disease Burden: Retrospective Analysis of 2010–2021 and Projections to 2040",NA,"10.1097/jom.0000000000003789","2026","Liang J.","Journal of Occupational and Environmental Medicine","scopus_records",2026
"Implantable piezocatalytic enzyme hydrogel re-engineers metabolic reprogramming for ischemic stroke therapy",NA,"10.1016/j.jconrel.2026.114866","2026","Lv R.","Journal of Controlled Release","scopus_records",2026
"Fully Biobased, Robust, and High-Conductivity Hydrogel for High-Fidelity Electrophysiological Monitoring and Deep Learning-Assisted Stroke Rehabilitation",NA,"10.1021/acsami.6c03687","2026","Chen Z.","ACS Applied Materials and Interfaces","scopus_records",2026
"Lifesaving Cooling Effect: Spatially Explicit Scaling Up Urban Green Coverage to Avert Heat-Related Mortality across China",NA,"10.1021/acs.est.5c17915","2026","Wu J.","Environmental Science and Technology","scopus_records",2026
"Pontine infarction isolated to trigeminal sensory fibers: a case report",NA,"10.3389/fpain.2026.1770129","2026","Wang L.","Frontiers in Pain Research","scopus_records",2026
"Air pollution and stroke: A two-year analysis linking short-term particulate matter 2.5 exposure to stroke severity and etiology",NA,"10.1016/j.jstrokecerebrovasdis.2026.108648","2026","Garfinkel L.P.","Journal of Stroke and Cerebrovascular Diseases","scopus_records",2026
"Long-term exposure to wildfire smoke particulate matter and incident stroke: a US nationwide study",NA,"10.1093/eurheartj/ehaf875","2026","Hao H.","European Heart Journal","scopus_records",2026
"Integrated spatial analysis and Gaussian dispersion modelling of airborne particulate matter from rice processing mill hubs in rural Bangladesh and associated public health risks",NA,"10.1007/s11356-026-38036-9","2026","Zerin R.I.","Environmental Science and Pollution Research","scopus_records",2026
"Wildfire smoke and stroke: emerging evidence on long-term cardiovascular risk",NA,"10.1093/eurheartj/ehaf1003","2026","Zhang S.","European Heart Journal","scopus_records",2026
"Potential of fluid-attenuated inversion recovery diffusion-weighted imaging in patients with acute cerebral infarction",NA,"10.1007/s12194-026-01047-9","2026","Fujii R.","Radiological Physics and Technology","scopus_records",2026
"Exploring how hospital based green spaces support stroke rehabilitation: A mixed methods multiple case study protocol",NA,"10.1371/journal.pone.0350763","2026","Burton L.J.","Plos One","scopus_records",2026
"Association between Ambient Temperature and Risk of Ischaemic Stroke: An Observational Cohort Study",NA,"10.1159/000546068","2026","Matsuo R.","Neuroepidemiology","scopus_records",2026
"Ambient acetaldehyde exposure and daily mortality: first time-series evidence linking a group 1 carcinogenic VOC to deaths in Tianjin, China",NA,"10.1007/s10653-026-03246-0","2026","Zhang J.","Environmental Geochemistry and Health","scopus_records",2026
"Early Dynamics of Body Temperature in Acute Stroke: Insights into Outcomes and Management",NA,"10.3390/jcm15124786","2026","Oblitas C.M.","Journal of Clinical Medicine","scopus_records",2026
"Effect of ambient temperature changes on the treatment and prognosis in patients with acute stroke receiving intravenous thrombolysis",NA,"10.1007/s00484-026-03232-2","2026","Zhang T.","International Journal of Biometeorology","scopus_records",2026
"Global Burden of Ischemic Stroke in Middle-Aged Workforce Population, 1990–2021: Systematic Analysis of the Global Burden of Disease Study 2021",NA,"10.1159/000546067","2026","Hao G.","Neuroepidemiology","scopus_records",2026
"The evolving cardiovascular burden in Sierra Leone: a 33-year analysis of the Global Burden of Disease study 2023",NA,"10.1016/j.numecd.2026.104612","2026","Jalloh M.B.","Nutrition Metabolism and Cardiovascular Diseases","scopus_records",2026
"‘Whole person’ caregiver assessment: Insights from heart failure and stroke caregivers",NA,"10.1016/j.ssaho.2026.103066","2026","Clair C.A.","Social Sciences and Humanities Open","scopus_records",2026
"Perfusion-derived cerebral CT angiography with artificial intelligence iterative reconstruction as a replacement for routine cerebral CT angiography in acute ischemic stroke",NA,"10.1016/j.ejrad.2026.112819","2026","Huang J.","European Journal of Radiology","scopus_records",2026
"FMRI Approaches to Mapping Cerebrovascular Reactivity: Comparison of Gradient Echo BOLD and Spin Echo BOLD With Arterial Spin Labeling",NA,"10.1002/mrm.70305","2026","Pomante S.","Magnetic Resonance in Medicine","scopus_records",2026
"Studying the Biochemical Profile of Patients after Exertional Heat Stroke: A Case Series",NA,NA,"2026","Epstein Y.","Israel Medical Association Journal","scopus_records",2026
"A hypothalamus centred pathogenesis of heat stroke deaths – A postmortem-based human study",NA,"10.1177/00258172251410688","2026","Rastogi A.K.","Medico Legal Journal","scopus_records",2026
"Re: Stroke Action Plan for Europe 2018–2030 (SAP-E): mid-term review and update",NA,"10.1093/esj/aakag056","2026","Middleton S.","European Stroke Journal","scopus_records",2026
"High-Temperature Formability and Friction Regulation Mechanism of TA17 Titanium Alloy with Typical Microstructures",NA,"10.3390/ma19112260","2026","Yan B.","Materials","scopus_records",2026
"Interventions for Silent Brain Infarction and Perioperative Neurocognitive Disorders in Cardiovascular Surgery (INSPIRE): study protocol for a multicentre randomised controlled trial",NA,"10.1136/bmjopen-2026-116246","2026","Wang L.","BMJ Open","scopus_records",2026
"UaBMA-OLPP: A Novel Manifold-Inspired Technique for sEMG-Based Hand Movement and Object Grasp Recognition",NA,"10.1109/jbhi.2025.3637058","2026","Ghosh S.","IEEE Journal of Biomedical and Health Informatics","scopus_records",2026
"Core Temperature Estimation Using Wearable Earbud-Type Thermometer and Machine Learning During Light-Intensity Cycling Under Varying Indoor Ambient Temperatures",NA,"10.1111/sms.70315","2026","Fujii N.","Scandinavian Journal of Medicine and Science in Sports","scopus_records",2026
"Body bag integrity in simulated prehospital cold water immersion: A comparison study",NA,"10.1016/j.ajem.2026.03.012","2026","Young D.","American Journal of Emergency Medicine","scopus_records",2026
"Why Post-Cardiac Arrest Interventions Often Fail: Therapeutic Amenability and the Rapidly Closing Window of Neuroprotection",NA,"10.3390/jcm15124496","2026","Lee J.H.","Journal of Clinical Medicine","scopus_records",2026
"Clinical performance of an atrial fibrillation burden tracking algorithm: Evaluation against reference public and clinical textile electrocardiographic datasets",NA,"10.1016/j.hroo.2026.02.025","2026","Karimizadeh A.","Heart Rhythm O2","scopus_records",2026
"In vivo atherosclerotic plaque characterization using 7T quantitative T2*mapping distinguishes symptomatic middle cerebral artery plaques",NA,"10.1016/j.jocmr.2026.102738","2026","Bai X.","Journal of Cardiovascular Magnetic Resonance","scopus_records",2026
"Application of mild hypothermic arch-clamping technique in the repair of DeBakey type I aortic dissection",NA,"10.21037/jtd-2026-1-0189","2026","Luo C.","Journal of Thoracic Disease","scopus_records",2026
"Comparative efficacy of portable active cooling vs. passive cooling for reducing core temperature in exertional heat stroke: a systematic review and meta-analysis",NA,"10.3389/fpubh.2026.1811173","2026","Shi C.","Frontiers in Public Health","scopus_records",2026
"3,5-Dibromo-4-hydroxybenzaldehyde induced neurodevelopmental defects via endoplasmic reticulum stress-mediated apoptotic pathway in zebrafish",NA,"10.1016/j.cbi.2026.112010","2026","Zhang J.","Chemico Biological Interactions","scopus_records",2026
"Development and Evaluation of a Simple Prognostic Score to Predict Mortality in Patients Hospitalized for Heatstroke in a Resource-Limited Setting",NA,"10.3233/shti260198","2026","Kantagba Y.M.K.","Studies in Health Technology and Informatics","scopus_records",2026
"Association of long-term exposure to particle components on inpatient stroke hospitalizations among adults aged 40 years and older in the U.S. using weighted quantile sum regression",NA,"10.1016/j.envres.2026.124089","2026","Vu B.N.","Environmental Research","scopus_records",2026
"A three-dimensional skin-conformal hybrid electrode system for burden-free sEMG monitoring during exercises",NA,"10.1016/j.bios.2026.118502","2026","Mao Y.","Biosensors and Bioelectronics","scopus_records",2026
"Associations of Fine Particulate Matter and Its Specific Components With Recurrent Stroke and Secondary Morbidity and Mortality",NA,"10.1212/wnl.0000000000214879","2026","Zhu Z.","Neurology","scopus_records",2026
"Nanotechnology for ischemic stroke treatment: addressing challenges across stroke management stages",NA,"10.3389/fmolb.2026.1794828","2026","Wu Y.","Frontiers in Molecular Biosciences","scopus_records",2026
"Environmental pollution and cardiovascular health. Challenges and new perspectives",NA,"10.1016/j.arteri.2025.500802","2026","Gomez-Delgado F.","Clinica E Investigacion En Arteriosclerosis","scopus_records",2026
"Wildfires, brain health and mental health: A narrative review on the physiological and psychological interplay",NA,"10.1016/j.scitotenv.2026.181731","2026","Crandon T.J.","Science of the Total Environment","scopus_records",2026
"The level, source, and health effects of fine dust exposure in Southwest Iran",NA,"10.1007/s00484-026-03128-1","2026","Farhadi M.","International Journal of Biometeorology","scopus_records",2026
"The effects of extreme heat on stroke hospitalizations: Evidence from China",NA,"10.1016/j.ehb.2026.101595","2026","Li L.","Economics and Human Biology","scopus_records",2026
"Increasing risk of stroke with increased climate vulnerability: Assessing stroke burden and access to health care according to the climate vulnerability index in the United States",NA,"10.1016/j.jstrokecerebrovasdis.2026.108632","2026","Achey R.L.","Journal of Stroke and Cerebrovascular Diseases","scopus_records",2026
"The Combined Effects of Inpatient Environmental Noise Management and Mindful Breathing Regulation on Nocturnal Blood Pressure and Sleep Quality in Patients with Stroke Sequelae of Hyperactivity of Liver Yang Type",NA,"10.4103/nah.nah_29_26","2026","Li F.","Noise and Health","scopus_records",2026
"The burden of ischemic stroke among middle-aged and older adults in China from 1990 to 2023 and future projections",NA,"10.1016/j.jstrokecerebrovasdis.2026.108623","2026","Zhang X.","Journal of Stroke and Cerebrovascular Diseases","scopus_records",2026
"Technical Review of Magnetic Resonance Fingerprinting Applications in Cerebral Physiology",NA,"10.1002/mrm.70216","2026","Lin C.T.","Magnetic Resonance in Medicine","scopus_records",2026
"Generative Synthesis of Fractional Anisotropy Maps from T1 MRI Using Transfer Learning for White Matter Assessment in Stroke",NA,"10.1007/s10548-026-01202-w","2026","Kwon G.","Brain Topography","scopus_records",2026
"Stroke after aortic arch surgery with short circulatory arrest times: The role of cerebral perfusion strategies",NA,"10.1016/j.jtcvs.2025.10.019","2026","Makarem A.","Journal of Thoracic and Cardiovascular Surgery","scopus_records",2026
"PPARγ contributes to cardioprotection against heat stroke through ABCC5-dependent lipid metabolism",NA,"10.1016/j.redox.2026.104113","2026","Shen M.","Redox Biology","scopus_records",2026
"Tracking ferroptosis in stroke models via an ESIPT-based near-infrared fluorescent probe for real-time monitoring of mitochondrial GSH dynamics",NA,"10.1016/j.bioorg.2026.109597","2026","Wang W.","Bioorganic Chemistry","scopus_records",2026
"Seasonal migration and healthy ageing in China: protocol for the Frigid-Tropical Migratory Population Health (ftMPH) cohort",NA,"10.1136/bmjopen-2025-115657","2026","Guo J.","BMJ Open","scopus_records",2026
"Preserved Ratio Impaired Spirometry in Low- and Middle-Income Countries: An Emerging Cardiopulmonary Phenotype and Cardiovascular Risk—A Narrative Review",NA,"10.3390/life16050735","2026","Cioboata R.","Life","scopus_records",2026
"Evaluation of Posture-Dependent Signal Intensity and Contrast Alterations in Low-Field Brain Magnetic Resonance Imaging",NA,"10.3390/diagnostics16091333","2026","Yun C.S.","Diagnostics","scopus_records",2026
"Enhancing performance and operational regimes of the quantum Otto refrigerator with heat bath algorithmic cooling",NA,"10.1103/5xnl-tld7","2026","Wang Y.","Physical Review E","scopus_records",2026
"Discordant and Worse Reactivity of Peripheral Microvasculature in Acute Ischemic Stroke Patients",NA,"10.1111/micc.70058","2026","Liu G.N.","Microcirculation","scopus_records",2026
"Exertional Heat Stroke at the Vermont City Marathon, 2012 to 2023: High Incidence Despite Spring Season in the Northern United States",NA,"10.1097/jsm.0000000000001367","2026","Brillhart A.","Clinical Journal of Sport Medicine Official Journal of the Canadian Academy of Sport Medicine","scopus_records",2026
"Identification of potentially heat-vulnerability increasing drugs - a narrative review",NA,"10.1007/s00228-026-04054-2","2026","Stöllberger C.","European Journal of Clinical Pharmacology","scopus_records",2026
"Vessel Wall Imaging at 7T: State of the Art",NA,"10.3174/ajnr.a9065","2026","Rai P.","American Journal of Neuroradiology","scopus_records",2026
"Toward real-time autonomous navigation: transformer-based catheter tip tracking in fluoroscopy",NA,"10.1007/s11548-026-03647-7","2026","Robertshaw H.","International Journal of Computer Assisted Radiology and Surgery","scopus_records",2026
"Burden of diarrhoeal diseases among hospitalised patients in Thailand: a retrospective national database analysis (2014–2022)",NA,"10.1016/j.lansea.2026.100761","2026","Srisaeng S.","Lancet Regional Health Southeast Asia","scopus_records",2026
"Single-cell multiregion dissection of central nervous system aging",NA,"10.1093/gerona/glag103","2026","Niu R.Z.","Journals of Gerontology Series A Biological Sciences and Medical Sciences","scopus_records",2026
"Accuracy of Implantable Loop Recorders: Multicenter, Multidevice Comparison",NA,"10.1016/j.jacep.2025.12.039","2026","Kamsani S.H.","Jacc Clinical Electrophysiology","scopus_records",2026
"Clinical benefits and current challenges of photon-counting detector CT in vascular imaging",NA,"10.1093/radadv/umag021","2026","El Sadaney A.O.","Radiology Advances","scopus_records",2026
"Deep learning approach for stroke volume variation estimation: retrospective modeling and prospective deployment in real-world practice",NA,"10.1088/1361-6579/ae4cee","2026","Shin J.M.","Physiological Measurement","scopus_records",2026
"Mapping fast tissue dynamics with long camera exposures via intensity modulation",NA,"10.1073/pnas.2524940123","2026","Lu H.","Proceedings of the National Academy of Sciences of the United States of America","scopus_records",2026
"Nonoptimal Temperature and Cardiovascular Health: A Scientific Statement From the American Heart Association",NA,"10.1161/cir.0000000000001419","2026","Hanneman K.","Circulation","scopus_records",2026
"Innovative methodologies for elucidating bushfire smoke-induced pathophysiological mechanism",NA,"10.1016/j.scitotenv.2026.181645","2026","Paudel K.R.","Science of the Total Environment","scopus_records",2026
"A case-control study linking concentrations of microplastics in human cerebrospinal fluid to intracranial aneurysm risk",NA,"10.1016/j.envpol.2026.127788","2026","Fang Z.","Environmental Pollution","scopus_records",2026
"Sex and menstrual cycle effects on cerebrovascular responses to a single foot cold pressor test",NA,"10.1139/apnm-2024-0552","2026","Mei Y.","Applied Physiology Nutrition and Metabolism","scopus_records",2026
"Association of air pollution and depressive symptoms with cardiometabolic Multimorbidity in middle-aged and older adults: an analysis based on the China health and retirement longitudinal study (CHARLS)",NA,"10.1007/s00592-025-02637-6","2026","Li X.","Acta Diabetologica","scopus_records",2026
"Avoidable loss of life expectancy from ambient fine particulate matter in Korea: A national assessment based on mortality data for 2010–2019 and 2023",NA,"10.1016/j.ypmed.2026.108523","2026","Sung J.","Preventive Medicine","scopus_records",2026
"Variability in Key Physiological Parameters in Neurocritical Stroke Patients: A Multicenter Observational Study",NA,"10.3390/jcm15072674","2026","Alhaj Omar O.","Journal of Clinical Medicine","scopus_records",2026
"Air pollution and the cardiometabolic pathway to stroke",NA,"10.1016/j.ijcard.2026.134168","2026","Rosenbech K.","International Journal of Cardiology","scopus_records",2026
"Association Between Observed Climate Change and Cardiovascular Disease in the United States",NA,"10.1029/2025gh001588","2026","Yeager R.","Geohealth","scopus_records",2026
"Ultrafine particles and stroke hospitalizations: New insights of exposure-outcome threshold, daily peaks, and comorbidities",NA,"10.1016/j.jhazmat.2026.141749","2026","Guo L.","Journal of Hazardous Materials","scopus_records",2026
"The Global, Regional, and National Burden of Cardiovascular Diseases Attributable to Household Air Pollution from 1990 to 2021: Findings from the Global Burden of Disease Study 2021",NA,"10.3967/bes2025.141","2026","Zhao Z.","Biomedical and Environmental Sciences","scopus_records",2026
"The role of N6-methyladenosine associated genes in ischemic stroke risk: interplay with environmental factors",NA,"10.1007/s11239-025-03230-y","2026","Chiu Y.C.","Journal of Thrombosis and Thrombolysis","scopus_records",2026
"Engagement in Particulate Matter Exposure Reduction Behaviors Across Diverse Clinical Cohorts",NA,"10.3390/medicina62040689","2026","Moon S.W.","Medicina Lithuania","scopus_records",2026
"Too noisy, too dark: sleep environment at a typical stroke unit",NA,"10.1093/esj/aakag024","2026","Schuerch N.","European Stroke Journal","scopus_records",2026
"Comparison of deep learning reconstruction and adaptive statistical iterative reconstruction for head CT in acute stroke",NA,"10.1007/s00234-025-03898-2","2026","Sahu A.","Neuroradiology","scopus_records",2026
"Heat-Related Illnesses",NA,NA,"2026","Gauer R.L.","American Family Physician","scopus_records",2026
"Cold exposure promotes thrombotic risk in ischemic stroke by activating the platelet cGAS-STING pathway",NA,"10.1016/j.thromres.2026.109663","2026","Li Y.","Thrombosis Research","scopus_records",2026
"Interoception and allostatic load after stroke: A scoping review",NA,"10.1016/j.neubiorev.2026.106555","2026","Jenkinson P.M.","Neuroscience and Biobehavioral Reviews","scopus_records",2026
"Deep-learning reconstruction for noncontrast head computed tomography: Improved image quality and potential diagnostic impact in acute ischemic stroke",NA,"10.1007/s00234-026-03955-4","2026","Kim D.","Neuroradiology","scopus_records",2026
"A Non-Invasive Simplified Model for Estimating Lower Limb Muscle Forces During Slow Gait in Older Adults and Post-Stroke Individuals",NA,"10.3390/biomimetics11040226","2026","Liu K.","Biomimetics","scopus_records",2026
"Assessing health risks of extremely hot weather and the need for enhanced heat alerts in a City with a subtropical climate",NA,"10.1007/s00484-026-03155-y","2026","Law H.F.","International Journal of Biometeorology","scopus_records",2026
"Generative Artificial Intelligence to Automate Cerebral Perfusion Mapping in Acute Ischemic Stroke from Non-contrast Head Computed Tomography Images: Pilot Study",NA,"10.1007/s10278-025-01628-x","2026","Primiano N.J.","Journal of Imaging Informatics in Medicine","scopus_records",2026
"Bowhead whale foraging dives are defined by speed and body orientation",NA,"10.1371/journal.pone.0343408","2026","den Haan M.F.","Plos One","scopus_records",2026
"Masked pre-training and pseudo-vessel enhancement-based semi-supervised cerebral vascular segmentation",NA,"10.1002/mp.70440","2026","Wang S.","Medical Physics","scopus_records",2026
"The effects of tungsten inhalation and continuous administration of angiotensin II on cardiac injury and pulmonary outcomes",NA,"10.1016/j.taap.2026.117753","2026","MazloumiBakhshayesh M.","Toxicology and Applied Pharmacology","scopus_records",2026
"What do thermal indices lack to help predict heat-related risk in elite Athletics?",NA,"10.1136/bjsports-2025-110822","2026","Bandiera D.","British Journal of Sports Medicine","scopus_records",2026
"Moderate hyperthermia impairs dynamic cerebral autoregulation but not its directional sensitivity",NA,"10.1152/japplphysiol.01131.2025","2026","Taghizadeh M.","Journal of Applied Physiology","scopus_records",2026
"A Systematic Review of How Cardiopulmonary Bypass Parameters Influence Electroencephalogram Signals",NA,"10.3390/brainsci16040412","2026","Bao H.","Brain Sciences","scopus_records",2026
"Impact of graphene oxide nanoparticles on performance, combustion, emissions, and tribological characteristics of SAME20 algae biodiesel",NA,"10.1007/s11356-026-37697-w","2026","Thilipkumar P.","Environmental Science and Pollution Research","scopus_records",2026
"A Quali-Quantitative Analysis of Biosensing and Biotransducing Systems for Cardiovascular Monitoring: Pacemakers Active and Passive Stress",NA,"10.1109/tnb.2025.3645728","2026","Koyazo J.T.","IEEE Transactions on Nanobioscience","scopus_records",2026
"Network meta-analysis of cardioplegic methods, in elective isolated coronary artery bypass grafting",NA,"10.1177/02676591251359901","2026","Kalogerakos P.D.","Perfusion United Kingdom","scopus_records",2026
"Tongxinluo capsule in the treatment of cerebral small vessel disease: protocol of a randomised, double-blind, placebo-controlled, multicentre clinical study (TOPS-CSVD)",NA,"10.1136/svn-2024-003929","2026","Wang Y.","Stroke and Vascular Neurology","scopus_records",2026
"Pretreatment with schisandrin B attenuates heat stroke-induced myocardial injury and ferroptosis",NA,"10.1016/j.ejphar.2026.178672","2026","Lin Z.K.","European Journal of Pharmacology","scopus_records",2026
"Hybrid Polysaccharide/Magnetite Microgels for Drug-Free Magnetically Targeted Photothermal Thrombolysis",NA,"10.1002/adhm.202504603","2026","Sarfati P.","Advanced Healthcare Materials","scopus_records",2026
"Dual-Responsive Yarn-Based Artificial Muscles for Adaptive Thermal Management",NA,"10.1002/advs.202521717","2026","Pan M.","Advanced Science","scopus_records",2026
"Effects of long-term exposure to nitrogen dioxide with cardiovascular mortality: Evidence from a nationwide cohort study",NA,"10.1016/j.ecoenv.2026.119950","2026","Li X.","Ecotoxicology and Environmental Safety","scopus_records",2026
"Mortality from cancer and non-cancer diseases in the Lithuanian cohort of Chernobyl cleanup workers (2001–2020)",NA,"10.1002/ijc.70155","2026","Steponaviciene R.","International Journal of Cancer","scopus_records",2026
"Fisher information for the design of diffuse optical brain monitoring systems",NA,"10.1364/oe.582883","2026","Wang Z.G.","Optics Express","scopus_records",2026
"Embolic Stroke After Pulsed Field Ablation for Atrial Fibrillation",NA,"10.1016/j.jaccas.2025.106739","2026","Sasajima K.","Jacc Case Reports","scopus_records",2026
"Air pollution and ischemic stroke across socioeconomic groups in the Netherlands",NA,"10.1016/j.scitotenv.2026.181543","2026","Hlubek N.","Science of the Total Environment","scopus_records",2026
"Association between long-term exposure to artificial light at night and air pollution, and cardiovascular diseases in middle-aged and older adults",NA,"10.1371/journal.pone.0338457","2026","Liu Z.","Plos One","scopus_records",2026
"Benefit of urban greenness on patients after an ischaemic stroke: mortality or recurrence? A registry-based cohort study",NA,"10.1371/journal.pone.0339241","2026","Anxionnat R.","Plos One","scopus_records",2026
"Clinical Profile and Outcome of Heat-Stroke Patients Presenting to the Emergency Department of a Tertiary Care Center in Eastern Part of India",NA,"10.1177/10806032251361709","2026","Bhushan D.","Wilderness and Environmental Medicine","scopus_records",2026
"Predicting time-to-event outcomes in critically ill patients with intracerebral hemorrhage using machine learning",NA,"10.1177/03000605261433691","2026","Chen J.","Journal of International Medical Research","scopus_records",2026
"Synthetic data generation with Worley–Perlin diffusion for robust subarachnoid hemorrhage detection in imbalanced CT Datasets",NA,"10.1007/s11548-025-03482-2","2026","Lu Z.","International Journal of Computer Assisted Radiology and Surgery","scopus_records",2026
"Association between nocturnal ozone enhancement and daily cardiovascular mortality: A multi-city study in China",NA,"10.1016/j.eehl.2025.100211","2026","Jian Z.","Eco Environment and Health","scopus_records",2026
"Drinking water arsenic, urinary arsenic biomarkers, and cognitive impairment in the REGARDS study",NA,"10.1016/j.envres.2026.123768","2026","Angley M.","Environmental Research","scopus_records",2026
"Nitrite supplementation alleviates cerebrovascular dysfunction in chronically stressed mice, but cognitive decline remains",NA,"10.1113/ep092501","2026","Burrage E.","Experimental Physiology","scopus_records",2026
"Biodiesel and alcohol-biodiesel blends in marine diesel engines: Fuel properties, engine behavior, environmental impacts, and operational challenges",NA,"10.1016/j.marpolbul.2025.119169","2026","Christopher Selvam D.","Marine Pollution Bulletin","scopus_records",2026
"Spatial and spatiotemporal pattern of stroke relative risk in Ghana using Bayesian modelling approach",NA,"10.1016/j.jstrokecerebrovasdis.2026.108567","2026","Iddrisu A.K.","Journal of Stroke and Cerebrovascular Diseases","scopus_records",2026
"Heat stroke-induced hepatic lipid dysregulation: histological and lipidomic insights",NA,"10.1007/s00795-025-00441-3","2026","Deguchi T.","Medical Molecular Morphology","scopus_records",2026
"Temperature-Gradient Transcriptomic Atlas Reveals the PPAR Signaling Pathway Dysfunction in Heat Stroke Induced Liver Injury",NA,"10.1096/fba.2025-00308","2026","Zhu Y.","FASEB Bioadvances","scopus_records",2026
"Environmental Noise and Cardiovascular Risk: A Causal Inference Study",NA,"10.4103/nah.nah_3_26","2026","Xiao H.","Noise and Health","scopus_records",2026
"VFA-Net3D: A zero-shot vascular flow-guided 3D network for brain vessel segmentation in acute ischemic stroke",NA,"10.1016/j.compmedimag.2026.102712","2026","Zaman A.","Computerized Medical Imaging and Graphics","scopus_records",2026
"Deep Learning for Segmenting Ischemic Stroke Infarction in Non-contrast CT Scans by Utilizing Asymmetry",NA,"10.1007/s00062-025-01559-8","2026","Sun J.","Clinical Neuroradiology","scopus_records",2026
"Historical Cohort Study of Male Styrene-Based Products Manufacturers: A 33-Year Mortality Update",NA,"10.1097/jom.0000000000003575","2026","Egnot N.S.","Journal of Occupational and Environmental Medicine","scopus_records",2026
"Effect of dynamic cerebral autoregulation of cerebral blood flow regulation during cold pressor test",NA,"10.14814/phy2.70813","2026","Ogoh S.","Physiological Reports","scopus_records",2026
"A Novel Improved Whale Optimization Algorithm-Based Multi-Scale Fusion Attention Enhanced SwinIR Model for Super-Resolution and Recognition of Text Images on Electrophoretic Displays",NA,"10.3390/biomimetics11030195","2026","Xiong X.","Biomimetics","scopus_records",2026
"Association between residential greenness and risks of diabetic complications among individuals with type 2 diabetes and the roles of healthy lifestyle behaviors",NA,"10.1016/j.eehl.2026.100220","2026","Chen N.","Eco Environment and Health","scopus_records",2026
"Per- and polyfluoroalkyl substances: A novel risk factor for cardiovascular disease",NA,"10.1016/j.ecoenv.2026.119955","2026","Chen W.","Ecotoxicology and Environmental Safety","scopus_records",2026
"Silent magnetic resonance angiography: Techniques and applications of neurovascular imaging",NA,"10.1016/j.ejrad.2026.112654","2026","Kumar S.","European Journal of Radiology","scopus_records",2026
"Longitudinal Esophageal Wall Rupture and Mediastinitis Due to Esophageal Warming Balloon Dysfunction During Left Atrial Ultralow Cryoablation for Persistent Atrial Fibrillation: A Case Report",NA,"10.1111/jce.70274","2026","Makarian R.","Journal of Cardiovascular Electrophysiology","scopus_records",2026
"Temporal changes in Krüppel-like factor 2 and thrombomodulin correlate with coagulation, endothelial, and liver damage in exertional heat stroke rats",NA,"10.1016/j.bbrc.2026.153327","2026","Shen Y.","Biochemical and Biophysical Research Communications","scopus_records",2026
"Accurate Modeling of Ejection Fraction and Stroke Volume With Mobile Phone Auscultation: Prospective Case-Control Study",NA,"10.2196/57111","2026","Huecker M.","Jmir Cardio","scopus_records",2026
"Exploring the effects of occupational noise on cardiovascular and cerebrovascular diseases: A Mendelian randomization study",NA,"10.1097/md.0000000000047331","2026","Peng S.","Medicine United States","scopus_records",2026
"Heatstroke knowledge and predictors among Hajj health volunteers in Saudi Arabia: a cross-sectional study",NA,"10.7717/peerj.20816","2026","Alamoudi F.","Peerj","scopus_records",2026
"Atomically Precise Metal Clusters for NIR-II Imaging",NA,"10.1021/acs.accounts.5c00837","2026","Ma H.","Accounts of Chemical Research","scopus_records",2026
"The immunothrombosis pathway linking pulmonary disease to stroke and neurodegeneration: mechanisms and therapeutic implications",NA,"10.3389/fphar.2026.1811794","2026","Zou A.","Frontiers in Pharmacology","scopus_records",2026
"The Physiological Challenge of Climate Change for Free-Living Terrestrial Mammals",NA,"10.1146/annurev-physiol-052824-091026","2026","Fuller A.","Annual Review of Physiology","scopus_records",2026
"COmbination of Targeted temperature management and Thrombectomy after acute Ischemic Stroke (COTTIS) to improve favorable neurological outcome: a matched-pair analysis",NA,"10.1093/esj/aakaf031","2026","Niesen W.D.","European Stroke Journal","scopus_records",2026
"Self-induced large pitch artificial muscles with giant stroke for soft robotic applications",NA,"10.1088/1748-3190/ae37b7","2026","Xu B.","Bioinspiration Biomimetics","scopus_records",2026
"Mortality among U.S. Industrial Radiographers Exposed to Ionizing Radiation, 1969–2019",NA,"10.1667/rade-23-00112.1","2026","Boice J.D.","Radiation Research","scopus_records",2026
"Influence of Piston Bowl Geometry and Hydrogen–Diesel Mixing Ratios on Dual-Fuel Engine Combustion",NA,"10.1021/acsomega.5c09077","2026","Kumar R.","ACS Omega","scopus_records",2026
"Probiotic Bifidobacterium Confers Protection Against Heat Stroke Through Enhancement of Intestinal Barrier Function in Rats",NA,"10.1097/shk.0000000000002805","2026","Cai G.","Shock","scopus_records",2026
"Ultra-Low Cryoablation for Scar-Related VT Ablation: Results From the US Early Feasibility Study",NA,"10.1161/circep.125.014095","2026","Weiss J.P.","Circulation Arrhythmia and Electrophysiology","scopus_records",2026
"Projected health benefits of air pollution reductions in a Swedish population",NA,"10.1177/14034948241264099","2026","Oudin A.","Scandinavian Journal of Public Health","scopus_records",2026
"The role of comorbidities in the associations between air pollution and Alzheimer’s disease: A national cohort study in the American Medicare population",NA,"10.1371/journal.pmed.1004912","2026","Deng Y.","Plos Medicine","scopus_records",2026
"Action potential: Impact of climate change on neurological disease in Ireland",NA,"10.1007/s11845-025-04117-w","2026","Donlon E.","Irish Journal of Medical Science","scopus_records",2026
"Endothelial BACE1, regulating the endothelial-to-mesenchymal transition (EndMT) induced by particulate matter (PM), is associated with cerebrovascular disease: Involvement of endothelial BACE1 in BBB disruption caused by diabetes",NA,"10.1016/j.freeradbiomed.2025.11.021","2026","Park J.H.","Free Radical Biology and Medicine","scopus_records",2026
"Temporal Trends of Pediatric Stroke Burden Attributable to Nonoptimal Temperature in the USA, 1990–2019: An Analysis for the Global Burden of Disease Study",NA,"10.1159/000545259","2026","Lin C.Y.","Neuroepidemiology","scopus_records",2026
"Weathering the storm: Effect of climate change on acute stroke care and stroke rehabilitation",NA,"10.1002/pmrj.13218","2026","Jones E.M.","Pm R","scopus_records",2026
"The effects of prophylactic use of paracetamol on body temperature and blood pressure in elderly patients with acute stroke: Data from the PRECIOUS trial",NA,"10.1371/journal.pone.0342937","2026","de Jonge J.C.","Plos One","scopus_records",2026
"Thermoregulatory dysfunction in the chronic phase of cerebrovascular disease: Hypothalamus damage and behavior control deficits.",NA,"10.1037/neu0001046","2026","Funayama M.","Neuropsychology","scopus_records",2026
"Mortality, morbidity and healthcare costs of short-term high temperatures and heatwaves exposure in older populations: a global systematic review and meta-analysis",NA,"10.1016/j.envint.2026.110129","2026","Günsche S.","Environment International","scopus_records",2026
"Weathering the storms of climate change: Preparing persons with disabilities and the physiatrists who provide their care for extreme hurricanes",NA,"10.1002/pmrj.13159","2026","Andreae M.","Pm R","scopus_records",2026
"Dual antiplatelet therapy increases intracerebral hemorrhage and edema after controlled cortical impact and can be partially encountered by 12/15-lipoxygenase inhibition",NA,"10.1177/0271678x251371376","2026","Lieschke F.","Journal of Cerebral Blood Flow and Metabolism","scopus_records",2026
"Influence of geography, stroke timing, and weather conditions on transport and workflow times: Results from a longitudinal 5-year Canadian provincial registry",NA,"10.1177/15910199231196614","2026","Kashani N.","Interventional Neuroradiology","scopus_records",2026
"Burden of Non-communicable Diseases Attributable to High and Low Ambient Temperatures, 1990–2031: A Forecasting Analysis for GBD 2021",NA,"10.1007/s11596-025-00148-7","2026","Pu L.","Current Medical Science","scopus_records",2026
"Acute sleep deprivation reduces thermotolerance and exacerbates heat stroke via disruption of intestinal barrier integrity in rats",NA,"10.1016/j.sleep.2025.108699","2026","Li L.","Sleep Medicine","scopus_records",2026
"Vegetation type dominates slope-scale material loss under extreme rainfall: Nonlinear responses revealed by machine learning",NA,"10.1016/j.jconhyd.2026.104846","2026","Wu A.","Journal of Contaminant Hydrology","scopus_records",2026
"“Head First” approach streamlines aortic arch replacement",NA,"10.1016/j.xjtc.2025.10.012","2026","Wu B.C.B.","Jtcvs Techniques","scopus_records",2026
"Neurologic Complications of Pregnancy and Menopause",NA,"10.1212/cont.0000000000001665","2026","Jones L.K.","Continuum Lifelong Learning in Neurology","scopus_records",2026
"Two-Stroke Pumping Technique for Many-Body Systems",NA,"10.3390/e28020202","2026","Galam S.","Entropy","scopus_records",2026
"Wireless Movement Activity and Cardiometabolic Disease Risk in Historical Redlined Areas",NA,"10.1016/j.jacadv.2025.102528","2026","Zhang T.","Jacc Advances","scopus_records",2026
"Pulse Wave Velocity Estimation in a Controlled In Vitro Vascular Model: Benchmarking Machine Learning Approaches",NA,"10.3390/s26031066","2026","Barvik D.","Sensors","scopus_records",2026
"Nontargeted metabolomics analysis of potential biomarkers for patients with chronic ischemic stroke in extremely cold rural regions: An exploratory case-control study",NA,"10.1371/journal.pone.0341966","2026","Bai L.","Plos One","scopus_records",2026
"Hot water immersion: a (not so) new therapy for the primary and secondary prevention of hypertension?",NA,"10.1152/japplphysiol.00846.2025","2026","Roxburgh B.H.","Journal of Applied Physiology","scopus_records",2026
"Neutrophil:lymphocyte ratio and cell-free DNA dynamics during excessive heat stress in occupational and experimental settings",NA,"10.1016/j.jtherbio.2026.104424","2026","Hansson E.","Journal of Thermal Biology","scopus_records",2026
"Single centre Asian experience of first 100 cases of frozen elephant trunk procedures: Humble beginning, evolution and lessons learned",NA,"10.1177/02184923251409431","2026","Krishna Moorthy P.S.","Asian Cardiovascular and Thoracic Annals","scopus_records",2026
"Compositional Effects of the Structure and Properties of 3D Printed Stratified rPET/rPETG Shape Memory Composites",NA,"10.3390/polym18030370","2026","Sava Ș.D.","Polymers","scopus_records",2026
"Mechanistic Interpretation of Beat-to-Beat Cardiovascular Variability in Hypertension Using a Closed-Loop Cardiovascular Model",NA,"10.1002/cnm.70148","2026","Ooi J.H.","International Journal for Numerical Methods in Biomedical Engineering","scopus_records",2026
"Faecal microbiome, gastrointestinal integrity, inflammation and thermoregulation in recent exertional heat illness patients and matched controls",NA,"10.1113/ep092849","2026","Gould A.A.M.","Experimental Physiology","scopus_records",2026
"Association Between Living Environmental Factors and Stroke in Middle-Aged and Older Chinese Adults: A Nationwide Prospective Cohort Study",NA,"10.1161/jaha.125.043867","2026","Huang X.","Journal of the American Heart Association","scopus_records",2026
"Stroke, Small-Vessel Disease, and Occupation: Systematic Review and Data Analysis",NA,"10.1161/jaha.124.039035","2026","Zhang T.","Journal of the American Heart Association","scopus_records",2026
"The impact of air quality index (AQI) and particulate matter 2.5 (PM) concentration on the incidence of stroke in Karachi, Pakistan: A bidirectional cohort study",NA,"10.47391/jpma.21691","2026","Ali M.","Journal of the Pakistan Medical Association","scopus_records",2026
"Exploring new rehabilitation pathways for stroke based on the comorbidity of post-stroke hypoesthesia with anxiety and depression",NA,"10.7717/peerj.20679","2026","Chen Y.","Peerj","scopus_records",2026
"Ultra-Sensitive Dual-Resonator Graphene Pressure Sensor with Temperature Self-Compensation",NA,"10.1002/advs.202517536","2026","Wan Z.","Advanced Science","scopus_records",2026
"Antagonism of the EP2 Receptor Reveals Sex-Specific Protection in a Two-Hit Mouse Model of Alzheimer’s Disease",NA,"10.1021/acschemneuro.5c00780","2026","Banik A.","ACS Chemical Neuroscience","scopus_records",2026
"Selenium-Containing Nanoscale Hydrogen-Bonded Organic Framework Nanozymes for Multienzyme Cascade Antioxidant-Targeted Therapy of Cerebral Ischemia–Reperfusion Injury",NA,"10.1021/acsnano.5c20015","2026","Tian R.","ACS Nano","scopus_records",2026
"Ambient Ultrafine Particulate Air Pollution and Incidence of Cardiovascular Diseases",NA,"10.1021/envhealth.5c00228","2026","Luo H.","Environment and Health","scopus_records",2026
"Long-term ultrafine particles exposure and prevalence of cardiovascular diseases and stroke: The 33-communities Chinese health study",NA,"10.1016/j.jhazmat.2026.141042","2026","Xu S.","Journal of Hazardous Materials","scopus_records",2026
"Critical Temperature Thresholds for Identifying Vulnerability to Heat-Related Excess Cardiovascular Morbidity and Mortality",NA,"10.1161/jaha.125.046117","2026","Graffy P.M.","Journal of the American Heart Association","scopus_records",2026
"Air Pollution and Cardiovascular Morbidity in India: A Systematic Review",NA,"10.1097/crd.0000000000001168","2026","Saran A.B.","Cardiology in Review","scopus_records",2026
"Atomic oxygen photometric temperature of lightning and its sub-processes with SOPAPILLA",NA,"10.1038/s41598-025-34189-8","2026","Wemhoner J.","Scientific Reports","scopus_records",2026
"Posterior reversible encephalopathy syndrome in a child with leptospira-associated glomerulonephritis: the 3 P’S framework",NA,"10.1136/bcr-2025-269939","2026","Shu B.C.","BMJ Case Reports","scopus_records",2026
"Climate change and cerebrovascular diseases: A narrative review with Brazilian regional analysis",NA,"10.1177/17474930261429878","2026","Rodrigues D.L.G.","International Journal of Stroke","scopus_records",2026
"A Review of the Increasing Impact and Effects of Air Pollution Throughout Life and Before Birth",NA,"10.12659/msm.953109","2026","Parums D.V.","Medical Science Monitor","scopus_records",2026
"Is Air Pollution and Climate Change an Emerging Risk Factor for Stroke-A Prospective Study from India",NA,"10.4103/neurol-india.neurol-india-d-25-00631","2026","Bhasin A.","Neurology India","scopus_records",2026
"Association between ambient fine particulate matter and hemorrhagic stroke in Yancheng, China",NA,"10.3389/fpubh.2026.1882030","2026","Qian K.","Frontiers in Public Health","scopus_records",2026
"Short-term exposure to outdoor air pollution significantly associated with severity of acute ischaemic stroke: evidence from the 4S registry",NA,"10.1136/svn-2025-004525","2026","Cao N.","Stroke and Vascular Neurology","scopus_records",2026
"The burden of stroke attributable to ambient particulate matter pollution in China: findings from the Global Burden of Disease Study 2021",NA,"10.1080/09603123.2025.2538500","2026","Wang W.","International Journal of Environmental Health Research","scopus_records",2026
"Attributable risk of hospital admissions for ischemic stroke due to ambient air pollution: a time-series study in Zhangzhou, China",NA,"10.3389/fpubh.2026.1850457","2026","Ji Y.","Frontiers in Public Health","scopus_records",2026
"Effects of temperature and humidity on hospitalizations for metabolic syndrome with cerebral infarction among older adults in Panzhihua: a distributed lag non-linear model analysis",NA,"10.3389/fpubh.2026.1674020","2026","Chen B.","Frontiers in Public Health","scopus_records",2026
"Sex-specific associations between physical activity and cardiovascular disease under air pollution among the middle-aged and elderly population: A nationwide cross-sectional study in China",NA,"10.1016/j.jnha.2025.100731","2026","Xie H.","Journal of Nutrition Health and Aging","scopus_records",2026
"Size-specific health effects of particulate matter components on cardiovascular mortality: a weekly time-series study in Tianjin, China",NA,"10.1080/09603123.2026.2706019","2026","Wang J.","International Journal of Environmental Health Research","scopus_records",2026
"Impact of PM2.5 Air Pollution on Mortality from Circulatory System Diseases in the Neighborhoods of the City of Rio de Janeiro (2000-2019)",NA,"10.36660/abc.20250459i","2026","de Moura P.H.","Arquivos Brasileiros De Cardiologia","scopus_records",2026
"Air, Noise, and Light Pollution and Thromboembolic Cardiovascular Complications: A TH Scientific Statement",NA,"10.1055/a-2820-4197","2026","Kurasz A.","Thrombosis and Haemostasis","scopus_records",2026
"Sensitive life-stage periods and genetic susceptibility in the association between air pollution and ischaemic stroke risk: a Bayesian life-course analysis",NA,"10.1136/jech-2026-226064","2026","Wei S.","Journal of Epidemiology and Community Health","scopus_records",2026
"High ambient temperature, humidity, heat index, and stroke risk in a Mediterranean region",NA,"10.1177/17474930261429880","2026","Negev M.","International Journal of Stroke","scopus_records",2026
"Association between short-term air pollution exposure and the risk of fatal recurrence within 1 year in patients with first-episode acute hemorrhagic stroke: a time-stratified case-crossover study",NA,"10.3389/fpubh.2026.1827069","2026","Gu X.","Frontiers in Public Health","scopus_records",2026
"Metabolic Signatures of Air Pollution and Major Adverse Cardiovascular Events in Patients Undergoing Cardiac Catheterization",NA,"10.1016/j.jacadv.2025.102481","2026","Liu C.","Jacc Advances","scopus_records",2026
"Fine Particulate Matter Exposure and Risk of Major Adverse Cardiac and Cerebrovascular Events (MACCE) in Post-Percutaneous Coronary Intervention (PCI) Patients: A Thai PCI Registry-Based Cohort Study",NA,"10.5334/gh.1539","2026","Suppasilp C.","Global Heart","scopus_records",2026
"Seasonal and Temperature-Related Variation in Subarachnoid Hemorrhage Hospital Admissions: A Nationwide Ecological Time-Series Analysis in Brazil, 2020–2024",NA,"10.1007/s12028-026-02610-3","2026","Rodrigues D.L.G.","Neurocritical Care","scopus_records",2026
"Particulate Air Pollution, Disease, and Death in the Cities and Towns of Southwestern Pennsylvania",NA,"10.5334/aogh.5145","2026","Whitman E.M.","Annals of Global Health","scopus_records",2026
"Compound Exposure to Extreme Heat and Substantial Landscape Fire-Sourced Air Pollution on Cardiovascular Mortality",NA,"10.1016/j.jacc.2026.06.005","2026","Wen B.","Journal of the American College of Cardiology","scopus_records",2026
"The Latest Global Stroke Fact Sheet 1990–2023: Global Burden of Disease Study",NA,"10.1159/000552065","2026","Feigin V.L.","Acta Cytologica","scopus_records",2026
"Projected Health and Economic BenefitTargets in China: Modeling Study of Air Quality",NA,"10.2196/84809","2026","Wang S.","Jmir Public Health and Surveillance","scopus_records",2026
"Global, Regional, and National Burden Attributed to Particulate Matter Pollution, 1990–2021: A Systematic Analysis for the Global Burden of Disease Study 2021",NA,"10.5334/aogh.4965","2026","Li Y.","Annals of Global Health","scopus_records",2026
"Stroke Burden and Risk Factor Disparities across East Asia, Western Europe, and North America, 1990–2023, with Forecasts to 2050",NA,"10.1159/000552068","2026","Bae Y.","Acta Cytologica","scopus_records",2026
"Short-Term Extreme Temperatures, Temperature Fluctuations, and the Risk of Aneurysmal Subarachnoid Hemorrhage: A Nationwide Case-Crossover Study",NA,"10.1161/strokeaha.125.052300","2026","Guo X.","Stroke","scopus_records",2026
"Toward a “green” brain health agenda: establishing short- and long-term goals for the field of neurology in a changing climate",NA,"10.3389/fneur.2025.1618365","2026","Trahair E.D.","Frontiers in Neurology","scopus_records",2026
"Ischemic Stroke Burden Attributable to Household Air Pollution in WHO Regions from 1990 to 2021",NA,"10.1055/a-2849-6275","2026","Feng B.","Thrombosis and Haemostasis","scopus_records",2026
"A unified magnetic nanoprobe enables multi-sequence MRI mapping of post-stroke cerebrovascular and glymphatic injuries",NA,"10.1016/j.biomaterials.2026.124534","2026","Zhao X.","Biomaterials","scopus_records",2026
"Joint Exposure to Estimated Small Dense LDL-C and Long-Term PM 2.5 and Risk of Incident Stroke: A Chinese Longitudinal Cohort Study",NA,"10.1002/lipd.70072","2026","Wang L.","Lipids","scopus_records",2026
"Exertional heat stroke-related acute kidney injury: novel animal and cellular models",NA,"10.1080/0886022x.2026.2676320","2026","Liu J.","Renal Failure","scopus_records",2026
"Ending the single versus multi-bedroom debate: Hybrid rooms meet stroke rehabilitation needs",NA,"10.1371/journal.pone.0356623","2026","White M.","Plos One","scopus_records",2026
"Nighttime Cold Stress and Cardiovascular Emergency Hospitalizations: A Time-Series Analysis by Sex and Age in a Subtropical City",NA,"10.1161/jaha.125.045799","2026","Li Y.","Journal of the American Heart Association","scopus_records",2026
"Integrated network toxicology and In Vitro/In Vivo experiments reveal molecular mechanisms of perfluorooctanoic acid exposure affecting intracerebral hemorrhage prognosis",NA,"10.1016/j.ecoenv.2025.119664","2026","Wu J.W.","Ecotoxicology and Environmental Safety","scopus_records",2026
"PM 2.5 and black carbon associated with acute ischaemic stroke: an ecological study",NA,"10.1136/bmjno-2025-001035","2026","Kongbunkiat K.","BMJ Neurology Open","scopus_records",2026
"Application value of isotropic acquisition with simultaneous multi-slice diffusion weighted imaging in subacute early small artery occlusive cerebral infarction",NA,"10.3389/fneur.2026.1774766","2026","He C.","Frontiers in Neurology","scopus_records",2026
"Seasonal and Meteorological Influences on Stroke Incidence and Outcomes in a Tropical Urban Setting: A 10-Year Retrospective Study in Douala, Cameroon",NA,"10.1029/2025gh001485","2026","Magnerou A.M.","Geohealth","scopus_records",2026
"Development intensity and incident stroke risk: a longitudinal study of the REGARDS cohort",NA,"10.1080/23748834.2025.2610065","2026","Antonakos C.L.","Cities and Health","scopus_records",2026
"The Evolving Premature Burden of Ischemic Stroke (GBD 2023) among Adults Aged 50–69 Years in China, India, and the United States: A 34-Year Predictive Analysis Based on YLL/YLD Decomposition and ARIMA Models (1990–2053)",NA,"10.1159/ned/adwag005","2026","He R.","Acta Cytologica","scopus_records",2026
"Global and Regional Burden of Ischemic Stroke in Presumed Postmenopausal Women Aged ≥ 55 Years: A Systematic Analysis of the Global Burden of Disease Study 2021",NA,"10.2147/ijwh.s624851","2026","He H.","International Journal of Women S Health","scopus_records",2026
"Lipid management for primary and secondary stroke prevention consensus paper of the International Lipid Expert Panel (ILEP)",NA,"10.1016/j.pcad.2025.11.003","2026","Banach M.","Progress in Cardiovascular Diseases","scopus_records",2026
"Non-cancer mortality among firefighters: a meta-analytic review of heart disease, stroke, respiratory disease, liver disease, accidents, and suicide",NA,"10.3389/fpubh.2026.1714033","2026","Pinheiro P.S.","Frontiers in Public Health","scopus_records",2026
"Young stroke: An update on epidemiology, emerging risk factors, and future research directions",NA,"10.1177/17474930251400524","2026","Rasing A.","International Journal of Stroke","scopus_records",2026
"Gut microbiota modulation in the prevention and treatment of heat stroke",NA,"10.3389/fimmu.2026.1837970","2026","Wang Z.","Frontiers in Immunology","scopus_records",2026
"Predicting cardiometabolic multimorbidity trajectory in middle-aged and older Chinese adults: insights from the cohort study on global ageing and adult health",NA,"10.3389/fmed.2026.1890290","2026","Xie L.","Frontiers in Medicine","scopus_records",2026
"A comparison of the effects of temperature change between neighboring days and diurnal temperature range on stroke incidence in rural Northwest",NA,"10.1080/09603123.2025.2519746","2026","Zhai G.","International Journal of Environmental Health Research","scopus_records",2026
"The rising incidence of stroke in the young: Epidemiology, causes and global impact",NA,"10.1177/17474930251362583","2026","Nehme A.","International Journal of Stroke","scopus_records",2026
"From population to individual: advocating personalised digital tools for heat-health early warning in a changing climate",NA,"10.1016/j.lanplh.2026.101511","2026","Du P.","Lancet Planetary Health","scopus_records",2026
"The impact of ward noise management and comprehensive nursing intervention on cognitive function, psychological health, and prognosis of post-stroke patients: a randomized controlled trial",NA,"10.3389/fneur.2026.1778278","2026","Deng Y.","Frontiers in Neurology","scopus_records",2026
"Elevated Hydrocarbon Exposure Escalates Coronary and Cerebrovascular Disease Risks: A Comprehensive Systematic Review",NA,"10.2147/vhrm.s607849","2026","Sulthana H.","Vascular Health and Risk Management","scopus_records",2026
"Diagnostic efficacy, costs, and safety of portable ultra-low field MRI in brain imaging: A systematic review",NA,"10.1017/cjn.2026.10632","2026","Abate G.B.","Canadian Journal of Neurological Sciences","scopus_records",2026
"Estimated lithium exposure in drinking groundwater and stroke risks in the United States",NA,"10.1177/17474930261432186","2026","Luo J.","International Journal of Stroke","scopus_records",2026
"Stroke-Based Cyclic Amplifier: Image Super-Resolution at Arbitrary Ultra-Large Scales",NA,"10.1109/tip.2026.3695560","2026","Guo W.","IEEE Transactions on Image Processing","scopus_records",2026
"Superior thermotolerance in young versus adult rats undergoing heat stroke is associated with age-related differences in intestinal barrier integrity and heat shock protein responses",NA,"10.3389/fcell.2026.1642359","2026","Cai Y.","Frontiers in Cell and Developmental Biology","scopus_records",2026
"Robust filtering of thin-slice reconstructions improves lacunar stroke detection in CT perfusion imaging",NA,"10.1002/mp.70271","2026","Vromans J.","Medical Physics","scopus_records",2026
"Improving physiological monitoring and reporting standards in preclinical stroke research",NA,"10.1177/0271678x261479470","2026","Premilovac D.","Journal of Cerebral Blood Flow and Metabolism","scopus_records",2026
"Heat Stroke Encephalopathy Without the Presence of Distinct Imaging Findings: Case Report and Review of Literature",NA,"10.1155/crcc/6609879","2026","Sholes R.","Case Reports in Critical Care","scopus_records",2026
"Shortening MRI scanning time for acute ischemic stroke: analysis of the effect of 3.0T MRI compressed sensing deep learning reconstruction",NA,"10.1007/s10140-026-02496-w","2026","Jiang X.","Emergency Radiology","scopus_records",2026
"Deep learning–reconstructed time-maximum intensity projection versus iterative reconstruction for collateral assessment in acute anterior circulation ischemic stroke",NA,"10.1016/j.ejrad.2025.112524","2026","Zheng Q.f.","European Journal of Radiology","scopus_records",2026
"AI-based synthetic CT angiography from non-contrast CT for cerebrovascular disease screening",NA,"10.1177/17474930261473812","2026","Liao J.","International Journal of Stroke","scopus_records",2026
"Duloxetine ameliorates cerebral ischemic injury by inhibiting autophagy",NA,"10.1080/15548627.2026.2641616","2026","Viotti A.","Autophagy","scopus_records",2026
"The health effects of extreme heat",NA,"10.4102/phcfm.v18i1.5372","2026","Lahri S.","African Journal of Primary Health Care and Family Medicine","scopus_records",2026
"Feasibility of a live-stream group dance intervention with inpatients in subacute post-stroke rehabilitation: A pilot study",NA,"10.1177/20552076261459521","2026","Beaudry L.","Digital Health","scopus_records",2026
"Nutritional risk, cold exposure, and stroke severity in older adults: an exploratory analysis of the “collapsed furnace” hypothesis",NA,"10.3389/fpubh.2026.1838018","2026","Zhou Y.","Frontiers in Public Health","scopus_records",2026
"Effects of seasonal temperature variability on glucose levels in acute ischemic stroke patients",NA,"10.1007/s00484-025-03103-2","2026","Miaomiao W.","International Journal of Biometeorology","scopus_records",2026
"Somatosensory augmentation has sustained effects on mediolateral foot placement modulation while walking in people with chronic stroke",NA,"10.1016/j.gaitpost.2025.110005","2026","Howard K.E.","Gait and Posture","scopus_records",2026
"Effect of Ice Consistency and Sodium Chloride Additives on Cooling Speed and Final Temperature for Cold Water–Ice Immersion in Heat Stroke",NA,"10.5811/westjem.48490","2026","Goldmann A.","Western Journal of Emergency Medicine","scopus_records",2026
"The global burden of cardiovascular disease in adults: A mapping review",NA,"10.1093/eurjcn/zvaf243","2026","Victor G.","European Journal of Cardiovascular Nursing","scopus_records",2026
"Optimizing Transnasal Temperature Modulation: Efficacy and Safety of a Single-Nostril Cooling Device in Critically Ill Patients",NA,"10.1177/21537658261468190","2026","Wagner M.","Therapeutic Hypothermia and Temperature Management","scopus_records",2026
"Application of non-invasive electroencephalogram-based brain-computer interfaces in post-stroke hand function rehabilitation",NA,"10.1080/10749357.2026.2723408","2026","Peng W.","Topics in Stroke Rehabilitation","scopus_records",2026
"Association between noise pollution perception and prevalence of cardiovascular disease in a Chinese adult population: a cross-sectional study based on the CGSS 2021 cardiovascular disease dataset",NA,"10.3389/fpubh.2026.1873102","2026","Zhang Z.","Frontiers in Public Health","scopus_records",2026
"Target temperature management in acute ischemic stroke",NA,"10.3389/fmolb.2026.1728769","2026","Gao L.","Frontiers in Molecular Biosciences","scopus_records",2026
"Ammonium tetrathiomolybdate ameliorates heat stroke-induced murine liver injury by activating the Nrf2/HO-1 signaling pathway and inhibiting oxidative stress",NA,"10.1016/j.freeradbiomed.2025.11.005","2026","Jiang G.l.","Free Radical Biology and Medicine","scopus_records",2026
"In-hospital survival and predictors of mortality among stroke patients at a tertiary hospital in Ghana: A retrospective cohort study",NA,"10.1371/journal.pone.0340447","2026","Abdulai S.B.","Plos One","scopus_records",2026
"Impact of seasonal temperature variations on adverse outcomes in atrial fibrillation: comparative insights from Vigo and Murcia cohorts",NA,"10.7189/jogh.16.04110","2026","Soler-Espejo E.","Journal of Global Health","scopus_records",2026
"Microvascular Reactivity to Cutaneous Local Heating in the Paretic and Non-Paretic Legs of Chronic Stroke Survivors—A Pilot Study",NA,"10.1111/micc.70036","2026","Wietrzny A.E.","Microcirculation","scopus_records",2026
"Effectiveness of transcranial electrical stimulation combined with dual-task training in stroke, mild cognitive impairment and Parkinson’s disease: a systematic review and meta-analysis of randomized controlled trials",NA,"10.3389/fnhum.2025.1688110","2026","Fu Y.","Frontiers in Human Neuroscience","scopus_records",2026
"Decreased level of consciousness in acute ischemic stroke: risk factors, territories, stroke mechanisms and outcome. A single-centre cohort study",NA,"10.1007/s00415-025-13548-5","2026","Palazzo P.","Journal of Neurology","scopus_records",2026
"Role of C-reactive protein and fibreoptic endoscopic evaluation of swallowing as early markers of stroke-associated pneumonia",NA,"10.3389/fstro.2026.1742758","2026","Politz Geleva S.","Frontiers in Stroke","scopus_records",2026
"Clinical Characteristics, Complications, and Outcomes of Heat Stroke Among Pilgrims During the Hajj Mass Gathering: A Prospective Cohort Study",NA,"10.2147/oaem.s616665","2026","Aldardeer N.","Open Access Emergency Medicine","scopus_records",2026
"Implementing Evidence-Based Somatosensory Rehabilitation After Stroke: Reported Practice, Documented Practice, and Barriers",NA,"10.1155/oti/6622035","2026","Joy A.","Occupational Therapy International","scopus_records",2026
"Association between early ICU fever burden and 28-day mortality in patients with acute ischemic stroke: a retrospective cohort study based on the MIMIC-IV database",NA,"10.3389/fneur.2026.1900723","2026","Ma C.","Frontiers in Neurology","scopus_records",2026
"Icy Hot: A Case of Unexpected Heat Illness",NA,"10.1177/10806032261458332","2026","Clark G.","Wilderness and Environmental Medicine","scopus_records",2026
"Generalization-Enhanced Cross-Set Upper-Limb Multi-Joint Torque Prediction via a Dual-Stream Time-Frequency Attention Network",NA,"10.1109/tnsre.2026.3715302","2026","Yang K.","IEEE Transactions on Neural Systems and Rehabilitation Engineering","scopus_records",2026
"Complement–Coagulation Axis and Metabolic Dysregulation Underlie the Transition from Mild to Severe Heat Stroke: A Combined Clinical and Proteomic Study",NA,"10.1097/shk.0000000000002792","2026","Liu F.","Shock","scopus_records",2026
"Emergency department perspective of patients with heat stroke in a tertiary care centre of western Rajasthan: An observational study",NA,"10.1177/00494755251389720","2026","Sharma A.","Tropical Doctor","scopus_records",2026
"Localization of Free-Field Sound Sources in the Chronic Phase of Mild Ischemic Stroke",NA,"10.1177/23312165261446384","2026","Dietz M.","Trends in Hearing","scopus_records",2026
"Fighting Fire with Ice: A Multisite Collaboration to Evaluate the Impact of Prehospital Cold Water Immersion on Heat Stroke Patients",NA,"10.1080/10903127.2026.2636148","2026","Comp G.","Prehospital Emergency Care","scopus_records",2026
"Canadian Stroke Consortium Climate and Health Sustainability Policy",NA,"10.1017/cjn.2026.10585","2026","Barber P.A.","Canadian Journal of Neurological Sciences","scopus_records",2026
"Cell death mechanisms in heat stroke and sepsis: ZBP1 and caspase-11 as molecular sensors driving the MLKL/GSDMD death execution axis",NA,"10.3389/fcell.2026.1778368","2026","Qin X.J.","Frontiers in Cell and Developmental Biology","scopus_records",2026
"Early Prediction of Adverse Stroke Outcomes Using Nonclinical Factors and Missing Data: A Machine Learning Study",NA,"10.1159/000550930","2026","Tvrda L.","Cerebrovascular Diseases","scopus_records",2026
"A novel approach to characterize the energy cost of human cool-seeking behavior and its individual variability during heat stress",NA,"10.1152/ajpregu.00271.2025","2026","Esteves N.K.","American Journal of Physiology Regulatory Integrative and Comparative Physiology","scopus_records",2026
"A comparative study of axillary and innominate artery cannulation: insights from clinical experience in acute type A aortic dissection",NA,"10.5114/kitp.2026.160657","2026","Yiğit G.","Kardiochirurgia I Torakochirurgia Polska","scopus_records",2026
"Seasonality of Selected Cardiovascular Disorders in Austria: A Retrospective Observational Study Between 2009 and 2023",NA,"10.1161/jaha.125.047293","2026","Leinweber M.E.","Journal of the American Heart Association","scopus_records",2026
"Neuroimmune Regulation by TRPM2 Channels",NA,"10.3390/cells15010076","2026","Zhang X.","Cells","scopus_records",2026
"GVICA: A Multi-Channel EEG Hierarchical Noise Reduction Framework Based on GWO Dynamically Optimized VMD-ICA Fusion",NA,"10.1109/tbme.2026.3677897","2026","He H.","IEEE Transactions on Biomedical Engineering","scopus_records",2026
"Impact of catheter configuration and proximal blood flow control on intra-arterial cooling for ischemic stroke: an experimental and modeling study",NA,"10.1136/jnis-2026-025554","2026","Merrill T.L.","Journal of Neurointerventional Surgery","scopus_records",2026
"Maternal Apocynin During Experimental Preeclampsia Prevents BBB Permeability and Increased Vascular Tone of Cerebral Arteries in Male but Not Female Rat Adult Offspring",NA,"10.1111/micc.70044","2026","Esposito M.","Microcirculation","scopus_records",2026
"Acute exertional heat stress alters both pro- and anti-inflammatory blood markers: A meta-analysis",NA,"10.1080/23328940.2026.2700940","2026","Klugas A.","Temperature","scopus_records",2026
"Optimizing cervical breath sound acquisition protocol in dysphagia patients: an orthogonal experimental study",NA,"10.1080/10749357.2026.2675410","2026","Yu H.","Topics in Stroke Rehabilitation","scopus_records",2026
"Volumetrically Accessible Ion–Electron Transduction for High-Fidelity Bioelectronics",NA,"10.1002/adma.74957","2026","Xu J.","Advanced Materials","scopus_records",2026
"Towards Transcranial Functional Ultrasound Imaging Through the Adult Skull",NA,"10.1109/tbme.2026.3680008","2026","Vienneau E.P.","IEEE Transactions on Biomedical Engineering","scopus_records",2026
"Brain cone-beam CT image quality improvement using a deep-learning-based denoising method: a multicenter retrospective study",NA,"10.1007/s00234-026-04148-9","2026","Ståhl F.","Neuroradiology","scopus_records",2026
"Hyperbaric oxygen-assisted neurological recovery in a patient with classic heat stroke: a case report",NA,"10.3389/fmed.2026.1726603","2026","Zheng X.X.","Frontiers in Medicine","scopus_records",2026
"Dense optical flow for universal blood flow analysis in particle-enhanced imaging",NA,"10.1016/j.compbiomed.2025.111356","2026","Nozdriukhin D.","Computers in Biology and Medicine","scopus_records",2026
"Composition-Tuned Hydrogel Iontronic Patch With a Shared Electrode for Dual-Mode Pressure and Moisture-Electric Sensing in Wearable Health Monitoring",NA,"10.1002/adhm.71705","2026","Wu H.","Advanced Healthcare Materials","scopus_records",2026
"Global Trends, Inequities, and Emerging Risks of Early-Onset Ischemic Stroke",NA,"10.1159/000552067","2026","Zhao C.","Acta Cytologica","scopus_records",2026
"Practical Guide and Narrative Review of the Rat MCAO Model in Preclinical Stroke: Surgical Standards and MRI/DTI/MRS Biomarkers",NA,"10.2174/011570159x453060260227032139","2026","Heras-Romero Y.","Current Neuropharmacology","scopus_records",2026
"Mechanisms and Intervention Strategies for Heatstroke-associated Myocardial Dysfunction: A Narrative Review",NA,"10.5811/westjem.53045","2026","Zhuang Y.","Western Journal of Emergency Medicine","scopus_records",2026
"Quercetin-loaded zeolitic imidazolate framework-8 nanoparticles through borneol-embedded hyaluronic acid hydrogel for ischemic stroke treatment",NA,"10.1016/j.ijbiomac.2025.149821","2026","Yu Y.","International Journal of Biological Macromolecules","scopus_records",2026
"No evidence of higher peak heat tolerance in the afternoon or with opportunity for thermal behaviour during low-intensity work in uncompensable heat",NA,"10.1113/ep092803","2026","Stothers T.","Experimental Physiology","scopus_records",2026
"Deep learning-based frame synthesis enables radiation dose reduction in digital subtraction angiography imaging: a multicenter study",NA,"10.3389/fmed.2026.1793962","2026","Liu R.","Frontiers in Medicine","scopus_records",2026
"Diagonal loading common spatial patterns with Pearson correlation coefficient based feature selection for efficient motor imagery classification",NA,"10.1080/10255842.2025.2457122","2026","Ali H.S.","Computer Methods in Biomechanics and Biomedical Engineering","scopus_records",2026
"CALM-VLM: Calibration and Selective Prediction in Vision-Language Models for Reliable Brain MRI Classification",NA,"10.1109/isbi61048.2026.11515735","2026","Dhinagar N.J.","Proceedings International Symposium on Biomedical Imaging","scopus_records",2026
"The burden of cold-induced hypertension: Integrating molecular mechanisms and preventive strategies",NA,"10.1016/j.ecoenv.2026.119731","2026","Lin Y.","Ecotoxicology and Environmental Safety","scopus_records",2026
"Increased heart rate and blood oxygen extraction are key to the ability of schoolmaster snapper (Lutjanus apodus) to swim maximally at high temperatures",NA,"10.1242/jeb.252059","2026","Durnford F.P.H.","Journal of Experimental Biology","scopus_records",2026
"Perioperative Cerebral Protection and Monitoring of Acute Stanford Type A Aortic Dissection: A Retrospective Cohort Study",NA,"10.3390/jcdd13010012","2026","Jiang Y.","Journal of Cardiovascular Development and Disease","scopus_records",2026
"Comparison of DLIR and ASIR-V algorithms for virtual monoenergetic imaging in carotid CTA under a triple-low protocol",NA,"10.1007/s11604-025-01866-7","2026","Long J.","Japanese Journal of Radiology","scopus_records",2026
"Quantifying User Engagement During an Upper Limb Rehabilitation Task",NA,"10.1109/tnsre.2025.3639221","2026","Zhang Y.","IEEE Transactions on Neural Systems and Rehabilitation Engineering","scopus_records",2026
"Circadian rhythms in pediatric neurocritical care: interfaces and opportunities",NA,"10.3389/fneur.2026.1826615","2026","Babinchak W.M.","Frontiers in Neurology","scopus_records",2026
"Are All Exertional Heat Strokes Equal?",NA,"10.1249/mss.0000000000004068","2026","Marcel-Millet P.","Medicine and Science in Sports and Exercise","scopus_records",2026
"Cerebrovascular regulation during heat stress",NA,"10.1113/ep093324","2026","Ito K.","Experimental Physiology","scopus_records",2026
"Chronic Obstructive Pulmonary Disease and Cardiovascular Disorders",NA,"10.2174/0115701611418539260124113737","2026","Manolis A.S.","Current Vascular Pharmacology","scopus_records",2026
"Deep learning-based reconstruction improves MRI image quality and diagnostic performance for carotid atherosclerotic plaques",NA,"10.3389/fneur.2026.1793953","2026","Chen X.","Frontiers in Neurology","scopus_records",2026
"Ultrahigh-Field 7-T MRI in Neuroradiology: A Comprehensive Clinical Review",NA,"10.1148/rg.250194","2026","Seyedsaadat S.M.","Radiographics","scopus_records",2026
"The cardiorespiratory response of Atlantic salmon and Nile tilapia to similar acute thermal and hypoxic challenges: the complete story",NA,"10.1152/ajpregu.00116.2026","2026","Porter E.S.","American Journal of Physiology Regulatory Integrative and Comparative Physiology","scopus_records",2026
"Cardiovascular Performance in Neonates with Hypoxic-Ischemic Encephalopathy Under Therapeutic Hypothermia: Evaluation by Conventional and Advanced Echocardiographic Techniques",NA,"10.1007/s00246-025-03780-1","2026","Nunes V.A.C.","Pediatric Cardiology","scopus_records",2026
"Cold-Induced Hypertension as Life-Environment Disease in Winter: Focus on Data From Japan",NA,"10.1161/hypertensionaha.125.26518","2026","Kario K.","Hypertension","scopus_records",2026
"Canadian radiology: 2026 update",NA,"10.1016/j.diii.2026.05.001","2026","Kamran R.","Diagnostic and Interventional Imaging","scopus_records",2026
"Omic technology to monitoring resilience and adaptation to exercise and heat stress in endurance horses",NA,"10.3389/fvets.2025.1734969","2026","Mecocci S.","Frontiers in Veterinary Science","scopus_records",2026
"Hibernation-inspired innovations in biomedicine: addressing aging, chronic diseases, and critical care",NA,"10.1139/cjz-2025-0055","2026","Drew K.L.","Canadian Journal of Zoology","scopus_records",2026
"Clinical application of a full free-breathing cardiac MRI protocol: feasibility, efficiency, and diagnostic accuracy",NA,"10.21037/qims-2025-1-2638","2026","Chen Y.","Quantitative Imaging in Medicine and Surgery","scopus_records",2026
"A Dual-Modal Wearable PPG Smartwatch with AI-Enhanced Correction for High-Accuracy and Continuous AF Burden Assessment",NA,"10.1002/advs.76627","2026","Zuo S.","Advanced Science","scopus_records",2026
"Sine spin flat-detector CT for enhanced brain parenchyma visualization: an intraindividual comparison on a latest-generation angiography system",NA,"10.1007/s00234-026-04033-5","2026","Heinrich M.","Neuroradiology","scopus_records",2026
"Effect of repeated hot water immersion on cognitive performance, cerebrovascular function, sleep and biomarkers of neurodegeneration in older adults",NA,"10.1113/ep093500","2026","Piccolo D.D.","Experimental Physiology","scopus_records",2026
"Incidence and Epidemiologic Profile of Time-Sensitive Conditions Requiring Aeromedical Evacuation in the Isolated Areas of Chilean Patagonia",NA,"10.1177/10806032261448154","2026","Arcos González P.","Wilderness and Environmental Medicine","scopus_records",2026
"Smoking, Exhaled Carbon Monoxide, and Risk of Parkinson Disease",NA,"10.1001/jamaneurol.2026.3037","2026","Lopez C.B.","JAMA Neurology","scopus_records",2026
"Targeted Temperature Management at 35°C vs. 37°C for Heatstroke in ICU: A Pilot Randomized Controlled Trial",NA,"10.1097/ccm.0000000000007266","2026","Wang Y.c.","Critical Care Medicine","scopus_records",2026
"Shifts in primary care utilization patterns following digital health implementation: an operational evaluation of the 2023-2024 Hajj mass gatherings",NA,"10.3389/fpubh.2026.1858949","2026","Amin A.A.","Frontiers in Public Health","scopus_records",2026
"Using ice packing and the polar life pod to treat severe hyperthermia",NA,"10.1016/j.ajem.2025.09.038","2026","Miller K.C.","American Journal of Emergency Medicine","scopus_records",2026
"Exploring the Association Between Complaints of Sensory Hypersensitivity and Sleep Disturbances After Acquired Brain Injury: A Cross-Sectional Study",NA,"10.1111/jsr.70387","2026","Ten Brink A.F.","Journal of Sleep Research","scopus_records",2026
"Cerebral blood flow and metabolism under conditions of simulated avalanche burial in humans: The triple H syndrome",NA,"10.1113/jp291528","2026","Howe C.A.","Journal of Physiology","scopus_records",2026
"Assessment of middle cerebral artery atherosclerotic stenosis using 7T high-resolution MRI and time-of-flight MRA: A comparative analysis with DSA",NA,"10.1177/19714009261438428","2026","Fan D.","Neuroradiology Journal","scopus_records",2026
"Effect of heat acclimation training frequency on the physiological adaptations of Thoroughbred horses",NA,"10.1152/ajpregu.00284.2025","2026","Ebisuda Y.","American Journal of Physiology Regulatory Integrative and Comparative Physiology","scopus_records",2026
"To learn or not to learn? Model-based estimation of motor learning in a large, “in the wild”, home rehabilitation database",NA,"10.1371/journal.pdig.0001598","2026","Wen Y.","Plos Digital Health","scopus_records",2026
"A low-cost real-time embedded EOG-based assistive mobility system for individuals with motor function disorders",NA,"10.1080/17483107.2026.2665821","2026","S P.","Disability and Rehabilitation Assistive Technology","scopus_records",2026
"FHL2 DNA methylation in tooth root surfaces as a tool for age estimation",NA,"10.1111/1556-4029.70210","2026","Oka H.","Journal of Forensic Sciences","scopus_records",2026
"Consensus document on healthy lifestyle",NA,"10.20960/nh.06578","2026","Alemán J.A.","Nutricion Hospitalaria","scopus_records",2026
"Proteomic Profiling of Human Sweat Reveals Molecular Adaptations to Heat Acclimatization Induced by Isothermic Conditioning",NA,"10.1249/mss.0000000000004103","2026","Alli-Shaik A.","Medicine and Science in Sports and Exercise","scopus_records",2026
"Prolonged heat stress induces autophagy in mouse skeletal muscle",NA,"10.1152/ajpregu.00190.2025","2026","Yap S.Q.","American Journal of Physiology Regulatory Integrative and Comparative Physiology","scopus_records",2026
