"SO","Rank","Freq","cumFreq","Zone"
"Frontiers in Neurology",1,125,125,"Zone 1"
"SAE Technical Papers",2,121,246,"Zone 1"
"Plos One",3,119,365,"Zone 1"
"Scientific Reports",4,119,484,"Zone 1"
"Journal of Cerebral Blood Flow and Metabolism",5,118,602,"Zone 1"
"SCIENTIFIC REPORTS",6,118,720,"Zone 1"
"Environmental Research",7,108,828,"Zone 1"
"Science of the Total Environment",8,104,932,"Zone 1"
"Environment International",9,97,1029,"Zone 1"
"International Journal of Environmental Research and Public Health",10,97,1126,"Zone 1"
"Magnetic Resonance in Medicine",11,90,1216,"Zone 1"
"Fuel",12,81,1297,"Zone 1"
"Journal of the American Heart Association",13,78,1375,"Zone 1"
"Aip Conference Proceedings",14,76,1451,"Zone 1"
"Frontiers in Public Health",15,75,1526,"Zone 1"
"Ecotoxicology and Environmental Safety",16,72,1598,"Zone 1"
"ENVIRONMENTAL RESEARCH",17,72,1670,"Zone 1"
"FRONTIERS IN PUBLIC HEALTH",18,71,1741,"Zone 1"
"THE SCIENCE OF THE TOTAL ENVIRONMENT",19,67,1808,"Zone 1"
"PLOS ONE",20,65,1873,"Zone 1"
"ENVIRONMENT INTERNATIONAL",21,62,1935,"Zone 1"
"ENVIRONMENTAL SCIENCE AND POLLUTION RESEARCH INTERNATIONAL",22,62,1997,"Zone 1"
"Journal of Clinical Medicine",23,62,2059,"Zone 1"
"Environmental Science and Pollution Research",24,61,2120,"Zone 1"
"ECOTOXICOLOGY AND ENVIRONMENTAL SAFETY",25,60,2180,"Zone 1"
"Environmental Pollution",26,60,2240,"Zone 1"
"INTERNATIONAL JOURNAL OF ENVIRONMENTAL RESEARCH AND PUBLIC HEALTH",27,60,2300,"Zone 1"
"Frontiers in Cardiovascular Medicine",28,57,2357,"Zone 1"
"Energy",29,54,2411,"Zone 1"
"Applied Thermal Engineering",30,53,2464,"Zone 1"
"International Journal of Engine Research",31,53,2517,"Zone 1"
"Medicine United States",32,53,2570,"Zone 1"
"IEEE Transactions on Neural Systems and Rehabilitation Engineering",33,52,2622,"Zone 1"
"BMC PUBLIC HEALTH",34,48,2670,"Zone 1"
"BMC Public Health",35,47,2717,"Zone 1"
"Journal of Stroke and Cerebrovascular Diseases",36,47,2764,"Zone 1"
"Frontiers in Physiology",37,46,2810,"Zone 1"
"Lecture Notes in Mechanical Engineering",38,46,2856,"Zone 1"
"Materials Today Proceedings",39,46,2902,"Zone 1"
"FRONTIERS IN NEUROLOGY",40,45,2947,"Zone 1"
"Journal of Physics Conference Series",41,45,2992,"Zone 1"
"Neurology",42,45,3037,"Zone 1"
"Proceedings of SPIE the International Society for Optical Engineering",43,45,3082,"Zone 1"
"Stroke",44,45,3127,"Zone 1"
"Biomedical Signal Processing and Control",45,44,3171,"Zone 1"
"Frontiers in Neuroscience",46,44,3215,"Zone 1"
"International Journal of Molecular Sciences",47,44,3259,"Zone 1"
"Neurocritical Care",48,44,3303,"Zone 1"
"Journal of Magnetic Resonance Imaging",49,43,3346,"Zone 1"
"CUREUS",50,42,3388,"Zone 1"
"JOURNAL OF STROKE AND CEREBROVASCULAR DISEASES : THE OFFICIAL JOURNAL OF NATIONAL STROKE ASSOCIATION",51,42,3430,"Zone 1"
"BMC Neurology",52,41,3471,"Zone 1"
"JOURNAL OF THE AMERICAN HEART ASSOCIATION",53,41,3512,"Zone 1"
"Energies",54,39,3551,"Zone 1"
"Sensors",55,39,3590,"Zone 1"
"BMJ Open",56,38,3628,"Zone 1"
"Brain Sciences",57,38,3666,"Zone 1"
"Frontiers in Medicine",58,38,3704,"Zone 1"
"Neuroimage",59,38,3742,"Zone 1"
"Applied Sciences Switzerland",60,36,3778,"Zone 1"
"Environmental Health Perspectives",61,36,3814,"Zone 1"
"Experimental Physiology",62,36,3850,"Zone 1"
"SENSORS (BASEL, SWITZERLAND)",63,36,3886,"Zone 1"
"European Journal of Preventive Cardiology",64,35,3921,"Zone 1"
"IEEE Journal of Biomedical and Health Informatics",65,35,3956,"Zone 1"
"ENVIRONMENTAL POLLUTION (BARKING, ESSEX : 1987)",66,34,3990,"Zone 1"
"International Journal of Biometeorology",67,34,4024,"Zone 1"
"European Heart Journal",68,33,4057,"Zone 1"
"MEDICINE",69,33,4090,"Zone 1"
"Nature Communications",70,33,4123,"Zone 1"
"Atmosphere",71,32,4155,"Zone 1"
"IEEE Access",72,32,4187,"Zone 1"
"INTERNATIONAL JOURNAL OF BIOMETEOROLOGY",73,31,4218,"Zone 1"
"International Journal of Hydrogen Energy",74,30,4248,"Zone 1"
"Journal of Physiology",75,30,4278,"Zone 1"
"Therapeutic Hypothermia and Temperature Management",76,30,4308,"Zone 1"
"American Journal of Emergency Medicine",77,29,4337,"Zone 1"
"Journal of the American College of Cardiology",78,29,4366,"Zone 1"
"Journal of Thermal Biology",79,29,4395,"Zone 1"
"STROKE",80,29,4424,"Zone 1"
"EXPERIMENTAL PHYSIOLOGY",81,28,4452,"Zone 1"
"INTERNATIONAL JOURNAL OF MOLECULAR SCIENCES",82,28,4480,"Zone 1"
"BMC NEUROLOGY",83,27,4507,"Zone 1"
"Diagnostics",84,27,4534,"Zone 1"
"Frontiers in Pharmacology",85,27,4561,"Zone 1"
"Physiological Reports",86,27,4588,"Zone 1"
"BMJ OPEN",87,26,4614,"Zone 1"
"International Journal of Stroke",88,26,4640,"Zone 1"
"Lecture Notes in Electrical Engineering",89,26,4666,"Zone 1"
"Medical Journal of Chinese People S Liberation Army",90,26,4692,"Zone 1"
"American Journal of Physiology Regulatory Integrative and Comparative Physiology",91,25,4717,"Zone 1"
"Chemosphere",92,25,4742,"Zone 1"
"Frontiers in Immunology",93,25,4767,"Zone 1"
"IEEE Transactions on Biomedical Engineering",94,25,4792,"Zone 1"
"NEUROCRITICAL CARE",95,25,4817,"Zone 1"
"NEURORADIOLOGY",96,25,4842,"Zone 1"
"Atmospheric Environment",97,24,4866,"Zone 1"
"Journal of Cardiovascular Electrophysiology",98,24,4890,"Zone 1"
"Journal of Environmental and Occupational Medicine",99,24,4914,"Zone 1"
"Journal of Marine Science and Engineering",100,24,4938,"Zone 1"
"Journal of Thoracic and Cardiovascular Surgery",101,24,4962,"Zone 1"
"THERAPEUTIC HYPOTHERMIA AND TEMPERATURE MANAGEMENT",102,24,4986,"Zone 1"
"CNS Neuroscience and Therapeutics",103,23,5009,"Zone 1"
"Iop Conference Series Materials Science and Engineering",104,23,5032,"Zone 1"
"JOURNAL OF CLINICAL MEDICINE",105,23,5055,"Zone 1"
"Lancet",106,23,5078,"Zone 1"
"MAGNETIC RESONANCE IN MEDICINE",107,23,5101,"Zone 1"
"NEUROLOGY",108,23,5124,"Zone 1"
"Sustainability Switzerland",109,23,5147,"Zone 1"
"WORLD NEUROSURGERY",110,23,5170,"Zone 1"
"Computers in Biology and Medicine",111,22,5192,"Zone 1"
"JOURNAL OF THERMAL BIOLOGY",112,22,5214,"Zone 1"
"Lancet Planetary Health",113,22,5236,"Zone 1"
"Peerj",114,22,5258,"Zone 1"
"INTERNATIONAL JOURNAL OF STROKE : OFFICIAL JOURNAL OF THE INTERNATIONAL STROKE SOCIETY",115,21,5279,"Zone 1"
"JOURNAL OF CEREBRAL BLOOD FLOW AND METABOLISM : OFFICIAL JOURNAL OF THE INTERNATIONAL SOCIETY OF CEREBRAL BLOOD FLOW AND METABOLISM",116,21,5300,"Zone 1"
"NMR in Biomedicine",117,21,5321,"Zone 1"
"Proceedings of the National Academy of Sciences of the United States of America",118,21,5342,"Zone 1"
"Quantitative Imaging in Medicine and Surgery",119,21,5363,"Zone 1"
"AJNR. AMERICAN JOURNAL OF NEURORADIOLOGY",120,20,5383,"Zone 1"
"Cells",121,20,5403,"Zone 1"
"Environmental Health A Global Access Science Source",122,20,5423,"Zone 1"
"JOURNAL OF APPLIED PHYSIOLOGY (BETHESDA, MD. : 1985)",123,20,5443,"Zone 1"
"Lecture Notes in Networks and Systems",124,20,5463,"Zone 1"
"Molecular Neurobiology",125,20,5483,"Zone 1"
"Perfusion United Kingdom",126,20,5503,"Zone 1"
"Translational Stroke Research",127,20,5523,"Zone 1"
"World Neurosurgery",128,20,5543,"Zone 1"
"Atmospheric Research",129,19,5562,"Zone 1"
"BMC Cardiovascular Disorders",130,19,5581,"Zone 1"
"Brain Research Bulletin",131,19,5600,"Zone 1"
"CHEMOSPHERE",132,19,5619,"Zone 1"
"E3s Web of Conferences",133,19,5638,"Zone 1"
"International Journal of Environmental Health Research",134,19,5657,"Zone 1"
"JOURNAL OF ATHLETIC TRAINING",135,19,5676,"Zone 1"
"Journal of Hazardous Materials",136,19,5695,"Zone 1"
"American Journal of Neuroradiology",137,18,5713,"Zone 1"
"Brain and Behavior",138,18,5731,"Zone 1"
"European Journal of Neurology",139,18,5749,"Zone 1"
"Frontiers in Human Neuroscience",140,18,5767,"Zone 1"
"FRONTIERS IN PHYSIOLOGY",141,18,5785,"Zone 1"
"Journal of Applied Physiology",142,18,5803,"Zone 1"
"Journal of Athletic Training",143,18,5821,"Zone 1"
"Journal of Geophysical Research Atmospheres",144,18,5839,"Zone 1"
"MEDICINA (KAUNAS, LITHUANIA)",145,18,5857,"Zone 1"
"Medicina Lithuania",146,18,5875,"Zone 1"
"Neurological Sciences",147,18,5893,"Zone 1"
"Neuroradiology",148,18,5911,"Zone 1"
"Temperature",149,18,5929,"Zone 1"
"AMERICAN JOURNAL OF PHYSIOLOGY. REGULATORY, INTEGRATIVE AND COMPARATIVE PHYSIOLOGY",150,17,5946,"Zone 1"
"Animals",151,17,5963,"Zone 1"
"BMJ Case Reports",152,17,5980,"Zone 1"
"CLINICAL NEURORADIOLOGY",153,17,5997,"Zone 1"
"ENVIRONMENTAL HEALTH : A GLOBAL ACCESS SCIENCE SOURCE",154,17,6014,"Zone 1"
"Geohealth",155,17,6031,"Zone 1"
"IEEE Sensors Journal",156,17,6048,"Zone 1"
"Internal Medicine",157,17,6065,"Zone 1"
"International Journal of Epidemiology",158,17,6082,"Zone 1"
"JAMA Network Open",159,17,6099,"Zone 1"
"JAMA NETWORK OPEN",160,17,6116,"Zone 1"
"JOURNAL OF HAZARDOUS MATERIALS",161,17,6133,"Zone 1"
"Journal of Occupational and Environmental Medicine",162,17,6150,"Zone 1"
"Journal of the Neurological Sciences",163,17,6167,"Zone 1"
"Lecture Notes in Computer Science",164,17,6184,"Zone 1"
"Occupational and Environmental Medicine",165,17,6201,"Zone 1"
"Proceedings of the Annual International Conference of the IEEE Engineering in Medicine and Biology Society EMBS",166,17,6218,"Zone 1"
"THE JOURNAL OF PHYSIOLOGY",167,17,6235,"Zone 1"
"Toxics",168,17,6252,"Zone 1"
"Biomedicines",169,16,6268,"Zone 2"
"Cerebrovascular Diseases",170,16,6284,"Zone 2"
"Chinese Critical Care Medicine",171,16,6300,"Zone 2"
"Communications in Computer and Information Science",172,16,6316,"Zone 2"
"COMPUTERS IN BIOLOGY AND MEDICINE",173,16,6332,"Zone 2"
"Current Sports Medicine Reports",174,16,6348,"Zone 2"
"Iop Conference Series Earth and Environmental Science",175,16,6364,"Zone 2"
"Lancet Regional Health Western Pacific",176,16,6380,"Zone 2"
"Materials",177,16,6396,"Zone 2"
"Medicine and Science in Sports and Exercise",178,16,6412,"Zone 2"
"Neural Regeneration Research",179,16,6428,"Zone 2"
"QUANTITATIVE IMAGING IN MEDICINE AND SURGERY",180,16,6444,"Zone 2"
"Air Quality Atmosphere and Health",181,15,6459,"Zone 2"
"ANNUAL INTERNATIONAL CONFERENCE OF THE IEEE ENGINEERING IN MEDICINE AND BIOLOGY SOCIETY. IEEE ENGINEERING IN MEDICINE AND BIOLOGY SOCIETY. ANNUAL INTERNATIONAL CONFERENCE",182,15,6474,"Zone 2"
"BMC Infectious Diseases",183,15,6489,"Zone 2"
"Circulation",184,15,6504,"Zone 2"
"Environmental Science and Technology",185,15,6519,"Zone 2"
"EUROPEAN JOURNAL OF APPLIED PHYSIOLOGY",186,15,6534,"Zone 2"
"Frontiers in Aging Neuroscience",187,15,6549,"Zone 2"
"GEOHEALTH",188,15,6564,"Zone 2"
"Heliyon",189,15,6579,"Zone 2"
"IEEE Transactions on Instrumentation and Measurement",190,15,6594,"Zone 2"
"Journal of Neuroinflammation",191,15,6609,"Zone 2"
"MATERIALS (BASEL, SWITZERLAND)",192,15,6624,"Zone 2"
"Results in Engineering",193,15,6639,"Zone 2"
"Chinese Journal of Public Health",194,14,6653,"Zone 2"
"Environmental Epidemiology",195,14,6667,"Zone 2"
"ENVIRONMENTAL HEALTH PERSPECTIVES",196,14,6681,"Zone 2"
"European Journal of Applied Physiology",197,14,6695,"Zone 2"
"EUROPEAN JOURNAL OF RADIOLOGY",198,14,6709,"Zone 2"
"European Stroke Journal",199,14,6723,"Zone 2"
"International Journal of Advanced Manufacturing Technology",200,14,6737,"Zone 2"
"International Journal of Ambient Energy",201,14,6751,"Zone 2"
"International Journal of Vehicle Structures and Systems",202,14,6765,"Zone 2"
"Journal of Neuroscience Methods",203,14,6779,"Zone 2"
"Journal of Science and Medicine in Sport",204,14,6793,"Zone 2"
"Magnetic Resonance Imaging",205,14,6807,"Zone 2"
"Neuroscience",206,14,6821,"Zone 2"
"Nutrients",207,14,6835,"Zone 2"
"Pediatric Research",208,14,6849,"Zone 2"
"Processes",209,14,6863,"Zone 2"
"Resuscitation",210,14,6877,"Zone 2"
"American Journal of Case Reports",211,13,6890,"Zone 2"
"Annals of Indian Academy of Neurology",212,13,6903,"Zone 2"
"Biomedical Optics Express",213,13,6916,"Zone 2"
"Case Studies in Thermal Engineering",214,13,6929,"Zone 2"
"Computer Methods and Programs in Biomedicine",215,13,6942,"Zone 2"
"Critical Care Medicine",216,13,6955,"Zone 2"
"Energy Sources Part A Recovery Utilization and Environmental Effects",217,13,6968,"Zone 2"
"European Radiology",218,13,6981,"Zone 2"
"FRONTIERS IN NEUROSCIENCE",219,13,6994,"Zone 2"
"Ifmbe Proceedings",220,13,7007,"Zone 2"
"International Journal of Hygiene and Environmental Health",221,13,7020,"Zone 2"
"Journal of Medical Case Reports",222,13,7033,"Zone 2"
"JOURNAL OF THE NEUROLOGICAL SCIENCES",223,13,7046,"Zone 2"
"Journal of Thoracic Disease",224,13,7059,"Zone 2"
"Medical Image Analysis",225,13,7072,"Zone 2"
"NEUROLOGICAL SCIENCES : OFFICIAL JOURNAL OF THE ITALIAN NEUROLOGICAL SOCIETY AND OF THE ITALIAN SOCIETY OF CLINICAL NEUROPHYSIOLOGY",226,13,7085,"Zone 2"
"PROBLEMY RADIATSIINOI MEDYTSYNY TA RADIOBIOLOHII",227,13,7098,"Zone 2"
"Progress in Biomedical Optics and Imaging Proceedings of SPIE",228,13,7111,"Zone 2"
"THE AMERICAN JOURNAL OF EMERGENCY MEDICINE",229,13,7124,"Zone 2"
"ACM International Conference Proceeding Series",230,12,7136,"Zone 2"
"American Journal of Physiology Heart and Circulatory Physiology",231,12,7148,"Zone 2"
"Biomedicine and Pharmacotherapy",232,12,7160,"Zone 2"
"Brain Research",233,12,7172,"Zone 2"
"Clinical Neurology and Neurosurgery",234,12,7184,"Zone 2"
"Energy Conversion and Management",235,12,7196,"Zone 2"
"EUROPEAN JOURNAL OF PREVENTIVE CARDIOLOGY",236,12,7208,"Zone 2"
"European Journal of Radiology",237,12,7220,"Zone 2"
"Experimental Neurology",238,12,7232,"Zone 2"
"Frontiers in Cellular Neuroscience",239,12,7244,"Zone 2"
"Frontiers in Pediatrics",240,12,7256,"Zone 2"
"HELIYON",241,12,7268,"Zone 2"
"IEEE Transactions on Medical Imaging",242,12,7280,"Zone 2"
"IEEE TRANSACTIONS ON NEURAL SYSTEMS AND REHABILITATION ENGINEERING : A PUBLICATION OF THE IEEE ENGINEERING IN MEDICINE AND BIOLOGY SOCIETY",243,12,7292,"Zone 2"
"International Immunopharmacology",244,12,7304,"Zone 2"
"International Journal of Emergency Medicine",245,12,7316,"Zone 2"
"INTERNATIONAL JOURNAL OF HYGIENE AND ENVIRONMENTAL HEALTH",246,12,7328,"Zone 2"
"Journal of Cardiothoracic and Vascular Anesthesia",247,12,7340,"Zone 2"
"Journal of Emergency Medicine",248,12,7352,"Zone 2"
"JOURNAL OF MAGNETIC RESONANCE IMAGING : JMRI",249,12,7364,"Zone 2"
"MEDICINE AND SCIENCE IN SPORTS AND EXERCISE",250,12,7376,"Zone 2"
"NEUROEPIDEMIOLOGY",251,12,7388,"Zone 2"
"Physics in Medicine and Biology",252,12,7400,"Zone 2"
"Proceedings International Symposium on Biomedical Imaging",253,12,7412,"Zone 2"
"Stroke and Vascular Neurology",254,12,7424,"Zone 2"
"World Journal of Clinical Cases",255,12,7436,"Zone 2"
"Academic Radiology",256,11,7447,"Zone 2"
"Alzheimer S and Dementia",257,11,7458,"Zone 2"
"Annals of Thoracic Surgery",258,11,7469,"Zone 2"
"BIOMEDICINES",259,11,7480,"Zone 2"
"BMC Medicine",260,11,7491,"Zone 2"
"Building and Environment",261,11,7502,"Zone 2"
"Clinical Neuroradiology",262,11,7513,"Zone 2"
"DIAGNOSTICS (BASEL, SWITZERLAND)",263,11,7524,"Zone 2"
"Ebiomedicine",264,11,7535,"Zone 2"
"Electronics Switzerland",265,11,7546,"Zone 2"
"Environmental Health and Preventive Medicine",266,11,7557,"Zone 2"
"Environmental Research Letters",267,11,7568,"Zone 2"
"Esc Heart Failure",268,11,7579,"Zone 2"
"EUROPEAN RADIOLOGY",269,11,7590,"Zone 2"
"IEEE JOURNAL OF BIOMEDICAL AND HEALTH INFORMATICS",270,11,7601,"Zone 2"
"IEEE TRANSACTIONS ON BIO-MEDICAL ENGINEERING",271,11,7612,"Zone 2"
"International Journal of Neuroscience",272,11,7623,"Zone 2"
"Journal of Engineering for Gas Turbines and Power",273,11,7634,"Zone 2"
"Journal of Ethnopharmacology",274,11,7645,"Zone 2"
"Journal of Inflammation Research",275,11,7656,"Zone 2"
"Journal of Neural Engineering",276,11,7667,"Zone 2"
"Journal of Neurointerventional Surgery",277,11,7678,"Zone 2"
"Journal of Neurology",278,11,7689,"Zone 2"
"Journal of Personalized Medicine",279,11,7700,"Zone 2"
"Journal of the Pakistan Medical Association",280,11,7711,"Zone 2"
"Lancet Regional Health Europe",281,11,7722,"Zone 2"
"Lecture Notes in Computer Science Including Subseries Lecture Notes in Artificial Intelligence and Lecture Notes in Bioinformatics",282,11,7733,"Zone 2"
"Neurological Research",283,11,7744,"Zone 2"
"Neurosurgical Review",284,11,7755,"Zone 2"
"New England Journal of Medicine",285,11,7766,"Zone 2"
"OCCUPATIONAL AND ENVIRONMENTAL MEDICINE",286,11,7777,"Zone 2"
"Proceedings of the Institution of Mechanical Engineers Part D Journal of Automobile Engineering",287,11,7788,"Zone 2"
"Quick Questions in Heat Related Illness and Hydration Expert Advice in Sports Medicine",288,11,7799,"Zone 2"
"Radiology Case Reports",289,11,7810,"Zone 2"
"Review of Scientific Instruments",290,11,7821,"Zone 2"
"THE LANCET. PLANETARY HEALTH",291,11,7832,"Zone 2"
"ACS APPLIED MATERIALS & INTERFACES",292,10,7842,"Zone 2"
"ACS Applied Materials and Interfaces",293,10,7852,"Zone 2"
"Advanced Healthcare Materials",294,10,7862,"Zone 2"
"Biochemical and Biophysical Research Communications",295,10,7872,"Zone 2"
"BIORXIV : THE PREPRINT SERVER FOR BIOLOGY",296,10,7882,"Zone 2"
"CELLS",297,10,7892,"Zone 2"
"Chest",298,10,7902,"Zone 2"
"Critical Care",299,10,7912,"Zone 2"
"Energy Reports",300,10,7922,"Zone 2"
"European Journal of Cardio Thoracic Surgery",301,10,7932,"Zone 2"
"EUROPEAN JOURNAL OF NEUROLOGY",302,10,7942,"Zone 2"
"Free Radical Biology and Medicine",303,10,7952,"Zone 2"
"FRONTIERS IN IMMUNOLOGY",304,10,7962,"Zone 2"
"Frontiers in Molecular Neuroscience",305,10,7972,"Zone 2"
"Heart",306,10,7982,"Zone 2"
"INTERNATIONAL JOURNAL OF ENVIRONMENTAL HEALTH RESEARCH",307,10,7992,"Zone 2"
"Interventional Neuroradiology",308,10,8002,"Zone 2"
"Investigative Radiology",309,10,8012,"Zone 2"
"Journal of Alzheimer S Disease",310,10,8022,"Zone 2"
"Journal of Energy Resources Technology Transactions of the ASME",311,10,8032,"Zone 2"
"Journal of Experimental Biology",312,10,8042,"Zone 2"
"Journal of International Medical Research",313,10,8052,"Zone 2"
"Journal of Neuroengineering and Rehabilitation",314,10,8062,"Zone 2"
"JOURNAL OF OCCUPATIONAL AND ENVIRONMENTAL MEDICINE",315,10,8072,"Zone 2"
"Lancet Neurology",316,10,8082,"Zone 2"
"Lancet Public Health",317,10,8092,"Zone 2"
"Lecture Notes in Civil Engineering",318,10,8102,"Zone 2"
"Measurement Journal of the International Measurement Confederation",319,10,8112,"Zone 2"
"Medical Physics",320,10,8122,"Zone 2"
"Modern Preventive Medicine",321,10,8132,"Zone 2"
"Nature",322,10,8142,"Zone 2"
"NEUROIMAGE",323,10,8152,"Zone 2"
"Neurology India",324,10,8162,"Zone 2"
"Neuroradiology Journal",325,10,8172,"Zone 2"
"NEUROSURGERY",326,10,8182,"Zone 2"
"PHYSIOLOGICAL REPORTS",327,10,8192,"Zone 2"
"Radiology",328,10,8202,"Zone 2"
"Science",329,10,8212,"Zone 2"
"Smart Materials and Structures",330,10,8222,"Zone 2"
"Social Science and Medicine",331,10,8232,"Zone 2"
"THE REVIEW OF SCIENTIFIC INSTRUMENTS",332,10,8242,"Zone 2"
"ADVANCED SCIENCE (WEINHEIM, BADEN-WURTTEMBERG, GERMANY)",333,9,8251,"Zone 2"
"American Journal of Medicine",334,9,8260,"Zone 2"
"Biosensors",335,9,8269,"Zone 2"
"BMC CARDIOVASCULAR DISORDERS",336,9,8278,"Zone 2"
"Brain",337,9,8287,"Zone 2"
"Canadian Journal of Emergency Medicine",338,9,8296,"Zone 2"
"CEREBROVASCULAR DISEASES (BASEL, SWITZERLAND)",339,9,8305,"Zone 2"
"China Tropical Medicine",340,9,8314,"Zone 2"
"Climate",341,9,8323,"Zone 2"
"Computerized Medical Imaging and Graphics",342,9,8332,"Zone 2"
"Contrast Media and Molecular Imaging",343,9,8341,"Zone 2"
"Environmental Monitoring and Assessment",344,9,8350,"Zone 2"
"ENVIRONMENTAL SCIENCE & TECHNOLOGY",345,9,8359,"Zone 2"
"Europace",346,9,8368,"Zone 2"
"EUROPEAN HEART JOURNAL",347,9,8377,"Zone 2"
"European Journal of Pharmacology",348,9,8386,"Zone 2"
"European Radiology Experimental",349,9,8395,"Zone 2"
"EUROPEAN STROKE JOURNAL",350,9,8404,"Zone 2"
"Frontiers in Endocrinology",351,9,8413,"Zone 2"
"Healthcare Switzerland",352,9,8422,"Zone 2"
"International Archives of Occupational and Environmental Health",353,9,8431,"Zone 2"
"INTERNATIONAL ARCHIVES OF OCCUPATIONAL AND ENVIRONMENTAL HEALTH",354,9,8440,"Zone 2"
"International Journal of Biological Macromolecules",355,9,8449,"Zone 2"
"INTERNATIONAL JOURNAL OF EPIDEMIOLOGY",356,9,8458,"Zone 2"
"International Journal of Refrigeration",357,9,8467,"Zone 2"
"JAMA",358,9,8476,"Zone 2"
"JAMA Neurology",359,9,8485,"Zone 2"
"Journal of Cleaner Production",360,9,8494,"Zone 2"
"JOURNAL OF NEUROENGINEERING AND REHABILITATION",361,9,8503,"Zone 2"
"JOURNAL OF NEUROINTERVENTIONAL SURGERY",362,9,8512,"Zone 2"
"JOURNAL OF SCIENCE AND MEDICINE IN SPORT",363,9,8521,"Zone 2"
"Journal of Thermal Analysis and Calorimetry",364,9,8530,"Zone 2"
"LANCET (LONDON, ENGLAND)",365,9,8539,"Zone 2"
"Machines",366,9,8548,"Zone 2"
"Magnetic Resonance Materials in Physics Biology and Medicine",367,9,8557,"Zone 2"
"Medical Science Monitor",368,9,8566,"Zone 2"
"MILITARY MEDICINE",369,9,8575,"Zone 2"
"Motor Ship",370,9,8584,"Zone 2"
"NATURE COMMUNICATIONS",371,9,8593,"Zone 2"
"Neiranji Gongcheng Chinese Internal Combustion Engine Engineering",372,9,8602,"Zone 2"
"NOISE & HEALTH",373,9,8611,"Zone 2"
"PEERJ",374,9,8620,"Zone 2"
"PHYSICS IN MEDICINE AND BIOLOGY",375,9,8629,"Zone 2"
"Redox Biology",376,9,8638,"Zone 2"
"SAE International Journal of Engines",377,9,8647,"Zone 2"
"STATPEARLS",378,9,8656,"Zone 2"
"THE JOURNAL OF EMERGENCY MEDICINE",379,9,8665,"Zone 2"
"THE JOURNAL OF THORACIC AND CARDIOVASCULAR SURGERY",380,9,8674,"Zone 2"
"Tribology International",381,9,8683,"Zone 2"
"Western Journal of Emergency Medicine",382,9,8692,"Zone 2"
"WILDERNESS & ENVIRONMENTAL MEDICINE",383,9,8701,"Zone 2"
"Acta Neurologica Belgica",384,8,8709,"Zone 2"
"Advances in Experimental Medicine and Biology",385,8,8717,"Zone 2"
"AMERICAN JOURNAL OF PHYSIOLOGY. HEART AND CIRCULATORY PHYSIOLOGY",386,8,8725,"Zone 2"
"Annals of Clinical and Translational Neurology",387,8,8733,"Zone 2"
"Applied Energy",388,8,8741,"Zone 2"
"ASAIO Journal",389,8,8749,"Zone 2"
"Atherosclerosis",390,8,8757,"Zone 2"
"Bioengineering",391,8,8765,"Zone 2"
"BRAIN AND BEHAVIOR",392,8,8773,"Zone 2"
"BRITISH JOURNAL OF SPORTS MEDICINE",393,8,8781,"Zone 2"
"Canadian Journal of Cardiology",394,8,8789,"Zone 2"
"Chemical Engineering Journal",395,8,8797,"Zone 2"
"Chinese Journal of Cerebrovascular Diseases",396,8,8805,"Zone 2"
"Circulation Arrhythmia and Electrophysiology",397,8,8813,"Zone 2"
"CLINICAL NEUROLOGY AND NEUROSURGERY",398,8,8821,"Zone 2"
"COMPUTERIZED MEDICAL IMAGING AND GRAPHICS : THE OFFICIAL JOURNAL OF THE COMPUTERIZED MEDICAL IMAGING SOCIETY",399,8,8829,"Zone 2"
"CRITICAL CARE MEDICINE",400,8,8837,"Zone 2"
"ENVIRONMENTAL HEALTH AND PREVENTIVE MEDICINE",401,8,8845,"Zone 2"
"Environmental Progress and Sustainable Energy",402,8,8853,"Zone 2"
"FRONTIERS IN CARDIOVASCULAR MEDICINE",403,8,8861,"Zone 2"
"FRONTIERS IN MEDICINE",404,8,8869,"Zone 2"
"Frontiers in Oncology",405,8,8877,"Zone 2"
"Geophysical Research Letters",406,8,8885,"Zone 2"
"Gmm Fachberichte",407,8,8893,"Zone 2"
"Health Risk Analysis",408,8,8901,"Zone 2"
"Hypertension Research",409,8,8909,"Zone 2"
"Infection and Drug Resistance",410,8,8917,"Zone 2"
"Intensive Care Medicine Experimental",411,8,8925,"Zone 2"
"Interdisciplinary Neurosurgery Advanced Techniques and Case Management",412,8,8933,"Zone 2"
"International Journal of Automotive Science and Technology",413,8,8941,"Zone 2"
"International Journal of Heat and Mass Transfer",414,8,8949,"Zone 2"
"INTERNATIONAL JOURNAL OF RADIATION ONCOLOGY, BIOLOGY, PHYSICS",415,8,8957,"Zone 2"
"Jacc Advances",416,8,8965,"Zone 2"
"Jacc Asia",417,8,8973,"Zone 2"
"Jacc Case Reports",418,8,8981,"Zone 2"
"JACC. ADVANCES",419,8,8989,"Zone 2"
"Journal of Image and Graphics",420,8,8997,"Zone 2"
"JOURNAL OF NEUROLOGY",421,8,9005,"Zone 2"
"JOURNAL OF THE AMERICAN COLLEGE OF CARDIOLOGY",422,8,9013,"Zone 2"
"JOURNAL OF VISUALIZED EXPERIMENTS : JOVE",423,8,9021,"Zone 2"
"Lancet Global Health",424,8,9029,"Zone 2"
"Life",425,8,9037,"Zone 2"
"Life Sciences",426,8,9045,"Zone 2"
"MEDICAL PHYSICS",427,8,9053,"Zone 2"
"MOLECULES (BASEL, SWITZERLAND)",428,8,9061,"Zone 2"
"MSMR",429,8,9069,"Zone 2"
"Neuroepidemiology",430,8,9077,"Zone 2"
"Nutrition Metabolism and Cardiovascular Diseases",431,8,9085,"Zone 2"
"Physical Review A",432,8,9093,"Zone 2"
"Phytomedicine",433,8,9101,"Zone 2"
"PROCEEDINGS OF THE NATIONAL ACADEMY OF SCIENCES OF THE UNITED STATES OF AMERICA",434,8,9109,"Zone 2"
"Reviews in Cardiovascular Medicine",435,8,9117,"Zone 2"
"Sensors and Actuators A Physical",436,8,9125,"Zone 2"
"Shock",437,8,9133,"Zone 2"
"Small",438,8,9141,"Zone 2"
"Smart Innovation Systems and Technologies",439,8,9149,"Zone 2"
"TEMPERATURE (AUSTIN, TEX.)",440,8,9157,"Zone 2"
"THE JOURNAL OF EXPERIMENTAL BIOLOGY",441,8,9165,"Zone 2"
"THE NEURORADIOLOGY JOURNAL",442,8,9173,"Zone 2"
"TOXICS",443,8,9181,"Zone 2"
"Urban Climate",444,8,9189,"Zone 2"
"Zhongguo Jiguang Chinese Journal of Lasers",445,8,9197,"Zone 2"
"ACS NANO",446,7,9204,"Zone 2"
"Actuators",447,7,9211,"Zone 2"
"ADVANCES IN EXPERIMENTAL MEDICINE AND BIOLOGY",448,7,9218,"Zone 2"
"American Journal of Epidemiology",449,7,9225,"Zone 2"
"AMERICAN JOURNAL OF PERINATOLOGY",450,7,9232,"Zone 2"
"ATHEROSCLEROSIS",451,7,9239,"Zone 2"
"Atmospheric Pollution Research",452,7,9246,"Zone 2"
"BIOCHEMICAL AND BIOPHYSICAL RESEARCH COMMUNICATIONS",453,7,9253,"Zone 2"
"BIOMEDICINE & PHARMACOTHERAPY = BIOMEDECINE & PHARMACOTHERAPIE",454,7,9260,"Zone 2"
"British Journal of Sports Medicine",455,7,9267,"Zone 2"
"Cardiovascular Research",456,7,9274,"Zone 2"
"CARDIOVASCULAR TOXICOLOGY",457,7,9281,"Zone 2"
"Chinese Journal of Disease Control and Prevention",458,7,9288,"Zone 2"
"Chinese Journal of Emergency Medicine",459,7,9295,"Zone 2"
"Clinical and Experimental Emergency Medicine",460,7,9302,"Zone 2"
"Clinical Research in Cardiology",461,7,9309,"Zone 2"
"Computers Materials and Continua",462,7,9316,"Zone 2"
"CONTRAST MEDIA & MOLECULAR IMAGING",463,7,9323,"Zone 2"
"Current Medical Imaging",464,7,9330,"Zone 2"
"DISASTER MEDICINE AND PUBLIC HEALTH PREPAREDNESS",465,7,9337,"Zone 2"
"Discover Public Health",466,7,9344,"Zone 2"
"ENTROPY (BASEL, SWITZERLAND)",467,7,9351,"Zone 2"
"ENVIRONMENTAL EPIDEMIOLOGY (PHILADELPHIA, PA.)",468,7,9358,"Zone 2"
"European Heart Journal Case Reports",469,7,9365,"Zone 2"
"EXPERIMENTAL NEUROLOGY",470,7,9372,"Zone 2"
"Expert Systems with Applications",471,7,9379,"Zone 2"
"Frontiers in Cellular and Infection Microbiology",472,7,9386,"Zone 2"
"FRONTIERS IN PHARMACOLOGY",473,7,9393,"Zone 2"
"Frontiers in Veterinary Science",474,7,9400,"Zone 2"
"Global Heart",475,7,9407,"Zone 2"
"Heat Transfer",476,7,9414,"Zone 2"
"Human Brain Mapping",477,7,9421,"Zone 2"
"Ijc Heart and Vasculature",478,7,9428,"Zone 2"
"INTERNATIONAL JOURNAL OF HYPERTHERMIA : THE OFFICIAL JOURNAL OF EUROPEAN SOCIETY FOR HYPERTHERMIC ONCOLOGY, NORTH AMERICAN HYPERTHERMIA GROUP",479,7,9435,"Zone 2"
"International Journal of Mechanical Sciences",480,7,9442,"Zone 2"
"International Journal of Surgery Case Reports",481,7,9449,"Zone 2"
"Jacc Clinical Electrophysiology",482,7,9456,"Zone 2"
"JAMA NEUROLOGY",483,7,9463,"Zone 2"
"Journal of Atherosclerosis and Thrombosis",484,7,9470,"Zone 2"
"Journal of Cardiac Surgery",485,7,9477,"Zone 2"
"Journal of Clinical Hypertension",486,7,9484,"Zone 2"
"Journal of Clinical Neuroscience",487,7,9491,"Zone 2"
"JOURNAL OF CLINICAL NEUROSCIENCE : OFFICIAL JOURNAL OF THE NEUROSURGICAL SOCIETY OF AUSTRALASIA",488,7,9498,"Zone 2"
"Journal of Critical Care",489,7,9505,"Zone 2"
"Journal of Engineering Research Kuwait",490,7,9512,"Zone 2"
"Journal of Environmental Engineering Japan",491,7,9519,"Zone 2"
"Journal of Epidemiology and Community Health",492,7,9526,"Zone 2"
"JOURNAL OF EXPOSURE SCIENCE & ENVIRONMENTAL EPIDEMIOLOGY",493,7,9533,"Zone 2"
"Journal of Exposure Science and Environmental Epidemiology",494,7,9540,"Zone 2"
"Journal of Healthcare Engineering",495,7,9547,"Zone 2"
"Journal of Intensive Care",496,7,9554,"Zone 2"
"Journal of Interventional Cardiac Electrophysiology",497,7,9561,"Zone 2"
"Journal of Manufacturing Processes",498,7,9568,"Zone 2"
"Journal of Medical Imaging",499,7,9575,"Zone 2"
"Journal of Neurotrauma",500,7,9582,"Zone 2"
"Journal of Stroke",501,7,9589,"Zone 2"
"Journal of the Formosan Medical Association",502,7,9596,"Zone 2"
"JOURNAL OF URBAN HEALTH : BULLETIN OF THE NEW YORK ACADEMY OF MEDICINE",503,7,9603,"Zone 2"
"Jtcvs Techniques",504,7,9610,"Zone 2"
"Mayo Clinic Proceedings",505,7,9617,"Zone 2"
"MEDICAL IMAGE ANALYSIS",506,7,9624,"Zone 2"
"MEDRXIV : THE PREPRINT SERVER FOR HEALTH SCIENCES",507,7,9631,"Zone 2"
"Metabolites",508,7,9638,"Zone 2"
"Nature Reviews Cardiology",509,7,9645,"Zone 2"
"Neuroimage Clinical",510,7,9652,"Zone 2"
"Neurologist",511,7,9659,"Zone 2"
"Neurology Asia",512,7,9666,"Zone 2"
"NICOTINE & TOBACCO RESEARCH : OFFICIAL JOURNAL OF THE SOCIETY FOR RESEARCH ON NICOTINE AND TOBACCO",513,7,9673,"Zone 2"
"Noise and Health",514,7,9680,"Zone 2"
"Open Forum Infectious Diseases",515,7,9687,"Zone 2"
"PEDIATRIC RESEARCH",516,7,9694,"Zone 2"
"Physica Medica",517,7,9701,"Zone 2"
"Physical Review E",518,7,9708,"Zone 2"
"PHYSICAL REVIEW. E",519,7,9715,"Zone 2"
"Physiological Measurement",520,7,9722,"Zone 2"
"PUBLIC HEALTH",521,7,9729,"Zone 2"
"RADIATION RESEARCH",522,7,9736,"Zone 2"
"RADIOTHERAPY AND ONCOLOGY : JOURNAL OF THE EUROPEAN SOCIETY FOR THERAPEUTIC RADIOLOGY AND ONCOLOGY",523,7,9743,"Zone 2"
"Sensors and Actuators B Chemical",524,7,9750,"Zone 2"
"SMALL (WEINHEIM AN DER BERGSTRASSE, GERMANY)",525,7,9757,"Zone 2"
"STROKE AND VASCULAR NEUROLOGY",526,7,9764,"Zone 2"
"Surgical Neurology International",527,7,9771,"Zone 2"
"Sustainable Cities and Society",528,7,9778,"Zone 2"
"Thermal Science and Engineering Progress",529,7,9785,"Zone 2"
"TRANSLATIONAL STROKE RESEARCH",530,7,9792,"Zone 2"
"Wilderness and Environmental Medicine",531,7,9799,"Zone 2"
"ACS Omega",532,6,9805,"Zone 2"
"Acta Cytologica",533,6,9811,"Zone 2"
"Acta Neurochirurgica",534,6,9817,"Zone 2"
"ACUTE MEDICINE & SURGERY",535,6,9823,"Zone 2"
"ADVANCED MATERIALS (DEERFIELD BEACH, FLA.)",536,6,9829,"Zone 2"
"Advanced Science",537,6,9835,"Zone 2"
"Advances in Intelligent Systems and Computing",538,6,9841,"Zone 2"
"AMERICAN JOURNAL OF EPIDEMIOLOGY",539,6,9847,"Zone 2"
"American Journal of Industrial Medicine",540,6,9853,"Zone 2"
"AMERICAN JOURNAL OF INDUSTRIAL MEDICINE",541,6,9859,"Zone 2"
"Annals of Global Health",542,6,9865,"Zone 2"
"Annals of Medicine and Surgery",543,6,9871,"Zone 2"
"ANNALS OF VASCULAR SURGERY",544,6,9877,"Zone 2"
"Antioxidants",545,6,9883,"Zone 2"
"ASME International Mechanical Engineering Congress and Exposition Proceedings Imece",546,6,9889,"Zone 2"
"Atmospheric Chemistry and Physics",547,6,9895,"Zone 2"
"BMC Emergency Medicine",548,6,9901,"Zone 2"
"BMC MEDICINE",549,6,9907,"Zone 2"
"BMJ",550,6,9913,"Zone 2"
"Brain Behavior and Immunity",551,6,9919,"Zone 2"
"BRAIN RESEARCH",552,6,9925,"Zone 2"
"British Journal of Pharmacology",553,6,9931,"Zone 2"
"Buildings",554,6,9937,"Zone 2"
"Cell Reports",555,6,9943,"Zone 2"
"Chinese Journal of Radiology China",556,6,9949,"Zone 2"
"Chinese Journal of Thoracic and Cardiovascular Surgery",557,6,9955,"Zone 2"
"Chinese Medical Journal",558,6,9961,"Zone 2"
"Circulation Heart Failure",559,6,9967,"Zone 2"
"Circulation Journal",560,6,9973,"Zone 2"
"Circulation Research",561,6,9979,"Zone 2"
"Computational and Mathematical Methods in Medicine",562,6,9985,"Zone 2"
"Current Issues in Molecular Biology",563,6,9991,"Zone 2"
"Current Problems in Cardiology",564,6,9997,"Zone 2"
"Diabetes Research and Clinical Practice",565,6,10003,"Zone 2"
"Diangong Jishu Xuebao Transactions of China Electrotechnical Society",566,6,10009,"Zone 2"
"Earth Systems and Environment",567,6,10015,"Zone 2"
"Eclinicalmedicine",568,6,10021,"Zone 2"
"Electric Power Systems Research",569,6,10027,"Zone 2"
"Entropy",570,6,10033,"Zone 2"
"Environmental Geochemistry and Health",571,6,10039,"Zone 2"
"Epidemiology",572,6,10045,"Zone 2"
"FRONTIERS IN AGING NEUROSCIENCE",573,6,10051,"Zone 2"
"FRONTIERS IN HUMAN NEUROSCIENCE",574,6,10057,"Zone 2"
"Frontiers in Microbiology",575,6,10063,"Zone 2"
"Frontiers in Systems Neuroscience",576,6,10069,"Zone 2"
"Health and Place",577,6,10075,"Zone 2"
"Health Science Reports",578,6,10081,"Zone 2"
"Heart and Lung",579,6,10087,"Zone 2"
"Heart Rhythm O2",580,6,10093,"Zone 2"
"Heart Surgery Forum",581,6,10099,"Zone 2"
"Hong Kong Journal of Emergency Medicine",582,6,10105,"Zone 2"
"Hypertension",583,6,10111,"Zone 2"
"IEEE ASME Transactions on Mechatronics",584,6,10117,"Zone 2"
"IEEE International Ultrasonics Symposium Ius",585,6,10123,"Zone 2"
"International Communications in Heat and Mass Transfer",586,6,10129,"Zone 2"
"INTERNATIONAL IMMUNOPHARMACOLOGY",587,6,10135,"Zone 2"
"INTERNATIONAL JOURNAL OF BIOLOGICAL MACROMOLECULES",588,6,10141,"Zone 2"
"International Journal of Cardiology",589,6,10147,"Zone 2"
"INTERNATIONAL JOURNAL OF EMERGENCY MEDICINE",590,6,10153,"Zone 2"
"International Journal of Environmental Science and Technology",591,6,10159,"Zone 2"
"International Journal of Green Energy",592,6,10165,"Zone 2"
"International Journal of Medical Sciences",593,6,10171,"Zone 2"
"INTERVENTIONAL NEURORADIOLOGY : JOURNAL OF PERITHERAPEUTIC NEURORADIOLOGY, SURGICAL PROCEDURES AND RELATED NEUROSCIENCES",594,6,10177,"Zone 2"
"Jmir Public Health and Surveillance",595,6,10183,"Zone 2"
"JMIR PUBLIC HEALTH AND SURVEILLANCE",596,6,10189,"Zone 2"
"Journal of Air Pollution and Health",597,6,10195,"Zone 2"
"Journal of Arrhythmia",598,6,10201,"Zone 2"
"Journal of Cardiovascular Development and Disease",599,6,10207,"Zone 2"
"Journal of Cardiovascular Magnetic Resonance",600,6,10213,"Zone 2"
"Journal of Climate Change and Health",601,6,10219,"Zone 2"
"Journal of Clinical Monitoring and Computing",602,6,10225,"Zone 2"
"Journal of Global Health",603,6,10231,"Zone 2"
"JOURNAL OF GLOBAL HEALTH",604,6,10237,"Zone 2"
"Journal of Intensive Care Medicine",605,6,10243,"Zone 2"
"Journal of Materials Research and Technology",606,6,10249,"Zone 2"
"Journal of Multidisciplinary Healthcare",607,6,10255,"Zone 2"
"Journal of Nanobiotechnology",608,6,10261,"Zone 2"
"Journal of Neuroradiology",609,6,10267,"Zone 2"
"JOURNAL OF NEUROSCIENCE METHODS",610,6,10273,"Zone 2"
"JOURNAL OF NEUROSURGERY",611,6,10279,"Zone 2"
"Journal of Neurosurgical Anesthesiology",612,6,10285,"Zone 2"
"JOURNAL OF PERINATOLOGY : OFFICIAL JOURNAL OF THE CALIFORNIA PERINATAL ASSOCIATION",613,6,10291,"Zone 2"
"Journal of the Air and Waste Management Association",614,6,10297,"Zone 2"
"Journal of the College of Physicians and Surgeons Pakistan",615,6,10303,"Zone 2"
"Journal of the Medical Association of Thailand",616,6,10309,"Zone 2"
"Journal of Translational Medicine",617,6,10315,"Zone 2"
"Journal of Visualized Experiments",618,6,10321,"Zone 2"
"Lipids in Health and Disease",619,6,10327,"Zone 2"
"MAGNETIC RESONANCE IMAGING",620,6,10333,"Zone 2"
"Metals",621,6,10339,"Zone 2"
"Military Medicine",622,6,10345,"Zone 2"
"Molecules",623,6,10351,"Zone 2"
"Multimedia Tools and Applications",624,6,10357,"Zone 2"
"Nan Fang Yi Ke Da Xue Xue Bao Journal of Southern Medical University",625,6,10363,"Zone 2"
"Neural Computing and Applications",626,6,10369,"Zone 2"
"Neurobiology of Disease",627,6,10375,"Zone 2"
"NEUROLOGY INDIA",628,6,10381,"Zone 2"
"NMR IN BIOMEDICINE",629,6,10387,"Zone 2"
"Open Access Emergency Medicine",630,6,10393,"Zone 2"
"Optics Letters",631,6,10399,"Zone 2"
"Oxidative Medicine and Cellular Longevity",632,6,10405,"Zone 2"
"Pharmaceuticals",633,6,10411,"Zone 2"
"PREVENTIVE MEDICINE",634,6,10417,"Zone 2"
"Procedia Computer Science",635,6,10423,"Zone 2"
"Proceedings of the Institution of Mechanical Engineers Part M Journal of Engineering for the Maritime Environment",636,6,10429,"Zone 2"
"Public Health",637,6,10435,"Zone 2"
"QJM an International Journal of Medicine",638,6,10441,"Zone 2"
"Remote Sensing",639,6,10447,"Zone 2"
"THE ANNALS OF THORACIC SURGERY",640,6,10453,"Zone 2"
"THE CANADIAN JOURNAL OF CARDIOLOGY",641,6,10459,"Zone 2"
"THE JOURNAL OF PEDIATRICS",642,6,10465,"Zone 2"
"THE LANCET REGIONAL HEALTH. WESTERN PACIFIC",643,6,10471,"Zone 2"
"THE LANCET. GLOBAL HEALTH",644,6,10477,"Zone 2"
"Thermal Science",645,6,10483,"Zone 2"
"Tomography",646,6,10489,"Zone 2"
"Ultrasound in Medicine and Biology",647,6,10495,"Zone 2"
"ACADEMIC RADIOLOGY",648,5,10500,"Zone 2"
"ACTA PAEDIATRICA (OSLO, NORWAY : 1992)",649,5,10505,"Zone 2"
"Advanced Functional Materials",650,5,10510,"Zone 2"
"ADVANCED HEALTHCARE MATERIALS",651,5,10515,"Zone 2"
"Advances in Alzheimer S Disease",652,5,10520,"Zone 2"
"Advances in Neurobiology",653,5,10525,"Zone 2"
"Aerosol and Air Quality Research",654,5,10530,"Zone 2"
"Aging and Disease",655,5,10535,"Zone 2"
"Aip Advances",656,5,10540,"Zone 2"
"ALZHEIMER'S & DEMENTIA : THE JOURNAL OF THE ALZHEIMER'S ASSOCIATION",657,5,10545,"Zone 2"
"American Journal of Tropical Medicine and Hygiene",658,5,10550,"Zone 2"
"Analytica Chimica Acta",659,5,10555,"Zone 2"
"Analytical Chemistry",660,5,10560,"Zone 2"
"ANALYTICAL CHEMISTRY",661,5,10565,"Zone 2"
"ANNALS OF INDIAN ACADEMY OF NEUROLOGY",662,5,10570,"Zone 2"
"ANTIOXIDANTS (BASEL, SWITZERLAND)",663,5,10575,"Zone 2"
"Asian Cardiovascular and Thoracic Annals",664,5,10580,"Zone 2"
"Bioactive Materials",665,5,10585,"Zone 2"
"BIOENGINEERING (BASEL, SWITZERLAND)",666,5,10590,"Zone 2"
"Biofuels",667,5,10595,"Zone 2"
"BIOMEDICAL AND ENVIRONMENTAL SCIENCES : BES",668,5,10600,"Zone 2"
"Biomimetics",669,5,10605,"Zone 2"
"BMC Microbiology",670,5,10610,"Zone 2"
"BMC Nephrology",671,5,10615,"Zone 2"
"BMC Pulmonary Medicine",672,5,10620,"Zone 2"
"BMJ CASE REPORTS",673,5,10625,"Zone 2"
"BMJ Global Health",674,5,10630,"Zone 2"
"Brazilian Journal of Cardiovascular Surgery",675,5,10635,"Zone 2"
"British Journal of Anaesthesia",676,5,10640,"Zone 2"
"Bulletin of Experimental Biology and Medicine",677,5,10645,"Zone 2"
"Cardiovascular Diabetology",678,5,10650,"Zone 2"
"Cardiovascular Diagnosis and Therapy",679,5,10655,"Zone 2"
"Catheterization and Cardiovascular Interventions",680,5,10660,"Zone 2"
"Cellular and Molecular Neurobiology",681,5,10665,"Zone 2"
"Ceramics International",682,5,10670,"Zone 2"
"Chinese Journal of General Practice",683,5,10675,"Zone 2"
"Chinese Journal of Industrial Hygiene and Occupational Diseases",684,5,10680,"Zone 2"
"Chinese Journal of Medical Imaging Technology",685,5,10685,"Zone 2"
"Chinese Journal of Stroke",686,5,10690,"Zone 2"
"CIRCULATION",687,5,10695,"Zone 2"
"Clinical Case Reports",688,5,10700,"Zone 2"
"Clinical Interventions in Aging",689,5,10705,"Zone 2"
"Clinical Kidney Journal",690,5,10710,"Zone 2"
"Combustion Engines",691,5,10715,"Zone 2"
"COMPUTATIONAL AND MATHEMATICAL METHODS IN MEDICINE",692,5,10720,"Zone 2"
"Concurrency and Computation Practice and Experience",693,5,10725,"Zone 2"
"Current Cardiology Reviews",694,5,10730,"Zone 2"
"Current Neurology and Neuroscience Reports",695,5,10735,"Zone 2"
"CURRENT NEUROLOGY AND NEUROSCIENCE REPORTS",696,5,10740,"Zone 2"
"CURRENT SPORTS MEDICINE REPORTS",697,5,10745,"Zone 2"
"Disaster Medicine and Public Health Preparedness",698,5,10750,"Zone 2"
"Drug Design Development and Therapy",699,5,10755,"Zone 2"
"Eastern European Journal of Enterprise Technologies",700,5,10760,"Zone 2"
"EBIOMEDICINE",701,5,10765,"Zone 2"
"Ekologiya Cheloveka Human Ecology",702,5,10770,"Zone 2"
"Engineering Applications of Artificial Intelligence",703,5,10775,"Zone 2"
"Engineering Research Express",704,5,10780,"Zone 2"
"Environment and Health",705,5,10785,"Zone 2"
"EPIDEMIOLOGY (CAMBRIDGE, MASS.)",706,5,10790,"Zone 2"
"Epidemiology and Health",707,5,10795,"Zone 2"
"EPIDEMIOLOGY AND HEALTH",708,5,10800,"Zone 2"
"European Heart Journal Acute Cardiovascular Care",709,5,10805,"Zone 2"
"European Journal of Neuroscience",710,5,10810,"Zone 2"
"European Physical Journal Plus",711,5,10815,"Zone 2"
"EUROPEAN RADIOLOGY EXPERIMENTAL",712,5,10820,"Zone 2"
"Evidence Based Complementary and Alternative Medicine",713,5,10825,"Zone 2"
"Experimental Brain Research",714,5,10830,"Zone 2"
"FASEB Journal",715,5,10835,"Zone 2"
"FREE RADICAL BIOLOGY & MEDICINE",716,5,10840,"Zone 2"
"Frontiers in Cell and Developmental Biology",717,5,10845,"Zone 2"
"Frontiers in Neurorobotics",718,5,10850,"Zone 2"
"FRONTIERS IN VETERINARY SCIENCE",719,5,10855,"Zone 2"
"General Thoracic and Cardiovascular Surgery",720,5,10860,"Zone 2"
"Geriatrics and Gerontology International",721,5,10865,"Zone 2"
"Geroscience",722,5,10870,"Zone 2"
"Gigiena I Sanitariya",723,5,10875,"Zone 2"
"GLOBAL HEART",724,5,10880,"Zone 2"
"Green Energy and Technology",725,5,10885,"Zone 2"
"Health Environments Research and Design Journal",726,5,10890,"Zone 2"
"Heart Lung and Circulation",727,5,10895,"Zone 2"
"HERD",728,5,10900,"Zone 2"
"HYPERTENSION (DALLAS, TEX. : 1979)",729,5,10905,"Zone 2"
"IEEE International Conference on Intelligent Robots and Systems",730,5,10910,"Zone 2"
"IEEE TRANSACTIONS ON MEDICAL IMAGING",731,5,10915,"Zone 2"
"Industrial Crops and Products",732,5,10920,"Zone 2"
"Insights into Imaging",733,5,10925,"Zone 2"
"Intensive Care Medicine",734,5,10930,"Zone 2"
"Interdisciplinary Cardiovascular and Thoracic Surgery",735,5,10935,"Zone 2"
"International Heart Journal",736,5,10940,"Zone 2"
"International Journal of Cardiovascular Imaging",737,5,10945,"Zone 2"
"INTERNATIONAL JOURNAL OF COMPUTER ASSISTED RADIOLOGY AND SURGERY",738,5,10950,"Zone 2"
"International Journal of Energy for A Clean Environment",739,5,10955,"Zone 2"
"International Journal of General Medicine",740,5,10960,"Zone 2"
"INTERNATIONAL JOURNAL OF GENERAL MEDICINE",741,5,10965,"Zone 2"
"INTERNATIONAL JOURNAL OF PUBLIC HEALTH",742,5,10970,"Zone 2"
"Iscience",743,5,10975,"Zone 2"
"JAMA Cardiology",744,5,10980,"Zone 2"
"Journal of Advanced Research",745,5,10985,"Zone 2"
"JOURNAL OF ALZHEIMER'S DISEASE : JAD",746,5,10990,"Zone 2"
"JOURNAL OF ATHEROSCLEROSIS AND THROMBOSIS",747,5,10995,"Zone 2"
"Journal of Biomedical Optics",748,5,11000,"Zone 2"
"JOURNAL OF BIOPHOTONICS",749,5,11005,"Zone 2"
"JOURNAL OF CARDIOVASCULAR ELECTROPHYSIOLOGY",750,5,11010,"Zone 2"
"Journal of Clinical Anesthesia",751,5,11015,"Zone 2"
"Journal of Integrative Neuroscience",752,5,11020,"Zone 2"
"JOURNAL OF INTEGRATIVE NEUROSCIENCE",753,5,11025,"Zone 2"
"Journal of Materials Engineering and Performance",754,5,11030,"Zone 2"
"Journal of Mechanical Science and Technology",755,5,11035,"Zone 2"
"JOURNAL OF MEDICAL CASE REPORTS",756,5,11040,"Zone 2"
"Journal of Medical Internet Research",757,5,11045,"Zone 2"
"JOURNAL OF NEUROINFLAMMATION",758,5,11050,"Zone 2"
"Journal of Neurology Neurosurgery and Psychiatry",759,5,11055,"Zone 2"
"Journal of Neuropathology and Experimental Neurology",760,5,11060,"Zone 2"
"Journal of Nippon Medical School",761,5,11065,"Zone 2"
"Journal of Nuclear Cardiology",762,5,11070,"Zone 2"
"Journal of Pain Research",763,5,11075,"Zone 2"
"JOURNAL OF RADIOLOGICAL PROTECTION : OFFICIAL JOURNAL OF THE SOCIETY FOR RADIOLOGICAL PROTECTION",764,5,11080,"Zone 2"
"Journal of Urban Health",765,5,11085,"Zone 2"
"LIFE SCIENCES",766,5,11090,"Zone 2"
"Lubricants",767,5,11095,"Zone 2"
"Measurement Science and Technology",768,5,11100,"Zone 2"
"Medical Gas Research",769,5,11105,"Zone 2"
"MEDICAL GAS RESEARCH",770,5,11110,"Zone 2"
"Microcirculation",771,5,11115,"Zone 2"
"MICROCIRCULATION (NEW YORK, N.Y. : 1994)",772,5,11120,"Zone 2"
"Micromachines",773,5,11125,"Zone 2"
"MICROMACHINES",774,5,11130,"Zone 2"
"MILITARY MEDICAL RESEARCH",775,5,11135,"Zone 2"
"MOLECULAR NEUROBIOLOGY",776,5,11140,"Zone 2"
"Nature Reviews Neurology",777,5,11145,"Zone 2"
"Neurochemical Research",778,5,11150,"Zone 2"
"Neuroimaging Clinics of North America",779,5,11155,"Zone 2"
"NEUROLOGICAL RESEARCH",780,5,11160,"Zone 2"
"Neurology International",781,5,11165,"Zone 2"
"Neurosurgery",782,5,11170,"Zone 2"
"NEUROSURGICAL REVIEW",783,5,11175,"Zone 2"
"Neurotherapeutics",784,5,11180,"Zone 2"
"New Journal of Physics",785,5,11185,"Zone 2"
"Nongye Gongcheng Xuebao Transactions of the Chinese Society of Agricultural Engineering",786,5,11190,"Zone 2"
"Npj Digital Medicine",787,5,11195,"Zone 2"
"NUTRIENTS",788,5,11200,"Zone 2"
"Pan African Medical Journal",789,5,11205,"Zone 2"
"PHYSICA MEDICA : PM : AN INTERNATIONAL JOURNAL DEVOTED TO THE APPLICATIONS OF PHYSICS TO MEDICINE AND BIOLOGY : OFFICIAL JOURNAL OF THE ITALIAN ASSOCIATION OF BIOMEDICAL PHYSICS (AIFB)",790,5,11210,"Zone 2"
"Polish Archives of Internal Medicine",791,5,11215,"Zone 2"
"Polish Maritime Research",792,5,11220,"Zone 2"
"Problemy Radiatsiinoi Medytsyny Ta Radiobiolohii",793,5,11225,"Zone 2"
"Proceedings of the Combustion Institute",794,5,11230,"Zone 2"
"Proceedings of the Institution of Mechanical Engineers Part J Journal of Engineering Tribology",795,5,11235,"Zone 2"
"RADIOLOGY",796,5,11240,"Zone 2"
"RESEARCH REPORT (HEALTH EFFECTS INSTITUTE)",797,5,11245,"Zone 2"
"REVIEWS ON ENVIRONMENTAL HEALTH",798,5,11250,"Zone 2"
"Risk Management and Healthcare Policy",799,5,11255,"Zone 2"
"Scandinavian Journal of Work Environment and Health",800,5,11260,"Zone 2"
"Sensors Switzerland",801,5,11265,"Zone 2"
"SHOCK (AUGUSTA, GA.)",802,5,11270,"Zone 2"
"Signa Vitae",803,5,11275,"Zone 2"
"SN Computer Science",804,5,11280,"Zone 2"
"Soft Computing",805,5,11285,"Zone 2"
"STUDIES IN HEALTH TECHNOLOGY AND INFORMATICS",806,5,11290,"Zone 2"
"Sustainable Energy Technologies and Assessments",807,5,11295,"Zone 2"
"Technology and Health Care",808,5,11300,"Zone 2"
"THE BRITISH JOURNAL OF RADIOLOGY",809,5,11305,"Zone 2"
"THE JOURNAL OF CLIMATE CHANGE AND HEALTH",810,5,11310,"Zone 2"
"THE NEUROLOGIST",811,5,11315,"Zone 2"
"Theranostics",812,5,11320,"Zone 2"
"Topics in Stroke Rehabilitation",813,5,11325,"Zone 2"
"Toxicology Letters",814,5,11330,"Zone 2"
"WORLD JOURNAL OF CLINICAL CASES",815,5,11335,"Zone 2"
"AAPS Pharmscitech",816,4,11339,"Zone 2"
"Academic Emergency Medicine",817,4,11343,"Zone 2"
"ACS APPLIED BIO MATERIALS",818,4,11347,"Zone 2"
"ACS Applied Polymer Materials",819,4,11351,"Zone 2"
"ACS Chemical Neuroscience",820,4,11355,"Zone 2"
"ACS CHEMICAL NEUROSCIENCE",821,4,11359,"Zone 2"
"ACS Nano",822,4,11363,"Zone 2"
"ACS OMEGA",823,4,11367,"Zone 2"
"Acta Anaesthesiologica Scandinavica",824,4,11371,"Zone 2"
"Acta Biomedica",825,4,11375,"Zone 2"
"Acta Cardiologica",826,4,11379,"Zone 2"
"ACTA NEUROCHIRURGICA",827,4,11383,"Zone 2"
"ACTA NEUROLOGICA BELGICA",828,4,11387,"Zone 2"
"Advanced Engineering Materials",829,4,11391,"Zone 2"
"Advanced Materials",830,4,11395,"Zone 2"
"Advances in Science and Technology Research Journal",831,4,11399,"Zone 2"
"Aerospace Science and Technology",832,4,11403,"Zone 2"
"Aging Clinical and Experimental Research",833,4,11407,"Zone 2"
"Aircraft Engineering and Aerospace Technology",834,4,11411,"Zone 2"
"Algorithms",835,4,11415,"Zone 2"
"American Journal of Preventive Cardiology",836,4,11419,"Zone 2"
"American Journal of Respiratory and Critical Care Medicine",837,4,11423,"Zone 2"
"Anaesthesia and Intensive Care Medicine",838,4,11427,"Zone 2"
"Annals of Biomedical Engineering",839,4,11431,"Zone 2"
"Annals of Cardiothoracic Surgery",840,4,11435,"Zone 2"
"Annals of Emergency Medicine",841,4,11439,"Zone 2"
"ANNALS OF GLOBAL HEALTH",842,4,11443,"Zone 2"
"Annals of Medicine",843,4,11447,"Zone 2"
"Annals of Neurology",844,4,11451,"Zone 2"
"Annals of Nuclear Medicine",845,4,11455,"Zone 2"
"ANTIOXIDANTS & REDOX SIGNALING",846,4,11459,"Zone 2"
"Applications in Energy and Combustion Science",847,4,11463,"Zone 2"
"Applied Soft Computing",848,4,11467,"Zone 2"
"ARCHIVES OF DISEASE IN CHILDHOOD. FETAL AND NEONATAL EDITION",849,4,11471,"Zone 2"
"Arquivos De Neuro Psiquiatria",850,4,11475,"Zone 2"
"ARXIV",851,4,11479,"Zone 2"
"Balkan Medical Journal",852,4,11483,"Zone 2"
"Beijing Gongye Daxue Xuebao Journal of Beijing University of Technology",853,4,11487,"Zone 2"
"Biomaterials",854,4,11491,"Zone 2"
"Biomed Research International",855,4,11495,"Zone 2"
"Biomedical and Environmental Sciences",856,4,11499,"Zone 2"
"Biomedical Chromatography",857,4,11503,"Zone 2"
"Biomedical Physics and Engineering Express",858,4,11507,"Zone 2"
"BIOMIMETICS (BASEL, SWITZERLAND)",859,4,11511,"Zone 2"
"Biomolecules",860,4,11515,"Zone 2"
"BIOSENSORS & BIOELECTRONICS",861,4,11519,"Zone 2"
"Biosensors and Bioelectronics",862,4,11523,"Zone 2"
"BMC Anesthesiology",863,4,11527,"Zone 2"
"BMC EMERGENCY MEDICINE",864,4,11531,"Zone 2"
"BMC GERIATRICS",865,4,11535,"Zone 2"
"BMC MEDICAL IMAGING",866,4,11539,"Zone 2"
"BMC Medical Informatics and Decision Making",867,4,11543,"Zone 2"
"BMC MEDICAL INFORMATICS AND DECISION MAKING",868,4,11547,"Zone 2"
"BRAIN CIRCULATION",869,4,11551,"Zone 2"
"BRAIN RESEARCH BULLETIN",870,4,11555,"Zone 2"
"British Journal of Radiology",871,4,11559,"Zone 2"
"Cardiology Switzerland",872,4,11563,"Zone 2"
"Cardiovascular Engineering and Technology",873,4,11567,"Zone 2"
"Cell Communication and Signaling",874,4,11571,"Zone 2"
"CHEST",875,4,11575,"Zone 2"
"Chinese General Practice",876,4,11579,"Zone 2"
"Chinese Journal of Contemporary Neurology and Neurosurgery",877,4,11583,"Zone 2"
"Chinese Journal of Contemporary Pediatrics",878,4,11587,"Zone 2"
"Chinese Journal of Tissue Engineering Research",879,4,11591,"Zone 2"
"Chinese Journal of Trauma",880,4,11595,"Zone 2"
"CHINESE MEDICAL JOURNAL",881,4,11599,"Zone 2"
"CIRCULATION. ARRHYTHMIA AND ELECTROPHYSIOLOGY",882,4,11603,"Zone 2"
"Clinical Journal of Sport Medicine",883,4,11607,"Zone 2"
"CLINICAL JOURNAL OF SPORT MEDICINE : OFFICIAL JOURNAL OF THE CANADIAN ACADEMY OF SPORT MEDICINE",884,4,11611,"Zone 2"
"Clinical Neurophysiology",885,4,11615,"Zone 2"
"Clinical Rehabilitation",886,4,11619,"Zone 2"
"CLINICAL REHABILITATION",887,4,11623,"Zone 2"
"CNS NEUROSCIENCE & THERAPEUTICS",888,4,11627,"Zone 2"
"Communications Biology",889,4,11631,"Zone 2"
"COMPUTER METHODS AND PROGRAMS IN BIOMEDICINE",890,4,11635,"Zone 2"
"Current Neurovascular Research",891,4,11639,"Zone 2"
"Current Pharmaceutical Design",892,4,11643,"Zone 2"
"CURRENT PROBLEMS IN CARDIOLOGY",893,4,11647,"Zone 2"
"Current Problems in Surgery",894,4,11651,"Zone 2"
"Current Treatment Options in Neurology",895,4,11655,"Zone 2"
"Defect and Diffusion Forum",896,4,11659,"Zone 2"
"Disability and Rehabilitation",897,4,11663,"Zone 2"
"DISABILITY AND REHABILITATION",898,4,11667,"Zone 2"
"ECO-ENVIRONMENT & HEALTH",899,4,11671,"Zone 2"
"Eco Environment and Health",900,4,11675,"Zone 2"
"Egyptian Journal of Neurology Psychiatry and Neurosurgery",901,4,11679,"Zone 2"
"Elife",902,4,11683,"Zone 2"
"Energy and Fuels",903,4,11687,"Zone 2"
"ENVIRONMENT & HEALTH (WASHINGTON, D.C.)",904,4,11691,"Zone 2"
"ENVIRONMENTAL GEOCHEMISTRY AND HEALTH",905,4,11695,"Zone 2"
"Environmental Health Insights",906,4,11699,"Zone 2"
"ENVIRONMENTAL HEALTH INSIGHTS",907,4,11703,"Zone 2"
"Environmental Impact Assessment Review",908,4,11707,"Zone 2"
"ENVIRONMENTAL MONITORING AND ASSESSMENT",909,4,11711,"Zone 2"
"Environmental Science and Engineering",910,4,11715,"Zone 2"
"Epilepsy and Behavior",911,4,11719,"Zone 2"
"EUROPACE : EUROPEAN PACING, ARRHYTHMIAS, AND CARDIAC ELECTROPHYSIOLOGY : JOURNAL OF THE WORKING GROUPS ON CARDIAC PACING, ARRHYTHMIAS, AND CARDIAC CELLULAR ELECTROPHYSIOLOGY OF THE EUROPEAN SOCIETY OF CARDIOLOGY",912,4,11723,"Zone 2"
"European Archives of Oto Rhino Laryngology",913,4,11727,"Zone 2"
"EUROPEAN JOURNAL OF CARDIO-THORACIC SURGERY : OFFICIAL JOURNAL OF THE EUROPEAN ASSOCIATION FOR CARDIO-THORACIC SURGERY",914,4,11731,"Zone 2"
"European Journal of Cardiovascular Nursing",915,4,11735,"Zone 2"
"EUROPEAN JOURNAL OF MEDICAL RESEARCH",916,4,11739,"Zone 2"
"European Review for Medical and Pharmacological Sciences",917,4,11743,"Zone 2"
"Food and Function",918,4,11747,"Zone 2"
"Frontiers in Environmental Science",919,4,11751,"Zone 2"
"Frontiers of Environmental Science and Engineering",920,4,11755,"Zone 2"
"Fuel Processing Technology",921,4,11759,"Zone 2"
"Gaoya Dianqi High Voltage Apparatus",922,4,11763,"Zone 2"
"Global Nest Journal",923,4,11767,"Zone 2"
"Guangxue Xuebao Acta Optica Sinica",924,4,11771,"Zone 2"
"HEALTH & PLACE",925,4,11775,"Zone 2"
"HEALTHCARE (BASEL, SWITZERLAND)",926,4,11779,"Zone 2"
"HEART (BRITISH CARDIAC SOCIETY)",927,4,11783,"Zone 2"
"Herz",928,4,11787,"Zone 2"
"Human Cell",929,4,11791,"Zone 2"
"Ibro Neuroscience Reports",930,4,11795,"Zone 2"
"Idcases",931,4,11799,"Zone 2"
"IEEE Transactions on Ultrasonics Ferroelectrics and Frequency Control",932,4,11803,"Zone 2"
"IEEE TRANSACTIONS ON ULTRASONICS, FERROELECTRICS, AND FREQUENCY CONTROL",933,4,11807,"Zone 2"
"Iet Conference Proceedings",934,4,11811,"Zone 2"
"Imaging Neuroscience",935,4,11815,"Zone 2"
"Indian Journal of Environmental Protection",936,4,11819,"Zone 2"
"Indoor and Built Environment",937,4,11823,"Zone 2"
"Innovation",938,4,11827,"Zone 2"
"International Journal for Quality in Health Care",939,4,11831,"Zone 2"
"International Journal of Cardiology Cardiovascular Risk and Prevention",940,4,11835,"Zone 2"
"International Journal of Computer Assisted Radiology and Surgery",941,4,11839,"Zone 2"
"International Journal of Drug Delivery Technology",942,4,11843,"Zone 2"
"International Journal of Hyperthermia",943,4,11847,"Zone 2"
"International Journal of Medical Informatics",944,4,11851,"Zone 2"
"International Journal of Nanomedicine",945,4,11855,"Zone 2"
"International Journal of Pharmaceutics",946,4,11859,"Zone 2"
"International Journal of Public Health",947,4,11863,"Zone 2"
"International Journal of Radiation Biology",948,4,11867,"Zone 2"
"INTERNATIONAL JOURNAL OF SPORTS PHYSIOLOGY AND PERFORMANCE",949,4,11871,"Zone 2"
"International Journal of Thermofluids",950,4,11875,"Zone 2"
"International Medical Case Reports Journal",951,4,11879,"Zone 2"
"JAMA Internal Medicine",952,4,11883,"Zone 2"
"Journal of Alloys and Compounds",953,4,11887,"Zone 2"
"Journal of Biophotonics",954,4,11891,"Zone 2"
"Journal of Cellular and Molecular Medicine",955,4,11895,"Zone 2"
"Journal of Chromatography A",956,4,11899,"Zone 2"
"Journal of Computer Assisted Tomography",957,4,11903,"Zone 2"
"Journal of Drug Delivery Science and Technology",958,4,11907,"Zone 2"
"Journal of Environmental Sciences China",959,4,11911,"Zone 2"
"JOURNAL OF ETHNOPHARMACOLOGY",960,4,11915,"Zone 2"
"Journal of Geriatric Cardiology",961,4,11919,"Zone 2"
"JOURNAL OF HEALTH, POPULATION, AND NUTRITION",962,4,11923,"Zone 2"
"Journal of Korean Neurosurgical Society",963,4,11927,"Zone 2"
"Journal of Materials Processing Technology",964,4,11931,"Zone 2"
"Journal of Medical Engineering and Technology",965,4,11935,"Zone 2"
"Journal of Nephrology",966,4,11939,"Zone 2"
"JOURNAL OF NEURAL ENGINEERING",967,4,11943,"Zone 2"
"Journal of Neuroimaging",968,4,11947,"Zone 2"
"JOURNAL OF NEURORADIOLOGY = JOURNAL DE NEURORADIOLOGIE",969,4,11951,"Zone 2"
"Journal of Neurosurgical Sciences",970,4,11955,"Zone 2"
"Journal of Public Health Germany",971,4,11959,"Zone 2"
"JOURNAL OF STRENGTH AND CONDITIONING RESEARCH",972,4,11963,"Zone 2"
"Journal of Surgical Research",973,4,11967,"Zone 2"
"JOURNAL OF THE AIR & WASTE MANAGEMENT ASSOCIATION (1995)",974,4,11971,"Zone 2"
"Journal of the American Veterinary Medical Association",975,4,11975,"Zone 2"
"Journal of the Royal Society Interface",976,4,11979,"Zone 2"
"JOURNAL OF THE ROYAL SOCIETY, INTERFACE",977,4,11983,"Zone 2"
"JOURNAL OF THORACIC DISEASE",978,4,11987,"Zone 2"
"Journal of Thrombosis and Haemostasis",979,4,11991,"Zone 2"
"Journal of Toxicology and Environmental Health Part A Current Issues",980,4,11995,"Zone 2"
"Journal of Traditional Chinese Medicine",981,4,11999,"Zone 2"
"Journal of Trauma and Acute Care Surgery",982,4,12003,"Zone 2"
"Journal of Travel Medicine",983,4,12007,"Zone 2"
"Journal of Vascular Surgery",984,4,12011,"Zone 2"
"JOURNAL OF VASCULAR SURGERY",985,4,12015,"Zone 2"
"Lancet Regional Health Americas",986,4,12019,"Zone 2"
"Laser and Optoelectronics Progress",987,4,12023,"Zone 2"
"Legal Medicine",988,4,12027,"Zone 2"
"MAGMA (NEW YORK, N.Y.)",989,4,12031,"Zone 2"
"Magnetic Resonance Imaging Clinics of North America",990,4,12035,"Zone 2"
"MAGNETIC RESONANCE IN MEDICAL SCIENCES : MRMS : AN OFFICIAL JOURNAL OF JAPAN SOCIETY OF MAGNETIC RESONANCE IN MEDICINE",991,4,12039,"Zone 2"
"Mechatronics",992,4,12043,"Zone 2"
"Medical and Biological Engineering and Computing",993,4,12047,"Zone 2"
"Medical Hypotheses",994,4,12051,"Zone 2"
"Military Medical Research",995,4,12055,"Zone 2"
"Minerva Anestesiologica",996,4,12059,"Zone 2"
"Mocaxue Xuebao Tribology",997,4,12063,"Zone 2"
"MOLECULAR MEDICINE REPORTS",998,4,12067,"Zone 2"
"National Medical Journal of China",999,4,12071,"Zone 2"
"NATURE REVIEWS. NEUROLOGY",1000,4,12075,"Zone 2"
"Neonatology",1001,4,12079,"Zone 2"
"Neurochemistry International",1002,4,12083,"Zone 2"
"Neurocomputing",1003,4,12087,"Zone 2"
"Neurologia Medico Chirurgica",1004,4,12091,"Zone 2"
"Neurological Research and Practice",1005,4,12095,"Zone 2"
"Neurology and Clinical Neuroscience",1006,4,12099,"Zone 2"
"Neuron",1007,4,12103,"Zone 2"
"Neurophotonics",1008,4,12107,"Zone 2"
"Neuroscience Letters",1009,4,12111,"Zone 2"
"Neurotoxicology",1010,4,12115,"Zone 2"
"Obshchaya Reanimatologiya",1011,4,12119,"Zone 2"
"Ocean Engineering",1012,4,12123,"Zone 2"
"PERFUSION",1013,4,12127,"Zone 2"
"Pharmaceutics",1014,4,12131,"Zone 2"
"Pharmacology Research and Perspectives",1015,4,12135,"Zone 2"
"PHYSIOLOGICAL MEASUREMENT",1016,4,12139,"Zone 2"
"Plos Global Public Health",1017,4,12143,"Zone 2"
"PLOS GLOBAL PUBLIC HEALTH",1018,4,12147,"Zone 2"
"Prehospital Emergency Care",1019,4,12151,"Zone 2"
"PREHOSPITAL EMERGENCY CARE",1020,4,12155,"Zone 2"
"Preventive Medicine",1021,4,12159,"Zone 2"
"Procedia Manufacturing",1022,4,12163,"Zone 2"
"Proceedings of ASME 2023 ICE Forward Conference Icef 2023",1023,4,12167,"Zone 2"
"Proceedings of the Institution of Mechanical Engineers Part E Journal of Process Mechanical Engineering",1024,4,12171,"Zone 2"
"Process Safety and Environmental Protection",1025,4,12175,"Zone 2"
"Progress of Theoretical and Experimental Physics",1026,4,12179,"Zone 2"
"Renewable Energy",1027,4,12183,"Zone 2"
"RESUSCITATION",1028,4,12187,"Zone 2"
"Revista Da Sociedade Brasileira De Medicina Tropical",1029,4,12191,"Zone 2"
"Romanian Journal of Neurology Revista Romana De Neurologie",1030,4,12195,"Zone 2"
"Science Advances",1031,4,12199,"Zone 2"
"SCIENCE ADVANCES",1032,4,12203,"Zone 2"
"Science and Sports",1033,4,12207,"Zone 2"
"Scientific Programming",1034,4,12211,"Zone 2"
"Shanghai Journal of Preventive Medicine",1035,4,12215,"Zone 2"
"Sheng Wu Yi Xue Gong Cheng Xue Za Zhi Journal of Biomedical Engineering Shengwu Yixue Gongchengxue Zazhi",1036,4,12219,"Zone 2"
"SOCIAL SCIENCE & MEDICINE (1982)",1037,4,12223,"Zone 2"
"SPORTS MEDICINE (AUCKLAND, N.Z.)",1038,4,12227,"Zone 2"
"Sports Medicine Open",1039,4,12231,"Zone 2"
"Springer Proceedings in Materials",1040,4,12235,"Zone 2"
"Springer Series in Geomechanics and Geoengineering",1041,4,12239,"Zone 2"
"Structural Control and Health Monitoring",1042,4,12243,"Zone 2"
"Studies in Health Technology and Informatics",1043,4,12247,"Zone 2"
"Surface Technology",1044,4,12251,"Zone 2"
"Talanta",1045,4,12255,"Zone 2"
"THE AMERICAN JOURNAL OF CASE REPORTS",1046,4,12259,"Zone 2"
"THE JOURNAL OF INTERNATIONAL MEDICAL RESEARCH",1047,4,12263,"Zone 2"
"THE LANCET REGIONAL HEALTH. EUROPE",1048,4,12267,"Zone 2"
"THE LANCET. PUBLIC HEALTH",1049,4,12271,"Zone 2"
"THE WESTERN JOURNAL OF EMERGENCY MEDICINE",1050,4,12275,"Zone 2"
"Therapeutics and Clinical Risk Management",1051,4,12279,"Zone 2"
"Thermology International",1052,4,12283,"Zone 2"
"Thrombosis and Haemostasis",1053,4,12287,"Zone 2"
"TOMOGRAPHY (ANN ARBOR, MICH.)",1054,4,12291,"Zone 2"
"TOPICS IN STROKE REHABILITATION",1055,4,12295,"Zone 2"
"Toxicological Sciences",1056,4,12299,"Zone 2"
"TOXICOLOGICAL SCIENCES : AN OFFICIAL JOURNAL OF THE SOCIETY OF TOXICOLOGY",1057,4,12303,"Zone 2"
"Toxicology and Applied Pharmacology",1058,4,12307,"Zone 2"
"Toxicology Reports",1059,4,12311,"Zone 2"
"Veterinary Record",1060,4,12315,"Zone 2"
"Water Air and Soil Pollution",1061,4,12319,"Zone 2"
"World Journal of Emergency Medicine",1062,4,12323,"Zone 2"
"Wuli Xuebao Acta Physica Sinica",1063,4,12327,"Zone 2"
"ACS Applied Bio Materials",1064,3,12330,"Zone 2"
"ACS Sensors",1065,3,12333,"Zone 2"
"Acta Academiae Medicinae Sinicae",1066,3,12336,"Zone 2"
"Acta Pharmacologica Sinica",1067,3,12339,"Zone 2"
"Acta Physica Polonica A",1068,3,12342,"Zone 2"
"Acta Physiologica",1069,3,12345,"Zone 2"
"Acta Radiologica",1070,3,12348,"Zone 2"
"ACTA RADIOLOGICA (STOCKHOLM, SWEDEN : 1987)",1071,3,12351,"Zone 2"
"Advances in Clinical and Experimental Medicine",1072,3,12354,"Zone 2"
"Advances in Mechanical Engineering",1073,3,12357,"Zone 2"
"Age and Ageing",1074,3,12360,"Zone 2"
"Aging and Health Research",1075,3,12363,"Zone 2"
"AMERICAN JOURNAL OF PHYSICAL MEDICINE & REHABILITATION",1076,3,12366,"Zone 2"
"American Journal of Preventive Medicine",1077,3,12369,"Zone 2"
"AMERICAN JOURNAL OF PREVENTIVE MEDICINE",1078,3,12372,"Zone 2"
"American Journal of the Medical Sciences",1079,3,12375,"Zone 2"
"American Journal of Translational Research",1080,3,12378,"Zone 2"
"Anaesthesia Critical Care and Pain Medicine",1081,3,12381,"Zone 2"
"Anesthesiology",1082,3,12384,"Zone 2"
"Angiology",1083,3,12387,"Zone 2"
"ANIMALS : AN OPEN ACCESS JOURNAL FROM MDPI",1084,3,12390,"Zone 2"
"ANNALS OF TRANSLATIONAL MEDICINE",1085,3,12393,"Zone 2"
"Antibiotics",1086,3,12396,"Zone 2"
"Antioxidants and Redox Signaling",1087,3,12399,"Zone 2"
"Applied Ecology and Environmental Research",1088,3,12402,"Zone 2"
"Applied Ergonomics",1089,3,12405,"Zone 2"
"APPLIED ERGONOMICS",1090,3,12408,"Zone 2"
"Applied Physiology Nutrition and Metabolism",1091,3,12411,"Zone 2"
"APPLIED PHYSIOLOGY, NUTRITION, AND METABOLISM = PHYSIOLOGIE APPLIQUEE, NUTRITION ET METABOLISME",1092,3,12414,"Zone 2"
"Arabian Journal for Science and Engineering",1093,3,12417,"Zone 2"
"Archives of Academic Emergency Medicine",1094,3,12420,"Zone 2"
"Archives of Biochemistry and Biophysics",1095,3,12423,"Zone 2"
"Archives of Environmental and Occupational Health",1096,3,12426,"Zone 2"
"Archives of Medical Science",1097,3,12429,"Zone 2"
"Archives of the Balkan Medical Union",1098,3,12432,"Zone 2"
"Archivos De Neurociencias",1099,3,12435,"Zone 2"
"Arquivos Brasileiros De Cardiologia",1100,3,12438,"Zone 2"
"Artificial Life and Robotics",1101,3,12441,"Zone 2"
"Artificial Organs",1102,3,12444,"Zone 2"
"ASME 2019 Internal Combustion Engine Division Fall Technical Conference Icef 2019",1103,3,12447,"Zone 2"
"ASME 2020 Internal Combustion Engine Division Fall Technical Conference Icef 2020",1104,3,12450,"Zone 2"
"Atmospheric Environment X",1105,3,12453,"Zone 2"
"Bio Web of Conferences",1106,3,12456,"Zone 2"
"Biological Trace Element Research",1107,3,12459,"Zone 2"
"BIOMEDICAL CHROMATOGRAPHY : BMC",1108,3,12462,"Zone 2"
"Bioorganic Chemistry",1109,3,12465,"Zone 2"
"Blood",1110,3,12468,"Zone 2"
"Blood Pressure",1111,3,12471,"Zone 2"
"BMC Gastroenterology",1112,3,12474,"Zone 2"
"BMC Geriatrics",1113,3,12477,"Zone 3"
"BMC PLANT BIOLOGY",1114,3,12480,"Zone 3"
"BMC PULMONARY MEDICINE",1115,3,12483,"Zone 3"
"BMC Sports Science Medicine and Rehabilitation",1116,3,12486,"Zone 3"
"BMJ GLOBAL HEALTH",1117,3,12489,"Zone 3"
"BMJ Military Health",1118,3,12492,"Zone 3"
"BMJ Neurology Open",1119,3,12495,"Zone 3"
"BMJ NEUROLOGY OPEN",1120,3,12498,"Zone 3"
"BMJ Open Respiratory Research",1121,3,12501,"Zone 3"
"Brain Communications",1122,3,12504,"Zone 3"
"BRAIN COMMUNICATIONS",1123,3,12507,"Zone 3"
"Brain Hemorrhages",1124,3,12510,"Zone 3"
"Brain Imaging and Behavior",1125,3,12513,"Zone 3"
"BRAIN SCIENCES",1126,3,12516,"Zone 3"
"Brain Stimulation",1127,3,12519,"Zone 3"
"Brain Topography",1128,3,12522,"Zone 3"
"Brazilian Journal of Medical and Biological Research",1129,3,12525,"Zone 3"
"BRITISH JOURNAL OF ANAESTHESIA",1130,3,12528,"Zone 3"
"British Journal of Neurosurgery",1131,3,12531,"Zone 3"
"British Journal of Surgery",1132,3,12534,"Zone 3"
"Brodogradnja",1133,3,12537,"Zone 3"
"Canadian Journal of Anesthesia",1134,3,12540,"Zone 3"
"Canadian Journal of Kidney Health and Disease",1135,3,12543,"Zone 3"
"CANADIAN JOURNAL OF KIDNEY HEALTH AND DISEASE",1136,3,12546,"Zone 3"
"Cancers",1137,3,12549,"Zone 3"
"Cardiology in Review",1138,3,12552,"Zone 3"
"Cardiology Journal",1139,3,12555,"Zone 3"
"Cardiovascular Toxicology",1140,3,12558,"Zone 3"
"Case Reports in Critical Care",1141,3,12561,"Zone 3"
"Case Reports in Neurology",1142,3,12564,"Zone 3"
"Cell",1143,3,12567,"Zone 3"
"Cellular and Molecular Biology",1144,3,12570,"Zone 3"
"Cerebral Cortex",1145,3,12573,"Zone 3"
"CEREBROVASCULAR DISEASES EXTRA",1146,3,12576,"Zone 3"
"Chemical Communications",1147,3,12579,"Zone 3"
"Chinese Journal of Anesthesiology",1148,3,12582,"Zone 3"
"Chinese Journal of Atmospheric Sciences",1149,3,12585,"Zone 3"
"Chinese Journal of Epidemiology",1150,3,12588,"Zone 3"
"Chinese Journal of Experimental Traditional Medical Formulae",1151,3,12591,"Zone 3"
"Chinese Journal of Integrative Medicine",1152,3,12594,"Zone 3"
"Chinese Journal of Medical Physics",1153,3,12597,"Zone 3"
"Chinese Journal of Neuromedicine",1154,3,12600,"Zone 3"
"Chinese Journal of Practical Nursing",1155,3,12603,"Zone 3"
"Chinese Journal of Radiology",1156,3,12606,"Zone 3"
"Chinese Journal of Traumatology English Edition",1157,3,12609,"Zone 3"
"CIRCULATION JOURNAL : OFFICIAL JOURNAL OF THE JAPANESE CIRCULATION SOCIETY",1158,3,12612,"Zone 3"
"CLINICAL AND EXPERIMENTAL EMERGENCY MEDICINE",1159,3,12615,"Zone 3"
"Clinical Epidemiology and Global Health",1160,3,12618,"Zone 3"
"Clinical Imaging",1161,3,12621,"Zone 3"
"Clinical Neurology",1162,3,12624,"Zone 3"
"Clinical Practice and Cases in Emergency Medicine",1163,3,12627,"Zone 3"
"Clinical Radiology",1164,3,12630,"Zone 3"
"CLINICAL RADIOLOGY",1165,3,12633,"Zone 3"
"CLINICS IN PERINATOLOGY",1166,3,12636,"Zone 3"
"Colloids and Surfaces A Physicochemical and Engineering Aspects",1167,3,12639,"Zone 3"
"Combustion and Flame",1168,3,12642,"Zone 3"
"Combustion Science and Technology",1169,3,12645,"Zone 3"
"COMMUNICATIONS BIOLOGY",1170,3,12648,"Zone 3"
"Communications Medicine",1171,3,12651,"Zone 3"
"COMMUNICATIONS MEDICINE",1172,3,12654,"Zone 3"
"Comparative Biochemistry and Physiology Part A Molecular and Integrative Physiology",1173,3,12657,"Zone 3"
"Complex Issues of Cardiovascular Diseases",1174,3,12660,"Zone 3"
"Comprehensive Toxicology",1175,3,12663,"Zone 3"
"Computational and Structural Biotechnology Journal",1176,3,12666,"Zone 3"
"Computer Methods in Biomechanics and Biomedical Engineering",1177,3,12669,"Zone 3"
"Continuum Lifelong Learning in Neurology",1178,3,12672,"Zone 3"
"Cortex",1179,3,12675,"Zone 3"
"CRITICAL CARE (LONDON, ENGLAND)",1180,3,12678,"Zone 3"
"Cryogenics",1181,3,12681,"Zone 3"
"Current Cardiology Reports",1182,3,12684,"Zone 3"
"CURRENT MEDICAL IMAGING",1183,3,12687,"Zone 3"
"Current Neuropharmacology",1184,3,12690,"Zone 3"
"Current Pharmaceutical Biotechnology",1185,3,12693,"Zone 3"
"Current Pollution Reports",1186,3,12696,"Zone 3"
"Data in Brief",1187,3,12699,"Zone 3"
"DATA IN BRIEF",1188,3,12702,"Zone 3"
"Diabetology International",1189,3,12705,"Zone 3"
"Diagnostic and Interventional Radiology",1190,3,12708,"Zone 3"
"Disease Markers",1191,3,12711,"Zone 3"
"Diseases and Health Consequences of Air Pollution Volume 3 Air Pollution Human Health and the Environment",1192,3,12714,"Zone 3"
"Eai Springer Innovations in Communication and Computing",1193,3,12717,"Zone 3"
"Echocardiography",1194,3,12720,"Zone 3"
"Ejnmmi Research",1195,3,12723,"Zone 3"
"ELIFE",1196,3,12726,"Zone 3"
"Emergency Medicine Clinics of North America",1197,3,12729,"Zone 3"
"Emergency Radiology",1198,3,12732,"Zone 3"
"Emission Control Science and Technology",1199,3,12735,"Zone 3"
"Energy Environment and Sustainability",1200,3,12738,"Zone 3"
"Eneuro",1201,3,12741,"Zone 3"
"Eng",1202,3,12744,"Zone 3"
"Engineering for Rural Development",1203,3,12747,"Zone 3"
"Environmental Quality Management",1204,3,12750,"Zone 3"
"Environmental Research Communications",1205,3,12753,"Zone 3"
"Environmental Research Health",1206,3,12756,"Zone 3"
"Environmental Science Processes and Impacts",1207,3,12759,"Zone 3"
"ENVIRONMENTAL SCIENCE. PROCESSES & IMPACTS",1208,3,12762,"Zone 3"
"Epidemiologia E Prevenzione",1209,3,12765,"Zone 3"
"Epileptic Disorders",1210,3,12768,"Zone 3"
"Erj Open Research",1211,3,12771,"Zone 3"
"EUROPEAN ARCHIVES OF OTO-RHINO-LARYNGOLOGY : OFFICIAL JOURNAL OF THE EUROPEAN FEDERATION OF OTO-RHINO-LARYNGOLOGICAL SOCIETIES (EUFOS) : AFFILIATED WITH THE GERMAN SOCIETY FOR OTO-RHINO-LARYNGOLOGY - HEAD AND NECK SURGERY",1212,3,12774,"Zone 3"
"European Journal of Case Reports in Internal Medicine",1213,3,12777,"Zone 3"
"European Journal of Clinical Pharmacology",1214,3,12780,"Zone 3"
"EUROPEAN JOURNAL OF CLINICAL PHARMACOLOGY",1215,3,12783,"Zone 3"
"European Journal of Heart Failure",1216,3,12786,"Zone 3"
"European Journal of Inflammation",1217,3,12789,"Zone 3"
"European Journal of Internal Medicine",1218,3,12792,"Zone 3"
"EUROPEAN JOURNAL OF PEDIATRICS",1219,3,12795,"Zone 3"
"EUROPEAN JOURNAL OF PHARMACOLOGY",1220,3,12798,"Zone 3"
"European Journal of Radiology Open",1221,3,12801,"Zone 3"
"European Respiratory Journal",1222,3,12804,"Zone 3"
"EUROPEAN REVIEW FOR MEDICAL AND PHARMACOLOGICAL SCIENCES",1223,3,12807,"Zone 3"
"Experimental and Molecular Medicine",1224,3,12810,"Zone 3"
"Expert Review of Medical Devices",1225,3,12813,"Zone 3"
"Explore",1226,3,12816,"Zone 3"
"Fangzhi Xuebao Journal of Textile Research",1227,3,12819,"Zone 3"
"FASEB Bioadvances",1228,3,12822,"Zone 3"
"FASEB JOURNAL : OFFICIAL PUBLICATION OF THE FEDERATION OF AMERICAN SOCIETIES FOR EXPERIMENTAL BIOLOGY",1229,3,12825,"Zone 3"
"Fire",1230,3,12828,"Zone 3"
"Flow Turbulence and Combustion",1231,3,12831,"Zone 3"
"Food and Chemical Toxicology",1232,3,12834,"Zone 3"
"Frontiers in Bioengineering and Biotechnology",1233,3,12837,"Zone 3"
"FRONTIERS IN CELL AND DEVELOPMENTAL BIOLOGY",1234,3,12840,"Zone 3"
"Frontiers in Molecular Biosciences",1235,3,12843,"Zone 3"
"FRONTIERS IN MOLECULAR BIOSCIENCES",1236,3,12846,"Zone 3"
"Frontiers in Neuroinformatics",1237,3,12849,"Zone 3"
"Frontiers in Psychiatry",1238,3,12852,"Zone 3"
"Geriatric Nursing",1239,3,12855,"Zone 3"
"Gerontology",1240,3,12858,"Zone 3"
"Global Epidemiology",1241,3,12861,"Zone 3"
"GLOBAL EPIDEMIOLOGY",1242,3,12864,"Zone 3"
"Handbook on the Toxicology of Metals Fifth Edition",1243,3,12867,"Zone 3"
"Hangkong Dongli Xuebao Journal of Aerospace Power",1244,3,12870,"Zone 3"
"Harbin Gongcheng Daxue Xuebao Journal of Harbin Engineering University",1245,3,12873,"Zone 3"
"Heart and Vessels",1246,3,12876,"Zone 3"
"Heart Rhythm",1247,3,12879,"Zone 3"
"HEART, LUNG & CIRCULATION",1248,3,12882,"Zone 3"
"Heartrhythm Case Reports",1249,3,12885,"Zone 3"
"HISTOLOGY AND HISTOPATHOLOGY",1250,3,12888,"Zone 3"
"Huanan Ligong Daxue Xuebao Journal of South China University of Technology Natural Science",1251,3,12891,"Zone 3"
"Hybrid Advances",1252,3,12894,"Zone 3"
"Iclp 2024 37th International Conference on Lightning Protection",1253,3,12897,"Zone 3"
"IEEE ASME International Conference on Advanced Intelligent Mechatronics AIM",1254,3,12900,"Zone 3"
"IEEE Journal of Electromagnetics RF and Microwaves in Medicine and Biology",1255,3,12903,"Zone 3"
"IEEE Robotics and Automation Letters",1256,3,12906,"Zone 3"
"IEEE Transactions on Applied Superconductivity",1257,3,12909,"Zone 3"
"IEEE Transactions on Electromagnetic Compatibility",1258,3,12912,"Zone 3"
"IEEE Transactions on Radiation and Plasma Medical Sciences",1259,3,12915,"Zone 3"
"Ieej Transactions on Electrical and Electronic Engineering",1260,3,12918,"Zone 3"
"IMAGING NEUROSCIENCE (CAMBRIDGE, MASS.)",1261,3,12921,"Zone 3"
"In Vivo",1262,3,12924,"Zone 3"
"Indian Pacing and Electrophysiology Journal",1263,3,12927,"Zone 3"
"Infection Control and Hospital Epidemiology",1264,3,12930,"Zone 3"
"Inhalation Toxicology",1265,3,12933,"Zone 3"
"Innovation Medicine",1266,3,12936,"Zone 3"
"Interactive Cardiovascular and Thoracic Surgery",1267,3,12939,"Zone 3"
"INTERDISCIPLINARY CARDIOVASCULAR AND THORACIC SURGERY",1268,3,12942,"Zone 3"
"Internal and Emergency Medicine",1269,3,12945,"Zone 3"
"INTERNAL AND EMERGENCY MEDICINE",1270,3,12948,"Zone 3"
"International Geoscience and Remote Sensing Symposium IGARSS",1271,3,12951,"Zone 3"
"International Journal for Numerical Methods in Biomedical Engineering",1272,3,12954,"Zone 3"
"INTERNATIONAL JOURNAL FOR QUALITY IN HEALTH CARE : JOURNAL OF THE INTERNATIONAL SOCIETY FOR QUALITY IN HEALTH CARE",1273,3,12957,"Zone 3"
"International Journal of Advanced Computer Science and Applications",1274,3,12960,"Zone 3"
"International Journal of Advanced Science and Technology",1275,3,12963,"Zone 3"
"International Journal of Automotive and Mechanical Engineering",1276,3,12966,"Zone 3"
"International Journal of Automotive Technology",1277,3,12969,"Zone 3"
"INTERNATIONAL JOURNAL OF CARDIOLOGY",1278,3,12972,"Zone 3"
"International Journal of Climatology",1279,3,12975,"Zone 3"
"International Journal of Clinical Practice",1280,3,12978,"Zone 3"
"International Journal of Energy Research",1281,3,12981,"Zone 3"
"International Journal of Engineering Trends and Technology",1282,3,12984,"Zone 3"
"International Journal of Heat and Technology",1283,3,12987,"Zone 3"
"International Journal of Image and Graphics",1284,3,12990,"Zone 3"
"International Journal of Material Forming",1285,3,12993,"Zone 3"
"INTERNATIONAL JOURNAL OF MEDICAL SCIENCES",1286,3,12996,"Zone 3"
"International Journal of Peptide Research and Therapeutics",1287,3,12999,"Zone 3"
"INTERNATIONAL JOURNAL OF RADIATION BIOLOGY",1288,3,13002,"Zone 3"
"International Journal of Sports Physiology and Performance",1289,3,13005,"Zone 3"
"INTERNATIONAL JOURNAL OF SURGERY (LONDON, ENGLAND)",1290,3,13008,"Zone 3"
"International Journal on Document Analysis and Recognition",1291,3,13011,"Zone 3"
"INVESTIGATIVE RADIOLOGY",1292,3,13014,"Zone 3"
"Iranian Journal of Pharmaceutical Research",1293,3,13017,"Zone 3"
"Iraqi Journal of Pharmaceutical Sciences",1294,3,13020,"Zone 3"
"Irbm",1295,3,13023,"Zone 3"
"ISCIENCE",1296,3,13026,"Zone 3"
"Israel Medical Association Journal",1297,3,13029,"Zone 3"
"Ja Clinical Reports",1298,3,13032,"Zone 3"
"JACC. ASIA",1299,3,13035,"Zone 3"
"JACC. CLINICAL ELECTROPHYSIOLOGY",1300,3,13038,"Zone 3"
"Japanese Journal of Radiology",1301,3,13041,"Zone 3"
"JARO Journal of the Association for Research in Otolaryngology",1302,3,13044,"Zone 3"
"Journal of Animal Environment",1303,3,13047,"Zone 3"
"Journal of Applied Meteorology and Climatology",1304,3,13050,"Zone 3"
"JOURNAL OF CARDIAC SURGERY",1305,3,13053,"Zone 3"
"Journal of Cardiology",1306,3,13056,"Zone 3"
"Journal of Cardiothoracic Surgery",1307,3,13059,"Zone 3"
"JOURNAL OF CARDIOTHORACIC SURGERY",1308,3,13062,"Zone 3"
"JOURNAL OF CARDIOVASCULAR DEVELOPMENT AND DISEASE",1309,3,13065,"Zone 3"
"JOURNAL OF CARDIOVASCULAR MAGNETIC RESONANCE : OFFICIAL JOURNAL OF THE SOCIETY FOR CARDIOVASCULAR MAGNETIC RESONANCE",1310,3,13068,"Zone 3"
"Journal of Clinical Neurology Korea",1311,3,13071,"Zone 3"
"JOURNAL OF CLINICAL NEUROPHYSIOLOGY : OFFICIAL PUBLICATION OF THE AMERICAN ELECTROENCEPHALOGRAPHIC SOCIETY",1312,3,13074,"Zone 3"
"Journal of Colloid and Interface Science",1313,3,13077,"Zone 3"
"Journal of Controlled Release",1314,3,13080,"Zone 3"
"Journal of Emergencies Trauma and Shock",1315,3,13083,"Zone 3"
"Journal of Energy Resources Technology Part A Sustainable and Renewable Energy",1316,3,13086,"Zone 3"
"Journal of Energy Storage",1317,3,13089,"Zone 3"
"Journal of Environmental Chemical Engineering",1318,3,13092,"Zone 3"
"JOURNAL OF ENVIRONMENTAL HEALTH SCIENCE & ENGINEERING",1319,3,13095,"Zone 3"
"Journal of Environmental Health Science and Engineering",1320,3,13098,"Zone 3"
"Journal of Environmental Protection and Ecology",1321,3,13101,"Zone 3"
"JOURNAL OF EPIDEMIOLOGY AND COMMUNITY HEALTH",1322,3,13104,"Zone 3"
"Journal of Epidemiology and Global Health",1323,3,13107,"Zone 3"
"Journal of Failure Analysis and Prevention",1324,3,13110,"Zone 3"
"JOURNAL OF FORENSIC SCIENCES",1325,3,13113,"Zone 3"
"Journal of General Internal Medicine",1326,3,13116,"Zone 3"
"Journal of Health Population and Nutrition",1327,3,13119,"Zone 3"
"Journal of Heart and Lung Transplantation",1328,3,13122,"Zone 3"
"JOURNAL OF IMAGING INFORMATICS IN MEDICINE",1329,3,13125,"Zone 3"
"Journal of Infection and Chemotherapy",1330,3,13128,"Zone 3"
"JOURNAL OF INFLAMMATION RESEARCH",1331,3,13131,"Zone 3"
"JOURNAL OF INTENSIVE CARE MEDICINE",1332,3,13134,"Zone 3"
"Journal of Internal Medicine",1333,3,13137,"Zone 3"
"JOURNAL OF INTERNAL MEDICINE",1334,3,13140,"Zone 3"
"Journal of Maternal Fetal and Neonatal Medicine",1335,3,13143,"Zone 3"
"Journal of Mechanical Engineering Research and Developments",1336,3,13146,"Zone 3"
"Journal of Mechanics in Medicine and Biology",1337,3,13149,"Zone 3"
"JOURNAL OF MEDICAL ENGINEERING & TECHNOLOGY",1338,3,13152,"Zone 3"
"JOURNAL OF MEDICAL IMAGING (BELLINGHAM, WASH.)",1339,3,13155,"Zone 3"
"JOURNAL OF MEDICAL INTERNET RESEARCH",1340,3,13158,"Zone 3"
"Journal of Medical Virology",1341,3,13161,"Zone 3"
"Journal of Molecular Neuroscience",1342,3,13164,"Zone 3"
"JOURNAL OF NANOBIOTECHNOLOGY",1343,3,13167,"Zone 3"
"Journal of Neuroanaesthesiology and Critical Care",1344,3,13170,"Zone 3"
"Journal of Neurochemistry",1345,3,13173,"Zone 3"
"JOURNAL OF NEUROIMAGING : OFFICIAL JOURNAL OF THE AMERICAN SOCIETY OF NEUROIMAGING",1346,3,13176,"Zone 3"
"Journal of Neuroimmune Pharmacology",1347,3,13179,"Zone 3"
"JOURNAL OF NEUROSURGICAL SCIENCES",1348,3,13182,"Zone 3"
"Journal of Nutrition Health and Aging",1349,3,13185,"Zone 3"
"Journal of Pharmaceutical and Biomedical Analysis",1350,3,13188,"Zone 3"
"Journal of Preventive Medicine and Public Health",1351,3,13191,"Zone 3"
"JOURNAL OF PREVENTIVE MEDICINE AND PUBLIC HEALTH = YEBANG UIHAKHOE CHI",1352,3,13194,"Zone 3"
"Journal of Sound and Vibration",1353,3,13197,"Zone 3"
"JOURNAL OF SPECIAL OPERATIONS MEDICINE : A PEER REVIEWED JOURNAL FOR SOF MEDICAL PROFESSIONALS",1354,3,13200,"Zone 3"
"JOURNAL OF SPORT REHABILITATION",1355,3,13203,"Zone 3"
"Journal of the American Chemical Society",1356,3,13206,"Zone 3"
"Journal of the Brazilian Society of Mechanical Sciences and Engineering",1357,3,13209,"Zone 3"
"Journal of Thermal Engineering",1358,3,13212,"Zone 3"
"Journal of Thermal Science",1359,3,13215,"Zone 3"
"JOURNAL OF TOXICOLOGY AND ENVIRONMENTAL HEALTH. PART A",1360,3,13218,"Zone 3"
"Journal of Tribology",1361,3,13221,"Zone 3"
"Journal of Vibration Engineering and Technologies",1362,3,13224,"Zone 3"
"Journal of Xinxiang Medical University",1363,3,13227,"Zone 3"
"JPMA. THE JOURNAL OF THE PAKISTAN MEDICAL ASSOCIATION",1364,3,13230,"Zone 3"
"Jtcvs Open",1365,3,13233,"Zone 3"
"JTCVS OPEN",1366,3,13236,"Zone 3"
"Key Engineering Materials",1367,3,13239,"Zone 3"
"Knowledge Based Systems",1368,3,13242,"Zone 3"
"Korean Journal of Anesthesiology",1369,3,13245,"Zone 3"
"Lab Animal",1370,3,13248,"Zone 3"
"Lancet Regional Health Southeast Asia",1371,3,13251,"Zone 3"
"Lecture Notes of the Institute for Computer Sciences Social Informatics and Telecommunications Engineering Lnicst",1372,3,13254,"Zone 3"
"LEGAL MEDICINE (TOKYO, JAPAN)",1373,3,13257,"Zone 3"
"LIFE (BASEL, SWITZERLAND)",1374,3,13260,"Zone 3"
"LIPIDS IN HEALTH AND DISEASE",1375,3,13263,"Zone 3"
"Livestock Research for Rural Development",1376,3,13266,"Zone 3"
"Magnetic Resonance in Medical Sciences",1377,3,13269,"Zone 3"
"Marine Pollution Bulletin",1378,3,13272,"Zone 3"
"MARINE POLLUTION BULLETIN",1379,3,13275,"Zone 3"
"Materials and Design",1380,3,13278,"Zone 3"
"Materials Research Proceedings",1381,3,13281,"Zone 3"
"Materials Science Forum",1382,3,13284,"Zone 3"
"Materials Today Communications",1383,3,13287,"Zone 3"
"MAYO CLINIC PROCEEDINGS",1384,3,13290,"Zone 3"
"Mechanical Systems and Signal Processing",1385,3,13293,"Zone 3"
"Mediators of Inflammation",1386,3,13296,"Zone 3"
"Medicina Intensiva",1387,3,13299,"Zone 3"
"Meditsina Truda I Promyshlennaya Ekologiya",1388,3,13302,"Zone 3"
"Metallurgical and Materials Transactions A Physical Metallurgy and Materials Science",1389,3,13305,"Zone 3"
"Microsystem Technologies",1390,3,13308,"Zone 3"
"Minerva Medica",1391,3,13311,"Zone 3"
"Molecular Genetics and Genomic Medicine",1392,3,13314,"Zone 3"
"Molecular Medicine Reports",1393,3,13317,"Zone 3"
"Nature Aging",1394,3,13320,"Zone 3"
"NATURE MEDICINE",1395,3,13323,"Zone 3"
"Naunyn Schmiedeberg S Archives of Pharmacology",1396,3,13326,"Zone 3"
"Nederlands Tijdschrift Voor Geneeskunde",1397,3,13329,"Zone 3"
"Neiranji Xuebao Transactions of CSICE Chinese Society for Internal Combustion Engines",1398,3,13332,"Zone 3"
"Neural Plasticity",1399,3,13335,"Zone 3"
"NEURAL REGENERATION RESEARCH",1400,3,13338,"Zone 3"
"Neurochirurgie",1401,3,13341,"Zone 3"
"NEUROIMAGE. CLINICAL",1402,3,13344,"Zone 3"
"Neuromethods",1403,3,13347,"Zone 3"
"Neuropsychiatric Disease and Treatment",1404,3,13350,"Zone 3"
"Neuropsychologia",1405,3,13353,"Zone 3"
"Neurorehabilitation and Neural Repair",1406,3,13356,"Zone 3"
"Neuroreport",1407,3,13359,"Zone 3"
"NEUROREPORT",1408,3,13362,"Zone 3"
"Neuroscience and Behavioral Physiology",1409,3,13365,"Zone 3"
"Neuroscience and Biobehavioral Reviews",1410,3,13368,"Zone 3"
"Neuroscience Bulletin",1411,3,13371,"Zone 3"
"Neurotoxicity Research",1412,3,13374,"Zone 3"
"NEUROTOXICOLOGY",1413,3,13377,"Zone 3"
"Next Energy",1414,3,13380,"Zone 3"
"Notfall Und Rettungsmedizin",1415,3,13383,"Zone 3"
"Npj Heritage Science",1416,3,13386,"Zone 3"
"NUTRITION, METABOLISM, AND CARDIOVASCULAR DISEASES : NMCD",1417,3,13389,"Zone 3"
"Nutritional Neuroscience",1418,3,13392,"Zone 3"
"Open Access Macedonian Journal of Medical Sciences",1419,3,13395,"Zone 3"
"Otolaryngology Head and Neck Surgery United States",1420,3,13398,"Zone 3"
"Oxford Medical Case Reports",1421,3,13401,"Zone 3"
"PACE Pacing and Clinical Electrophysiology",1422,3,13404,"Zone 3"
"Pain Physician",1423,3,13407,"Zone 3"
"Pathogens",1424,3,13410,"Zone 3"
"Pediatric Cardiology",1425,3,13413,"Zone 3"
"Pediatric Emergency Care",1426,3,13416,"Zone 3"
"Pediatric Radiology",1427,3,13419,"Zone 3"
"PEDIATRICS INTERNATIONAL : OFFICIAL JOURNAL OF THE JAPAN PEDIATRIC SOCIETY",1428,3,13422,"Zone 3"
"Physica A Statistical Mechanics and Its Applications",1429,3,13425,"Zone 3"
"Physical Review B",1430,3,13428,"Zone 3"
"Physical Review D",1431,3,13431,"Zone 3"
"Physics of Fluids",1432,3,13434,"Zone 3"
"Physiology and Behavior",1433,3,13437,"Zone 3"
"PM & R : THE JOURNAL OF INJURY, FUNCTION, AND REHABILITATION",1434,3,13440,"Zone 3"
"Polish Journal of Environmental Studies",1435,3,13443,"Zone 3"
"Polymers",1436,3,13446,"Zone 3"
"POLYMERS",1437,3,13449,"Zone 3"
"Postgraduate Medical Journal",1438,3,13452,"Zone 3"
"Postgraduate Medicine",1439,3,13455,"Zone 3"
"PRACTICAL NEUROLOGY",1440,3,13458,"Zone 3"
"Preventive Medicine Reports",1441,3,13461,"Zone 3"
"Proceeding 2026 2nd International Conference on Smart Mechatronics Empowering Smart Mechatronics Innovations Robotics AI and Intelligent Systems for A Connected Intelligent World Icsmech 2026",1442,3,13464,"Zone 3"
"Proceedings of ASME 2021 Internal Combustion Engine Division Fall Technical Conference Icef 2021",1443,3,13467,"Zone 3"
"Proceedings of ASME 2022 Conference on Smart Materials Adaptive Structures and Intelligent Systems Smasis 2022",1444,3,13470,"Zone 3"
"Proceedings of ASME 2022 ICE Forward Conference Icef 2022",1445,3,13473,"Zone 3"
"Proceedings of the ASME Turbo Expo",1446,3,13476,"Zone 3"
"Proceedings of the Institution of Mechanical Engineers Part L Journal of Materials Design and Applications",1447,3,13479,"Zone 3"
"Proceedings of the International Astronautical Congress Iac",1448,3,13482,"Zone 3"
"Proceedings of the International Congress on Sound and Vibration",1449,3,13485,"Zone 3"
"Production Engineering",1450,3,13488,"Zone 3"
"Pulmonary Circulation",1451,3,13491,"Zone 3"
"Radiation Research",1452,3,13494,"Zone 3"
"Radiological Physics and Technology",1453,3,13497,"Zone 3"
"RADIOLOGICAL PHYSICS AND TECHNOLOGY",1454,3,13500,"Zone 3"
"Radiology Artificial Intelligence",1455,3,13503,"Zone 3"
"RADIOLOGY CASE REPORTS",1456,3,13506,"Zone 3"
"Redox Report",1457,3,13509,"Zone 3"
"Renal Failure",1458,3,13512,"Zone 3"
"Research and Practice in Thrombosis and Haemostasis",1459,3,13515,"Zone 3"
"Revista Portuguesa De Cardiologia",1460,3,13518,"Zone 3"
"Revue Neurologique",1461,3,13521,"Zone 3"
"Russian Journal of Cardiology",1462,3,13524,"Zone 3"
"Sage Open Medicine",1463,3,13527,"Zone 3"
"SCANDINAVIAN JOURNAL OF MEDICINE & SCIENCE IN SPORTS",1464,3,13530,"Zone 3"
"Scandinavian Journal of Medicine and Science in Sports",1465,3,13533,"Zone 3"
"SCANDINAVIAN JOURNAL OF WORK, ENVIRONMENT & HEALTH",1466,3,13536,"Zone 3"
"Science Translational Medicine",1467,3,13539,"Zone 3"
"Scientia Horticulturae",1468,3,13542,"Zone 3"
"SEMINARS IN ARTHRITIS AND RHEUMATISM",1469,3,13545,"Zone 3"
"Seminars in Cardiothoracic and Vascular Anesthesia",1470,3,13548,"Zone 3"
"Seminars in Pediatric Neurology",1471,3,13551,"Zone 3"
"Separation Science Plus",1472,3,13554,"Zone 3"
"Sleep",1473,3,13557,"Zone 3"
"Sleep Medicine",1474,3,13560,"Zone 3"
"SN Comprehensive Clinical Medicine",1475,3,13563,"Zone 3"
"Soft Matter",1476,3,13566,"Zone 3"
"SOFT MATTER",1477,3,13569,"Zone 3"
"Sovremennye Tehnologii V Medicine",1478,3,13572,"Zone 3"
"SPORTS HEALTH",1479,3,13575,"Zone 3"
"SPORTS MEDICINE - OPEN",1480,3,13578,"Zone 3"
"Springer Proceedings in Complexity",1481,3,13581,"Zone 3"
"STAR Protocols",1482,3,13584,"Zone 3"
"THE CANADIAN JOURNAL OF NEUROLOGICAL SCIENCES. LE JOURNAL CANADIEN DES SCIENCES NEUROLOGIQUES",1483,3,13587,"Zone 3"
"THE HEART SURGERY FORUM",1484,3,13590,"Zone 3"
"THE INTERNATIONAL JOURNAL OF NEUROSCIENCE",1485,3,13593,"Zone 3"
"THE JOURNAL OF THE ASSOCIATION OF PHYSICIANS OF INDIA",1486,3,13596,"Zone 3"
"THE LANCET. NEUROLOGY",1487,3,13599,"Zone 3"
"Therapeutic Advances in Neurological Disorders",1488,3,13602,"Zone 3"
"THROMBOSIS RESEARCH",1489,3,13605,"Zone 3"
"TOXICOLOGY",1490,3,13608,"Zone 3"
"Translational Pediatrics",1491,3,13611,"Zone 3"
"Transport Means Proceedings of the International Conference",1492,3,13614,"Zone 3"
"Trends in Cardiovascular Medicine",1493,3,13617,"Zone 3"
"Trials",1494,3,13620,"Zone 3"
"TRIALS",1495,3,13623,"Zone 3"
"Tropical Journal of Natural Product Research",1496,3,13626,"Zone 3"
"Ultrasonics",1497,3,13629,"Zone 3"
"Ulusal Travma Ve Acil Cerrahi Dergisi",1498,3,13632,"Zone 3"
"Vibroengineering Procedia",1499,3,13635,"Zone 3"
"Wear",1500,3,13638,"Zone 3"
"WIADOMOSCI LEKARSKIE (WARSAW, POLAND : 1960)",1501,3,13641,"Zone 3"
"Work",1502,3,13644,"Zone 3"
"WORK (READING, MASS.)",1503,3,13647,"Zone 3"
"World Journal of Engineering",1504,3,13650,"Zone 3"
"Yonsei Medical Journal",1505,3,13653,"Zone 3"
"Zhongguo Huanjing Kexue China Environmental Science",1506,3,13656,"Zone 3"
"Zhongnan Daxue Xuebao Ziran Kexue Ban Journal of Central South University Science and Technology",1507,3,13659,"Zone 3"
"Zhurnal Nevrologii I Psihiatrii Imeni S S Korsakova",1508,3,13662,"Zone 3"
"15th International Conference on Advances in Computing Control and Telecommunication Technologies Act 2024",1509,2,13664,"Zone 3"
"2023 IEEE International Symposium on Medical Measurements and Applications Memea 2023 Conference Proceedings",1510,2,13666,"Zone 3"
"2024 21st International Conference on Electrical Engineering Computing Science and Automatic Control Cce 2024",1511,2,13668,"Zone 3"
"2025 18th International Symposium on Lightning Protection Sipda 2025",1512,2,13670,"Zone 3"
"2025 IEEE 20th Conference on Industrial Electronics and Applications Iciea 2025",1513,2,13672,"Zone 3"
"2025 International Convention on Rehabilitation Engineering and Assistive Technology I Create 2025 Conference Proceedings",1514,2,13674,"Zone 3"
"2025 United States National Committee of Ursi National Radio Science Meeting Usnc Ursi Nrsm 2025 Proceedings",1515,2,13676,"Zone 3"
"2026 3rd International Conference on Research Methodologies in Knowledge Management Artificial Intelligence and Telecommunication Engineering Rmkmate 2026",1516,2,13678,"Zone 3"
"32nd National and 10th International Iranian Conference on Biomedical Engineering Icbme 2025",1517,2,13680,"Zone 3"
"53rd International Congress and Exposition on Noise Control Engineering Internoise 2024",1518,2,13682,"Zone 3"
"8th IEEE International Conference on Computational System and Information Technology for Sustainable Solutions Csitss 2024",1519,2,13684,"Zone 3"
"AAPS PHARMSCITECH",1520,2,13686,"Zone 3"
"ACS Applied Nano Materials",1521,2,13688,"Zone 3"
"ACS Biomaterials Science and Engineering",1522,2,13690,"Zone 3"
"ACS Pharmacology and Translational Science",1523,2,13692,"Zone 3"
"Acta Biomaterialia",1524,2,13694,"Zone 3"
"ACTA BIOMATERIALIA",1525,2,13696,"Zone 3"
"Acta Cardiologica Sinica",1526,2,13698,"Zone 3"
"ACTA CLINICA CROATICA",1527,2,13700,"Zone 3"
"ACTA DIABETOLOGICA",1528,2,13702,"Zone 3"
"Acta Medica Iranica",1529,2,13704,"Zone 3"
"Acta Medica Mediterranea",1530,2,13706,"Zone 3"
"Acta Medica Portuguesa",1531,2,13708,"Zone 3"
"Acta Neurochirurgica Supplementum",1532,2,13710,"Zone 3"
"ACTA NEUROLOGICA TAIWANICA",1533,2,13712,"Zone 3"
"Acta Neuropsychologica",1534,2,13714,"Zone 3"
"Acta Pharmaceutica Sinica B",1535,2,13716,"Zone 3"
"Activity Behavior and Healthcare Computing",1536,2,13718,"Zone 3"
"Adaptive Technologies for Sustainable Growth",1537,2,13720,"Zone 3"
"ADDICTION (ABINGDON, ENGLAND)",1538,2,13722,"Zone 3"
"Advanced Emergency Nursing Journal",1539,2,13724,"Zone 3"
"Advanced Fiber Materials",1540,2,13726,"Zone 3"
"Advances in Atmospheric Sciences",1541,2,13728,"Zone 3"
"ADVANCES IN NEONATAL CARE : OFFICIAL JOURNAL OF THE NATIONAL ASSOCIATION OF NEONATAL NURSES",1542,2,13730,"Zone 3"
"Advances in Science and Technology",1543,2,13732,"Zone 3"
"Advances in Science Technology and Innovation",1544,2,13734,"Zone 3"
"Aerospace Medicine and Human Performance",1545,2,13736,"Zone 3"
"Ageing Research Reviews",1546,2,13738,"Zone 3"
"AGEING RESEARCH REVIEWS",1547,2,13740,"Zone 3"
"Aging Pathobiology and Therapeutics",1548,2,13742,"Zone 3"
"Agricultural and Forest Meteorology",1549,2,13744,"Zone 3"
"Agronomy",1550,2,13746,"Zone 3"
"AI Switzerland",1551,2,13748,"Zone 3"
"AIAA Science and Technology Forum and Exposition AIAA Scitech Forum 2026",1552,2,13750,"Zone 3"
"AIAA Scitech Forum and Exposition 2024",1553,2,13752,"Zone 3"
"AIDS Research and Therapy",1554,2,13754,"Zone 3"
"Aij Journal of Technology and Design",1555,2,13756,"Zone 3"
"Air Medical Journal",1556,2,13758,"Zone 3"
"Air Pollution and the Brain",1557,2,13760,"Zone 3"
"Air Quality and Human Health",1558,2,13762,"Zone 3"
"Al Iraqia Journal for Scientific Engineering Research",1559,2,13764,"Zone 3"
"Al Qadisiyah Journal for Engineering Sciences",1560,2,13766,"Zone 3"
"Alexandria Engineering Journal",1561,2,13768,"Zone 3"
"Alternative Therapies in Health and Medicine",1562,2,13770,"Zone 3"
"ALTERNATIVE THERAPIES IN HEALTH AND MEDICINE",1563,2,13772,"Zone 3"
"Alzheimer S Disease and Air Pollution the Development and Progression of A Fatal Disease from Childhood and the Opportunities for Early Prevention",1564,2,13774,"Zone 3"
"American Journal of Cardiology",1565,2,13776,"Zone 3"
"American Journal of Clinical Nutrition",1566,2,13778,"Zone 3"
"American Journal of Ophthalmology Case Reports",1567,2,13780,"Zone 3"
"American Journal of Physiology Renal Physiology",1568,2,13782,"Zone 3"
"AMERICAN JOURNAL OF PREVENTIVE CARDIOLOGY",1569,2,13784,"Zone 3"
"AMERICAN JOURNAL OF RESPIRATORY AND CRITICAL CARE MEDICINE",1570,2,13786,"Zone 3"
"American Society of Mechanical Engineers Internal Combustion Engine Division Publication ICE",1571,2,13788,"Zone 3"
"American Surgeon",1572,2,13790,"Zone 3"
"Anaerobe",1573,2,13792,"Zone 3"
"ANALES DE PEDIATRIA",1574,2,13794,"Zone 3"
"Analyst",1575,2,13796,"Zone 3"
"Anatolian Journal of Cardiology",1576,2,13798,"Zone 3"
"Anesthesia and Analgesia",1577,2,13800,"Zone 3"
"ANGEWANDTE CHEMIE (INTERNATIONAL ED. IN ENGLISH)",1578,2,13802,"Zone 3"
"Annales Francaises De Medecine D Urgence",1579,2,13804,"Zone 3"
"Annals of Applied Statistics",1580,2,13806,"Zone 3"
"ANNALS OF BIOMEDICAL ENGINEERING",1581,2,13808,"Zone 3"
"ANNALS OF CARDIOTHORACIC SURGERY",1582,2,13810,"Zone 3"
"Annals of Clinical Microbiology and Antimicrobials",1583,2,13812,"Zone 3"
"Annals of Daaam and Proceedings of the International Daaam Symposium",1584,2,13814,"Zone 3"
"Annals of Epidemiology",1585,2,13816,"Zone 3"
"ANNALS OF MEDICINE",1586,2,13818,"Zone 3"
"ANNALS OF MEDICINE AND SURGERY (2012)",1587,2,13820,"Zone 3"
"ANNALS OF NEUROLOGY",1588,2,13822,"Zone 3"
"Annals of Surgical Oncology",1589,2,13824,"Zone 3"
"Annals of the American Thoracic Society",1590,2,13826,"Zone 3"
"Annals of the New York Academy of Sciences",1591,2,13828,"Zone 3"
"Annals of Transplantation",1592,2,13830,"Zone 3"
"Antibiotiki I Khimioterapiya",1593,2,13832,"Zone 3"
"Aphasiology",1594,2,13834,"Zone 3"
"Applied Mathematics and Nonlinear Sciences",1595,2,13836,"Zone 3"
"Applied Physics Letters",1596,2,13838,"Zone 3"
"AQUATIC TOXICOLOGY (AMSTERDAM, NETHERLANDS)",1597,2,13840,"Zone 3"
"ARCHIVES OF ENVIRONMENTAL & OCCUPATIONAL HEALTH",1598,2,13842,"Zone 3"
"Archives of Gerontology and Geriatrics",1599,2,13844,"Zone 3"
"Archives of Physical Medicine and Rehabilitation",1600,2,13846,"Zone 3"
"Archives of Public Health",1601,2,13848,"Zone 3"
"Archivos Venezolanos De Farmacologia Y Terapeutica",1602,2,13850,"Zone 3"
"Arhiv Za Higijenu Rada I Toksikologiju",1603,2,13852,"Zone 3"
"ARQUIVOS DE NEURO-PSIQUIATRIA",1604,2,13854,"Zone 3"
"Array",1605,2,13856,"Zone 3"
"ARTERIOSCLEROSIS, THROMBOSIS, AND VASCULAR BIOLOGY",1606,2,13858,"Zone 3"
"ASIAN CARDIOVASCULAR & THORACIC ANNALS",1607,2,13860,"Zone 3"
"Asian Journal of Surgery",1608,2,13862,"Zone 3"
"Atemwegs Und Lungenkrankheiten",1609,2,13864,"Zone 3"
"Atmospheric Measurement Techniques",1610,2,13866,"Zone 3"
"Audiology Research",1611,2,13868,"Zone 3"
"Auditory and Vestibular Research",1612,2,13870,"Zone 3"
"Auris Nasus Larynx",1613,2,13872,"Zone 3"
"AURIS, NASUS, LARYNX",1614,2,13874,"Zone 3"
"Australian Veterinary Journal",1615,2,13876,"Zone 3"
"AUSTRALIAN VETERINARY JOURNAL",1616,2,13878,"Zone 3"
"Autonomic Neuroscience Basic and Clinical",1617,2,13880,"Zone 3"
"Azerbaijan Medical Journal",1618,2,13882,"Zone 3"
"Bahrain Medical Bulletin",1619,2,13884,"Zone 3"
"Bali Journal of Anesthesiology",1620,2,13886,"Zone 3"
"Basic Research in Cardiology",1621,2,13888,"Zone 3"
"Behavioural Brain Research",1622,2,13890,"Zone 3"
"Binggong Xuebao Acta Armamentarii",1623,2,13892,"Zone 3"
"BIOACTIVE MATERIALS",1624,2,13894,"Zone 3"
"Bioengineered",1625,2,13896,"Zone 3"
"Biofuels Bioproducts and Biorefining",1626,2,13898,"Zone 3"
"BIOINSPIRATION & BIOMIMETICS",1627,2,13900,"Zone 3"
"BIOLOGICAL TRACE ELEMENT RESEARCH",1628,2,13902,"Zone 3"
"Biology",1629,2,13904,"Zone 3"
"BIOLOGY",1630,2,13906,"Zone 3"
"Biomass and Bioenergy",1631,2,13908,"Zone 3"
"Biomass Conversion and Biorefinery",1632,2,13910,"Zone 3"
"Biomechanics and Modeling in Mechanobiology",1633,2,13912,"Zone 3"
"BIOMED RESEARCH INTERNATIONAL",1634,2,13914,"Zone 3"
"Biomedical and Pharmacology Journal",1635,2,13916,"Zone 3"
"Biomedical Engineering",1636,2,13918,"Zone 3"
"Biomedical Engineering Letters",1637,2,13920,"Zone 3"
"Biomedical Engineering Online",1638,2,13922,"Zone 3"
"Biomedical Journal",1639,2,13924,"Zone 3"
"Biomedical Materials and Devices",1640,2,13926,"Zone 3"
"BIOMEDICAL OPTICS EXPRESS",1641,2,13928,"Zone 3"
"BIOMOLECULES",1642,2,13930,"Zone 3"
"BIOORGANIC CHEMISTRY",1643,2,13932,"Zone 3"
"BIOSENSORS",1644,2,13934,"Zone 3"
"Bjgp Open",1645,2,13936,"Zone 3"
"BMC Complementary Medicine and Therapies",1646,2,13938,"Zone 3"
"BMC Health Services Research",1647,2,13940,"Zone 3"
"BMC HEALTH SERVICES RESEARCH",1648,2,13942,"Zone 3"
"BMC INFECTIOUS DISEASES",1649,2,13944,"Zone 3"
"BMC Medical Research Methodology",1650,2,13946,"Zone 3"
"BMC MEDICAL RESEARCH METHODOLOGY",1651,2,13948,"Zone 3"
"BMC MICROBIOLOGY",1652,2,13950,"Zone 3"
"BMC Palliative Care",1653,2,13952,"Zone 3"
"BMC Pediatrics",1654,2,13954,"Zone 3"
"BMC PEDIATRICS",1655,2,13956,"Zone 3"
"BMC SPORTS SCIENCE, MEDICINE & REHABILITATION",1656,2,13958,"Zone 3"
"BMJ (CLINICAL RESEARCH ED.)",1657,2,13960,"Zone 3"
"BMJ OPEN SPORT & EXERCISE MEDICINE",1658,2,13962,"Zone 3"
"BMJ Open Sport and Exercise Medicine",1659,2,13964,"Zone 3"
"BMJ PUBLIC HEALTH",1660,2,13966,"Zone 3"
"BRAIN : A JOURNAL OF NEUROLOGY",1661,2,13968,"Zone 3"
"Brain and Spine",1662,2,13970,"Zone 3"
"Brain Connectivity",1663,2,13972,"Zone 3"
"Brain Injury",1664,2,13974,"Zone 3"
"BRAIN TOPOGRAPHY",1665,2,13976,"Zone 3"
"Brazilian Journal of Pharmaceutical Sciences",1666,2,13978,"Zone 3"
"Brazilian Journal of Physics",1667,2,13980,"Zone 3"
"British Journal of Clinical Pharmacology",1668,2,13982,"Zone 3"
"Building Simulation Conference Proceedings",1669,2,13984,"Zone 3"
"Bulletin of Electrical Engineering and Informatics",1670,2,13986,"Zone 3"
"Bulletin of the Tomsk Polytechnic University Geo Assets Engineering",1671,2,13988,"Zone 3"
"Canadian Journal of Neurological Sciences",1672,2,13990,"Zone 3"
"CANCER INVESTIGATION",1673,2,13992,"Zone 3"
"CANCERS",1674,2,13994,"Zone 3"
"Cardiology and Therapy",1675,2,13996,"Zone 3"
"CARDIOLOGY IN REVIEW",1676,2,13998,"Zone 3"
"CARDIOLOGY JOURNAL",1677,2,14000,"Zone 3"
"CARDIOVASCULAR DIAGNOSIS AND THERAPY",1678,2,14002,"Zone 3"
"Cardiovascular Journal of Africa",1679,2,14004,"Zone 3"
"CARDIOVASCULAR JOURNAL OF AFRICA",1680,2,14006,"Zone 3"
"Case",1681,2,14008,"Zone 3"
"Case Based Approach to Common Neurological Disorders",1682,2,14010,"Zone 3"
"CASE REPORTS IN CRITICAL CARE",1683,2,14012,"Zone 3"
"CATHETERIZATION AND CARDIOVASCULAR INTERVENTIONS : OFFICIAL JOURNAL OF THE SOCIETY FOR CARDIAC ANGIOGRAPHY & INTERVENTIONS",1684,2,14014,"Zone 3"
"Cell Death and Differentiation",1685,2,14016,"Zone 3"
"Cellular and Molecular Life Sciences",1686,2,14018,"Zone 3"
"CELLULAR AND MOLECULAR NEUROBIOLOGY",1687,2,14020,"Zone 3"
"Cellular Signalling",1688,2,14022,"Zone 3"
"Cen Case Reports",1689,2,14024,"Zone 3"
"Central Nervous System Agents in Medicinal Chemistry",1690,2,14026,"Zone 3"
"Cerebrovascular Diseases Extra",1691,2,14028,"Zone 3"
"CHEMICO-BIOLOGICAL INTERACTIONS",1692,2,14030,"Zone 3"
"Child S Nervous System",1693,2,14032,"Zone 3"
"Children",1694,2,14034,"Zone 3"
"Chinese Control Conference Ccc",1695,2,14036,"Zone 3"
"Chinese Journal of Chromatography Se Pu",1696,2,14038,"Zone 3"
"Chinese Journal of Clinical Research",1697,2,14040,"Zone 3"
"Chinese Journal of General Surgery",1698,2,14042,"Zone 3"
"Chinese Journal of Geriatrics",1699,2,14044,"Zone 3"
"Chinese Journal of Neurology",1700,2,14046,"Zone 3"
"Chinese Journal of Preventive Medicine",1701,2,14048,"Zone 3"
"Chronic Diseases and Translational Medicine",1702,2,14050,"Zone 3"
"CHRONIC DISEASES AND TRANSLATIONAL MEDICINE",1703,2,14052,"Zone 3"
"CHRONOBIOLOGY INTERNATIONAL",1704,2,14054,"Zone 3"
"Ciencia E Saude Coletiva",1705,2,14056,"Zone 3"
"Circulation Genomic and Precision Medicine",1706,2,14058,"Zone 3"
"CIRCULATION RESEARCH",1707,2,14060,"Zone 3"
"Cities",1708,2,14062,"Zone 3"
"Cities and Health",1709,2,14064,"Zone 3"
"Cjc Open",1710,2,14066,"Zone 3"
"Climate Change and Disability A Collaborative Approach to A Sustainable Future",1711,2,14068,"Zone 3"
"Climate Change Management",1712,2,14070,"Zone 3"
"Climate Risk Management",1713,2,14072,"Zone 3"
"Clinica Chimica Acta",1714,2,14074,"Zone 3"
"Clinical and Experimental Pharmacology and Physiology",1715,2,14076,"Zone 3"
"CLINICAL AND EXPERIMENTAL RHEUMATOLOGY",1716,2,14078,"Zone 3"
"Clinical Autonomic Research",1717,2,14080,"Zone 3"
"CLINICAL AUTONOMIC RESEARCH : OFFICIAL JOURNAL OF THE CLINICAL AUTONOMIC RESEARCH SOCIETY",1718,2,14082,"Zone 3"
"Clinical Cardiology",1719,2,14084,"Zone 3"
"Clinical Epigenetics",1720,2,14086,"Zone 3"
"CLINICAL IMAGING",1721,2,14088,"Zone 3"
"Clinical Infectious Diseases",1722,2,14090,"Zone 3"
"CLINICAL INTERVENTIONS IN AGING",1723,2,14092,"Zone 3"
"CLINICAL KIDNEY JOURNAL",1724,2,14094,"Zone 3"
"Clinical Microbiology and Infection",1725,2,14096,"Zone 3"
"CLINICAL NEUROPHYSIOLOGY : OFFICIAL JOURNAL OF THE INTERNATIONAL FEDERATION OF CLINICAL NEUROPHYSIOLOGY",1726,2,14098,"Zone 3"
"Clinical Physiology and Functional Imaging",1727,2,14100,"Zone 3"
"CLINICAL PHYSIOLOGY AND FUNCTIONAL IMAGING",1728,2,14102,"Zone 3"
"Clinical Therapeutics",1729,2,14104,"Zone 3"
"CNS and Neurological Disorders Drug Targets",1730,2,14106,"Zone 3"
"Cochrane Database of Systematic Reviews",1731,2,14108,"Zone 3"
"Colloids and Surfaces B Biointerfaces",1732,2,14110,"Zone 3"
"COMPARATIVE BIOCHEMISTRY AND PHYSIOLOGY. TOXICOLOGY & PHARMACOLOGY : CBP",1733,2,14112,"Zone 3"
"Complex and Intelligent Systems",1734,2,14114,"Zone 3"
"Composites Part A Applied Science and Manufacturing",1735,2,14116,"Zone 3"
"Computation",1736,2,14118,"Zone 3"
"COMPUTATIONAL INTELLIGENCE AND NEUROSCIENCE",1737,2,14120,"Zone 3"
"COMPUTER METHODS IN BIOMECHANICS AND BIOMEDICAL ENGINEERING",1738,2,14122,"Zone 3"
"Conference on Human Factors in Computing Systems Proceedings",1739,2,14124,"Zone 3"
"Conference Proceedings IEEE International Conference on Systems Man and Cybernetics",1740,2,14126,"Zone 3"
"Conservation Physiology",1741,2,14128,"Zone 3"
"CONTINUUM (MINNEAPOLIS, MINN.)",1742,2,14130,"Zone 3"
"Critical Public Health",1743,2,14132,"Zone 3"
"Crystals",1744,2,14134,"Zone 3"
"Current Alzheimer Research",1745,2,14136,"Zone 3"
"Current Directions in Biomedical Engineering",1746,2,14138,"Zone 3"
"Current Drug Targets",1747,2,14140,"Zone 3"
"Current Nutrition Reports",1748,2,14142,"Zone 3"
"Current Opinion in Anaesthesiology",1749,2,14144,"Zone 3"
"CURRENT OPINION IN ANAESTHESIOLOGY",1750,2,14146,"Zone 3"
"Current Opinion in Critical Care",1751,2,14148,"Zone 3"
"Current Protocols",1752,2,14150,"Zone 3"
"Current Vascular Pharmacology",1753,2,14152,"Zone 3"
"Designs",1754,2,14154,"Zone 3"
"Deutsches Arzteblatt International",1755,2,14156,"Zone 3"
"Developmental Neuroscience",1756,2,14158,"Zone 3"
"DEVELOPMENTAL NEUROSCIENCE",1757,2,14160,"Zone 3"
"Developments in Maritime Technology and Engineering Proceedings of the 5th International Conference on Maritime Technology and Engineering Martech 2020",1758,2,14162,"Zone 3"
"DIABETES & VASCULAR DISEASE RESEARCH",1759,2,14164,"Zone 3"
"Diabetes and Vascular Disease Research",1760,2,14166,"Zone 3"
"Diabetes Care",1761,2,14168,"Zone 3"
"Diabetes Obesity and Metabolism",1762,2,14170,"Zone 3"
"Diabetology and Metabolic Syndrome",1763,2,14172,"Zone 3"
"DISABILITY AND REHABILITATION. ASSISTIVE TECHNOLOGY",1764,2,14174,"Zone 3"
"Dose Response",1765,2,14176,"Zone 3"
"Dysphagia",1766,2,14178,"Zone 3"
"DYSPHAGIA",1767,2,14180,"Zone 3"
"EAR AND HEARING",1768,2,14182,"Zone 3"
"Early Human Development",1769,2,14184,"Zone 3"
"EARLY HUMAN DEVELOPMENT",1770,2,14186,"Zone 3"
"ECLINICALMEDICINE",1771,2,14188,"Zone 3"
"Ecs Transactions",1772,2,14190,"Zone 3"
"Egyptian Journal of Chemistry",1773,2,14192,"Zone 3"
"Emergency Medicine Ukraine",1774,2,14194,"Zone 3"
"Encyclopedia of the Human Brain Second Edition Volumes 1 5",1775,2,14196,"Zone 3"
"Energy for Sustainable Development",1776,2,14198,"Zone 3"
"Energy Science and Engineering",1777,2,14200,"Zone 3"
"Energy Technology",1778,2,14202,"Zone 3"
"Eneurologicalsci",1779,2,14204,"Zone 3"
"Engineering Failure Analysis",1780,2,14206,"Zone 3"
"Engineering Reports",1781,2,14208,"Zone 3"
"Engineering Technology and Applied Science Research",1782,2,14210,"Zone 3"
"Environmental Advances",1783,2,14212,"Zone 3"
"Environmental Challenges",1784,2,14214,"Zone 3"
"Environmental Chemistry Letters",1785,2,14216,"Zone 3"
"Environmental Engineering and Management Journal",1786,2,14218,"Zone 3"
"Environmental Science and Pollution Research International",1787,2,14220,"Zone 3"
"Environmental Science Atmospheres",1788,2,14222,"Zone 3"
"Environmental Technology and Innovation",1789,2,14224,"Zone 3"
"Environments Mdpi",1790,2,14226,"Zone 3"
"Epilepsia",1791,2,14228,"Zone 3"
"EPILEPSIA",1792,2,14230,"Zone 3"
"Epilepsia Open",1793,2,14232,"Zone 3"
"EPILEPSY & BEHAVIOR : E&B",1794,2,14234,"Zone 3"
"Epilepsy Research",1795,2,14236,"Zone 3"
"Equine Veterinary Education",1796,2,14238,"Zone 3"
"Ers Monograph",1797,2,14240,"Zone 3"
"ETG Fachbericht",1798,2,14242,"Zone 3"
"European Clinical Respiratory Journal",1799,2,14244,"Zone 3"
"European Geriatric Medicine",1800,2,14246,"Zone 3"
"European Heart Journal Cardiovascular Imaging",1801,2,14248,"Zone 3"
"European Heart Journal Quality of Care and Clinical Outcomes",1802,2,14250,"Zone 3"
"EUROPEAN HEART JOURNAL. QUALITY OF CARE & CLINICAL OUTCOMES",1803,2,14252,"Zone 3"
"European Journal of Anaesthesiology",1804,2,14254,"Zone 3"
"EUROPEAN JOURNAL OF CARDIOVASCULAR NURSING",1805,2,14256,"Zone 3"
"European Journal of Clinical Investigation",1806,2,14258,"Zone 3"
"European Journal of Clinical Microbiology and Infectious Diseases",1807,2,14260,"Zone 3"
"European Journal of Medical Research",1808,2,14262,"Zone 3"
"EUROPEAN JOURNAL OF PUBLIC HEALTH",1809,2,14264,"Zone 3"
"EUROPEAN JOURNAL OF RADIOLOGY OPEN",1810,2,14266,"Zone 3"
"European Journal of Sport Science",1811,2,14268,"Zone 3"
"European Journal of Translational Myology",1812,2,14270,"Zone 3"
"EUROPEAN JOURNAL OF VASCULAR AND ENDOVASCULAR SURGERY : THE OFFICIAL JOURNAL OF THE EUROPEAN SOCIETY FOR VASCULAR SURGERY",1813,2,14272,"Zone 3"
"European Neurology",1814,2,14274,"Zone 3"
"European Respiratory Review",1815,2,14276,"Zone 3"
"Evergreen",1816,2,14278,"Zone 3"
"EXPERIMENTAL AND THERAPEUTIC MEDICINE",1817,2,14280,"Zone 3"
"Experimental Heat Transfer",1818,2,14282,"Zone 3"
"Experimental Neurobiology",1819,2,14284,"Zone 3"
"Experimental Technology and Management",1820,2,14286,"Zone 3"
"Experiments in Fluids",1821,2,14288,"Zone 3"
"EXPERT REVIEW OF MEDICAL DEVICES",1822,2,14290,"Zone 3"
"Extreme Medicine",1823,2,14292,"Zone 3"
"F1000research",1824,2,14294,"Zone 3"
"F1000RESEARCH",1825,2,14296,"Zone 3"
"FEBS Letters",1826,2,14298,"Zone 3"
"Fibers and Polymers",1827,2,14300,"Zone 3"
"Flow Measurement and Instrumentation",1828,2,14302,"Zone 3"
"Fluids",1829,2,14304,"Zone 3"
"Forensic Science International Reports",1830,2,14306,"Zone 3"
"Friction",1831,2,14308,"Zone 3"
"Frontiers in Artificial Intelligence",1832,2,14310,"Zone 3"
"FRONTIERS IN ARTIFICIAL INTELLIGENCE",1833,2,14312,"Zone 3"
"FRONTIERS IN BIOENGINEERING AND BIOTECHNOLOGY",1834,2,14314,"Zone 3"
"Frontiers in Chemistry",1835,2,14316,"Zone 3"
"Frontiers in Climate",1836,2,14318,"Zone 3"
"FRONTIERS IN DEMENTIA",1837,2,14320,"Zone 3"
"Frontiers in Energy Research",1838,2,14322,"Zone 3"
"Frontiers in Genetics",1839,2,14324,"Zone 3"
"Frontiers in Neural Circuits",1840,2,14326,"Zone 3"
"FRONTIERS IN NEUROROBOTICS",1841,2,14328,"Zone 3"
"FRONTIERS IN NUTRITION",1842,2,14330,"Zone 3"
"Frontiers in Plant Science",1843,2,14332,"Zone 3"
"FRONTIERS IN SPORTS AND ACTIVE LIVING",1844,2,14334,"Zone 3"
"Frontiers in Stroke",1845,2,14336,"Zone 3"
"FRONTIERS IN STROKE",1846,2,14338,"Zone 3"
"Frontiers in Surgery",1847,2,14340,"Zone 3"
"Fuels",1848,2,14342,"Zone 3"
"Functional Foods in Health and Disease",1849,2,14344,"Zone 3"
"Fundamentals of Infrared Thermal Imaging",1850,2,14346,"Zone 3"
"GAIT & POSTURE",1851,2,14348,"Zone 3"
"Gait and Posture",1852,2,14350,"Zone 3"
"Gaodianya Jishu High Voltage Engineering",1853,2,14352,"Zone 3"
"GENEREVIEWS",1854,2,14354,"Zone 3"
"Genes",1855,2,14356,"Zone 3"
"Geographical Review of Japan Series B",1856,2,14358,"Zone 3"
"GERIATRIC NURSING (NEW YORK, N.Y.)",1857,2,14360,"Zone 3"
"GERIATRICS & GERONTOLOGY INTERNATIONAL",1858,2,14362,"Zone 3"
"GERIATRICS (BASEL, SWITZERLAND)",1859,2,14364,"Zone 3"
"Geriatrics Switzerland",1860,2,14366,"Zone 3"
"Giornale Italiano Di Cardiologia",1861,2,14368,"Zone 3"
"Global Challenges",1862,2,14370,"Zone 3"
"Global Health Action",1863,2,14372,"Zone 3"
"GLOBAL HEALTH ACTION",1864,2,14374,"Zone 3"
"Global Transitions",1865,2,14376,"Zone 3"
"GLOBALIZATION AND HEALTH",1866,2,14378,"Zone 3"
"Gmsarn International Journal",1867,2,14380,"Zone 3"
"Gongcheng Kexue Yu Jishu Advanced Engineering Sciences",1868,2,14382,"Zone 3"
"Gongcheng Lixue Engineering Mechanics",1869,2,14384,"Zone 3"
"Green Space and Human Health in China",1870,2,14386,"Zone 3"
"Guang Pu Xue Yu Guang Pu Fen Xi Spectroscopy and Spectral Analysis",1871,2,14388,"Zone 3"
"Hangkong Xuebao Acta Aeronautica Et Astronautica Sinica",1872,2,14390,"Zone 3"
"Headache",1873,2,14392,"Zone 3"
"Health and Sustenance in Extreme Environment A Military Perspective",1874,2,14394,"Zone 3"
"Health Care Science",1875,2,14396,"Zone 3"
"Health Expectations",1876,2,14398,"Zone 3"
"HEALTH EXPECTATIONS : AN INTERNATIONAL JOURNAL OF PUBLIC PARTICIPATION IN HEALTH CARE AND HEALTH POLICY",1877,2,14400,"Zone 3"
"HEART & LUNG : THE JOURNAL OF CRITICAL CARE",1878,2,14402,"Zone 3"
"Heart and Mind",1879,2,14404,"Zone 3"
"Heart India",1880,2,14406,"Zone 3"
"Hepatology Communications",1881,2,14408,"Zone 3"
"High Blood Pressure and Cardiovascular Prevention",1882,2,14410,"Zone 3"
"Hipertension Y Riesgo Vascular",1883,2,14412,"Zone 3"
"Hongwai Yu Jiguang Gongcheng Infrared and Laser Engineering",1884,2,14414,"Zone 3"
"HOSPITAL PRACTICE (1995)",1885,2,14416,"Zone 3"
"Hsi an Chiao Tung Ta Hsueh Journal of Xi an Jiaotong University",1886,2,14418,"Zone 3"
"Huagong Xuebao Ciesc Journal",1887,2,14420,"Zone 3"
"Huanjing Kexue Environmental Science",1888,2,14422,"Zone 3"
"Human and Ecological Risk Assessment",1889,2,14424,"Zone 3"
"Human and Experimental Toxicology",1890,2,14426,"Zone 3"
"Iaes International Journal of Artificial Intelligence",1891,2,14428,"Zone 3"
"IEEE Sensors Letters",1892,2,14430,"Zone 3"
"IEEE Transactions on Control Systems Technology",1893,2,14432,"Zone 3"
"IEEE Transactions on Industrial Electronics",1894,2,14434,"Zone 3"
"IEEE Transactions on Industrial Informatics",1895,2,14436,"Zone 3"
"IEEE Transactions on Magnetics",1896,2,14438,"Zone 3"
"IEEE Transactions on Plasma Science",1897,2,14440,"Zone 3"
"IEEE Transactions on Power Delivery",1898,2,14442,"Zone 3"
"IEEE Transactions on Robotics",1899,2,14444,"Zone 3"
"IEEE Transactions on Transportation Electrification",1900,2,14446,"Zone 3"
"IFAC Papersonline",1901,2,14448,"Zone 3"
"IN VIVO (ATHENS, GREECE)",1902,2,14450,"Zone 3"
"Indian Journal of Critical Care Medicine",1903,2,14452,"Zone 3"
"Indian Journal of Medical Research",1904,2,14454,"Zone 3"
"Indian Pediatrics",1905,2,14456,"Zone 3"
"Indoor Air",1906,2,14458,"Zone 3"
"Industrial Health",1907,2,14460,"Zone 3"
"Industrial Lubrication and Tribology",1908,2,14462,"Zone 3"
"Infection",1909,2,14464,"Zone 3"
"Infectious Diseases and Therapy",1910,2,14466,"Zone 3"
"Inflammation",1911,2,14468,"Zone 3"
"INHALATION TOXICOLOGY",1912,2,14470,"Zone 3"
"INNOVATION (CAMBRIDGE (MASS.))",1913,2,14472,"Zone 3"
"Innovations Technology and Techniques in Cardiothoracic and Vascular Surgery",1914,2,14474,"Zone 3"
"INTENSIVE CARE MEDICINE",1915,2,14476,"Zone 3"
"INTENSIVE CARE MEDICINE EXPERIMENTAL",1916,2,14478,"Zone 3"
"INTERNAL MEDICINE (TOKYO, JAPAN)",1917,2,14480,"Zone 3"
"International Conference on Electrical Engineering Computer Science and Informatics Eecsi",1918,2,14482,"Zone 3"
"International Conference on Sensing Measurement and Data Analytics in the Era of Artificial Intelligence Icsmd 2020 Proceedings",1919,2,14484,"Zone 3"
"INTERNATIONAL HEART JOURNAL",1920,2,14486,"Zone 3"
"INTERNATIONAL JOURNAL FOR NUMERICAL METHODS IN BIOMEDICAL ENGINEERING",1921,2,14488,"Zone 3"
"International Journal of Advanced Technology and Engineering Exploration",1922,2,14490,"Zone 3"
"International Journal of Biomedical Imaging",1923,2,14492,"Zone 3"
"INTERNATIONAL JOURNAL OF BIOMEDICAL IMAGING",1924,2,14494,"Zone 3"
"INTERNATIONAL JOURNAL OF CANCER",1925,2,14496,"Zone 3"
"International Journal of Clinical Pharmacology and Therapeutics",1926,2,14498,"Zone 3"
"International Journal of Computational Intelligence Systems",1927,2,14500,"Zone 3"
"International Journal of Computer Information Systems and Industrial Management Applications",1928,2,14502,"Zone 3"
"International Journal of Copd",1929,2,14504,"Zone 3"
"International Journal of Disaster Risk Reduction",1930,2,14506,"Zone 3"
"International Journal of Electrical and Computer Engineering",1931,2,14508,"Zone 3"
"International Journal of Electrical Power and Energy Systems",1932,2,14510,"Zone 3"
"International Journal of Environmental Analytical Chemistry",1933,2,14512,"Zone 3"
"International Journal of Exergy",1934,2,14514,"Zone 3"
"International Journal of Experimental Research and Review",1935,2,14516,"Zone 3"
"International Journal of Health Geographics",1936,2,14518,"Zone 3"
"International Journal of Health Planning and Management",1937,2,14520,"Zone 3"
"International Journal of Information Technology Singapore",1938,2,14522,"Zone 3"
"International Journal of Legal Medicine",1939,2,14524,"Zone 3"
"INTERNATIONAL JOURNAL OF LEGAL MEDICINE",1940,2,14526,"Zone 3"
"International Journal of Low Carbon Technologies",1941,2,14528,"Zone 3"
"International Journal of Medical Engineering and Informatics",1942,2,14530,"Zone 3"
"INTERNATIONAL JOURNAL OF MEDICAL INFORMATICS",1943,2,14532,"Zone 3"
"International Journal of Medical Toxicology and Forensic Medicine",1944,2,14534,"Zone 3"
"International Journal of Minerals Metallurgy and Materials",1945,2,14536,"Zone 3"
"International Journal of Occupational and Environmental Medicine",1946,2,14538,"Zone 3"
"International Journal of Pharmaceutics X",1947,2,14540,"Zone 3"
"International Journal of Plasticity",1948,2,14542,"Zone 3"
"International Journal of Precision Engineering and Manufacturing",1949,2,14544,"Zone 3"
"International Journal of Research in Pharmaceutical Sciences",1950,2,14546,"Zone 3"
"INTERNATIONAL JOURNAL OF SPORTS MEDICINE",1951,2,14548,"Zone 3"
"International Journal of Sustainable Engineering",1952,2,14550,"Zone 3"
"International Journal of Sustainable Transportation",1953,2,14552,"Zone 3"
"International Journal of System Assurance Engineering and Management",1954,2,14554,"Zone 3"
"International Journal on Interactive Design and Manufacturing",1955,2,14556,"Zone 3"
"International Journal on Technical and Physical Problems of Engineering",1956,2,14558,"Zone 3"
"International Multidisciplinary Scientific Geoconference Surveying Geology and Mining Ecology Management Sgem",1957,2,14560,"Zone 3"
"International Neurological Journal Ukraine",1958,2,14562,"Zone 3"
"International Psychogeriatrics",1959,2,14564,"Zone 3"
"International Research Journal of Multidisciplinary Scope",1960,2,14566,"Zone 3"
"International Urology and Nephrology",1961,2,14568,"Zone 3"
"International Wound Journal",1962,2,14570,"Zone 3"
"Inverse Problems and Imaging",1963,2,14572,"Zone 3"
"Iradiology",1964,2,14574,"Zone 3"
"Iranian Heart Journal",1965,2,14576,"Zone 3"
"Iraqi Journal of Agricultural Sciences",1966,2,14578,"Zone 3"
"Irish Journal of Medical Science",1967,2,14580,"Zone 3"
"Israel Journal of Health Policy Research",1968,2,14582,"Zone 3"
"ISRAEL JOURNAL OF HEALTH POLICY RESEARCH",1969,2,14584,"Zone 3"
"Izvestiya of Saratov University Mathematics Mechanics Informatics",1970,2,14586,"Zone 3"
"Jacc Basic to Translational Science",1971,2,14588,"Zone 3"
"Jacep Open",1972,2,14590,"Zone 3"
"JAMA CARDIOLOGY",1973,2,14592,"Zone 3"
"JAMA Journal of the American Medical Association",1974,2,14594,"Zone 3"
"JAMA OTOLARYNGOLOGY-- HEAD & NECK SURGERY",1975,2,14596,"Zone 3"
"JAMA Surgery",1976,2,14598,"Zone 3"
"Japan Architectural Review",1977,2,14600,"Zone 3"
"Japanese Journal of Infectious Diseases",1978,2,14602,"Zone 3"
"JAPANESE JOURNAL OF RADIOLOGY",1979,2,14604,"Zone 3"
"Jci Insight",1980,2,14606,"Zone 3"
"JCI INSIGHT",1981,2,14608,"Zone 3"
"Jisuanji Gongcheng Computer Engineering",1982,2,14610,"Zone 3"
"Jixie Kexue Yu Jishu Mechanical Science and Technology for Aerospace Engineering",1983,2,14612,"Zone 3"
"JMIR FORMATIVE RESEARCH",1984,2,14614,"Zone 3"
"Jmir Research Protocols",1985,2,14616,"Zone 3"
"JMIR RESEARCH PROTOCOLS",1986,2,14618,"Zone 3"
"Journal for Nurse Practitioners",1987,2,14620,"Zone 3"
"Journal of Advanced Research in Experimental Fluid Mechanics and Heat Transfer",1988,2,14622,"Zone 3"
"Journal of Advanced Research in Fluid Mechanics and Thermal Sciences",1989,2,14624,"Zone 3"
"Journal of Advances in Environmental Health Research",1990,2,14626,"Zone 3"
"Journal of Ambient Intelligence and Humanized Computing",1991,2,14628,"Zone 3"
"Journal of Animal Science",1992,2,14630,"Zone 3"
"JOURNAL OF ANIMAL SCIENCE",1993,2,14632,"Zone 3"
"Journal of Applied Physiology Bethesda Md 1985",1994,2,14634,"Zone 3"
"Journal of Applied Toxicology",1995,2,14636,"Zone 3"
"JOURNAL OF APPLIED TOXICOLOGY : JAT",1996,2,14638,"Zone 3"
"Journal of Biochemical and Molecular Toxicology",1997,2,14640,"Zone 3"
"Journal of Biological Regulators and Homeostatic Agents",1998,2,14642,"Zone 3"
"Journal of Biomechanics",1999,2,14644,"Zone 3"
"Journal of Biomedical Informatics",2000,2,14646,"Zone 3"
"JOURNAL OF BIOMEDICAL OPTICS",2001,2,14648,"Zone 3"
"Journal of Bionic Engineering",2002,2,14650,"Zone 3"
"Journal of Bodywork and Movement Therapies",2003,2,14652,"Zone 3"
"Journal of Cachexia Sarcopenia and Muscle",2004,2,14654,"Zone 3"
"Journal of Cardiac Failure",2005,2,14656,"Zone 3"
"JOURNAL OF CARDIOLOGY",2006,2,14658,"Zone 3"
"Journal of Cardiology Cases",2007,2,14660,"Zone 3"
"JOURNAL OF CARDIOTHORACIC AND VASCULAR ANESTHESIA",2008,2,14662,"Zone 3"
"Journal of Cardiovascular Medicine",2009,2,14664,"Zone 3"
"Journal of Cardiovascular Surgery",2010,2,14666,"Zone 3"
"Journal of Central South University Medical Sciences",2011,2,14668,"Zone 3"
"Journal of Chemistry",2012,2,14670,"Zone 3"
"Journal of Chromatography B Analytical Technologies in the Biomedical and Life Sciences",2013,2,14672,"Zone 3"
"JOURNAL OF CHROMATOGRAPHY. A",2014,2,14674,"Zone 3"
"Journal of Clinical Emergency",2015,2,14676,"Zone 3"
"Journal of Clinical Investigation",2016,2,14678,"Zone 3"
"Journal of Clinical Sleep Medicine",2017,2,14680,"Zone 3"
"Journal of Combustion",2018,2,14682,"Zone 3"
"Journal of Comparative Physiology B Biochemical Systemic and Environmental Physiology",2019,2,14684,"Zone 3"
"JOURNAL OF COMPARATIVE PHYSIOLOGY. B, BIOCHEMICAL, SYSTEMIC, AND ENVIRONMENTAL PHYSIOLOGY",2020,2,14686,"Zone 3"
"Journal of Craniofacial Surgery",2021,2,14688,"Zone 3"
"JOURNAL OF CRITICAL CARE",2022,2,14690,"Zone 3"
"JOURNAL OF DAIRY SCIENCE",2023,2,14692,"Zone 3"
"Journal of Dental Research",2024,2,14694,"Zone 3"
"JOURNAL OF DENTAL RESEARCH",2025,2,14696,"Zone 3"
"Journal of Diagnostics Concepts and Practice",2026,2,14698,"Zone 3"
"Journal of Electrocardiology",2027,2,14700,"Zone 3"
"Journal of Electronic Imaging",2028,2,14702,"Zone 3"
"Journal of Electronics Electromedical Engineering and Medical Informatics",2029,2,14704,"Zone 3"
"Journal of Emergency Medicine Trauma and Acute Care",2030,2,14706,"Zone 3"
"Journal of Engineering Mathematics",2031,2,14708,"Zone 3"
"Journal of Engineering Science and Technology",2032,2,14710,"Zone 3"
"Journal of Engineering United Kingdom",2033,2,14712,"Zone 3"
"Journal of Environmental Management",2034,2,14714,"Zone 3"
"Journal of Environmental Nanotechnology",2035,2,14716,"Zone 3"
"JOURNAL OF ENVIRONMENTAL SCIENCES (CHINA)",2036,2,14718,"Zone 3"
"Journal of Equine Science",2037,2,14720,"Zone 3"
"Journal of Fluid Mechanics",2038,2,14722,"Zone 3"
"JOURNAL OF FORENSIC AND LEGAL MEDICINE",2039,2,14724,"Zone 3"
"Journal of Forensic Sciences",2040,2,14726,"Zone 3"
"Journal of Gerontology and Geriatrics",2041,2,14728,"Zone 3"
"Journal of Global Infectious Diseases",2042,2,14730,"Zone 3"
"JOURNAL OF HEALTHCARE ENGINEERING",2043,2,14732,"Zone 3"
"Journal of Hypertension",2044,2,14734,"Zone 3"
"Journal of Imaging",2045,2,14736,"Zone 3"
"JOURNAL OF IMAGING",2046,2,14738,"Zone 3"
"Journal of Imaging Informatics in Medicine",2047,2,14740,"Zone 3"
"Journal of Industrial Textiles",2048,2,14742,"Zone 3"
"Journal of Infection and Public Health",2049,2,14744,"Zone 3"
"Journal of Infection in Developing Countries",2050,2,14746,"Zone 3"
"Journal of Innovative Image Processing",2051,2,14748,"Zone 3"
"Journal of Instrumentation",2052,2,14750,"Zone 3"
"Journal of Intelligent and Fuzzy Systems",2053,2,14752,"Zone 3"
"Journal of Intensive Medicine",2054,2,14754,"Zone 3"
"Journal of Investigative Medicine High Impact Case Reports",2055,2,14756,"Zone 3"
"Journal of Korean Medical Science",2056,2,14758,"Zone 3"
"JOURNAL OF KOREAN MEDICAL SCIENCE",2057,2,14760,"Zone 3"
"Journal of Magnetic Resonance",2058,2,14762,"Zone 3"
"JOURNAL OF MAGNETIC RESONANCE (SAN DIEGO, CALIF. : 1997)",2059,2,14764,"Zone 3"
"Journal of Marine Science and Application",2060,2,14766,"Zone 3"
"Journal of Medical and Biological Engineering",2061,2,14768,"Zone 3"
"Journal of Medical Sciences Taiwan",2062,2,14770,"Zone 3"
"Journal of Medical Ultrasonics",2063,2,14772,"Zone 3"
"Journal of Medicinal Chemistry",2064,2,14774,"Zone 3"
"Journal of Men S Health",2065,2,14776,"Zone 3"
"Journal of Mines Metals and Fuels",2066,2,14778,"Zone 3"
"JOURNAL OF MULTIDISCIPLINARY HEALTHCARE",2067,2,14780,"Zone 3"
"Journal of Neurocritical Care",2068,2,14782,"Zone 3"
"Journal of Neurophysiology",2069,2,14784,"Zone 3"
"Journal of Neurorestoratology",2070,2,14786,"Zone 3"
"Journal of Neuroscience",2071,2,14788,"Zone 3"
"Journal of Neurosurgery",2072,2,14790,"Zone 3"
"JOURNAL OF NEUROSURGICAL ANESTHESIOLOGY",2073,2,14792,"Zone 3"
"JOURNAL OF NEUROTRAUMA",2074,2,14794,"Zone 3"
"Journal of Nutrition",2075,2,14796,"Zone 3"
"Journal of Occupational Health",2076,2,14798,"Zone 3"
"JOURNAL OF PAIN RESEARCH",2077,2,14800,"Zone 3"
"Journal of Peking University Health Sciences",2078,2,14802,"Zone 3"
"Journal of Perinatology",2079,2,14804,"Zone 3"
"Journal of Petroleum Science and Engineering",2080,2,14806,"Zone 3"
"Journal of Pharmacology and Experimental Therapeutics",2081,2,14808,"Zone 3"
"Journal of Public Health Research",2082,2,14810,"Zone 3"
"Journal of Radiological Protection",2083,2,14812,"Zone 3"
"JOURNAL OF RURAL MEDICINE : JRM",2084,2,14814,"Zone 3"
"Journal of Scientific and Industrial Research",2085,2,14816,"Zone 3"
"Journal of Separation Science",2086,2,14818,"Zone 3"
"Journal of Silk",2087,2,14820,"Zone 3"
"Journal of Special Operations Medicine",2088,2,14822,"Zone 3"
"Journal of Speech Language and Hearing Research",2089,2,14824,"Zone 3"
"JOURNAL OF SPEECH, LANGUAGE, AND HEARING RESEARCH : JSLHR",2090,2,14826,"Zone 3"
"Journal of Sport Rehabilitation",2091,2,14828,"Zone 3"
"Journal of Sports Sciences",2092,2,14830,"Zone 3"
"JOURNAL OF SPORTS SCIENCES",2093,2,14832,"Zone 3"
"Journal of Strength and Conditioning Research",2094,2,14834,"Zone 3"
"Journal of Supercritical Fluids",2095,2,14836,"Zone 3"
"Journal of Surgical Case Reports",2096,2,14838,"Zone 3"
"Journal of Techniques",2097,2,14840,"Zone 3"
"JOURNAL OF THE AMERICAN CHEMICAL SOCIETY",2098,2,14842,"Zone 3"
"Journal of the American College of Radiology",2099,2,14844,"Zone 3"
"Journal of the American Geriatrics Society",2100,2,14846,"Zone 3"
"Journal of the American Society of Echocardiography",2101,2,14848,"Zone 3"
"Journal of the Chinese Society of Mechanical Engineers Transactions of the Chinese Institute of Engineers Series C Chung Kuo Chi Hsueh Kung Ch Eng Hsuebo Pao",2102,2,14850,"Zone 3"
"JOURNAL OF THE COLLEGE OF PHYSICIANS AND SURGEONS--PAKISTAN : JCPSP",2103,2,14852,"Zone 3"
"Journal of the Energy Institute",2104,2,14854,"Zone 3"
"Journal of the European Academy of Dermatology and Venereology",2105,2,14856,"Zone 3"
"Journal of the Faculty of Engineering and Architecture of Gazi University",2106,2,14858,"Zone 3"
"JOURNAL OF THE FORMOSAN MEDICAL ASSOCIATION = TAIWAN YI ZHI",2107,2,14860,"Zone 3"
"Journal of the Indian Chemical Society",2108,2,14862,"Zone 3"
"Journal of the Indian Medical Association",2109,2,14864,"Zone 3"
"Journal of the Intensive Care Society",2110,2,14866,"Zone 3"
"Journal of the Japan Society for Technology of Plasticity",2111,2,14868,"Zone 3"
"Journal of the Korean Medical Association",2112,2,14870,"Zone 3"
"Journal of the Optical Society of America B Optical Physics",2113,2,14872,"Zone 3"
"Journal of the Royal College of Physicians of Edinburgh",2114,2,14874,"Zone 3"
"Journal of Thermal Science and Engineering Applications",2115,2,14876,"Zone 3"
"JOURNAL OF THROMBOSIS AND HAEMOSTASIS : JTH",2116,2,14878,"Zone 3"
"JOURNAL OF TRADITIONAL CHINESE MEDICINE = CHUNG I TSA CHIH YING WEN PAN",2117,2,14880,"Zone 3"
"JOURNAL OF TRANSLATIONAL MEDICINE",2118,2,14882,"Zone 3"
"Journal of Tropical Pediatrics",2119,2,14884,"Zone 3"
"JOURNAL OF ULTRASOUND IN MEDICINE : OFFICIAL JOURNAL OF THE AMERICAN INSTITUTE OF ULTRASOUND IN MEDICINE",2120,2,14886,"Zone 3"
"Journal of Vascular Research",2121,2,14888,"Zone 3"
"JOURNAL OF VASCULAR RESEARCH",2122,2,14890,"Zone 3"
"Journal of Veterinary Medical Science",2123,2,14892,"Zone 3"
"Journal of Water and Health",2124,2,14894,"Zone 3"
"Journal of X Ray Science and Technology",2125,2,14896,"Zone 3"
"JTCVS TECHNIQUES",2126,2,14898,"Zone 3"
"Juntendo Medical Journal",2127,2,14900,"Zone 3"
"JUNTENDO MEDICAL JOURNAL",2128,2,14902,"Zone 3"
"Kardiologia Polska",2129,2,14904,"Zone 3"
"Kazan Medical Journal",2130,2,14906,"Zone 3"
"Kidney Research and Clinical Practice",2131,2,14908,"Zone 3"
"Korean Journal of Neurotrauma",2132,2,14910,"Zone 3"
"Korean Journal of Radiology",2133,2,14912,"Zone 3"
"KOREAN JOURNAL OF RADIOLOGY",2134,2,14914,"Zone 3"
"Kung Cheng Je Wu Li Hsueh Pao Journal of Engineering Thermophysics",2135,2,14916,"Zone 3"
"Laboratory Animals",2136,2,14918,"Zone 3"
"Landscape and Urban Planning",2137,2,14920,"Zone 3"
"Laryngoscope",2138,2,14922,"Zone 3"
"Lecture Notes in Production Engineering",2139,2,14924,"Zone 3"
"Letters in Drug Design and Discovery",2140,2,14926,"Zone 3"
"Lupus",2141,2,14928,"Zone 3"
"Manson S Tropical Diseases Fourth Edition",2142,2,14930,"Zone 3"
"Materials Performance and Characterization",2143,2,14932,"Zone 3"
"Mathematical Biosciences and Engineering",2144,2,14934,"Zone 3"
"MATHEMATICAL BIOSCIENCES AND ENGINEERING : MBE",2145,2,14936,"Zone 3"
"Mathematics",2146,2,14938,"Zone 3"
"Mcb Molecular and Cellular Biomechanics",2147,2,14940,"Zone 3"
"Mechanical Sciences",2148,2,14942,"Zone 3"
"Mechanisms and Machine Science",2149,2,14944,"Zone 3"
"Med",2150,2,14946,"Zone 3"
"Media Publikasi Promosi Kesehatan Indonesia",2151,2,14948,"Zone 3"
"MEDICAL & BIOLOGICAL ENGINEERING & COMPUTING",2152,2,14950,"Zone 3"
"Medical Forum Monthly",2153,2,14952,"Zone 3"
"Medical Journal of Malaysia",2154,2,14954,"Zone 3"
"Medical Journal of Peking Union Medical College Hospital",2155,2,14956,"Zone 3"
"Medical Radiology",2156,2,14958,"Zone 3"
"Medical Sciences",2157,2,14960,"Zone 3"
"MEDICAL SCIENCES (BASEL, SWITZERLAND)",2158,2,14962,"Zone 3"
"Medicina Katastrof",2159,2,14964,"Zone 3"
"Medicine in Novel Technology and Devices",2160,2,14966,"Zone 3"
"MEDICINE INTERNATIONAL",2161,2,14968,"Zone 3"
"Medico Legal Journal",2162,2,14970,"Zone 3"
"Medico Legal Update",2163,2,14972,"Zone 3"
"Meitan Kexue Jishu Coal Science and Technology Peking",2164,2,14974,"Zone 3"
"Metabolic Brain Disease",2165,2,14976,"Zone 3"
"METABOLIC BRAIN DISEASE",2166,2,14978,"Zone 3"
"Meteorological Applications",2167,2,14980,"Zone 3"
"Methodist Debakey Cardiovascular Journal",2168,2,14982,"Zone 3"
"METHODIST DEBAKEY CARDIOVASCULAR JOURNAL",2169,2,14984,"Zone 3"
"Methods in Molecular Biology",2170,2,14986,"Zone 3"
"Methodsx",2171,2,14988,"Zone 3"
"Microvascular Research",2172,2,14990,"Zone 3"
"Mikrosystemtechnik Kongress 2023 Mikroelektronik Mikrosystemtechnik Und Ihre Anwendungen Nachhaltigkeit Und Technologiesouveranitat Proceedings",2173,2,14992,"Zone 3"
"Mitochondrion",2174,2,14994,"Zone 3"
"Modern Rheumatology Case Reports",2175,2,14996,"Zone 3"
"Molecular and Cellular Endocrinology",2176,2,14998,"Zone 3"
"MOLECULAR BIOLOGY REPORTS",2177,2,15000,"Zone 3"
"Molecular Pharmaceutics",2178,2,15002,"Zone 3"
"Multimedia Systems",2179,2,15004,"Zone 3"
"Nano Energy",2180,2,15006,"Zone 3"
"Nano Letters",2181,2,15008,"Zone 3"
"NANO LETTERS",2182,2,15010,"Zone 3"
"Nano Today",2183,2,15012,"Zone 3"
"Nanoscale",2184,2,15014,"Zone 3"
"Nature Biomedical Engineering",2185,2,15016,"Zone 3"
"Nature Environment and Pollution Technology",2186,2,15018,"Zone 3"
"Nature Medicine",2187,2,15020,"Zone 3"
"Nature Methods",2188,2,15022,"Zone 3"
"Nature Protocols",2189,2,15024,"Zone 3"
"Nature Reviews Endocrinology",2190,2,15026,"Zone 3"
"NCHS DATA BRIEF",2191,2,15028,"Zone 3"
"NEONATOLOGY",2192,2,15030,"Zone 3"
"Nephrology Dialysis Transplantation",2193,2,15032,"Zone 3"
"Nervenheilkunde",2194,2,15034,"Zone 3"
"Netherlands Journal of Critical Care",2195,2,15036,"Zone 3"
"NEURO-CHIRURGIE",2196,2,15038,"Zone 3"
"NEUROCHEMICAL RESEARCH",2197,2,15040,"Zone 3"
"NEUROCHEMISTRY INTERNATIONAL",2198,2,15042,"Zone 3"
"Neuroendocrinology Letters",2199,2,15044,"Zone 3"
"Neuroimage Reports",2200,2,15046,"Zone 3"
"Neurologia",2201,2,15048,"Zone 3"
"NEUROLOGIA",2202,2,15050,"Zone 3"
"NEUROLOGIA MEDICO-CHIRURGICA",2203,2,15052,"Zone 3"
"Neurologic Clinics",2204,2,15054,"Zone 3"
"Neurology and Therapy",2205,2,15056,"Zone 3"
"Neuropharmacology",2206,2,15058,"Zone 3"
"Neurorehabilitation",2207,2,15060,"Zone 3"
"Neuroscience Informatics",2208,2,15062,"Zone 3"
"NEUROSCIENCE LETTERS",2209,2,15064,"Zone 3"
"Neuroscience Research",2210,2,15066,"Zone 3"
"Neurosurgery Clinics of North America",2211,2,15068,"Zone 3"
"NEUROSURGICAL FOCUS",2212,2,15070,"Zone 3"
"Nevrologiya Neiropsikhiatriya Psikhosomatika",2213,2,15072,"Zone 3"
"New Microbes and New Infections",2214,2,15074,"Zone 3"
"New Research on Atrial Fibrillation and Ischemic Heart Disease",2215,2,15076,"Zone 3"
"New Zealand Medical Journal",2216,2,15078,"Zone 3"
"Nicotine and Tobacco Research",2217,2,15080,"Zone 3"
"Nigerian Journal of Technology",2218,2,15082,"Zone 3"
"Nihon Eiseigaku Zasshi Japanese Journal of Hygiene",2219,2,15084,"Zone 3"
"Nipes Journal of Science and Technology Research",2220,2,15086,"Zone 3"
"Nongye Jixie Xuebao Transactions of the Chinese Society for Agricultural Machinery",2221,2,15088,"Zone 3"
"Npj Cardiovascular Health",2222,2,15090,"Zone 3"
"NPJ CARDIOVASCULAR HEALTH",2223,2,15092,"Zone 3"
"NPJ DIGITAL MEDICINE",2224,2,15094,"Zone 3"
"Obstetrical and Gynecological Survey",2225,2,15096,"Zone 3"
"Oncology Letters",2226,2,15098,"Zone 3"
"OPEN ACCESS EMERGENCY MEDICINE : OAEM",2227,2,15100,"Zone 3"
"Open Biomedical Engineering Journal",2228,2,15102,"Zone 3"
"OPEN HEART",2229,2,15104,"Zone 3"
"Open Medicine Poland",2230,2,15106,"Zone 3"
"Open Public Health Journal",2231,2,15108,"Zone 3"
"OPTICS LETTERS",2232,2,15110,"Zone 3"
"Option Bio",2233,2,15112,"Zone 3"
"ORAL ONCOLOGY",2234,2,15114,"Zone 3"
"Orthopaedic Journal of Sports Medicine",2235,2,15116,"Zone 3"
"Osong Public Health and Research Perspectives",2236,2,15118,"Zone 3"
"OTOLARYNGOLOGY--HEAD AND NECK SURGERY : OFFICIAL JOURNAL OF AMERICAN ACADEMY OF OTOLARYNGOLOGY-HEAD AND NECK SURGERY",2237,2,15120,"Zone 3"
"Pakistan Journal of Medical Sciences",2238,2,15122,"Zone 3"
"Pamukkale Medical Journal",2239,2,15124,"Zone 3"
"Particle and Fibre Toxicology",2240,2,15126,"Zone 3"
"PARTICLE AND FIBRE TOXICOLOGY",2241,2,15128,"Zone 3"
"Patient Preference and Adherence",2242,2,15130,"Zone 3"
"Pediatric Annals",2243,2,15132,"Zone 3"
"PEDIATRIC BLOOD & CANCER",2244,2,15134,"Zone 3"
"Pediatric Blood and Cancer",2245,2,15136,"Zone 3"
"PEDIATRIC CARDIOLOGY",2246,2,15138,"Zone 3"
"Pediatric Clinics of North America",2247,2,15140,"Zone 3"
"Pediatric Neurology",2248,2,15142,"Zone 3"
"Pediatric Pulmonology",2249,2,15144,"Zone 3"
"Pediatrics",2250,2,15146,"Zone 3"
"Pediatrics in Review",2251,2,15148,"Zone 3"
"Peerj Computer Science",2252,2,15150,"Zone 3"
"Perioperative Medicine Managing for Outcome Second Edition",2253,2,15152,"Zone 3"
"PET CLINICS",2254,2,15154,"Zone 3"
"Pflugers Archiv European Journal of Physiology",2255,2,15156,"Zone 3"
"Pharmacological Research",2256,2,15158,"Zone 3"
"Pharmacology and Therapeutics",2257,2,15160,"Zone 3"
"Phillippine Journal of Internal Medicine",2258,2,15162,"Zone 3"
"Photonics",2259,2,15164,"Zone 3"
"Physical Review Research",2260,2,15166,"Zone 3"
"Physiological Genomics",2261,2,15168,"Zone 3"
"Physiological Reviews",2262,2,15170,"Zone 3"
"PHYTOMEDICINE : INTERNATIONAL JOURNAL OF PHYTOTHERAPY AND PHYTOPHARMACOLOGY",2263,2,15172,"Zone 3"
"PLANT PHYSIOLOGY AND BIOCHEMISTRY : PPB",2264,2,15174,"Zone 3"
"Plasma Physics Reports",2265,2,15176,"Zone 3"
"Platelets",2266,2,15178,"Zone 3"
"Plos Neglected Tropical Diseases",2267,2,15180,"Zone 3"
"Pm R",2268,2,15182,"Zone 3"
"POLISH ARCHIVES OF INTERNAL MEDICINE",2269,2,15184,"Zone 3"
"Polish Journal of Radiology",2270,2,15186,"Zone 3"
"Polymer Chemistry",2271,2,15188,"Zone 3"
"Polymer Composites",2272,2,15190,"Zone 3"
"Postepy W Kardiologii Interwencyjnej",2273,2,15192,"Zone 3"
"Practical Neurology",2274,2,15194,"Zone 3"
"Precision Engineering",2275,2,15196,"Zone 3"
"Prehospital Emergency Medicine Secrets",2276,2,15198,"Zone 3"
"Proceedings 2023 2023 IEEE International Conference on Bioinformatics and Biomedicine Bibm 2023",2277,2,15200,"Zone 3"
"Proceedings 2023 3rd International Conference on Pervasive Computing and Social Networking Icpcsn 2023",2278,2,15202,"Zone 3"
"Proceedings 2024 3rd International Conference on Computational Modelling Simulation and Optimization Iccmso 2024",2279,2,15204,"Zone 3"
"Proceedings of 4th International Conference on Electronics and Renewable Systems Icears 2026",2280,2,15206,"Zone 3"
"Proceedings of 8th International Conference on Intelligent Sustainable Systems Iciss 2026",2281,2,15208,"Zone 3"
"Proceedings of 9th International Conference on Inventive Computation Technologies Icict 2026",2282,2,15210,"Zone 3"
"Proceedings of ASME 2021 Conference on Smart Materials Adaptive Structures and Intelligent Systems Smasis 2021",2283,2,15212,"Zone 3"
"Proceedings of ASME 2024 Conference on Smart Materials Adaptive Structures and Intelligent Systems Smasis2024",2284,2,15214,"Zone 3"
"Proceedings of Bath ASME 2024 Symposium on Fluid Power and Motion Control Fpmc 2024",2285,2,15216,"Zone 3"
"Proceedings of Forum Acusticum",2286,2,15218,"Zone 3"
"Proceedings of IEEE Sensors",2287,2,15220,"Zone 3"
"Proceedings of International Conference on Advances in Technology Management and Education Icatme 2021",2288,2,15222,"Zone 3"
"Proceedings of Machine Learning Research",2289,2,15224,"Zone 3"
"PROCEEDINGS OF SPIE--THE INTERNATIONAL SOCIETY FOR OPTICAL ENGINEERING",2290,2,15226,"Zone 3"
"Proceedings of the 2020 IEEE International Conference on Communication and Signal Processing Iccsp 2020",2291,2,15228,"Zone 3"
"Proceedings of the Aaai Conference on Artificial Intelligence",2292,2,15230,"Zone 3"
"Proceedings of the Institution of Mechanical Engineers Part A Journal of Power and Energy",2293,2,15232,"Zone 3"
"Proceedings of the Institution of Mechanical Engineers Part C Journal of Mechanical Engineering Science",2294,2,15234,"Zone 3"
"Proceedings of the International Conference on Computer Supported Cooperative Work in Design Cscwd",2295,2,15236,"Zone 3"
"Proceedings of the Thermal and Fluids Engineering Summer Conference",2296,2,15238,"Zone 3"
"Proceedings of the World Congress on Momentum Heat and Mass Transfer",2297,2,15240,"Zone 3"
"Progress in Brain Research",2298,2,15242,"Zone 3"
"PROGRESS IN BRAIN RESEARCH",2299,2,15244,"Zone 3"
"Progress in Cardiovascular Diseases",2300,2,15246,"Zone 3"
"PROTEIN EXPRESSION AND PURIFICATION",2301,2,15248,"Zone 3"
"PRZEGLAD EPIDEMIOLOGICZNY",2302,2,15250,"Zone 3"
"PUBLIC HEALTH RESEARCH (SOUTHAMPTON, ENGLAND)",2303,2,15252,"Zone 3"
"PULMONOLOGY",2304,2,15254,"Zone 3"
"Purinergic Signalling",2305,2,15256,"Zone 3"
"Qinghua Daxue Xuebao Journal of Tsinghua University",2306,2,15258,"Zone 3"
"Quantum Science and Technology",2307,2,15260,"Zone 3"
"RADIATION ONCOLOGY (LONDON, ENGLAND)",2308,2,15262,"Zone 3"
"RADIATION PROTECTION DOSIMETRY",2309,2,15264,"Zone 3"
"Radiographics",2310,2,15266,"Zone 3"
"Radiography",2311,2,15268,"Zone 3"
"Radiologic Clinics of North America",2312,2,15270,"Zone 3"
"Ranshao Kexue Yu Jishu Journal of Combustion Science and Technology",2313,2,15272,"Zone 3"
"Recent Patents on Mechanical Engineering",2314,2,15274,"Zone 3"
"REDOX BIOLOGY",2315,2,15276,"Zone 3"
"RENAL FAILURE",2316,2,15278,"Zone 3"
"Renewable and Sustainable Energy Reviews",2317,2,15280,"Zone 3"
"Reproductive Sciences",2318,2,15282,"Zone 3"
"Research Journal of Pharmacy and Technology",2319,2,15284,"Zone 3"
"Research of Environmental Sciences",2320,2,15286,"Zone 3"
"RESEARCH SQUARE",2321,2,15288,"Zone 3"
"Respiratory Care",2322,2,15290,"Zone 3"
"Respiratory Medicine",2323,2,15292,"Zone 3"
"Respiratory Research",2324,2,15294,"Zone 3"
"Respirology",2325,2,15296,"Zone 3"
"Restorative Neurology and Neuroscience",2326,2,15298,"Zone 3"
"Reviews on Environmental Health",2327,2,15300,"Zone 3"
"Revista Brasileira De Farmacognosia",2328,2,15302,"Zone 3"
"REVISTA DE SAUDE PUBLICA",2329,2,15304,"Zone 3"
"REVISTA PORTUGUESA DE CARDIOLOGIA : ORGAO OFICIAL DA SOCIEDADE PORTUGUESA DE CARDIOLOGIA = PORTUGUESE JOURNAL OF CARDIOLOGY : AN OFFICIAL JOURNAL OF THE PORTUGUESE SOCIETY OF CARDIOLOGY",2330,2,15306,"Zone 3"
"Revue Medicale Suisse",2331,2,15308,"Zone 3"
"REVUE NEUROLOGIQUE",2332,2,15310,"Zone 3"
"RISK MANAGEMENT AND HEALTHCARE POLICY",2333,2,15312,"Zone 3"
"Rosen S Emergency Medicine Concepts and Clinical Practice 2 Volume Set",2334,2,15314,"Zone 3"
"Rsc Advances",2335,2,15316,"Zone 3"
"RSC ADVANCES",2336,2,15318,"Zone 3"
"Russian Sklifosovsky Journal of Emergency Medical Care",2337,2,15320,"Zone 3"
"SAE International Journal of Fuels and Lubricants",2338,2,15322,"Zone 3"
"Saudi Medical Journal",2339,2,15324,"Zone 3"
"Scandinavian Journal of Pain",2340,2,15326,"Zone 3"
"SCANDINAVIAN JOURNAL OF PAIN",2341,2,15328,"Zone 3"
"SCANDINAVIAN JOURNAL OF TRAUMA, RESUSCITATION AND EMERGENCY MEDICINE",2342,2,15330,"Zone 3"
"SCIENCE (NEW YORK, N.Y.)",2343,2,15332,"Zone 3"
"Science and Technology for Energy Transition Stet",2344,2,15334,"Zone 3"
"Science Bulletin",2345,2,15336,"Zone 3"
"Science China Materials",2346,2,15338,"Zone 3"
"SCIENCE TRANSLATIONAL MEDICINE",2347,2,15340,"Zone 3"
"Scientific African",2348,2,15342,"Zone 3"
"Scientific Online Letters on the Atmosphere",2349,2,15344,"Zone 3"
"Scientific World Journal",2350,2,15346,"Zone 3"
"Seminars in Neurology",2351,2,15348,"Zone 3"
"SEMINARS IN NEUROLOGY",2352,2,15350,"Zone 3"
"Seminars in Ultrasound CT and MRI",2353,2,15352,"Zone 3"
"Shape Memory and Superelasticity",2354,2,15354,"Zone 3"
"Ships and Offshore Structures",2355,2,15356,"Zone 3"
"Siberian Medical Review",2356,2,15358,"Zone 3"
"Signal Image and Video Processing",2357,2,15360,"Zone 3"
"Silicon",2358,2,15362,"Zone 3"
"SLEEP MEDICINE",2359,2,15364,"Zone 3"
"SN Applied Sciences",2360,2,15366,"Zone 3"
"Society of Petroleum Engineers SPE Artificial Lift Conference and Exhibition Americas Alce 2024",2361,2,15368,"Zone 3"
"Soil Dynamics and Earthquake Engineering",2362,2,15370,"Zone 3"
"South African Family Practice",2363,2,15372,"Zone 3"
"SOUTH AFRICAN MEDICAL JOURNAL = SUID-AFRIKAANSE TYDSKRIF VIR GENEESKUNDE",2364,2,15374,"Zone 3"
"SOVREMENNYE TEKHNOLOGII V MEDITSINE",2365,2,15376,"Zone 3"
"Spatial and Spatio Temporal Epidemiology",2366,2,15378,"Zone 3"
"Spectrochimica Acta Part A Molecular and Biomolecular Spectroscopy",2367,2,15380,"Zone 3"
"SPECTROCHIMICA ACTA. PART A, MOLECULAR AND BIOMOLECULAR SPECTROSCOPY",2368,2,15382,"Zone 3"
"Spinal Cord",2369,2,15384,"Zone 3"
"Spine Journal",2370,2,15386,"Zone 3"
"Sports Health",2371,2,15388,"Zone 3"
"Springer Proceedings in Mathematics and Statistics",2372,2,15390,"Zone 3"
"Springer Proceedings in Physics",2373,2,15392,"Zone 3"
"Steel Research International",2374,2,15394,"Zone 3"
"Stem Cell Research and Therapy",2375,2,15396,"Zone 3"
"Stimuli Responsive Biomaterials for Inflammatory Diseases Advances in Research and Clinical Applications",2376,2,15398,"Zone 3"
"STROKE (HOBOKEN, N.J.)",2377,2,15400,"Zone 3"
"Stroke Pathophysiology Diagnosis and Management",2378,2,15402,"Zone 3"
"Studies in Computational Intelligence",2379,2,15404,"Zone 3"
"Sustainable Production and Consumption",2380,2,15406,"Zone 3"
"Tagliche Praxis",2381,2,15408,"Zone 3"
"TALANTA",2382,2,15410,"Zone 3"
"Tanaffos",2383,2,15412,"Zone 3"
"Technical Physics Letters",2384,2,15414,"Zone 3"
"Technologies",2385,2,15416,"Zone 3"
"THE ANALYST",2386,2,15418,"Zone 3"
"THE COCHRANE DATABASE OF SYSTEMATIC REVIEWS",2387,2,15420,"Zone 3"
"THE INTERNATIONAL JOURNAL OF HEALTH PLANNING AND MANAGEMENT",2388,2,15422,"Zone 3"
"THE JOURNAL OF CRANIOFACIAL SURGERY",2389,2,15424,"Zone 3"
"THE JOURNAL OF MATERNAL-FETAL & NEONATAL MEDICINE : THE OFFICIAL JOURNAL OF THE EUROPEAN ASSOCIATION OF PERINATAL MEDICINE, THE FEDERATION OF ASIA AND OCEANIA PERINATAL SOCIETIES, THE INTERNATIONAL SOCIETY OF PERINATAL OBSTETRICIANS",2390,2,15426,"Zone 3"
"THE JOURNAL OF NUTRITION",2391,2,15428,"Zone 3"
"THE JOURNAL OF NUTRITION, HEALTH & AGING",2392,2,15430,"Zone 3"
"THE JOURNAL OF PREVENTION OF ALZHEIMER'S DISEASE",2393,2,15432,"Zone 3"
"THE JOURNALS OF GERONTOLOGY. SERIES A, BIOLOGICAL SCIENCES AND MEDICAL SCIENCES",2394,2,15434,"Zone 3"
"THE LANCET REGIONAL HEALTH. SOUTHEAST ASIA",2395,2,15436,"Zone 3"
"THE LANCET. RESPIRATORY MEDICINE",2396,2,15438,"Zone 3"
"THE MEDICO-LEGAL JOURNAL",2397,2,15440,"Zone 3"
"THE PAN AFRICAN MEDICAL JOURNAL",2398,2,15442,"Zone 3"
"THE PHYSICIAN AND SPORTSMEDICINE",2399,2,15444,"Zone 3"
"THE PLANT JOURNAL : FOR CELL AND MOLECULAR BIOLOGY",2400,2,15446,"Zone 3"
"Thoracic and Cardiovascular Surgeon",2401,2,15448,"Zone 3"
"THROMBOSIS AND HAEMOSTASIS",2402,2,15450,"Zone 3"
"Thrombosis Research",2403,2,15452,"Zone 3"
"Toxicology",2404,2,15454,"Zone 3"
"TOXICOLOGY AND APPLIED PHARMACOLOGY",2405,2,15456,"Zone 3"
"Toxicology Mechanisms and Methods",2406,2,15458,"Zone 3"
"Toxin Reviews",2407,2,15460,"Zone 3"
"Toxins",2408,2,15462,"Zone 3"
"Tractors and Agricultural Machinery",2409,2,15464,"Zone 3"
"Transplantation",2410,2,15466,"Zone 3"
"Trauma Monthly",2411,2,15468,"Zone 3"
"Trends in Hearing",2412,2,15470,"Zone 3"
"Tribology in Industry",2413,2,15472,"Zone 3"
"Tropical Doctor",2414,2,15474,"Zone 3"
"Tropical Medicine and Infectious Disease",2415,2,15476,"Zone 3"
"Tuijin Jishu Journal of Propulsion Technology",2416,2,15478,"Zone 3"
"Turk Noroloji Dergisi",2417,2,15480,"Zone 3"
"Turkish Journal of Medical Sciences",2418,2,15482,"Zone 3"
"Turkish Journal of Physical Medicine and Rehabilitation",2419,2,15484,"Zone 3"
"TURKISH NEUROSURGERY",2420,2,15486,"Zone 3"
"Underground Ventilation Proceedings of the 19th North American Mine Ventilation Symposium Namvs 2023",2421,2,15488,"Zone 3"
"UNDERSEA & HYPERBARIC MEDICINE : JOURNAL OF THE UNDERSEA AND HYPERBARIC MEDICAL SOCIETY, INC",2422,2,15490,"Zone 3"
"Urban Forestry and Urban Greening",2423,2,15492,"Zone 3"
"VACCINE",2424,2,15494,"Zone 3"
"Vascular",2425,2,15496,"Zone 3"
"Vascular Health and Risk Management",2426,2,15498,"Zone 3"
"Vestnik Sovremennoi Klinicheskoi Mediciny",2427,2,15500,"Zone 3"
"Veterinary Anaesthesia and Analgesia",2428,2,15502,"Zone 3"
"Visual Computer",2429,2,15504,"Zone 3"
"Voprosy Kurortologii Fizioterapii I Lechebnoi Fizicheskoi Kultury Problems of Balneology Physiotherapy and Therapeutic Physical Culture",2430,2,15506,"Zone 3"
"Welding Journal",2431,2,15508,"Zone 3"
"Wellbeing Space and Society",2432,2,15510,"Zone 3"
"WIENER MEDIZINISCHE WOCHENSCHRIFT (1946)",2433,2,15512,"Zone 3"
"Wireless Communications and Mobile Computing",2434,2,15514,"Zone 3"
"Wt Werkstattstechnik",2435,2,15516,"Zone 3"
"Yale Journal of Biology and Medicine",2436,2,15518,"Zone 3"
"Yingyong Qixiang Xuebao",2437,2,15520,"Zone 3"
"Yixue Xinzhi Zazhi",2438,2,15522,"Zone 3"
"Zhejiang Daxue Xuebao Gongxue Ban Journal of Zhejiang University Engineering Science",2439,2,15524,"Zone 3"
"Zhendong Yu Chongji Journal of Vibration and Shock",2440,2,15526,"Zone 3"
"Zhongguo Biaomian Gongcheng China Surface Engineering",2441,2,15528,"Zone 3"
"Zhongguo Jixie Gongcheng China Mechanical Engineering",2442,2,15530,"Zone 3"
"Zhongguo Zhongyao Zazhi",2443,2,15532,"Zone 3"
"Zhuzao Foundry",2444,2,15534,"Zone 3"
"11th International Conference on Internet of Everything Microwave Engineering Communication and Networks Iemecon 2023",2445,1,15535,"Zone 3"
"11th International Conference on Learning Representations Iclr 2023",2446,1,15536,"Zone 3"
"12th International Conference on Advances in Computing Control and Telecommunication Technologies Act 2021",2447,1,15537,"Zone 3"
"13th International Conference on Learning Representations Iclr 2025",2448,1,15538,"Zone 3"
"15th European Conference on Antennas and Propagation Eucap 2021",2449,1,15539,"Zone 3"
"15th IEEE International Conference on Nano Micro Engineered and Molecular System NEMS 2020",2450,1,15540,"Zone 3"
"16th Conference of the International Society of Indoor Air Quality and Climate Creative and Smart Solutions for Better Built Environments Indoor Air 2020",2451,1,15541,"Zone 3"
"16th International Conference on Advances in Computing Control and Telecommunication Technologies Act 2025",2452,1,15542,"Zone 3"
"17th International Conference on Advances in Computing Control and Telecommunication Technologies Act 2026",2453,1,15543,"Zone 3"
"19th Iadis International Conference Information Systems 2026 and 24th International Conference on E Society is Es 2026",2454,1,15544,"Zone 3"
"1d and Multi D Modeling Techniques for IC Engine Simulation",2455,1,15545,"Zone 3"
"1st Ao4elt Conference Adaptive Optics for Extremely Large Telescopes",2456,1,15546,"Zone 3"
"1st International Conference of Intelligent Methods Systems and Applications Imsa 2023",2457,1,15547,"Zone 3"
"1st International Conference on Electronics Computing Communication and Control Technology Iceccc 2024",2458,1,15548,"Zone 3"
"2020 5th International Conference on Renewable Energies for Developing Countries Redec 2020",2459,1,15549,"Zone 3"
"2020 IEEE 4th Conference on Energy Internet and Energy System Integration Connecting the Grids Towards A Low Carbon High Efficiency Energy System Ei2 2020",2460,1,15550,"Zone 3"
"2020 IEEE 9th Global Conference on Consumer Electronics Gcce 2020",2461,1,15551,"Zone 3"
"2020 International Conference for Emerging Technology Incet 2020",2462,1,15552,"Zone 3"
"2020 International Conference on Engineering Management of Communication and Technology Emctech 2020 Proceedings",2463,1,15553,"Zone 3"
"2020 Systems and Information Engineering Design Symposium Sieds 2020",2464,1,15554,"Zone 3"
"2021 15th IEEE International Conference on Electronic Measurement and Instruments Icemi 2021",2465,1,15555,"Zone 3"
"2021 25th International Conference on System Theory Control and Computing Icstcc 2021 Proceedings",2466,1,15556,"Zone 3"
"2021 2nd Global Conference for Advancement in Technology Gcat 2021",2467,1,15557,"Zone 3"
"2021 35th International Conference on Lightning Protection Iclp 2021 and 16th International Symposium on Lightning Protection Sipda 2021",2468,1,15558,"Zone 3"
"2021 3rd International Conference on Intelligent Control Measurement and Signal Processing and Intelligent Oil Field Icmsp 2021",2469,1,15559,"Zone 3"
"2021 European Control Conference Ecc 2021",2470,1,15560,"Zone 3"
"2021 IEEE 10th Global Conference on Consumer Electronics Gcce 2021",2471,1,15561,"Zone 3"
"2021 IEEE 16th International Conference on Industrial and Information Systems Iciis 2021 Proceedings",2472,1,15562,"Zone 3"
"2021 IEEE 2nd China International Youth Conference on Electrical Engineering Ciycee 2021",2473,1,15563,"Zone 3"
"2021 IEEE 3rd International Conference on Frontiers Technology of Information and Computer Icftic 2021",2474,1,15564,"Zone 3"
"2021 IEEE 4th International Conference on Electronic Information and Communication Technology Iceict 2021",2475,1,15565,"Zone 3"
"2021 IEEE International Conference on Computer Science Electronic Information Engineering and Intelligent Control Technology Cei 2021",2476,1,15566,"Zone 3"
"2021 International Conference on Intelligent Technologies Conit 2021",2477,1,15567,"Zone 3"
"2022 2nd Asian Conference on Innovation in Technology Asiancon 2022",2478,1,15568,"Zone 3"
"2022 2nd International Conference on Intelligent Cybernetics Technology and Applications Icicyta 2022",2479,1,15569,"Zone 3"
"2022 4th International Academic Exchange Conference on Science and Technology Innovation Iaecst 2022",2480,1,15570,"Zone 3"
"2022 8th International Conference on Energy Efficiency and Agricultural Engineering EE and Ae 2022 Proceedings",2481,1,15571,"Zone 3"
"2022 IEEE 13th Annual Ubiquitous Computing Electronics and Mobile Communication Conference Uemcon 2022",2482,1,15572,"Zone 3"
"2022 IEEE 28th International Symposium for Design and Technology in Electronic Packaging Siitme 2022 Conference Proceedings",2483,1,15573,"Zone 3"
"2022 IEEE 4th International Conference on Power Intelligent Computing and Systems Icpics 2022",2484,1,15574,"Zone 3"
"2022 IEEE Asia Pacific Conference on Image Processing Electronics and Computers IPEC 2022",2485,1,15575,"Zone 3"
"2022 IEEE Conference on Control Technology and Applications Ccta 2022",2486,1,15576,"Zone 3"
"2022 IEEE Delhi Section Conference Delcon 2022",2487,1,15577,"Zone 3"
"2022 IEEE Global Humanitarian Technology Conference Ghtc 2022",2488,1,15578,"Zone 3"
"2022 IEEE International Conference in Power Engineering Application Icpea 2022 Proceedings",2489,1,15579,"Zone 3"
"2022 IEEE International Conference on Electrical Engineering Big Data and Algorithms Eebda 2022",2490,1,15580,"Zone 3"
"2022 IEEE International Conference on Robotics and Biomimetics Robio 2022",2491,1,15581,"Zone 3"
"2022 International Conference on Data Science Agents and Artificial Intelligence Icdsaai 2022",2492,1,15582,"Zone 3"
"2022 International Conference on Electronics Packaging Icep 2022",2493,1,15583,"Zone 3"
"2022 International Seminar on Application for Technology of Information and Communication Technology 4 0 for Smart Ecosystem A New Way of Doing Digital Business Isemantic 2022",2494,1,15584,"Zone 3"
"2022 Workshop on Communication Networks and Power Systems Wcnps 2022",2495,1,15585,"Zone 3"
"2023 1st International Conference on Cognitive Computing and Engineering Education Icccee 2023",2496,1,15586,"Zone 3"
"2023 1st International Conference on Health Science and Technology Ichst 2023",2497,1,15587,"Zone 3"
"2023 22nd International Conference on Solid State Sensors Actuators and Microsystems Transducers 2023",2498,1,15588,"Zone 3"
"2023 24th International Vacuum Electronics Conference Ivec 2023",2499,1,15589,"Zone 3"
"2023 29th International Conference on Mechatronics and Machine Vision in Practice M2vip 2023",2500,1,15590,"Zone 3"
"2023 30th National and 8th International Iranian Conference on Biomedical Engineering Icbme 2023",2501,1,15591,"Zone 3"
"2023 3rd International Conference on Computer Control and Robotics Icccr 2023",2502,1,15592,"Zone 3"
"2023 3rd International Conference on Electrical Engineering and Control Science Ic2ecs 2023",2503,1,15593,"Zone 3"
"2023 4th International Conference for Emerging Technology Incet 2023",2504,1,15594,"Zone 3"
"2023 6th International Conference on Software Engineering and Computer Science Csecs 2023",2505,1,15595,"Zone 3"
"2023 7th International Conference on Smart Grid and Smart Cities Icsgsc 2023",2506,1,15596,"Zone 3"
"2023 9th International Conference on Advanced Computing and Communication Systems Icaccs 2023",2507,1,15597,"Zone 3"
"2023 9th International Conference on Fluid Power and Mechatronics Fpm 2023",2508,1,15598,"Zone 3"
"2023 IEEE 5th Eurasia Conference on Iot Communication and Engineering Ecice 2023",2509,1,15599,"Zone 3"
"2023 IEEE 6th International Electrical and Energy Conference Cieec 2023",2510,1,15600,"Zone 3"
"2023 IEEE Colombian Conference on Applications of Computational Intelligence Colcaci 2023 Proceedings",2511,1,15601,"Zone 3"
"2023 IEEE International Conference on Predictive Control of Electrical Drives and Power Electronics Precede 2023",2512,1,15602,"Zone 3"
"2023 IEEE International Conference on Sensors Electronics and Computer Engineering Icsece 2023",2513,1,15603,"Zone 3"
"2023 IEEE International Conference on Soft Robotics Robosoft 2023",2514,1,15604,"Zone 3"
"2023 IEEE World Haptics Conference Whc 2023 Proceedings",2515,1,15605,"Zone 3"
"2023 International Conference for Advancement in Technology Iconat 2023",2516,1,15606,"Zone 3"
"2023 International Conference on Control Automation and Diagnosis Iccad 2023",2517,1,15607,"Zone 3"
"2023 International Conference on Electronics Packaging Icep 2023",2518,1,15608,"Zone 3"
"2023 International Conference on Engineering Technology and Technopreneurship Ice2t 2023",2519,1,15609,"Zone 3"
"2024 16th International Conference on Communication Systems and Networks Comsnets 2024",2520,1,15610,"Zone 3"
"2024 17th International Convention on Rehabilitation Engineering and Assistive Technology I Create 2024 and World Rehabilitation Robot Convention Wrrc 2024 Proceedings",2521,1,15611,"Zone 3"
"2024 1st International Conference on Cognitive Green and Ubiquitous Computing IC Cgu 2024",2522,1,15612,"Zone 3"
"2024 1st International Conference on Innovations in Communications Electrical and Computer Engineering Icicec 2024",2523,1,15613,"Zone 3"
"2024 2nd International Conference on Advancements and Key Challenges in Green Energy and Computing Akgec 2024",2524,1,15614,"Zone 3"
"2024 2nd International Conference on Computer Vision and Intelligent Technology Iccvit 2024 Proceedings",2525,1,15615,"Zone 3"
"2024 2nd International Conference on Cyber Energy Systems and Intelligent Energy Iccsie 2024",2526,1,15616,"Zone 3"
"2024 2nd International Conference on Electrical Engineering and Automatic Control Iceeac 2024",2527,1,15617,"Zone 3"
"2024 3rd International Conference on Energy Power and Electrical Technology Icepet 2024",2528,1,15618,"Zone 3"
"2024 4th International Conference on Consumer Electronics and Computer Engineering Iccece 2024",2529,1,15619,"Zone 3"
"2024 59th International Universities Power Engineering Conference Upec 2024",2530,1,15620,"Zone 3"
"2024 6th International Conference on Control and Robotics Iccr 2024",2531,1,15621,"Zone 3"
"2024 8th International Conference on Robotics and Automation Sciences Icras 2024",2532,1,15622,"Zone 3"
"2024 8th International Workshop on Control Engineering and Advanced Algorithms Iwceaa 2024",2533,1,15623,"Zone 3"
"2024 IEEE 21st India Council International Conference Indicon 2024",2534,1,15624,"Zone 3"
"2024 IEEE 2nd International Conference on Image Processing and Computer Applications Icipca 2024",2535,1,15625,"Zone 3"
"2024 IEEE 3rd International Conference on Electrical Engineering Big Data and Algorithms Eebda 2024",2536,1,15626,"Zone 3"
"2024 IEEE 4th International Conference on ICT in Business Industry and Government Ictbig 2024",2537,1,15627,"Zone 3"
"2024 IEEE International Conference on Design Test and Technology of Integrated Systems Dttis 2024",2538,1,15628,"Zone 3"
"2024 IEEE International Workshop on Metrology for Living Environment Metrolivenv 2024 Proceedings",2539,1,15629,"Zone 3"
"2024 IEEE Pes IAS Powerafrica Powerafrica 2024",2540,1,15630,"Zone 3"
"2024 International Conference on Electrical Machines ICEM 2024",2541,1,15631,"Zone 3"
"2024 International Conference on Sustainable Technology and Engineering I Coste 2024",2542,1,15632,"Zone 3"
"2024 International Conference on the Challenges Opportunities Innovations and Applications in Electronic Textiles E Textiles 2024",2543,1,15633,"Zone 3"
"2024 International Convention on Rehabilitation Engineering and Assistive Technology and World Rehabilitation Robot Convention Wrrc 2024 Proceedings",2544,1,15634,"Zone 3"
"2024 Oes China Ocean Acoustics Coa 2024",2545,1,15635,"Zone 3"
"2025 13th International Conference on Control Mechatronics and Automation Iccma 2025",2546,1,15636,"Zone 3"
"2025 2nd International Conference on New Frontiers in Communication Automation Management and Security Iccams 2025",2547,1,15637,"Zone 3"
"2025 32nd IEEE International Conference on Electronics Circuits and Systems Icecs 2025",2548,1,15638,"Zone 3"
"2025 3rd International Conference on Advancements in Electrical Electronics Communication Computing and Automation Icaeca 2025",2549,1,15639,"Zone 3"
"2025 3rd International Conference on Iot Communication and Automation Technology Icicat 2025",2550,1,15640,"Zone 3"
"2025 40th Conference on Design of Circuits and Integrated Systems Dcis 2025 Proceedings",2551,1,15641,"Zone 3"
"2025 5th International Conference on Artificial Intelligence and Industrial Technology Applications Aiita 2025",2552,1,15642,"Zone 3"
"2025 5th International Conference on Communication Technology and Information Technology Icctit 2025",2553,1,15643,"Zone 3"
"2025 5th International Conference on Electronic Information Engineering and Computer Technology Eiect 2025",2554,1,15644,"Zone 3"
"2025 5th International Conference on Innovative Research in Applied Science Engineering and Technology Iraset 2025",2555,1,15645,"Zone 3"
"2025 5th International Conference on Intelligent Technologies Conit 2025",2556,1,15646,"Zone 3"
"2025 6th International Conference on Artificial Intelligence Robotics and Control Airc 2025",2557,1,15647,"Zone 3"
"2025 6th International Conference on Computer Vision Image and Deep Learning Cvidl 2025",2558,1,15648,"Zone 3"
"2025 6th International Conference on Data Intelligence and Cognitive Informatics Icdici 2025",2559,1,15649,"Zone 3"
"2025 7th International Conference on Energy Systems and Electrical Power Icesep 2025",2560,1,15650,"Zone 3"
"2025 7th International Conference on Information Science Electrical and Automation Engineering Iseae 2025",2561,1,15651,"Zone 3"
"2025 8th International Conference on Information Communication and Signal Processing Icicsp 2025",2562,1,15652,"Zone 3"
"2025 IEEE 21st International Conference on Body Sensor Networks IEEE Bsn 2025",2563,1,15653,"Zone 3"
"2025 IEEE 2nd International Conference on Advances in Modern Age Technologies for Health and Engineering Science Amathe 2025 Proceedings",2564,1,15654,"Zone 3"
"2025 IEEE 9th International Conference on Information and Communication Technology Cict 2025",2565,1,15655,"Zone 3"
"2025 IEEE Global Humanitarian Technology Conference Ghtc 2025",2566,1,15656,"Zone 3"
"2025 Innovations in Intelligent Systems and Applications Conference Asyu 2025",2567,1,15657,"Zone 3"
"2025 International Conference on Biomedical Engineering and Sustainable Healthcare Icbmesh 2025 Proceedings",2568,1,15658,"Zone 3"
"2025 International Conference on Computing and Communication Technologies Iccct 2025",2569,1,15659,"Zone 3"
"2025 International Conference on Electrical Computer and Communication Engineering Ecce 2025",2570,1,15660,"Zone 3"
"2025 International Conference on Emerging Trends in Networks and Computer Communications Etncc 2025 Proceedings",2571,1,15661,"Zone 3"
"2025 International Conference on Information Implementation and Innovation in Technology I2itcon 2025",2572,1,15662,"Zone 3"
"2025 International Conference on Intelligent Innovations in Engineering and Technology Iciiet 2025",2573,1,15663,"Zone 3"
"2025 International Conference on Metaverse and Current Trends in Computing Icmctc 2025",2574,1,15664,"Zone 3"
"2025 International Conference on Robotics and Mechatronics Icrm 2025",2575,1,15665,"Zone 3"
"2025 Photonics and Electromagnetics Research Symposium Fall Piers Fall 2025 Proceedings",2576,1,15666,"Zone 3"
"2026 11th International Conference on Applying New Technology in Green Buildings Atigb 2026",2577,1,15667,"Zone 3"
"2026 1st International Conference on AI Data Science Cyber Security and Smart Manufacturing for Sustainable Development Icadcs 2026",2578,1,15668,"Zone 3"
"2026 2nd International Conference on Computing Sciences and Communications Iccsc 2026",2579,1,15669,"Zone 3"
"2026 4th International Conference on Artificial Intelligence and Machine Learning Applications Healthcare and Internet of Things Aimla 2026",2580,1,15670,"Zone 3"
"2026 6th International Conference on Computer Communication and Artificial Intelligence Ccai 2026",2581,1,15671,"Zone 3"
"2026 7th International Conference on Computer Vision Image and Deep Learning Cvidl 2026",2582,1,15672,"Zone 3"
"2026 9th International Conference on Circuits Systems and Simulation Iccss 2026",2583,1,15673,"Zone 3"
"2026 IEEE 2nd International Conference on Quantum Photonics Artificial Intelligence and Networking Qpain 2026",2584,1,15674,"Zone 3"
"2026 IEEE 5th International Conference on Computing and Machine Intelligence Icmi 2026",2585,1,15675,"Zone 3"
"2026 IEEE Guwahati Subsection Conference Gcon 2026",2586,1,15676,"Zone 3"
"2026 IEEE International Conference for Convergence in Computing Technology I3ctcon 2026",2587,1,15677,"Zone 3"
"2026 IEEE International Conference on Mechatronics and Automation Icma 2026",2588,1,15678,"Zone 3"
"2026 International Conference on Computing Theory and Wireless Communications Icctwc 2026",2589,1,15679,"Zone 3"
"2026 International Conference on Electric Power and Renewable Energy Eprec 2026",2590,1,15680,"Zone 3"
"2026 International Conference on Emerging Technologies and Future Innovations Etfi 2026",2591,1,15681,"Zone 3"
"2026 International Conference on Image Signal Processing and Pattern Recognition Ispp 2026",2592,1,15682,"Zone 3"
"2026 International Conference on Medical Microwave Imaging Applications Icmwia 2026",2593,1,15683,"Zone 3"
"2026 International Conference on Recent Advances in Electrical Electronics Ubiquitous Communication and Computational Intelligence Raeeucci 2026",2594,1,15684,"Zone 3"
"2026 International Conference on Signal Image Processing and Communication Icsipc 2026",2595,1,15685,"Zone 3"
"2nd IEEE Eurasia Conference on Iot Communication and Engineering 2020 Ecice 2020",2596,1,15686,"Zone 3"
"2nd IEEE International Conference on Iot Communication and Automation Technology Icicat 2024",2597,1,15687,"Zone 3"
"2nd International Conference on Artificial Intelligence for Innovations in Healthcare Industries Icaiihi 2025",2598,1,15688,"Zone 3"
"2nd International Conference on Electrical Communication and Computer Engineering Icecce 2020",2599,1,15689,"Zone 3"
"2nd International Conference on Emerging Technologies in Electronics Computing and Communication Icetecc 2025",2600,1,15690,"Zone 3"
"2nd International Conference on Signal Processing Communication Power and Embedded Systems Scopes 2024",2601,1,15691,"Zone 3"
"30th European Safety and Reliability Conference Esrel 2020 and 15th Probabilistic Safety Assessment and Management Conference Psam 2020",2602,1,15692,"Zone 3"
"32nd Congress of the International Council of the Aeronautical Sciences Icas 2021",2603,1,15693,"Zone 3"
"38th Chinese Control and Decision Conference Ccdc 2026",2604,1,15694,"Zone 3"
"3D Printing and Additive Manufacturing",2605,1,15695,"Zone 3"
"3D PRINTING AND ADDITIVE MANUFACTURING",2606,1,15696,"Zone 3"
"3D Printing in Medicine",2607,1,15697,"Zone 3"
"3D PRINTING IN MEDICINE",2608,1,15698,"Zone 3"
"3rd IEEE International Virtual Conference on Innovations in Power and Advanced Computing Technologies I Pact 2021",2609,1,15699,"Zone 3"
"3rd International Conference on Innovative Mechanisms for Industry Applications Icimia 2023 Proceedings",2610,1,15700,"Zone 3"
"3rd International Conference on Recent Advances in Information Technology for Sustainable Development Icrais 2025 Proceedings",2611,1,15701,"Zone 3"
"40th Asian Conference on Remote Sensing Acrs 2019 Progress of Remote Sensing Technology for Smart Future",2612,1,15702,"Zone 3"
"4th International Conference on Applied Artificial Intelligence and Computing Icaaic 2025",2613,1,15703,"Zone 3"
"4th International Conference on Automation Computing and Renewable Systems Icacrs 2025 Proceedings",2614,1,15704,"Zone 3"
"4th International Conference on Computer Communication and Signal Processing Icccsp 2020",2615,1,15705,"Zone 3"
"4th International Conference on Integrated Circuits and Communication Systems Icicacs 2026",2616,1,15706,"Zone 3"
"5th IEEE International Conference on Advances in Science and Technology Icast 2022",2617,1,15707,"Zone 3"
"5th IEEE International Conference on Cybernetics Cognition and Machine Learning Applications Icccmla 2023",2618,1,15708,"Zone 3"
"5th IEEE International Conference on Mobile Networks and Wireless Communications Icmnwc 2025",2619,1,15709,"Zone 3"
"5th International Conference on Sustainable Communication Networks and Application Icscna 2024 Proceedings",2620,1,15710,"Zone 3"
"6th Biennial International Conference on Nascent Technologies in Engineering Icnte 2026",2621,1,15711,"Zone 3"
"6th International Conference on Computer Networks and Inventive Communication Technologies Iccnct 2026 Proceedings",2622,1,15712,"Zone 3"
"78th Vertical Flight Society Annual Forum and Technology Display Forum 2022",2623,1,15713,"Zone 3"
"7th IEEE World Forum on Internet of Things Wf Iot 2021",2624,1,15714,"Zone 3"
"7th International Conference on Inventive Research in Computing Applications Icirca 2026 Proceedings",2625,1,15715,"Zone 3"
"8th Congreso Colombiano Y Conferencia Internacional En Calidad De Aire Y Salud Publica Casap 2021 Proceedings",2626,1,15716,"Zone 3"
"9th International Conference on Hot Sheet Metal Forming of High Performance Steel Chs2 2024 Proceedings",2627,1,15717,"Zone 3"
"A Review on Diverse Neurological Disorders Pathophysiology Molecular Mechanisms and Therapeutics",2628,1,15718,"Zone 3"
"AACE Clinical Case Reports",2629,1,15719,"Zone 3"
"Accounts of Chemical Research",2630,1,15720,"Zone 3"
"ACCOUNTS OF CHEMICAL RESEARCH",2631,1,15721,"Zone 3"
"Accounts of Materials Research",2632,1,15722,"Zone 3"
"ACM Transactions on Computing for Healthcare",2633,1,15723,"Zone 3"
"ACM Transactions on Graphics",2634,1,15724,"Zone 3"
"ACM Transactions on Multimedia Computing Communications and Applications",2635,1,15725,"Zone 3"
"ACS Es T Air",2636,1,15726,"Zone 3"
"ACS Food Science and Technology",2637,1,15727,"Zone 3"
"ACS PHARMACOLOGY & TRANSLATIONAL SCIENCE",2638,1,15728,"Zone 3"
"ACS SENSORS",2639,1,15729,"Zone 3"
"Acta Anaesthesiologica Belgica",2640,1,15730,"Zone 3"
"ACTA ANAESTHESIOLOGICA SCANDINAVICA",2641,1,15731,"Zone 3"
"Acta Angiologica",2642,1,15732,"Zone 3"
"ACTA BIO-MEDICA : ATENEI PARMENSIS",2643,1,15733,"Zone 3"
"ACTA BIOCHIMICA ET BIOPHYSICA SINICA",2644,1,15734,"Zone 3"
"ACTA CARDIOLOGICA SINICA",2645,1,15735,"Zone 3"
"Acta Cirurgica Brasileira",2646,1,15736,"Zone 3"
"ACTA CLINICA BELGICA",2647,1,15737,"Zone 3"
"Acta Clinica Belgica International Journal of Clinical and Laboratory Medicine",2648,1,15738,"Zone 3"
"Acta Clinica Croatica",2649,1,15739,"Zone 3"
"Acta Diabetologica",2650,1,15740,"Zone 3"
"Acta Haematologica",2651,1,15741,"Zone 3"
"Acta Horticulturae",2652,1,15742,"Zone 3"
"Acta Marisiensis Seria Medica",2653,1,15743,"Zone 3"
"Acta Medica Indonesiana",2654,1,15744,"Zone 3"
"ACTA MEDICA PORTUGUESA",2655,1,15745,"Zone 3"
"Acta Microbiologica Et Immunologica Hungarica",2656,1,15746,"Zone 3"
"ACTA NEUROCHIRURGICA. SUPPLEMENT",2657,1,15747,"Zone 3"
"Acta Neurologica Scandinavica",2658,1,15748,"Zone 3"
"ACTA NEUROLOGICA SCANDINAVICA",2659,1,15749,"Zone 3"
"Acta Neurologica Taiwanica",2660,1,15750,"Zone 3"
"Acta Neuropathologica Communications",2661,1,15751,"Zone 3"
"ACTA NEUROPATHOLOGICA COMMUNICATIONS",2662,1,15752,"Zone 3"
"ACTA OPHTHALMOLOGICA",2663,1,15753,"Zone 3"
"ACTA PHARMACEUTICA SINICA. B",2664,1,15754,"Zone 3"
"Actualites Pharmaceutiques",2665,1,15755,"Zone 3"
"Actuators Fundamentals Principles Materials and Emerging Technologies",2666,1,15756,"Zone 3"
"Acute Medicine",2667,1,15757,"Zone 3"
"ACUTE MEDICINE",2668,1,15758,"Zone 3"
"Adaptation Measures for Urban Heat Islands",2669,1,15759,"Zone 3"
"Adaptive Behavior",2670,1,15760,"Zone 3"
"Additive Manufacturing of Shape Memory Materials Techniques Characterization Modeling and Applications",2671,1,15761,"Zone 3"
"ADVANCED BIOLOGY",2672,1,15762,"Zone 3"
"Advanced Biomedical Engineering",2673,1,15763,"Zone 3"
"Advanced Composites and Hybrid Materials",2674,1,15764,"Zone 3"
"Advanced Electronic Materials",2675,1,15765,"Zone 3"
"Advanced Engineering Research Rostov on Don",2676,1,15766,"Zone 3"
"Advanced Hemodynamic Monitoring Basics and New Horizons",2677,1,15767,"Zone 3"
"Advanced Information Systems",2678,1,15768,"Zone 3"
"Advanced Materials for Biomedical Devices Insights from AI and Nanotechnology",2679,1,15769,"Zone 3"
"Advanced Materials Technologies",2680,1,15770,"Zone 3"
"Advanced Monitoring and Procedures for Small Animal Emergency and Critical Care Second Edition",2681,1,15771,"Zone 3"
"Advanced Pharmaceutical Bulletin",2682,1,15772,"Zone 3"
"Advanced Powder Technology",2683,1,15773,"Zone 3"
"Advanced Robotics",2684,1,15774,"Zone 3"
"Advanced Structured Materials",2685,1,15775,"Zone 3"
"Advanced Therapeutics",2686,1,15776,"Zone 3"
"Advanced Topics in Science and Technology in China",2687,1,15777,"Zone 3"
"Advanced Ultrasound in Diagnosis and Therapy",2688,1,15778,"Zone 3"
"Advances in Aeronautical Science and Engineering",2689,1,15779,"Zone 3"
"Advances in Biochemistry in Health and Disease",2690,1,15780,"Zone 3"
"Advances in Chemical Pollution Environmental Management and Protection",2691,1,15781,"Zone 3"
"Advances in Climate Change Research",2692,1,15782,"Zone 3"
"ADVANCES IN CLINICAL AND EXPERIMENTAL MEDICINE : OFFICIAL ORGAN WROCLAW MEDICAL UNIVERSITY",2693,1,15783,"Zone 3"
"Advances in Clinical Radiology",2694,1,15784,"Zone 3"
"Advances in Colloid and Interface Science",2695,1,15785,"Zone 3"
"ADVANCES IN COLLOID AND INTERFACE SCIENCE",2696,1,15786,"Zone 3"
"Advances in Drug and Alcohol Research",2697,1,15787,"Zone 3"
"ADVANCES IN DRUG AND ALCOHOL RESEARCH",2698,1,15788,"Zone 3"
"Advances in Geographical and Environmental Sciences",2699,1,15789,"Zone 3"
"Advances in Materials and Processing Technologies",2700,1,15790,"Zone 3"
"Advances in Materials Science and Engineering",2701,1,15791,"Zone 3"
"Advances in Mathematics Scientific Journal",2702,1,15792,"Zone 3"
"Advances in Neural Information Processing Systems",2703,1,15793,"Zone 3"
"Advances in Powder Metallurgy and Particulate Materials 2025 Proceedings of the 2025 International Conference on Powder Metallurgy and Particulate Materials Powdermet 2025",2704,1,15794,"Zone 3"
"Advances in Redox Research",2705,1,15795,"Zone 3"
"Advances in Science Technology and Engineering Systems",2706,1,15796,"Zone 3"
"Advances in Semiconductor Technologies Selected Topics Beyond Conventional Cmos",2707,1,15797,"Zone 3"
"Advances in Space Research",2708,1,15798,"Zone 3"
"Advances in Transport Policy and Planning",2709,1,15799,"Zone 3"
"Adverse Drug Reactions Journal",2710,1,15800,"Zone 3"
"Aeronautical Journal",2711,1,15801,"Zone 3"
"Aerosol Science and Technology",2712,1,15802,"Zone 3"
"AESTHETIC SURGERY JOURNAL. OPEN FORUM",2713,1,15803,"Zone 3"
"Afinidad",2714,1,15804,"Zone 3"
"African Journal of Emergency Medicine",2715,1,15805,"Zone 3"
"AFRICAN JOURNAL OF PRIMARY HEALTH CARE & FAMILY MEDICINE",2716,1,15806,"Zone 3"
"African Journal of Primary Health Care and Family Medicine",2717,1,15807,"Zone 3"
"African Journal of Urology",2718,1,15808,"Zone 3"
"After Stroke Enhancing Quality of Life",2719,1,15809,"Zone 3"
"AGE AND AGEING",2720,1,15810,"Zone 3"
"Ageing and Society",2721,1,15811,"Zone 3"
"Aging Cell",2722,1,15812,"Zone 3"
"AGING CELL",2723,1,15813,"Zone 3"
"AGING CLINICAL AND EXPERIMENTAL RESEARCH",2724,1,15814,"Zone 3"
"Agricultural Engineering International Cigr Journal",2725,1,15815,"Zone 3"
"AIAA Science and Technology Forum and Exposition AIAA Scitech Forum 2025",2726,1,15816,"Zone 3"
"AIAA Scitech 2021 Forum",2727,1,15817,"Zone 3"
"Aims Mathematics",2728,1,15818,"Zone 3"
"Ain Shams Dental Journal Egypt",2729,1,15819,"Zone 3"
"Air Pollution and Related Health Risks Investigating Environmental Health and Sustainability",2730,1,15820,"Zone 3"
"Air Pollution Climate and Health an Integrated Perspective on their Interactions",2731,1,15821,"Zone 3"
"Air Quality Science Impacts and Management",2732,1,15822,"Zone 3"
"AIR QUALITY, ATMOSPHERE, & HEALTH",2733,1,15823,"Zone 3"
"Air Soil and Water Research",2734,1,15824,"Zone 3"
"Aistech Iron and Steel Technology Conference Proceedings",2735,1,15825,"Zone 3"
"Ajpm Focus",2736,1,15826,"Zone 3"
"AJPM FOCUS",2737,1,15827,"Zone 3"
"Akustika",2738,1,15828,"Zone 3"
"Al Khwarizmi Engineering Journal",2739,1,15829,"Zone 3"
"Al Rafidain Journal of Medical Sciences",2740,1,15830,"Zone 3"
"Alcoholism Clinical and Experimental Research",2741,1,15831,"Zone 3"
"ALCOHOLISM, CLINICAL AND EXPERIMENTAL RESEARCH",2742,1,15832,"Zone 3"
"Allergy European Journal of Allergy and Clinical Immunology",2743,1,15833,"Zone 3"
"ALZHEIMER'S RESEARCH & THERAPY",2744,1,15834,"Zone 3"
"Ame Medical Journal",2745,1,15835,"Zone 3"
"American Family Physician",2746,1,15836,"Zone 3"
"AMERICAN FAMILY PHYSICIAN",2747,1,15837,"Zone 3"
"American Heart Journal",2748,1,15838,"Zone 3"
"AMERICAN HEART JOURNAL",2749,1,15839,"Zone 3"
"American Journal of Alzheimer S Disease and Other Dementias",2750,1,15840,"Zone 3"
"American Journal of Clinical Dermatology",2751,1,15841,"Zone 3"
"AMERICAN JOURNAL OF CLINICAL DERMATOLOGY",2752,1,15842,"Zone 3"
"American Journal of Geriatric Psychiatry",2753,1,15843,"Zone 3"
"American Journal of Health Promotion",2754,1,15844,"Zone 3"
"AMERICAN JOURNAL OF HEALTH PROMOTION : AJHP",2755,1,15845,"Zone 3"
"American Journal of Kidney Diseases",2756,1,15846,"Zone 3"
"American Journal of Nursing",2757,1,15847,"Zone 3"
"American Journal of Obstetrics and Gynecology",2758,1,15848,"Zone 3"
"AMERICAN JOURNAL OF OBSTETRICS AND GYNECOLOGY",2759,1,15849,"Zone 3"
"American Journal of Perinatology",2760,1,15850,"Zone 3"
"American Journal of Physical Medicine and Rehabilitation",2761,1,15851,"Zone 3"
"American Journal of Physiology Endocrinology and Metabolism",2762,1,15852,"Zone 3"
"AMERICAN JOURNAL OF PHYSIOLOGY. ENDOCRINOLOGY AND METABOLISM",2763,1,15853,"Zone 3"
"American Journal of Roentgenology",2764,1,15854,"Zone 3"
"AMERICAN JOURNAL OF SPEECH-LANGUAGE PATHOLOGY",2765,1,15855,"Zone 3"
"American Journal of Speech Language Pathology",2766,1,15856,"Zone 3"
"American Journal of Surgery",2767,1,15857,"Zone 3"
"AMERICAN JOURNAL OF SURGERY",2768,1,15858,"Zone 3"
"American Journal of Therapeutics",2769,1,15859,"Zone 3"
"AMERICAN JOURNAL OF TRANSLATIONAL RESEARCH",2770,1,15860,"Zone 3"
"American Journal of Transplantation",2771,1,15861,"Zone 3"
"American Journal of Veterinary Research",2772,1,15862,"Zone 3"
"American Society of Mechanical Engineers Fluids Engineering Division Publication Fedsm",2773,1,15863,"Zone 3"
"American Society of Mechanical Engineers Power Division Publication Power",2774,1,15864,"Zone 3"
"American Society of Mechanical Engineers Pressure Vessels and Piping Division Publication PVP",2775,1,15865,"Zone 3"
"Amino Acids",2776,1,15866,"Zone 3"
"AMINO ACIDS",2777,1,15867,"Zone 3"
"Aminoffs Neurology and General Medicine",2778,1,15868,"Zone 3"
"Anaesthesia Pain and Intensive Care",2779,1,15869,"Zone 3"
"ANAESTHESIA, CRITICAL CARE & PAIN MEDICINE",2780,1,15870,"Zone 3"
"Anales De La Facultad De Medicina",2781,1,15871,"Zone 3"
"ANALYTICA CHIMICA ACTA",2782,1,15872,"Zone 3"
"ANALYTICAL AND BIOANALYTICAL CHEMISTRY",2783,1,15873,"Zone 3"
"Analytical and Bioanalytical Electrochemistry",2784,1,15874,"Zone 3"
"Analytical Chemistry Letters",2785,1,15875,"Zone 3"
"Analytical Methods",2786,1,15876,"Zone 3"
"ANALYTICAL METHODS : ADVANCING METHODS AND APPLICATIONS",2787,1,15877,"Zone 3"
"Anasthesiologie Und Intensivmedizin",2788,1,15878,"Zone 3"
"ANATOLIAN JOURNAL OF CARDIOLOGY",2789,1,15879,"Zone 3"
"ANATOMICAL RECORD (HOBOKEN, N.J. : 2007)",2790,1,15880,"Zone 3"
"Anesthesiology and Critical Care Morning Report Beyond the Pearls",2791,1,15881,"Zone 3"
"Anesthesiology and Pain Medicine",2792,1,15882,"Zone 3"
"ANESTHESIOLOGY AND PAIN MEDICINE",2793,1,15883,"Zone 3"
"Anesthesiology Clinics",2794,1,15884,"Zone 3"
"Aneurysmal Subarachnoid Hemorrhage from Diagnosis to Treatment",2795,1,15885,"Zone 3"
"Angewandte Chemie International Edition",2796,1,15886,"Zone 3"
"Angiologiia I Sosudistaia Khirurgiia Angiology and Vascular Surgery",2797,1,15887,"Zone 3"
"Anil Aggrawal S Internet Journal of Forensic Medicine and Toxicology",2798,1,15888,"Zone 3"
"Animal",2799,1,15889,"Zone 3"
"ANIMAL : AN INTERNATIONAL JOURNAL OF ANIMAL BIOSCIENCE",2800,1,15890,"Zone 3"
"Animal Nutrition",2801,1,15891,"Zone 3"
"Animal Reproduction Science",2802,1,15892,"Zone 3"
"Annales De Chimie Science Des Materiaux",2803,1,15893,"Zone 3"
"Annals of African Medicine",2804,1,15894,"Zone 3"
"Annals of Agricultural and Environmental Medicine",2805,1,15895,"Zone 3"
"Annals of Clinical and Experimental Neurology",2806,1,15896,"Zone 3"
"ANNALS OF CLINICAL AND TRANSLATIONAL NEUROLOGY",2807,1,15897,"Zone 3"
"ANNALS OF EMERGENCY MEDICINE",2808,1,15898,"Zone 3"
"Annals of Emerging Technologies in Computing",2809,1,15899,"Zone 3"
"ANNALS OF EPIDEMIOLOGY",2810,1,15900,"Zone 3"
"Annals of Geriatric Medicine and Research",2811,1,15901,"Zone 3"
"ANNALS OF IBADAN POSTGRADUATE MEDICINE",2812,1,15902,"Zone 3"
"Annals of Internal Medicine Clinical Cases",2813,1,15903,"Zone 3"
"Annals of Neurosciences",2814,1,15904,"Zone 3"
"ANNALS OF NEUROSCIENCES",2815,1,15905,"Zone 3"
"Annals of Noninvasive Electrocardiology",2816,1,15906,"Zone 3"
"Annals of Nuclear Energy",2817,1,15907,"Zone 3"
"Annals of Occupational and Environmental Medicine",2818,1,15908,"Zone 3"
"Annals of Otology Rhinology and Laryngology",2819,1,15909,"Zone 3"
"Annals of Surgery",2820,1,15910,"Zone 3"
"ANNALS OF SURGERY",2821,1,15911,"Zone 3"
"Annals of the Academy of Medicine Singapore",2822,1,15912,"Zone 3"
"ANNALS OF THE ACADEMY OF MEDICINE, SINGAPORE",2823,1,15913,"Zone 3"
"ANNALS OF THE AMERICAN THORACIC SOCIETY",2824,1,15914,"Zone 3"
"ANNALS OF THE NEW YORK ACADEMY OF SCIENCES",2825,1,15915,"Zone 3"
"Annals of the Rheumatic Diseases",2826,1,15916,"Zone 3"
"ANNALS OF TRANSPLANTATION",2827,1,15917,"Zone 3"
"Annals of Work Exposures and Health",2828,1,15918,"Zone 3"
"ANNALS OF WORK EXPOSURES AND HEALTH",2829,1,15919,"Zone 3"
"Annual Conference of the Australian Acoustical Society 2021 Making Waves AAS 2021",2830,1,15920,"Zone 3"
"ANNUAL REVIEW OF BIOCHEMISTRY",2831,1,15921,"Zone 3"
"Annual Review of Medicine",2832,1,15922,"Zone 3"
"ANNUAL REVIEW OF MEDICINE",2833,1,15923,"Zone 3"
"Annual Review of Physiology",2834,1,15924,"Zone 3"
"ANNUAL REVIEW OF PHYSIOLOGY",2835,1,15925,"Zone 3"
"ANNUAL REVIEW OF PUBLIC HEALTH",2836,1,15926,"Zone 3"
"ANTICANCER RESEARCH",2837,1,15927,"Zone 3"
"ANTIMICROBIAL AGENTS AND CHEMOTHERAPY",2838,1,15928,"Zone 3"
"Antimicrobial Resistance and Infection Control",2839,1,15929,"Zone 3"
"Aorta",2840,1,15930,"Zone 3"
"AORTA (STAMFORD, CONN.)",2841,1,15931,"Zone 3"
"APL 2023 12th Asia Pacific International Conference on Lightning",2842,1,15932,"Zone 3"
"APL Machine Learning",2843,1,15933,"Zone 3"
"Applications of Heat Mass and Fluid Boundary Layers",2844,1,15934,"Zone 3"
"Applications of Modelling and Simulation",2845,1,15935,"Zone 3"
"Applied and Computational Mathematics",2846,1,15936,"Zone 3"
"Applied Biochemistry and Biotechnology",2847,1,15937,"Zone 3"
"APPLIED BIOCHEMISTRY AND BIOTECHNOLOGY",2848,1,15938,"Zone 3"
"Applied Bionics and Biomechanics",2849,1,15939,"Zone 3"
"Applied Catalysis A General",2850,1,15940,"Zone 3"
"Applied Computer Vision and Soft Computing with Interpretable AI",2851,1,15941,"Zone 3"
"Applied Condition Monitoring",2852,1,15942,"Zone 3"
"Applied Environmental Research",2853,1,15943,"Zone 3"
"Applied Fruit Science",2854,1,15944,"Zone 3"
"Applied Human Factors and Ergonomics International",2855,1,15945,"Zone 3"
"Applied Intelligence",2856,1,15946,"Zone 3"
"Applied Ocean Research",2857,1,15947,"Zone 3"
"Applied Optics",2858,1,15948,"Zone 3"
"APPLIED OPTICS",2859,1,15949,"Zone 3"
"Applied Physics B Lasers and Optics",2860,1,15950,"Zone 3"
"Applied Radiation and Isotopes",2861,1,15951,"Zone 3"
"APPLIED RADIATION AND ISOTOPES : INCLUDING DATA, INSTRUMENTATION AND METHODS FOR USE IN AGRICULTURE, INDUSTRY AND MEDICINE",2862,1,15952,"Zone 3"
"Applied System Innovation",2863,1,15953,"Zone 3"
"Aquaculture",2864,1,15954,"Zone 3"
"Arabian Journal of Geosciences",2865,1,15955,"Zone 3"
"Architecture City and Environment",2866,1,15956,"Zone 3"
"Archives De Pediatrie",2867,1,15957,"Zone 3"
"Archives Des Maladies Professionnelles Et De L Environnement",2868,1,15958,"Zone 3"
"ARCHIVES OF ACADEMIC EMERGENCY MEDICINE",2869,1,15959,"Zone 3"
"Archives of Anesthesiology and Critical Care",2870,1,15960,"Zone 3"
"ARCHIVES OF BIOCHEMISTRY AND BIOPHYSICS",2871,1,15961,"Zone 3"
"Archives of Disease in Childhood Education and Practice Edition",2872,1,15962,"Zone 3"
"Archives of Gynecology and Obstetrics",2873,1,15963,"Zone 3"
"Archives of Iranian Medicine",2874,1,15964,"Zone 3"
"ARCHIVES OF IRANIAN MEDICINE",2875,1,15965,"Zone 3"
"Archives of Medical Research",2876,1,15966,"Zone 3"
"ARCHIVES OF MEDICAL RESEARCH",2877,1,15967,"Zone 3"
"ARCHIVES OF MEDICAL SCIENCE : AMS",2878,1,15968,"Zone 3"
"Archives of Osteoporosis",2879,1,15969,"Zone 3"
"ARCHIVES OF OSTEOPOROSIS",2880,1,15970,"Zone 3"
"ARCHIVES OF PHYSICAL MEDICINE AND REHABILITATION",2881,1,15971,"Zone 3"
"ARCHIVES OF PUBLIC HEALTH = ARCHIVES BELGES DE SANTE PUBLIQUE",2882,1,15972,"Zone 3"
"Archives of Razi Institute",2883,1,15973,"Zone 3"
"Archives of Thermodynamics",2884,1,15974,"Zone 3"
"Archives of Toxicology",2885,1,15975,"Zone 3"
"ARCHIVES OF TOXICOLOGY",2886,1,15976,"Zone 3"
"Archivos De Bronconeumologia",2887,1,15977,"Zone 3"
"ARCHIVOS DE BRONCONEUMOLOGIA",2888,1,15978,"Zone 3"
"ARCHIVOS DE CARDIOLOGIA DE MEXICO",2889,1,15979,"Zone 3"
"ARHIV ZA HIGIJENU RADA I TOKSIKOLOGIJU",2890,1,15980,"Zone 3"
"Arpn Journal of Engineering and Applied Sciences",2891,1,15981,"Zone 3"
"ARQUIVOS BRASILEIROS DE CARDIOLOGIA",2892,1,15982,"Zone 3"
"Arrhythmia and Electrophysiology Review",2893,1,15983,"Zone 3"
"Art of Paediatric Medicine Beyond the Evidence Base Clinical Pearls from Experienced Clinicians",2894,1,15984,"Zone 3"
"Arteriosclerosis Thrombosis and Vascular Biology",2895,1,15985,"Zone 3"
"ARTHRITIS & RHEUMATOLOGY (HOBOKEN, N.J.)",2896,1,15986,"Zone 3"
"ARTHRITIS CARE & RESEARCH",2897,1,15987,"Zone 3"
"Arthritis Care and Research",2898,1,15988,"Zone 3"
"Artificial Intelligence Computational Intelligence and Inclusive Technologies Proceedings of International Conference on Artificial Intelligence Computational Intelligence and Inclusive Technologies Icraic2it 2025",2899,1,15989,"Zone 3"
"Artificial Intelligence for Renewable Energy and Climate Change",2900,1,15990,"Zone 3"
"Artificial Intelligence in Medicine",2901,1,15991,"Zone 3"
"Artificial Intelligence in Telemedicine Artificial Intelligence in Telemedicine Processing of Biosignals and Medical Images",2902,1,15992,"Zone 3"
"Arya Atherosclerosis",2903,1,15993,"Zone 3"
"Ascend 2026",2904,1,15994,"Zone 3"
"Asean Journal on Science and Technology for Development",2905,1,15995,"Zone 3"
"ASEE Annual Conference and Exposition Conference Proceedings",2906,1,15996,"Zone 3"
"Asian Atmospheric Pollution Sources Characteristics and Impacts",2907,1,15997,"Zone 3"
"Asian Journal of Atmospheric Environment",2908,1,15998,"Zone 3"
"Asian Journal of Chemistry",2909,1,15999,"Zone 3"
"Asian Journal of Control",2910,1,16000,"Zone 3"
"Asian Journal of Pharmaceutical and Clinical Research",2911,1,16001,"Zone 3"
"Asian Textile Journal",2912,1,16002,"Zone 3"
"Asn Neuro",2913,1,16003,"Zone 3"
"ASTM Special Technical Publication",2914,1,16004,"Zone 3"
"Atmosfera",2915,1,16005,"Zone 3"
"Atmosphere Ocean",2916,1,16006,"Zone 3"
"Audiology and Neurotology",2917,1,16007,"Zone 3"
"Australian Journal of Crop Science",2918,1,16008,"Zone 3"
"Australian Journal of Emergency Management",2919,1,16009,"Zone 3"
"Australian Journal of Herbal and Naturopathic Medicine",2920,1,16010,"Zone 3"
"Australian Journal of Mechanical Engineering",2921,1,16011,"Zone 3"
"Autism",2922,1,16012,"Zone 3"
"Autonomic Disorders in Clinical Practice",2923,1,16013,"Zone 3"
"Autophagy",2924,1,16014,"Zone 3"
"AUTOPHAGY",2925,1,16015,"Zone 3"
"Avs Quantum Science",2926,1,16016,"Zone 3"
"Balneo and Prm Research Journal",2927,1,16017,"Zone 3"
"Bandaoti Guangdian Semiconductor Optoelectronics",2928,1,16018,"Zone 3"
"Bangladesh Journal of Medical Science",2929,1,16019,"Zone 3"
"Basic and Clinical Neuroscience",2930,1,16020,"Zone 3"
"Basrah Journal of Agricultural Sciences",2931,1,16021,"Zone 3"
"Bautechnik",2932,1,16022,"Zone 3"
"Bdaia 2025 2025 2nd International Conference on Big Data Analytics and Artificial Intelligence Application",2933,1,16023,"Zone 3"
"Bedside Communication Handbook the Speaking with Patients and Families",2934,1,16024,"Zone 3"
"Behavioral Ecology",2935,1,16025,"Zone 3"
"BEHAVIORAL ECOLOGY : OFFICIAL JOURNAL OF THE INTERNATIONAL SOCIETY FOR BEHAVIORAL ECOLOGY",2936,1,16026,"Zone 3"
"BEHAVIOURAL PROCESSES",2937,1,16027,"Zone 3"
"Behavioural Public Policy",2938,1,16028,"Zone 3"
"Beijing Ligong Daxue Xuebao Transaction of Beijing Institute of Technology",2939,1,16029,"Zone 3"
"Beni Suef University Journal of Basic and Applied Sciences",2940,1,16030,"Zone 3"
"Berkala Ilmu Kesehatan Kulit Dan Kelamin",2941,1,16031,"Zone 3"
"Beton Und Stahlbetonbau",2942,1,16032,"Zone 3"
"Bhi 2024 IEEE EMBS International Conference on Biomedical and Health Informatics Proceedings",2943,1,16033,"Zone 3"
"Bhi 2025 IEEE EMBS International Conference on Biomedical and Health Informatics Conference Proceedings",2944,1,16034,"Zone 3"
"Bhutan Health Journal",2945,1,16035,"Zone 3"
"Big Earth Data",2946,1,16036,"Zone 3"
"BIO-PROTOCOL",2947,1,16037,"Zone 3"
"Bio Protocol",2948,1,16038,"Zone 3"
"Biochemical Genetics",2949,1,16039,"Zone 3"
"Biochemical Journal",2950,1,16040,"Zone 3"
"Biochemical Pharmacology",2951,1,16041,"Zone 3"
"BIOCHEMICAL PHARMACOLOGY",2952,1,16042,"Zone 3"
"Biochemical Society Transactions",2953,1,16043,"Zone 3"
"BIOCHEMICAL SOCIETY TRANSACTIONS",2954,1,16044,"Zone 3"
"Biochimica Et Biophysica Acta Biomembranes",2955,1,16045,"Zone 3"
"Biochimica Et Biophysica Acta General Subjects",2956,1,16046,"Zone 3"
"Biochimica Et Biophysica Acta Molecular Basis of Disease",2957,1,16047,"Zone 3"
"Biochimica Et Biophysica Acta Proteins and Proteomics",2958,1,16048,"Zone 3"
"Biocybernetics and Biomedical Engineering",2959,1,16049,"Zone 3"
"Bioenergy Research",2960,1,16050,"Zone 3"
"BIOENGINEERED",2961,1,16051,"Zone 3"
"BIOENGINEERING & TRANSLATIONAL MEDICINE",2962,1,16052,"Zone 3"
"Bioengineering and Translational Medicine",2963,1,16053,"Zone 3"
"Bioessays",2964,1,16054,"Zone 3"
"Biofabrication",2965,1,16055,"Zone 3"
"Bioinspiration and Biomimetics",2966,1,16056,"Zone 3"
"Bioinspiration Biomimetics",2967,1,16057,"Zone 3"
"BIOLOGICAL & PHARMACEUTICAL BULLETIN",2968,1,16058,"Zone 3"
"Biological and Pharmaceutical Bulletin",2969,1,16059,"Zone 3"
"Biological Psychiatry Cognitive Neuroscience and Neuroimaging",2970,1,16060,"Zone 3"
"Biological Research",2971,1,16061,"Zone 3"
"BIOLOGICAL RESEARCH",2972,1,16062,"Zone 3"
"Biologics Targets and Therapy",2973,1,16063,"Zone 3"
"Biology Direct",2974,1,16064,"Zone 3"
"BIOLOGY DIRECT",2975,1,16065,"Zone 3"
"Biology of Sport",2976,1,16066,"Zone 3"
"BIOLOGY OF SPORT",2977,1,16067,"Zone 3"
"Biomarkers",2978,1,16068,"Zone 3"
"BIOMARKERS : BIOCHEMICAL INDICATORS OF EXPOSURE, RESPONSE, AND SUSCEPTIBILITY TO CHEMICALS",2979,1,16069,"Zone 3"
"Biomarkers in Environmental and Human Health Biomonitoring an Integrated Perspective",2980,1,16070,"Zone 3"
"Biomarkers in Medicine",2981,1,16071,"Zone 3"
"BIOMATERIALS",2982,1,16072,"Zone 3"
"Biomechanics Switzerland",2983,1,16073,"Zone 3"
"Biomedical Engineering and Signal Processing with AI and ml",2984,1,16074,"Zone 3"
"Biomedical Engineering Communications",2985,1,16075,"Zone 3"
"BIOMEDICAL JOURNAL",2986,1,16076,"Zone 3"
"BIOMEDICAL PHYSICS & ENGINEERING EXPRESS",2987,1,16077,"Zone 3"
"BIOMEDICAL SIGNAL PROCESSING AND CONTROL",2988,1,16078,"Zone 3"
"Biomedizinische Technik",2989,1,16079,"Zone 3"
"Biometrics",2990,1,16080,"Zone 3"
"BIOMETRICS",2991,1,16081,"Zone 3"
"Biomonitoring of Pollutants in the Global South",2992,1,16082,"Zone 3"
"Biophysica",2993,1,16083,"Zone 3"
"Biophysical Journal",2994,1,16084,"Zone 3"
"Biophysics Russian Federation",2995,1,16085,"Zone 3"
"Bioresources and Bioprocessing",2996,1,16086,"Zone 3"
"BIORESOURCES AND BIOPROCESSING",2997,1,16087,"Zone 3"
"BIOSCIENCE REPORTS",2998,1,16088,"Zone 3"
"Biotechnology and Bioprocess Engineering",2999,1,16089,"Zone 3"
"Biotechnology Progress",3000,1,16090,"Zone 3"
"BIOTECHNOLOGY PROGRESS",3001,1,16091,"Zone 3"
"Birth Defects Research",3002,1,16092,"Zone 3"
"Bjs Open",3003,1,16093,"Zone 3"
"Blood Advances",3004,1,16094,"Zone 3"
"Blood Coagulation and Fibrinolysis",3005,1,16095,"Zone 3"
"Blood Pressure Monitoring",3006,1,16096,"Zone 3"
"Blood Purification",3007,1,16097,"Zone 3"
"Blood Reviews",3008,1,16098,"Zone 3"
"BMC ANESTHESIOLOGY",3009,1,16099,"Zone 3"
"BMC BIOLOGY",3010,1,16100,"Zone 3"
"BMC Cancer",3011,1,16101,"Zone 3"
"BMC COMPLEMENTARY MEDICINE AND THERAPIES",3012,1,16102,"Zone 3"
"BMC GASTROENTEROLOGY",3013,1,16103,"Zone 3"
"BMC MEDICAL EDUCATION",3014,1,16104,"Zone 3"
"BMC Medical Genomics",3015,1,16105,"Zone 3"
"BMC MEDICAL GENOMICS",3016,1,16106,"Zone 3"
"BMC NEPHROLOGY",3017,1,16107,"Zone 3"
"BMC Neuroscience",3018,1,16108,"Zone 3"
"BMC NEUROSCIENCE",3019,1,16109,"Zone 3"
"BMC Oral Health",3020,1,16110,"Zone 3"
"BMC PHARMACOLOGY & TOXICOLOGY",3021,1,16111,"Zone 3"
"BMC Pharmacology and Toxicology",3022,1,16112,"Zone 3"
"BMC Primary Care",3023,1,16113,"Zone 3"
"BMC PRIMARY CARE",3024,1,16114,"Zone 3"
"BMC Psychiatry",3025,1,16115,"Zone 3"
"BMC PSYCHIATRY",3026,1,16116,"Zone 3"
"BMC Research Notes",3027,1,16117,"Zone 3"
"BMC RESEARCH NOTES",3028,1,16118,"Zone 3"
"BMC Surgery",3029,1,16119,"Zone 3"
"Bme Frontiers",3030,1,16120,"Zone 3"
"BMJ MENTAL HEALTH",3031,1,16121,"Zone 3"
"BMJ MILITARY HEALTH",3032,1,16122,"Zone 3"
"BMJ OPEN RESPIRATORY RESEARCH",3033,1,16123,"Zone 3"
"BMJ Paediatrics Open",3034,1,16124,"Zone 3"
"BMJ PAEDIATRICS OPEN",3035,1,16125,"Zone 3"
"Boletim Da Sociedade Paranaense De Matematica",3036,1,16126,"Zone 3"
"BOSNIAN JOURNAL OF BASIC MEDICAL SCIENCES",3037,1,16127,"Zone 3"
"Brain and Development",3038,1,16128,"Zone 3"
"Brain Behavior and Immunity Integrative",3039,1,16129,"Zone 3"
"BRAIN CONNECTIVITY",3040,1,16130,"Zone 3"
"Brain Impairment",3041,1,16131,"Zone 3"
"Brain Informatics Technology",3042,1,16132,"Zone 3"
"BRAIN INJURY",3043,1,16133,"Zone 3"
"Brain Pathology",3044,1,16134,"Zone 3"
"Brain Structure and Function",3045,1,16135,"Zone 3"
"BRAIN, BEHAVIOR, AND IMMUNITY",3046,1,16136,"Zone 3"
"Brazilian Journal of Microbiology",3047,1,16137,"Zone 3"
"BRAZILIAN JOURNAL OF MICROBIOLOGY : [PUBLICATION OF THE BRAZILIAN SOCIETY FOR MICROBIOLOGY]",3048,1,16138,"Zone 3"
"Brazilian Journal of Otorhinolaryngology",3049,1,16139,"Zone 3"
"BRAZILIAN JOURNAL OF OTORHINOLARYNGOLOGY",3050,1,16140,"Zone 3"
"BRITISH JOURNAL OF NEUROSCIENCE NURSING",3051,1,16141,"Zone 3"
"BRITISH JOURNAL OF NEUROSURGERY",3052,1,16142,"Zone 3"
"British Journal of Nutrition",3053,1,16143,"Zone 3"
"BRITISH JOURNAL OF PHARMACOLOGY",3054,1,16144,"Zone 3"
"BRITISH PARAMEDIC JOURNAL",3055,1,16145,"Zone 3"
"BUILDING AND ENVIRONMENT",3056,1,16146,"Zone 3"
"Building Research and Information",3057,1,16147,"Zone 3"
"Bulgarian Journal of Veterinary Medicine",3058,1,16148,"Zone 3"
"Bulletin De L Academie Nationale De Medecine",3059,1,16149,"Zone 3"
"Bulletin of Atmospheric Science and Technology",3060,1,16150,"Zone 3"
"Bulletin of Earthquake Engineering",3061,1,16151,"Zone 3"
"BULLETIN OF EXPERIMENTAL BIOLOGY AND MEDICINE",3062,1,16152,"Zone 3"
"Bulletin of Volcanology",3063,1,16153,"Zone 3"
"Bunseki Kagaku",3064,1,16154,"Zone 3"
"Burapha Science Journal",3065,1,16155,"Zone 3"
"Burket S Oral Medicine Thirteenth Edition",3066,1,16156,"Zone 3"
"Burns and Trauma",3067,1,16157,"Zone 3"
"Caai Transactions on Intelligence Technology",3068,1,16158,"Zone 3"
"Cadernos De Saude Publica",3069,1,16159,"Zone 3"
"CADERNOS DE SAUDE PUBLICA",3070,1,16160,"Zone 3"
"Cahiers Sante Medecine Therapeutique",3071,1,16161,"Zone 3"
"Cailiao Baohu Materials Protection",3072,1,16162,"Zone 3"
"Cailiao Rechuli Xuebao Transactions of Materials and Heat Treatment",3073,1,16163,"Zone 3"
"Canadian Association of Radiologists Journal",3074,1,16164,"Zone 3"
"CANADIAN ASSOCIATION OF RADIOLOGISTS JOURNAL = JOURNAL L'ASSOCIATION CANADIENNE DES RADIOLOGISTES",3075,1,16165,"Zone 3"
"Canadian Family Physician",3076,1,16166,"Zone 3"
"Canadian Family Physician Medecin De Famille Canadien",3077,1,16167,"Zone 3"
"CANADIAN FAMILY PHYSICIAN MEDECIN DE FAMILLE CANADIEN",3078,1,16168,"Zone 3"
"Canadian Journal of Chemical Engineering",3079,1,16169,"Zone 3"
"Canadian Journal of Infectious Diseases and Medical Microbiology",3080,1,16170,"Zone 3"
"Canadian Journal of Zoology",3081,1,16171,"Zone 3"
"CANADIAN JOURNAL OF ZOOLOGY",3082,1,16172,"Zone 3"
"Cancer Medicine",3083,1,16173,"Zone 3"
"CANCER RADIOTHERAPIE : JOURNAL DE LA SOCIETE FRANCAISE DE RADIOTHERAPIE ONCOLOGIQUE",3084,1,16174,"Zone 3"
"Cancer Research and Clinic",3085,1,16175,"Zone 3"
"Carbohydrate Polymers",3086,1,16176,"Zone 3"
"CARDIOLOGY AND CARDIOVASCULAR MEDICINE",3087,1,16177,"Zone 3"
"CARDIOLOGY AND THERAPY",3088,1,16178,"Zone 3"
"Cardiology in the Young",3089,1,16179,"Zone 3"
"Cardiology Research",3090,1,16180,"Zone 3"
"Cardiopulmonary Bypass Third Edition",3091,1,16181,"Zone 3"
"CARDIOVASCULAR & HEMATOLOGICAL AGENTS IN MEDICINAL CHEMISTRY",3092,1,16182,"Zone 3"
"Cardiovascular and Hematological Agents in Medicinal Chemistry",3093,1,16183,"Zone 3"
"Cardiovascular and Interventional Radiology",3094,1,16184,"Zone 3"
"CARDIOVASCULAR AND INTERVENTIONAL RADIOLOGY",3095,1,16185,"Zone 3"
"CARDIOVASCULAR DIABETOLOGY",3096,1,16186,"Zone 3"
"Cardiovascular Endocrinology and Metabolism",3097,1,16187,"Zone 3"
"CARDIOVASCULAR ENGINEERING AND TECHNOLOGY",3098,1,16188,"Zone 3"
"Cardiovascular Innovations and Applications",3099,1,16189,"Zone 3"
"Cardiovascular Pathology",3100,1,16190,"Zone 3"
"CARDIOVASCULAR PATHOLOGY : THE OFFICIAL JOURNAL OF THE SOCIETY FOR CARDIOVASCULAR PATHOLOGY",3101,1,16191,"Zone 3"
"CARDIOVASCULAR RESEARCH",3102,1,16192,"Zone 3"
"Cardiovascular Revascularization Medicine",3103,1,16193,"Zone 3"
"Cardiovascular Therapy and Prevention Russian Federation",3104,1,16194,"Zone 3"
"Cardiovascular Ultrasound",3105,1,16195,"Zone 3"
"Case Reports in Dermatology",3106,1,16196,"Zone 3"
"CASE REPORTS IN DERMATOLOGY",3107,1,16197,"Zone 3"
"CASE REPORTS IN EMERGENCY MEDICINE",3108,1,16198,"Zone 3"
"CASE REPORTS IN HEPATOLOGY",3109,1,16199,"Zone 3"
"CASE REPORTS IN NEUROLOGY",3110,1,16200,"Zone 3"
"Case Studies in Construction Materials",3111,1,16201,"Zone 3"
"Case Studies in Small Animal Point of Care Ultrasound A Color Handbook",3112,1,16202,"Zone 3"
"Cases in Simulated Disaster Medicine",3113,1,16203,"Zone 3"
"Caspian Journal of Environmental Sciences",3114,1,16204,"Zone 3"
"Caspian Journal of Neurological Sciences",3115,1,16205,"Zone 3"
"Catena",3116,1,16206,"Zone 3"
"Ccf Transactions on Pervasive Computing and Interaction",3117,1,16207,"Zone 3"
"Ccic 2026 Contemporary Computing Innovations Conference 2026",3118,1,16208,"Zone 3"
"Ceas Aeronautical Journal",3119,1,16209,"Zone 3"
"Cell and Bioscience",3120,1,16210,"Zone 3"
"Cell Cycle",3121,1,16211,"Zone 3"
"CELL CYCLE (GEORGETOWN, TEX.)",3122,1,16212,"Zone 3"
"CELL DEATH & DISEASE",3123,1,16213,"Zone 3"
"Cell Death and Disease",3124,1,16214,"Zone 3"
"CELL REPORTS",3125,1,16215,"Zone 3"
"Cell Stress and Chaperones",3126,1,16216,"Zone 3"
"Cell Transplantation",3127,1,16217,"Zone 3"
"CELL TRANSPLANTATION",3128,1,16218,"Zone 3"
"Cellular and Molecular Biology Letters",3129,1,16219,"Zone 3"
"Cellular and Molecular Immunology",3130,1,16220,"Zone 3"
"CELLULAR AND MOLECULAR LIFE SCIENCES : CMLS",3131,1,16221,"Zone 3"
"CEREBRAL CORTEX (NEW YORK, N.Y. : 1991)",3132,1,16222,"Zone 3"
"Ceska Radiologie",3133,1,16223,"Zone 3"
"Cesko Slovenska Pediatrie",3134,1,16224,"Zone 3"
"Ceur Workshop Proceedings",3135,1,16225,"Zone 3"
"Chalcogen Chemistry Fundamentals and Applications",3136,1,16226,"Zone 3"
"Challenges of Disaster Planning Management and Resilience",3137,1,16227,"Zone 3"
"Chaos",3138,1,16228,"Zone 3"
"CHAOS (WOODBURY, N.Y.)",3139,1,16229,"Zone 3"
"Chaos Solitons and Fractals",3140,1,16230,"Zone 3"
"Chaos Theory and Applications",3141,1,16231,"Zone 3"
"Chemical and Petroleum Engineering",3142,1,16232,"Zone 3"
"Chemical Biology and Drug Design",3143,1,16233,"Zone 3"
"Chemical Engineering Transactions",3144,1,16234,"Zone 3"
"Chemical Science",3145,1,16235,"Zone 3"
"CHEMICAL SCIENCE",3146,1,16236,"Zone 3"
"Chemico Biological Interactions",3147,1,16237,"Zone 3"
"Chemistry Africa",3148,1,16238,"Zone 3"
"Chest Critical Care",3149,1,16239,"Zone 3"
"CHEST CRITICAL CARE",3150,1,16240,"Zone 3"
"CHILD'S NERVOUS SYSTEM : CHNS : OFFICIAL JOURNAL OF THE INTERNATIONAL SOCIETY FOR PEDIATRIC NEUROSURGERY",3151,1,16241,"Zone 3"
"China Cdc Weekly",3152,1,16242,"Zone 3"
"CHINA CDC WEEKLY",3153,1,16243,"Zone 3"
"China Economic Journal",3154,1,16244,"Zone 3"
"China Medical Devices",3155,1,16245,"Zone 3"
"China Preventive Medicine Journal",3156,1,16246,"Zone 3"
"China Safety Science Journal",3157,1,16247,"Zone 3"
"Chinese Journal of Aeronautics",3158,1,16248,"Zone 3"
"Chinese Journal of Agrometeorology",3159,1,16249,"Zone 3"
"Chinese Journal of Biochemistry and Molecular Biology",3160,1,16250,"Zone 3"
"Chinese Journal of Burns and Wounds",3161,1,16251,"Zone 3"
"Chinese Journal of Clinical Pharmacology and Therapeutics",3162,1,16252,"Zone 3"
"Chinese Journal of Diabetes Mellitus",3163,1,16253,"Zone 3"
"Chinese Journal of Endemiology",3164,1,16254,"Zone 3"
"Chinese Journal of Integrated Traditional and Western Medicine on Digestion",3165,1,16255,"Zone 3"
"CHINESE JOURNAL OF INTEGRATIVE MEDICINE",3166,1,16256,"Zone 3"
"Chinese Journal of Mechanical Engineering English Edition",3167,1,16257,"Zone 3"
"Chinese Journal of Modern Applied Pharmacy",3168,1,16258,"Zone 3"
"Chinese Journal of Nephrology",3169,1,16259,"Zone 3"
"Chinese Journal of Neurosurgery",3170,1,16260,"Zone 3"
"Chinese Journal of New Drugs",3171,1,16261,"Zone 3"
"Chinese Journal of Nursing",3172,1,16262,"Zone 3"
"Chinese Journal of Pharmacovigilance",3173,1,16263,"Zone 3"
"Chinese Journal of Physiology",3174,1,16264,"Zone 3"
"Chinese Journal of Primary Medicine and Pharmacy",3175,1,16265,"Zone 3"
"Chinese Journal of Radiological Health",3176,1,16266,"Zone 3"
"Chinese Journal of Radiological Medicine and Protection",3177,1,16267,"Zone 3"
"Chinese Journal of Rehabilitation Medicine",3178,1,16268,"Zone 3"
"Chinese Journal of School Health",3179,1,16269,"Zone 3"
"Chinese Journal of Ultrasonography",3180,1,16270,"Zone 3"
"Chinese Journal of Vascular Surgery",3181,1,16271,"Zone 3"
"Chinese Medical Journal Pulmonary and Critical Care Medicine",3182,1,16272,"Zone 3"
"Chinese Neurosurgical Journal",3183,1,16273,"Zone 3"
"Chinese Optics",3184,1,16274,"Zone 3"
"Chinese Pharmacological Bulletin",3185,1,16275,"Zone 3"
"Chinese Physics B",3186,1,16276,"Zone 3"
"Chronic Disease Follow Ups for Adults in Primary Care",3187,1,16277,"Zone 3"
"Chronobiology International",3188,1,16278,"Zone 3"
"Chulalongkorn Medical Journal",3189,1,16279,"Zone 3"
"CIENCIA & SAUDE COLETIVA",3190,1,16280,"Zone 3"
"Circuits Systems and Signal Processing",3191,1,16281,"Zone 3"
"Circular Economy",3192,1,16282,"Zone 3"
"Circulation Cardiovascular Imaging",3193,1,16283,"Zone 3"
"Circulation Cardiovascular Quality and Outcomes",3194,1,16284,"Zone 3"
"CIRCULATION. CARDIOVASCULAR QUALITY AND OUTCOMES",3195,1,16285,"Zone 3"
"CIRCULATION. GENOMIC AND PRECISION MEDICINE",3196,1,16286,"Zone 3"
"CIRP Annals",3197,1,16287,"Zone 3"
"CIRP Journal of Manufacturing Science and Technology",3198,1,16288,"Zone 3"
"CITIES & HEALTH",3199,1,16289,"Zone 3"
"Citrus Fruits and Juice Processing and Quality Profiling",3200,1,16290,"Zone 3"
"CJC OPEN",3201,1,16291,"Zone 3"
"Clean Air Journal",3202,1,16292,"Zone 3"
"Clean Technologies",3203,1,16293,"Zone 3"
"Clean Technologies and Environmental Policy",3204,1,16294,"Zone 3"
"Cleaner Engineering and Technology",3205,1,16295,"Zone 3"
"Cleaner Environmental Systems",3206,1,16296,"Zone 3"
"Climacteric",3207,1,16297,"Zone 3"
"Climate and Development",3208,1,16298,"Zone 3"
"Climate Change and Public Health Second Edition",3209,1,16299,"Zone 3"
"Climate Change Public Health and Regional Security in the Indo Pacific from Mitigation to Adaptation",3210,1,16300,"Zone 3"
"Climate Crisis and Sustainable Solutions Strategies for Adaptation Mitigation and Sustainable Development",3211,1,16301,"Zone 3"
"Clinica E Investigacion En Arteriosclerosis",3212,1,16302,"Zone 3"
"CLINICA E INVESTIGACION EN ARTERIOSCLEROSIS : PUBLICACION OFICIAL DE LA SOCIEDAD ESPANOLA DE ARTERIOSCLEROSIS",3213,1,16303,"Zone 3"
"Clinical and Experimental Medicine",3214,1,16304,"Zone 3"
"CLINICAL AND EXPERIMENTAL MEDICINE",3215,1,16305,"Zone 3"
"Clinical and Experimental Nephrology",3216,1,16306,"Zone 3"
"Clinical and Experimental Neuroimmunology",3217,1,16307,"Zone 3"
"Clinical and Preventive Medicine",3218,1,16308,"Zone 3"
"CLINICAL CASE REPORTS",3219,1,16309,"Zone 3"
"Clinical Chemistry and Laboratory Medicine",3220,1,16310,"Zone 3"
"CLINICAL CHEMISTRY AND LABORATORY MEDICINE",3221,1,16311,"Zone 3"
"Clinical EEG and Neuroscience",3222,1,16312,"Zone 3"
"Clinical Epidemiology",3223,1,16313,"Zone 3"
"Clinical Genetics",3224,1,16314,"Zone 3"
"Clinical Hemorheology and Microcirculation",3225,1,16315,"Zone 3"
"CLINICAL HEMORHEOLOGY AND MICROCIRCULATION",3226,1,16316,"Zone 3"
"Clinical Infection in Practice",3227,1,16317,"Zone 3"
"Clinical Journal of Gastroenterology",3228,1,16318,"Zone 3"
"Clinical Journal of Pain",3229,1,16319,"Zone 3"
"Clinical Journal of the American Society of Nephrology",3230,1,16320,"Zone 3"
"CLINICAL LUNG CANCER",3231,1,16321,"Zone 3"
"CLINICAL MEDICINE (LONDON, ENGLAND)",3232,1,16322,"Zone 3"
"Clinical Medicine Insights Case Reports",3233,1,16323,"Zone 3"
"Clinical Medicine Journal of the Royal College of Physicians of London",3234,1,16324,"Zone 3"
"Clinical Medicine of China",3235,1,16325,"Zone 3"
"Clinical Neuroanatomy Brain Circuitry and Its Disorders",3236,1,16326,"Zone 3"
"Clinical Neurophysiology Practice",3237,1,16327,"Zone 3"
"Clinical Neuropsychologist",3238,1,16328,"Zone 3"
"Clinical Nuclear Medicine",3239,1,16329,"Zone 3"
"Clinical Nutrition",3240,1,16330,"Zone 3"
"Clinical Pediatrics",3241,1,16331,"Zone 3"
"Clinical Perfusion for Cardiac Surgery A Step by Step Guide to the Fundamentals",3242,1,16332,"Zone 3"
"CLINICAL PRACTICE AND CASES IN EMERGENCY MEDICINE",3243,1,16333,"Zone 3"
"CLINICAL RESEARCH IN CARDIOLOGY : OFFICIAL JOURNAL OF THE GERMAN CARDIAC SOCIETY",3244,1,16334,"Zone 3"
"Clinical Science",3245,1,16335,"Zone 3"
"Clinical Small Animal Internal Medicine Volumes 1 2",3246,1,16336,"Zone 3"
"Clinical Spine Surgery",3247,1,16337,"Zone 3"
"CLINICAL THERAPEUTICS",3248,1,16338,"Zone 3"
"Clinical Toxicology",3249,1,16339,"Zone 3"
"Clinical Transplantation",3250,1,16340,"Zone 3"
"CLINICAL TRANSPLANTATION",3251,1,16341,"Zone 3"
"Clinics",3252,1,16342,"Zone 3"
"CLINICS (SAO PAULO, BRAZIL)",3253,1,16343,"Zone 3"
"Clinics and Practice",3254,1,16344,"Zone 3"
"Clinics in Chest Medicine",3255,1,16345,"Zone 3"
"Clinics in Perinatology",3256,1,16346,"Zone 3"
"Clinics in Sports Medicine",3257,1,16347,"Zone 3"
"CMAJ",3258,1,16348,"Zone 3"
"CMAJ Canadian Medical Association Journal",3259,1,16349,"Zone 3"
"CMES Computer Modeling in Engineering and Sciences",3260,1,16350,"Zone 3"
"CNS Drugs",3261,1,16351,"Zone 3"
"CNS DRUGS",3262,1,16352,"Zone 3"
"Coastal Disaster Risk Management in Bangladesh Vulnerability and Resilience",3263,1,16353,"Zone 3"
"Coatings",3264,1,16354,"Zone 3"
"Codas",3265,1,16355,"Zone 3"
"Cogent Food and Agriculture",3266,1,16356,"Zone 3"
"Cognitive and Behavioral Neurology",3267,1,16357,"Zone 3"
"Cognitive Computation",3268,1,16358,"Zone 3"
"Cognitive Neurodynamics",3269,1,16359,"Zone 3"
"COLLABORATIVE CAPACITY DEVELOPMENT TO COMPLEMENT STROKE REHABILITATION IN AFRICA",3270,1,16360,"Zone 3"
"Collegian",3271,1,16361,"Zone 3"
"Collegium Antropologicum",3272,1,16362,"Zone 3"
"COLLOIDS AND SURFACES. B, BIOINTERFACES",3273,1,16363,"Zone 3"
"Communications in Mathematical Biology and Neuroscience",3274,1,16364,"Zone 3"
"COMPARATIVE BIOCHEMISTRY AND PHYSIOLOGY. PART A, MOLECULAR & INTEGRATIVE PHYSIOLOGY",3275,1,16365,"Zone 3"
"Complementary Therapies in Clinical Practice",3276,1,16366,"Zone 3"
"COMPLEMENTARY THERAPIES IN CLINICAL PRACTICE",3277,1,16367,"Zone 3"
"Complementary Therapies in Medicine",3278,1,16368,"Zone 3"
"COMPLEMENTARY THERAPIES IN MEDICINE",3279,1,16369,"Zone 3"
"Composites Communications",3280,1,16370,"Zone 3"
"Computational Biology and Chemistry",3281,1,16371,"Zone 3"
"COMPUTATIONAL BIOLOGY AND CHEMISTRY",3282,1,16372,"Zone 3"
"Computational Intelligence and Neuroscience",3283,1,16373,"Zone 3"
"Computational Urban Science",3284,1,16374,"Zone 3"
"Computer Communications",3285,1,16375,"Zone 3"
"Computer Engineering and Applications",3286,1,16376,"Zone 3"
"Computer Graphics Forum",3287,1,16377,"Zone 3"
"Computer Methods and Programs in Biomedicine Update",3288,1,16378,"Zone 3"
"Computer Methods in Biomechanics and Biomedical Engineering Imaging and Visualization",3289,1,16379,"Zone 3"
"Computer Networks",3290,1,16380,"Zone 3"
"Computer Science Research Notes",3291,1,16381,"Zone 3"
"Computer Science Review",3292,1,16382,"Zone 3"
"Computer Systems Science and Engineering",3293,1,16383,"Zone 3"
"Computers and Electrical Engineering",3294,1,16384,"Zone 3"
"Computing in Cardiology",3295,1,16385,"Zone 3"
"Concepts in Magnetic Resonance Part A Bridging Education and Research",3296,1,16386,"Zone 3"
"Conference Proceedings 10th IEEE International RF and Microwave Conference Rfm 2025",3297,1,16387,"Zone 3"
"Conference Proceedings 2025 4th International Conference on Advances in Computing Communication Embedded and Secure Systems Access 2025",3298,1,16388,"Zone 3"
"Conference Proceedings IEEE SOUTHEASTCON",3299,1,16389,"Zone 3"
"Conference Record IEEE Instrumentation and Measurement Technology Conference",3300,1,16390,"Zone 3"
"Conference Record of the IEEE Photovoltaic Specialists Conference",3301,1,16391,"Zone 3"
"Construction Research Congress 2022 Health and Safety Workforce and Education Selected Papers from Construction Research Congress 2022",3302,1,16392,"Zone 3"
"Construction Research Congress 2026 Advanced Technologies Artificial Intelligence and Data Analytics in Construction Selected Papers from Construction Research Congress 2026",3303,1,16393,"Zone 3"
"Consultant",3304,1,16394,"Zone 3"
"Contemporary Cardiology",3305,1,16395,"Zone 3"
"Contemporary Clinical Trials Communications",3306,1,16396,"Zone 3"
"Control Engineering Practice",3307,1,16397,"Zone 3"
"Controversies in Neurocritical Care",3308,1,16398,"Zone 3"
"Coordination Chemistry Reviews",3309,1,16399,"Zone 3"
"Cor Et Vasa",3310,1,16400,"Zone 3"
"CORTEX; A JOURNAL DEVOTED TO THE STUDY OF THE NERVOUS SYSTEM AND BEHAVIOR",3311,1,16401,"Zone 3"
"Covid 19 Airway Management and Ventilation Strategy for Critically Ill Older Patients",3312,1,16402,"Zone 3"
"Covid 19 Impacts on Health and Health Systems",3313,1,16403,"Zone 3"
"Covid 19 in the Environment Impact Concerns and Management of Coronavirus",3314,1,16404,"Zone 3"
"Critical Care Clinics",3315,1,16405,"Zone 3"
"CRITICAL CARE EXPLORATIONS",3316,1,16406,"Zone 3"
"Critical Care Nursing Clinics of North America",3317,1,16407,"Zone 3"
"CRITICAL CARE NURSING CLINICS OF NORTH AMERICA",3318,1,16408,"Zone 3"
"Critical Care Science",3319,1,16409,"Zone 3"
"Critical Pathways in Cardiology",3320,1,16410,"Zone 3"
"Critical Reviews in Biomedical Engineering",3321,1,16411,"Zone 3"
"Critical Reviews in Environmental Science and Technology",3322,1,16412,"Zone 3"
"Cryobiology",3323,1,16413,"Zone 3"
"Csr Sustainability Ethics and Governance",3324,1,16414,"Zone 3"
"Cuestiones De Fisioterapia",3325,1,16415,"Zone 3"
"Current Anesthesiology Reports",3326,1,16416,"Zone 3"
"CURRENT CARDIOLOGY REPORTS",3327,1,16417,"Zone 3"
"Current Cardiovascular Imaging Reports",3328,1,16418,"Zone 3"
"Current Clinical Neurology",3329,1,16419,"Zone 3"
"Current Computer Aided Drug Design",3330,1,16420,"Zone 3"
"Current Genomics",3331,1,16421,"Zone 3"
"Current Heart Failure Reports",3332,1,16422,"Zone 3"
"Current Hypertension Reviews",3333,1,16423,"Zone 3"
"Current Journal of Neurology",3334,1,16424,"Zone 3"
"Current Medical Science",3335,1,16425,"Zone 3"
"CURRENT MEDICAL SCIENCE",3336,1,16426,"Zone 3"
"Current Molecular Medicine",3337,1,16427,"Zone 3"
"CURRENT NEUROPHARMACOLOGY",3338,1,16428,"Zone 3"
"CURRENT NUTRITION REPORTS",3339,1,16429,"Zone 3"
"Current Opinion in Behavioral Sciences",3340,1,16430,"Zone 3"
"CURRENT OPINION IN CRITICAL CARE",3341,1,16431,"Zone 3"
"Current Opinion in Neurology",3342,1,16432,"Zone 3"
"CURRENT OPINION IN NEUROLOGY",3343,1,16433,"Zone 3"
"Current Opinion in Pediatrics",3344,1,16434,"Zone 3"
"CURRENT OPINION IN PEDIATRICS",3345,1,16435,"Zone 3"
"Current Opinion in Pulmonary Medicine",3346,1,16436,"Zone 3"
"Current Orthopaedic Practice",3347,1,16437,"Zone 3"
"Current Pediatric Research",3348,1,16438,"Zone 3"
"Current Pediatrics Reports",3349,1,16439,"Zone 3"
"Current Pharmaceutical Analysis",3350,1,16440,"Zone 3"
"CURRENT PHARMACEUTICAL BIOTECHNOLOGY",3351,1,16441,"Zone 3"
"CURRENT PROTEIN & PEPTIDE SCIENCE",3352,1,16442,"Zone 3"
"Current Protein and Peptide Science",3353,1,16443,"Zone 3"
"Current Research in Physiology",3354,1,16444,"Zone 3"
"Current Respiratory Medicine Reviews",3355,1,16445,"Zone 3"
"CURRENT STEM CELL RESEARCH & THERAPY",3356,1,16446,"Zone 3"
"Current Stem Cell Research and Therapy",3357,1,16447,"Zone 3"
"Current Topics in Behavioral Neurosciences",3358,1,16448,"Zone 3"
"Current Topics in Microbiology and Immunology",3359,1,16449,"Zone 3"
"CURRENT TOPICS IN MICROBIOLOGY AND IMMUNOLOGY",3360,1,16450,"Zone 3"
"Current Traditional Medicine",3361,1,16451,"Zone 3"
"CURRENT TREATMENT OPTIONS IN NEUROLOGY",3362,1,16452,"Zone 3"
"Current Trends and Advances in Computer Aided Intelligent Environmental Data Engineering A Volume in Intelligent Data Centric Systems",3363,1,16453,"Zone 3"
"Current Tropical Medicine Reports",3364,1,16454,"Zone 3"
"CURRENT VASCULAR PHARMACOLOGY",3365,1,16455,"Zone 3"
"Danish Medical Journal",3366,1,16456,"Zone 3"
"Data Analytics in Bioinformatics A Machine Learning Perspective",3367,1,16457,"Zone 3"
"Decision Analytics Journal",3368,1,16458,"Zone 3"
"Demonstratio Mathematica",3369,1,16459,"Zone 3"
"Dental Sleep Medicine A Clinical Guide",3370,1,16460,"Zone 3"
"Dermatology",3371,1,16461,"Zone 3"
"Dermatology and Therapy",3372,1,16462,"Zone 3"
"Desalination and Water Treatment",3373,1,16463,"Zone 3"
"Designed Monomers and Polymers",3374,1,16464,"Zone 3"
"DESIGNED MONOMERS AND POLYMERS",3375,1,16465,"Zone 3"
"Deutsche Medizinische Wochenschrift",3376,1,16466,"Zone 3"
"DEUTSCHES ARZTEBLATT INTERNATIONAL",3377,1,16467,"Zone 3"
"Developmental Medicine and Child Neurology",3378,1,16468,"Zone 3"
"DEVELOPMENTAL MEDICINE AND CHILD NEUROLOGY",3379,1,16469,"Zone 3"
"Diabetes and Metabolic Syndrome Clinical Research and Reviews",3380,1,16470,"Zone 3"
"DIABETES CARE",3381,1,16471,"Zone 3"
"Diabetes Metabolic Syndrome and Obesity",3382,1,16472,"Zone 3"
"Diabetes Therapy",3383,1,16473,"Zone 3"
"Diabetic Medicine",3384,1,16474,"Zone 3"
"DIABETIC MEDICINE : A JOURNAL OF THE BRITISH DIABETIC ASSOCIATION",3385,1,16475,"Zone 3"
"Diabetologia",3386,1,16476,"Zone 3"
"DIABETOLOGIA",3387,1,16477,"Zone 3"
"Diagnostic and Interventional Imaging",3388,1,16478,"Zone 3"
"DIAGNOSTIC AND INTERVENTIONAL IMAGING",3389,1,16479,"Zone 3"
"DIAGNOSTIC AND INTERVENTIONAL RADIOLOGY (ANKARA, TURKEY)",3390,1,16480,"Zone 3"
"Diagnostic Pathology",3391,1,16481,"Zone 3"
"DIAGNOSTIC PATHOLOGY",3392,1,16482,"Zone 3"
"Diagnostyka",3393,1,16483,"Zone 3"
"Dialogues in Health",3394,1,16484,"Zone 3"
"DIALOGUES IN HEALTH",3395,1,16485,"Zone 3"
"Dianji Yu Kongzhi Xuebao Electric Machines and Control",3396,1,16486,"Zone 3"
"Dianli Xitong Zidonghua Automation of Electric Power Systems",3397,1,16487,"Zone 3"
"Dianzi Keji Daxue Xuebao Journal of the University of Electronic Science and Technology of China",3398,1,16488,"Zone 3"
"Dianzi Yu Xinxi Xuebao Journal of Electronics and Information Technology",3399,1,16489,"Zone 3"
"Digest of Technical Papers IEEE International Conference on Consumer Electronics",3400,1,16490,"Zone 3"
"Digestive Diseases",3401,1,16491,"Zone 3"
"Digital Applications in Archaeology and Cultural Heritage",3402,1,16492,"Zone 3"
"Digital Chemical Engineering",3403,1,16493,"Zone 3"
"Digital Health",3404,1,16494,"Zone 3"
"DIGITAL HEALTH",3405,1,16495,"Zone 3"
"Dili Yanjiu",3406,1,16496,"Zone 3"
"Dimensions of Critical Care Nursing",3407,1,16497,"Zone 3"
"DIMENSIONS OF CRITICAL CARE NURSING : DCCN",3408,1,16498,"Zone 3"
"Disabilities",3409,1,16499,"Zone 3"
"Disability and Rehabilitation Assistive Technology",3410,1,16500,"Zone 3"
"Disaster Advances",3411,1,16501,"Zone 3"
"Discover Applied Sciences",3412,1,16502,"Zone 3"
"Discover Computing",3413,1,16503,"Zone 3"
"Discover Materials",3414,1,16504,"Zone 3"
"Diseases",3415,1,16505,"Zone 3"
"DISEASES (BASEL, SWITZERLAND)",3416,1,16506,"Zone 3"
"Displays",3417,1,16507,"Zone 3"
"Diyala Journal of Medicine",3418,1,16508,"Zone 3"
"Dlcv 2026 2026 IEEE 3rd International Conference on Deep Learning and Computer Vision",3419,1,16509,"Zone 3"
"Dongnan Daxue Xuebao Ziran Kexue Ban Journal of Southeast University Natural Science Edition",3420,1,16510,"Zone 3"
"Drones",3421,1,16511,"Zone 3"
"DRUG AND ALCOHOL DEPENDENCE",3422,1,16512,"Zone 3"
"Drug and Therapeutics Bulletin",3423,1,16513,"Zone 3"
"DRUG DISCOVERIES & THERAPEUTICS",3424,1,16514,"Zone 3"
"Drug Discovery Today",3425,1,16515,"Zone 3"
"DRUG DISCOVERY TODAY",3426,1,16516,"Zone 3"
"Drug Evaluation Research",3427,1,16517,"Zone 3"
"Drug Target Insights",3428,1,16518,"Zone 3"
"Drug Topics",3429,1,16519,"Zone 3"
"Drugs and Aging",3430,1,16520,"Zone 3"
"Dubai Medical Journal",3431,1,16521,"Zone 3"
"Dyes and Pigments",3432,1,16522,"Zone 3"
"Dyna Colombia",3433,1,16523,"Zone 3"
"Dynamics of Systems Mechanisms and Machines Dynamics 2024 International Scientific and Technical Conference Proceedings",3434,1,16524,"Zone 3"
"Eabr Experimental and Applied Biomedical Research",3435,1,16525,"Zone 3"
"Eai Endorsed Transactions on Industrial Networks and Intelligent Systems",3436,1,16526,"Zone 3"
"Ear and Hearing",3437,1,16527,"Zone 3"
"Earth and Space Science",3438,1,16528,"Zone 3"
"Earth Sciences Research Journal",3439,1,16529,"Zone 3"
"Earth Switzerland",3440,1,16530,"Zone 3"
"Earth System Science Data",3441,1,16531,"Zone 3"
"EARTH SYSTEMS AND ENVIRONMENT",3442,1,16532,"Zone 3"
"Earthquake Engineering and Engineering Vibration",3443,1,16533,"Zone 3"
"Eastern Mediterranean Health Journal",3444,1,16534,"Zone 3"
"EASTERN MEDITERRANEAN HEALTH JOURNAL = LA REVUE DE SANTE DE LA MEDITERRANEE ORIENTALE = AL-MAJALLAH AL-SIHHIYAH LI-SHARQ AL-MUTAWASSIT",3445,1,16535,"Zone 3"
"Eco Mont",3446,1,16536,"Zone 3"
"Ecological Engineering and Environmental Technology",3447,1,16537,"Zone 3"
"Ecological Questions",3448,1,16538,"Zone 3"
"Ecological Safety and Balanced Use of Resources",3449,1,16539,"Zone 3"
"Economics and Human Biology",3450,1,16540,"Zone 3"
"ECONOMICS AND HUMAN BIOLOGY",3451,1,16541,"Zone 3"
"Ecs Journal of Solid State Science and Technology",3452,1,16542,"Zone 3"
"Ecti Transactions on Computer and Information Technology",3453,1,16543,"Zone 3"
"Educating the Young Child",3454,1,16544,"Zone 3"
"Eeccis 2020 2020 10th Electrical Power Electronics Communications Controls and Informatics Seminar",3455,1,16545,"Zone 3"
"Egyptian Journal of Community Medicine Egypt",3456,1,16546,"Zone 3"
"Ejnmmi Radiopharmacy and Chemistry",3457,1,16547,"Zone 3"
"Ejves Vascular Forum",3458,1,16548,"Zone 3"
"Electrical Measurement and Instrumentation",3459,1,16549,"Zone 3"
"Electrolyte and Blood Pressure",3460,1,16550,"Zone 3"
"Electronic Journal of General Medicine",3461,1,16551,"Zone 3"
"Elgar Encyclopedia of Transport and Society",3462,1,16552,"Zone 3"
"EMA Emergency Medicine Australasia",3463,1,16553,"Zone 3"
"Emerald Emerging Markets Case Studies",3464,1,16554,"Zone 3"
"Emergency and Critical Care Medicine",3465,1,16555,"Zone 3"
"EMERGENCY MEDICINE AUSTRALASIA : EMA",3466,1,16556,"Zone 3"
"Emergency Medicine Board Review",3467,1,16557,"Zone 3"
"EMERGENCY MEDICINE CLINICS OF NORTH AMERICA",3468,1,16558,"Zone 3"
"Emergency Medicine Journal",3469,1,16559,"Zone 3"
"EMERGENCY MEDICINE JOURNAL : EMJ",3470,1,16560,"Zone 3"
"EMERGENCY MEDICINE PRACTICE",3471,1,16561,"Zone 3"
"EMERGENCY NURSE : THE JOURNAL OF THE RCN ACCIDENT AND EMERGENCY NURSING ASSOCIATION",3472,1,16562,"Zone 3"
"EMERGENCY RADIOLOGY",3473,1,16563,"Zone 3"
"Emerging Technologies for Sustainable and Smart Energy",3474,1,16564,"Zone 3"
"Emotional Intelligence Driven Engineering",3475,1,16565,"Zone 3"
"Encephale",3476,1,16566,"Zone 3"
"Encyclopedia",3477,1,16567,"Zone 3"
"Encyclopedia of Cardiovascular Research and Medicine",3478,1,16568,"Zone 3"
"Encyclopedia of Fish Physiology",3479,1,16569,"Zone 3"
"Encyclopedia of Smart Materials",3480,1,16570,"Zone 3"
"Encyclopedia of the Neurological Sciences",3481,1,16571,"Zone 3"
"ENDOCRINE, METABOLIC & IMMUNE DISORDERS DRUG TARGETS",3482,1,16572,"Zone 3"
"Endocrinology and Metabolism Clinics of North America",3483,1,16573,"Zone 3"
"Endokrynologia Polska",3484,1,16574,"Zone 3"
"Energy and Buildings",3485,1,16575,"Zone 3"
"Energy Engineering Journal of the Association of Energy Engineering",3486,1,16576,"Zone 3"
"Energy Environment Efficiency Resources Globalization",3487,1,16577,"Zone 3"
"Energy Nexus",3488,1,16578,"Zone 3"
"Energy Research and Social Science",3489,1,16579,"Zone 3"
"Energy Transition Climate Action and Sustainable Agriculture Perspectives and Strategies for Africa",3490,1,16580,"Zone 3"
"Engineered Science",3491,1,16581,"Zone 3"
"Engineering",3492,1,16582,"Zone 3"
"Engineering Analysis with Boundary Elements",3493,1,16583,"Zone 3"
"Engineering Fracture Mechanics",3494,1,16584,"Zone 3"
"Engineering Letters",3495,1,16585,"Zone 3"
"Engineering Methods for Precipitation Under A Changing Climate",3496,1,16586,"Zone 3"
"Engineering Proceedings",3497,1,16587,"Zone 3"
"Engineering Structures",3498,1,16588,"Zone 3"
"Engineering with Computers",3499,1,16589,"Zone 3"
"ENGINEERING WITH COMPUTERS",3500,1,16590,"Zone 3"
"Environment and Ecology Research",3501,1,16591,"Zone 3"
"Environment and Water Engineering",3502,1,16592,"Zone 3"
"Environment Development and Sustainability",3503,1,16593,"Zone 3"
"Environmental and Climate Technologies",3504,1,16594,"Zone 3"
"Environmental and Sustainability Indicators",3505,1,16595,"Zone 3"
"Environmental Chemistry",3506,1,16596,"Zone 3"
"ENVIRONMENTAL CHEMISTRY LETTERS",3507,1,16597,"Zone 3"
"Environmental Development",3508,1,16598,"Zone 3"
"Environmental Emergencies and Injuries in Nature",3509,1,16599,"Zone 3"
"Environmental Engineering Research",3510,1,16600,"Zone 3"
"Environmental Forensics",3511,1,16601,"Zone 3"
"Environmental Health Engineering and Management",3512,1,16602,"Zone 3"
"Environmental Science Advances",3513,1,16603,"Zone 3"
"Environmental Science Technology",3514,1,16604,"Zone 3"
"Environmental Science Water Research and Technology",3515,1,16605,"Zone 3"
"Environmental Sciences Europe",3516,1,16606,"Zone 3"
"Environmental Stressors and Oxinflammatory Tissue Responses",3517,1,16607,"Zone 3"
"ENVIRONMENTAL TECHNOLOGY",3518,1,16608,"Zone 3"
"Environmental Toxicants and Lifestyle Diseases",3519,1,16609,"Zone 3"
"Environmental Toxicology",3520,1,16610,"Zone 3"
"Environmentally Sustainable Primary Care Good for the Planet Good for Practices Good for Patients",3521,1,16611,"Zone 3"
"Epidemiologia",3522,1,16612,"Zone 3"
"Epilepsy and Behavior Reports",3523,1,16613,"Zone 3"
"EPILEPSY RESEARCH",3524,1,16614,"Zone 3"
"EPJ Web of Conferences",3525,1,16615,"Zone 3"
"Eqa",3526,1,16616,"Zone 3"
"Equilibrium Research",3527,1,16617,"Zone 3"
"Equine Sports Medicine and Surgery Basic and Clinical Sciences of the Equine Athlete Third Edition",3528,1,16618,"Zone 3"
"Equine Veterinary Journal",3529,1,16619,"Zone 3"
"Es Materials and Manufacturing",3530,1,16620,"Zone 3"
"Esaform 2021 24th International Conference on Material Forming",3531,1,16621,"Zone 3"
"Essentials of Evidence Based Practice of Neuroanesthesia and Neurocritical Care",3532,1,16622,"Zone 3"
"Ethics Medicine and Public Health",3533,1,16623,"Zone 3"
"Etransportation",3534,1,16624,"Zone 3"
"Eurasian Journal of Medicine",3535,1,16625,"Zone 3"
"Eurasip Journal on Image and Video Processing",3536,1,16626,"Zone 3"
"Eureka Physics and Engineering",3537,1,16627,"Zone 3"
"Euro Mediterranean Journal for Environmental Integration",3538,1,16628,"Zone 3"
"Eurographics Italian Chapter Proceedings Smart Tools and Applications in Graphics Stag",3539,1,16629,"Zone 3"
"Eurointervention",3540,1,16630,"Zone 3"
"EUROINTERVENTION : JOURNAL OF EUROPCR IN COLLABORATION WITH THE WORKING GROUP ON INTERVENTIONAL CARDIOLOGY OF THE EUROPEAN SOCIETY OF CARDIOLOGY",3541,1,16631,"Zone 3"
"European Archives of Psychiatry and Clinical Neuroscience",3542,1,16632,"Zone 3"
"European Endodontic Journal",3543,1,16633,"Zone 3"
"EUROPEAN ENDODONTIC JOURNAL",3544,1,16634,"Zone 3"
"European Heart Journal Cardiovascular Pharmacotherapy",3545,1,16635,"Zone 3"
"EUROPEAN HEART JOURNAL. CARDIOVASCULAR PHARMACOTHERAPY",3546,1,16636,"Zone 3"
"European Journal of Cancer Prevention",3547,1,16637,"Zone 3"
"EUROPEAN JOURNAL OF CELL BIOLOGY",3548,1,16638,"Zone 3"
"European Journal of Clinical and Experimental Medicine",3549,1,16639,"Zone 3"
"EUROPEAN JOURNAL OF CLINICAL MICROBIOLOGY & INFECTIOUS DISEASES : OFFICIAL PUBLICATION OF THE EUROPEAN SOCIETY OF CLINICAL MICROBIOLOGY",3550,1,16640,"Zone 3"
"European Journal of Dermatology",3551,1,16641,"Zone 3"
"European Journal of Emergency Medicine",3552,1,16642,"Zone 3"
"EUROPEAN JOURNAL OF ENDOCRINOLOGY",3553,1,16643,"Zone 3"
"European Journal of Health Economics",3554,1,16644,"Zone 3"
"European Journal of Human Genetics",3555,1,16645,"Zone 3"
"European Journal of Human Movement",3556,1,16646,"Zone 3"
"European Journal of Medical Genetics",3557,1,16647,"Zone 3"
"European Journal of Nuclear Medicine and Molecular Imaging",3558,1,16648,"Zone 3"
"EUROPEAN JOURNAL OF NUCLEAR MEDICINE AND MOLECULAR IMAGING",3559,1,16649,"Zone 3"
"European Journal of Obstetrics and Gynecology and Reproductive Biology",3560,1,16650,"Zone 3"
"European Journal of Ophthalmology",3561,1,16651,"Zone 3"
"EUROPEAN JOURNAL OF PAEDIATRIC NEUROLOGY : EJPN : OFFICIAL JOURNAL OF THE EUROPEAN PAEDIATRIC NEUROLOGY SOCIETY",3562,1,16652,"Zone 3"
"European Journal of Pain",3563,1,16653,"Zone 3"
"EUROPEAN JOURNAL OF PAIN (LONDON, ENGLAND)",3564,1,16654,"Zone 3"
"European Journal of Pharmaceutical Sciences",3565,1,16655,"Zone 3"
"EUROPEAN JOURNAL OF PHARMACEUTICAL SCIENCES : OFFICIAL JOURNAL OF THE EUROPEAN FEDERATION FOR PHARMACEUTICAL SCIENCES",3566,1,16656,"Zone 3"
"European Journal of Physics",3567,1,16657,"Zone 3"
"European Journal of Prosthodontics and Restorative Dentistry",3568,1,16658,"Zone 3"
"European Journal of Public Health",3569,1,16659,"Zone 3"
"EUROPEAN JOURNAL OF SPORT SCIENCE",3570,1,16660,"Zone 3"
"European Physical Journal Special Topics",3571,1,16661,"Zone 3"
"European Society for Precision Engineering and Nanotechnology Conference Proceedings 22nd International Conference and Exhibition Euspen 2022",3572,1,16662,"Zone 3"
"European Urology",3573,1,16663,"Zone 3"
"EVIDENCE-BASED COMPLEMENTARY AND ALTERNATIVE MEDICINE : ECAM",3574,1,16664,"Zone 3"
"Evolution Medicine and Public Health",3575,1,16665,"Zone 3"
"Evolutionary Applications",3576,1,16666,"Zone 3"
"EVOLUTIONARY APPLICATIONS",3577,1,16667,"Zone 3"
"Evolutionary Manufacturing Design and Operational Practices for Resource and Environmental Sustainability",3578,1,16668,"Zone 3"
"EWHA MEDICAL JOURNAL",3579,1,16669,"Zone 3"
"Excli Journal",3580,1,16670,"Zone 3"
"EXCLI JOURNAL",3581,1,16671,"Zone 3"
"Exercise and Sport Sciences Reviews",3582,1,16672,"Zone 3"
"EXPERIMENTAL & MOLECULAR MEDICINE",3583,1,16673,"Zone 3"
"Experimental and Clinical Transplantation",3584,1,16674,"Zone 3"
"EXPERIMENTAL AND CLINICAL TRANSPLANTATION : OFFICIAL JOURNAL OF THE MIDDLE EAST SOCIETY FOR ORGAN TRANSPLANTATION",3585,1,16675,"Zone 3"
"Experimental Animals",3586,1,16676,"Zone 3"
"EXPERIMENTAL GERONTOLOGY",3587,1,16677,"Zone 3"
"Experimental Mechanics",3588,1,16678,"Zone 3"
"Experimental Thermal and Fluid Science",3589,1,16679,"Zone 3"
"Expert Opinion on Drug Delivery",3590,1,16680,"Zone 3"
"Expert Review of Neurotherapeutics",3591,1,16681,"Zone 3"
"EXPERT REVIEW OF NEUROTHERAPEUTICS",3592,1,16682,"Zone 3"
"Expert Review of Pharmacoeconomics and Outcomes Research",3593,1,16683,"Zone 3"
"EXPERT REVIEW OF VACCINES",3594,1,16684,"Zone 3"
"Exploring Synergies and Trade Offs Between Climate Change and the Sustainable Development Goals",3595,1,16685,"Zone 3"
"Extracellular Fine Particles",3596,1,16686,"Zone 3"
"EYE (LONDON, ENGLAND)",3597,1,16687,"Zone 3"
"Faguang Xuebao Chinese Journal of Luminescence",3598,1,16688,"Zone 3"
"Family Medicine and Primary Care Review",3599,1,16689,"Zone 3"
"Family Medicine Principles and Practice Eighth Edition",3600,1,16690,"Zone 3"
"Family Practice",3601,1,16691,"Zone 3"
"FASEB BIOADVANCES",3602,1,16692,"Zone 3"
"Fast Track in Cardiac Anesthesia Cardiac Surgery in the Era of Eras",3603,1,16693,"Zone 3"
"Fatigue in Multiple Sclerosis Background Clinic Diagnostic Therapy",3604,1,16694,"Zone 3"
"Fayoum University Medical Journal",3605,1,16695,"Zone 3"
"Ferri S Clinical Advisor 2023",3606,1,16696,"Zone 3"
"Fibres and Textiles in Eastern Europe",3607,1,16697,"Zone 3"
"Field Crops Research",3608,1,16698,"Zone 3"
"Filozofska Istrazivanja",3609,1,16699,"Zone 3"
"FISH PHYSIOLOGY AND BIOCHEMISTRY",3610,1,16700,"Zone 3"
"Fishes",3611,1,16701,"Zone 3"
"Fluctuation and Noise Letters",3612,1,16702,"Zone 3"
"Fluids and Barriers of the CNS",3613,1,16703,"Zone 3"
"FLUIDS AND BARRIERS OF THE CNS",3614,1,16704,"Zone 3"
"Folia Pharmacologica Japonica",3615,1,16705,"Zone 3"
"FOOD & FUNCTION",3616,1,16706,"Zone 3"
"FOOD AND CHEMICAL TOXICOLOGY : AN INTERNATIONAL JOURNAL PUBLISHED FOR THE BRITISH INDUSTRIAL BIOLOGICAL RESEARCH ASSOCIATION",3617,1,16707,"Zone 3"
"Food and Fermentation Industries",3618,1,16708,"Zone 3"
"Food and Nutrition Research",3619,1,16709,"Zone 3"
"Food Hydrocolloids for Health",3620,1,16710,"Zone 3"
"Food Research International",3621,1,16711,"Zone 3"
"Food Science and Human Wellness",3622,1,16712,"Zone 3"
"Foods",3623,1,16713,"Zone 3"
"Forensic Science International",3624,1,16714,"Zone 3"
"FORENSIC SCIENCE INTERNATIONAL",3625,1,16715,"Zone 3"
"Forests",3626,1,16716,"Zone 3"
"Formosan Journal of Surgery",3627,1,16717,"Zone 3"
"Fortschritte Der Neurologie Psychiatrie",3628,1,16718,"Zone 3"
"Free Neuropathology",3629,1,16719,"Zone 3"
"Frontiers in Artificial Intelligence and Applications",3630,1,16720,"Zone 3"
"Frontiers in Biomedical Technologies",3631,1,16721,"Zone 3"
"Frontiers in Bioscience Landmark",3632,1,16722,"Zone 3"
"Frontiers in Built Environment",3633,1,16723,"Zone 3"
"FRONTIERS IN CELLULAR AND INFECTION MICROBIOLOGY",3634,1,16724,"Zone 3"
"Frontiers in Chemical Engineering",3635,1,16725,"Zone 3"
"FRONTIERS IN CHEMISTRY",3636,1,16726,"Zone 3"
"Frontiers in Computational Neuroscience",3637,1,16727,"Zone 3"
"Frontiers in Dementia",3638,1,16728,"Zone 3"
"Frontiers in Digital Health",3639,1,16729,"Zone 3"
"FRONTIERS IN ENDOCRINOLOGY",3640,1,16730,"Zone 3"
"Frontiers in Environmental Health",3641,1,16731,"Zone 3"
"FRONTIERS IN ENVIRONMENTAL HEALTH",3642,1,16732,"Zone 3"
"FRONTIERS IN GENETICS",3643,1,16733,"Zone 3"
"Frontiers in Health Services",3644,1,16734,"Zone 3"
"FRONTIERS IN HEALTH SERVICES",3645,1,16735,"Zone 3"
"Frontiers in Integrative Neuroscience",3646,1,16736,"Zone 3"
"Frontiers in Marine Science",3647,1,16737,"Zone 3"
"Frontiers in Mechanical Engineering",3648,1,16738,"Zone 3"
"Frontiers in Microbiomes",3649,1,16739,"Zone 3"
"FRONTIERS IN MICROBIOMES",3650,1,16740,"Zone 3"
"Frontiers in Neuroimaging",3651,1,16741,"Zone 3"
"FRONTIERS IN NEUROIMAGING",3652,1,16742,"Zone 3"
"Frontiers in Nutrition",3653,1,16743,"Zone 3"
"Frontiers in Ophthalmology",3654,1,16744,"Zone 3"
"FRONTIERS IN OPHTHALMOLOGY",3655,1,16745,"Zone 3"
"Frontiers in Pain Research",3656,1,16746,"Zone 3"
"FRONTIERS IN PAIN RESEARCH (LAUSANNE, SWITZERLAND)",3657,1,16747,"Zone 3"
"FRONTIERS IN PEDIATRICS",3658,1,16748,"Zone 3"
"Frontiers in Physics",3659,1,16749,"Zone 3"
"Frontiers in Psychology",3660,1,16750,"Zone 3"
"FRONTIERS IN PSYCHOLOGY",3661,1,16751,"Zone 3"
"FRONTIERS IN RADIOLOGY",3662,1,16752,"Zone 3"
"Frontiers in Sports and Active Living",3663,1,16753,"Zone 3"
"FRONTIERS IN SYSTEMS NEUROSCIENCE",3664,1,16754,"Zone 3"
"Fruits and Vegetables Technologies Postharvest Processing and Packaging",3665,1,16755,"Zone 3"
"Fudan University Journal of Medical Sciences",3666,1,16756,"Zone 3"
"Fuhrman and Zimmerman S Pediatric Critical Care",3667,1,16757,"Zone 3"
"FUJITA MEDICAL JOURNAL",3668,1,16758,"Zone 3"
"Functional Ecology",3669,1,16759,"Zone 3"
"Fundamentals of Pediatric Neuroanesthesia",3670,1,16760,"Zone 3"
"Future Cardiology",3671,1,16761,"Zone 3"
"Future Science Oa",3672,1,16762,"Zone 3"
"Future Transportation",3673,1,16763,"Zone 3"
"Future Virology",3674,1,16764,"Zone 3"
"Gaofenzi Cailiao Kexue Yu Gongcheng Polymeric Materials Science and Engineering",3675,1,16765,"Zone 3"
"Gases",3676,1,16766,"Zone 3"
"GASTROENTEROLOGIA Y HEPATOLOGIA",3677,1,16767,"Zone 3"
"Gastroenterology Research and Practice",3678,1,16768,"Zone 3"
"GENE",3679,1,16769,"Zone 3"
"GENERAL THORACIC AND CARDIOVASCULAR SURGERY",3680,1,16770,"Zone 3"
"GENES",3681,1,16771,"Zone 3"
"Genetics and Molecular Research",3682,1,16772,"Zone 3"
"Genetics in Medicine",3683,1,16773,"Zone 3"
"GENETICS IN MEDICINE : OFFICIAL JOURNAL OF THE AMERICAN COLLEGE OF MEDICAL GENETICS",3684,1,16774,"Zone 3"
"GENOMICS",3685,1,16775,"Zone 3"
"Geochemistry International",3686,1,16776,"Zone 3"
"Geoenergy Science and Engineering",3687,1,16777,"Zone 3"
"Geographische Rundschau",3688,1,16778,"Zone 3"
"Geography Environment Sustainability",3689,1,16779,"Zone 3"
"Geojournal",3690,1,16780,"Zone 3"
"Geospatial Health",3691,1,16781,"Zone 3"
"GEOSPATIAL HEALTH",3692,1,16782,"Zone 3"
"Geriatric Orthopaedic Surgery and Rehabilitation",3693,1,16783,"Zone 3"
"German Journal of Exercise and Sport Research",3694,1,16784,"Zone 3"
"GERONTOLOGY",3695,1,16785,"Zone 3"
"GEROSCIENCE",3696,1,16786,"Zone 3"
"GLOBAL CHALLENGES (HOBOKEN, NJ)",3697,1,16787,"Zone 3"
"Global Food Security",3698,1,16788,"Zone 3"
"Global Social Welfare",3699,1,16789,"Zone 3"
"Global Spine Journal",3700,1,16790,"Zone 3"
"Globalization and Health",3701,1,16791,"Zone 3"
"Gornyi Zhurnal",3702,1,16792,"Zone 3"
"GRAEFE'S ARCHIVE FOR CLINICAL AND EXPERIMENTAL OPHTHALMOLOGY = ALBRECHT VON GRAEFES ARCHIV FUR KLINISCHE UND EXPERIMENTELLE OPHTHALMOLOGIE",3703,1,16793,"Zone 3"
"Grain and Oil Science and Technology",3704,1,16794,"Zone 3"
"Green Technologies and Sustainability",3705,1,16795,"Zone 3"
"Greenhouse Gases Science and Technology",3706,1,16796,"Zone 3"
"Guangdian Gongcheng Opto Electronic Engineering",3707,1,16797,"Zone 3"
"Guangxue Jingmi Gongcheng Optics and Precision Engineering",3708,1,16798,"Zone 3"
"Guangzi Xuebao Acta Photonica Sinica",3709,1,16799,"Zone 3"
"Gumushane Universitesi Fen Bilimleri Dergisi",3710,1,16800,"Zone 3"
"Gut Microbes",3711,1,16801,"Zone 3"
"Haematologica",3712,1,16802,"Zone 3"
"Hamostaseologie",3713,1,16803,"Zone 3"
"Handbook of Behavioral Neuroscience",3714,1,16804,"Zone 3"
"HANDBOOK OF CLINICAL NEUROLOGY",3715,1,16805,"Zone 3"
"Handbook of Decision Support Systems for Neurological Disorders",3716,1,16806,"Zone 3"
"Handbook of Ecological and Ecosystem Engineering",3717,1,16807,"Zone 3"
"Handbook of Environmental Chemistry",3718,1,16808,"Zone 3"
"Handbook of Global Health with 362 Figures and 152 Tables",3719,1,16809,"Zone 3"
"Handbook of Hormones Comparative Endocrinology for Basic and Clinical Research",3720,1,16810,"Zone 3"
"Handbook of Neurodegenerative Disorders",3721,1,16811,"Zone 3"
"Handbook of Occupational Safety and Health Fourth Edition",3722,1,16812,"Zone 3"
"Handbook of Social Sciences and Global Public Health",3723,1,16813,"Zone 3"
"Hazardous Chemicals Overview Toxicological Profile Challenges and Future Perspectives",3724,1,16814,"Zone 3"
"He Jishu Nuclear Techniques",3725,1,16815,"Zone 3"
"HEADACHE",3726,1,16816,"Zone 3"
"Health and Environmental Effects of Ambient Air Pollution Volume 1 Air Pollution Human Health and the Environment",3727,1,16817,"Zone 3"
"Health Biotechnology and Biopharma",3728,1,16818,"Zone 3"
"Health Effects of Indoor Air Pollution Volume 2 Air Pollution Human Health and the Environment",3729,1,16819,"Zone 3"
"Health in Emergencies and Disasters Quarterly",3730,1,16820,"Zone 3"
"Health of People Health of Planet and Our Responsibility Climate Change Air Pollution and Health",3731,1,16821,"Zone 3"
"Health Physics",3732,1,16822,"Zone 3"
"HEALTH PHYSICS",3733,1,16823,"Zone 3"
"Health Policy and Planning",3734,1,16824,"Zone 3"
"HEALTH PROMOTION AND CHRONIC DISEASE PREVENTION IN CANADA : RESEARCH, POLICY AND PRACTICE",3735,1,16825,"Zone 3"
"Health Reports",3736,1,16826,"Zone 3"
"HEALTH REPORTS",3737,1,16827,"Zone 3"
"HEALTH SCIENCE REPORTS",3738,1,16828,"Zone 3"
"HEALTH TECHNOLOGY ASSESSMENT (WINCHESTER, ENGLAND)",3739,1,16829,"Zone 3"
"Health Technology Assessment Winchester England",3740,1,16830,"Zone 3"
"Healthcare Technology Letters",3741,1,16831,"Zone 3"
"Healthy Buildings 2023 Asia and Pacific Rim",3742,1,16832,"Zone 3"
"HEART RHYTHM",3743,1,16833,"Zone 3"
"HEART RHYTHM O2",3744,1,16834,"Zone 3"
"Heart Transplantation",3745,1,16835,"Zone 3"
"Heart Vessels and Transplantation",3746,1,16836,"Zone 3"
"Heat and Mass Transfer Waerme Und Stoffuebertragung",3747,1,16837,"Zone 3"
"HELLENIC JOURNAL OF CARDIOLOGY : HJC = HELLENIKE KARDIOLOGIKE EPITHEORESE",3748,1,16838,"Zone 3"
"Hemasphere",3749,1,16839,"Zone 3"
"Hematology United Kingdom",3750,1,16840,"Zone 3"
"Hereditas",3751,1,16841,"Zone 3"
"Heritage Science",3752,1,16842,"Zone 3"
"HERZ",3753,1,16843,"Zone 3"
"High Altitude Medicine and Biology",3754,1,16844,"Zone 3"
"HIGH BLOOD PRESSURE & CARDIOVASCULAR PREVENTION : THE OFFICIAL JOURNAL OF THE ITALIAN SOCIETY OF HYPERTENSION",3755,1,16845,"Zone 3"
"HIPERTENSION Y RIESGO VASCULAR",3756,1,16846,"Zone 3"
"Hirosaki Medical Journal",3757,1,16847,"Zone 3"
"Hong Kong Medical Journal",3758,1,16848,"Zone 3"
"Horizons in Neuroscience Research",3759,1,16849,"Zone 3"
"Hospital Practice",3760,1,16850,"Zone 3"
"Hot Takes Every Journalists Guide to Covering Climate Change",3761,1,16851,"Zone 3"
"Huadong Ligong Daxue Xuebao Journal of East China University of Science and Technology",3762,1,16852,"Zone 3"
"Huaxue Gongcheng Chemical Engineering China",3763,1,16853,"Zone 3"
"HUMAN BRAIN MAPPING",3764,1,16854,"Zone 3"
"Human Factors in Challenging Environments from Thermal Comfort to G Force Exposure",3765,1,16855,"Zone 3"
"HUMAN GENOMICS",3766,1,16856,"Zone 3"
"Hydrogen Energy Systems Advancing Sustainable Power Solutions",3767,1,16857,"Zone 3"
"Hygiene and Environmental Health Advances",3768,1,16858,"Zone 3"
"HYPERTENSION RESEARCH : OFFICIAL JOURNAL OF THE JAPANESE SOCIETY OF HYPERTENSION",3769,1,16859,"Zone 3"
"Ibrain",3770,1,16860,"Zone 3"
"IBRAIN",3771,1,16861,"Zone 3"
"Ibro Reports",3772,1,16862,"Zone 3"
"Iccds 2024 International Conference on Computing and Data Science",3773,1,16863,"Zone 3"
"Iccm International Conferences on Composite Materials",3774,1,16864,"Zone 3"
"ICE Manual of Health and Safety in Construction Health Hazard Control",3775,1,16865,"Zone 3"
"Ichec 2025 Adjunct Proceedings of the International Conference on Human Engaged Computing",3776,1,16866,"Zone 3"
"Iciea 2022 Proceedings of the 17th IEEE Conference on Industrial Electronics and Applications",3777,1,16867,"Zone 3"
"Iclass 2018 14th International Conference on Liquid Atomization and Spray Systems",3778,1,16868,"Zone 3"
"Iclp 2022 36th International Conference on Lightning Protection",3779,1,16869,"Zone 3"
"Iclr 2022 10th International Conference on Learning Representations",3780,1,16870,"Zone 3"
"Icmr 2021 Proceedings of the 2021 International Conference on Multimedia Retrieval",3781,1,16871,"Zone 3"
"Icmr 2026 Proceedings of the 16th ACM International Conference on Multimedia Retrieval",3782,1,16872,"Zone 3"
"Icset 2023 2023 IEEE 13th International Conference on System Engineering and Technology Proceeding",3783,1,16873,"Zone 3"
"Icu Protocols A Step Wise Approach Vol I",3784,1,16874,"Zone 3"
"IEEE ... INTERNATIONAL CONFERENCE ON REHABILITATION ROBOTICS : [PROCEEDINGS]",3785,1,16875,"Zone 3"
"IEEE ACM Transactions on Computational Biology and Bioinformatics",3786,1,16876,"Zone 3"
"IEEE Electron Device Letters",3787,1,16877,"Zone 3"
"IEEE International Conference on Communication Networks and Satellite Comnetsat",3788,1,16878,"Zone 3"
"IEEE International Conference on Electronic Systems and Intelligent Computing Icesic 2026 Proceedings",3789,1,16879,"Zone 3"
"IEEE International Conference on Industrial Engineering and Engineering Management",3790,1,16880,"Zone 3"
"IEEE International Conference on Rehabilitation Robotics",3791,1,16881,"Zone 3"
"IEEE International Symposium on Medical Measurements and Applications Memea",3792,1,16882,"Zone 3"
"IEEE Journal of Microwaves",3793,1,16883,"Zone 3"
"IEEE Journal of Selected Topics in Applied Earth Observations and Remote Sensing",3794,1,16884,"Zone 3"
"IEEE JOURNAL OF TRANSLATIONAL ENGINEERING IN HEALTH AND MEDICINE",3795,1,16885,"Zone 3"
"IEEE Multimedia",3796,1,16886,"Zone 3"
"IEEE Open Journal of Engineering in Medicine and Biology",3797,1,16887,"Zone 3"
"IEEE Open Journal of Ultrasonics Ferroelectrics and Frequency Control",3798,1,16888,"Zone 3"
"IEEE OPEN JOURNAL OF ULTRASONICS, FERROELECTRICS, AND FREQUENCY CONTROL",3799,1,16889,"Zone 3"
"IEEE Region 10 Annual International Conference Proceedings TENCON",3800,1,16890,"Zone 3"
"IEEE Transactions on Antennas and Propagation",3801,1,16891,"Zone 3"
"IEEE Transactions on Biomedical Circuits and Systems",3802,1,16892,"Zone 3"
"IEEE TRANSACTIONS ON BIOMEDICAL CIRCUITS AND SYSTEMS",3803,1,16893,"Zone 3"
"IEEE Transactions on Circuits and Systems for Video Technology",3804,1,16894,"Zone 3"
"IEEE Transactions on Cognitive and Developmental Systems",3805,1,16895,"Zone 3"
"IEEE Transactions on Components Packaging and Manufacturing Technology",3806,1,16896,"Zone 3"
"IEEE Transactions on Computational Imaging",3807,1,16897,"Zone 3"
"IEEE Transactions on Computational Social Systems",3808,1,16898,"Zone 3"
"IEEE Transactions on Cybernetics",3809,1,16899,"Zone 3"
"IEEE TRANSACTIONS ON CYBERNETICS",3810,1,16900,"Zone 3"
"IEEE Transactions on Dependable and Secure Computing",3811,1,16901,"Zone 3"
"IEEE Transactions on Dielectrics and Electrical Insulation",3812,1,16902,"Zone 3"
"IEEE Transactions on Geoscience and Remote Sensing",3813,1,16903,"Zone 3"
"IEEE Transactions on Human Machine Systems",3814,1,16904,"Zone 3"
"IEEE Transactions on Image Processing",3815,1,16905,"Zone 3"
"IEEE TRANSACTIONS ON IMAGE PROCESSING : A PUBLICATION OF THE IEEE SIGNAL PROCESSING SOCIETY",3816,1,16906,"Zone 3"
"IEEE Transactions on Industry Applications",3817,1,16907,"Zone 3"
"IEEE Transactions on Medical Robotics and Bionics",3818,1,16908,"Zone 3"
"IEEE Transactions on Microwave Theory and Techniques",3819,1,16909,"Zone 3"
"IEEE Transactions on Mobile Computing",3820,1,16910,"Zone 3"
"IEEE Transactions on Nanobioscience",3821,1,16911,"Zone 3"
"IEEE TRANSACTIONS ON NANOBIOSCIENCE",3822,1,16912,"Zone 3"
"IEEE Transactions on Neural Networks and Learning Systems",3823,1,16913,"Zone 3"
"IEEE TRANSACTIONS ON NEURAL NETWORKS AND LEARNING SYSTEMS",3824,1,16914,"Zone 3"
"IEEE Transactions on Visualization and Computer Graphics",3825,1,16915,"Zone 3"
"IEEE TRANSACTIONS ON VISUALIZATION AND COMPUTER GRAPHICS",3826,1,16916,"Zone 3"
"IEEE/ACM TRANSACTIONS ON COMPUTATIONAL BIOLOGY AND BIOINFORMATICS",3827,1,16917,"Zone 3"
"Iemtronics 2020 International Iot Electronics and Mechatronics Conference Proceedings",3828,1,16918,"Zone 3"
"Iet Cyber Systems and Robotics",3829,1,16919,"Zone 3"
"Iet Image Processing",3830,1,16920,"Zone 3"
"Iet Signal Processing",3831,1,16921,"Zone 3"
"IFIP Advances in Information and Communication Technology",3832,1,16922,"Zone 3"
"Ijcai International Joint Conference on Artificial Intelligence",3833,1,16923,"Zone 3"
"Imaging Science Journal",3834,1,16924,"Zone 3"
"Immunity Inflammation and Disease",3835,1,16925,"Zone 3"
"IMMUNITY, INFLAMMATION AND DISEASE",3836,1,16926,"Zone 3"
"Implementation Science Communications",3837,1,16927,"Zone 3"
"IMPLEMENTATION SCIENCE COMMUNICATIONS",3838,1,16928,"Zone 3"
"In Practice",3839,1,16929,"Zone 3"
"Incas Bulletin",3840,1,16930,"Zone 3"
"Indian Drugs",3841,1,16931,"Zone 3"
"Indian Journal of Animal Research",3842,1,16932,"Zone 3"
"Indian Journal of Cardiovascular Disease in Women Wincars",3843,1,16933,"Zone 3"
"Indian Journal of Chemical Technology",3844,1,16934,"Zone 3"
"Indian Journal of Clinical Anaesthesia",3845,1,16935,"Zone 3"
"INDIAN JOURNAL OF CRITICAL CARE MEDICINE : PEER-REVIEWED, OFFICIAL PUBLICATION OF INDIAN SOCIETY OF CRITICAL CARE MEDICINE",3846,1,16936,"Zone 3"
"Indian Journal of Dermatology",3847,1,16937,"Zone 3"
"Indian Journal of Forensic Medicine and Toxicology",3848,1,16938,"Zone 3"
"Indian Journal of Geo Marine Sciences",3849,1,16939,"Zone 3"
"Indian Journal of Occupational and Environmental Medicine",3850,1,16940,"Zone 3"
"Indian Journal of Pain",3851,1,16941,"Zone 3"
"Indian Journal of Pediatrics",3852,1,16942,"Zone 3"
"Indian Journal of Physics",3853,1,16943,"Zone 3"
"INDIAN JOURNAL OF PUBLIC HEALTH",3854,1,16944,"Zone 3"
"Indian Journal of Surgery",3855,1,16945,"Zone 3"
"Indian Journal of Tuberculosis",3856,1,16946,"Zone 3"
"INDIAN PACING AND ELECTROPHYSIOLOGY JOURNAL",3857,1,16947,"Zone 3"
"Indiana Journal of Global Legal Studies",3858,1,16948,"Zone 3"
"Indonesian Journal of Electrical Engineering and Informatics",3859,1,16949,"Zone 3"
"INDOOR AIR",3860,1,16950,"Zone 3"
"INDUSTRIAL HEALTH",3861,1,16951,"Zone 3"
"Industry 4 0 and Intelligent Business Analytics for Healthcare",3862,1,16952,"Zone 3"
"Infectious Disease Reports",3863,1,16953,"Zone 3"
"Infectious Diseases",3864,1,16954,"Zone 3"
"Infectious Diseases in Clinical Practice",3865,1,16955,"Zone 3"
"Infectious Medicine",3866,1,16956,"Zone 3"
"Infezioni in Medicina",3867,1,16957,"Zone 3"
"Inflammation and Regeneration",3868,1,16958,"Zone 3"
"INFLAMMATION AND REGENERATION",3869,1,16959,"Zone 3"
"Inflammation Research",3870,1,16960,"Zone 3"
"Inflammatory Bowel Diseases",3871,1,16961,"Zone 3"
"INFLUENZA AND OTHER RESPIRATORY VIRUSES",3872,1,16962,"Zone 3"
"Informatics in Medicine Unlocked",3873,1,16963,"Zone 3"
"Information Technology and Control",3874,1,16964,"Zone 3"
"Infrared and Laser Engineering",3875,1,16965,"Zone 3"
"Injury and Health Risk Management in Sports A Guide to Decision Making",3876,1,16966,"Zone 3"
"Injury Epidemiology",3877,1,16967,"Zone 3"
"INNOVATIONS (PHILADELPHIA, PA.)",3878,1,16968,"Zone 3"
"Innovative Renewable Energy",3879,1,16969,"Zone 3"
"Innovative Surgical Sciences",3880,1,16970,"Zone 3"
"INNOVATIVE SURGICAL SCIENCES",3881,1,16971,"Zone 3"
"Inra Productions Animales",3882,1,16972,"Zone 3"
"Integrated Technologies in Electrical Electronics and Biotechnology Engineering",3883,1,16973,"Zone 3"
"Integrating Metaheuristics in Computer Vision for Real World Optimization Problems",3884,1,16974,"Zone 3"
"Integrative Medicine Research",3885,1,16975,"Zone 3"
"Intelligence and Robotics",3886,1,16976,"Zone 3"
"Intelligent Automation and Soft Computing",3887,1,16977,"Zone 3"
"Intelligent Data Analysis from Data Gathering to Data Comprehension",3888,1,16978,"Zone 3"
"Intelligent Medicine",3889,1,16979,"Zone 3"
"Intelligent Service Robotics",3890,1,16980,"Zone 3"
"Intelligent Systems Reference Library",3891,1,16981,"Zone 3"
"INTENSIVE & CRITICAL CARE NURSING",3892,1,16982,"Zone 3"
"Intensive and Critical Care Nursing",3893,1,16983,"Zone 3"
"Interactions",3894,1,16984,"Zone 3"
"INTERACTIVE CARDIOVASCULAR AND THORACIC SURGERY",3895,1,16985,"Zone 3"
"Intercarto Intergis",3896,1,16986,"Zone 3"
"Interdisciplinary Toxicology",3897,1,16987,"Zone 3"
"INTERNAL MEDICINE JOURNAL",3898,1,16988,"Zone 3"
"International Arab Journal of Information Technology",3899,1,16989,"Zone 3"
"International Conference on Advances in Biomedical Engineering Icabme",3900,1,16990,"Zone 3"
"International Conference on Computational Robotics Testing and Engineering Evaluation Iccrtee 2025",3901,1,16991,"Zone 3"
"International Conference on Computer and Communication Engineering Technology Ccet",3902,1,16992,"Zone 3"
"International Conference on Computing Intelligence and Application Ciacon 2025",3903,1,16993,"Zone 3"
"International Conference on Control Automation and Systems",3904,1,16994,"Zone 3"
"International Conference on Cybernetics and Innovations Icci 2023",3905,1,16995,"Zone 3"
"International Conference on Emerging Trends in Engineering and Technology Icetet",3906,1,16996,"Zone 3"
"International Conference on Innovations in Communication Geoscience and Robotics Icicgr 2026",3907,1,16997,"Zone 3"
"International Conference on Intelligent and Sustainable AI Systems Icosaas 2026 Conference Proceedings",3908,1,16998,"Zone 3"
"International Conference on Intelligent Processing Hardware Electronics and Radio Systems Cipher 2026",3909,1,16999,"Zone 3"
"International Conference on Parallel Distributed and Grid Computing Pdgc",3910,1,17000,"Zone 3"
"International Conference on Robotics Electrical and Signal Processing Techniques",3911,1,17001,"Zone 3"
"International Conference on Shape Memory and Superelastic Technologies Smst 2024",3912,1,17002,"Zone 3"
"International Conference on Smart Systems for Applications in Electrical Sciences Icsses 2023",3913,1,17003,"Zone 3"
"International Conference on Solid State Sensors Actuators and Microsystems Transducers",3914,1,17004,"Zone 3"
"International Emergency Nursing",3915,1,17005,"Zone 3"
"INTERNATIONAL EMERGENCY NURSING",3916,1,17006,"Zone 3"
"International Exchange and Innovation Conference on Engineering and Sciences",3917,1,17007,"Zone 3"
"International Journal for Equity in Health",3918,1,17008,"Zone 3"
"International Journal for Simulation and Multidisciplinary Design Optimization",3919,1,17009,"Zone 3"
"International Journal of Academic Medicine",3920,1,17010,"Zone 3"
"International Journal of Advanced and Applied Sciences",3921,1,17011,"Zone 3"
"International Journal of Advanced Research in Engineering and Technology",3922,1,17012,"Zone 3"
"International Journal of Aerospace Engineering",3923,1,17013,"Zone 3"
"International Journal of Air Conditioning and Refrigeration",3924,1,17014,"Zone 3"
"International Journal of Analytical Chemistry",3925,1,17015,"Zone 3"
"International Journal of Applied Electromagnetics and Mechanics",3926,1,17016,"Zone 3"
"International Journal of Applied Mathematics",3927,1,17017,"Zone 3"
"International Journal of Applied Mechanics and Engineering",3928,1,17018,"Zone 3"
"International Journal of Athletic Therapy and Training",3929,1,17019,"Zone 3"
"International Journal of Automation Technology",3930,1,17020,"Zone 3"
"International Journal of Biological Sciences",3931,1,17021,"Zone 3"
"INTERNATIONAL JOURNAL OF BIOLOGICAL SCIENCES",3932,1,17022,"Zone 3"
"International Journal of Bipolar Disorders",3933,1,17023,"Zone 3"
"INTERNATIONAL JOURNAL OF BIPOLAR DISORDERS",3934,1,17024,"Zone 3"
"International Journal of Business Intelligence and Data Mining",3935,1,17025,"Zone 3"
"International Journal of Cancer",3936,1,17026,"Zone 3"
"INTERNATIONAL JOURNAL OF CARDIOLOGY. CARDIOVASCULAR RISK AND PREVENTION",3937,1,17027,"Zone 3"
"INTERNATIONAL JOURNAL OF CARDIOLOGY. HEART & VASCULATURE",3938,1,17028,"Zone 3"
"International Journal of Chemical Kinetics",3939,1,17029,"Zone 3"
"International Journal of Colorectal Disease",3940,1,17030,"Zone 3"
"INTERNATIONAL JOURNAL OF COLORECTAL DISEASE",3941,1,17031,"Zone 3"
"International Journal of Communication Systems",3942,1,17032,"Zone 3"
"International Journal of Computational and Experimental Science and Engineering",3943,1,17033,"Zone 3"
"International Journal of Control Automation and Systems",3944,1,17034,"Zone 3"
"International Journal of Current Research and Review",3945,1,17035,"Zone 3"
"International Journal of Developmental Neuroscience",3946,1,17036,"Zone 3"
"INTERNATIONAL JOURNAL OF DEVELOPMENTAL NEUROSCIENCE : THE OFFICIAL JOURNAL OF THE INTERNATIONAL SOCIETY FOR DEVELOPMENTAL NEUROSCIENCE",3947,1,17037,"Zone 3"
"International Journal of Diabetes in Developing Countries",3948,1,17038,"Zone 3"
"International Journal of Dynamics and Control",3949,1,17039,"Zone 3"
"International Journal of Electronics and Telecommunications",3950,1,17040,"Zone 3"
"International Journal of Emerging Technology and Advanced Engineering",3951,1,17041,"Zone 3"
"International Journal of Energy Technology and Policy",3952,1,17042,"Zone 3"
"International Journal of Engineering Transactions B Applications",3953,1,17043,"Zone 3"
"International Journal of Engineering Transactions C Aspects",3954,1,17044,"Zone 3"
"International Journal of Environment and Waste Management",3955,1,17045,"Zone 3"
"International Journal of Fatigue",3956,1,17046,"Zone 3"
"International Journal of Food Microbiology",3957,1,17047,"Zone 3"
"International Journal of Food Studies",3958,1,17048,"Zone 3"
"International Journal of Geomate",3959,1,17049,"Zone 3"
"International Journal of Geriatric Psychiatry",3960,1,17050,"Zone 3"
"International Journal of Global Warming",3961,1,17051,"Zone 3"
"INTERNATIONAL JOURNAL OF HEALTH GEOGRAPHICS",3962,1,17052,"Zone 3"
"International Journal of Imaging Systems and Technology",3963,1,17053,"Zone 3"
"International Journal of Infectious Diseases",3964,1,17054,"Zone 3"
"INTERNATIONAL JOURNAL OF INFECTIOUS DISEASES : IJID : OFFICIAL PUBLICATION OF THE INTERNATIONAL SOCIETY FOR INFECTIOUS DISEASES",3965,1,17055,"Zone 3"
"International Journal of Inflammation",3966,1,17056,"Zone 3"
"International Journal of Integrated Engineering",3967,1,17057,"Zone 3"
"International Journal of Intelligent Engineering and Systems",3968,1,17058,"Zone 3"
"International Journal of Intelligent Systems",3969,1,17059,"Zone 3"
"International Journal of Intelligent Systems and Applications in Engineering",3970,1,17060,"Zone 3"
"International Journal of Intelligent Systems Technologies and Applications",3971,1,17061,"Zone 3"
"International Journal of Laboratory Hematology",3972,1,17062,"Zone 3"
"INTERNATIONAL JOURNAL OF LANGUAGE & COMMUNICATION DISORDERS",3973,1,17063,"Zone 3"
"International Journal of Language and Communication Disorders",3974,1,17064,"Zone 3"
"International Journal of Lower Extremity Wounds",3975,1,17065,"Zone 3"
"International Journal of Mass Spectrometry",3976,1,17066,"Zone 3"
"International Journal of Mechanical and Production Engineering Research and Development",3977,1,17067,"Zone 3"
"International Journal of Mechanical Engineering and Robotics Research",3978,1,17068,"Zone 3"
"International Journal of Mechanics and Control",3979,1,17069,"Zone 3"
"International Journal of Modeling Simulation and Scientific Computing",3980,1,17070,"Zone 3"
"International Journal of Molecular Medicine",3981,1,17071,"Zone 3"
"INTERNATIONAL JOURNAL OF MOLECULAR MEDICINE",3982,1,17072,"Zone 3"
"International Journal of Morphology",3983,1,17073,"Zone 3"
"International Journal of Multiphase Flow",3984,1,17074,"Zone 3"
"International Journal of Neural Systems",3985,1,17075,"Zone 3"
"INTERNATIONAL JOURNAL OF NEURAL SYSTEMS",3986,1,17076,"Zone 3"
"International Journal of Neuropsychopharmacology",3987,1,17077,"Zone 3"
"INTERNATIONAL JOURNAL OF NURSING KNOWLEDGE",3988,1,17078,"Zone 3"
"International Journal of Nursing Studies Advances",3989,1,17079,"Zone 3"
"INTERNATIONAL JOURNAL OF NURSING STUDIES ADVANCES",3990,1,17080,"Zone 3"
"International Journal of Nutrition Pharmacology Neurological Diseases",3991,1,17081,"Zone 3"
"International Journal of Obstetric Anesthesia",3992,1,17082,"Zone 3"
"INTERNATIONAL JOURNAL OF OCCUPATIONAL MEDICINE AND ENVIRONMENTAL HEALTH",3993,1,17083,"Zone 3"
"International Journal of Occupational Safety and Ergonomics",3994,1,17084,"Zone 3"
"INTERNATIONAL JOURNAL OF OCCUPATIONAL SAFETY AND ERGONOMICS : JOSE",3995,1,17085,"Zone 3"
"International Journal of Online and Biomedical Engineering",3996,1,17086,"Zone 3"
"International Journal of Optomechatronics",3997,1,17087,"Zone 3"
"International Journal of Pediatrics and Adolescent Medicine",3998,1,17088,"Zone 3"
"International Journal of Pharmaceutical Investigation",3999,1,17089,"Zone 3"
"International Journal of Pharmaceutical Quality Assurance",4000,1,17090,"Zone 3"
"International Journal of Pharmaceutical Research",4001,1,17091,"Zone 3"
"International Journal of Pharmaceutical Sciences and Nanotechnology",4002,1,17092,"Zone 3"
"INTERNATIONAL JOURNAL OF PHARMACEUTICS",4003,1,17093,"Zone 3"
"International Journal of Powertrains",4004,1,17094,"Zone 3"
"International Journal of Psychophysiology",4005,1,17095,"Zone 3"
"INTERNATIONAL JOURNAL OF QUALITATIVE STUDIES ON HEALTH AND WELL-BEING",4006,1,17096,"Zone 3"
"International Journal of Qualitative Studies on Health and Well Being",4007,1,17097,"Zone 3"
"International Journal of Radiation Research",4008,1,17098,"Zone 3"
"International Journal of Renewable Energy Development",4009,1,17099,"Zone 3"
"INTERNATIONAL JOURNAL OF RHEUMATIC DISEASES",4010,1,17100,"Zone 3"
"International Journal of Robotics and Control Systems",4011,1,17101,"Zone 3"
"International Journal of Simulation and Process Modelling",4012,1,17102,"Zone 3"
"International Journal of Smart and Nano Materials",4013,1,17103,"Zone 3"
"International Journal of Solids and Structures",4014,1,17104,"Zone 3"
"International Journal of Sports Medicine",4015,1,17105,"Zone 3"
"International Journal of Sports Physical Therapy",4016,1,17106,"Zone 3"
"International Journal of Structural Stability and Dynamics",4017,1,17107,"Zone 3"
"International Journal of Surgery London England",4018,1,17108,"Zone 3"
"International Journal of Surgery Open",4019,1,17109,"Zone 3"
"International Journal of Technology",4020,1,17110,"Zone 3"
"International Journal of Thermodynamics",4021,1,17111,"Zone 3"
"International Journal of Transgender Health",4022,1,17112,"Zone 3"
"International Journal of Vascular Medicine",4023,1,17113,"Zone 3"
"INTERNATIONAL JOURNAL OF VASCULAR MEDICINE",4024,1,17114,"Zone 3"
"International Journal of Wildland Fire",4025,1,17115,"Zone 3"
"INTERNATIONAL JOURNAL OF WOMEN'S HEALTH",4026,1,17116,"Zone 3"
"International Journal of Women S Health",4027,1,17117,"Zone 3"
"International Journal on Advanced Science Engineering and Information Technology",4028,1,17118,"Zone 3"
"International Journal on Informatics Visualization",4029,1,17119,"Zone 3"
"International Journal on Smart Sensing and Intelligent Systems",4030,1,17120,"Zone 3"
"International Maritime Health",4031,1,17121,"Zone 3"
"International Ophthalmology",4032,1,17122,"Zone 3"
"International Petroleum Technology Conference Iptc 2022",4033,1,17123,"Zone 3"
"International Review of Mechanical Engineering",4034,1,17124,"Zone 3"
"International Review of Neurobiology",4035,1,17125,"Zone 3"
"International Review of Psychiatry",4036,1,17126,"Zone 3"
"International Seminar on Orc Power Systems",4037,1,17127,"Zone 3"
"International Transactions on Electrical Energy Systems",4038,1,17128,"Zone 3"
"INTERNATIONAL UROLOGY AND NEPHROLOGY",4039,1,17129,"Zone 3"
"INTERNATIONAL WOUND JOURNAL",4040,1,17130,"Zone 3"
"International Youth Conference on Radio Electronics Electrical and Power Engineering Reepe",4041,1,17131,"Zone 3"
"Into Ta A Comprehensive Textbook on Transactional Analysis Second Edition",4042,1,17132,"Zone 3"
"Inventions",4043,1,17133,"Zone 3"
"Investigaciones Geograficas",4044,1,17134,"Zone 3"
"Investigative Magnetic Resonance Imaging",4045,1,17135,"Zone 3"
"Investigative Ophthalmology and Visual Science",4046,1,17136,"Zone 3"
"Ip Indian Journal of Immunology and Respiratory Medicine",4047,1,17137,"Zone 3"
"Iran Journal of Computer Science",4048,1,17138,"Zone 3"
"Iranian Journal of Basic Medical Sciences",4049,1,17139,"Zone 3"
"Iranian Journal of Biotechnology",4050,1,17140,"Zone 3"
"Iranian Journal of Public Health",4051,1,17141,"Zone 3"
"IRANIAN JOURNAL OF PUBLIC HEALTH",4052,1,17142,"Zone 3"
"Iranian Journal of Radiology",4053,1,17143,"Zone 3"
"Iranian Journal of Science and Technology Transactions of Electrical Engineering",4054,1,17144,"Zone 3"
"Iranian Journal of Science and Technology Transactions of Mechanical Engineering",4055,1,17145,"Zone 3"
"Iranian Rehabilitation Journal",4056,1,17146,"Zone 3"
"IRISH JOURNAL OF MEDICAL SCIENCE",4057,1,17147,"Zone 3"
"Irish Medical Journal",4058,1,17148,"Zone 3"
"Iron and Steel Technology",4059,1,17149,"Zone 3"
"Ischemic Injury A Molecular Insight",4060,1,17150,"Zone 3"
"Ischemic Stroke Therapeutics A Comprehensive Guide",4061,1,17151,"Zone 3"
"Isci 2021 2021 IEEE Symposium on Computers and Informatics",4062,1,17152,"Zone 3"
"Ised 2025 13th International Conference on Intelligent Systems and Embedded Design Proceedings",4063,1,17153,"Zone 3"
"Isemc 2025 8th International Symposium on Electromagnetic Compatibility Proceedings",4064,1,17154,"Zone 3"
"Isi Bilimi Ve Teknigi Dergisi Journal of Thermal Science and Technology",4065,1,17155,"Zone 3"
"ISPRS International Journal of Geo Information",4066,1,17156,"Zone 3"
"Isvs E Journal",4067,1,17157,"Zone 3"
"Italian Journal of Dermatology and Venereology",4068,1,17158,"Zone 3"
"Italian Journal of Vascular and Endovascular Surgery",4069,1,17159,"Zone 3"
"IUBMB LIFE",4070,1,17160,"Zone 3"
"Izvestiya Atmospheric and Oceanic Physics",4071,1,17161,"Zone 3"
"Jacc Cardiovascular Imaging",4072,1,17162,"Zone 3"
"JACC. CASE REPORTS",4073,1,17163,"Zone 3"
"Jaccp Journal of the American College of Clinical Pharmacy",4074,1,17164,"Zone 3"
"JAMA Health Forum",4075,1,17165,"Zone 3"
"JAMA HEALTH FORUM",4076,1,17166,"Zone 3"
"JAMA Otolaryngology Head and Neck Surgery",4077,1,17167,"Zone 3"
"JAMA PEDIATRICS",4078,1,17168,"Zone 3"
"Japanese Journal of Neurosurgery",4079,1,17169,"Zone 3"
"JBI EVIDENCE IMPLEMENTATION",4080,1,17170,"Zone 3"
"Jbi Evidence Synthesis",4081,1,17171,"Zone 3"
"Jbjs Case Connector",4082,1,17172,"Zone 3"
"JBJS CASE CONNECTOR",4083,1,17173,"Zone 3"
"Jilin Daxue Xuebao Gongxueban Journal of Jilin University Engineering and Technology Edition",4084,1,17174,"Zone 3"
"Jixie Gongcheng Xuebao Journal of Mechanical Engineering",4085,1,17175,"Zone 3"
"Jmir Aging",4086,1,17176,"Zone 3"
"JMIR AGING",4087,1,17177,"Zone 3"
"JMIR CARDIO",4088,1,17178,"Zone 3"
"Jmir Formative Research",4089,1,17179,"Zone 3"
"Jmir Medical Informatics",4090,1,17180,"Zone 3"
"JMIR MEDICAL INFORMATICS",4091,1,17181,"Zone 3"
"Jmir Mental Health",4092,1,17182,"Zone 3"
"Jmir Pediatrics and Parenting",4093,1,17183,"Zone 3"
"Jnccn Journal of the National Comprehensive Cancer Network",4094,1,17184,"Zone 3"
"Johns Hopkins APL Technical Digest Applied Physics Laboratory",4095,1,17185,"Zone 3"
"Joint Commission Journal on Quality and Patient Safety",4096,1,17186,"Zone 3"
"Jornal De Pediatria",4097,1,17187,"Zone 3"
"JORNAL DE PEDIATRIA",4098,1,17188,"Zone 3"
"JOURNAL DE MEDECINE VASCULAIRE",4099,1,17189,"Zone 3"
"Journal for Vascular Ultrasound",4100,1,17190,"Zone 3"
"Journal Francais D Ophtalmologie",4101,1,17191,"Zone 3"
"Journal of Acute Medicine",4102,1,17192,"Zone 3"
"JOURNAL OF ACUTE MEDICINE",4103,1,17193,"Zone 3"
"Journal of Adolescent Health",4104,1,17194,"Zone 3"
"Journal of Advanced Mechanical Design Systems and Manufacturing",4105,1,17195,"Zone 3"
"JOURNAL OF ADVANCED RESEARCH",4106,1,17196,"Zone 3"
"Journal of Advanced Research in Applied Mechanics",4107,1,17197,"Zone 3"
"Journal of Advanced Research in Applied Sciences and Engineering Technology",4108,1,17198,"Zone 3"
"Journal of Advances in Medical and Biomedical Research",4109,1,17199,"Zone 3"
"Journal of Aerospace Engineering",4110,1,17200,"Zone 3"
"Journal of Affective Disorders",4111,1,17201,"Zone 3"
"Journal of Aging and Health",4112,1,17202,"Zone 3"
"JOURNAL OF AGING AND HEALTH",4113,1,17203,"Zone 3"
"Journal of Agricultural and Food Chemistry",4114,1,17204,"Zone 3"
"JOURNAL OF AGRICULTURAL AND FOOD CHEMISTRY",4115,1,17205,"Zone 3"
"Journal of Agricultural Machinery",4116,1,17206,"Zone 3"
"Journal of Agricultural Meteorology",4117,1,17207,"Zone 3"
"Journal of Agrometeorology",4118,1,17208,"Zone 3"
"Journal of Allergy and Clinical Immunology in Practice",4119,1,17209,"Zone 3"
"Journal of Alloys and Metallurgical Systems",4120,1,17210,"Zone 3"
"Journal of Analytical Methods in Chemistry",4121,1,17211,"Zone 3"
"Journal of Angiotherapy",4122,1,17212,"Zone 3"
"Journal of AOAC International",4123,1,17213,"Zone 3"
"JOURNAL OF AOAC INTERNATIONAL",4124,1,17214,"Zone 3"
"Journal of Applied Animal Research",4125,1,17215,"Zone 3"
"Journal of Applied Clinical Medical Physics",4126,1,17216,"Zone 3"
"Journal of Applied Engineering Science",4127,1,17217,"Zone 3"
"Journal of Applied Fluid Mechanics",4128,1,17218,"Zone 3"
"Journal of Applied Physics",4129,1,17219,"Zone 3"
"Journal of Applied Remote Sensing",4130,1,17220,"Zone 3"
"Journal of Archaeological Science Reports",4131,1,17221,"Zone 3"
"Journal of Army Medical University",4132,1,17222,"Zone 3"
"Journal of Associated Medical Sciences",4133,1,17223,"Zone 3"
"Journal of Astronomical Telescopes Instruments and Systems",4134,1,17224,"Zone 3"
"Journal of Atmospheric and Solar Terrestrial Physics",4135,1,17225,"Zone 3"
"Journal of Atrial Fibrillation",4136,1,17226,"Zone 3"
"JOURNAL OF ATRIAL FIBRILLATION",4137,1,17227,"Zone 3"
"Journal of Babol University of Medical Sciences",4138,1,17228,"Zone 3"
"Journal of Basic and Clinical Physiology and Pharmacology",4139,1,17229,"Zone 3"
"JOURNAL OF BASIC AND CLINICAL PHYSIOLOGY AND PHARMACOLOGY",4140,1,17230,"Zone 3"
"Journal of Beijing Institute of Fashion Technology Natural Science Edition",4141,1,17231,"Zone 3"
"Journal of Beijing Institute of Technology English Edition",4142,1,17232,"Zone 3"
"Journal of Big Data",4143,1,17233,"Zone 3"
"JOURNAL OF BINOCULAR VISION AND OCULAR MOTILITY",4144,1,17234,"Zone 3"
"Journal of Bio and Tribo Corrosion",4145,1,17235,"Zone 3"
"JOURNAL OF BIOMECHANICAL ENGINEERING",4146,1,17236,"Zone 3"
"JOURNAL OF BIOMECHANICS",4147,1,17237,"Zone 3"
"JOURNAL OF BIOMEDICAL INFORMATICS",4148,1,17238,"Zone 3"
"JOURNAL OF BIOMEDICAL PHYSICS & ENGINEERING",4149,1,17239,"Zone 3"
"Journal of Biomedical Physics and Engineering",4150,1,17240,"Zone 3"
"Journal of Biomimetics Biomaterials and Biomedical Engineering",4151,1,17241,"Zone 3"
"JOURNAL OF BIOMOLECULAR STRUCTURE & DYNAMICS",4152,1,17242,"Zone 3"
"Journal of Biomolecular Structure and Dynamics",4153,1,17243,"Zone 3"
"JOURNAL OF BODYWORK AND MOVEMENT THERAPIES",4154,1,17244,"Zone 3"
"Journal of Bone and Joint Surgery",4155,1,17245,"Zone 3"
"Journal of Bone and Mineral Metabolism",4156,1,17246,"Zone 3"
"Journal of Bridge Engineering",4157,1,17247,"Zone 3"
"JOURNAL OF CACHEXIA, SARCOPENIA AND MUSCLE",4158,1,17248,"Zone 3"
"Journal of Cancer",4159,1,17249,"Zone 3"
"Journal of Cancer Policy",4160,1,17250,"Zone 3"
"JOURNAL OF CANCER RESEARCH AND CLINICAL ONCOLOGY",4161,1,17251,"Zone 3"
"JOURNAL OF CARDIOVASCULAR COMPUTED TOMOGRAPHY",4162,1,17252,"Zone 3"
"Journal of Cardiovascular Echography",4163,1,17253,"Zone 3"
"Journal of Cardiovascular Nursing",4164,1,17254,"Zone 3"
"Journal of Cardiovascular Pharmacology",4165,1,17255,"Zone 3"
"Journal of Cardiovascular Pharmacology and Therapeutics",4166,1,17256,"Zone 3"
"Journal of Cataract and Refractive Surgery",4167,1,17257,"Zone 3"
"JOURNAL OF CATARACT AND REFRACTIVE SURGERY",4168,1,17258,"Zone 3"
"Journal of Cell Science",4169,1,17259,"Zone 3"
"Journal of Cellular and Molecular Anesthesia",4170,1,17260,"Zone 3"
"JOURNAL OF CELLULAR AND MOLECULAR MEDICINE",4171,1,17261,"Zone 3"
"Journal of Cellular Physiology",4172,1,17262,"Zone 3"
"JOURNAL OF CELLULAR PHYSIOLOGY",4173,1,17263,"Zone 3"
"Journal of Central South University",4174,1,17264,"Zone 3"
"Journal of Ceramics",4175,1,17265,"Zone 3"
"Journal of Cetacean Research and Management",4176,1,17266,"Zone 3"
"Journal of Chemical and Engineering Data",4177,1,17267,"Zone 3"
"Journal of Chemical Neuroanatomy",4178,1,17268,"Zone 3"
"JOURNAL OF CHEMICAL NEUROANATOMY",4179,1,17269,"Zone 3"
"Journal of Chemical Reviews",4180,1,17270,"Zone 3"
"Journal of Chemical Technology and Biotechnology",4181,1,17271,"Zone 3"
"Journal of Chest Surgery",4182,1,17272,"Zone 3"
"JOURNAL OF CHEST SURGERY",4183,1,17273,"Zone 3"
"Journal of Child Neurology",4184,1,17274,"Zone 3"
"JOURNAL OF CHILD NEUROLOGY",4185,1,17275,"Zone 3"
"Journal of Chinese Agricultural Mechanization",4186,1,17276,"Zone 3"
"Journal of Chinese Pharmaceutical Sciences",4187,1,17277,"Zone 3"
"Journal of Chinese Physician",4188,1,17278,"Zone 3"
"JOURNAL OF CHROMATOGRAPHY. B, ANALYTICAL TECHNOLOGIES IN THE BIOMEDICAL AND LIFE SCIENCES",4189,1,17279,"Zone 3"
"Journal of Circadian Rhythms",4190,1,17280,"Zone 3"
"JOURNAL OF CIRCADIAN RHYTHMS",4191,1,17281,"Zone 3"
"Journal of Circuits Systems and Computers",4192,1,17282,"Zone 3"
"Journal of Climate",4193,1,17283,"Zone 3"
"Journal of Climate Change Research",4194,1,17284,"Zone 3"
"Journal of Clinical and Translational Science",4195,1,17285,"Zone 3"
"JOURNAL OF CLINICAL ANESTHESIA",4196,1,17286,"Zone 3"
"Journal of Clinical Biochemistry and Nutrition",4197,1,17287,"Zone 3"
"Journal of Clinical Cardiology",4198,1,17288,"Zone 3"
"Journal of Clinical Endocrinology and Metabolism",4199,1,17289,"Zone 3"
"JOURNAL OF CLINICAL HYPERTENSION (GREENWICH, CONN.)",4200,1,17290,"Zone 3"
"JOURNAL OF CLINICAL IMAGING SCIENCE",4201,1,17291,"Zone 3"
"Journal of Clinical Laboratory Analysis",4202,1,17292,"Zone 3"
"JOURNAL OF CLINICAL LABORATORY ANALYSIS",4203,1,17293,"Zone 3"
"Journal of Clinical Medicine of Kazakhstan",4204,1,17294,"Zone 3"
"JOURNAL OF CLINICAL MONITORING AND COMPUTING",4205,1,17295,"Zone 3"
"Journal of Clinical Neurophysiology",4206,1,17296,"Zone 3"
"Journal of Clinical Oncology",4207,1,17297,"Zone 3"
"JOURNAL OF CLINICAL ONCOLOGY : OFFICIAL JOURNAL OF THE AMERICAN SOCIETY OF CLINICAL ONCOLOGY",4208,1,17298,"Zone 3"
"Journal of Clinical Otorhinolaryngology Head and Neck Surgery",4209,1,17299,"Zone 3"
"Journal of Clinical Outcomes Management",4210,1,17300,"Zone 3"
"Journal of Clinical Periodontology",4211,1,17301,"Zone 3"
"Journal of Clinical Practice",4212,1,17302,"Zone 3"
"Journal of Clinical Psychiatry",4213,1,17303,"Zone 3"
"JOURNAL OF CLINICAL SLEEP MEDICINE : JCSM : OFFICIAL PUBLICATION OF THE AMERICAN ACADEMY OF SLEEP MEDICINE",4214,1,17304,"Zone 3"
"Journal of Clinical Tuberculosis and Other Mycobacterial Diseases",4215,1,17305,"Zone 3"
"JOURNAL OF CLINICAL ULTRASOUND : JCU",4216,1,17306,"Zone 3"
"JOURNAL OF CLINICAL VIROLOGY : THE OFFICIAL PUBLICATION OF THE PAN AMERICAN SOCIETY FOR CLINICAL VIROLOGY",4217,1,17307,"Zone 3"
"Journal of Cognitive Neuroscience",4218,1,17308,"Zone 3"
"JOURNAL OF COGNITIVE NEUROSCIENCE",4219,1,17309,"Zone 3"
"Journal of Communicable Diseases",4220,1,17310,"Zone 3"
"Journal of Comparative Economics",4221,1,17311,"Zone 3"
"Journal of Comparative Effectiveness Research",4222,1,17312,"Zone 3"
"Journal of Composite Materials",4223,1,17313,"Zone 3"
"Journal of Computational and Applied Research in Mechanical Engineering",4224,1,17314,"Zone 3"
"Journal of Computational Methods in Sciences and Engineering",4225,1,17315,"Zone 3"
"Journal of Computational Technologies",4226,1,17316,"Zone 3"
"JOURNAL OF COMPUTER ASSISTED TOMOGRAPHY",4227,1,17317,"Zone 3"
"Journal of Computing and Information Science in Engineering",4228,1,17318,"Zone 3"
"Journal of Contaminant Hydrology",4229,1,17319,"Zone 3"
"JOURNAL OF CONTAMINANT HYDROLOGY",4230,1,17320,"Zone 3"
"Journal of Continuing Education in Nursing",4231,1,17321,"Zone 3"
"JOURNAL OF CONTINUING EDUCATION IN NURSING",4232,1,17322,"Zone 3"
"JOURNAL OF CONTROLLED RELEASE : OFFICIAL JOURNAL OF THE CONTROLLED RELEASE SOCIETY",4233,1,17323,"Zone 3"
"Journal of Cosmology and Astroparticle Physics",4234,1,17324,"Zone 3"
"Journal of Critical Reviews",4235,1,17325,"Zone 3"
"Journal of Cryptologic Research",4236,1,17326,"Zone 3"
"Journal of Cutaneous Medicine and Surgery",4237,1,17327,"Zone 3"
"Journal of Dairy Science",4238,1,17328,"Zone 3"
"Journal of Diabetes and Metabolic Disorders",4239,1,17329,"Zone 3"
"Journal of Diabetes Research",4240,1,17330,"Zone 3"
"Journal of Diabetes Science and Technology",4241,1,17331,"Zone 3"
"Journal of Disaster and Risk",4242,1,17332,"Zone 3"
"Journal of Discrete Mathematical Sciences and Cryptography",4243,1,17333,"Zone 3"
"Journal of Dispersion Science and Technology",4244,1,17334,"Zone 3"
"Journal of Earth System Science",4245,1,17335,"Zone 3"
"Journal of Ecohumanism",4246,1,17336,"Zone 3"
"JOURNAL OF EDUCATION & TEACHING IN EMERGENCY MEDICINE",4247,1,17337,"Zone 3"
"Journal of Education and Health Promotion",4248,1,17338,"Zone 3"
"JOURNAL OF EDUCATION AND HEALTH PROMOTION",4249,1,17339,"Zone 3"
"Journal of Electrical Bioimpedance",4250,1,17340,"Zone 3"
"JOURNAL OF ELECTRICAL BIOIMPEDANCE",4251,1,17341,"Zone 3"
"JOURNAL OF ELECTROCARDIOLOGY",4252,1,17342,"Zone 3"
"Journal of Electrochemical Energy Conversion and Storage",4253,1,17343,"Zone 3"
"Journal of Electronic Measurement and Instrumentation",4254,1,17344,"Zone 3"
"Journal of Electrostatics",4255,1,17345,"Zone 3"
"Journal of Emergency Nursing",4256,1,17346,"Zone 3"
"Journal of Enabling Technologies",4257,1,17347,"Zone 3"
"Journal of Endocrinological Investigation",4258,1,17348,"Zone 3"
"Journal of Endovascular Therapy",4259,1,17349,"Zone 3"
"Journal of Energy Engineering",4260,1,17350,"Zone 3"
"Journal of Energy in Southern Africa",4261,1,17351,"Zone 3"
"Journal of Energy Resources Technology",4262,1,17352,"Zone 3"
"Journal of Engineering and Sustainable Development",4263,1,17353,"Zone 3"
"Journal of Engineering and Technology for Industrial Applications",4264,1,17354,"Zone 3"
"Journal of Engineering for Sustainable Buildings and Cities",4265,1,17355,"Zone 3"
"Journal of Engineering Iraq",4266,1,17356,"Zone 3"
"Journal of Engineering Mechanics",4267,1,17357,"Zone 3"
"Journal of Engineering Physics and Thermophysics",4268,1,17358,"Zone 3"
"Journal of Engineering Science and Technology Review",4269,1,17359,"Zone 3"
"Journal of Engineering Sciences",4270,1,17360,"Zone 3"
"Journal of Environmental and Earth Sciences",4271,1,17361,"Zone 3"
"Journal of Environmental Engineering United States",4272,1,17362,"Zone 3"
"Journal of Environmental Health and Sustainable Development",4273,1,17363,"Zone 3"
"Journal of Environmental Psychology",4274,1,17364,"Zone 3"
"Journal of Environmental Science and Health Part A Toxic Hazardous Substances and Environmental Engineering",4275,1,17365,"Zone 3"
"JOURNAL OF ENVIRONMENTAL SCIENCE AND HEALTH. PART A, TOXIC/HAZARDOUS SUBSTANCES & ENVIRONMENTAL ENGINEERING",4276,1,17366,"Zone 3"
"JOURNAL OF EPIDEMIOLOGY AND GLOBAL HEALTH",4277,1,17367,"Zone 3"
"Journal of Eta Maritime Science",4278,1,17368,"Zone 3"
"JOURNAL OF EVIDENCE-BASED MEDICINE",4279,1,17369,"Zone 3"
"Journal of Evidence Based Medicine",4280,1,17370,"Zone 3"
"Journal of Exercise Science and Fitness",4281,1,17371,"Zone 3"
"JOURNAL OF EXERCISE SCIENCE AND FITNESS",4282,1,17372,"Zone 3"
"Journal of Experimental and Clinical Medicine Turkey",4283,1,17373,"Zone 3"
"Journal of Experimental Nanoscience",4284,1,17374,"Zone 3"
"Journal of Experimental Zoology Part A Ecological and Integrative Physiology",4285,1,17375,"Zone 3"
"JOURNAL OF EXPERIMENTAL ZOOLOGY. PART A, ECOLOGICAL AND INTEGRATIVE PHYSIOLOGY",4286,1,17376,"Zone 3"
"Journal of Extra Corporeal Technology",4287,1,17377,"Zone 3"
"Journal of Extracellular Vesicles",4288,1,17378,"Zone 3"
"Journal of Facade Design and Engineering",4289,1,17379,"Zone 3"
"JOURNAL OF FAMILY MEDICINE AND PRIMARY CARE",4290,1,17380,"Zone 3"
"Journal of Fiber Science and Technology",4291,1,17381,"Zone 3"
"Journal of Food Measurement and Characterization",4292,1,17382,"Zone 3"
"Journal of Forensic Medicine",4293,1,17383,"Zone 3"
"Journal of Forensic Medicine and Toxicology",4294,1,17384,"Zone 3"
"Journal of Forestry Engineering",4295,1,17385,"Zone 3"
"Journal of Frailty and Aging",4296,1,17386,"Zone 3"
"Journal of Functional Morphology and Kinesiology",4297,1,17387,"Zone 3"
"JOURNAL OF FUNCTIONAL MORPHOLOGY AND KINESIOLOGY",4298,1,17388,"Zone 3"
"Journal of Fungi",4299,1,17389,"Zone 3"
"Journal of Gastroenterology",4300,1,17390,"Zone 3"
"Journal of Gastroenterology and Hepatology Australia",4301,1,17391,"Zone 3"
"Journal of Gastrointestinal Oncology",4302,1,17392,"Zone 3"
"JOURNAL OF GENERAL INTERNAL MEDICINE",4303,1,17393,"Zone 3"
"Journal of Genetic Engineering and Biotechnology",4304,1,17394,"Zone 3"
"Journal of Geophysical Research Planets",4305,1,17395,"Zone 3"
"JOURNAL OF GEOPHYSICAL RESEARCH. PLANETS",4306,1,17396,"Zone 3"
"Journal of Gorgan University of Medical Sciences",4307,1,17397,"Zone 3"
"Journal of Hazardous Toxic and Radioactive Waste",4308,1,17398,"Zone 3"
"JOURNAL OF HEALTH CARE FOR THE POOR AND UNDERSERVED",4309,1,17399,"Zone 3"
"Journal of Health Sciences",4310,1,17400,"Zone 3"
"Journal of Henan Polytechnic University Natural Science",4311,1,17401,"Zone 3"
"Journal of Henan University of Technology Natural Science Edition",4312,1,17402,"Zone 3"
"Journal of Hepato Biliary Pancreatic Sciences",4313,1,17403,"Zone 3"
"Journal of Human Kinetics",4314,1,17404,"Zone 3"
"JOURNAL OF HUMAN KINETICS",4315,1,17405,"Zone 3"
"Journal of Hydrology",4316,1,17406,"Zone 3"
"Journal of Hydrology and Hydromechanics",4317,1,17407,"Zone 3"
"Journal of Hydrology Regional Studies",4318,1,17408,"Zone 3"
"JOURNAL OF HYPERTENSION",4319,1,17409,"Zone 3"
"JOURNAL OF INFECTION AND PUBLIC HEALTH",4320,1,17410,"Zone 3"
"Journal of Innovations in Cardiac Rhythm Management",4321,1,17411,"Zone 3"
"Journal of Integrated Science and Technology",4322,1,17412,"Zone 3"
"JOURNAL OF INTENSIVE CARE",4323,1,17413,"Zone 3"
"Journal of Interferon and Cytokine Research",4324,1,17414,"Zone 3"
"Journal of Interior Design",4325,1,17415,"Zone 3"
"Journal of Internal Medicine of Taiwan",4326,1,17416,"Zone 3"
"Journal of International Maritime Safety Environmental Affairs and Shipping",4327,1,17417,"Zone 3"
"Journal of Interprofessional Care",4328,1,17418,"Zone 3"
"JOURNAL OF INTERPROFESSIONAL CARE",4329,1,17419,"Zone 3"
"JOURNAL OF INTERVENTIONAL CARDIAC ELECTROPHYSIOLOGY : AN INTERNATIONAL JOURNAL OF ARRHYTHMIAS AND PACING",4330,1,17420,"Zone 3"
"Journal of Investigative Medicine",4331,1,17421,"Zone 3"
"Journal of Investigative Surgery",4332,1,17422,"Zone 3"
"Journal of Iron and Steel Research International",4333,1,17423,"Zone 3"
"Journal of Japan Institute of Electronics Packaging",4334,1,17424,"Zone 3"
"Journal of Jilin University Medicine Edition",4335,1,17425,"Zone 3"
"Journal of King Saud University Engineering Sciences",4336,1,17426,"Zone 3"
"Journal of King Saud University Science",4337,1,17427,"Zone 3"
"Journal of Korean Society for Atmospheric Environment",4338,1,17428,"Zone 3"
"Journal of Laboratory Medicine",4339,1,17429,"Zone 3"
"Journal of Laparoendoscopic and Advanced Surgical Techniques",4340,1,17430,"Zone 3"
"Journal of Lipid Research",4341,1,17431,"Zone 3"
"Journal of Low Frequency Noise Vibration and Active Control",4342,1,17432,"Zone 3"
"Journal of Magnesium and Alloys",4343,1,17433,"Zone 3"
"Journal of Manufacturing Science and Engineering Transactions of the ASME",4344,1,17434,"Zone 3"
"Journal of Marine Engineering and Technology",4345,1,17435,"Zone 3"
"Journal of Materials Chemistry A",4346,1,17436,"Zone 3"
"Journal of Materials Chemistry B",4347,1,17437,"Zone 3"
"Journal of Materials Chemistry C",4348,1,17438,"Zone 3"
"JOURNAL OF MATERIALS CHEMISTRY. B",4349,1,17439,"Zone 3"
"Journal of Materials Science",4350,1,17440,"Zone 3"
"Journal of Measurements in Engineering",4351,1,17441,"Zone 3"
"Journal of Mechanical Engineering and Sciences",4352,1,17442,"Zone 3"
"Journal of Medical Devices",4353,1,17443,"Zone 3"
"Journal of Medical Devices Transactions of the ASME",4354,1,17444,"Zone 3"
"JOURNAL OF MEDICAL ECONOMICS",4355,1,17445,"Zone 3"
"Journal of Medical Imaging and Radiation Oncology",4356,1,17446,"Zone 3"
"Journal of Medical Imaging and Radiation Sciences",4357,1,17447,"Zone 3"
"JOURNAL OF MEDICAL IMAGING AND RADIATION SCIENCES",4358,1,17448,"Zone 3"
"Journal of Medical Pest Control",4359,1,17449,"Zone 3"
"JOURNAL OF MEDICAL ULTRASONICS (2001)",4360,1,17450,"Zone 3"
"JOURNAL OF MEDICINAL CHEMISTRY",4361,1,17451,"Zone 3"
"JOURNAL OF MEDICINE AND LIFE",4362,1,17452,"Zone 3"
"Journal of Membrane Science",4363,1,17453,"Zone 3"
"Journal of Meteorological Research",4364,1,17454,"Zone 3"
"Journal of Microbiology and Biotechnology",4365,1,17455,"Zone 3"
"Journal of Microelectromechanical Systems",4366,1,17456,"Zone 3"
"Journal of Minimal Access Surgery",4367,1,17457,"Zone 3"
"Journal of Moral Theology",4368,1,17458,"Zone 3"
"Journal of Muscle Research and Cell Motility",4369,1,17459,"Zone 3"
"JOURNAL OF MUSCLE RESEARCH AND CELL MOTILITY",4370,1,17460,"Zone 3"
"JOURNAL OF NANOSCIENCE AND NANOTECHNOLOGY",4371,1,17461,"Zone 3"
"JOURNAL OF NEONATAL-PERINATAL MEDICINE",4372,1,17462,"Zone 3"
"Journal of Nervous and Mental Disease",4373,1,17463,"Zone 3"
"Journal of Neural Transmission",4374,1,17464,"Zone 3"
"JOURNAL OF NEURO-ONCOLOGY",4375,1,17465,"Zone 3"
"Journal of Neuro Ophthalmology",4376,1,17466,"Zone 3"
"JOURNAL OF NEUROCHEMISTRY",4377,1,17467,"Zone 3"
"Journal of Neurological Surgery Part B Skull Base",4378,1,17468,"Zone 3"
"JOURNAL OF NEUROLOGICAL SURGERY. PART B, SKULL BASE",4379,1,17469,"Zone 3"
"JOURNAL OF NEUROLOGY, NEUROSURGERY, AND PSYCHIATRY",4380,1,17470,"Zone 3"
"JOURNAL OF NEUROPHYSIOLOGY",4381,1,17471,"Zone 3"
"Journal of Neuroscience Nursing",4382,1,17472,"Zone 3"
"Journal of Neuroscience Research",4383,1,17473,"Zone 3"
"JOURNAL OF NEUROSCIENCE RESEARCH",4384,1,17474,"Zone 3"
"Journal of Neurosciences in Rural Practice",4385,1,17475,"Zone 3"
"Journal of Neurosurgery Pediatrics",4386,1,17476,"Zone 3"
"Journal of New Materials for Electrochemical Systems",4387,1,17477,"Zone 3"
"Journal of Non Crystalline Solids",4388,1,17478,"Zone 3"
"Journal of Non Equilibrium Thermodynamics",4389,1,17479,"Zone 3"
"JOURNAL OF NUCLEAR MEDICINE TECHNOLOGY",4390,1,17480,"Zone 3"
"Journal of Nutrition and Metabolism",4391,1,17481,"Zone 3"
"JOURNAL OF NUTRITION AND METABOLISM",4392,1,17482,"Zone 3"
"JOURNAL OF NUTRITIONAL SCIENCE",4393,1,17483,"Zone 3"
"JOURNAL OF OBESITY & METABOLIC SYNDROME",4394,1,17484,"Zone 3"
"Journal of Obesity and Metabolic Syndrome",4395,1,17485,"Zone 3"
"JOURNAL OF OCCUPATIONAL HEALTH",4396,1,17486,"Zone 3"
"Journal of Occupational Medicine and Toxicology",4397,1,17487,"Zone 3"
"JOURNAL OF ORAL REHABILITATION",4398,1,17488,"Zone 3"
"Journal of Orthopaedic Trauma",4399,1,17489,"Zone 3"
"Journal of Otolaryngology Head and Neck Surgery",4400,1,17490,"Zone 3"
"JOURNAL OF PAEDIATRICS AND CHILD HEALTH",4401,1,17491,"Zone 3"
"Journal of Pediatric Hematology Oncology",4402,1,17492,"Zone 3"
"Journal of Pediatric Neurology",4403,1,17493,"Zone 3"
"Journal of Pediatric Pharmacology and Therapeutics",4404,1,17494,"Zone 3"
"Journal of Pediatrics",4405,1,17495,"Zone 3"
"Journal of Perianesthesia Nursing",4406,1,17496,"Zone 3"
"JOURNAL OF PERIANESTHESIA NURSING : OFFICIAL JOURNAL OF THE AMERICAN SOCIETY OF PERIANESTHESIA NURSES",4407,1,17497,"Zone 3"
"Journal of Perinatal Medicine",4408,1,17498,"Zone 3"
"JOURNAL OF PERSONALIZED MEDICINE",4409,1,17499,"Zone 3"
"JOURNAL OF PHARMACEUTICAL AND BIOMEDICAL ANALYSIS",4410,1,17500,"Zone 3"
"Journal of Pharmacological Sciences",4411,1,17501,"Zone 3"
"Journal of Pharmacology and Pharmacotherapeutics",4412,1,17502,"Zone 3"
"JOURNAL OF PHARMACY & BIOALLIED SCIENCES",4413,1,17503,"Zone 3"
"Journal of Pharmacy and Bioallied Sciences",4414,1,17504,"Zone 3"
"Journal of Pharmacy and Pharmacology",4415,1,17505,"Zone 3"
"Journal of Pharmacy Practice",4416,1,17506,"Zone 3"
"JOURNAL OF PHARMACY PRACTICE",4417,1,17507,"Zone 3"
"Journal of Pharmacy Technology",4418,1,17508,"Zone 3"
"JOURNAL OF PHYSICAL ACTIVITY & HEALTH",4419,1,17509,"Zone 3"
"Journal of Physical Activity and Health",4420,1,17510,"Zone 3"
"Journal of Physics A Mathematical and Theoretical",4421,1,17511,"Zone 3"
"Journal of Physics D Applied Physics",4422,1,17512,"Zone 3"
"Journal of Physiological Anthropology",4423,1,17513,"Zone 3"
"JOURNAL OF PHYSIOLOGICAL ANTHROPOLOGY",4424,1,17514,"Zone 3"
"Journal of Physiological Investigation",4425,1,17515,"Zone 3"
"Journal of Physiological Sciences",4426,1,17516,"Zone 3"
"Journal of Physiology and Pharmacology",4427,1,17517,"Zone 3"
"Journal of Pineal Research",4428,1,17518,"Zone 3"
"Journal of Polymer Engineering",4429,1,17519,"Zone 3"
"Journal of Power Electronics",4430,1,17520,"Zone 3"
"Journal of Preventive Medicine and Hygiene",4431,1,17521,"Zone 3"
"JOURNAL OF PREVENTIVE MEDICINE AND HYGIENE",4432,1,17522,"Zone 3"
"Journal of Propulsion Technology",4433,1,17523,"Zone 3"
"Journal of Public Health and Development",4434,1,17524,"Zone 3"
"JOURNAL OF RADIATION RESEARCH",4435,1,17525,"Zone 3"
"Journal of Radiology Nursing",4436,1,17526,"Zone 3"
"Journal of Renewable Energies",4437,1,17527,"Zone 3"
"Journal of Research in Health Sciences",4438,1,17528,"Zone 3"
"Journal of Robotics and Control Jrc",4439,1,17529,"Zone 3"
"Journal of Sensor Science and Technology",4440,1,17530,"Zone 3"
"JOURNAL OF SEPARATION SCIENCE",4441,1,17531,"Zone 3"
"Journal of Sex and Gender Specific Medicine",4442,1,17532,"Zone 3"
"Journal of Shanghai Jiaotong University Medical Science",4443,1,17533,"Zone 3"
"Journal of Ship Production and Design",4444,1,17534,"Zone 3"
"Journal of Ship Research",4445,1,17535,"Zone 3"
"Journal of Sleep Research",4446,1,17536,"Zone 3"
"JOURNAL OF SLEEP RESEARCH",4447,1,17537,"Zone 3"
"Journal of Smooth Muscle Research",4448,1,17538,"Zone 3"
"Journal of Soft Computing in Civil Engineering",4449,1,17539,"Zone 3"
"Journal of Soil and Water Conservation China",4450,1,17540,"Zone 3"
"Journal of Soils and Sediments",4451,1,17541,"Zone 3"
"Journal of Southwest Petroleum University Science Technology Edition",4452,1,17542,"Zone 3"
"Journal of Sport and Health Science",4453,1,17543,"Zone 3"
"JOURNAL OF SPORTS SCIENCE & MEDICINE",4454,1,17544,"Zone 3"
"Journal of Sports Science and Medicine",4455,1,17545,"Zone 3"
"Journal of Strain Analysis for Engineering Design",4456,1,17546,"Zone 3"
"JOURNAL OF STROKE",4457,1,17547,"Zone 3"
"Journal of Structural Engineering United States",4458,1,17548,"Zone 3"
"Journal of the Academy of Consultation Liaison Psychiatry",4459,1,17549,"Zone 3"
"Journal of the Acoustical Society of America",4460,1,17550,"Zone 3"
"Journal of the American Academy of Audiology",4461,1,17551,"Zone 3"
"JOURNAL OF THE AMERICAN ACADEMY OF AUDIOLOGY",4462,1,17552,"Zone 3"
"Journal of the American Academy of Dermatology",4463,1,17553,"Zone 3"
"JOURNAL OF THE AMERICAN ACADEMY OF DERMATOLOGY",4464,1,17554,"Zone 3"
"JOURNAL OF THE AMERICAN COLLEGE OF EMERGENCY PHYSICIANS OPEN",4465,1,17555,"Zone 3"
"JOURNAL OF THE AMERICAN COLLEGE OF SURGEONS",4466,1,17556,"Zone 3"
"JOURNAL OF THE AMERICAN GERIATRICS SOCIETY",4467,1,17557,"Zone 3"
"Journal of the American Statistical Association",4468,1,17558,"Zone 3"
"JOURNAL OF THE AMERICAN VETERINARY MEDICAL ASSOCIATION",4469,1,17559,"Zone 3"
"JOURNAL OF THE ASSOCIATION FOR RESEARCH IN OTOLARYNGOLOGY : JARO",4470,1,17560,"Zone 3"
"Journal of the Association of Physicians of India",4471,1,17561,"Zone 3"
"Journal of the Balkan Tribological Association",4472,1,17562,"Zone 3"
"Journal of the Chinese Medical Association",4473,1,17563,"Zone 3"
"Journal of the Electrochemical Society",4474,1,17564,"Zone 3"
"Journal of the Franklin Institute",4475,1,17565,"Zone 3"
"Journal of the Hellenic Veterinary Medical Society",4476,1,17566,"Zone 3"
"Journal of the Institution of Engineers India Series C",4477,1,17567,"Zone 3"
"Journal of the International Society of Physical and Rehabilitation Medicine",4478,1,17568,"Zone 3"
"Journal of the Korean Physical Society",4479,1,17569,"Zone 3"
"Journal of the Korean Society for Aeronautical and Space Sciences",4480,1,17570,"Zone 3"
"JOURNAL OF THE MECHANICAL BEHAVIOR OF BIOMEDICAL MATERIALS",4481,1,17571,"Zone 3"
"Journal of the Meteorological Society of Japan",4482,1,17572,"Zone 3"
"Journal of the National Cancer Institute",4483,1,17573,"Zone 3"
"JOURNAL OF THE NATIONAL COMPREHENSIVE CANCER NETWORK : JNCCN",4484,1,17574,"Zone 3"
"Journal of the Saudi Heart Association",4485,1,17575,"Zone 3"
"Journal of Theoretical and Applied Information Technology",4486,1,17576,"Zone 3"
"JOURNAL OF THERMAL ANALYSIS AND CALORIMETRY",4487,1,17577,"Zone 3"
"Journal of Thermal Spray Technology",4488,1,17578,"Zone 3"
"Journal of Thermoplastic Composite Materials",4489,1,17579,"Zone 3"
"Journal of Thoracic Imaging",4490,1,17580,"Zone 3"
"Journal of Thrombosis and Thrombolysis",4491,1,17581,"Zone 3"
"JOURNAL OF THROMBOSIS AND THROMBOLYSIS",4492,1,17582,"Zone 3"
"Journal of Toxicological Sciences",4493,1,17583,"Zone 3"
"Journal of Toxicology",4494,1,17584,"Zone 3"
"Journal of Toxicology and Environmental Health Part B Critical Reviews",4495,1,17585,"Zone 3"
"Journal of Traditional Chinese Medical Sciences",4496,1,17586,"Zone 3"
"Journal of Translational Internal Medicine",4497,1,17587,"Zone 3"
"JOURNAL OF TRAUMA AND INJURY",4498,1,17588,"Zone 3"
"JOURNAL OF TRAVEL MEDICINE",4499,1,17589,"Zone 3"
"Journal of Ultrafine Grained and Nanostructured Materials",4500,1,17590,"Zone 3"
"Journal of Ultrasound in Medicine",4501,1,17591,"Zone 3"
"Journal of Unmanned Undersea Systems",4502,1,17592,"Zone 3"
"JOURNAL OF UOEH",4503,1,17593,"Zone 3"
"Journal of V N Karazin Kharkiv National University Series Medicine",4504,1,17594,"Zone 3"
"Journal of Vascular Surgery Cases and Innovative Techniques",4505,1,17595,"Zone 3"
"Journal of Veterinary Cardiology",4506,1,17596,"Zone 3"
"Journal of Veterinary Emergency and Critical Care",4507,1,17597,"Zone 3"
"JOURNAL OF VETERINARY EMERGENCY AND CRITICAL CARE (SAN ANTONIO, TEX. : 2001)",4508,1,17598,"Zone 3"
"Journal of Vibroengineering",4509,1,17599,"Zone 3"
"Journal of Visualized Surgery",4510,1,17600,"Zone 3"
"JOURNAL OF WATER AND HEALTH",4511,1,17601,"Zone 3"
"JOURNAL OF WOMEN'S HEALTH (2002)",4512,1,17602,"Zone 3"
"Journal of Women S Health",4513,1,17603,"Zone 3"
"Journal of Wound Care",4514,1,17604,"Zone 3"
"JOURNAL OF WOUND CARE",4515,1,17605,"Zone 3"
"Journal of Wscg",4516,1,17606,"Zone 3"
"JOURNAL OF X-RAY SCIENCE AND TECHNOLOGY",4517,1,17607,"Zone 3"
"Journal of Xi an Jiaotong University Medical Sciences",4518,1,17608,"Zone 3"
"Journal of Zhengzhou University Medical Sciences",4519,1,17609,"Zone 3"
"Journal of Zoo and Wildlife Medicine",4520,1,17610,"Zone 3"
"JOURNAL, GENETIC ENGINEERING & BIOTECHNOLOGY",4521,1,17611,"Zone 3"
"Journals of Gerontology Series A Biological Sciences and Medical Sciences",4522,1,17612,"Zone 3"
"JP Journal of Heat and Mass Transfer",4523,1,17613,"Zone 3"
"Jpras Open",4524,1,17614,"Zone 3"
"Jsams Plus",4525,1,17615,"Zone 3"
"JSAMS PLUS",4526,1,17616,"Zone 3"
"Jundishapur Journal of Microbiology",4527,1,17617,"Zone 3"
"Jurnal Kejuruteraan",4528,1,17618,"Zone 3"
"Jurnal Teknologi",4529,1,17619,"Zone 3"
"Jurnal Tribologi",4530,1,17620,"Zone 3"
"Jvs Vascular Insights",4531,1,17621,"Zone 3"
"Jvs Vascular Science",4532,1,17622,"Zone 3"
"Kafkas Universitesi Veteriner Fakultesi Dergisi",4533,1,17623,"Zone 3"
"Kardiochirurgia I Torakochirurgia Polska",4534,1,17624,"Zone 3"
"KARDIOCHIRURGIA I TORAKOCHIRURGIA POLSKA = POLISH JOURNAL OF CARDIO-THORACIC SURGERY",4535,1,17625,"Zone 3"
"KARDIOLOGIA POLSKA",4536,1,17626,"Zone 3"
"Keio Journal of Medicine",4537,1,17627,"Zone 3"
"Kexue Tongbao Chinese Science Bulletin",4538,1,17628,"Zone 3"
"Kidney International Reports",4539,1,17629,"Zone 3"
"Kinesiology Review",4540,1,17630,"Zone 3"
"Klinichescheskaya Laboratornaya Diagnostika",4541,1,17631,"Zone 3"
"KLINICHESKAIA LABORATORNAIA DIAGNOSTIKA",4542,1,17632,"Zone 3"
"Knowledge and Information Systems",4543,1,17633,"Zone 3"
"Korean Circulation Journal",4544,1,17634,"Zone 3"
"Korean Journal of Adult Nursing",4545,1,17635,"Zone 3"
"Korean Journal of Internal Medicine",4546,1,17636,"Zone 3"
"Korean Journal of Materials Research",4547,1,17637,"Zone 3"
"Korean Journal of Sport Science",4548,1,17638,"Zone 3"
"Ksii Transactions on Internet and Information Systems",4549,1,17639,"Zone 3"
"L'ENCEPHALE",4550,1,17640,"Zone 3"
"Lab on A Chip",4551,1,17641,"Zone 3"
"LAB ON A CHIP",4552,1,17642,"Zone 3"
"Laboratory Investigation",4553,1,17643,"Zone 3"
"LABORATORY INVESTIGATION; A JOURNAL OF TECHNICAL METHODS AND PATHOLOGY",4554,1,17644,"Zone 3"
"Lancet Child and Adolescent Health",4555,1,17645,"Zone 3"
"Lancet Diabetes and Endocrinology",4556,1,17646,"Zone 3"
"Lancet Haematology",4557,1,17647,"Zone 3"
"Lancet Healthy Longevity",4558,1,17648,"Zone 3"
"Lancet HIV",4559,1,17649,"Zone 3"
"Lancet Infectious Diseases",4560,1,17650,"Zone 3"
"Lancet Psychiatry",4561,1,17651,"Zone 3"
"Lancet Respiratory Medicine",4562,1,17652,"Zone 3"
"Land Economics",4563,1,17653,"Zone 3"
"LASERS IN MEDICAL SCIENCE",4564,1,17654,"Zone 3"
"Latvian Journal of Physics and Technical Sciences",4565,1,17655,"Zone 3"
"Learning and Analytics in Intelligent Systems",4566,1,17656,"Zone 3"
"Lecture Notes in Business Information Processing",4567,1,17657,"Zone 3"
"Lecture Notes in Intelligent Transportation and Infrastructure",4568,1,17658,"Zone 3"
"Lecture Notes on Multidisciplinary Industrial Engineering",4569,1,17659,"Zone 3"
"Lekarsky Obzor",4570,1,17660,"Zone 3"
"Leukemia Research",4571,1,17661,"Zone 3"
"Life Writing",4572,1,17662,"Zone 3"
"Lifetech 2022 2022 IEEE 4th Global Conference on Life Sciences and Technologies",4573,1,17663,"Zone 3"
"Light and Engineering",4574,1,17664,"Zone 3"
"Lightning Electromagnetics Electrical Processes and Effects",4575,1,17665,"Zone 3"
"Lightning Electromagnetics Return Stroke Modelling and Electromagnetic Radiation",4576,1,17666,"Zone 3"
"Lightning Engineering Physics Computer Based Test Bed Protection of Ground and Airborne Systems",4577,1,17667,"Zone 3"
"Lipids",4578,1,17668,"Zone 3"
"LIPIDS",4579,1,17669,"Zone 3"
"Lobachevskii Journal of Mathematics",4580,1,17670,"Zone 3"
"LOWER URINARY TRACT SYMPTOMS",4581,1,17671,"Zone 3"
"Lubrication Science",4582,1,17672,"Zone 3"
"Lung",4583,1,17673,"Zone 3"
"Lwt",4584,1,17674,"Zone 3"
"Machine Learning Based Decision Support Systems for Diabetic Foot Ulcer Care",4585,1,17675,"Zone 3"
"Machine Learning with Applications",4586,1,17676,"Zone 3"
"MACROMOLECULAR RAPID COMMUNICATIONS",4587,1,17677,"Zone 3"
"Macromolecules",4588,1,17678,"Zone 3"
"Magnesium Research",4589,1,17679,"Zone 3"
"MAGNETIC RESONANCE IMAGING CLINICS OF NORTH AMERICA",4590,1,17680,"Zone 3"
"Magnetic Resonance Letters",4591,1,17681,"Zone 3"
"Making India Disaster Resilient Challenges and Future Perspectives",4592,1,17682,"Zone 3"
"Malaria Journal",4593,1,17683,"Zone 3"
"MALARIA JOURNAL",4594,1,17684,"Zone 3"
"Malawi Medical Journal",4595,1,17685,"Zone 3"
"MALAWI MEDICAL JOURNAL : THE JOURNAL OF MEDICAL ASSOCIATION OF MALAWI",4596,1,17686,"Zone 3"
"Malaysian Journal of Chemistry",4597,1,17687,"Zone 3"
"Malaysian Journal of Nursing",4598,1,17688,"Zone 3"
"Manufacturing Letters",4599,1,17689,"Zone 3"
"Manufacturing Review",4600,1,17690,"Zone 3"
"Marine Drugs",4601,1,17691,"Zone 3"
"MARINE DRUGS",4602,1,17692,"Zone 3"
"Material and Mechanical Engineering Technology",4603,1,17693,"Zone 3"
"Materialpruefung Materials Testing",4604,1,17694,"Zone 3"
"Materials Horizons",4605,1,17695,"Zone 3"
"MATERIALS HORIZONS",4606,1,17696,"Zone 3"
"Materials Reports",4607,1,17697,"Zone 3"
"Materials Research Express",4608,1,17698,"Zone 3"
"Materials Science and Engineering A",4609,1,17699,"Zone 3"
"Materials Science and Engineering C",4610,1,17700,"Zone 3"
"Materials Today Advances",4611,1,17701,"Zone 3"
"Mathematical Biosciences",4612,1,17702,"Zone 3"
"MATHEMATICAL BIOSCIENCES",4613,1,17703,"Zone 3"
"Mathematical Medicine and Biology",4614,1,17704,"Zone 3"
"Mathematical Models and Computer Simulations",4615,1,17705,"Zone 3"
"Mathematical Problems in Engineering",4616,1,17706,"Zone 3"
"Mathematics in Engineering",4617,1,17707,"Zone 3"
"Matter",4618,1,17708,"Zone 3"
"Mausam",4619,1,17709,"Zone 3"
"Measurement Sensors",4620,1,17710,"Zone 3"
"Measurement Techniques",4621,1,17711,"Zone 3"
"Mechanics Based Design of Structures and Machines",4622,1,17712,"Zone 3"
"Mechanics in Engineering",4623,1,17713,"Zone 3"
"Mechanics of Materials",4624,1,17714,"Zone 3"
"Mechanika",4625,1,17715,"Zone 3"
"Medcomm",4626,1,17716,"Zone 3"
"MEDCOMM",4627,1,17717,"Zone 3"
"Medeniyet Medical Journal",4628,1,17718,"Zone 3"
"MEDIATORS OF INFLAMMATION",4629,1,17719,"Zone 3"
"MEDICAL ARCHIVES (SARAJEVO, BOSNIA AND HERZEGOVINA)",4630,1,17720,"Zone 3"
"Medical Archives Sarajevo Bosnia and Herzegovina",4631,1,17721,"Zone 3"
"Medical Cannabis and Cannabinoids",4632,1,17722,"Zone 3"
"MEDICAL ENGINEERING & PHYSICS",4633,1,17723,"Zone 3"
"Medical Engineering and Physics",4634,1,17724,"Zone 3"
"Medical Geology En Route to One Health",4635,1,17725,"Zone 3"
"Medical Journal of Australia",4636,1,17726,"Zone 3"
"Medical Molecular Morphology",4637,1,17727,"Zone 3"
"MEDICAL MOLECULAR MORPHOLOGY",4638,1,17728,"Zone 3"
"Medical Problems of Performing Artists",4639,1,17729,"Zone 3"
"MEDICAL PROBLEMS OF PERFORMING ARTISTS",4640,1,17730,"Zone 3"
"Medical Radiology and Radiation Safety",4641,1,17731,"Zone 3"
"MEDICAL SCIENCE MONITOR : INTERNATIONAL MEDICAL JOURNAL OF EXPERIMENTAL AND CLINICAL RESEARCH",4642,1,17732,"Zone 3"
"Medicina Clinica",4643,1,17733,"Zone 3"
"MEDICINA CLINICA",4644,1,17734,"Zone 3"
"MEDICINA INTENSIVA",4645,1,17735,"Zone 3"
"Medicinal and Environmental Chemistry Experimental Advances and Simulations Part II",4646,1,17736,"Zone 3"
"Medicine Science and the Law",4647,1,17737,"Zone 3"
"Medicine United Kingdom",4648,1,17738,"Zone 3"
"MEDICINE, SCIENCE, AND THE LAW",4649,1,17739,"Zone 3"
"Medicinski Glasnik",4650,1,17740,"Zone 3"
"Medicni Perspektivi",4651,1,17741,"Zone 3"
"Medicus",4652,1,17742,"Zone 3"
"Meditsinskiy Sovet",4653,1,17743,"Zone 3"
"Medizinische Klinik Intensivmedizin Und Notfallmedizin",4654,1,17744,"Zone 3"
"MEDYCYNA PRACY",4655,1,17745,"Zone 3"
"Mental Health Clinician",4656,1,17746,"Zone 3"
"Metabolism Clinical and Experimental",4657,1,17747,"Zone 3"
"METABOLITES",4658,1,17748,"Zone 3"
"Metabolomics",4659,1,17749,"Zone 3"
"Metal International Conference on Metallurgy and Materials Conference Proceedings",4660,1,17750,"Zone 3"
"Metallofizika I Noveishie Tekhnologii",4661,1,17751,"Zone 3"
"Metallomics",4662,1,17752,"Zone 3"
"METALLOMICS : INTEGRATED BIOMETAL SCIENCE",4663,1,17753,"Zone 3"
"Metallurgical and Materials Transactions B Process Metallurgy and Materials Processing Science",4664,1,17754,"Zone 3"
"Meteorological Monthly",4665,1,17755,"Zone 3"
"Meteorology and Atmospheric Physics",4666,1,17756,"Zone 3"
"Methods in Cell Biology",4667,1,17757,"Zone 3"
"METHODS IN CELL BIOLOGY",4668,1,17758,"Zone 3"
"METHODS IN MOLECULAR BIOLOGY (CLIFTON, N.J.)",4669,1,17759,"Zone 3"
"Methods in Molecular Biology Clifton N J",4670,1,17760,"Zone 3"
"METHODSX",4671,1,17761,"Zone 3"
"Metrology",4672,1,17762,"Zone 3"
"Mhealth",4673,1,17763,"Zone 3"
"Microbial Biotechnology",4674,1,17764,"Zone 3"
"MICROBIAL BIOTECHNOLOGY",4675,1,17765,"Zone 3"
"MICROBIAL PATHOGENESIS",4676,1,17766,"Zone 3"
"Microbiology Spectrum",4677,1,17767,"Zone 3"
"Microbiome",4678,1,17768,"Zone 3"
"Microchemical Journal",4679,1,17769,"Zone 3"
"Microplastics",4680,1,17770,"Zone 3"
"MICROVASCULAR RESEARCH",4681,1,17771,"Zone 3"
"Mikrobiyoloji Bulteni",4682,1,17772,"Zone 3"
"Mikrosystemtechnik Congress 2025 Mikroelektronik Mikrosystemtechnik Und Ihre Anwendungen Nachhaltigkeit Und Technologiesouveranitat Proceedings",4683,1,17773,"Zone 3"
"Mine Environment and Ventilation",4684,1,17774,"Zone 3"
"Minerals",4685,1,17775,"Zone 3"
"Minerals Metals and Materials Series",4686,1,17776,"Zone 3"
"Minerva Cardioangiologica",4687,1,17777,"Zone 3"
"Minerva Cardiology and Angiology",4688,1,17778,"Zone 3"
"MINERVA MEDICA",4689,1,17779,"Zone 3"
"Minerva Pediatrica",4690,1,17780,"Zone 3"
"Minerva Psychiatry",4691,1,17781,"Zone 3"
"Minerva Respiratory Medicine",4692,1,17782,"Zone 3"
"Mm 2023 Proceedings of the 31st ACM International Conference on Multimedia",4693,1,17783,"Zone 3"
"MMWR. MORBIDITY AND MORTALITY WEEKLY REPORT",4694,1,17784,"Zone 3"
"Modeling Earth Systems and Environment",4695,1,17785,"Zone 3"
"Modern Economic Science",4696,1,17786,"Zone 3"
"Modern Electronic Materials",4697,1,17787,"Zone 3"
"Modern Food Science and Technology",4698,1,17788,"Zone 3"
"Modern Physics Letters A",4699,1,17789,"Zone 3"
"Modern Physics Letters B",4700,1,17790,"Zone 3"
"Molecular and Cellular Biochemistry",4701,1,17791,"Zone 3"
"MOLECULAR AND CELLULAR ENDOCRINOLOGY",4702,1,17792,"Zone 3"
"Molecular Biology Reports",4703,1,17793,"Zone 3"
"Molecular Catalysis",4704,1,17794,"Zone 3"
"Molecular Diagnosis and Therapy",4705,1,17795,"Zone 3"
"MOLECULAR GENETICS & GENOMIC MEDICINE",4706,1,17796,"Zone 3"
"Molecular Genetics and Metabolism Reports",4707,1,17797,"Zone 3"
"MOLECULAR GENETICS AND METABOLISM REPORTS",4708,1,17798,"Zone 3"
"Molecular Imaging and Biology",4709,1,17799,"Zone 3"
"MOLECULAR NUTRITION & FOOD RESEARCH",4710,1,17800,"Zone 3"
"MOLECULAR PHARMACEUTICS",4711,1,17801,"Zone 3"
"Molecular Psychiatry",4712,1,17802,"Zone 3"
"MOLECULAR PSYCHIATRY",4713,1,17803,"Zone 3"
"Molecular Therapy",4714,1,17804,"Zone 3"
"Monatsschrift Fur Kinderheilkunde",4715,1,17805,"Zone 3"
"Montenegrin Journal of Sports Science and Medicine",4716,1,17806,"Zone 3"
"Morbidity and Mortality Weekly Report",4717,1,17807,"Zone 3"
"Movement Disorders Clinical Practice",4718,1,17808,"Zone 3"
"Movement Ecology",4719,1,17809,"Zone 3"
"MOVEMENT ECOLOGY",4720,1,17810,"Zone 3"
"Msw Management",4721,1,17811,"Zone 3"
"Mucosal Immunology",4722,1,17812,"Zone 3"
"Multiple Sclerosis and Related Disorders",4723,1,17813,"Zone 3"
"Multiple Sclerosis Journal",4724,1,17814,"Zone 3"
"MUTATION RESEARCH. REVIEWS IN MUTATION RESEARCH",4725,1,17815,"Zone 3"
"MYMENSINGH MEDICAL JOURNAL : MMJ",4726,1,17816,"Zone 3"
"MYOELECTRIC CONTROLS AND UPPER LIMB PROSTHETICS SYMPOSIUM",4727,1,17817,"Zone 3"
"Nafta Gaz",4728,1,17818,"Zone 3"
"Nanjing Li Gong Daxue Xuebao Journal of Nanjing University of Science and Technology",4729,1,17819,"Zone 3"
"Nano",4730,1,17820,"Zone 3"
"Nano Biomedicine and Engineering",4731,1,17821,"Zone 3"
"Nanobiomaterials and Nanomedicines for Metabolic Disorders",4732,1,17822,"Zone 3"
"Nanomaterials",4733,1,17823,"Zone 3"
"Nanomedicine",4734,1,17824,"Zone 3"
"NANOSCALE",4735,1,17825,"Zone 3"
"Nanoscience and Nanotechnology Asia",4736,1,17826,"Zone 3"
"Nanotechnology for Environmental Engineering",4737,1,17827,"Zone 3"
"National Remote Sensing Bulletin",4738,1,17828,"Zone 3"
"Natural Hazards",4739,1,17829,"Zone 3"
"Natural Hazards and Earth System Sciences",4740,1,17830,"Zone 3"
"Natural Product Communications",4741,1,17831,"Zone 3"
"NATURE",4742,1,17832,"Zone 3"
"Nature Climate Change",4743,1,17833,"Zone 3"
"NATURE FOOD",4744,1,17834,"Zone 3"
"Nature Mental Health",4745,1,17835,"Zone 3"
"Nature Metabolism",4746,1,17836,"Zone 3"
"NATURE PROTOCOLS",4747,1,17837,"Zone 3"
"Nature Reviews Disease Primers",4748,1,17838,"Zone 3"
"Nature Reviews Nephrology",4749,1,17839,"Zone 3"
"NATURE REVIEWS. CARDIOLOGY",4750,1,17840,"Zone 3"
"Nature Structural and Molecular Biology",4751,1,17841,"Zone 3"
"Nature Sustainability",4752,1,17842,"Zone 3"
"Navigating Innovations and Challenges in Travel Medicine and Digital Health",4753,1,17843,"Zone 3"
"Neonatology Surgery and Perinatal Medicine",4754,1,17844,"Zone 3"
"NEPAL JOURNAL OF EPIDEMIOLOGY",4755,1,17845,"Zone 3"
"NEPHROLOGY, DIALYSIS, TRANSPLANTATION : OFFICIAL PUBLICATION OF THE EUROPEAN DIALYSIS AND TRANSPLANT ASSOCIATION - EUROPEAN RENAL ASSOCIATION",4756,1,17846,"Zone 3"
"Nervenarzt",4757,1,17847,"Zone 3"
"Netherlands Heart Journal",4758,1,17848,"Zone 3"
"Netter S Sports Medicine",4759,1,17849,"Zone 3"
"Network Modeling Analysis in Health Informatics and Bioinformatics",4760,1,17850,"Zone 3"
"Neumologia Y Cirugia De Torax Mexico",4761,1,17851,"Zone 3"
"Neural Networks",4762,1,17852,"Zone 3"
"NEURO-ONCOLOGY",4763,1,17853,"Zone 3"
"NEURO ENDOCRINOLOGY LETTERS",4764,1,17854,"Zone 3"
"Neuro Oncology Practice",4765,1,17855,"Zone 3"
"Neuro Ophthalmology",4766,1,17856,"Zone 3"
"Neurocase",4767,1,17857,"Zone 3"
"NEUROCIRUGIA",4768,1,17858,"Zone 3"
"Neuroendocrinology",4769,1,17859,"Zone 3"
"Neurogastroenterology and Motility",4770,1,17860,"Zone 3"
"Neurogenetics",4771,1,17861,"Zone 3"
"Neurohospitalist",4772,1,17862,"Zone 3"
"Neuroinformatics",4773,1,17863,"Zone 3"
"NEUROINFORMATICS",4774,1,17864,"Zone 3"
"NEUROLOGICAL RESEARCH AND PRACTICE",4775,1,17865,"Zone 3"
"Neurological Sciences and Neurophysiology",4776,1,17866,"Zone 3"
"Neurology A Queen Square Textbook Third Edition",4777,1,17867,"Zone 3"
"Neurology Genetics",4778,1,17868,"Zone 3"
"Neurology Perspectives",4779,1,17869,"Zone 3"
"Neuromolecular Medicine",4780,1,17870,"Zone 3"
"NEUROMOLECULAR MEDICINE",4781,1,17871,"Zone 3"
"NEURON",4782,1,17872,"Zone 3"
"Neuropathology",4783,1,17873,"Zone 3"
"NEUROPHARMACOLOGY",4784,1,17874,"Zone 3"
"NEUROPHOTONICS",4785,1,17875,"Zone 3"
"NEUROPSYCHIATRIC DISEASE AND TREATMENT",4786,1,17876,"Zone 3"
"Neuropsychology",4787,1,17877,"Zone 3"
"NEUROPSYCHOLOGY",4788,1,17878,"Zone 3"
"Neuroregulation",4789,1,17879,"Zone 3"
"NEUROREHABILITATION",4790,1,17880,"Zone 3"
"Neurorehabilitation Technology Third Edition",4791,1,17881,"Zone 3"
"NEUROSCI",4792,1,17882,"Zone 3"
"NEUROSCIENCE",4793,1,17883,"Zone 3"
"NEUROSCIENCE AND BIOBEHAVIORAL REVIEWS",4794,1,17884,"Zone 3"
"Neuroscience Insights",4795,1,17885,"Zone 3"
"NEUROSCIENCE RESEARCH",4796,1,17886,"Zone 3"
"Neuroscience Research Notes",4797,1,17887,"Zone 3"
"Neurosciences",4798,1,17888,"Zone 3"
"Neurosignals",4799,1,17889,"Zone 3"
"Neurosonology in Critical Care Monitoring the Neurological Impact of the Critical Pathology",4800,1,17890,"Zone 3"
"Neurospine",4801,1,17891,"Zone 3"
"Neurosurgical Focus",4802,1,17892,"Zone 3"
"NEUROTHERAPEUTICS : THE JOURNAL OF THE AMERICAN SOCIETY FOR EXPERIMENTAL NEUROTHERAPEUTICS",4803,1,17893,"Zone 3"
"NEUROTOXICITY RESEARCH",4804,1,17894,"Zone 3"
"New Approaches to Byzantine History and Culture",4805,1,17895,"Zone 3"
"New Journal of Chemistry",4806,1,17896,"Zone 3"
"New Solutions",4807,1,17897,"Zone 3"
"NEW SOLUTIONS : A JOURNAL OF ENVIRONMENTAL AND OCCUPATIONAL HEALTH POLICY : NS",4808,1,17898,"Zone 3"
"Newton",4809,1,17899,"Zone 3"
"Next Sustainability",4810,1,17900,"Zone 3"
"Nigerian Journal of Parasitology",4811,1,17901,"Zone 3"
"Nigerian Journal of Physiological Sciences",4812,1,17902,"Zone 3"
"NIGERIAN JOURNAL OF PHYSIOLOGICAL SCIENCES : OFFICIAL PUBLICATION OF THE PHYSIOLOGICAL SOCIETY OF NIGERIA",4813,1,17903,"Zone 3"
"NIHR OPEN RESEARCH",4814,1,17904,"Zone 3"
"NITRIC OXIDE : BIOLOGY AND CHEMISTRY",4815,1,17905,"Zone 3"
"Nitric Oxide Biology and Chemistry",4816,1,17906,"Zone 3"
"Non Coding RNA Research",4817,1,17907,"Zone 3"
"Noncommunicable Diseases A Compendium",4818,1,17908,"Zone 3"
"Nordpac 2023 Annual Microelectronics and Packaging Conference",4819,1,17909,"Zone 3"
"Northeast Journal of Complex Systems",4820,1,17910,"Zone 3"
"Notes on Numerical Fluid Mechanics and Multidisciplinary Design",4821,1,17911,"Zone 3"
"Npg Neurologie Psychiatrie Geriatrie",4822,1,17912,"Zone 3"
"Npj Climate and Atmospheric Science",4823,1,17913,"Zone 3"
"Npj Flexible Electronics",4824,1,17914,"Zone 3"
"Npj Microgravity",4825,1,17915,"Zone 3"
"Npj Parkinson S Disease",4826,1,17916,"Zone 3"
"Npj Quantum Information",4827,1,17917,"Zone 3"
"NPJ QUANTUM INFORMATION",4828,1,17918,"Zone 3"
"Nuclear Engineering and Design",4829,1,17919,"Zone 3"
"Nuclear Science and Techniques",4830,1,17920,"Zone 3"
"Nucleic Acids Research",4831,1,17921,"Zone 3"
"Numerical Heat Transfer Part A Applications",4832,1,17922,"Zone 3"
"Nursing",4833,1,17923,"Zone 3"
"NURSING",4834,1,17924,"Zone 3"
"Nursing in Critical Care",4835,1,17925,"Zone 3"
"NURSING IN CRITICAL CARE",4836,1,17926,"Zone 3"
"Nursing Reports",4837,1,17927,"Zone 3"
"NURSING REPORTS (PAVIA, ITALY)",4838,1,17928,"Zone 3"
"Nutricion Hospitalaria",4839,1,17929,"Zone 3"
"NUTRICION HOSPITALARIA",4840,1,17930,"Zone 3"
"Nutrition",4841,1,17931,"Zone 3"
"Nutrition in Clinical Practice",4842,1,17932,"Zone 3"
"Nutrition Research",4843,1,17933,"Zone 3"
"Obesity Surgery",4844,1,17934,"Zone 3"
"OBSTETRICAL & GYNECOLOGICAL SURVEY",4845,1,17935,"Zone 3"
"Occupational Therapy International",4846,1,17936,"Zone 3"
"OCCUPATIONAL THERAPY INTERNATIONAL",4847,1,17937,"Zone 3"
"Oceans Conference Record IEEE",4848,1,17938,"Zone 3"
"Ochsner Journal",4849,1,17939,"Zone 3"
"OCL Oilseeds and Fats Crops and Lipids",4850,1,17940,"Zone 3"
"Ocular Surface",4851,1,17941,"Zone 3"
"Oman Medical Journal",4852,1,17942,"Zone 3"
"Onco Critical Care an Evidence Based Approach",4853,1,17943,"Zone 3"
"Oncotarget",4854,1,17944,"Zone 3"
"One Earth",4855,1,17945,"Zone 3"
"One Health",4856,1,17946,"Zone 3"
"One Health and Risk Management",4857,1,17947,"Zone 3"
"Online Journal of Biological Sciences",4858,1,17948,"Zone 3"
"OPEN FORUM INFECTIOUS DISEASES",4859,1,17949,"Zone 3"
"Open Heart",4860,1,17950,"Zone 3"
"Open Neuroimaging Journal",4861,1,17951,"Zone 3"
"Open Respiratory Archives",4862,1,17952,"Zone 3"
"Open Veterinary Journal",4863,1,17953,"Zone 3"
"OPEN VETERINARY JOURNAL",4864,1,17954,"Zone 3"
"Ophthalmic Epidemiology",4865,1,17955,"Zone 3"
"Ophthalmic Plastic and Reconstructive Surgery",4866,1,17956,"Zone 3"
"Ophthalmology",4867,1,17957,"Zone 3"
"Ophthalmology Retina",4868,1,17958,"Zone 3"
"Optica",4869,1,17959,"Zone 3"
"Optical Engineering",4870,1,17960,"Zone 3"
"Optics and Laser Technology",4871,1,17961,"Zone 3"
"Optics and Lasers in Engineering",4872,1,17962,"Zone 3"
"Optics Express",4873,1,17963,"Zone 3"
"OPTICS EXPRESS",4874,1,17964,"Zone 3"
"Oral Diseases",4875,1,17965,"Zone 3"
"Organ Transplantation",4876,1,17966,"Zone 3"
"ORGANIC & BIOMOLECULAR CHEMISTRY",4877,1,17967,"Zone 3"
"Organic and Biomolecular Chemistry",4878,1,17968,"Zone 3"
"Organizatsionnaya Psikhologiya",4879,1,17969,"Zone 3"
"ORPHANET JOURNAL OF RARE DISEASES",4880,1,17970,"Zone 3"
"ORTHOPAEDIC JOURNAL OF SPORTS MEDICINE",4881,1,17971,"Zone 3"
"Orthopaedic Surgery",4882,1,17972,"Zone 3"
"Orthopaedics and Trauma",4883,1,17973,"Zone 3"
"Osteologie",4884,1,17974,"Zone 3"
"Osteopathic Family Physician",4885,1,17975,"Zone 3"
"Otolaryngologia Polska",4886,1,17976,"Zone 3"
"OTOLOGY & NEUROTOLOGY : OFFICIAL PUBLICATION OF THE AMERICAN OTOLOGICAL SOCIETY, AMERICAN NEUROTOLOGY SOCIETY [AND] EUROPEAN ACADEMY OF OTOLOGY AND NEUROTOLOGY",4887,1,17977,"Zone 3"
"Otology and Neurotology",4888,1,17978,"Zone 3"
"Outbreak Surveillance Investigation and Response Osir Journal",4889,1,17979,"Zone 3"
"Oxford Handbook of Higher Education N the Asiapacific Region",4890,1,17980,"Zone 3"
"OXIDATIVE MEDICINE AND CELLULAR LONGEVITY",4891,1,17981,"Zone 3"
"Pacific Symposium on Biocomputing",4892,1,17982,"Zone 3"
"Packaging and Food Machinery",4893,1,17983,"Zone 3"
"Paediatric Anaesthesia",4894,1,17984,"Zone 3"
"Paediatrica Indonesiana Paediatrica Indonesiana",4895,1,17985,"Zone 3"
"Paediatrics and Child Health United Kingdom",4896,1,17986,"Zone 3"
"Paiguan Jixie Gongcheng Xuebao Journal of Drainage and Irrigation Machinery Engineering",4897,1,17987,"Zone 3"
"PAIN",4898,1,17988,"Zone 3"
"PAIN MEDICINE (MALDEN, MASS.)",4899,1,17989,"Zone 3"
"Pain Medicine United States",4900,1,17990,"Zone 3"
"Pakistan Armed Forces Medical Journal",4901,1,17991,"Zone 3"
"Pakistan Heart Journal",4902,1,17992,"Zone 3"
"Pakistan Journal of Medical and Health Sciences",4903,1,17993,"Zone 3"
"PAKISTAN JOURNAL OF MEDICAL SCIENCES",4904,1,17994,"Zone 3"
"Palaeogeography Palaeoclimatology Palaeoecology",4905,1,17995,"Zone 3"
"Panminerva Medica",4906,1,17996,"Zone 3"
"PANMINERVA MEDICA",4907,1,17997,"Zone 3"
"Paraproteinemia and Related Disorders",4908,1,17998,"Zone 3"
"Parkinsonism and Related Disorders",4909,1,17999,"Zone 3"
"Particuology",4910,1,18000,"Zone 3"
"PATIENT PREFERENCE AND ADHERENCE",4911,1,18001,"Zone 3"
"Patologiya Krovoobrashcheniya I Kardiokhirurgiya",4912,1,18002,"Zone 3"
"Pattern Recognition Letters",4913,1,18003,"Zone 3"
"Pediatria I Medycyna Rodzinna",4914,1,18004,"Zone 3"
"Pediatria Integral",4915,1,18005,"Zone 3"
"PEDIATRIC ANNALS",4916,1,18006,"Zone 3"
"Pediatric Hematology Oncology Journal",4917,1,18007,"Zone 3"
"Pediatric Infectious Disease Journal",4918,1,18008,"Zone 3"
"PEDIATRIC NEUROLOGY",4919,1,18009,"Zone 3"
"PEDIATRIC PULMONOLOGY",4920,1,18010,"Zone 3"
"Pediatric Sports Medicine Essentials for Office Evaluation",4921,1,18011,"Zone 3"
"Pediatric Transplantation",4922,1,18012,"Zone 3"
"PEDIATRICS",4923,1,18013,"Zone 3"
"Pediatrie Pro Praxi",4924,1,18014,"Zone 3"
"Pediatriya",4925,1,18015,"Zone 3"
"Personal and Ubiquitous Computing",4926,1,18016,"Zone 3"
"PERSONALITY & SOCIAL PSYCHOLOGY BULLETIN",4927,1,18017,"Zone 3"
"Perspectives in Public Health",4928,1,18018,"Zone 3"
"Pertanika Journal of Science and Technology",4929,1,18019,"Zone 3"
"Pertanika Journal of Tropical Agricultural Science",4930,1,18020,"Zone 3"
"Petroleum Refinery Engineering",4931,1,18021,"Zone 3"
"PFLUGERS ARCHIV : EUROPEAN JOURNAL OF PHYSIOLOGY",4932,1,18022,"Zone 3"
"Pharmaceutical Biology",4933,1,18023,"Zone 3"
"Pharmaceutical Journal",4934,1,18024,"Zone 3"
"Pharmacoepidemiology and Drug Safety",4935,1,18025,"Zone 3"
"Pharmacognosy Journal",4936,1,18026,"Zone 3"
"Pharmacological Research Modern Chinese Medicine",4937,1,18027,"Zone 3"
"PHARMACOLOGY & THERAPEUTICS",4938,1,18028,"Zone 3"
"Pharmacy Practice",4939,1,18029,"Zone 3"
"Pharmazeutische Zeitung",4940,1,18030,"Zone 3"
"PHENOMICS (CHAM, SWITZERLAND)",4941,1,18031,"Zone 3"
"Philippine Journal of Science",4942,1,18032,"Zone 3"
"Photoacoustics",4943,1,18033,"Zone 3"
"PHOTOACOUSTICS",4944,1,18034,"Zone 3"
"Physica Scripta",4945,1,18035,"Zone 3"
"Physical Biology",4946,1,18036,"Zone 3"
"Physical Review Applied",4947,1,18037,"Zone 3"
"Physical Review Letters",4948,1,18038,"Zone 3"
"PHYSICAL REVIEW LETTERS",4949,1,18039,"Zone 3"
"Physician and Sportsmedicine",4950,1,18040,"Zone 3"
"Physics and Chemistry of the Earth",4951,1,18041,"Zone 3"
"Physics in Medicine",4952,1,18042,"Zone 3"
"Physics Letters Section A General Atomic and Solid State Physics",4953,1,18043,"Zone 3"
"Physics of Plasmas",4954,1,18044,"Zone 3"
"PHYSIOLOGICAL GENOMICS",4955,1,18045,"Zone 3"
"Physiological Perspectives on Food Safety Exploring the Intersection of Health and Nutrition",4956,1,18046,"Zone 3"
"Physiological Research",4957,1,18047,"Zone 3"
"PHYSIOLOGICAL RESEARCH",4958,1,18048,"Zone 3"
"PHYSIOLOGICAL REVIEWS",4959,1,18049,"Zone 3"
"PHYSIOLOGY & BEHAVIOR",4960,1,18050,"Zone 3"
"Physiology and Pharmacology Iran",4961,1,18051,"Zone 3"
"Physiology International",4962,1,18052,"Zone 3"
"PHYSIOLOGY INTERNATIONAL",4963,1,18053,"Zone 3"
"Physiotherapy Research International",4964,1,18054,"Zone 3"
"PHYSIOTHERAPY RESEARCH INTERNATIONAL : THE JOURNAL FOR RESEARCHERS AND CLINICIANS IN PHYSICAL THERAPY",4965,1,18055,"Zone 3"
"Physiotherapy United Kingdom",4966,1,18056,"Zone 3"
"Phytotherapy Research",4967,1,18057,"Zone 3"
"Plants",4968,1,18058,"Zone 3"
"Plasma Physics and Controlled Fusion",4969,1,18059,"Zone 3"
"Plasma Sources Science and Technology",4970,1,18060,"Zone 3"
"PLEA 2024 Re Thinking Resilience Proceedings of 37th PLEA Conference Sustainable Architecture and Urban Design the Book of Proceedings",4971,1,18061,"Zone 3"
"Pleura and Peritoneum",4972,1,18062,"Zone 3"
"Plos Computational Biology",4973,1,18063,"Zone 3"
"PLOS COMPUTATIONAL BIOLOGY",4974,1,18064,"Zone 3"
"Plos Digital Health",4975,1,18065,"Zone 3"
"PLOS DIGITAL HEALTH",4976,1,18066,"Zone 3"
"Plos Medicine",4977,1,18067,"Zone 3"
"PLOS MEDICINE",4978,1,18068,"Zone 3"
"Plos Water",4979,1,18069,"Zone 3"
"Pm and R",4980,1,18070,"Zone 3"
"Pnas Nexus",4981,1,18071,"Zone 3"
"PNAS NEXUS",4982,1,18072,"Zone 3"
"Poblacion Y Salud En Mesoamerica",4983,1,18073,"Zone 3"
"Polish Journal of Medical Physics and Engineering",4984,1,18074,"Zone 3"
"Pollution",4985,1,18075,"Zone 3"
"Polski Merkuriusz Lekarski",4986,1,18076,"Zone 3"
"Polymer",4987,1,18077,"Zone 3"
"Polytrauma",4988,1,18078,"Zone 3"
"Postepy Dermatologii I Alergologii",4989,1,18079,"Zone 3"
"POSTGRADUATE MEDICAL JOURNAL",4990,1,18080,"Zone 3"
"Powder Metallurgy",4991,1,18081,"Zone 3"
"Powder Technology",4992,1,18082,"Zone 3"
"Power Engineering and Engineering Thermophysics",4993,1,18083,"Zone 3"
"Practical Emergency Resuscitation and Critical Care Second Edition",4994,1,18084,"Zone 3"
"Pramana Journal of Physics",4995,1,18085,"Zone 3"
"Praticien En Anesthesie Reanimation",4996,1,18086,"Zone 3"
"Praxis",4997,1,18087,"Zone 3"
"Preparative Biochemistry and Biotechnology",4998,1,18088,"Zone 3"
"PREVENTING CHRONIC DISEASE",4999,1,18089,"Zone 3"
"Preventive Nutrition and Food Science",5000,1,18090,"Zone 3"
"PREVENTIVE NUTRITION AND FOOD SCIENCE",5001,1,18091,"Zone 3"
"Primary Care Companion for CNS Disorders",5002,1,18092,"Zone 3"
"Principles of Medicine in Africa",5003,1,18093,"Zone 3"
"Proceeding of the International Conference on Computer Engineering Network and Intelligent Multimedia 2025 Cenim 2025",5004,1,18094,"Zone 3"
"Proceeding of the International Conference on Intelligent Engineering and Next Gen Healthcare Systems Iehns 2026",5005,1,18095,"Zone 3"
"Proceedings 2020 15th International Joint Symposium on Artificial Intelligence and Natural Language Processing Isai Nlp 2020",5006,1,18096,"Zone 3"
"Proceedings 2020 16th International Conference on Mobility Sensing and Networking Msn 2020",5007,1,18097,"Zone 3"
"Proceedings 2020 International Seminar on Application for Technology of Information and Communication IT Challenges for Sustainability Scalability and Security in the Age of Digital Disruption Isemantic 2020",5008,1,18098,"Zone 3"
"Proceedings 2020 Ural Symposium on Biomedical Engineering Radioelectronics and Information Technology Usbereit 2020",5009,1,18099,"Zone 3"
"Proceedings 2021 IEEE 10th International Conference on Communication Systems and Network Technologies Csnt 2021",5010,1,18100,"Zone 3"
"Proceedings 2022 7th International Conference on Data Science and Machine Learning Applications Cdma 2022",5011,1,18101,"Zone 3"
"Proceedings 2022 9th International Conference on Wireless Networks and Mobile Communications Wincom 2022",5012,1,18102,"Zone 3"
"Proceedings 2022 International Conference on Computer Engineering and Artificial Intelligence Icceai 2022",5013,1,18103,"Zone 3"
"Proceedings 2022 International Seminar on Computer Science and Engineering Technology Scset 2022",5014,1,18104,"Zone 3"
"Proceedings 2022 Ural Symposium on Biomedical Engineering Radioelectronics and Information Technology Usbereit 2022",5015,1,18105,"Zone 3"
"Proceedings 2023 Asia Europe Conference on Electronics Data Processing and Informatics Acedpi 2023",5016,1,18106,"Zone 3"
"Proceedings 2023 IEEE International Symposium on Multimedia Ism 2023",5017,1,18107,"Zone 3"
"Proceedings 2023 International Conference on Power System Technology Technological Advancements for the Construction of New Power System Powercon 2023",5018,1,18108,"Zone 3"
"Proceedings 2024 4th International Signal Processing Communications and Engineering Management Conference Ispcem 2024",5019,1,18109,"Zone 3"
"Proceedings 2024 IEEE International Conference on Bioinformatics and Biomedicine Bibm 2024",5020,1,18110,"Zone 3"
"Proceedings 2024 International Seminar on Artificial Intelligence Computer Technology and Control Engineering Actce 2024",5021,1,18111,"Zone 3"
"Proceedings 2025 17th International Conference on Signal Processing Systems Icsps 2025",5022,1,18112,"Zone 3"
"Proceedings 2025 18th International Congress on Image and Signal Processing Biomedical Engineering and Informatics Cisp Bmei 2025",5023,1,18113,"Zone 3"
"Proceedings 2025 27th IEEE International Conference on High Performance Computing and Communications 11th IEEE International Conference on Data Science and Systems 23rd IEEE International Conference on Smart City 11th IEEE International Conference on Dependability in Sensor Cloud and Big Data Systems and Applications and 21st IEEE International Conference on Embedded Software and Systems Hpcc Dss Smartcity Dependsys Icess 2025",5024,1,18114,"Zone 3"
"Proceedings 2025 IEEE 45th International Conference on Distributed Computing Systems Workshops Icdcsw 2025",5025,1,18115,"Zone 3"
"Proceedings 2025 IEEE Annual Congress on Artificial Intelligence of Things Aiot 2025",5026,1,18116,"Zone 3"
"Proceedings 2025 IEEE International Conference on Bioinformatics and Biomedicine Bibm 2025",5027,1,18117,"Zone 3"
"Proceedings 2025 IEEE International Conference on Compute Control Network and Photonics Icccnp 2025",5028,1,18118,"Zone 3"
"Proceedings 2025 IEEE Smart World Congress Swc 2025 2025 IEEE Ubiquitous Intelligence and Computing Autonomous and Trusted Computing Digital Twin Metaverse Scalable Computing and Communications",5029,1,18119,"Zone 3"
"Proceedings 2025 International Conference on 3D Vision 3dv 2025",5030,1,18120,"Zone 3"
"Proceedings 2025 International Conference on Recent Innovation in Science Engineering and Technology Icriset 2025",5031,1,18121,"Zone 3"
"Proceedings 2025 International Ural Conference on Electrical Power Engineering Uralcon 2025",5032,1,18122,"Zone 3"
"Proceedings 2026 IEEE Cvf Winter Conference on Applications of Computer Vision Wacv 2026",5033,1,18123,"Zone 3"
"Proceedings 2nd International Conference on Advancement in Computation and Computer Technologies Incacct 2024",5034,1,18124,"Zone 3"
"Proceedings 3rd International Conference on Artificial Intelligence and Machine Learning Applications Healthcare and Internet of Things Aimla 2025",5035,1,18125,"Zone 3"
"Proceedings 3rd International Conference on Networking and Communications Icnwc 2026",5036,1,18126,"Zone 3"
"Proceedings 5th International Conference on Computing Methodologies and Communication Iccmc 2021",5037,1,18127,"Zone 3"
"Proceedings 6th International Conference on Computing Methodologies and Communication Iccmc 2022",5038,1,18128,"Zone 3"
"Proceedings Frontiers in Education Conference Fie",5039,1,18129,"Zone 3"
"Proceedings IEEE 9th International Conference on Big Data Computing Service and Applications Bigdataservice 2023",5040,1,18130,"Zone 3"
"Proceedings IEEE Congress on Cybermatics 2020 IEEE International Conferences on Internet of Things Ithings 2020 IEEE Green Computing and Communications Greencom 2020 IEEE Cyber Physical and Social Computing Cpscom 2020 and IEEE Smart Data Smartdata 2020",5041,1,18131,"Zone 3"
"Proceedings IEEE International Conference on Data Mining Icdm",5042,1,18132,"Zone 3"
"Proceedings IEEE International Conference on Electronics and Nanotechnology Elnano",5043,1,18133,"Zone 3"
"Proceedings IEEE International Symposium on Circuits and Systems",5044,1,18134,"Zone 3"
"Proceedings IEEE Symposium on Security and Privacy",5045,1,18135,"Zone 3"
"Proceedings Ieit 2022 2022 International Conference on Electrical and Information Technology",5046,1,18136,"Zone 3"
"Proceedings Ieit 2024 2024 International Conference on Electrical and Information Technology",5047,1,18137,"Zone 3"
"Proceedings International Conference on Energy Research and Development Icerd",5048,1,18138,"Zone 3"
"Proceedings International Conference on Pattern Recognition",5049,1,18139,"Zone 3"
"Proceedings International Conference on Technological Advancements in Computational Sciences Ictacs 2023",5050,1,18140,"Zone 3"
"Proceedings International Symposium on Discharges and Electrical Insulation in Vacuum ISDEIV",5051,1,18141,"Zone 3"
"Proceedings International Symposium on Wearable Computers Iswc",5052,1,18142,"Zone 3"
"Proceedings of 2020 17th International Bhurban Conference on Applied Sciences and Technology Ibcast 2020",5053,1,18143,"Zone 3"
"Proceedings of 2020 IEEE International Conference on Artificial Intelligence and Computer Applications Icaica 2020",5054,1,18144,"Zone 3"
"Proceedings of 2020 International Congress on Noise Control Engineering Inter Noise 2020",5055,1,18145,"Zone 3"
"Proceedings of 2021 IEEE International Conference on Biomedical Engineering Computer and Information Technology for Health Becithcon 2021",5056,1,18146,"Zone 3"
"Proceedings of 2024 31st International Conference on Nuclear Engineering ICONE 2024",5057,1,18147,"Zone 3"
"Proceedings of 2024 5th International Symposium on Artificial Intelligence for Medicine Science Isaims 2024",5058,1,18148,"Zone 3"
"Proceedings of 2024 International Conference on Asian Language Processing Ialp 2024",5059,1,18149,"Zone 3"
"Proceedings of 2024 International Conference on Science Technology Engineering and Management Icstem 2024",5060,1,18150,"Zone 3"
"Proceedings of 2025 5th International Conference on Bioinformatics and Intelligent Computing Bic 2025",5061,1,18151,"Zone 3"
"Proceedings of 2025 6th International Symposium on Artificial Intelligence for Medical Sciences Isaims 2025",5062,1,18152,"Zone 3"
"Proceedings of 2025 AI Driven Smart Healthcare for Society 5 0 Adsoc5 0 2025",5063,1,18153,"Zone 3"
"Proceedings of 2025 IEEE 4th International Conference of Safe Production and Informatization Iicspi 2025",5064,1,18154,"Zone 3"
"Proceedings of 2025 IEEE Central America and Panama Student Conference Conescapan 2025",5065,1,18155,"Zone 3"
"Proceedings of 2025 International Conference on Health Big Data Hbd 2025",5066,1,18156,"Zone 3"
"Proceedings of 2nd IEEE International Conference on Computational Intelligence and Knowledge Economy Iccike 2021",5067,1,18157,"Zone 3"
"Proceedings of 5th International Conference on Communication Computing and Electronics Systems Iccces 2026",5068,1,18158,"Zone 3"
"Proceedings of 5th International Conference on Trends in Material Science and Inventive Materials Ictmim 2025",5069,1,18159,"Zone 3"
"Proceedings of 6th International Conference on Iot Based Control Networks and Intelligent Systems Icicnis 2025",5070,1,18160,"Zone 3"
"Proceedings of 7th International Conference on Intelligent Communication Technologies and Virtual Mobile Networks Icicv 2026",5071,1,18161,"Zone 3"
"Proceedings of ASME 2021 Gas Turbine India Conference Gtindia 2021",5072,1,18162,"Zone 3"
"Proceedings of ASME 2024 7th International Conference on Micro Nanoscale Heat and Mass Transfer Mnhmt 2024",5073,1,18163,"Zone 3"
"Proceedings of ASME Bath 2023 Symposium on Fluid Power and Motion Control Fpmc 2023",5074,1,18164,"Zone 3"
"Proceedings of Bath ASME 2022 Symposium on Fluid Power and Motion Control Fpmc 2022",5075,1,18165,"Zone 3"
"Proceedings of Drs",5076,1,18166,"Zone 3"
"Proceedings of Science",5077,1,18167,"Zone 3"
"Proceedings of Singapore Healthcare",5078,1,18168,"Zone 3"
"Proceedings of the 13th Asia Pacific International Conference on Lightning APL 2025",5079,1,18169,"Zone 3"
"Proceedings of the 16th IEEE Conference on Industrial Electronics and Applications Iciea 2021",5080,1,18170,"Zone 3"
"Proceedings of the 16th International Conference on Electronics Computers and Artificial Intelligence Ecai 2024",5081,1,18171,"Zone 3"
"Proceedings of the 2021 IEEE International Conference on Signal and Image Processing Applications Icsipa 2021",5082,1,18172,"Zone 3"
"Proceedings of the 2023 International Conference on Instrumentation Control and Automation Ica 2023",5083,1,18173,"Zone 3"
"Proceedings of the 2024 10th International Conference on Biosignals Images and Instrumentation Icbsii 2024",5084,1,18174,"Zone 3"
"Proceedings of the 2025 17th International Conference on Education Technology and Computers Icetc 2025",5085,1,18175,"Zone 3"
"Proceedings of the 2026 International Conference on Intelligent and Innovative Technologies in Computing Electrical and Electronics Iitcee 2026",5086,1,18176,"Zone 3"
"Proceedings of the 21st International Conference of the European Society for Precision Engineering and Nanotechnology Euspen 2021",5087,1,18177,"Zone 3"
"Proceedings of the 29th European Safety and Reliability Conference Esrel 2019",5088,1,18178,"Zone 3"
"Proceedings of the 2nd International Conference on Applied Artificial Intelligence and Computing Icaaic 2023",5089,1,18179,"Zone 3"
"Proceedings of the 30th European Safety and Reliability Conference and the 15th Probabilistic Safety Assessment and Management Conference",5090,1,18180,"Zone 3"
"Proceedings of the 31st Southern African Universities Power Engineering Conference Saupec 2023",5091,1,18181,"Zone 3"
"Proceedings of the 3rd International Conference on Artificial Intelligence and Smart Energy Icais 2023",5092,1,18182,"Zone 3"
"Proceedings of the 4th International Conference on Innovative Mechanisms for Industry Applications Icimia 2025",5093,1,18183,"Zone 3"
"Proceedings of the 4th International Conference on Intelligent Data Communication Technologies and Internet of Things Idciot 2026",5094,1,18184,"Zone 3"
"Proceedings of the 5th International Conference on Data Intelligence and Cognitive Informatics Icdici 2024",5095,1,18185,"Zone 3"
"Proceedings of the 6th International Conference on Inventive Research in Computing Applications Icirca 2025",5096,1,18186,"Zone 3"
"Proceedings of the 6th International Conference on Smart Electronics and Communication Icosec 2025",5097,1,18187,"Zone 3"
"Proceedings of the Air and Waste Management Association S Annual Conference and Exhibition Awma",5098,1,18188,"Zone 3"
"Proceedings of the Annual Conference of the Prognostics and Health Management Society Phm",5099,1,18189,"Zone 3"
"Proceedings of the ASME 2021 Heat Transfer Summer Conference Ht 2021",5100,1,18190,"Zone 3"
"Proceedings of the Biennial International Pipeline Conference IPC",5101,1,18191,"Zone 3"
"Proceedings of the Estonian Academy of Sciences",5102,1,18192,"Zone 3"
"Proceedings of the IEEE Computer Society Conference on Computer Vision and Pattern Recognition",5103,1,18193,"Zone 3"
"Proceedings of the IEEE International Conference on Big Data Bigdata",5104,1,18194,"Zone 3"
"Proceedings of the IEEE International Conference on Micro Electro Mechanical Systems MEMS",5105,1,18195,"Zone 3"
"Proceedings of the Institute of Acoustics",5106,1,18196,"Zone 3"
"Proceedings of the Institution of Civil Engineers Transport",5107,1,18197,"Zone 3"
"Proceedings of the Institution of Mechanical Engineers Part H Journal of Engineering in Medicine",5108,1,18198,"Zone 3"
"PROCEEDINGS OF THE INSTITUTION OF MECHANICAL ENGINEERS. PART H, JOURNAL OF ENGINEERING IN MEDICINE",5109,1,18199,"Zone 3"
"Proceedings of the International Conference of Architectural Science Association",5110,1,18200,"Zone 3"
"Proceedings of the International Conference on Computer and Applications Icca 2022 Proceedings",5111,1,18201,"Zone 3"
"Proceedings of the International Conference on Electrical Engineering and Informatics",5112,1,18202,"Zone 3"
"Proceedings of the International Conference on Offshore Mechanics and Arctic Engineering OMAE",5113,1,18203,"Zone 3"
"Proceedings of the International Conference on Structural Dynamic Eurodyn",5114,1,18204,"Zone 3"
"Proceedings of the International Conferences on Big Data Analytics Data Mining and Computational Intelligence 2024 Bigdaci 2024 Connected Smart Cities 2024 CSC 2024 and E Health 2024 Eh 2024",5115,1,18205,"Zone 3"
"Proceedings of the International Conferences on ICT Society and Human Beings 2023 ICT 2023 and E Health 2023 Eh 2023 Connected Smart Cities 2023 CSC 2023 and Big Data Analytics Data Mining and Computational Intelligence 2023 Bigdaci 2023",5116,1,18206,"Zone 3"
"Proceedings of the International Congress on Acoustics",5117,1,18207,"Zone 3"
"Proceedings of the International Joint Conference on Neural Networks",5118,1,18208,"Zone 3"
"Proceedings of the International Symposium on Multiple Valued Logic",5119,1,18209,"Zone 3"
"Proceedings of the Nutrition Society",5120,1,18210,"Zone 3"
"Proceedings on Engineering Sciences",5121,1,18211,"Zone 3"
"PROCEEDINGS. IEEE INTERNATIONAL SYMPOSIUM ON BIOMEDICAL IMAGING",5122,1,18212,"Zone 3"
"Programming and Computer Software",5123,1,18213,"Zone 3"
"Progress in Additive Manufacturing",5124,1,18214,"Zone 3"
"PROGRESS IN CARDIOVASCULAR DISEASES",5125,1,18215,"Zone 3"
"Progress in Electromagnetics Research C",5126,1,18216,"Zone 3"
"Progress in Marine Science and Technology",5127,1,18217,"Zone 3"
"Progress in Molecular Biology and Translational Science",5128,1,18218,"Zone 3"
"Progress in Orthodontics",5129,1,18219,"Zone 3"
"Progress in Retinal and Eye Research",5130,1,18220,"Zone 3"
"Prostaglandins and Other Lipid Mediators",5131,1,18221,"Zone 3"
"Protecting and Mitigating Against Cyber Threats Deploying Artificial Intelligence and Machine Learning",5132,1,18222,"Zone 3"
"Protein and Peptide Letters",5133,1,18223,"Zone 3"
"PROTEIN AND PEPTIDE LETTERS",5134,1,18224,"Zone 3"
"Protein Expression and Purification",5135,1,18225,"Zone 3"
"Przeglad Elektrotechniczny",5136,1,18226,"Zone 3"
"Przeglad Epidemiologiczny",5137,1,18227,"Zone 3"
"PSYCHIATRIA DANUBINA",5138,1,18228,"Zone 3"
"Psychiatry and Clinical Neurosciences",5139,1,18229,"Zone 3"
"Psychiatry and Clinical Psychopharmacology",5140,1,18230,"Zone 3"
"Psychiatry Neurology and Medical Psychology",5141,1,18231,"Zone 3"
"PSYCHIATRY RESEARCH",5142,1,18232,"Zone 3"
"Psychogeriatrics",5143,1,18233,"Zone 3"
"Psychology of Sport and Exercise",5144,1,18234,"Zone 3"
"PSYCHOLOGY OF SPORT AND EXERCISE",5145,1,18235,"Zone 3"
"PSYCHONOMIC BULLETIN & REVIEW",5146,1,18236,"Zone 3"
"Psychonomic Bulletin and Review",5147,1,18237,"Zone 3"
"Psychophysiology",5148,1,18238,"Zone 3"
"PSYCHOPHYSIOLOGY",5149,1,18239,"Zone 3"
"Public Health Challenges",5150,1,18240,"Zone 3"
"PUBLIC HEALTH CHALLENGES",5151,1,18241,"Zone 3"
"Public Health of Indonesia",5152,1,18242,"Zone 3"
"Public Health Reports",5153,1,18243,"Zone 3"
"PUBLIC HEALTH REPORTS (WASHINGTON, D.C. : 1974)",5154,1,18244,"Zone 3"
"PUBLIC HEALTH RESEARCH & PRACTICE",5155,1,18245,"Zone 3"
"Public Health Reviews",5156,1,18246,"Zone 3"
"PUBLIC HEALTH REVIEWS",5157,1,18247,"Zone 3"
"Publications of the Astronomical Society of the Pacific",5158,1,18248,"Zone 3"
"Pulmonology",5159,1,18249,"Zone 3"
"Pure and Applied Chemistry",5160,1,18250,"Zone 3"
"Qiangjiguang Yu Lizishu High Power Laser and Particle Beams",5161,1,18251,"Zone 3"
"QJM : MONTHLY JOURNAL OF THE ASSOCIATION OF PHYSICIANS",5162,1,18252,"Zone 3"
"Quaestiones Geographicae",5163,1,18253,"Zone 3"
"Qualitative Health Research",5164,1,18254,"Zone 3"
"QUALITATIVE HEALTH RESEARCH",5165,1,18255,"Zone 3"
"Quantum",5166,1,18256,"Zone 3"
"Quest",5167,1,18257,"Zone 3"
"Radiation and Environmental Biophysics",5168,1,18258,"Zone 3"
"RADIATION AND ENVIRONMENTAL BIOPHYSICS",5169,1,18259,"Zone 3"
"Radiation Physics and Chemistry",5170,1,18260,"Zone 3"
"Radio Science",5171,1,18261,"Zone 3"
"RADIOGRAPHICS : A REVIEW PUBLICATION OF THE RADIOLOGICAL SOCIETY OF NORTH AMERICA, INC",5172,1,18262,"Zone 3"
"RADIOGRAPHY (LONDON, ENGLAND : 1995)",5173,1,18263,"Zone 3"
"Radiology Advances",5174,1,18264,"Zone 3"
"RADIOLOGY ADVANCES",5175,1,18265,"Zone 3"
"Rakenteiden Mekaniikka",5176,1,18266,"Zone 3"
"Rasayan Journal of Chemistry",5177,1,18267,"Zone 3"
"Rational Pharmacotherapy in Cardiology",5178,1,18268,"Zone 3"
"Rawal Medical Journal",5179,1,18269,"Zone 3"
"Re Designing the Continuum of Care for Older Adults the Future of Long Term Care Settings",5180,1,18270,"Zone 3"
"Recent Patents on Nanotechnology",5181,1,18271,"Zone 3"
"Recent Trends in Data Analytics and Computing Exploring Emerging Technologies and Future Directions A Proceeding of Icadac 2025",5182,1,18272,"Zone 3"
"Recent Trends in VLSI and Semiconductor Packaging",5183,1,18273,"Zone 3"
"Regenerative Therapy",5184,1,18274,"Zone 3"
"Regional Student Conferences 2025",5185,1,18275,"Zone 3"
"Regulatory Toxicology and Pharmacology",5186,1,18276,"Zone 3"
"REGULATORY TOXICOLOGY AND PHARMACOLOGY : RTP",5187,1,18277,"Zone 3"
"Rejuvenation Research",5188,1,18278,"Zone 3"
"REJUVENATION RESEARCH",5189,1,18279,"Zone 3"
"Reliability Theory and Applications",5190,1,18280,"Zone 3"
"Remote Sensing in Earth Systems Sciences",5191,1,18281,"Zone 3"
"Reneng Dongli Gongcheng Journal of Engineering for Thermal Energy and Power",5192,1,18282,"Zone 3"
"Reports in Medical Imaging",5193,1,18283,"Zone 3"
"Research",5194,1,18284,"Zone 3"
"RESEARCH (WASHINGTON, D.C.)",5195,1,18285,"Zone 3"
"RESEARCH AND PRACTICE IN THROMBOSIS AND HAEMOSTASIS",5196,1,18286,"Zone 3"
"Research and Reports in Urology",5197,1,18287,"Zone 3"
"Research Anthology on Environmental and Societal Impacts of Climate Change",5198,1,18288,"Zone 3"
"Research in Sports Medicine",5199,1,18289,"Zone 3"
"RESEARCH IN SPORTS MEDICINE (PRINT)",5200,1,18290,"Zone 3"
"Research on Biomedical Engineering",5201,1,18291,"Zone 3"
"Research Results in Pharmacology",5202,1,18292,"Zone 3"
"Resources Conservation and Recycling",5203,1,18293,"Zone 3"
"Respiratory Investigation",5204,1,18294,"Zone 3"
"RESPIRATORY INVESTIGATION",5205,1,18295,"Zone 3"
"Respiratory Medicine and Research",5206,1,18296,"Zone 3"
"Respiratory Medicine Case Reports",5207,1,18297,"Zone 3"
"Respirology Case Reports",5208,1,18298,"Zone 3"
"RESTORATIVE NEUROLOGY AND NEUROSCIENCE",5209,1,18299,"Zone 3"
"Results in Chemistry",5210,1,18300,"Zone 3"
"Retina",5211,1,18301,"Zone 3"
"RETINA (PHILADELPHIA, PA.)",5212,1,18302,"Zone 3"
"Retos",5213,1,18303,"Zone 3"
"Reumatologia Clinica",5214,1,18304,"Zone 3"
"Review of Economics",5215,1,18305,"Zone 3"
"Reviews in Analytical Chemistry",5216,1,18306,"Zone 3"
"REVIEWS IN CARDIOVASCULAR MEDICINE",5217,1,18307,"Zone 3"
"Reviews in the Neurosciences",5218,1,18308,"Zone 3"
"Reviews of Geophysics",5219,1,18309,"Zone 3"
"Revista Brasileira De Ciencias do Esporte",5220,1,18310,"Zone 3"
"Revista Brasileira De Ensino De Fisica",5221,1,18311,"Zone 3"
"Revista Brasileira De Medicina do Esporte",5222,1,18312,"Zone 3"
"Revista Chilena De Anestesia",5223,1,18313,"Zone 3"
"Revista Cientifica De La Sociedad Espanola De Enfermeria Neurologica",5224,1,18314,"Zone 3"
"Revista Da Associacao Medica Brasileira",5225,1,18315,"Zone 3"
"REVISTA DA ASSOCIACAO MEDICA BRASILEIRA (1992)",5226,1,18316,"Zone 3"
"Revista De Filosofia Venezuela",5227,1,18317,"Zone 3"
"Revista De La Academia Colombiana De Ciencias Exactas Fisicas Y Naturales",5228,1,18318,"Zone 3"
"REVISTA DE NEUROLOGIA",5229,1,18319,"Zone 3"
"Revista De Saude Publica",5230,1,18320,"Zone 3"
"Revista Ecuatoriana De Neurologia",5231,1,18321,"Zone 3"
"Revista Latinoamericana De Hipertension",5232,1,18322,"Zone 3"
"Revista Medica Clinica Las Condes",5233,1,18323,"Zone 3"
"Revista Mexicana De Ciencias Pecuarias",5234,1,18324,"Zone 3"
"Revista Panamericana De Salud Publica Pan American Journal of Public Health",5235,1,18325,"Zone 3"
"Revista Virtual De Quimica",5236,1,18326,"Zone 3"
"Revue De L Infirmiere",5237,1,18327,"Zone 3"
"Revue Medicale De Bruxelles",5238,1,18328,"Zone 3"
"Rheologica Acta",5239,1,18329,"Zone 3"
"Rheumatic Disease Clinics of North America",5240,1,18330,"Zone 3"
"RHEUMATOLOGY INTERNATIONAL",5241,1,18331,"Zone 3"
"Rheumatology United Kingdom",5242,1,18332,"Zone 3"
"RHODE ISLAND MEDICAL JOURNAL (2013)",5243,1,18333,"Zone 3"
"RMD OPEN",5244,1,18334,"Zone 3"
"Road Materials and Pavement Design",5245,1,18335,"Zone 3"
"Robotics",5246,1,18336,"Zone 3"
"Rooks Textbook of Dermatology",5247,1,18337,"Zone 3"
"Rossiiskii Oftal Mologicheskii Zhurnal",5248,1,18338,"Zone 3"
"Rossiyskiy Vestnik Perinatologii I Pediatrii",5249,1,18339,"Zone 3"
"Routledge Handbook of Regional Design",5250,1,18340,"Zone 3"
"Routledge Handbook of Resilient Thermal Comfort",5251,1,18341,"Zone 3"
"Rsc Medicinal Chemistry",5252,1,18342,"Zone 3"
"Russian Cardiology Bulletin",5253,1,18343,"Zone 3"
"Russian Engineering Research",5254,1,18344,"Zone 3"
"Russian Meteorology and Hydrology",5255,1,18345,"Zone 3"
"Russian Open Medical Journal",5256,1,18346,"Zone 3"
"Sadhana Academy Proceedings in Engineering Sciences",5257,1,18347,"Zone 3"
"SAE International Journal of Advances and Current Practices in Mobility",5258,1,18348,"Zone 3"
"Safe and Sustainable Mobility by Design Safe Cities Vehicles Institutions and Human Rights",5259,1,18349,"Zone 3"
"Safety and Health at Work",5260,1,18350,"Zone 3"
"Safety and Risk of Pharmacotherapy",5261,1,18351,"Zone 3"
"Sage Open Medical Case Reports",5262,1,18352,"Zone 3"
"Salud I Ciencia",5263,1,18353,"Zone 3"
"Sangyo Eiseigaku Zasshi Journal of Occupational Health",5264,1,18354,"Zone 3"
"Sao Paulo Medical Journal",5265,1,18355,"Zone 3"
"SAO PAULO MEDICAL JOURNAL = REVISTA PAULISTA DE MEDICINA",5266,1,18356,"Zone 3"
"Saudi Journal of Medicine and Medical Sciences",5267,1,18357,"Zone 3"
"SAUDI MEDICAL JOURNAL",5268,1,18358,"Zone 3"
"Scandinavian Cardiovascular Journal",5269,1,18359,"Zone 3"
"Scandinavian Journal of Public Health",5270,1,18360,"Zone 3"
"SCANDINAVIAN JOURNAL OF PUBLIC HEALTH",5271,1,18361,"Zone 3"
"Scandinavian Journal of Trauma Resuscitation and Emergency Medicine",5272,1,18362,"Zone 3"
"Schizophrenia Bulletin",5273,1,18363,"Zone 3"
"Schizophrenia Research",5274,1,18364,"Zone 3"
"Science and Technology Indonesia",5275,1,18365,"Zone 3"
"Science and Technology of Advanced Materials",5276,1,18366,"Zone 3"
"SCIENCE AND TECHNOLOGY OF ADVANCED MATERIALS",5277,1,18367,"Zone 3"
"Science and Technology of Food Industry",5278,1,18368,"Zone 3"
"SCIENCE BULLETIN",5279,1,18369,"Zone 3"
"Science China Life Sciences",5280,1,18370,"Zone 3"
"SCIENCE CHINA. LIFE SCIENCES",5281,1,18371,"Zone 3"
"Science of Soil and Water Conservation",5282,1,18372,"Zone 3"
"Science Progress",5283,1,18373,"Zone 3"
"SCIENCE PROGRESS",5284,1,18374,"Zone 3"
"Sciencerise Pharmaceutical Science",5285,1,18375,"Zone 3"
"Scientific Data",5286,1,18376,"Zone 3"
"SCIENTIFIC DATA",5287,1,18377,"Zone 3"
"Security and Risk Analysis for Intelligent Cloud Computing Methods Applications and Preventions",5288,1,18378,"Zone 3"
"Seizure",5289,1,18379,"Zone 3"
"SEIZURE",5290,1,18380,"Zone 3"
"SEMINARS IN FETAL & NEONATAL MEDICINE",5291,1,18381,"Zone 3"
"Seminars in Immunology",5292,1,18382,"Zone 3"
"SEMINARS IN IMMUNOPATHOLOGY",5293,1,18383,"Zone 3"
"SEMINARS IN PEDIATRIC NEUROLOGY",5294,1,18384,"Zone 3"
"SEMINARS IN ROENTGENOLOGY",5295,1,18385,"Zone 3"
"Seminars in Speech and Language",5296,1,18386,"Zone 3"
"SEMINARS IN SPEECH AND LANGUAGE",5297,1,18387,"Zone 3"
"Seminars in Thoracic and Cardiovascular Surgery",5298,1,18388,"Zone 3"
"Seminars in Thrombosis and Hemostasis",5299,1,18389,"Zone 3"
"SEMINARS IN VASCULAR SURGERY",5300,1,18390,"Zone 3"
"Sensors and Materials",5301,1,18391,"Zone 3"
"Sensors Basel Switzerland",5302,1,18392,"Zone 3"
"Sensys 2022 Proceedings of the 20th ACM Conference on Embedded Networked Sensor Systems",5303,1,18393,"Zone 3"
"Separation and Purification Technology",5304,1,18394,"Zone 3"
"Series on Biomechanics",5305,1,18395,"Zone 3"
"Shengtai Xuebao",5306,1,18396,"Zone 3"
"Shuju Caiji Yu Chuli Journal of Data Acquisition and Processing",5307,1,18397,"Zone 3"
"Siberian Journal of Clinical and Experimental Medicine",5308,1,18398,"Zone 3"
"SICE Journal of Control Measurement and System Integration",5309,1,18399,"Zone 3"
"Sichuan Da Xue Xue Bao Yi Xue Ban Journal of Sichuan University Medical Science Edition",5310,1,18400,"Zone 3"
"Sideline Management in Sports",5311,1,18401,"Zone 3"
"Signal Processing",5312,1,18402,"Zone 3"
"Signal Transduction and Targeted Therapy",5313,1,18403,"Zone 3"
"Simulation Series",5314,1,18404,"Zone 3"
"Singapore Journal of Tropical Geography",5315,1,18405,"Zone 3"
"Singapore Medical Journal",5316,1,18406,"Zone 3"
"Sistema",5317,1,18407,"Zone 3"
"Skeletal Muscle",5318,1,18408,"Zone 3"
"SKELETAL MUSCLE",5319,1,18409,"Zone 3"
"Slas Technology",5320,1,18410,"Zone 3"
"SLEEP",5321,1,18411,"Zone 3"
"Sleep and Biological Rhythms",5322,1,18412,"Zone 3"
"Sleep and Vigilance",5323,1,18413,"Zone 3"
"Sleep Medicine Clinics",5324,1,18414,"Zone 3"
"Smart Agricultural Technology",5325,1,18415,"Zone 3"
"Smartphone Based Detection Devices Emerging Trends in Analytical Techniques",5326,1,18416,"Zone 3"
"Sname 7th International Symposium on Ship Operations Management and Economics Some 2021",5327,1,18417,"Zone 3"
"Social Science Forum",5328,1,18418,"Zone 3"
"SOCIAL SCIENCES & HUMANITIES OPEN",5329,1,18419,"Zone 3"
"Social Sciences and Humanities Open",5330,1,18420,"Zone 3"
"Social Work in Public Health",5331,1,18421,"Zone 3"
"SOCIAL WORK IN PUBLIC HEALTH",5332,1,18422,"Zone 3"
"Society of Petroleum Engineers Abu Dhabi International Petroleum Exhibition and Conference 2020 Adip 2020",5333,1,18423,"Zone 3"
"Society of Petroleum Engineers Adipec 2025",5334,1,18424,"Zone 3"
"Society of Petroleum Engineers Adipec Adip 2023",5335,1,18425,"Zone 3"
"Society of Petroleum Engineers Gotech Conference 2024",5336,1,18426,"Zone 3"
"Society of Petroleum Engineers SPE Conference at Oman Petroleum and Energy Show Opes 2026",5337,1,18427,"Zone 3"
"Society of Petroleum Engineers SPE Iatmi Asia Pacific Oil and Gas Conference and Exhibition Apog 2023",5338,1,18428,"Zone 3"
"Society of Petroleum Engineers SPE Nigeria Annual International Conference and Exhibition Naic 2023",5339,1,18429,"Zone 3"
"Soft Robotics",5340,1,18430,"Zone 3"
"SOFT ROBOTICS",5341,1,18431,"Zone 3"
"Soins Aides Soignantes",5342,1,18432,"Zone 3"
"Solid State Phenomena",5343,1,18433,"Zone 3"
"Sound and Vibration",5344,1,18434,"Zone 3"
"South African Journal of Science",5345,1,18435,"Zone 3"
"South Sudan Medical Journal",5346,1,18436,"Zone 3"
"Southern African Journal of Anaesthesia and Analgesia",5347,1,18437,"Zone 3"
"Space Science and Technology",5348,1,18438,"Zone 3"
"SPATIAL AND SPATIO-TEMPORAL EPIDEMIOLOGY",5349,1,18439,"Zone 3"
"Spatial Modeling of Environmental Pollution and Ecological Risk",5350,1,18440,"Zone 3"
"SPE Annual Technical Conference Proceedings",5351,1,18441,"Zone 3"
"SPE Western Regional Meeting Proceedings",5352,1,18442,"Zone 3"
"Spinal Cord Series and Cases",5353,1,18443,"Zone 3"
"Sport Sciences for Health",5354,1,18444,"Zone 3"
"Sports",5355,1,18445,"Zone 3"
"SPORTS (BASEL, SWITZERLAND)",5356,1,18446,"Zone 3"
"Sports Biomechanics",5357,1,18447,"Zone 3"
"SPORTS BIOMECHANICS",5358,1,18448,"Zone 3"
"Sports Cardiology Care of the Athletic Heart from the Clinic to the Sidelines",5359,1,18449,"Zone 3"
"Sports Medicine and Health Science",5360,1,18450,"Zone 3"
"Sports Medicine Its Environmental",5361,1,18451,"Zone 3"
"Springer Series on Naval Architecture Marine Engineering Shipbuilding and Shipping",5362,1,18452,"Zone 3"
"Springer Water",5363,1,18453,"Zone 3"
"Sri Lankan Journal of Anaesthesiology",5364,1,18454,"Zone 3"
"Ssm Qualitative Research in Health",5365,1,18455,"Zone 3"
"Ssrg International Journal of Electrical and Electronics Engineering",5366,1,18456,"Zone 3"
"Ssrg International Journal of Mechanical Engineering",5367,1,18457,"Zone 3"
"STAR PROTOCOLS",5368,1,18458,"Zone 3"
"Stem Cell Biology and Regenerative Medicine",5369,1,18459,"Zone 3"
"Stem Cell Reviews and Reports",5370,1,18460,"Zone 3"
"Stochastic Environmental Research and Risk Assessment",5371,1,18461,"Zone 3"
"STRAHLENTHERAPIE UND ONKOLOGIE : ORGAN DER DEUTSCHEN RONTGENGESELLSCHAFT ... [ET AL]",5372,1,18462,"Zone 3"
"Strojnicky Casopis Journal of Mechanical Engineering",5373,1,18463,"Zone 3"
"Structural Engineering and Mechanics",5374,1,18464,"Zone 3"
"Structural Inequalities and Health Outcomes for Chronic Disease",5375,1,18465,"Zone 3"
"Structural Integrity",5376,1,18466,"Zone 3"
"Studies in Conservation",5377,1,18467,"Zone 3"
"Substance Abuse Research and Treatment",5378,1,18468,"Zone 3"
"SUBSTANCE ABUSE TREATMENT, PREVENTION, AND POLICY",5379,1,18469,"Zone 3"
"Superconductivity",5380,1,18470,"Zone 3"
"Surface and Coatings Technology",5381,1,18471,"Zone 3"
"Surface Review and Letters",5382,1,18472,"Zone 3"
"Surfaces and Interfaces",5383,1,18473,"Zone 3"
"Surgery A Case Based Clinical Review",5384,1,18474,"Zone 3"
"Surgery in Practice and Science",5385,1,18475,"Zone 3"
"Surgical and Interventional Treatment of Cerebral Ischemia Basic Science to Clinical Practice",5386,1,18476,"Zone 3"
"Sustainability Science",5387,1,18477,"Zone 3"
"Sustainable Chemistry for Climate Action",5388,1,18478,"Zone 3"
"Sustainable Development Goals Series",5389,1,18479,"Zone 3"
"Sustainable Green Infrastructure Materials and Technologies",5390,1,18480,"Zone 3"
"Sustainable Mediterranean Construction",5391,1,18481,"Zone 3"
"Swiss Medical Weekly",5392,1,18482,"Zone 3"
"SWISS MEDICAL WEEKLY",5393,1,18483,"Zone 3"
"Symmetry",5394,1,18484,"Zone 3"
"Systematic Reviews",5395,1,18485,"Zone 3"
"Systematic Reviews in Pharmacy",5396,1,18486,"Zone 3"
"TAIWANESE JOURNAL OF OBSTETRICS & GYNECOLOGY",5397,1,18487,"Zone 3"
"Tale 2025 2025 IEEE International Conference on Teaching Assessment and Learning for Engineering Proceedings",5398,1,18488,"Zone 3"
"Tasmans Psychiatry Fifth Edition",5399,1,18489,"Zone 3"
"Technical Electrodynamics",5400,1,18490,"Zone 3"
"Techno Societal 2018 Proceedings of the 2nd International Conference on Advanced Technologies for Societal Applications",5401,1,18491,"Zone 3"
"TECHNOLOGY AND HEALTH CARE : OFFICIAL JOURNAL OF THE EUROPEAN SOCIETY FOR ENGINEERING AND MEDICINE",5402,1,18492,"Zone 3"
"Tehnicki Vjesnik",5403,1,18493,"Zone 3"
"Tehran University Medical Journal",5404,1,18494,"Zone 3"
"Tetsu to Hagane Journal of the Iron and Steel Institute of Japan",5405,1,18495,"Zone 3"
"Texas Heart Institute Journal",5406,1,18496,"Zone 3"
"TEXAS HEART INSTITUTE JOURNAL",5407,1,18497,"Zone 3"
"Textbook of Children S Environmental Health Second Edition",5408,1,18498,"Zone 3"
"Textbook of Critical Care",5409,1,18499,"Zone 3"
"Textbook of Paediatric Emergency Medicine",5410,1,18500,"Zone 3"
"Tezhong Zhuzao Ji Youse Hejin Special Casting and Nonferrous Alloys",5411,1,18501,"Zone 3"
"Thai Journal of Public Health",5412,1,18502,"Zone 3"
"THE AMERICAN JOURNAL OF CARDIOLOGY",5413,1,18503,"Zone 3"
"THE AMERICAN JOURNAL OF CLINICAL NUTRITION",5414,1,18504,"Zone 3"
"THE AMERICAN JOURNAL OF FORENSIC MEDICINE AND PATHOLOGY",5415,1,18505,"Zone 3"
"THE AMERICAN JOURNAL OF MEDICINE",5416,1,18506,"Zone 3"
"THE AMERICAN JOURNAL OF NURSING",5417,1,18507,"Zone 3"
"THE AMERICAN JOURNAL OF THE MEDICAL SCIENCES",5418,1,18508,"Zone 3"
"THE BIOCHEMICAL JOURNAL",5419,1,18509,"Zone 3"
"THE BROWN JOURNAL OF HOSPITAL MEDICINE",5420,1,18510,"Zone 3"
"THE CEYLON MEDICAL JOURNAL",5421,1,18511,"Zone 3"
"THE CHINESE JOURNAL OF PHYSIOLOGY",5422,1,18512,"Zone 3"
"THE CLINICAL JOURNAL OF PAIN",5423,1,18513,"Zone 3"
"THE CLINICAL NEUROPSYCHOLOGIST",5424,1,18514,"Zone 3"
"THE EUROPEAN JOURNAL OF HEALTH ECONOMICS : HEPAC : HEALTH ECONOMICS IN PREVENTION AND CARE",5425,1,18515,"Zone 3"
"THE EUROPEAN JOURNAL OF NEUROSCIENCE",5426,1,18516,"Zone 3"
"THE INTERNATIONAL JOURNAL OF OCCUPATIONAL AND ENVIRONMENTAL MEDICINE",5427,1,18517,"Zone 3"
"THE INTERNATIONAL JOURNAL OF PROSTHODONTICS",5428,1,18518,"Zone 3"
"THE ISRAEL MEDICAL ASSOCIATION JOURNAL : IMAJ",5429,1,18519,"Zone 3"
"THE JOURNAL OF ALLERGY AND CLINICAL IMMUNOLOGY. IN PRACTICE",5430,1,18520,"Zone 3"
"THE JOURNAL OF CARDIOVASCULAR NURSING",5431,1,18521,"Zone 3"
"THE JOURNAL OF CLINICAL ENDOCRINOLOGY AND METABOLISM",5432,1,18522,"Zone 3"
"THE JOURNAL OF CLINICAL INVESTIGATION",5433,1,18523,"Zone 3"
"THE JOURNAL OF LARYNGOLOGY AND OTOLOGY",5434,1,18524,"Zone 3"
"THE JOURNAL OF NEUROSCIENCE : THE OFFICIAL JOURNAL OF THE SOCIETY FOR NEUROSCIENCE",5435,1,18525,"Zone 3"
"THE JOURNAL OF NEUROSCIENCE NURSING : JOURNAL OF THE AMERICAN ASSOCIATION OF NEUROSCIENCE NURSES",5436,1,18526,"Zone 3"
"THE JOURNAL OF PHARMACOLOGY AND EXPERIMENTAL THERAPEUTICS",5437,1,18527,"Zone 3"
"THE JOURNAL OF PHARMACY AND PHARMACOLOGY",5438,1,18528,"Zone 3"
"THE JOURNAL OF RHEUMATOLOGY",5439,1,18529,"Zone 3"
"THE JOURNAL OF SUPERCRITICAL FLUIDS",5440,1,18530,"Zone 3"
"THE JOURNAL OF SURGICAL RESEARCH",5441,1,18531,"Zone 3"
"THE JOURNAL OF THE ACOUSTICAL SOCIETY OF AMERICA",5442,1,18532,"Zone 3"
"THE JOURNAL OF THE ROYAL COLLEGE OF PHYSICIANS OF EDINBURGH",5443,1,18533,"Zone 3"
"THE JOURNAL OF TOXICOLOGICAL SCIENCES",5444,1,18534,"Zone 3"
"THE LANCET. INFECTIOUS DISEASES",5445,1,18535,"Zone 3"
"THE MEDICAL JOURNAL OF MALAYSIA",5446,1,18536,"Zone 3"
"THE MENTAL HEALTH CLINICIAN",5447,1,18537,"Zone 3"
"THE NEUROHOSPITALIST",5448,1,18538,"Zone 3"
"THE YALE JOURNAL OF BIOLOGY AND MEDICINE",5449,1,18539,"Zone 3"
"THERANOSTICS",5450,1,18540,"Zone 3"
"THERAPEUTIC ADVANCES IN CARDIOVASCULAR DISEASE",5451,1,18541,"Zone 3"
"Therapeutic Advances in Endocrinology and Metabolism",5452,1,18542,"Zone 3"
"Therapeutic Advances in Hematology",5453,1,18543,"Zone 3"
"Therapeutic Advances in Infectious Disease",5454,1,18544,"Zone 3"
"Therapeutic Advances in Pulmonary and Critical Care Medicine",5455,1,18545,"Zone 3"
"Therapeutic Advances in Respiratory Disease",5456,1,18546,"Zone 3"
"Therapeutic Drug Monitoring",5457,1,18547,"Zone 3"
"THERAPEUTIC INNOVATION & REGULATORY SCIENCE",5458,1,18548,"Zone 3"
"Therapeutic Innovation and Regulatory Science",5459,1,18549,"Zone 3"
"Therapies",5460,1,18550,"Zone 3"
"Thermo",5461,1,18551,"Zone 3"
"Thermodynamics of Heat Engines",5462,1,18552,"Zone 3"
"Thin Walled Structures",5463,1,18553,"Zone 3"
"Thoracic and Cardiovascular Surgeon Supplement",5464,1,18554,"Zone 3"
"Thoracic Cancer",5465,1,18555,"Zone 3"
"Thoracic Research and Practice",5466,1,18556,"Zone 3"
"Thrombosis Update",5467,1,18557,"Zone 3"
"Thyroid",5468,1,18558,"Zone 3"
"Tianjin Daxue Xuebao Ziran Kexue Yu Gongcheng Jishu Ban Journal of Tianjin University Science and Technology",5469,1,18559,"Zone 3"
"TISSUE & CELL",5470,1,18560,"Zone 3"
"Tissue and Cell",5471,1,18561,"Zone 3"
"TOBACCO CONTROL",5472,1,18562,"Zone 3"
"Tohoku Journal of Experimental Medicine",5473,1,18563,"Zone 3"
"Tokai Journal of Experimental and Clinical Medicine",5474,1,18564,"Zone 3"
"Tongji Daxue Xuebao Journal of Tongji University",5475,1,18565,"Zone 3"
"Topics in Antiviral Medicine",5476,1,18566,"Zone 3"
"Topics in Magnetic Resonance Imaging",5477,1,18567,"Zone 3"
"Torrential Rain and Disasters",5478,1,18568,"Zone 3"
"TOXICOLOGIC PATHOLOGY",5479,1,18569,"Zone 3"
"Toxicologie Analytique Et Clinique",5480,1,18570,"Zone 3"
"TOXICOLOGY IN VITRO : AN INTERNATIONAL JOURNAL PUBLISHED IN ASSOCIATION WITH BIBRA",5481,1,18571,"Zone 3"
"TOXICOLOGY LETTERS",5482,1,18572,"Zone 3"
"TOXICOLOGY MECHANISMS AND METHODS",5483,1,18573,"Zone 3"
"Trac Trends in Analytical Chemistry",5484,1,18574,"Zone 3"
"Traditional and Kampo Medicine",5485,1,18575,"Zone 3"
"Traditional Medicine Research",5486,1,18576,"Zone 3"
"Traffic Injury Prevention",5487,1,18577,"Zone 3"
"Traffic Related Air Pollution",5488,1,18578,"Zone 3"
"Transactions of Nanjing University of Aeronautics and Astronautics",5489,1,18579,"Zone 3"
"Transactions of Nonferrous Metals Society of China English Edition",5490,1,18580,"Zone 3"
"Transactions of the Asabe",5491,1,18581,"Zone 3"
"Transactions of the Indian Institute of Metals",5492,1,18582,"Zone 3"
"Transactions of the Korean Society of Mechanical Engineers B",5493,1,18583,"Zone 3"
"Transactions on Electrical and Electronic Materials",5494,1,18584,"Zone 3"
"Transformative Applied Research Breakthrough Research in A Changing World",5495,1,18585,"Zone 3"
"Translational Psychiatry",5496,1,18586,"Zone 3"
"TRANSLATIONAL VISION SCIENCE & TECHNOLOGY",5497,1,18587,"Zone 3"
"Translational Vision Science and Technology",5498,1,18588,"Zone 3"
"Transplant Immunology",5499,1,18589,"Zone 3"
"Transplant Infectious Disease",5500,1,18590,"Zone 3"
"Transplant International",5501,1,18591,"Zone 3"
"Transplantation and Cellular Therapy",5502,1,18592,"Zone 3"
"Transplantation Proceedings",5503,1,18593,"Zone 3"
"Transport",5504,1,18594,"Zone 3"
"Transportation Engineering",5505,1,18595,"Zone 3"
"Transportation Research Procedia",5506,1,18596,"Zone 3"
"Transportation Safety and Environment",5507,1,18597,"Zone 3"
"Trauma Case Reports",5508,1,18598,"Zone 3"
"Trauma United Kingdom",5509,1,18599,"Zone 3"
"TRENDS IN CARDIOVASCULAR MEDICINE",5510,1,18600,"Zone 3"
"Trends in Food Science and Technology",5511,1,18601,"Zone 3"
"TRENDS IN HEARING",5512,1,18602,"Zone 3"
"TRENDS IN PHARMACOLOGICAL SCIENCES",5513,1,18603,"Zone 3"
"Tribology Transactions",5514,1,18604,"Zone 3"
"Tromboz Gemostaz I Reologiya",5515,1,18605,"Zone 3"
"TROPICAL DOCTOR",5516,1,18606,"Zone 3"
"Tsinghua Science and Technology",5517,1,18607,"Zone 3"
"Tsvetnye Metally",5518,1,18608,"Zone 3"
"Tumor Targeting with Stimuli Responsive Vesicular Nanocarriers Basics to Emerging Applications",5519,1,18609,"Zone 3"
"Turk Kardiyoloji Dernegi Arsivi",5520,1,18610,"Zone 3"
"Turkish Journal of Emergency Medicine",5521,1,18611,"Zone 3"
"Turkish Journal of Pediatrics",5522,1,18612,"Zone 3"
"Turkish Journal of Surgery",5523,1,18613,"Zone 3"
"TURKISH JOURNAL OF SURGERY",5524,1,18614,"Zone 3"
"Turkish Neurosurgery",5525,1,18615,"Zone 3"
"Tzu Chi Medical Journal",5526,1,18616,"Zone 3"
"U Porto Journal of Engineering",5527,1,18617,"Zone 3"
"Ubicomp Companion 2025 Companion of the 2025 ACM International Joint Conference on Pervasive and Ubiquitous Computing",5528,1,18618,"Zone 3"
"Ugeskrift for Laeger",5529,1,18619,"Zone 3"
"Ukrainian Journal of Radiology and Oncology",5530,1,18620,"Zone 3"
"Ukrainskyi Zhurnal Sertsevo Sudynnoi Khirurhii",5531,1,18621,"Zone 3"
"ULTRASOUND IN MEDICINE & BIOLOGY",5532,1,18622,"Zone 3"
"Ultrasound Journal",5533,1,18623,"Zone 3"
"United European Gastroenterology Journal",5534,1,18624,"Zone 3"
"Urban Ecology Emerging Patterns and Social Ecological Systems",5535,1,18625,"Zone 3"
"Urban Studies",5536,1,18626,"Zone 3"
"Urban Sustainability",5537,1,18627,"Zone 3"
"Urologiia",5538,1,18628,"Zone 3"
"Urology Case Reports",5539,1,18629,"Zone 3"
"Vaccine",5540,1,18630,"Zone 3"
"Vaccines",5541,1,18631,"Zone 3"
"Vacuum",5542,1,18632,"Zone 3"
"Vasa European Journal of Vascular Medicine",5543,1,18633,"Zone 3"
"VASCULAR HEALTH AND RISK MANAGEMENT",5544,1,18634,"Zone 3"
"Vascular Medicine United Kingdom",5545,1,18635,"Zone 3"
"Vascular Neurology Board Review an Essential Study Guide",5546,1,18636,"Zone 3"
"Vascular Specialist International",5547,1,18637,"Zone 3"
"VAVILOVSKII ZHURNAL GENETIKI I SELEKTSII",5548,1,18638,"Zone 3"
"Vestnik Archeologii Antropologii I Etnografii",5549,1,18639,"Zone 3"
"Veterinarni Medicina",5550,1,18640,"Zone 3"
"VETERINARNI MEDICINA",5551,1,18641,"Zone 3"
"Veterinary Evidence",5552,1,18642,"Zone 3"
"Veterinary Radiology and Ultrasound",5553,1,18643,"Zone 3"
"Veterinary Record Case Reports",5554,1,18644,"Zone 3"
"Veterinary Research Forum",5555,1,18645,"Zone 3"
"VETERINARY RESEARCH FORUM : AN INTERNATIONAL QUARTERLY JOURNAL",5556,1,18646,"Zone 3"
"Veterinary Sciences",5557,1,18647,"Zone 3"
"Vfast Transactions on Software Engineering",5558,1,18648,"Zone 3"
"Vibration",5559,1,18649,"Zone 3"
"Virulence",5560,1,18650,"Zone 3"
"Viruses",5561,1,18651,"Zone 3"
"Vision Research",5562,1,18652,"Zone 3"
"VISION RESEARCH",5563,1,18653,"Zone 3"
"Weather and Climate Extremes",5564,1,18654,"Zone 3"
"Weather and Forecasting",5565,1,18655,"Zone 3"
"Weather Climate and Society",5566,1,18656,"Zone 3"
"Web Intelligence",5567,1,18657,"Zone 3"
"Welding International",5568,1,18658,"Zone 3"
"Whole Body Cryostimulation Clinical Applications",5569,1,18659,"Zone 3"
"Wiadomosci Lekarskie Warsaw Poland 1960",5570,1,18660,"Zone 3"
"Wiener Klinische Wochenschrift",5571,1,18661,"Zone 3"
"WIENER KLINISCHE WOCHENSCHRIFT",5572,1,18662,"Zone 3"
"Wiener Medizinische Wochenschrift",5573,1,18663,"Zone 3"
"Wiley Interdisciplinary Reviews Nanomedicine and Nanobiotechnology",5574,1,18664,"Zone 3"
"Wireless Personal Communications",5575,1,18665,"Zone 3"
"Wit Transactions on Ecology and the Environment",5576,1,18666,"Zone 3"
"World Conference on Earthquake Engineering Proceedings",5577,1,18667,"Zone 3"
"World Electric Vehicle Journal",5578,1,18668,"Zone 3"
"World Food Policy",5579,1,18669,"Zone 3"
"WORLD HAPTICS CONFERENCE. WORLD HAPTICS CONFERENCE",5580,1,18670,"Zone 3"
"World Journal for Pediatric and Congenital Heart Surgery",5581,1,18671,"Zone 3"
"World Journal of Acupuncture Moxibustion",5582,1,18672,"Zone 3"
"World Journal of Cardiology",5583,1,18673,"Zone 3"
"WORLD JOURNAL OF CARDIOLOGY",5584,1,18674,"Zone 3"
"WORLD JOURNAL OF EMERGENCY MEDICINE",5585,1,18675,"Zone 3"
"World Journal of Gastroenterology",5586,1,18676,"Zone 3"
"WORLD JOURNAL OF PSYCHIATRY",5587,1,18677,"Zone 3"
"WORLD JOURNAL OF RADIOLOGY",5588,1,18678,"Zone 3"
"World Journal of Traditional Chinese Medicine",5589,1,18679,"Zone 3"
"World Medical and Health Policy",5590,1,18680,"Zone 3"
"World Psychiatry",5591,1,18681,"Zone 3"
"World Scientific Encyclopedia of Climate Change Case Studies of Climate Risk Action and Opportunity in 3 Volumes",5592,1,18682,"Zone 3"
"Wound Repair and Regeneration",5593,1,18683,"Zone 3"
"Xinan Shiyou Daxue Xuebao Journal of Southwest Petroleum University",5594,1,18684,"Zone 3"
"Yanshilixue Yu Gongcheng Xuebao Chinese Journal of Rock Mechanics and Engineering",5595,1,18685,"Zone 3"
"YING YONG SHENG TAI XUE BAO = THE JOURNAL OF APPLIED ECOLOGY",5596,1,18686,"Zone 3"
"Yingyong Lixue Xuebao Chinese Journal of Applied Mechanics",5597,1,18687,"Zone 3"
"Yiyong Shengwu Lixue Journal of Medical Biomechanics",5598,1,18688,"Zone 3"
"Youth Athlete A Practitioner S Guide to Providing Comprehensive Sports Medicine Care",5599,1,18689,"Zone 3"
"Zeitschrift Fur Allgemeinmedizin",5600,1,18690,"Zone 3"
"Zeitschrift Fur Gerontologie Und Geriatrie",5601,1,18691,"Zone 3"
"ZEITSCHRIFT FUR GERONTOLOGIE UND GERIATRIE",5602,1,18692,"Zone 3"
"Zeitschrift Fur Naturforschung Section A Journal of Physical Sciences",5603,1,18693,"Zone 3"
"Zeitschrift Fur Pneumologie",5604,1,18694,"Zone 3"
"ZHEJIANG DA XUE XUE BAO. YI XUE BAN = JOURNAL OF ZHEJIANG UNIVERSITY. MEDICAL SCIENCES",5605,1,18695,"Zone 3"
"Zhejiang Electric Power",5606,1,18696,"Zone 3"
"Zhendong Ceshi Yu Zhenduan Journal of Vibration Measurement and Diagnosis",5607,1,18697,"Zone 3"
"Zhong Nan Da Xue Xue Bao Yi Xue Ban Journal of Central South University Medical Sciences",5608,1,18698,"Zone 3"
"ZHONG NAN DA XUE XUE BAO. YI XUE BAN = JOURNAL OF CENTRAL SOUTH UNIVERSITY. MEDICAL SCIENCES",5609,1,18699,"Zone 3"
"ZHONGGUO DANG DAI ER KE ZA ZHI = CHINESE JOURNAL OF CONTEMPORARY PEDIATRICS",5610,1,18700,"Zone 3"
"Zhongguo Dongmai Yinghua Zazhi",5611,1,18701,"Zone 3"
"Zhongguo Kongjian Kexue Jishu Chinese Space Science and Technology",5612,1,18702,"Zone 3"
"Zhongguo Yi Liao Qi Xie Za Zhi Chinese Journal of Medical Instrumentation",5613,1,18703,"Zone 3"
"Zhonghua Lao Dong Wei Sheng Zhi Ye Bing Za Zhi Zhonghua Laodong Weisheng Zhiyebing Zazhi Chinese Journal of Industrial Hygiene and Occupational Diseases",5614,1,18704,"Zone 3"
"Zhonghua Xue Ye Xue Za Zhi Zhonghua Xueyexue Zazhi",5615,1,18705,"Zone 3"
"Zhurnal Nevrologii I Psikhiatrii Imeni S S Korsakova",5616,1,18706,"Zone 3"
"Zoological Science",5617,1,18707,"Zone 3"
