"AU","Freq"
"WANG Y",163
"ZHANG Y",141
"LI Y",123
"LIU Y",112
"WANG J",98
"ZHANG J",96
"LI X",95
"WANG X",95
"WANG L",92
"LI J",88
"CHEN Y",77
"LIU J",76
"ZHANG X",68
"CHEN J",67
"WANG Z",65
"WANG H",62
"CHEN Z",61
"WANG C",59
"LI H",58
"LI L",55
"ZHANG H",55
"ZHANG L",54
"YANG Y",53
"CHEN L",51
"CHEN X",51
"LIU X",51
"WANG M",51
"LI Z",50
"WANG S",50
"Zhang Y.",50
"Wang Y.",48
"LI S",47
"WU Y",47
"LIU Z",46
"Li Y.",45
"HUANG J",42
"LI M",41
"Wang Z.",41
"ZHANG Z",41
"CHEN S",40
"LIU C",40
"GUO Y",39
"GUO X",38
"LI C",38
"ZHANG S",38
"ZHAO Y",38
"XU Y",37
"ZHANG W",37
"CHEN H",36
"Zhang J.",35
"LI G",34
"WU J",34
"ZHANG B",34
"ZHOU M",34
"Li J.",33
"Liu Y.",33
"ZHOU Y",33
"Li X.",32
"YANG J",32
"ZHU Y",32
"JIANG Y",31
"LI W",31
"YANG X",31
"YANG Z",31
"CHEN R",30
"Wang J.",30
"XU Z",30
"ZHOU J",30
"LIU S",29
"MÜNZEL T",29
"Wang S.",29
"WANG W",29
"ZHANG Q",29
"CASA DJ",28
"Liu J.",28
"ZHANG M",28
"HU J",27
"HUANG Y",27
"LI F",27
"LIN H",27
"LIU H",27
"ZHOU X",27
"Chen L.",26
"Chen Y.",26
"GAO Y",26
"Li Z.",26
"Liu X.",26
"MA Y",26
"YANG L",26
"DAIBER A",25
"Li L.",25
"LI T",25
"SONG Q",25
"WANG F",25
"Wang L.",25
"WANG Q",25
"Wang X.",25
"XIA X",25
"YIN P",25
"ZHANG C",25
"CHEN C",24
"LIU T",24
"MA J",24
"WANG D",24
"WANG T",24
"WU X",24
"Zhang H.",24
"ZHOU L",24
"LI Q",23
"MENG X",23
"TIAN Y",23
"WANG R",23
"ZHANG T",23
"ZHAO J",23
"CHEN M",22
"Chen Z.",22
"HOSOKAWA Y",22
"LI R",22
"Wang Q.",22
"WEI J",22
"XU L",22
"XU S",22
"YU C",22
"Zhang X.",22
"ZHAO X",22
"Zhao Y.",22
"FENG Y",21
"KAN H",21
"LI D",21
"Li W.",21
"LIU L",21
"LIU P",21
"MA W",21
"WANG B",21
"Wang H.",21
"Wang W.",21
"YU Y",21
"ZHU X",21
"HU X",20
"LIU Q",20
"LU Z",20
"Shi Y.",20
"WEI Y",20
"WU S",20
"YANG T",20
"YU H",20
"CHEN K",19
"Chen X.",19
"HAHAD O",19
"HE Y",19
"HU Y",19
"HUANG X",19
"KIM H",19
"SONG Y",19
"SØRENSEN M",19
"SUN Y",19
"WANG P",19
"WU C",19
"XU J",19
"ZHANG F",19
"ZHAO L",19
"CHEN G",18
"CHEN W",18
"GUO J",18
"HE J",18
"Li H.",18
"LI P",18
"LUO Y",18
"SCHWARTZ J",18
"SHI Y",18
"XU X",18
"Zhang Z.",18
"DING Y",17
"HE X",17
"HUANG C",17
"LAITANO O",17
"Liu C.",17
"LIU R",17
"LIU W",17
"XIE Y",17
"YANG S",17
"Zhang L.",17
"Zhang S.",17
"ZHOU H",17
"CAO Y",16
"Chen H.",16
"Chen J.",16
"CHENG J",16
"GU Y",16
"Guo Y.",16
"KETZEL M",16
"LIU F",16
"LIU M",16
"RAJAGOPALAN S",16
"SUN X",16
"Wu H.",16
"Wu Y.",16
"YU L",16
"Zhang W.",16
"Zhou L.",16
"CHEN F",15
"Chen W.",15
"JI X",15
"KUNTIC M",15
"LEE S",15
"LI B",15
"Li B.",15
"Li S.",15
"Liu S.",15
"LU H",15
"PAN J",15
"RAASCHOU-NIELSEN O",15
"SHEN Y",15
"SUN H",15
"WANG K",15
"WU H",15
"WU Z",15
"XU W",15
"ZHANG P",15
"ZHENG Y",15
"BRANDT J",14
"Chen S.",14
"CLANTON TL",14
"JIA X",14
"JIANG C",14
"LEON LR",14
"LIU B",14
"LIU K",14
"MA L",14
"MA X",14
"Münzel T.",14
"SUN J",14
"Sun J.",14
"Wang M.",14
"XIE J",14
"XU R",14
"YANG H",14
"YANG Q",14
"ZHANG D",14
"Zhang M.",14
"ZHANG R",14
"ZHENG H",14
"ADAMS WM",13
"BENDSZUS M",13
"CAI M",13
"CHENG Y",13
"FENG X",13
"HAN X",13
"HUANG Q",13
"JIANG X",13
"LIP GYH",13
"Liu L.",13
"LU Y",13
"STAFOGGIA M",13
"SUN L",13
"SUN Q",13
"SUN Z",13
"Wang C.",13
"WU T",13
"XU C",13
"Yang J.",13
"Yang X.",13
"Yang Y.",13
"Zhang C.",13
"ZHAO H",13
"ZHOU Z",13
"ZHU Z",13
"CHEN Q",12
"DE HOOGH K",12
"FAN Y",12
"GENG X",12
"GUAN T",12
"HAN S",12
"HE L",12
"HU W",12
"HUANG S",12
"Jiang Y.",12
"Li C.",12
"LU J",12
"MA C",12
"MÖHLENBRUCH MA",12
"PAN Z",12
"STEARNS RL",12
"STOCKFELT L",12
"SU L",12
"WANG G",12
"Wang R.",12
"WU D",12
"WU L",12
"Xu J.",12
"Xu L.",12
"XUE T",12
"YANG M",12
"Zhao C.",12
"ZHAO Z",12
"ZHOU F",12
"Zhou Y.",12
"ZHU H",12
"ZHU L",12
"CHARKOUDIAN N",11
"CHEN D",11
"DEGROOT DW",11
"DONG Y",11
"FENG L",11
"JIANG M",11
"JUDD SE",11
"KIM J",11
"KIM S",11
"LIANG J",11
"LIN L",11
"LIN Y",11
"Liu R.",11
"Liu Z.",11
"MA H",11
"PETERS A",11
"POULSEN AH",11
"SCARNEO-MILLER SE",11
"SONG J",11
"SUN W",11
"TANG Y",11
"Tian Y.",11
"WELLENIUS GA",11
"XIAO J",11
"Xu Z.",11
"YANG F",11
"Yang L.",11
"Yang Z.",11
"YU X",11
"ZHANG K",11
"Zhou J.",11
"ZHOU S",11
"Zhu Y.",11
"Zhu Z.",11
"AL-KINDI S",10
"ANDERSEN ZJ",10
"Cai Y.",10
"CAO M",10
"CAO X",10
"CHENG X",10
"DONG Q",10
"ELF M",10
"FAN X",10
"FANG Z",10
"FU Y",10
"GUO M",10
"HE C",10
"HE F",10
"HE G",10
"HE S",10
"HOEK G",10
"HU Z",10
"Huang H.",10
"HUANG L",10
"HVIDTFELDT UA",10
"KIM B",10
"KIM JH",10
"KIM K",10
"LEE H",10
"LIM YH",10
"LIN J",10
"LIN S",10
"LU L",10
"LU X",10
"LV J",10
"Ma Y.",10
"MURRAY KO",10
"PERSHAGEN G",10
"RIZZUTO D",10
"RÖÖSLI M",10
"SELSBY JT",10
"SHI C",10
"SUN S",10
"VIENNEAU D",10
"Wang D.",10
"Wang F.",10
"Wang P.",10
"Wang T.",10
"WASAY M",10
"WEN Y",10
"WU M",10
"XIAO Y",10
"XU M",10
"YANG K",10
"YANG W",10
"Yu H.",10
"YU J",10
"YU M",10
"Zhang R.",10
"ZHENG Z",10
"ZHOU C",10
"ZHOU Q",10
"ZHOU T",10
"ZHU J",10
"BRAUER M",9
"CAMPOS F",9
"CASTILLO J",9
"CHEN T",9
"CHRISTENSEN JH",9
"CUI Y",9
"DANESH YAZDI M",9
"DING Z",9
"DOMINICI F",9
"FAN H",9
"FROHN LM",9
"GAO J",9
"GAO X",9
"GARCIA CK",9
"GONG Y",9
"GUO H",9
"Hahad O.",9
"HAN Z",9
"HAO Y",9
"HE Q",9
"HERVELLA P",9
"HU C",9
"HUANG G",9
"HUANG W",9
"Huang X.",9
"IGLESIAS-REY R",9
"JIANG Z",9
"KUMAR S",9
"LEE J",9
"Lee S.",9
"LEI L",9
"LELIEVELD J",9
"LI A",9
"LI N",9
"Li R.",9
"LIN Z",9
"LIPSON-SMITH R",9
"LJUNGMAN P",9
"LUO X",9
"Miller K.C.",9
"MILLER KC",9
"MILLER MR",9
"ÖGREN M",9
"PENG J",9
"PENG Y",9
"QIU Y",9
"ROTHS M",9
"SAMOLI E",9
"SCHNEIDER A",9
"SOBRINO T",9
"SONG L",9
"SUN C",9
"SUN D",9
"Wang B.",9
"Wei Y.",9
"WU B",9
"XU H",9
"XU K",9
"Xu Y.",9
"XUE J",9
"XUE Y",9
"YAN J",9
"YANG B",9
"Yang W.",9
"ZHAO C",9
"ZHAO M",9
"ZHENG X",9
"ANDERSON CS",8
"ANDERSSON EM",8
"BELVAL LN",8
"BERNHARDT J",8
"CAI Y",8
"CAO H",8
"CAO J",8
"CHANG HH",8
"CHEN B",8
"CUI M",8
"DI Q",8
"DONG J",8
"DUAN Y",8
"FENG J",8
"FORASTIERE F",8
"FUJII N",8
"GAGNON D",8
"Gainey B.",8
"Gao Y.",8
"GIERSCH GEW",8
"Guo X.",8
"GUPTA R",8
"HAN Y",8
"HONDA Y",8
"Hu J.",8
"HU M",8
"HU Q",8
"Hu X.",8
"HUANG D",8
"JI Y",8
"JIANG H",8
"JIANG J",8
"JIANG S",8
"JIN M",8
"JIN Y",8
"KAUFMAN JD",8
"KENNY GP",8
"KIM M",8
"KURASZ A",8
"KUŹMA Ł",8
"LI K",8
"Li P.",8
"LIN X",8
"LIU G",8
"Liu H.",8
"Lu Z.",8
"LUO H",8
"LUO J",8
"LUO L",8
"Ma C.",8
"MA Q",8
"MCMILLIN SE",8
"MI J",8
"O'CONNOR FG",8
"PENG X",8
"QI X",8
"RACINAIS S",8
"REN J",8
"REN X",8
"RODRÍGUEZ-YÁÑEZ M",8
"ROSENGREN A",8
"SHEN J",8
"SHEN P",8
"SHI W",8
"SU H",8
"ŚWIĘCZKOWSKI M",8
"TIAN F",8
"WEI L",8
"WEYLAND CS",8
"Wu C.",8
"Wu J.",8
"Wu X.",8
"XIAO C",8
"XING L",8
"Xu R.",8
"YAN Y",8
"YANG C",8
"YANG G",8
"YAO Y",8
"YIN J",8
"YU S",8
"YUAN Y",8
"ZHANG G",8
"Zhang T.",8
"Zhao J.",8
"ZHAO Q",8
"ZHENG L",8
"ZHOU W",8
"Zhu J.",8
"BELLANDER T",7
"BURNETT RT",7
"CAMPEN MJ",7
"Cao Y.",7
"Chen D.",7
"Cho J.",7
"COLABIANCHI N",7
"CRANDALL CG",7
"CUI F",7
"DENG Y",7
"DONG H",7
"DONG S",7
"DONG Z",7
"DU H",7
"DU L",7
"Eichner E.R.",7
"FAN J",7
"FAN Z",7
"FANG J",7
"FU Q",7
"FU X",7
"HART JE",7
"HOFFMANN B",7
"HUANG CC",7
"Huang J.",7
"Huang L.",7
"HYSTAD P",7
"JARDINE JF",7
"JI J",7
"JIA Y",7
"JIN J",7
"JIN Z",7
"JUDD S",7
"KANDA J",7
"Kevdzija M.",7
"KHRAISHAH H",7
"KIM BJ",7
"KIM SY",7
"Klompmaker J.O.",7
"KOLOSYNSKA OO",7
"KUMAR R",7
"LADEN F",7
"LAVIGNE E",7
"LEE CH",7
"Li F.",7
"Li M.",7
"LIANG Y",7
"LIANG Z",7
"LIN C",7
"LIN CH",7
"LIN G",7
"Lin Y.",7
"Liu M.",7
"LIU N",7
"Liu Q.",7
"Liu W.",7
"LOPEZ RM",7
"Luo Y.",7
"MA M",7
"MACK WJ",7
"MARTIN RV",7
"MENG Y",7
"NIU Y",7
"OUDIN A",7
"PARK J",7
"PEI Y",7
"Pham V.C.",7
"PYKO A",7
"QI Y",7
"QIAN ZM",7
"QIU J",7
"REIS J",7
"RUDOLPH TE",7
"SCHMITT N",7
"SHARMA VK",7
"SHETH KN",7
"Shi Z.",7
"SONG X",7
"Song X.",7
"SU J",7
"SUN T",7
"SUSHKO VO",7
"TANG L",7
"TANG M",7
"Tang Y.",7
"TIAN J",7
"VERMEULEN R",7
"WAN X",7
"Wang G.",7
"WANG N",7
"WARDLAW JM",7
"WEI M",7
"WEN J",7
"WHITE M",7
"XIA J",7
"XIONG J",7
"YAN L",7
"Yang T.",7
"YE Y",7
"YEARGIN SW",7
"YIN Y",7
"YOU C",7
"YOU J",7
"YU B",7
"YU F",7
"YU K",7
"ZANOBETTI A",7
"ZENG X",7
"Zhang F.",7
"Zhang P.",7
"ZHAO B",7
"ZHAO K",7
"Zhao L.",7
"Zhao X.",7
"ZHENG S",7
"ZHONG H",7
"ZHONG J",7
"Zhong L.",7
"Zhou C.",7
"Zhou X.",7
"Zhou Z.",7
"ZHU S",7
"Zhu S.",7
"ZHU W",7
"AINSLIE PN",6
"ALAHMAD B",6
"BADJATIA N",6
"BAI X",6
"BAO J",6
"BAUMGARD LH",6
"BOUCHAMA A",6
"BREITNER S",6
"CAI J",6
"CALDWELL AR",6
"Cao J.",6
"CASTRO E",6
"CHANG CP",6
"CHANG W",6
"Chen C.",6
"CHEN JC",6
"CHO J",6
"CHOI S",6
"COLE-HUNTER T",6
"COULL BA",6
"CUI Z",6
"DAVIS A",6
"DAZARD JE",6
"DeGroot D.W.",6
"DEHKHARGHANI S",6
"DENG W",6
"DENG X",6
"Deng Y.",6
"DEO SV",6
"DOBRZYCKI S",6
"DONG GH",6
"DONG X",6
"DU X",6
"DU Y",6
"ENGSTRÖM G",6
"FINCH CE",6
"GAMPERL AK",6
"GAO L",6
"Gao L.",6
"GAO S",6
"GAO Z",6
"GHOSH S",6
"Grande G.",6
"GREEN DJ",6
"GU L",6
"GU X",6
"GUO F",6
"Guo H.",6
"GUO Q",6
"GUO W",6
"HAMADA N",6
"HAO G",6
"Hassan Q.H.",6
"HE H",6
"HE M",6
"He Y.",6
"HE Z",6
"HELBOK R",6
"HOU X",6
"Hu L.",6
"Hu M.",6
"HUANG K",6
"Huang W.",6
"Huang Y.",6
"JAMES P",6
"JIANG L",6
"Jiang M.",6
"JIANG W",6
"JIN L",6
"KANG H",6
"KATSOUYANNI K",6
"KEVDZIJA M",6
"KHAN A",6
"KHAN J",6
"Kim H.",6
"KIM HJ",6
"Kim J.",6
"KING MA",6
"KLOMPMAKER JO",6
"KUMAR A",6
"LANKI T",6
"LEE DH",6
"LEE JH",6
"LEE JKW",6
"LEE SH",6
"LEE W",6
"Li Q.",6
"LIN F",6
"LIN Q",6
"Lin Z.",6
"LIU D",6
"Liu F.",6
"Liu T.",6
"LÓPEZ-DEQUIDT I",6
"Lu H.",6
"LU W",6
"LUO S",6
"LUO Z",6
"LV Y",6
"MA R",6
"MA T",6
"MANSON JE",6
"MIETZSCH U",6
"NAUMANN M",6
"NING B",6
"Oka K.",6
"OUYANG M",6
"PAN R",6
"PARK C",6
"PARK JH",6
"PARK Y",6
"Peng Y.",6
"PONTES-NETO OM",6
"QIN X",6
"QIU X",6
"REN Y",6
"Ren Y.",6
"RENZI M",6
"ROBINSON GP",6
"SCHWARTZ JD",6
"SEGERSSON D",6
"SHEN Q",6
"Shen Y.",6
"SHI H",6
"SHI L",6
"SIDNEY S",6
"SINGH A",6
"SINGH M",6
"SONG B",6
"Song Y.",6
"SU X",6
"SUN A",6
"SUN M",6
"Sun X.",6
"Sun Y.",6
"SUZUKI K",6
"SUZUKI Y",6
"Tang C.",6
"TANG H",6
"TANG S",6
"TIAN L",6
"VAN DONKELAAR A",6
"VOLLHERBST DF",6
"WANG A",6
"Wang K.",6
"WEI C",6
"Wei S.",6
"WOOD TR",6
"Wu D.",6
"WU G",6
"Wu L.",6
"Wu S.",6
"Wu W.",6
"Wu Z.",6
"WUCHERPFENNIG L",6
"XIA S",6
"XIE L",6
"XU D",6
"Xu H.",6
"Xu W.",6
"XUE F",6
"Yang B.",6
"YANG R",6
"YAO M",6
"Yao Y.",6
"Ye Y.",6
"YIN L",6
"YOKOBORI S",6
"Yu L.",6
"YU P",6
"YUAN C",6
"Yuan L.",6
"YUAN R",6
"Yuan Y.",6
"ZENG Q",6
"Zhang Q.",6
"Zhao K.",6
"ZHAO R",6
"Zhao Z.",6
"ZHONG Y",6
"Zhou H.",6
"Zhu C.",6
"Zhu X.",6
"AASVANG GM",5
"ABANTO C",5
"ABE O",5
"Adams W.M.",5
"Alexeeff S.E.",5
"ALEXEEFF SE",5
"ALMEKHLAFI M",5
"ALZAHRANI JM",5
"AMINI H",5
"Anwar U.",5
"ÁVILA-GÓMEZ P",5
"BAI J",5
"BAI L",5
"BAI Y",5
"BAILEY DM",5
"BARBER PA",5
"BENMARHNIA T",5
"BORGGREFE J",5
"Bouchama A.",5
"BRIGHT MG",5
"CAI R",5
"CAI X",5
"CAI Z",5
"CAO S",5
"CAO Z",5
"CARTER HH",5
"CHANG J",5
"CHAO CM",5
"Chen M.",5
"CHEN P",5
"CHEN PC",5
"Chen Q.",5
"Chen R.",5
"CHENG B",5
"CHENG H",5
"Cheng H.",5
"Cheng Y.",5
"CHU MWA",5
"CLARKE P",5
"Crea F.",5
"CUI L",5
"Cui Y.",5
"DELVES SK",5
"DENG J",5
"DENG Z",5
"DEOSARANSINGH K",5
"Dervišević E.",5
"DING J",5
"DING X",5
"DIPROSE WK",5
"DONG G",5
"DU J",5
"DUAN L",5
"DUAN X",5
"DZHAMBOV AM",5
"EPSTEIN Y",5
"ERTL M",5
"FORSTING M",5
"FREESTONE AD",5
"FRENIS K",5
"Fu Y.",5
"Fujii N.",5
"GASPARRINI A",5
"GENG Y",5
"GONG J",5
"GONG Z",5
"GREER DM",5
"GULLIVER J",5
"Guo J.",5
"GUO T",5
"GUPTA A",5
"HAMMEL G",5
"HAN B",5
"HAN L",5
"Han Y.",5
"Han Z.",5
"HAO H",5
"HAO J",5
"HASHIZUME M",5
"HE B",5
"HERMANN DM",5
"HERTEL O",5
"HOILAND RL",5
"HONG JH",5
"HOU L",5
"Hou X.",5
"HU B",5
"HU R",5
"Hu Z.",5
"HUANG H",5
"HUANG M",5
"Huang Q.",5
"INOUE T",5
"ISO H",5
"JAY O",5
"JENSEN SS",5
"JIN S",5
"JIN T",5
"JØRGENSEN JT",5
"KANG Y",5
"KERR ZY",5
"KIM BK",5
"KIM C",5
"KIM D",5
"Kim D.",5
"KIM JY",5
"Kim K.",5
"KOH YH",5
"KONG Y",5
"KOUTRAKIS P",5
"Kumar N.",5
"Kumar P.",5
"KUTS KV",5
"LAMORIE-FOOTE K",5
"LANDRIGAN PJ",5
"LEE D",5
"LEE JY",5
"Li D.",5
"Li T.",5
"LIANG D",5
"LIANG K",5
"LIANG S",5
"LIANG X",5
"LIAO J",5
"LIAO NS",5
"Liddle L.J.",5
"LIN CY",5
"Lin L.",5
"LIU A",5
"Liu D.",5
"Liu G.",5
"LIU SY",5
"LJUNGMAN PLS",5
"LOFT S",5
"LOU Y",5
"LOVASI GS",5
"LU F",5
"LU P",5
"Ma J.",5
"Ma L.",5
"MA S",5
"MAO Y",5
"MENG H",5
"MENG L",5
"Meng X.",5
"MISHRA S",5
"MOLNAR P",5
"MOTAIREK I",5
"Murray K.O.",5
"NAKAMURA S",5
"NASIR K",5
"NISHIYASU T",5
"OH J",5
"PAN H",5
"PEI P",5
"PENG C",5
"PENG Q",5
"Porter E.S.",5
"PORTER ES",5
"QIAO Y",5
"QIN P",5
"RANTA A",5
"Reis J.",5
"Roberts W.O.",5
"ROBERTS WO",5
"ROSWALL N",5
"Roths M.",5
"SATO Y",5
"SCHNELL S",5
"SCHOLLENBERGER J",5
"SHAO Y",5
"SHARMA A",5
"SHARMA S",5
"SHEN C",5
"SHEN L",5
"SHI J",5
"SHI Q",5
"SHI S",5
"SHI X",5
"Shibata G.",5
"SHIH CC",5
"SHKIRKOVA K",5
"SHUI L",5
"SIMONSEN MK",5
"Singh A.",5
"SINGH P",5
"Singh S.",5
"Song S.",5
"SONG Z",5
"STACEY BS",5
"STACEY MJ",5
"Stearns R.L.",5
"STEVEN S",5
"SU Y",5
"SZYMANSKI MR",5
"TAN J",5
"TAN Y",5
"TANG B",5
"TANG LY",5
"TAO L",5
"TIAN X",5
"TIITTANEN P",5
"TONG H",5
"VAARTJES I",5
"WARD JA",5
"WATANABE S",5
"WATANABE Y",5
"WEI S",5
"WEI W",5
"WEI X",5
"WEI Z",5
"WINGO JE",5
"WOODS DR",5
"WU F",5
"Wu F.",5
"Wu M.",5
"WU Q",5
"Wu T.",5
"WU W",5
"WU YW",5
"XIA L",5
"XIANG H",5
"XIAO H",5
"XIE H",5
"XIE X",5
"Xie Y.",5
"XU B",5
"XUAN L",5
"YAN H",5
"YAN S",5
"YAN X",5
"Yang C.",5
"Yang D.",5
"YANG N",5
"Yang S.",5
"YE Z",5
"YIN X",5
"YOSHIDA T",5
"YU Z",5
"YUAN J",5
"YUAN L",5
"ZENG W",5
"Zeng Y.",5
"ZENG Z",5
"Zhang B.",5
"ZHAO D",5
"ZHAO S",5
"ZHAO T",5
"ZHAO W",5
"ZHENG C",5
"ZHENG J",5
"Zheng Y.",5
"Zhong J.",5
"ZHONG L",5
"ZHOU B",5
"ZHU M",5
"ADAMI PE",4
"ADAR SD",4
"AGARWAL A",4
"AIK J",4
"ALI M",4
"ALONSO-ALONSO ML",4
"Alves L.M.",4
"AN J",4
"ARAUZ A",4
"ARIMURA K",4
"ATKINS WC",4
"Avan A.",4
"AZIZOVA TV",4
"BABAN B",4
"BACKALARZ C",4
"BANERJEE S",4
"BASHIR S",4
"BAUWELINCK M",4
"BEAVERS DP",4
"BÉJOT Y",4
"BELL ML",4
"BERMON S",4
"BERNAL J",4
"BHATNAGAR A",4
"BIAN Z",4
"BILLOT L",4
"BRAADT L",4
"BROCKMANN MA",4
"BROOK JR",4
"BROOK RD",4
"BROWN R",4
"BUGUET A",4
"BUTLER CR",4
"CALVERLEY TA",4
"CAO F",4
"Cao H.",4
"CAO N",4
"CAO Q",4
"CAO R",4
"CAO W",4
"Cao Z.",4
"CHEN CJ",4
"Chen F.",4
"Chen G.",4
"Cheng B.",4
"CHENG F",4
"Cheng J.",4
"CHENG S",4
"CHENG W",4
"CHIDA K",4
"CHO YJ",4
"CHOI J",4
"CHOI JH",4
"CHU D",4
"CHU L",4
"Chu L.",4
"CHURILOV L",4
"COLBOURNE F",4
"CORBETT J",4
"COTTER JD",4
"CRIDDLE JL",4
"CUCULLO L",4
"CZOSNYKA M",4
"DAGENAIS F",4
"DAI J",4
"Dai J.",4
"DAI M",4
"Danesh Yazdi M.",4
"DAS S",4
"DE BONT J",4
"DENG C",4
"DENG S",4
"DESCATHA A",4
"DEUSCHL C",4
"DEUSTER PA",4
"Dev S.",4
"DEVEREAUX PJ",4
"DING D",4
"Ding Y.",4
"Diprose W.K.",4
"DOGRA S",4
"Dong P.",4
"DU G",4
"Du L.",4
"DU W",4
"Du X.",4
"DU Z",4
"EBELT S",4
"ENEROTH K",4
"FALL L",4
"FAN L",4
"FAN W",4
"FANG S",4
"FANG T",4
"FANG Y",4
"Feigin V.L.",4
"Feng J.",4
"FENG W",4
"FERDIAN E",4
"FERNANDES RJ",4
"FIGUEIREDO P",4
"FIGUEROA CA",4
"FORSBERG B",4
"FU J",4
"Fu X.",4
"GAMBINO BJ",4
"GANESH A",4
"GAO H",4
"GAO M",4
"GAO P",4
"Gao X.",4
"GE J",4
"GE Y",4
"GOERTZ L",4
"GOLDSTEIN JN",4
"GONG L",4
"GRANDE G",4
"GRUNZ JP",4
"Gu X.",4
"GU Z",4
"GUO C",4
"Guo D.",4
"GUO L",4
"Guo L.",4
"Guo S.",4
"Gupta A.",4
"HA E",4
"HAACKE EM",4
"HAN C",4
"HANSELL AL",4
"Hao Y.",4
"HASEGAWA H",4
"He C.",4
"He J.",4
"HERBERT G",4
"HESS CP",4
"Heß P.",4
"HINTZ C",4
"HIRSCH JA",4
"HO AFW",4
"HO HC",4
"Hosokawa Y.",4
"HOU C",4
"Hu C.",4
"HU D",4
"HU K",4
"HU L",4
"HU P",4
"HUANG B",4
"Huang M.",4
"Huang S.",4
"HUANG T",4
"Huang Z.",4
"HWANG I",4
"HWANG JS",4
"IGLESIAS JE",4
"IONITA CN",4
"IRIE F",4
"Ishida S.",4
"JANG Y",4
"JEMIELITA P",4
"Ji J.",4
"JI JS",4
"JIANG F",4
"JIANG T",4
"Jiang X.",4
"JIN H",4
"Joseph J.",4
"JUUL SE",4
"KABBASCH C",4
"KANG J",4
"Kang S.",4
"KASDAGLI MI",4
"KAZMAN JB",4
"KIKUCHI K",4
"KIM E",4
"Kim S.H.",4
"KIM SH",4
"KIM YH",4
"KIMBERLY WT",4
"KING C",4
"KING KE",4
"KOBAYASHI T",4
"KONDO N",4
"Kumar A.",4
"Kuzmenko N.V.",4
"KWON B",4
"KWONG JC",4
"KYLÉN M",4
"LAN S",4
"LANAS F",4
"Lee H.Y.",4
"Lee K.",4
"LEI J",4
"LEI Y",4
"LEMMENS R",4
"LEWANDOWSKI SA",4
"Li G.",4
"Li N.",4
"LIANG G",4
"LIANG H",4
"LIANG M",4
"Liang X.",4
"LIAO Y",4
"Lin X.",4
"LINDNER A",4
"Liu P.",4
"LONG DL",4
"LONG J",4
"Lopez R.M.",4
"LU K",4
"LU M",4
"LU R",4
"Lu R.",4
"Lu Y.",4
"LUCAS S",4
"LUNG SC",4
"LUO C",4
"LUO G",4
"Luo J.",4
"Luo L.",4
"LUO Q",4
"LV Z",4
"LYU J",4
"Ma H.",4
"MA Z",4
"MAGALHÃES M",4
"MALONEY SK",4
"MAO H",4
"MAO HD",4
"MARLEVI D",4
"MARLEY CJ",4
"MARQUARDT G",4
"MAYER TA",4
"MCCORMICK JJ",4
"MCDERMOTT BP",4
"MEADE RD",4
"MELIKER JR",4
"MENG J",4
"MICHAEL A",4
"Miller M.R.",4
"MIYAKE Y",4
"MOLNÁR P",4
"MORTENSEN LH",4
"MOSQUEIRA AJ",4
"MUÑOZ-VENTURELLI P",4
"NAGHAVI M",4
"NAKAMURA M",4
"NAVAS-ACIEN A",4
"Nayak S.K.",4
"NAYLOR LH",4
"NGUYEN TN",4
"NIEUWENHUIJSEN M",4
"Niu S.",4
"NOGUEIRA RG",4
"O'CONNOR F",4
"OGDEN HB",4
"OGURA S",4
"Oh J.",4
"Okada Y.",4
"OKANO S",4
"OKI K",4
"OTHMAN AE",4
"Otto C.M.",4
"OUZOUNIAN M",4
"OVERVAD K",4
"OWENS TS",4
"OZTURK S",4
"PAN M",4
"Pan Z.",4
"PANDIAN JD",4
"Park J.H.",4
"PENG B",4
"PENG L",4
"PENNIG L",4
"PERALTA AA",4
"PÉRIARD JD",4
"PERSIGEHL T",4
"PETKUS AJ",4
"PITSILADIS YP",4
"PLAMPER ML",4
"PUMAR JM",4
"Qi X.",4
"QI Z",4
"QIAN Y",4
"QIAN Z",4
"QIAO X",4
"QIN C",4
"QIN Y",4
"QIU H",4
"QIU W",4
"QU J",4
"RAGETTLI MS",4
"RAHMAN MM",4
"RAPP SR",4
"REDDY VY",4
"Ren Q.",4
"RESNICK SM",4
"RHOADS RP",4
"Riggs D.W.",4
"ROJAS-RUEDA D",4
"ROSEN MS",4
"SAKATA A",4
"Sartoretti T.",4
"SATO H",4
"SAWADA N",4
"SAWKA MN",4
"SCHIEFECKER AJ",4
"SCHRAMM P",4
"SCOVRONICK N",4
"SEKER F",4
"SEKHON MS",4
"SERNA-GALLEGOS D",4
"SHAO X",4
"Sharma R.",4
"Sharma S.",4
"SHEN S",4
"SHEN T",4
"Shi H.",4
"SHIBASAKI K",4
"SILVERMAN DT",4
"SIOUTAS C",4
"SMITH CJ",4
"SMITH MS",4
"Sok R.",4
"SOMMAR JN",4
"SONG H",4
"Song J.",4
"Song L.",4
"SONG S",4
"SONG W",4
"Sørensen M.",4
"SPAMPINATO MV",4
"SPANNE M",4
"SULTAN I",4
"Sun D.",4
"SUN G",4
"Sun H.",4
"Sun Q.",4
"Sun Z.",4
"SUZUKI H",4
"SUZUKI M",4
"SUZUKI T",4
"Svedung Wettervik T.",4
"TAKAHASHI A",4
"TAN BY",4
"TANAKA H",4
"TANG C",4
"TANG J",4
"Tang J.",4
"TANG R",4
"TANG X",4
"TANG Z",4
"TAO Y",4
"TELLEZ-PLAZA M",4
"THOMPSON PM",4
"THRIPPLETON MJ",4
"THYGESEN LC",4
"TIAN S",4
"Tinsley D.",4
"TJEPKEMA M",4
"TJØNNELAND A",4
"TONG M",4
"TRAIDL-HOFFMANN C",4
"TSUKAMOTO H",4
"Tupov V.V.",4
"Udhayakumar N.",4
"UMEHARA T",4
"VAN DEN EEDEN SK",4
"WADA T",4
"Wang A.",4
"WANG E",4
"WANG LF",4
"WANG XY",4
"WANG YC",4
"WARD SM",4
"WARREN JL",4
"Wei C.",4
"WEI H",4
"Wei J.",4
"Wei M.",4
"WEI Q",4
"WEISS K",4
"Wen J.",4
"WEN X",4
"WHITSEL EA",4
"WIGATI KW",4
"WOLF K",4
"Wu Q.",4
"WU R",4
"WU TW",4
"Xia Y.",4
"XIANG J",4
"XIANG Y",4
"Xie H.",4
"XIN Y",4
"Xing L.",4
"XIONG X",4
"XIONG Y",4
"Xu F.",4
"Xu S.",4
"XU T",4
"XUE X",4
"YAMAMOTO S",4
"YAMASAWA F",4
"YAN F",4
"YAN Z",4
"Yang H.",4
"YANG P",4
"YEZLI S",4
"YI X",4
"Yin J.",4
"YIN K",4
"YIN Z",4
"YOON JT",4
"YOU SH",4
"YOUNG AA",4
"YOUNG D",4
"YU W",4
"Yu X.",4
"Yu Y.",4
"Yu Z.",4
"Yusha V.L.",4
"YUSUF S",4
"ZENG J",4
"ZENG S",4
"Zeng X.",4
"Zhang K.",4
"ZHANG N",4
"ZHANG XY",4
"ZHAO G",4
"ZHAO N",4
"Zhao Q.",4
"ZHENG P",4
"ZHENG W",4
"ZHONG X",4
"Zhou Q.",4
"Zhou W.",4
"ZHU G",4
"Zhu G.",4
"Zhu L.",4
"ZHU Q",4
"ZOU Y",4
"ZOU Z",4
"ABDULLAH M",3
"ABE K",3
"ADAMS K",3
"ADEOYE AM",3
"ADEOYE M",3
"Agarwal S.",3
"AHN JH",3
"AHSAN H",3
"AKAMA T",3
"ÅKESSON A",3
"AKINYEMI R",3
"AL-MUHANNA N",3
"AL-SAYEGH TN",3
"ALBIN M",3
"Alfieri F.M.",3
"ALFIERI FM",3
"ALFVÉN T",3
"ALHABIB KF",3
"ALI S",3
"ALMEKHLAFI MA",3
"ALONSO A",3
"ALTMANN S",3
"AMANO T",3
"AMBROSE JF",3
"AN Y",3
"ANDERSON C",3
"ANDERSON S",3
"ANDERSON SA",3
"ANDERSSON E",3
"ANWAR A",3
"ARIMA H",3
"ARISTOVA M",3
"ARMSTRONG B",3
"ASCHEBROOK-KILFOY B",3
"ATKINSON E",3
"ATKINSON R",3
"AVELLANEDA-GÓMEZ C",3
"Avellaneda-Gómez C.",3
"Ávila-Gómez P.",3
"BAE HJ",3
"Bai L.",3
"Bai X.",3
"BALLERINI L",3
"BAN J",3
"Ban J.",3
"BAO H",3
"BATHLA G",3
"BATTISTELLA LR",3
"BAYO JIMENEZ MT",3
"BECK J",3
"BEER R",3
"BEGAY J",3
"BENJAMIN EJ",3
"BI P",3
"BIAN X",3
"BIERING-SØRENSEN T",3
"BILOTTA F",3
"BLACK SE",3
"BLESKE B",3
"BOEHME AK",3
"Boice J.D.",3
"BOLTZE J",3
"BORDIGNON S",3
"BOS D",3
"BRANT JO",3
"BRASKIE MN",3
"BRASSARD P",3
"Brauer M.",3
"BRÄUNER EV",3
"BRECKWOLDT MO",3
"BRUNEKREEF B",3
"BRUSH B",3
"BURNETT R",3
"BURSEY M",3
"Busarov S.S.",3
"BUSTAFFA E",3
"Bustaffa E.",3
"CABALLERO-GAUDES C",3
"CAI B",3
"CAI C",3
"CAI D",3
"CAI G",3
"CAI L",3
"Cai M.",3
"CAI W",3
"CAMELLINO D",3
"CAMPBELL D",3
"CARLSEN HK",3
"CARSON AP",3
"CARUSO P",3
"CASAS L",3
"Ceylan B.O.",3
"Cha E.S.",3
"CHA ES",3
"CHAKKARAPANI E",3
"CHANG FC",3
"CHANG TY",3
"CHANG WT",3
"CHANTLER PD",3
"Chao C.M.",3
"CHAPPELL MA",3
"CHATZIDAKIS S",3
"Chen B.",3
"CHEN CA",3
"CHEN JJ",3
"Chen K.",3
"CHEN MH",3
"CHEN N",3
"CHEN YH",3
"CHENG C",3
"CHIFAMBA J",3
"CHIU YL",3
"CHO JH",3
"CHO Y",3
"CHOI D",3
"CHOI HA",3
"CHOI JY",3
"CHOWIENCZYK P",3
"CHUNG J",3
"Chung K.J.",3
"CIMMINO MA",3
"CIUHA U",3
"CLANCY U",3
"CLINE JM",3
"COLLIS JJ",3
"COOMBS GB",3
"CORNET MC",3
"COSTA JG",3
"CREWTHER SG",3
"CRONBERG T",3
"CROUSE DL",3
"CUI J",3
"Cui M.",3
"CUSHMAN M",3
"DA SILVA DIAS C",3
"DAI Y",3
"Daiber A.",3
"Das A.",3
"Das D.",3
"Das S.",3
"Dastoorpoor M.",3
"DE FRAGA LS",3
"DE VRIES L",3
"DEMAURO SB",3
"DENG B",3
"DENG F",3
"Deng H.",3
"DENG L",3
"Deng X.",3
"DERVIŠEVIĆ E",3
"DICHGANS M",3
"DIETZ M",3
"DIETZE A",3
"DING C",3
"DING R",3
"DING S",3
"DIXON SN",3
"DONG C",3
"Dong S.",3
"Dong X.",3
"DOU Y",3
"DOUWES J",3
"DRIVER K",3
"Du P.",3
"DUAN C",3
"Duan C.",3
"DUAN H",3
"DUAN J",3
"Duan X.",3
"DUDÁS E",3
"DUPUIS J",3
"Dutta P.",3
"Dzhambov A.M.",3
"ENDO K",3
"ENZINGER C",3
"ERIKSSON C",3
"ERIKSSON HP",3
"ESPELAND MA",3
"EVANS A",3
"EVERITT B",3
"FALLOWFIELD JL",3
"FAN S",3
"Fan X.",3
"Fan Z.",3
"FANG F",3
"FANG Q",3
"Fang Z.",3
"Feng C.",3
"FENG F",3
"FENG G",3
"Feng X.",3
"FERRARIO MM",3
"Fisher J.T.",3
"FLÜCKIGER B",3
"FOLYOVICH A",3
"FOSTER J",3
"Foster J.",3
"FRENZEL M",3
"FU W",3
"FUJII M",3
"FUKUTA T",3
"FUNAKI T",3
"FUSHIMI Y",3
"FYRDAHL A",3
"GAASCH M",3
"GAGLIARDI D",3
"GALER M",3
"GALL N",3
"Gan H.",3
"Gandolfo J.",3
"Gao A.",3
"GAO B",3
"GAO C",3
"GAO Q",3
"GAO W",3
"Garcia C.K.",3
"GARCIA M",3
"GARG AX",3
"GARG D",3
"GATZ M",3
"GE B",3
"Ge J.",3
"Ge S.",3
"GE X",3
"GEELS C",3
"GEORGE JA",3
"GERNER ST",3
"GERTZ RJ",3
"Gharib H.",3
"Ghosh B.",3
"Ghosh S.",3
"Gibbons T.D.",3
"GIBBONS TD",3
"Giersch G.E.W.",3
"GIRARD O",3
"GISLASON G",3
"Gonca G.",3
"GONG H",3
"Gong Y.",3
"GORYANIN I",3
"Goto H.",3
"GOTO M",3
"GOUDARZI G",3
"GROBBEE DE",3
"GRONLUND CJ",3
"GRUNDSTEIN A",3
"GRUNDSTEIN AJ",3
"GUAN J",3
"GUAN L",3
"Guan W.",3
"GUBERINA N",3
"GULCEBI MI",3
"GUNN AJ",3
"GUO D",3
"GUO HR",3
"Guo Q.",3
"Guo R.",3
"GUO S",3
"Guo Z.",3
"Gurusamy M.",3
"Hall E.J.",3
"HAMADA Y",3
"Han B.",3
"HAN J",3
"HAN Q",3
"HASAN I",3
"HAY SI",3
"HAYNES A",3
"HAZARI MS",3
"He H.",3
"He Q.",3
"HE T",3
"HE W",3
"He X.",3
"HEAGERTY PJ",3
"HELBICH M",3
"HERWEH C",3
"HILGENFELD T",3
"Ho A.F.W.",3
"HO CH",3
"HOBOHM L",3
"HOHENSTATT S",3
"HÖLLIG A",3
"HONG F",3
"Hong J.",3
"HONG JM",3
"HONG Y",3
"HONG YC",3
"HOU S",3
"Hou S.",3
"HOU W",3
"HOU Y",3
"HOUSE C",3
"HOWARD G",3
"HOWE CA",3
"HSU CC",3
"HU G",3
"HU H",3
"HU N",3
"HU S",3
"Hu W.",3
"Hu Y.",3
"HUA J",3
"HUA K",3
"HUA Y",3
"Huang C.",3
"HUANG F",3
"Huang F.",3
"Huang T.",3
"HUANG YT",3
"HUANG Z",3
"HUGGINS RA",3
"HUSSAIN S",3
"HWANG J",3
"Hwang J.",3
"IANOSI B",3
"Iba T.",3
"IDEGUCHI R",3
"IHARA M",3
"IKEBE Y",3
"INOUE M",3
"INOUE Y",3
"ISHIDA K",3
"ISHIHARA N",3
"ISHIHARA Y",3
"ISHIMARU H",3
"ITO H",3
"ITO T",3
"IZUMO T",3
"JABBARLI R",3
"Jain S.",3
"JANG H",3
"JÁNOSKA D",3
"JANSSEN NAH",3
"JARDINE J",3
"JARECSNY T",3
"JEON SH",3
"JEONG S",3
"JEPHCOTE C",3
"JI M",3
"Ji X.",3
"Ji Y.",3
"JIA J",3
"JIA S",3
"JIANG B",3
"Jiang J.",3
"JIANG K",3
"Jiang L.",3
"JIANG N",3
"JIANG Q",3
"Jiang Q.",3
"JIAO L",3
"JIN C",3
"JIN D",3
"JIN Q",3
"Jin S.",3
"Jin T.",3
"JONES H",3
"JU Y",3
"KADIRVEL R",3
"KALLMES DF",3
"Kandil H.",3
"KANEKO S",3
"KANG D",3
"Kang Y.",3
"Kannan R.",3
"KANZAWA J",3
"KARIO K",3
"Kario K.",3
"Karthick V.",3
"KARTSONAKI C",3
"Karvounis P.",3
"Kasdagli M.I.",3
"KATAGIRI A",3
"KATO M",3
"KAUTZNER J",3
"KAWAGUCHI T",3
"KAWAUCHI S",3
"KELLER K",3
"Kerimzade G.S.",3
"Khan F.",3
"Khan K.",3
"KHAN M",3
"KHAN NU",3
"Khan S.",3
"KIM DK",3
"KIM DY",3
"Kim J.H.",3
"Kim J.S.",3
"Kim J.Y.",3
"KIM N",3
"Kim N.",3
"Kim S.",3
"KIMURA A",3
"KITAZONO T",3
"KLADDE MP",3
"KLIENGCHUAY W",3
"KOBAYASHI Y",3
"KOMATSU T",3
"Komatsu T.",3
"KONDO Y",3
"Kondor I.P.",3
"KONG H",3
"KONG X",3
"KOOP Y",3
"KOTAS KS",3
"Kravets O.V.",3
"KREINIS GY",3
"KRIIT HK",3
"KRÖLLER-SCHÖN S",3
"KUANG D",3
"KULCSAR Z",3
"KULICK ER",3
"KUMAR D",3
"Kumar D.",3
"Kumar R.",3
"Kumar S.",3
"Kumar V.",3
"KUO CW",3
"KUO WY",3
"KUWAHARA K",3
"Kuźma Ł.",3
"KWON J",3
"La Fata A.",3
"LACKNER KJ",3
"LAM KBH",3
"LAN Z",3
"Landrigan P.J.",3
"LAYDEN JD",3
"LEANDER K",3
"Lee B.J.",3
"LEE BJ",3
"Lee C.H.",3
"LEE DW",3
"LEE EJ",3
"LEE G",3
"Lee H.",3
"LEE HK",3
"Lee J.",3
"LEE JK",3
"LEE JS",3
"LEE M",3
"LEE SK",3
"LEE TH",3
"LEE YJ",3
"Lei J.",3
"Lei L.",3
"LEI P",3
"LEI W",3
"LENG SX",3
"LEOW AS",3
"LEUNG J",3
"Li K.",3
"LIANG C",3
"Liang C.",3
"LIANG F",3
"Liang S.",3
"LIM C",3
"LIN HJ",3
"LIN K",3
"LIN PY",3
"LIN W",3
"Lin W.",3
"LIN YK",3
"LING C",3
"LING Y",3
"LISABETH LD",3
"LITTLE MP",3
"Liu K.",3
"LIU YH",3
"LOCATELLI JC",3
"LONG Y",3
"LOPEZ-JARAMILLO P",3
"Lopez Pintor D.",3
"LOU X",3
"LU B",3
"Lu X.",3
"Luo C.",3
"Luo H.",3
"LUO P",3
"Luo Q.",3
"LUPO JM",3
"LV H",3
"LV S",3
"LV W",3
"Ma F.",3
"MA G",3
"MA K",3
"Ma S.",3
"Ma Z.",3
"MAEDA M",3
"MAGNUSSON PKE",3
"MAINALI S",3
"MAKIN S",3
"MALGOYRE A",3
"MALIK SS",3
"MAO J",3
"MAO X",3
"Marcel-Millet P.",3
"MARÍN F",3
"MARKEVYCH I",3
"MARRELLI SP",3
"MATHUR S",3
"MATSUMOTO K",3
"Mattarelli E.",3
"MATTISSON K",3
"MAULE AL",3
"Mayntz S.P.",3
"MAYNTZ SP",3
"MCCLURE LA",3
"MCKENNA Z",3
"MCKENNA ZJ",3
"MCLAUGHLIN RA",3
"MEHNDIRATTA MM",3
"MEHTA A",3
"MEHTA S",3
"MELENDEZ R",3
"Meng H.",3
"MENG R",3
"MERMIER C",3
"MERRILL TL",3
"MESITE T",3
"MI L",3
"MICHAL M",3
"MILOJEVIC A",3
"MINICHILLI F",3
"MISTRY A",3
"MITRA S",3
"MIYAMOTO S",3
"MO Y",3
"MOHAMMAD S",3
"MOIA S",3
"MOISEENKO V",3
"MOKIN M",3
"MOLITOR M",3
"Moon J.",3
"MOORE K",3
"MOORE S",3
"MOORTHY S",3
"MOREIRA RP",3
"MORGAN TE",3
"MORIKAWA M",3
"MOROFUJI Y",3
"MORRISON MA",3
"Moya-Lasheras E.",3
"MUELLER W",3
"MUIR KW",3
"MÜNDEL T",3
"MURAKI I",3
"MURRAY CJL",3
"NAIR A",3
"NAKAGAWA H",3
"NAKAGAWA Y",3
"NAKAJIMA M",3
"NAKAJIMA S",3
"NAKAJIMA T",3
"NAKAMOTO Y",3
"Nakamura Y.",3
"NATALE A",3
"NEUBERGER U",3
"NEWBY DE",3
"NGUYEN TD",3
"Ni X.X.",3
"NIESEN WD",3
"NIEUWENHUIJSEN MJ",3
"NISHIMURA A",3
"Niu L.",3
"NIU X",3
"NORTHINGTON FJ",3
"NOTLEY SR",3
"NOZARI A",3
"NTAIOS G",3
"NUNES RR",3
"O'DOHERTY J",3
"O'Donnell P.C.",3
"OBARA M",3
"OELZE M",3
"OFTEDAL B",3
"OGASAWARA K",3
"OGOH S",3
"OGURO A",3
"OHNO Y",3
"OIKONOMOU E",3
"OKADA H",3
"OKADA Y",3
"OKAMURA T",3
"OKEKUNLE AP",3
"Okita Y.",3
"OLSON JD",3
"OLSON L",3
"ONG MEH",3
"ONO K",3
"ONODERA O",3
"OPITZ M",3
"OSHIRO W",3
"OSPEL JM",3
"OTANI S",3
"OTTENS AK",3
"OVBIAGELE B",3
"Owens T.S.",3
"OWOLABI M",3
"Pacal I.",3
"PAN C",3
"PAN D",3
"Pan R.",3
"PAN X",3
"Pandey D.",3
"PARK S",3
"PARK SH",3
"PARK SM",3
"Park Y.H.",3
"Parsons I.T.",3
"PARSONS IT",3
"Parums D.V.",3
"PATEL N",3
"PAZ AH",3
"PEGA F",3
"PEI J",3
"PEICHL P",3
"PEK PP",3
"PENG D",3
"PENG S",3
"PENG W",3
"Peng X.",3
"PENG Z",3
"PERCHUK IV",3
"Pérez-Invernón F.J.",3
"PÉREZ-MATO M",3
"PERSSON Å",3
"PFAFF JAR",3
"PFAUSLER B",3
"PINAULT L",3
"PINTO JM",3
"PIVINA L",3
"POLI S",3
"PONNANA SR",3
"PÖNTYNEN H",3
"POTRECK A",3
"Poulsen A.H.",3
"PREISNER F",3
"PROBST-HENSCH N",3
"PRYOR RR",3
"PSYCHOGIOS MN",3
"PUTAALA J",3
"QI J",3
"QI L",3
"QIAN J",3
"QIAN W",3
"QIAO J",3
"Qin Y.",3
"QIN Z",3
"QIU D",3
"QIU S",3
"Qiu S.",3
"Qiu X.",3
"QU W",3
"RAHEEM A",3
"Rajpoot A.S.",3
"RAJU Y",3
"RAN S",3
"RANGARAJAN S",3
"RASS V",3
"Ren Z.",3
"REQUIA WJ",3
"REXRODE KM",3
"RHODEHOUSE BB",3
"RIAZI S",3
"RIMM EB",3
"RINGLEB PA",3
"RIVERA-CARAVACA JM",3
"RODOPOULOU S",3
"ROGALSKY C",3
"Rojas-Rueda D.",3
"ROLDÁN V",3
"ROQUER J",3
"ROSCOE C",3
"ROSE G",3
"RUA MT",3
"Ruan Z.",3
"Rudolph C.",3
"Rudolph T.E.",3
"RYU JC",3
"SAA JP",3
"SABA L",3
"SABATH MB",3
"SAITO K",3
"SAITO Y",3
"SAKAMOTO T",3
"SALMINEN LE",3
"SAMPEDRO-VIANA A",3
"SANDHU SJS",3
"SATO K",3
"Sayin E.S.",3
"SCATLIFFE-CARRION KD",3
"SCHLADWEILER MC",3
"SCHMIDT B",3
"SCHMIDT M",3
"SCHMITT VH",3
"SCHOBERSBERGER W",3
"SCHULZ R",3
"SEARS CG",3
"SELANDER J",3
"Sen A.",3
"SEN S",3
"SETHI Y",3
"SETOGUCHI S",3
"SHAH A",3
"SHAH R",3
"Shang J.",3
"SHARKEY D",3
"Sharma A.",3
"Sharma V.",3
"SHEIKH LH",3
"SHEN F",3
"SHEN M",3
"SHENG H",3
"Shevelev O.A.",3
"Shi J.",3
"Shi M.",3
"SHI Z",3
"SHIBASAKI M",3
"Shotri R.",3
"SHULTZ JM",3
"Sim H.J.",3
"Singh D.",3
"Singh G.",3
"SINGH J",3
"Singh M.",3
"SINGH N",3
"SINGH S",3
"SINGH V",3
"Singh V.",3
"Sisodiya S.M.",3
"SISODIYA SM",3
"SMARGIASSI A",3
"SMIELEWSKI P",3
"SMITH EE",3
"SNYDER K",3
"SO R",3
"SOL K",3
"Sonaglioni A.",3
"SONG D",3
"SONG G",3
"SONG K",3
"SORBY-ADAMS A",3
"SÖRÖS P",3
"SPENCER PS",3
"SPINCEMAILLE P",3
"SPRATT NJ",3
"STEENLAND K",3
"Sterpetti A.V.",3
"STERPETTI AV",3
"STEWART JD",3
"STICKLAND RC",3
"STIEB DM",3
"STONE T",3
"STRAK M",3
"SU Q",3
"SU SB",3
"SU W",3
"Su X.",3
"Sudarshan V.P.",3
"SUN B",3
"SUN F",3
"SUN K",3
"Sun M.",3
"SUN P",3
"Sun S.",3
"SUNG FC",3
"SURE U",3
"SVENNBERG E",3
"SZPIRO AA",3
"Tadros M.",3
"Taghizadeh M.",3
"TAKAHASHI Y",3
"TAKASHIMA N",3
"TAKAUJI S",3
"TAKEI N",3
"TAKEUCHI A",3
"TAKEUCHI T",3
"TAMRAZI B",3
"TAN BYQ",3
"Tan C.",3
"TAN H",3
"TAN L",3
"TAN M",3
"TAN P",3
"TAN X",3
"TANAKA M",3
"TANAKA Y",3
"TANDRI H",3
"Tang H.",3
"TANG W",3
"Tang W.",3
"Tang X.",3
"TANTRAKARNAPA K",3
"TAO X",3
"Tarín-Carrasco P.",3
"TASSINARI ID",3
"TAYARI O",3
"Thacher J.D.",3
"THACHER JD",3
"The Lancet",3
"THOMAS KN",3
"THORESEN M",3
"THORPE LE",3
"TIAN H",3
"Tian Q.",3
"TIPTON M",3
"TOGAO O",3
"TOHOKU S",3
"TOLDI G",3
"TONG D",3
"TONG Y",3
"TONG Z",3
"TONNE C",3
"TÓTH A",3
"TRAN DM",3
"TRAN HTT",3
"Travers G.",3
"TRINQUART L",3
"Tsai J.H.",3
"TSAO CM",3
"TSUGANE S",3
"TSURUTA W",3
"TWARDZIK E",3
"Uddeen K.",3
"UEDA K",3
"UEMURA M",3
"VALDÉS-HERNÁNDEZ MDC",3
"VAN CAUTEREN M",3
"VAN LAAKE LW",3
"VAN MEURS KP",3
"VANHAECHT K",3
"VARGAS MI",3
"VARGHESE BM",3
"VARIANE GFT",3
"VAUGHN MG",3
"VENKETASUBRAMANIAN N",3
"VERMA N",3
"VICEDO-CABRERA AM",3
"VIEGI G",3
"VINGRYS AJ",3
"VU BN",3
"WAHAB KW",3
"WALD R",3
"WALSH M",3
"WAN H",3
"WANG DJJ",3
"WANG HL",3
"WANG JJ",3
"Wang N.",3
"Wang Y.Y.",3
"WANG YY",3
"Warju W.",3
"WEI P",3
"WELTENS C",3
"WEN B",3
"Wen B.",3
"WEN Q",3
"WENG Z",3
"WERRING DJ",3
"WESTENDORP R",3
"WESTWOOD CS",3
"WETTER A",3
"WEUVE J",3
"WHITE-SPRINGER SH",3
"WIJERATNE T",3
"Wilkinson C.M.",3
"WILLIAMS L",3
"WILLIAMS S",3
"WILSON E",3
"WITT K",3
"WON MH",3
"Woods J.G.",3
"Worley M.L.",3
"WREDE KH",3
"Wróblewski P.",3
"Wu B.",3
"WU CC",3
"WU CH",3
"Wu E.",3
"Wu G.",3
"WU P",3
"WUNDERLI JM",3
"XIA R",3
"XIA W",3
"Xia X.",3
"XIA Y",3
"Xiang J.",3
"Xiao H.",3
"XIAO W",3
"Xiao Y.",3
"XIAO Z",3
"XIE C",3
"XIE F",3
"Xie J.",3
"Xie L.",3
"XIE M",3
"XIE W",3
"XIE Z",3
"XIN T",3
"XING M",3
"XING X",3
"XING Z",3
"XIONG L",3
"XU A",3
"XU F",3
"XU G",3
"Xu M.",3
"XU Q",3
"Xue J.",3
"XUE L",3
"XUE M",3
"XUE R",3
"XUE S",3
"Yadav S.",3
"YAMAGISHI K",3
"YAMAGUCHI J",3
"YAMAMOTO M",3
"YAMAMOTO T",3
"YAMASHITA K",3
"YAMAZAKI M",3
"Yamazawa T.",3
"YAN B",3
"YAN C",3
"YAN D",3
"YAN M",3
"Yan S.",3
"Yan Y.",3
"YANG D",3
"Yang F.",3
"YANG HC",3
"YANG KS",3
"Yang M.",3
"YANG MM",3
"Yang Q.",3
"YAO H",3
"YAO J",3
"YAO L",3
"Yao L.",3
"YAO Q",3
"YAO X",3
"YASAKA K",3
"YASSIN Y",3
"YE H",3
"Ye J.",3
"YE P",3
"YE Q",3
"YE T",3
"YE X",3
"YEATES K",3
"YEO TT",3
"Yi H.",3
"YIN B",3
"Yin H.",3
"Yin P.",3
"YOKOTA H",3
"YOSHIDA S",3
"YOSHIYAMA N",3
"YOU JS",3
"YOU Y",3
"You Y.",3
"YU Q",3
"YU R",3
"Yu S.",3
"Yuan C.",3
"Yuan S.",3
"Zareei J.",3
"ZENG H",3
"ZENG L",3
"ZENG Y",3
"ZENSEN S",3
"Zhai G.",3
"ZHAI Y",3
"Zhang D.",3
"ZHANG YJ",3
"Zhao B.",3
"Zhao H.",3
"ZHAO JB",3
"Zhao M.Y.",3
"Zhao N.",3
"Zhao W.",3
"Zheng C.",3
"ZHENG D",3
"Zheng F.",3
"ZHENG G",3
"ZHENG M",3
"Zheng X.",3
"ZHONG W",3
"Zhou A.",3
"Zhou D.",3
"Zhou M.",3
"ZHOU P",3
"Zhou T.",3
"ZHU C",3
"Zhu H.",3
"ZHU P",3
"ZHU R",3
"ZHU T",3
"ZHU YT",3
"ZHUANG Z",3
"ZOU H",3
"ZOU L",3
"ZOU X",3
"ZUCKER I",3
"ZWARENSTEIN M",3
"ABASILIM C",2
"ABBAS M",2
"ABBOSH A",2
"Abd H.S.",2
"ABDALKADER M",2
"Abdelhamid A.",2
"ABE M",2
"ABE Y",2
"ABENOVA M",2
"Ablyalimov O.",2
"ABRAHAM PA",2
"ABRAMSON D",2
"ABRAMSON MJ",2
"Abrignani M.G.",2
"ABUYASSIN B",2
"ACCARDO A",2
"ACHARYA G",2
"Achey R.L.",2
"ADAMS M",2
"Ademoyegun A.B.",2
"ADHIKARI A",2
"AERTS R",2
"AFTAB M",2
"AGGARWAL A",2
"AGGARWAL V",2
"AGO T",2
"AHMAD F",2
"AHMAD N",2
"AHMAD S",2
"AHMED A",2
"Ahmed A.",2
"AHMED AE",2
"AHMED R",2
"AHMED S",2
"Ahmed S.A.",2
"AHN S",2
"Ahn S.",2
"AI B",2
"AI S",2
"AIDIETIS A",2
"AJČEVIĆ M",2
"Ajčević M.",2
"AKBAR MU",2
"AKERMAN AP",2
"AKPA OM",2
"AL-JAISHI AA",2
"AL-KINDI SG",2
"Al-Nussairi A.K.J.",2
"AL MAHRI S",2
"Alahmad B.",2
"ALDAKKAN A",2
"Alexander M.",2
"ALGARNI A",2
"ALHAJ OMAR O",2
"ALI A",2
"Ali A.",2
"Ali M.",2
"ALIBAYEVA G",2
"Allphin A.J.",2
"ALMENDRA R",2
"Almorad A.",2
"Alonso-Alonso M.L.",2
"ALOTAIBI B",2
"Alqadami A.S.M.",2
"ALQAHTANI F",2
"ALTHOMALI W",2
"Alzahrani J.M.",2
"AMARO S",2
"AMBARSOOMZADEH D",2
"AMEMIYA S",2
"Amoatey P.",2
"AMORIM F",2
"AN H",2
"ANAND KS",2
"Anbalagan T.",2
"ANCEL PY",2
"ANDERSEN G",2
"ANDERSEN MN",2
"Andersen Z.J.",2
"ANDERSOHN AP",2
"ANDERSON H",2
"ANDERSSON N",2
"ANDO T",2
"ANDRADE MKG",2
"ANDREWS RN",2
"Annas S.",2
"Ansari A.M.",2
"ANTER E",2
"ANTICOLI S",2
"ANTONAKOS CL",2
"ANTYPCHUK KY",2
"Anwar M.",2
"ANWAR U",2
"Aparna V.",2
"APBASSOVA S",2
"ARELLANO R",2
"ARGHA A",2
"ARNETT DK",2
"ARNOLD M",2
"ARNOLDA G",2
"ARONOW WS",2
"ARORA VM",2
"Arshad A.",2
"Arslan A.",2
"ARSLAN T",2
"ASAKURA K",2
"ASARI Y",2
"Ashie Y.",2
"Ashok A.",2
"Ashwin R.",2
"ATKINSON RW",2
"AVAN A",2
"AVEZUM Á",2
"AXELROD S",2
"AYYAGARI A",2
"Azam A.",2
"AZIZOVA T",2
"Azizova T.V.",2
"BABALOLA T",2
"BABENKO TF",2
"BACCARELLI AA",2
"BACH M",2
"BACHERINI D",2
"BACKES WH",2
"Badawi N.",2
"Badjatia N.",2
"BADYDA AJ",2
"BAE H",2
"BAE SM",2
"Baek J.",2
"Baeza-Martínez C.",2
"BAGGA A",2
"Baharvand P.",2
"BAI S",2
"BAIBUSSINOVA A",2
"BAILEY H",2
"BAIRD B",2
"Baker T.S.",2
"BAKOLIS I",2
"BALE G",2
"BALOGUN O",2
"Bandiera D.",2
"BANDO M",2
"BANDYOPADHYAY A",2
"BANG YJ",2
"BANIK A",2
"BANKS JL",2
"Bao J.",2
"BAO XY",2
"BAO Y",2
"BARDUTZKY J",2
"BARKHOF F",2
"Barletta J.F.",2
"BARLETTA JF",2
"BARREGARD L",2
"BARRETT KM",2
"BARROZO LV",2
"BARRY H",2
"BARTEK J",2
"BARTLEY A",2
"Bartolucci L.",2
"BASSIG BA",2
"BASSOLINO M",2
"BATARSEH P",2
"BATES B",2
"BAUER BA",2
"BAUGHMAN RH",2
"BAUMANN AA",2
"BAUMGARTNER KB",2
"BAUMGARTNER R",2
"BAVARIA JE",2
"Bayart N.E.",2
"Bayo Jimenez M.T.",2
"BAYRAM B",2
"Bayramoğlu K.",2
"BAZARRA-BARREIROS M",2
"BAZYKA DA",2
"BEARD DJ",2
"BECH JN",2
"BECHSTEIN M",2
"BECKER S",2
"Begou P.",2
"Behera B.N.",2
"Behera D.K.",2
"BEHERA DK",2
"BELLAMKONDA E",2
"BELLINI C",2
"BELLO A",2
"BENAKIS C",2
"BENDALL JC",2
"BENITO M",2
"BENJAMIN D",2
"BENNET L",2
"BENNETT C",2
"BENTLEY R",2
"BEOM JH",2
"BÉRES-MOLNÁR AK",2
"BERG A",2
"BERGMANN M",2
"Bernal J.",2
"BERNARD A",2
"Bernard T.E.",2
"BERNIER MO",2
"BERNSTEIN AS",2
"BERRY DC",2
"BERTING A",2
"BESTER M",2
"Bezrukovs V.",2
"Bhattacharjee S.",2
"BHURWANI MMS",2
"BI Y",2
"BIAGI A",2
"Bian X.",2
"BIANCHI F",2
"BIBIC A",2
"BICZÓ D",2
"BIGGS ML",2
"BILLOT B",2
"BIONDI-ZOCCAI G",2
"BIRKENMAIER A",2
"Birkun A.A.",2
"BISWAS R",2
"Bladt P.",2
"BLAIS C",2
"Blanchet T.A.",2
"BLANGIARDO M",2
"Blauenfeldt R.A.",2
"BLAUENFELDT RA",2
"BLAUWET C",2
"BLESKE BE",2
"BLÜML S",2
"BO Y",2
"Bo Y.",2
"Bøge A.U.",2
"Bögli S.Y.",2
"BÖGLI SY",2
"Bohmann F.O.",2
"BOHMANN FO",2
"BOICE JD",2
"BOLOGNA F",2
"BOLOGNINI N",2
"BOND M",2
"BONGERS CCWG",2
"BONIFACIO SL",2
"BONINI M",2
"BOONE S",2
"BOOTH TC",2
"BORNÉ Y",2
"BOROZDINA NA",2
"BORSI SH",2
"BOTTINI G",2
"BOULOUIS G",2
"BOURCIER R",2
"Bousselham A.",2
"BOYKO M",2
"BOYLE A",2
"BRADY KM",2
"BRAGIN DE",2
"BRAITHWAITE J",2
"Brassard P.",2
"BRAUN C",2
"BRAVO BAPTISTA S",2
"BREARLEY M",2
"BREIT HC",2
"BREITNER-BUSCH S",2
"BRESLOW RG",2
"BRINDHADEVI K",2
"BRINSTER DR",2
"BROCARD J",2
"BROCKMANN C",2
"Brook R.D.",2
"BROTSCHI B",2
"BROWN JA",2
"BROWN SH",2
"BROWNING MHEM",2
"BRUNO RM",2
"BRUSCHETTINI M",2
"BRYAN L",2
"BUDGETT R",2
"BULLER M",2
"Buller M.J.",2
"BURNASH SG",2
"BUROV A",2
"BURRIS N",2
"Burtscher M.",2
"BUSTAMANTE A",2
"BUTCHER K",2
"BUTLER C",2
"BUZOIANU AD",2
"BYUN G",2
"Cabizosu A.",2
"CABRAL S",2
"CACHULO MDC",2
"Cai B.",2
"Cai C.",2
"CAI H",2
"Cai J.",2
"Cai L.",2
"CAI S",2
"Cai T.",2
"CALDEIRA D",2
"Caldeira D.",2
"Calderón-Garcidueñas L.",2
"Caldwell A.R.",2
"Caldwell H.G.",2
"CALDWELL HG",2
"CAMILO MR",2
"CAMPBELL HA",2
"CAMPO D",2
"CAMPOCHIARO C",2
"CANCELLIERE NM",2
"CANO-NIGENDA V",2
"CANTRELL CL",2
"CANUDAS-ROMO V",2
"CAO B",2
"Cao L.",2
"Cao X.",2
"CAPIZZANO AA",2
"Carbone A.",2
"Cardoso D.S.",2
"CAREY LM",2
"CARLO WA",2
"CAROFF J",2
"CARR JMJR",2
"CARREON D",2
"CASANOVA R",2
"CASTELLANI RJ",2
"Catalano M.A.",2
"CAVALCANTE TF",2
"Cavaliere P.",2
"CAVARRETTA E",2
"CECCONI M",2
"CERCEO E",2
"CESARONI G",2
"Ceviz M.",2
"CHA SJ",2
"CHABRIAT H",2
"CHAI C",2
"CHAI S",2
"CHAIZHUNUSSOVA N",2
"CHAKRABORTY A",2
"CHALABI J",2
"CHALAK LF",2
"CHAN A",2
"CHAN KC",2
"CHAN KH",2
"Chan R.W.",2
"CHAN RW",2
"CHANG C",2
"CHANG CH",2
"CHANG CM",2
"CHANG H",2
"Chang H.",2
"CHANG HC",2
"CHANG JJ",2
"CHANG JT",2
"CHANG MC",2
"CHANG PC",2
"Chang T.Y.",2
"CHANG X",2
"CHANG YC",2
"CHANG YJ",2
"CHANG YY",2
"CHAO B",2
"CHAPMAN R",2
"CHAPPELL FM",2
"Charatpangoon P.",2
"CHASELING GK",2
"Chatterton C.",2
"Chaudhary S.",2
"CHAUVETTE V",2
"CHAVEZ-VALDEZ R",2
"CHELLADURAI HM",2
"Chelluboina B.",2
"Chen C.C.",2
"CHEN CM",2
"CHEN CY",2
"CHEN HY",2
"Chen J.J.",2
"CHEN JL",2
"CHEN LS",2
"Chen P.",2
"CHEN PW",2
"Chen S.C.J.",2
"Chen S.H.",2
"Chen T.",2
"Chen W.L.",2
"Chen Y.H.",2
"CHEN YC",2
"CHENG A",2
"CHENG K",2
"CHENG L",2
"CHENG P",2
"CHENG Q",2
"Cheng W.",2
"CHENG Z",2
"Cheng Z.",2
"CHERRIE JW",2
"Chesi G.",2
"Chiang M.C.",2
"Chiarelli A.M.",2
"Chidambaranathan B.",2
"CHIKWE J",2
"CHILD RB",2
"CHILLARIGE Y",2
"CHIU WT",2
"CHO H",2
"CHO JY",2
"CHO KH",2
"CHO S",2
"Cho S.",2
"Cho S.M.",2
"Cho Y.J.",2
"Choi D.H.",2
"CHOI G",2
"CHOI KS",2
"CHOI SH",2
"CHOI SY",2
"CHOI YH",2
"CHONG H",2
"CHOUDHARY T",2
"CHRISTIDIS T",2
"CHU G",2
"CHU H",2
"CHU YH",2
"Chu Z.",2
"CHUI HC",2
"CHUNG SP",2
"CIPOLLA MJ",2
"CIRACH M",2
"CLARKE PJ",2
"CLARKE TC",2
"CLAY-WILLIAMS R",2
"Clay-Williams R.",2
"CLAYPOOL M",2
"CLOUGHERTY JE",2
"COECKELBERGHS E",2
"COHEN AJ",2
"COHEN SS",2
"COLA PC",2
"Cole-Hunter T.",2
"COLLINS JM",2
"COLOMBI D",2
"COLUCCI ACM",2
"COMP G",2
"Comp G.",2
"COMSTOCK BA",2
"CONG L",2
"CONSTINE LS",2
"COOLS F",2
"Cooray V.",2
"CORREA-PAZ C",2
"COSKY E",2
"Cosottini M.",2
"COSTA AC",2
"COSTA MJ",2
"COTTEN CM",2
"Cournoyer A.",2
"CRAMER MN",2
"CREWS DC",2
"Cui L.",2
"CUI Q",2
"Cui Q.",2
"Cui S.",2
"CUI X",2
"CURRIERO FC",2
"CUTOLO M",2
"CYRYS J",2
"CZERNY M",2
"CZERNYCH R",2
"Czernych R.",2
"Da Ros V.",2
"DA SILVA-CANDAL A",2
"DA SILVA CBC",2
"da Silva Dias C.",2
"DA SILVA RG",2
"DĄBROWSKI EJ",2
"DADVAND P",2
"DAHLQUIST M",2
"Dai C.",2
"DAI D",2
"DAI L",2
"Dai L.",2
"DAI X",2
"DAI Z",2
"Dalmat Y.M.",2
"DAMMANN P",2
"DANCAUSE N",2
"DANG J",2
"Dang J.",2
"DANS A",2
"DARGAZANLI C",2
"DARKWAH OPPONG M",2
"DAS A",2
"Das A.K.",2
"DAS AK",2
"DASHTBANI MOGHARI M",2
"DASTOORPOOR M",2
"Datta A.",2
"Datta S.",2
"DAUER LT",2
"DAVIDSON JO",2
"DAVIES D",2
"DAVIES J",2
"DE ASMUNDIS C",2
"DE AZEVEDO SS",2
"de Bont J.",2
"DE CARVALHO L",2
"DE HAVENON A",2
"de Jonge J.C.",2
"DE KORTE CL",2
"DE LEEUW FE",2
"DE MARCHIS GM",2
"DE MATTEIS S",2
"DE SILVA A",2
"DE SOUZA AC",2
"DE TROEYER K",2
"DE VOCHT F",2
"de Vries L.",2
"DEAL JA",2
"DEAR K",2
"DEBRAY A",2
"Deepreecha K.",2
"DEGINET A",2
"DEGROOT D",2
"DeHan P.J.",2
"DEHAN PJ",2
"Dehghani M.H.",2
"Dehkharghani S.",2
"DEHLENDORFF C",2
"DELCOURT C",2
"DeMartini J.K.",2
"DEMCHUK A",2
"DEMEESTERE J",2
"DEMOPOULOS A",2
"Deng B.",2
"DEREX L",2
"DERUSSY AJ",2
"DESAI A",2
"DESAI R",2
"DEVLEESSCHAUWER B",2
"Dewan A.",2
"DI CESARE M",2
"DI GIOSA A",2
"DI TANNA GL",2
"DI Y",2
"DIANAT M",2
"DIAZ R",2
"DIEDERICHSEN ACP",2
"DIEHN FE",2
"Dietze A.",2
"DIJKHUIZEN RM",2
"DIMAKOPOULOU K",2
"DIMITROVA D",2
"DIMITROVA R",2
"DINEEN SM",2
"DING L",2
"DING M",2
"Ding R.",2
"DING W",2
"Ding W.",2
"DING YH",2
"Ding Z.",2
"DIRKS CA",2
"DIRKSEN RT",2
"Dixit M.",2
"Djilvesi D.",2
"DOAN AN",2
"DOEPPNER TR",2
"Dogra S.",2
"DOMINGO-RELLOSO A",2
"DONG B",2
"DONG F",2
"DONG P",2
"Dong T.F.",2
"DONG W",2
"Dong Y.",2
"DONG YF",2
"Dong Z.",2
"DONNELLY J",2
"DOPICO-LÓPEZ A",2
"DORES H",2
"DORICHEVSKA RY",2
"DOS SANTOS ACA",2
"DOSMAGAMBETOVA R",2
"DOU J",2
"DOUBAL F",2
"DOUBAL FN",2
"DOUMA MJ",2
"DOWLATSHAHI D",2
"DOWNEY L",2
"DRASBEK KR",2
"Drew K.L.",2
"DRISCOLL T",2
"Du B.",2
"DU C",2
"DU P",2
"Du W.",2
"Du Z.",2
"Duan H.",2
"DUAN Q",2
"DUAN W",2
"Duan Y.",2
"DUARTE COELLO R",2
"DUBEY P",2
"DUCHARME J",2
"DUCREUX S",2
"Durnford F.P.H.",2
"DURNFORD FPH",2
"DURRANT LM",2
"DUZINKIEWICZ M",2
"DYACHENKO IA",2
"DYER Z",2
"DYSART K",2
"DYUSSUPOV A",2
"DZYUBENKO E",2
"EARLEY RL",2
"EBELT ST",2
"EBISUDA Y",2
"Ebisuda Y.",2
"EDJLALI M",2
"EDOUARD P",2
"EDWARDS J",2
"Egnot N.S.",2
"EGOROVA N",2
"EHAIDEB S",2
"EICHNER ER",2
"EISENKRAFT A",2
"Eisenkraft A.",2
"EISENMENGER LB",2
"EKER OF",2
"EKSTRÖM A",2
"EL-BAZ A",2
"EL-DIB M",2
"EL N",2
"ELBEL B",2
"ELDAHSHAN W",2
"Elf M.",2
"ELGUDIN Y",2
"Elkelawy M.",2
"ELKIND MSV",2
"ELMAN JA",2
"ELSER H",2
"Eltringham S.A.",2
"ELTRINGHAM SA",2
"ENBLAD P",2
"ENGELMANN N",2
"Engrand N.",2
"ENTEZARI A",2
"EPSHTEIN M",2
"Epstein Y.",2
"Erandi B.A.",2
"ERBEN Y",2
"ERGUL A",2
"ERICSSON L",2
"Eriksson H.P.",2
"ERNST M",2
"ESCUDERO J",2
"ESPINEL Z",2
"ESPOSITO M",2
"Eto K.",2
"EVANS D",2
"EVANS S",2
"FADEL M",2
"Fadel M.",2
"FAGAN SC",2
"FAIYAZ A",2
"FAKUNLE AG",2
"FAN AP",2
"Fan B.",2
"Fan D.",2
"FAN Q",2
"FANAEI F",2
"FANG C",2
"FANG K",2
"FANG L",2
"FANG M",2
"Fang M.",2
"Fang P.",2
"FANG W",2
"FANG X",2
"Fang Y.",2
"FARBOOD Y",2
"Farhadi M.",2
"FARRAJ AK",2
"FARRES H",2
"FAZEL M",2
"FECHT D",2
"FEDERICO A",2
"FEDIRKO PA",2
"Fedosov N.",2
"FEI Y",2
"Feistle M.",2
"FENG B",2
"Feng B.",2
"FENG C",2
"FENG H",2
"FENG M",2
"FENG S",2
"Feng S.",2
"FENG T",2
"Feng W.",2
"FENG XL",2
"Feng Y.",2
"FENG Z",2
"FENNEL Z",2
"FENNEMA-NOTESTINE C",2
"FERGUSSON NA",2
"FERNÁNDEZ-RODICIO S",2
"FERNANDEZ D",2
"Fiamingo M.",2
"FIEHLER J",2
"FILEP EM",2
"FILIPPELLI G",2
"FINLAY J",2
"Finlay J.",2
"FINLAY JM",2
"FINSTERER J",2
"FIORE M",2
"Fischer M.",2
"FISHER A",2
"FISHER JT",2
"FISHER M",2
"FLIBOTTE JJ",2
"FOERCH C",2
"Fontaine C.",2
"Foo L.S.",2
"FOO LS",2
"FORBRIG R",2
"FOROUHI NG",2
"Foroutannia A.",2
"FORSHEE RA",2
"Forsyth N.",2
"FOSCHI M",2
"Foteinos M.I.",2
"FOTOPOULOU A",2
"FOURNIER M",2
"Fowler B.A.",2
"FRANCO F",2
"Franco P.N.",2
"FRANCO PN",2
"FRANKLIN M",2
"Franklin S.L.",2
"FRANZ CE",2
"FRASER JF",2
"FRATI G",2
"FREGNI F",2
"FRIBERG H",2
"Friedlein M.",2
"FRIEDMAN LS",2
"FROEHLICH K",2
"FROELICHER ES",2
"FRUH V",2
"FU C",2
"Fu C.",2
"FU H",2
"Fu H.",2
"Fu J.",2
"FU L",2
"FU R",2
"Fu S.",2
"Fu W.",2
"Fu X.Q.",2
"FUENTES B",2
"Fujibe F.",2
"FUJII K",2
"FUJII R",2
"Fujii T.",2
"FUJII Y",2
"Fujimoto M.",2
"FUJIMOTO S",2
"Fujino Y.",2
"FUJITA M",2
"FUJITA N",2
"FUJITA S",2
"FUJIWARA T",2
"FUKUDA H",2
"FUKUDA M",2
"FUKUHARA S",2
"Fukuhara S.",2
"FUKUNAGA M",2
"FUKUSHIMA K",2
"FUKUSHIMA Y",2
"FULTON RR",2
"FUNAYAMA M",2
"FURLANIS G",2
"FUSHIMI K",2
"Gaastra B.",2
"GABRIELE R",2
"GAI Y",2
"GAITHER R",2
"GAJJAR AA",2
"GALAGUDZA MM",2
"GALEA I",2
"Galindo J.",2
"GALLIPPI CM",2
"GALLUS S",2
"GAMACHE P",2
"Gamperl A.K.",2
"GAN L",2
"GANDHI P",2
"Ganesan S.",2
"Ganesh A.",2
"Gao B.",2
"GAO D",2
"Gao J.",2
"Gao P.",2
"GAO R",2
"GAO T",2
"Gao Z.",2
"GARCIA-ESPERON C",2
"GARG A",2
"GARG K",2
"GARG PK",2
"GARG R",2
"GARIAZZO C",2
"GARSHICK E",2
"GASPER J",2
"GAW SL",2
"GE H",2
"GE S",2
"Ge Y.",2
"GEEST V",2
"Geetha R.",2
"GEHRING U",2
"GEHWEILER J",2
"GENC O",2
"GENG J",2
"Geng Y.",2
"GEPNER Y",2
"GERANMAYEH F",2
"GERLOFF C",2
"Ghincea C.V.",2
"GHOSH AK",2
"GIETZEN C",2
"GILMOUR MI",2
"GIROUD M",2
"GITTINS M",2
"GODDERIS L",2
"GOITOM S",2
"GOLDSTEIN N",2
"GONÇALVES L",2
"GONG Q",2
"GONG W",2
"GONG X",2
"GONZALEZ F",2
"GONZALEZ FF",2
"GOOCH MR",2
"GOODWIN KC",2
"GOOSEY-TOLFREY VL",2
"GOPANG M",2
"GOTO K",2
"Gou Y.",2
"GOUDREAU S",2
"GOULART TO",2
"GOULD AAM",2
"GOUNIS MJ",2
"Gowthaman S.",2
"GOYAL AD",2
"GRADY ST",2
"GRAESER M",2
"GRAFFEO CS",2
"GRAU-PEREZ M",2
"GRAVEL H",2
"GREEN R",2
"GREEN S",2
"Green S.",2
"GREENE-CHANDOS D",2
"GREER D",2
"Greer D.M.",2
"GRIFFIN M",2
"Grigoriadis A.",2
"GRIGORYEVA ES",2
"GRIMM J",2
"GRITTI F",2
"GROENENDAAL F",2
"GRUBER K",2
"GU H",2
"Gu J.",2
"GU Q",2
"GU S",2
"Gu T.",2
"Gu Y.",2
"Guan J.",2
"GUAN X",2
"GUAN Y",2
"GUAN Z",2
"GUARNIER FA",2
"GUDE MF",2
"GUELLEC I",2
"GUENTHER J",2
"GUHA-SAPIR D",2
"Gulcebi M.I.",2
"GUMY S",2
"GUO B",2
"Guo C.",2
"Guo M.",2
"GUO P",2
"GUO R",2
"Guo T.",2
"Guo W.",2
"GUO YL",2
"GUPTA D",2
"GUPTA N",2
"Gupta S.",2
"GUPTA V",2
"Gürbüz H.",2
"Gusev E.I.",2
"GUSTAFSSON S",2
"Ha S.H.",2
"HA SH",2
"HAAGSMA JA",2
"HACHINSKI V",2
"HADEI M",2
"Hadidchi R.",2
"HAFFNER C",2
"HAGE A",2
"HAGLER DJ",2
"HAGMANN C",2
"HAJAT A",2
"Hajizadeh Y.",2
"Halasz G.",2
"HALES S",2
"Halis S.",2
"HALLIWILL JR",2
"HALLSTRÖM E",2
"HALVAEI H",2
"HAMEED S",2
"Hameed S.",2
"HAN D",2
"HAN G",2
"Han S.",2
"HAN T",2
"Han X.",2
"HANAMATSU S",2
"HÅNELL A",2
"Hao G.",2
"HAO L",2
"HAO X",2
"HAONING M",2
"HARARI F",2
"HARDY B",2
"HARIGANE M",2
"HARKEMA JR",2
"HARRINGTON J",2
"HARRIS M",2
"HARROD CG",2
"HARTMANN C",2
"Hartmann C.",2
"HASAN D",2
"HASAN S",2
"Hasegawa K.",2
"HASEGAWA S",2
"HASHIMOTO H",2
"Hasnain M.G.",2
"HASNAIN MG",2
"HASSAN A",2
"HATANO Y",2
"HAUSER TK",2
"HAUSSEN DC",2
"HAYASHI F",2
"HAYASHI S",2
"Hayashi S.",2
"HAYASHI T",2
"HAYASHIDA K",2
"Hazar H.",2
"He F.",2
"He G.",2
"HE N",2
"He R.",2
"He S.",2
"He Z.",2
"HEALY M",2
"HEAVISIDE C",2
"Heeger C.H.",2
"Hegab A.",2
"HEGEWALD J",2
"HELLSTRÖM-WESTAS L",2
"HELMUTH M",2
"HEMLI JM",2
"HEMMERICH F",2
"HENDERSON CG",2
"HENKE E",2
"Heo J.",2
"HERBECK GM",2
"HERSHKOVITZ Y",2
"HESS DC",2
"Hess F.",2
"HEWINS W",2
"HEYLIGHEN A",2
"HEYWORTH J",2
"Hidalgo-García D.",2
"HIFUMI T",2
"HII HP",2
"HILL L",2
"HINODA T",2
"HIRATA S",2
"HIRATA T",2
"HIRSCHHORN R",2
"HIRSCHHORN RM",2
"HIRTZ C",2
"HIWATASHI A",2
"HJALMARSSON A",2
"HO CC",2
"HO J",2
"HO JSY",2
"Hofny M.S.",2
"HOMEISTER JW",2
"HONEYCUTT CF",2
"HONG J",2
"HONG L",2
"Hong S.",2
"HONG T",2
"HOOD DB",2
"HOOD RJ",2
"Hooper P.R.",2
"HORIE N",2
"HOROSCHAK R",2
"HOROWITZ M",2
"Horowitz M.",2
"Hossain M.S.",2
"HOSSEINI H",2
"HOTOPF M",2
"HOU D",2
"HOU H",2
"HOU M",2
"HOU T",2
"Hou Y.",2
"HOUCK J",2
"HOWARD SW",2
"HOYER UCI",2
"HSIAO CD",2
"HSIEH KL",2
"HSU CH",2
"Hu D.",2
"HU F",2
"Hu H.",2
"Hu N.",2
"Hu R.",2
"Hu S.",2
"Hu S.S.",2
"HU T",2
"Hua C.",2
"Huaman A.S.",2
"Huang B.",2
"HUANG CH",2
"Huang D.",2
"HUANG DY",2
"HUANG JH",2
"Huang K.",2
"HUANG KH",2
"HUANG R",2
"Huang R.",2
"Huang S.P.",2
"Huang Y.H.",2
"HUBER V",2
"HUFFMAN MD",2
"Hughes G.C.",2
"HUI J",2
"HUI Y",2
"HUM YC",2
"HUMMEL E",2
"HUNG CH",2
"HUNTER R",2
"Hunter R.",2
"Huo J.",2
"HUO W",2
"HURR C",2
"HURST K",2
"Hussam W.K.",2
"HÜTTEMANN M",2
"HUTTNER HB",2
"HUYNH T",2
"HVAS AM",2
"HWANG K",2
"HYSA E",2
"IACOPINO S",2
"IANNETELLI A",2
"IAVICOLI S",2
"IBA T",2
"IBA Y",2
"Ichikawa S.",2
"Ichiyanagi M.",2
"Idro R.",2
"IFEJIKA NL",2
"IGAWA Y",2
"IIHARA K",2
"Ikari T.",2
"IKEDA T",2
"IKEDA U",2
"IKEDA Y",2
"Ikhlaq M.",2
"Ikpe A.E.",2
"ILIESCU E",2
"IM U",2
"IMBODEN M",2
"INCE S",2
"Ince S.",2
"Inukai K.",2
"IQBAL R",2
"Iranzo A.",2
"ISHIBASHI Y",2
"ISHIDA S",2
"ISHIDA Y",2
"ISHIGAMI K",2
"ISHII H",2
"ISHII Y",2
"ISHITOKU M",2
"ISHIYAMA A",2
"ISHRAT T",2
"ISLAM MA",2
"ISMAEL S",2
"ISMAIL R",2
"ISMAILOVA AM",2
"ISMAYILOV H",2
"Isoyama Y.",2
"ITAGAKI S",2
"ITO-IHARA T",2
"ITO K",2
"ITOH K",2
"Ivnitsky J.J.",2
"IWANIEC JD",2
"IWASAKI M",2
"IYER HS",2
"IZDENOV A",2
"JAAKKOLA JJK",2
"Jaat N.",2
"JABBOUR P",2
"JABERINEZHAD M",2
"Jacob D.",2
"JACQUEMIN B",2
"Jafari Horastani S.",2
"Jafari M.",2
"JAIKUMAR V",2
"JAIN S",2
"JAKOBSSON K",2
"JAKOLA AS",2
"JALALUDIN B",2
"JAMES KA",2
"JAMES TJ",2
"JAN A",2
"JAN S",2
"Jang H.",2
"JANG J",2
"JANKOWSKI P",2
"JANOT K",2
"JANSEN JFA",2
"JANSSEN JP",2
"JANUSZKO T",2
"JARRARD CP",2
"JARRET RL",2
"Javed S.",2
"JAVED Z",2
"Jemielita P.",2
"JENKINS C",2
"JENKINSON PM",2
"JENNINGS JR",2
"JENSEN JUS",2
"JEON PH",2
"JEON YH",2
"JEONG A",2
"JEONG H",2
"Jeong H.Y.",2
"JEONG W",2
"JESSER J",2
"Ji H.",2
"Ji J.S.",2
"Ji S.M.",2
"JI XY",2
"JIA W",2
"Jia X.",2
"Jia Y.",2
"JIAN Y",2
"Jian Z.",2
"Jiang A.",2
"Jiang D.",2
"JIANG G",2
"Jiang R.",2
"Jiang S.",2
"JIANG ST",2
"Jiang Z.",2
"Jiao B.",2
"JIAO J",2
"JIAO Y",2
"JIN G",2
"Jin L.",2
"JIN W",2
"JIN X",2
"JING J",2
"JING W",2
"JING Z",2
"JINGESI M",2
"JO C",2
"JOHNSON A",2
"JOHNSON KJ",2
"JOHNSON KM",2
"JOHNSON MJ",2
"JOHNSON NJ",2
"JOHNSON RJ",2
"Johnston T.",2
"JONES GL",2
"Jonnala P.",2
"JOSEY K",2
"Joshi A.",2
"JOSHI M",2
"JOSHI SS",2
"JOUSILAHTI P",2
"JOVIN TG",2
"JU K",2
"JUAREZ PD",2
"JUDGE LW",2
"Junck L.",2
"Jung H.",2
"JUNG J",2
"JUNG JY",2
"JUNG W",2
"JUNGBLUTH H",2
"JUUL S",2
"KA SM",2
"KADDUMUKASA M",2
"Kadhim M.Q.",2
"KAHE K",2
"KAKU Y",2
"KALOUSEK V",2
"Kamaraj A.",2
"KAMEDA T",2
"KAMIYA K",2
"KAMOUCHI M",2
"Kamtchum-Tatuene J.",2
"KANAZAWA M",2
"KANDA T",2
"KANDIL H",2
"KANEKO H",2
"KANG DH",2
"KANG DR",2
"KANG HJ",2
"KANG K",2
"KANG KM",2
"KANG SH",2
"KANG SK",2
"KANNO M",2
"KANO H",2
"KARACAN I",2
"KARANTANAS A",2
"KARIM N",2
"KARIM R",2
"KARIMIAN-JAZI K",2
"KARSSENBERG D",2
"Karwasz A.",2
"KASAI T",2
"KASEMSAP N",2
"Katagiri A.",2
"KATAN M",2
"KATANO A",2
"KATAYAMA A",2
"KATCH RK",2
"KATO T",2
"KATO Y",2
"Katushabe C.",2
"KAUFMAN JS",2
"KAVURI M",2
"KAWAHARADA N",2
"KAWAHITO Y",2
"KAWAI S",2
"KAWAI T",2
"Kawauchi S.",2
"KAYA K",2
"KAZEMI Z",2
"Kazemi Z.",2
"KAZI DS",2
"KE HY",2
"KE Y",2
"KEENAN KE",2
"KELISHADI R",2
"KELLY T",2
"KENNEY WL",2
"Kerimray A.",2
"KERMANI M",2
"KETKO I",2
"KHALTAEV N",2
"Khaltaev N.",2
"KHAN K",2
"KHAN MB",2
"KHAN MZ",2
"KHAN NA",2
"KHAN R",2
"Khan U.R.",2
"KHAN UR",2
"Khanduja S.",2
"KHANJANI N",2
"KHATANA SAM",2
"KHATIB R",2
"KHO AN",2
"Khoa N.X.",2
"KHODADADI N",2
"KHOMENKO S",2
"Khoshakhlagh A.H.",2
"Khraishah H.",2
"Khunthong P.",2
"KICHLOO A",2
"KIDA T",2
"KIDOGUCHI G",2
"KILBO EDLUND K",2
"KILGALLEN AB",2
"KILIC A",2
"Kim B.",2
"Kim B.K.",2
"Kim D.Y.",2
"KIM DJ",2
"KIM DW",2
"Kim H.J.",2
"KIM HH",2
"KIM HS",2
"KIM I",2
"KIM ISY",2
"KIM JB",2
"KIM JG",2
"KIM JS",2
"KIM JW",2
"KIM KM",2
"Kim M.",2
"KIM MH",2
"Kim S.Y.",2
"KIM SJ",2
"KIM SM",2
"KIM SR",2
"KIM Y",2
"Kim Y.",2
"KIM YJ",2
"KIM YS",2
"KIMURA H",2
"King M.A.",2
"KING RM",2
"KINOSHITA K",2
"KIOUMOURTZOGLOU MA",2
"KIRSCH J",2
"KIRSCHKE JS",2
"Kirubadurai B.",2
"KIRYU S",2
"KITA Y",2
"KITAGAWA Y",2
"KITAMORI K",2
"Kitayama S.",2
"KJELDSEN M",2
"KJØLHEDE M",2
"KLEBER M",2
"KLEINSCHNITZ C",2
"Kliengchuay W.",2
"KLOOG I",2
"Klug J.",2
"KNECHT S",2
"KNIBBS LD",2
"KNIEP H",2
"KNOBEL P",2
"KO SB",2
"KO SM",2
"KOBATA H",2
"Kobata H.",2
"KOBAYASHI H",2
"KOBAYASHI J",2
"KOBAYASHI K",2
"Kobayashi T.",2
"Kobayashi Y.",2
"KØBER L",2
"Koch A.",2
"Koch S.",2
"KOFLER M",2
"KOH SB",2
"KOKUBO Y",2
"KOLDENHOVEN RM",2
"KOLLMAR R",2
"KONG N",2
"Kong S.",2
"KONG W",2
"KONGBUNKIAT K",2
"Kongbunkiat K.",2
"KONO M",2
"Kono M.",2
"KONO Y",2
"Konuhova M.",2
"KORUTH JS",2
"KOSHELEVA A",2
"KOTANI K",2
"KOZERA G",2
"KOZHANOVA S",2
"KRAFFT T",2
"Krasnov H.",2
"KRECK T",2
"KREMEN WS",2
"KREPSZTUL-JEMIELITA A",2
"KREUZER M",2
"Kriit H.K.",2
"KRISHNA S",2
"Krishna S.",2
"KRONFELD A",2
"KRUGER IM",2
"KRUIJT N",2
"Kuang Z.",2
"KUCERA KL",2
"KUDO K",2
"KUENNEN MR",2
"KUKIDA Y",2
"KULCSÁR Z",2
"Kuldeep",2
"Kulick E.R.",2
"Kulvait V.",2
"Kulwa F.",2
"Kumar C.B.",2
"Kumar H.",2
"KUMAR K",2
"KUMAR M",2
"Kumar M.",2
"KUNG TFC",2
"KUNZ WG",2
"KUO HW",2
"Kuo L.T.",2
"Kuo W.Y.",2
"Kurasz A.",2
"KURMI O",2
"KURODA S",2
"Kusk M.W.",2
"Kuts K.V.",2
"KUZMA L",2
"KUZMENKO NV",2
"KUZNIEWICZ MW",2
"KVANDOVA M",2
"KWAKKEL G",2
"KWON SU",2
"KYME AZ",2
"KYRIAKOU K",2
"LACLAUSTRA M",2
"LACOSTE B",2
"LACROIX AN",2
"LAFUENTE JV",2
"LAGER A",2
"Lai C.",2
"LAI J",2
"LAI TW",2
"Lai W.C.",2
"LAI X",2
"LAI YF",2
"Laichter J.",2
"Laitano O.",2
"LAJOUS M",2
"Lalić B.",2
"LALLY EM",2
"LAM K",2
"LAMBECK J",2
"LAMBRECHTSEN J",2
"LAMBROU D",2
"LAN T",2
"LAN Y",2
"LANE M",2
"LANG IM",2
"LANGA KM",2
"LAPTOOK AR",2
"LARSEN JB",2
"LARSON EA",2
"Lascarrou J.B.",2
"LASEK-BAL A",2
"LAUKAMP KR",2
"LAURIC A",2
"Lavella M.",2
"Lavinio A.",2
"LAW JB",2
"LAWRENCE WR",2
"LAZAROS G",2
"LE HT",2
"Leach F.",2
"LEANDRO DMK",2
"LEAR S",2
"Lecordier S.",2
"LECOUR S",2
"Lee C.",2
"LEE CC",2
"LEE CM",2
"LEE CP",2
"Lee D.H.",2
"LEE EY",2
"Lee H.S.",2
"LEE HF",2
"LEE I",2
"Lee J.K.W.",2
"Lee J.S.",2
"LEE JC",2
"LEE JE",2
"LEE JM",2
"LEE JT",2
"LEE JW",2
"LEE K",2
"Lee K.K.",2
"LEE KH",2
"LEE L",2
"LEE SJ",2
"Lee T.",2
"LEE TK",2
"LEE TY",2
"LEE WJ",2
"LEE Y",2
"Lee Y.C.",2
"Lee Y.J.",2
"LEHE C",2
"LEHMANN S",2
"LEI F",2
"Lei T.H.",2
"Lei W.",2
"Leinweber M.E.",2
"Lelieveld J.",2
"LEMPRIÈRE S",2
"Lemprière S.",2
"LENNARTZ S",2
"LENS C",2
"Lens C.",2
"LETELLIER N",2
"LEVI CR",2
"LEVINE SR",2
"LEVY E",2
"Lewandowski S.A.",2
"LEWÉN A",2
"LEWIS A",2
"LEWIS SR",2
"LI HY",2
"LI XF",2
"Li Y.L.",2
"LI YF",2
"LI YL",2
"LI YM",2
"LIAN J",2
"Liang J.",2
"LIANG Q",2
"LIANG R",2
"Liang R.",2
"LIANG W",2
"Liang W.",2
"LIANG WM",2
"Liang Y.",2
"LIAO E",2
"LIAO EC",2
"LIAO H",2
"Liao J.",2
"LIAO KH",2
"LIAO M",2
"Liao M.",2
"Liao N.S.",2
"LIAO X",2
"LIBRUDER C",2
"LIDDLE LJ",2
"LIEB JM",2
"LIGHTBODY E",2
"Lim C.",2
"LIM E",2
"LIM MJR",2
"LIM S",2
"LIM W",2
"Lin C.",2
"Lin C.H.",2
"Lin C.Y.",2
"LIN CC",2
"LIN FR",2
"LIN HH",2
"LIN JC",2
"LIN LY",2
"LIN M",2
"LIN MT",2
"Lin Q.",2
"LIN TM",2
"Lin W.Y.",2
"LIN WY",2
"Lin Y.C.",2
"Lin Y.K.",2
"LIND L",2
"LINDAUER U",2
"LINDHOLT JS",2
"Lindner T.",2
"LIPIKHINA A",2
"LIPMAN GS",2
"Lipson-Smith R.",2
"Liu A.",2
"LIU BH",2
"LIU CH",2
"LIU DX",2
"LIU FJ",2
"LIU JR",2
"LIU LP",2
"Liu S.Y.",2
"Liu X.X.",2
"Liu Y.H.",2
"LIU YC",2
"LIU ZF",2
"LLOYD PC",2
"LO WC",2
"LOGANOVSKA TK",2
"LOGANOVSKY KM",2
"LÕHMUS M",2
"LOK CE",2
"LOMAX P",2
"LOMBARDO A",2
"LONG G",2
"LONG Z",2
"LOONEN JJ",2
"LOOP MS",2
"LÓPEZ MJ",2
"LORON G",2
"LÖVBLAD KO",2
"LOVELL NH",2
"LU A",2
"LU C",2
"LU D",2
"Lu D.",2
"LU E",2
"Lu J.",2
"LU Q",2
"Lu Q.",2
"Ludewig P.",2
"LUKŠIENĖ D",2
"Lundbye J.",2
"Lung S.C.C.",2
"LUNSFORD LD",2
"LUO CB",2
"LUO D",2
"LUO M",2
"LUO N",2
"Luo R.",2
"Luo S.",2
"LUO W",2
"Luo W.",2
"Luo Z.",2
"Lutz Y.",2
"LV D",2
"Lv D.",2
"LV K",2
"Lv S.",2
"LV T",2
"LV X",2
"Lv X.",2
"LYN SA",2
"LYNCH KL",2
"Lyu Z.",2
"MA A",2
"MA B",2
"MA D",2
"Ma G.",2
"MA LZ",2
"Ma M.",2
"MA N",2
"Ma Q.",2
"Ma X.",2
"MACCORMACK TJ",2
"MACHIN DR",2
"MACKENBACH JD",2
"MACNAMARA JP",2
"Madane P.A.",2
"MADANI NA",2
"MADANIYAZI L",2
"MADHAVAN AA",2
"MAEGELE M",2
"MAGNUSSON HANSON LL",2
"MAHAJAN S",2
"MAIO S",2
"Maity A.",2
"Maji K.J.",2
"MALAVERA A",2
"MALEK AM",2
"MANAN HA",2
"MANCUSO JD",2
"Mandal G.",2
"MANGANOTTI P",2
"MANGIARDI M",2
"MANJOURIDES J",2
"MANN KK",2
"MANNECK S",2
"Manojkumar N.",2
"MANSER T",2
"MAO D",2
"MAO W",2
"Mao Y.",2
"MAO Z",2
"MARAZZI TBM",2
"MARCEL-MILLET P",2
"MARCHEGIANI G",2
"MARCHI N",2
"MARCHINI T",2
"Marchini T.",2
"MARIET AS",2
"Marín-Medina D.S.",2
"MARINACCIO A",2
"MARKS LB",2
"Markus H.S.",2
"MARKUS HS",2
"MARTENS P",2
"MARTIN BL",2
"MARTIN F",2
"MARTINDALE N",2
"MARTINEZ R",2
"MARTINS SO",2
"Marwaha A.",2
"MARZO LD",2
"MASSABAYEVA M",2
"MASUDA T",2
"MATHEUS MG",2
"MATHIEU D",2
"MATSUO R",2
"MATSUO Y",2
"Matsuzono K.",2
"MATTINGLY AJ",2
"MATTSSON-CARLGREN N",2
"MATZARAKIS A",2
"Mauch M.",2
"MAURER CJ",2
"MAYER SA",2
"MAYOCK DE",2
"MAYVANEH F",2
"McAlexander T.P.",2
"MCALLISTER DA",2
"MCCORMICK MI",2
"MCCULLOUGH LD",2
"McDermott B.P.",2
"MCGAW SP",2
"MCGREEVY PD",2
"MCINTYRE CW",2
"MCKEE M",2
"McKenna Z.J.",2
"MCNALLY JS",2
"MCNAMARA C",2
"Meade R.D.",2
"MECKEL S",2
"MEDINA S",2
"MEI Y",2
"MEIJER FJA",2
"Meijer P.",2
"Melingi S.B.",2
"Melling J.",2
"Meng D.",2
"Meng F.",2
"Meng L.",2
"Meng S.",2
"MENG W",2
"Meng W.",2
"MENON BK",2
"MENON PK",2
"MERCADO MAA",2
"MESCHIA JF",2
"MESKERS CGM",2
"MESTAREEHI A",2
"Mestareehi A.",2
"METANBOU S",2
"MEUCCI L",2
"MEYER L",2
"MI Y",2
"MIAO B",2
"MIAO J",2
"MIAO X",2
"MICHEL P",2
"MICHELOZZI P",2
"Michikawa T.",2
"MILANO MT",2
"Milej D.",2
"MILLER CN",2
"MILLER S",2
"MILLS A",2
"MILLSTEIN J",2
"MILNER J",2
"MIMICA MJ",2
"Mimura T.",2
"MIN J",2
"MINAMI K",2
"MINAMI M",2
"MINETT GM",2
"Ming Z.",2
"MINSON CT",2
"Mishra P.",2
"MISSELWITZ B",2
"MITCHELL D",2
"MITSIS GD",2
"MIURA K",2
"MIURA T",2
"MIYAKE T",2
"MIYAMATSU N",2
"MIYAMOTO K",2
"MIYATA H",2
"MIYATAKE N",2
"MIYAWAKI Y",2
"MIZZI V",2
"MO X",2
"MOCHIDOME T",2
"MODIN D",2
"MOELLER S",2
"MOHABBAT AB",2
"MOHAMED RA",2
"MOHAMMED A",2
"Mohammed S.",2
"Mohan A.",2
"MOHAN I",2
"Mohan I.",2
"MOHAN S",2
"MOHAN V",2
"MOMOSE T",2
"MONTAGNE A",2
"MONTANER J",2
"MONTEIRO RA",2
"MONTGOMERY AE",2
"MONTGOMERY H",2
"MOON HH",2
"MOON J",2
"MOORE C",2
"MOORE J",2
"MOOSHAGE CM",2
"Moraes S.L.d.",2
"MORAES SL",2
"MORAWSKA L",2
"MOREH Y",2
"MORELLI N",2
"Morelli N.",2
"MORENO-FRANCO B",2
"MORGENSTERN LB",2
"MORI K",2
"MORI Y",2
"Moris J.V.",2
"MORISHITA M",2
"MORITAKE T",2
"MORIYA T",2
"MORIYAMA M",2
"Morrissey M.C.",2
"MORRISSEY MC",2
"MORTAMAIS M",2
"MOSCOTE-SALAZAR LR",2
"MOSEBY-KNAPPE M",2
"Moshkov P.",2
"Moshkov P.A.",2
"MOSSA-BASHA M",2
"Motairek I.",2
"MOTOKI H",2
"MOUSAVI S",2
"Mousavi S.S.S.",2
"MROCHEN A",2
"Mrochen A.",2
"MU J",2
"MUELLER C",2
"Mueller W.",2
"Muir C.A.",2
"MUJAHID MS",2
"MUKAI K",2
"MUKAMAL KJ",2
"MUKASA A",2
"MUKLI P",2
"MULHOLLAND AM",2
"MUMMA MT",2
"MUN S",2
"MURAKAMI T",2
"MURAYAMA K",2
"MURAZAKI H",2
"MURESANU DF",2
"MURTHY S",2
"NA H",2
"NABETANI Y",2
"NACCARATO M",2
"NAEEM H",2
"NAGASHIMA K",2
"NAGAYASU K",2
"NAGEL G",2
"NAGEL S",2
"Naghan D.J.",2
"Nagpure A.G.",2
"NAH S",2
"NAIDU R",2
"Naik A.",2
"NAJJUMA JN",2
"NAKAGOMI D",2
"NAKAJIMA J",2
"NAKAMURA Y",2
"NAKAO A",2
"NAKAO S",2
"Nallamotu P.",2
"NAMVAR Z",2
"NAULT I",2
"NAVARRO L",2
"NAVID F",2
"NAWROT TS",2
"Nazim M.A.",2
"NDIAYE A",2
"Ndlovu N.",2
"NEGEV M",2
"NEITZEL RL",2
"NELSON DA",2
"Nemati A.",2
"NEMERY B",2
"Neog R.",2
"NESS D",2
"NETTO CA",2
"NEUZIL P",2
"NEZU N",2
"NG CFS",2
"NG EYK",2
"NG X",2
"Nguyen D.T.",2
"NGUYEN M",2
"Nguyen T.N.",2
"NGUYEN TH",2
"NI J",2
"NI W",2
"NI XX",2
"NI Y",2
"Nicole W.",2
"NIE K",2
"NIE Y",2
"NIELSEN MC",2
"NIELSEN N",2
"NIGHOGHOSSIAN N",2
"NIGRA AE",2
"NING Y",2
"NISHIMURA H",2
"NISHIO H",2
"NISHIOKA R",2
"NISHIWAKI Y",2
"NITTA H",2
"NIU H",2
"NIU J",2
"NIU KC",2
"Nkoke C.",2
"NOBILE F",2
"NOH Y",2
"NOJIMA T",2
"NOMURA A",2
"NOMURA S",2
"NORDSLETTEN D",2
"NOZAKI H",2
"O'HARA J",2
"O'HARA M",2
"OBARA T",2
"OBENAUS A",2
"Oblitas C.M.",2
"OBLITAS CM",2
"ODDEN MC",2
"OGATA S",2
"Ogoh S.",2
"OGUZ A",2
"OHASHI K",2
"Ohashi Y.",2
"Ohira S.",2
"OHIRA T",2
"Ohmura H.",2
"OHTA T",2
"OHTAKE K",2
"OISHI K",2
"OJHA S",2
"OKA K",2
"OKA N",2
"Oka T.",2
"OKADA A",2
"OKADA S",2
"OKADA T",2
"OKANO Y",2
"OKAZAKI R",2
"Oki K.",2
"OKI Y",2
"OKIMOTO N",2
"OKOPIEŃ B",2
"OKUDA T",2
"Okude Y.",2
"OLALUSI OV",2
"OLCH AJ",2
"OLFERT IM",2
"OLIVER MJ",2
"OLOPADE CO",2
"OLSEN A",2
"OLVER J",2
"Omileke D.",2
"OMURA S",2
"ONG CJ",2
"ONG ME",2
"OREKHOV A",2
"Orellana-Urzúa S.",2
"ORELLANO P",2
"Orellano P.",2
"ORNELLO R",2
"ORRU H",2
"Ortlieb E.",2
"OSUMI M",2
"OTA Y",2
"OTGONBAATAR C",2
"Otsuka K.",2
"OTTO CM",2
"OURO A",2
"OUYANG Y",2
"Ouypornkochagorn T.",2
"OVCHINNIKOV L",2
"Oyama T.",2
"Ozkan J.",2
"Öztürk B.",2
"ÖZTÜRK Ş",2
"PABODY CM",2
"PACAL I",2
"PACINI D",2
"PAK A",2
"Palikov V.A.",2
"PALIKOV VA",2
"PALMIERI TL",2
"PÁLOSI M",2
"PALSTAM A",2
"Pan H.",2
"PAN K",2
"Pan K.",2
"PAN L",2
"Pan M.",2
"PAN S",2
"PAN Y",2
"Pan Y.",2
"PANDEY AS",2
"Pandey B.K.",2
"PANDEYA S",2
"Pandian J.D.",2
"PANG R",2
"PAOLINI C",2
"Papana K.R.",2
"PAPATHEODOROU SI",2
"Parfenova H.",2
"PARK H",2
"PARK HJ",2
"PARK SE",2
"PARK YS",2
"PARKINSON C",2
"Parliari D.",2
"Paschoal A.M.",2
"PATEL A",2
"PATEL G",2
"PATEL HJ",2
"Patel M.",2
"Patel N.",2
"Patel S.",2
"PATEL V",2
"PATNAIK R",2
"PATRICIAN A",2
"PAYNE SJ",2
"PAZ S",2
"PEARCE WJ",2
"PEĆIN I",2
"Peer M.Y.",2
"Pega F.",2
"PEI X",2
"Pei Y.",2
"PEI Z",2
"PEIXEIRO A",2
"PELLA D",2
"PENG G",2
"PENG H",2
"Peng J.",2
"PENG M",2
"PENG N",2
"Peng W.",2
"PEREL P",2
"PÉREZ VELASCO R",2
"Périard J.D.",2
"PERIN J",2
"PERISSIOU M",2
"PERRON S",2
"PERROTTA A",2
"PERSSON M",2
"PERUZZI M",2
"PESSAH-RASMUSSEN H",2
"PETER G",2
"PETERSON MD",2
"Petrova M.V.",2
"PEZZELLA FR",2
"PFAFF JA",2
"PFEILSCHIFTER W",2
"PFEUFFER J",2
"PFLAUMER L",2
"PHUNG D",2
"Phurbu D.",2
"PIANO M",2
"PICCOLO DD",2
"PIEPOLI M",2
"PIERSCIANEK D",2
"PIETRANGELO L",2
"PINTER NK",2
"Pinzon R.T.",2
"PIPERATA A",2
"PIRES MONTEIRO S",2
"Pires Monteiro S.",2
"PITT N",2
"PITTMAN E",2
"Pla B.",2
"PLANTE C",2
"PLUMMER MP",2
"POHLMANN J",2
"POIRIER P",2
"Poorsaadat L.",2
"POPA-WAGNER A",2
"PORTER E",2
"POST A",2
"Pourhoseini S.H.",2
"POWNALL S",2
"PRABHAKARAN D",2
"PRAKASH R",2
"PROKOP M",2
"PROTASI F",2
"Pryor R.R.",2
"PU J",2
"PU L",2
"PU Y",2
"PU YT",2
"PUGAZHENDHI A",2
"PUGSLEY P",2
"Pupovac S.S.",2
"PUPOVAC SS",2
"PURI AS",2
"Puzdrowska P.",2
"QI F",2
"Qi J.",2
"QI M",2
"QI Q",2
"Qi Q.",2
"Qian H.",2
"Qian J.",2
"QIAN K",2
"Qian K.",2
"QIAN X",2
"Qian Y.",2
"QIAO D",2
"QIN B",2
"Qin C.",2
"QIN F",2
"QIN H",2
"Qin J.",2
"Qin L.",2
"QIN M",2
"QIN Q",2
"QIN W",2
"QIU C",2
"QIU F",2
"QIU M",2
"QU C",2
"QU S",2
"Qu S.",2
"Qu W.",2
"QU Z",2
"QUAIN A",2
"Quist N.A.",2
"RACKAUSKAS G",2
"RADFORD J",2
"RADIŠAUSKAS R",2
"RADOMSKI MW",2
"Rafi M.H.",2
"RAHIMZADEH S",2
"RAHMAN O",2
"Rai P.",2
"Rajagopalan S.",2
"Rajak U.",2
"RAJIAH PS",2
"RAJPOOT AS",2
"Rakov V.A.",2
"Ramadhan S.H.A.",2
"RAMGREN B",2
"RAN J",2
"Ranta A.",2
"RAO R",2
"RAO SV",2
"Rao Z.",2
"RASHID M",2
"RATHKE V",2
"RAUSCHER A",2
"Ravindra K.",2
"RAYZ VL",2
"RAZ E",2
"RAZANSKY D",2
"RAZZAK JA",2
"REECE TB",2
"REED EL",2
"Rehni A.K.",2
"REINER AP",2
"REIS G",2
"REN H",2
"REN L",2
"REN N",2
"REN Q",2
"REN Z",2
"RENNIX C",2
"RÉQUIA WJ",2
"REYNOLDS CA",2
"RHODES J",2
"RICHMAN JS",2
"RICHTER H",2
"RIDWAN H",2
"RIGGS DW",2
"RILEY ED",2
"RITTER M",2
"RIVA A",2
"RIZZO S",2
"ROBBA C",2
"ROBERTS AJ",2
"ROBERTS GS",2
"ROBERTS JA",2
"ROBERTSON NJ",2
"ROBINSON D",2
"ROBINSON M",2
"RODGERS S",2
"Rodrigues D.L.G.",2
"RODRIGUES DLG",2
"RODRIGUES R",2
"ROH YH",2
"ROMERO JM",2
"ROMERO SA",2
"RONALDSON A",2
"RONCKERS CM",2
"Rong F.",2
"RONNE-ENGSTRÖM E",2
"ROQUELAURE Y",2
"ROSENWASSER RH",2
"ROSSI L",2
"ROTA E",2
"ROTIM A",2
"ROTIM K",2
"ROY MA",2
"ROYÉ D",2
"RUAN P",2
"RUGULIES R",2
"RUNDLE AG",2
"Rupesh P.L.",2
"RUSCHE T",2
"Rusche T.",2
"Rusnak J.",2
"RYTI NRI",2
"RYU J",2
"RYU JK",2
"Ryu S.J.",2
"SAAD A",2
"Saad A.",2
"SABIR H",2
"Sacchi M.F.",2
"SACCHI MF",2
"SACCO S",2
"Sae-Jung J.",2
"Şafak T.",2
"SAFFORD MM",2
"Sagot B.",2
"SAHIB S",2
"SAHOO P",2
"SAIRENCHI T",2
"SAITO I",2
"SAITO N",2
"SAITO R",2
"SAITO S",2
"SAJKO T",2
"SAKAMOTO R",2
"SAKAMOTO Y",2
"SAKATA K",2
"SALAMEH P",2
"SALDIVA P",2
"SALEEM SG",2
"SALEM MM",2
"SALLSTEN G",2
"SALUJA T",2
"SALVATO G",2
"Samuel O.W.",2
"SAMUEL OW",2
"SANCHEZ S",2
"SANDERSON TH",2
"Sandner T.",2
"SANDSET EC",2
"Sang S.",2
"SANTOS M",2
"SANTOSO F",2
"SAPIENZA P",2
"SAPOSNIK G",2
"SAPUTRA F",2
"SARAN AB",2
"Saranya K.",2
"SARDARI M",2
"Sarikaya S.",2
"SARKAKI A",2
"SARMA S",2
"SASAI F",2
"SASAKI-ADAMS D",2
"SASAKI M",2
"SASAKI Y",2
"Sasaoka K.",2
"Sato F.",2
"SATO T",2
"Sato T.",2
"SAUCY A",2
"Savioli G.",2
"SAVITZ DA",2
"SAWANYAWISUTH K",2
"SAXENA A",2
"SAYNOR ZL",2
"Scarneo-Miller S.E.",2
"SCHAAF GW",2
"SCHÄFFER B",2
"SCHEFFLER AW",2
"SCHLICHT F",2
"Schmidbauer M.L.",2
"SCHMIDT D",2
"SCHMIDT SM",2
"SCHMIDTMANN I",2
"Schmitt N.",2
"SCHMITZ O",2
"Schneider A.",2
"SCHNEIDER G",2
"SCHNEIDER H",2
"Schneider S.",2
"SCHOEPF UJ",2
"Schönborn A.",2
"SCHÖNENBERGER S",2
"SCHOU M",2
"SCHRAMM S",2
"SCHUBERT M",2
"SCHUSTER AK",2
"Schutte A.E.",2
"SCHWAB S",2
"SCHWARTZ GG",2
"SCHWEIGHOFER N",2
"SCIARRETTA S",2
"SCIESZKA D",2
"SEDLMAYR M",2
"Sehgal A.",2
"SEIDLER A",2
"SEMBAJWE G",2
"SEN A",2
"SEO S",2
"SEOW WJ",2
"SERA F",2
"SERANO M",2
"Serano M.",2
"SERENA J",2
"Serrano J.R.",2
"SETHI S",2
"SEVERI G",2
"SEXTON J",2
"Seyedsaadat S.M.",2
"SEYEDSAADAT SM",2
"SHABDARBAYEVA D",2
"Shabir M.",2
"Shaffer R.M.",2
"SHAH ASV",2
"SHAH N",2
"Shah V.N.",2
"SHAH ZA",2
"SHAHID A",2
"SHAHSAVANI A",2
"SHAIKH R",2
"SHAMAN JL",2
"SHAMSA EH",2
"SHAN W",2
"SHAN Y",2
"SHANG F",2
"SHANG S",2
"SHANG X",2
"SHANG Y",2
"Shang Y.",2
"SHANKARAN S",2
"Shannon M.M.",2
"SHANNON MM",2
"SHAO J",2
"SHAO S",2
"SHAPIRO LT",2
"SHAPIRO MF",2
"SHARAFKHANI R",2
"Sharma B.",2
"SHARMA HS",2
"SHARMA P",2
"SHEEHAN JP",2
"SHEN D",2
"SHEN G",2
"SHEN H",2
"Shen H.",2
"SHEN JZ",2
"Shen Y.S.",2
"SHEN YS",2
"SHENG Y",2
"SHEPHERD AI",2
"SHEPHERD JM",2
"Sherrit S.",2
"Shi C.",2
"SHI D",2
"Shi L.",2
"SHI M",2
"SHI P",2
"Shi X.",2
"SHI YL",2
"Shibahara T.",2
"Shibasaki K.",2
"SHIBATA T",2
"Shih C.C.",2
"Shih H.Y.",2
"SHIH HI",2
"SHIH HY",2
"SHIM H",2
"SHIMADA T",2
"SHIMBO D",2
"SHIMIZU K",2
"SHIMIZU M",2
"SHIMOJIMA Y",2
"Shin H.H.",2
"SHIN HH",2
"SHIPLEY L",2
"SHIRAKAWA H",2
"SHIRAZ BHURWANI MM",2
"SHISHANI K",2
"Shivakumara P.",2
"SHOAMANESH A",2
"SHOU D",2
"SHOULDIS L",2
"Shoya F.",2
"SHRIKHANDE S",2
"Shrikhande S.S.",2
"SHTEIN A",2
"SHU M",2
"SHUKLA AK",2
"SHUMAKER SA",2
"SI L",2
"SIA CH",2
"SIDDIQI UR",2
"SIDDIQUI A",2
"SIDDIQUI AH",2
"Sidorov E.V.",2
"SIGFRIDSSON A",2
"SIGSGAARD T",2
"Silawarawet K.",2
"SILVA GS",2
"SIM HJ",2
"Simon E.M.",2
"Simsek S.",2
"Singh A.K.",2
"SINGH G",2
"SINGH R",2
"Singh S.K.",2
"SINGHANIA A",2
"Singhania A.",2
"SINGLETARY EM",2
"SIRASAPALLI SK",2
"Sivakumar E.R.",2
"Sivamurugan P.",2
"SIVANDZADE F",2
"SKAAR JR",2
"SKLAR D",2
"SMAILOVA Z",2
"SMIRNAKIS SM",2
"SMIT EJ",2
"SMITH DM",2
"SMITH KJ",2
"SMOOT J",2
"SNAPE D",2
"SOBRERO A",2
"SODI A",2
"SOHN CH",2
"SOHN SI",2
"SOLEIMANI DEHNAVI S",2
"SOLIMAN A",2
"SOLOMON SD",2
"SOMBOONSIN P",2
"Somboonsin P.",2
"Sommer K.N.",2
"SOMMER KN",2
"SONG A",2
"SONG C",2
"Song C.",2
"Song F.",2
"SONG JC",2
"SONG M",2
"SONG R",2
"Song S.N.",2
"Song Z.",2
"SONODA K",2
"SONTROP JM",2
"SOOD MM",2
"Soula S.",2
"SPALLAZZI M",2
"SPANN SM",2
"Sparks S.",2
"SPENCE JD",2
"SPORNS PB",2
"SPRENGER T",2
"SRINIVASAN A",2
"Srivatsa C.V.",2
"Stacey M.J.",2
"Ståhl F.",2
"STAMM P",2
"STANAWAY JD",2
"STAUDT A",2
"STEELE A",2
"STEINACKER JM",2
"STEINBERG A",2
"STEINMETZ H",2
"Steinmetz S.",2
"STEVENSON W",2
"STEWART R",2
"STOLLBERGER R",2
"STOMEO N",2
"Stone T.",2
"STOWELL JR",2
"STRAPAZZON G",2
"STRBIAN D",2
"Strelec G.",2
"STRICKLAND MJ",2
"STRIDH M",2
"STRINGER M",2
"Stringer M.S.",2
"STUDENT S",2
"STURGE J",2
"Su L.",2
"SU M",2
"SU P",2
"SU R",2
"Su Y.",2
"SUEHIRO E",2
"SUFE G",2
"SUGIE A",2
"SUGIMOTO T",2
"SUGITA M",2
"SUH PS",2
"SUI B",2
"Sun C.",2
"SUN E",2
"Sun F.X.",2
"Sun L.",2
"Sun P.",2
"Sun P.Z.",2
"Sun R.",2
"SUN SK",2
"Sun T.",2
"Sun W.",2
"SUN YH",2
"SUNG J",2
"SUNG TC",2
"SUNOHARA D",2
"SUO C",2
"SUO H",2
"SURI JS",2
"SUZUKI S",2
"SVEDUNG WETTERVIK T",2
"SVENSSON T",2
"SWANN Z",2
"Swann Z.",2
"Sweeney L.M.",2
"Święczkowski M.",2
"SZAKMAR E",2
"SZE G",2
"SZPIRO A",2
"TABATA T",2
"TACHINO J",2
"TACHTSIDIS I",2
"TADA H",2
"TAGHIZADEH M",2
"TAHA A",2
"Tai S.H.",2
"TAI WA",2
"Taib N.M.",2
"TAJIMA T",2
"TAKAHASHI H",2
"TAKAHASHI N",2
"TAKAHASHI S",2
"TAKAHASHI T",2
"TAKANE Y",2
"TAKATA T",2
"TAKATANI A",2
"Takebayashi H.",2
"TAKEBAYASHI T",2
"TAKIZAWA N",2
"TAM P",2
"Tamilarasan V.D.",2
"TAMOŠIŪNAS A",2
"Tamura T.",2
"TAN B",2
"Tan J.",2
"Tan Y.",2
"TANAKA-MIZUNO S",2
"Tanaka C.",2
"TANAKA D",2
"Tanaka K.",2
"Tanaka M.",2
"TANAKA R",2
"TANAKA S",2
"Tanaka S.",2
"TANAKA T",2
"TANG F",2
"TANG G",2
"TANG Q",2
"Tang Z.",2
"TANGERMANN L",2
"TANNE D",2
"Tao C.",2
"TAO H",2
"Tao M.",2
"TAO S",2
"TAO T",2
"TARDIF JC",2
"TASCHNER C",2
"Taube N.",2
"TAUSSKY P",2
"TAYLOR KM",2
"TAYLOR N",2
"TAYLOR S",2
"TEE YK",2
"TEKES A",2
"TEO KK",2
"TERZIS R",2
"TESSITORE A",2
"THALER C",2
"THANG NH",2
"THEOFILIS P",2
"Theren B.",2
"THEUER A",2
"THIARA S",2
"THIEL J",2
"Thiel J.",2
"THOMALLA G",2
"Thomas E.G.",2
"THOMPSON C",2
"THOMSON CJ",2
"THORNCROFT C",2
"THRIFT AG",2
"THURNER P",2
"THURSTON GD",2
"TIAMKAO S",2
"TIAN D",2
"Tian F.",2
"TIAN M",2
"TIAN Q",2
"TIAN R",2
"TIAN W",2
"TIAN Z",2
"TIAN ZR",2
"TIMÓTEO AT",2
"TING HP",2
"TISELL M",2
"TJOUMAKARIS S",2
"TOBIAS A",2
"Togao O.",2
"TOKIOKA K",2
"Tolstov P.V.",2
"TOMARI YK",2
"TOMELLERI A",2
"Tong G.",2
"TONG HX",2
"TONG S",2
"TOOMEY SA",2
"Toosty N.T.",2
"TORÉN K",2
"TORP-PEDERSEN C",2
"Toubasi A.A.",2
"TOUBASI AA",2
"TOUSOULIS D",2
"TOUYZ RM",2
"TOYA R",2
"TRINKA E",2
"TRIPATHI H",2
"Tripovich J.S.",2
"TRIPOVICH JS",2
"TRIPP BL",2
"TRIVEDI AN",2
"TROYANOS C",2
"TSUBOKURA M",2
"TU YF",2
"TUAILLON E",2
"TUFFIER S",2
"TULEK Z",2
"TUO W",2
"TURNER MC",2
"TURPIN T",2
"Tutak W.",2
"TVEITA T",2
"Twardzik E.",2
"TYMKO MM",2
"Ucar F.A.",2
"UCAR FA",2
"Ueda R.",2
"Uemura M.",2
"UENO H",2
"UJITA Y",2
"Ülker H.",2
"ULLBERG T",2
"Uludamar E.",2
"UMEKAWA M",2
"Umemiya N.",2
"UPHAUS T",2
"URBANEK L",2
"Urushihata T.",2
"UVERE EO",2
"VÁCLAVŮ L",2
"VAIČIULIS V",2
"Vaičiulis V.",2
"VALDÉS HERNÁNDEZ MDC",2
"VAN DE VEN K",2
"VAN DEN BERSSELAAR LR",2
"VAN DEN BREKEL L",2
"van den Brekel L.",2
"VAN DER WORP HB",2
"VAN KORDELAAR J",2
"VAN NIEUWENHUYSE A",2
"VAN OOSTENBRUGGE RJ",2
"VAN POTTELBERGH G",2
"VAN VLIMMEREN M",2
"VAN WEGEN EEH",2
"VARDOULAKIS S",2
"Vargün M.",2
"VASCONCELOS J",2
"Vattikuti N.P.R.",2
"VELAYUTHAM M",2
"Velho T.R.",2
"VELLONE E",2
"Velmurugan V.",2
"Venkatesan K.",2
"VERAART J",2
"VERED S",2
"Verhoeven J.I.",2
"Verma S.",2
"VERONESI G",2
"Veronesi G.",2
"VERSACI B",2
"VERSACI F",2
"VESNIN S",2
"VICTOR G",2
"Victor G.",2
"Vindas Y.",2
"VIRGILI G",2
"VISARIA A",2
"Viswapriya S.E.",2
"VLACHOS PP",2
"VOERMANS NC",2
"VOGEL CFA",2
"VOGIATZI G",2
"VOLPI JJ",2
"Voorter P.H.M.",2
"VOORTER PHM",2
"WAGNER M",2
"WAHEED S",2
"WAHLSTER S",2
"WAINWRIGHT B",2
"WAKAYAMA T",2
"WAKISAKA H",2
"Wakisaka H.",2
"WAKISAKA Y",2
"Walker J.C.",2
"WALKER R",2
"WALLE M",2
"Walle M.",2
"Walter E.",2
"WAN J",2
"Wan L.",2
"WAN M",2
"Wan R.",2
"Wan S.",2
"WAN T",2
"Wan X.",2
"Wan Y.",2
"WAN Z",2
"WANG CJ",2
"WANG CL",2
"Wang D.J.J.",2
"Wang H.L.",2
"WANG HH",2
"WANG JD",2
"WANG JW",2
"WANG KJ",2
"WANG KM",2
"Wang X.J.",2
"Wang X.L.",2
"WANG XQ",2
"WANG XW",2
"Wang Z.y.",2
"WANG ZZ",2
"WAŃHA W",2
"WANKE I",2
"WARD MD",2
"Warguła Ł.",2
"WASSÉLIUS J",2
"WASSERMAN DD",2
"WASSERTHAL J",2
"WATANABE H",2
"WATANABE M",2
"WEBBORN N",2
"WEBSTER C",2
"Wee L.E.",2
"WEED L",2
"Wei H.",2
"Wei L.",2
"WEI R",2
"WEI T",2
"Wei W.",2
"Wei Z.",2
"WEICHENTHAL S",2
"WEIDNER J",2
"Weinberg L.",2
"WEINMAYR G",2
"WEINSTEIN G",2
"WELLS A",2
"Wemhoner J.",2
"WEN F",2
"Wen F.",2
"WEN L",2
"WEN M",2
"Wen Y.",2
"WENG Y",2
"Weng Z.",2
"White A.R.",2
"WHITE AR",2
"WHITLOW CT",2
"WHYTE M",2
"WICHMANN J",2
"WIELGOSZ A",2
"Wijdicks E.F.M.",2
"WIJESUNDERA C",2
"Wijesundera C.",2
"WIKLUND L",2
"WILBERS J",2
"WILD PS",2
"WILKINSON CM",2
"WILLIAMS A",2
"WILLIAMS W",2
"WILMAN AH",2
"WILSON A",2
"WINATA T",2
"WINTER P",2
"WITTAYACHAMNANKUL B",2
"WITTENBERG GF",2
"WOITZIK J",2
"WOLF E",2
"WOLF M",2
"WOLTERINK JM",2
"WONG K",2
"WONG STC",2
"WONGTANASARASIN W",2
"Woo H.",2
"WOODWARD M",2
"WOSKIE SR",2
"WRIGHT N",2
"WRIGHT S",2
"Wrobel M.",2
"Wu A.",2
"WU CW",2
"WU DH",2
"WU HC",2
"WU HM",2
"Wu J.W.",2
"Wu P.",2
"WU SY",2
"WU TS",2
"WU WT",2
"XI B",2
"XI H",2
"XI Q",2
"XIA F",2
"XIA G",2
"Xia R.",2
"XIA T",2
"XIANG M",2
"XIANG YY",2
"Xiao C.",2
"XIAO F",2
"XIAO G",2
"XIAO Q",2
"XIAO R",2
"XIAO S",2
"XIAO X",2
"Xie D.",2
"XIE G",2
"XIE K",2
"Xie X.",2
"Xie Z.",2
"XIN C",2
"XIN H",2
"XIN L",2
"Xing Z.",2
"XIONG F",2
"XIONG H",2
"Xiong J.",2
"XIONG W",2
"XIONG Z",2
"Xu B.",2
"Xu C.",2
"Xu Q.",2
"XU SG",2
"Xu X.",2
"XUAN C",2
"XUAN J",2
"Xuan L.",2
"Xue B.",2
"Xue C.",2
"XUE H",2
"XUE K",2
"Xue L.",2
"Xue X.",2
"Xue Y.",2
"XV F",2
"YABE H",2
"YAGHI S",2
"YAGUCHI A",2
"YAJIMA N",2
"YAMAMOTO E",2
"Yamamoto M.",2
"YAMAMOTO Y",2
"Yamasaki L.",2
"YAMASHITA H",2
"YAMASHITA T",2
"YAMAUCHI Y",2
"YAN G",2
"Yan M.",2
"YAN R",2
"Yan X.",2
"YANAI R",2
"Yang B.Y.",2
"YANG BY",2
"YANG CH",2
"YANG HH",2
"Yang K.",2
"YANG LS",2
"Yang P.",2
"Yang R.",2
"Yang T.S.",2
"Yang X.Y.",2
"YANG YH",2
"YANG YX",2
"YANKOTY LI",2
"Yantek D.S.",2
"Yao C.",2
"Yao F.",2
"Yao G.",2
"YAO S",2
"YAP E",2
"YAP SQ",2
"YAP WS",2
"YARIA J",2
"YASUDA R",2
"YASUMURA S",2
"YATSUYA H",2
"YAZDI MD",2
"YE C",2
"YE F",2
"YE J",2
"YE S",2
"YEARGIN S",2
"YEH JJ",2
"YEN CC",2
"YENENEH K",2
"YEO LL",2
"Yerou H.",2
"Yezli S.",2
"YGIYEVA D",2
"YI H",2
"YI J",2
"YI W",2
"YIM SHL",2
"Yimyam W.",2
"Yin B.",2
"YIN C",2
"YIN D",2
"Yin F.",2
"Yin G.",2
"Yin L.K.",2
"YIN S",2
"YIN W",2
"YIN YH",2
"YING G",2
"YINGFEI S",2
"YITSHAK-SADE M",2
"YLI-TUOMI T",2
"YOCK TI",2
"YODER HA",2
"Yong C.",2
"YOO RE",2
"YORIFUJI T",2
"YOSHIDA K",2
"Yoshida S.",2
"Yoshida T.",2
"YOSHIDA Y",2
"YOSHIIKE S",2
"YOSHIKAWA T",2
"YOU H",2
"You J.",2
"You J.S.",2
"YOU S",2
"You X.",2
"YOUNAN D",2
"Younan D.",2
"Young D.",2
"YOUNG N",2
"YTTERBERG C",2
"Yu B.",2
"Yu C.",2
"YU HL",2
"Yu J.",2
"YU KW",2
"Yu M.",2
"Yu Q.",2
"Yu R.",2
"YU SP",2
"YU T",2
"Yu T.",2
"YUAN H",2
"YUAN Q",2
"YUAN S",2
"Yuan X.",2
"YUAN Z",2
"YUM KS",2
"YUN S",2
"YUN TJ",2
"YUSOFF K",2
"YUSUFALI A",2
"ZABLOTSKA LB",2
"ZAGOŻDŻON P",2
"Zaman A.",2
"ZAMAN M",2
"Zaman M.",2
"ZANELLI SA",2
"ZANG J",2
"ZANG X",2
"ZARE SAKHVIDI MJ",2
"ZARZOUR H",2
"ZATONSKA K",2
"ZEEMAN H",2
"Zeiler F.A.",2
"ZENG F",2
"Zeng F.",2
"Zeng J.",2
"Zeng S.",2
"Zeng W.",2
"ZHA Y",2
"ZHAI G",2
"Zhai P.",2
"ZHAN C",2
"ZHAN Y",2
"Zhan Z.Y.",2
"ZHANG A",2
"Zhang A.",2
"Zhang G.",2
"Zhang H.Y.",2
"Zhang N.",2
"ZHANG XQ",2
"ZHANG YH",2
"ZHAO A",2
"Zhao F.",2
"ZHAO MY",2
"Zhao R.",2
"Zhao S.",2
"ZHENG B",2
"ZHENG F",2
"Zheng H.",2
"Zheng M.",2
"ZHENG Q",2
"Zheng S.",2
"Zheng T.",2
"Zheng X.Y.",2
"ZHI WJ",2
"ZHONG M",2
"Zhong R.",2
"Zhong Y.",2
"ZHOU A",2
"Zhou B.",2
"Zhou F.",2
"ZHOU FH",2
"ZHOU HQ",2
"ZHOU K",2
"Zhou K.Q.",2
"ZHOU LW",2
"ZHOU LX",2
"Zhou S.",2
"ZHU B",2
"ZHU D",2
"ZHU F",2
"Zhu F.",2
"ZHU JB",2
"ZHUANG X",2
"Zhuang Y.",2
"ZI W",2
"ZIDEMAN D",2
"ZIDEMAN DA",2
"ZIEMANN U",2
"Zilletti M.",2
"Zornitzki L.",2
"ZOU C",2
"ZOU G",2
"Zou H.",2
"ZOU J",2
"ZOU M",2
"Zou Q.",2
"ZUHL M",2
"ZUO L",2
"ZUO Z",2
"Zvolanek K.M.",2
"ZVOLANEK KM",2
"ZYCHOWSKI K",2
"A ALJABERI M",1
"A GARCÍA-MARCH M",1
"A N MI",1
"A V.",1
"AABALOU M",1
"AALAMI OO",1
"AAMODT AH",1
"Aarav Kannan J.",1
"AARESTRUP K",1
"AARON HE",1
"AARON S",1
"Aasvang G.M.",1
"AAVIK T",1
"ABADI A",1
"ABAFFY P",1
"Abasilim C.",1
"ABASOLO I",1
"ABASOLO L",1
"ABASS M",1
"Abass M.",1
"ABASS SA",1
"Abate G.B.",1
"ABATE GB",1
"Abbafati C.",1
"ABBAS R",1
"ABBASI-HASHEMI T",1
"Abbasi A.",1
"Abbasi Aval N.",1
"ABBASI H",1
"ABBASPOUR S",1
"Abbaspour S.",1
"ABBOTTS KSS",1
"ABBRUSCATO T",1
"ABBRUSCATO TJ",1
"ABBS E",1
"ABD-ALLAH MA",1
"Abd Aziz A.",1
"ABD EL-SAMIE FE",1
"Abd Halim M.A.",1
"Abd Rahim N.N.",1
"Abd Razak M.H.",1
"ABDALLA A",1
"ABDALLAH OY",1
"Abdallatif M.H.",1
"Abdel-Hady E.A.",1
"ABDEL-KHALEK S",1
"ABDEL-QADIR H",1
"ABDEL-RAHMAN O",1
"ABDEL HAMIED AM",1
"ABDELATIF N",1
"ABDELATTY M",1
"ABDELGHAFOUR MM",1
"ABDELHAMID A",1
"ABDELHAY EH",1
"Abdelmoniem S.M.",1
"ABDELNASER A",1
"ABDELRAHIM MEA",1
"Abdelrazek M.K.",1
"ABDELSAID M",1
"Abdelsalam M.",1
"ABDILDIN YG",1
"ABDILDINOVA G",1
"ABDOLAHNEJAD A",1
"ABDOLELL M",1
"ABDOLLAHIAN P",1
"ABDOU H",1
"Abdou H.",1
"ABDUL-FATAH A",1
"Abdul-Ghafoor Q.J.",1
"ABDUL-HAFEZ HA",1
"Abdul-Hussein M.A.",1
"ABDUL-RAHMAN T",1
"Abdul-Rahman T.",1
"Abdul Favas C.S.",1
"ABDUL S",1
"ABDUL SHAKOR AS",1
"ABDUL Y",1
"Abdulabbas Mossa M.",1
"Abdulai S.B.",1
"ABDULAI SB",1
"ABDULAI T",1
"Abdulelah F.M.",1
"ABDULHALIM I",1
"Abdulhamed A.J.",1
"Abdulkareem R.J.",1
"ABDULKARIM LB",1
"ABDULLA J",1
"Abdulla J.",1
"Abdullah A.M.A.",1
"Abdullah H.S.",1
"ABDULLAH ML",1
"ABDULLAH MZ",1
"Abdullah R.T.",1
"ABDULLAH S",1
"ABDULLAYEV N",1
"ABDULMALEK N",1
"ABDULRAHMAN ALMOHAMMADI G",1
"Abdulsalam A.",1
"ABDULSALAMI BA",1
"Abdulwahab H.A.M.",1
"Abdulwahid M.A.",1
"ABE I",1
"ABE JI",1
"Abebe F.F.",1
"Abebe M.",1
"Abebe T.G.",1
"ABEBE TG",1
"ABED AL AHAD M",1
"ABEDI A",1
"Abedinzade M.",1
"ABEDNEJAD M",1
"Abel F.",1
"ABEL G",1
"ABELE H",1
"Abelenda-Alonso G.",1
"Abell-Hart K.",1
"ABELLA BS",1
"ABELLÁN ALEMÁN J",1
"ABELLO MERCADO MA",1
"ABENGOZA-BELLO MT",1
"ABERA A",1
"ABEYTA MA",1
"ABEYWEERA A",1
"ABI CHEDID G",1
"ABI KHALIL C",1
"Abid A.",1
"ABILLEIRA S",1
"ABISHEGANADEN JA",1
"ABJIGITOVA D",1
"Abjigitova D.",1
"ABO-ZAHHAD MM",1
"ABO B",1
"Abo M.",1
"ABOHASHEM S",1
"Abou-Mrad T.",1
"Abouallal H.",1
"ABOUBAKRI O",1
"Aboud E.D.",1
"ABOUELMAGD ME",1
"ABOUSABER I",1
"Abousaber I.",1
"ABOYANS V",1
"ABRAHAM A",1
"Abraham A.B.",1
"ABRALDES JA",1
"ABRAR U",1
"ABREU A",1
"ABREU L",1
"ABRIAT A",1
"ABRIGNANI MG",1
"ABRIGNANI V",1
"ABRIGO J",1
"ABROY AS",1
"ABRUZZESE T",1
"Absil J.",1
"Abt B.G.",1
"Abu-Seada H.F.S.",1
"ABU GHOUSH R",1
"ABU RMILAH A",1
"AbuAlhayjaa S.",1
"ABUALHIN M",1
"ABUAZAB Y",1
"ABUDU H",1
"Abudureyimu M.",1
"Abujaber A.A.",1
"ABUJABER AA",1
"ABUMOUSSA A",1
"ABUZAN M",1
"ABYU GY",1
"ABZHANDADZE T",1
"Abzhandadze T.",1
"Acampa M.",1
"Acarer Arat S.",1
"ACCARINO G",1
"Acero G.",1
"ACHARYA A",1
"Acharya D.",1
"Achebak H.",1
"Achebe I.",1
"ACHEY R",1
"ACHEY RL",1
"ACHILLEOS S",1
"ACHIRI EN",1
"ACHOLONU CJ",1
"ACHOUR TB",1
"Acomi N.",1
"ACOSTA-REYES J",1
"ACQUAOTTA F",1
"ACU L",1
"Adablanu S.",1
"Adachi T.",1
"ADAIR-ROHANI H",1
"ADAM CE",1
"ADAM G",1
"ÁDÁM K",1
"Ádám K.",1
"ADAM O",1
"ADAMI G",1
"ADAMKIEWICZ G",1
"ADAMO S",1
"ADAMOPOULOS D",1
"ADAMOVA G",1
"Adams Q.H.",1
"ADAMS WR",1
"ADANY R",1
"Adar S.D.",1
"Adarkwa S.A.",1
"ADARKWA SA",1
"ADDEH A",1
"ADDIS A",1
"Addis A.",1
"ADEAGBO OA",1
"ADEBAJO O",1
"ADEBAYO A",1
"ADEBAYO B",1
"ADEBAYO P",1
"ADEBOWALE A",1
"ADEEGBE OT",1
"ADEGBORE AK",1
"ADEGBOYE O",1
"Adegboye O.",1
"ADEGBOYE OA",1
"Adegeye Y.",1
"ADEGHATE E",1
"ADEJUWON JO",1
"Adekiigbe R.",1
"ADEKOYA A",1
"Adekoya A.",1
"ADELEKE OT",1
"ADELEYE OO",1
"ADELI S",1
"Adenan M.S.",1
"Adeoti M.O.",1
"Adeoye M.",1
"Aderinto N.",1
"ADESALU O",1
"ADESINA J",1
"Adeyemi J.A.",1
"ADHAM A",1
"ADHI SIVA M",1
"Adhi Siva M.",1
"Adhikari L.",1
"Adhikari P.B.",1
"ADHIKARI R",1
"Adhikari R.",1
"Adilović A.Š.",1
"Adilović M.",1
"ADINI B",1
"ADIPIETRO M",1
"Adivi A.",1
"ADIYEKE E",1
"Adjei M.J.",1
"Adkins M.D.",1
"ADL ZARRABI A",1
"Adl Zarrabi A.",1
"ADLER GK",1
"Adlington M.",1
"Adlung A.",1
"Admas M.",1
"ADMIRAAL M",1
"ADNAN BUKHARI H",1
"Adnan Bukhari H.",1
"ADNAN MSG",1
"ADOLPHI NL",1
"Adomat F.",1
"Adu I.K.",1
"Adzhiakhmetova S.L.",1
"AERDEN LAM",1
"AERON-THOMAS J",1
"AFABLE A",1
"AFFLEY B",1
"Afghan F.R.",1
"AFOAKWAH C",1
"Afoakwah C.",1
"Afolabi M.O.",1
"AFONSO RM",1
"AFRIYIE JO",1
"AFYOUNI A",1
"Afzal G.",1
"Afzal M.T.",1
"AGAHI R",1
"Agarwal A.",1
"AGARWAL D",1
"AGARWAL M",1
"AGARWAL P",1
"AGARWAL S",1
"Agbulu G.P.",1
"Ağbulut Ü.",1
"Aggarwal K.",1
"AGGARWAL NT",1
"AGHA S",1
"Agha S.",1
"AGHABABAEIAN H",1
"Aghababaeian H.",1
"AGHABABAYI M",1
"AGHAJAN Y",1
"AGHAKOUCHAKZADEH M",1
"Aghav H.",1
"Aghazadeh-Attari J.",1
"Aghdam S.R.",1
"AGHLMAND M",1
"AGHSAMI M",1
"AGHULOR GO",1
"AGID R",1
"AGIUS RM",1
"AGNAKAK M",1
"Agnelli J.P.",1
"AGOSTI E",1
"Agoston Z.",1
"AGOSTONI P",1
"AGRAWAL A",1
"Agrawal A.",1
"AGRAWAL K",1
"AGRAWAL N",1
"Agrawal R.K.",1
"AGRAWAL S",1
"Agrawal S.",1
"AGRAWAL V",1
"Agrawal V.",1
"AGREBI S",1
"AGUAR CARRASCOSA M",1
"AGUDELO-PÉREZ S",1
"AGUIAR DE SOUSA D",1
"AGUILAR M",1
"AGUILAR PÉREZ M",1
"AGUILAR S",1
"AGUILERA J",1
"AGUIRRE C",1
"AGUIRRE M",1
"AGUNLOYE AM",1
"Agusti A.",1
"AGYEKUM F",1
"AGYEMANG-DUAH W",1
"Agyemang-Duah W.",1
"Aha B.",1
"Ahamed T.S.",1
"AHAMMAD M",1
"Aher S.",1
"Ahirwar D.",1
"Ahlawat A.",1
"Ahlborg M.",1
"AHLUWALIA IB",1
"Ahmad B.",1
"AHMAD I",1
"Ahmad M.",1
"Ahmad M.R.",1
"AHMAD MS",1
"AHMAD R",1
"AHMAD RA",1
"AHMAD SA",1
"AHMAD SAJJADI S",1
"Ahmad Z.",1
"Ahmada M.",1
"AHMADI A",1
"AHMADI M",1
"Ahmadi S.B.",1
"AHMADIAN MOGHADAM S",1
"AHMADIPOUR Y",1
"Ahmaditabar P.",1
"AHMADLI U",1
"AHMADPOUR D",1
"Ahmadzade M.",1
"AHMED AA",1
"AHMED AABO",1
"AHMED AZ",1
"AHMED E",1
"AHMED ET",1
"Ahmed I.A.",1
"AHMED IA",1
"AHMED K",1
"Ahmed M.",1
"Ahmed M.G.",1
"AHMED MS",1
"AHMED N",1
"Ahmed O.",1
"Ahmed O.A.A.",1
"Ahmed S.",1
"AHMED SI",1
"AHMED SU",1
"AHMED T",1
"Ahmedov S.",1
"Ahn H.S.",1
"AHN HJ",1
"AHN J",1
"Ahn J.H.",1
"Ahn K.",1
"Ahn S.H.",1
"AHN SH",1
"AHN SJ",1
"AHN SS",1
"AHN SY",1
"AHRENFELDT LJ",1
"AHSAN S",1
"AHUMADA MUÑOZ M",1
"AHVAZI LA",1
"AI D",1
"Ai D.",1
"AI FL",1
"AI LM",1
"AI M",1
"AI ML",1
"AI Z",1
"Ai Z.",1
"AICHER WK",1
"AID R",1
"AIDARALIEV AA",1
"AIK JCL",1
"Aimo A.",1
"Ain N.U.",1
"Ain Q.U.",1
"AIN QU",1
"Aishan Y.",1
"AISSAOUI N",1
"Aistov I.P.",1
"Aithal S.S.",1
"AITKEN WW",1
"AIZAWA N",1
"Aizawa N.",1
"AIZENBERG J",1
"AJAJ N",1
"AJALA OT",1
"Ajam M.",1
"AJANOVIĆ T",1
"AJANOVIĆ Z",1
"Ajay B.S.",1
"AJIBADE AD",1
"Ajie M.",1
"AJJIMAPORN A",1
"AJLUNI S",1
"Ajmera S.",1
"Ajmi H.",1
"AJOSE A",1
"Akagi A.",1
"Akama S.",1
"AKANUWE J",1
"AKASE I",1
"Akash S S.",1
"AKASHI T",1
"AKASHI YJ",1
"AKAVIAN I",1
"AKAZAKI T",1
"Akbar A.F.",1
"Akbari A.",1
"Akbari F.",1
"AKBARI Y",1
"Akbel E.",1
"Akboga M.K.",1
"Akça H.Ş.",1
"AKÇAY G",1
"Akçay G.",1
"Akcay M.",1
"AKDAM H",1
"AKDIS CA",1
"AKDIS M",1
"AKELLO G",1
"AKER A",1
"AKERET K",1
"ÅKERLA J",1
"Akhai S.",1
"AKHAVAN A",1
"AKHGAR A",1
"AKHTAR N",1
"AKHTARI F",1
"AKHTER M",1
"Akif Kunt M.",1
"AKINBODE AO",1
"AKINLAWON D",1
"Akinmoladun A.C.",1
"AKINMOLADUN AC",1
"AKINS JD",1
"AKINTUNDE A",1
"Akinyelure O.P.",1
"AKINYEMI J",1
"AKINYEMI JO",1
"AKINYEMI RO",1
"AKIOKA N",1
"AKISANYA C",1
"Akita J.",1
"Akita S.",1
"AKIYOSHI Y",1
"Akkawi A.R.",1
"Akkaya G.",1
"Akkoli K.M.",1
"Akl E.",1
"AKOUMIANAKIS E",1
"AKOUMIANAKIS I",1
"AKPALU A",1
"AKPALU J",1
"AKPINAR B",1
"AKPUNONU PK",1
"AKRAM A",1
"AKRAM MU",1
"AKRAM Z",1
"Aksoy S.",1
"AKTAS A",1
"Aktas F.",1
"AKTUGLU ZEYBEK A",1
"AKUN P",1
"AKUTSU S",1
"Akyüz C.",1
"Al-Abboodi N.K.F.",1
"Al-Ali S.",1
"AL-AMIR QR",1
"Al-Arfaj H.K.",1
"Al-Aseebee M.D.F.",1
"Al-Betar M.A.",1
"AL-DAAS IO",1
"AL-DAWOOD L",1
"AL-DISSI A",1
"AL-DULAIMI S",1
"Al-Hamadani A.A.",1
"AL-HAMDAN MZ",1
"AL-HARBI TM",1
"AL-HARBI ZT",1
"AL-JAISHI A",1
"Al-Jaishi A.A.",1
"Al-Jindan R.",1
"Al-Khafaji A.J.D.",1
"Al-Khatib S.M.",1
"AL-KHAZRAJI B",1
"AL-KHAZRAJI BK",1
"Al-Khishman N.U.",1
"AL-KHORI F",1
"Al-Kindi S.",1
"Al-Kindi S.G.",1
"AL-MAMGANI A",1
"Al-Mamun M.",1
"Al-Mashdali A.F.",1
"AL-MOMEN G",1
"AL-MUFTI F",1
"AL-MULLA F",1
"Al-Nashash H.",1
"Al-Nimr M.A.",1
"AL-QAISI M",1
"Al-Qazzaz N.K.",1
"AL-RAWI F",1
"AL-SALIHI HA",1
"AL-SHAHI SALMAN R",1
"AL-SHARGABI T",1
"AL-WABEL NA",1
"Al-Zakhari R.",1
"Al Abri Q.",1
"Al Ahad M.A.",1
"AL FAHIM M",1
"AL GHWAINEM A",1
"Al Hassan A.",1
"AL HURINI A",1
"AL JOWF GI",1
"AL KASAB S",1
"Al Ketbi M.R.H.",1
"Al Khaldi R.M.",1
"Al Mashrafi S.",1
"AL NAEMI H",1
"Al Noman A.",1
"Al Qaraghuli H.",1
"AL QASSEM A",1
"AL SALEH R",1
"AL SULAIMAN K",1
"AL ZANIN S",1
"AL ZUBAIDI FN",1
"ALABDALI WA",1
"Alabdullah R.A.A.",1
"Alagic Z.",1
"ALAGOZ S",1
"ALAHDAL A",1
"Alahmer A.",1
"Alam A.",1
"Alam M.A.",1
"Alam M.I.",1
"ALAM MA",1
"ALAMOUDI F",1
"Alamoudi F.",1
"ALAQEL S",1
"Alaqel S.I.",1
"ALAQEL SI",1
"Alarabi A.B.",1
"ALARCÓN A",1
"ALASLANI O",1
"ALASMARY M",1
"ALASTRUEY J",1
"Alatyrev S.S.",1
"ALATZIDES G",1
"Alavanthar A.",1
"ALAVI A",1
"ALAWAD A",1
"Alawad A.",1
"Alayyannur P.A.",1
"Alazaidah R.",1
"ALBA AC",1
"Albalawi H.",1
"ALBALAWI S",1
"ALBALAWNEH D",1
"ALBALKHI I",1
"ALBAREL F",1
"ALBAYRAK B",1
"ALBERS D",1
"Albert M.A.",1
"ALBERT MA",1
"ALBERT NL",1
"ALBETTI B",1
"Albin O.R.",1
"ALBINHASSAN TH",1
"ALBORNOS-MUÑOZ L",1
"ALBRECHT C",1
"ALBRECHT EM",1
"ALBRECHT MH",1
"ALCAINA-HERNANDO M",1
"Alcalá-Briones R.D.",1
"Alcan V.",1
"ALCAZAR-FELIX RJ",1
"ALDACO N",1
"Aldaddou W.A.",1
"ALDADDOU WA",1
"ALDARDEER N",1
"Aldardeer N.",1
"ALDAROSO V",1
"ALDENKAMP AP",1
"ALDERLIESTEN T",1
"Aldhaidhawi M.",1
"Aldraihem M.O.",1
"Alduais A.",1
"Ale P.",1
"Aleem M.",1
"ALEGRE LATORRE L",1
"Aleiferis P.G.",1
"ALEIXO DC",1
"ALEJANDRO SA",1
"Aleksandrovska N.",1
"ALELE F",1
"Alele F.O.",1
"ALELE FO",1
"Alemán J.A.",1
"ALEMANY F",1
"ALEMAYEHU ALI E",1
"Alemayehu Ali E.",1
"ALENAZI AO",1
"Alenzi A.S.",1
"ALERS RJ",1
"ALESSANDRI B",1
"ALESSANDRI BONETTI M",1
"Alessandro O.",1
"ALET M",1
"Alexander B.H.",1
"ALEXANDER BH",1
"ALEXANDER LM",1
"ALEXANDER T",1
"ALEXANDRE A",1
"Alexandrescu A.",1
"Alfaer N.M.",1
"ALFAER NM",1
"ALFAIFI AJ",1
"ALFARES A",1
"Alfeus A.",1
"ALFIERI A",1
"ALFIERIS GM",1
"ALGAHTANI FH",1
"ALGAHTANI H",1
"ALGAHTANI R",1
"ALGER JR",1
"ALGHAMDI A.M.",1
"ALGHAMDI AS",1
"ALGHAMDI B",1
"ALGHAMDI NS",1
"ALGHASLAN MA",1
"Alhadad S.B.",1
"ALHADAD SB",1
"ALHADDAD B",1
"ALHADDAD Z",1
"ALHADIDI Q",1
"Alhaj Omar O.",1
"Alharbi B.M.",1
"ALHARBI BM",1
"ALHARBI R",1
"ALHARRAN AM",1
"Alhatali B.",1
"ALHAWAMDEH M",1
"Alhazmi A.",1
"ALHUSSAINI AR",1
"Ali H.F.M.",1
"Ali H.S.",1
"ALI HM",1
"ALI HS",1
"ALI HT",1
"Ali K.",1
"Ali K.J.",1
"Ali M.S.",1
"ALI MH",1
"ALI MJ",1
"ALI MM",1
"ALI MS",1
"ALI MU",1
"Ali N.",1
"ALI R",1
"Ali R.",1
"Ali Z.",1
"ALIABADI N",1
"Aliakbari K.",1
"Alied M.",1
"Alif S.M.",1
"Alimi H.",1
"Alimisis V.",1
"ALINEJAD-ROKNY H",1
"ALIPOUR-PARSA S",1
"Aliyev A.M.",1
"ALIZADEH-MEGHRAZI M",1
"ALIZADEH M",1
"ALJABRI MR",1
"ALJAFEN BN",1
"ALJOHANI ASM",1
"Aljohani B.S.",1
"ALJOHANI HM",1
"ALJUHANI O",1
"ALKADHI H",1
"ALKADI H",1
"ALKASSAS L",1
"ALKASSAS W",1
"Alkassas W.",1
"Alkemade P.",1
"ALKHANI N",1
"ALKHARASHI A",1
"ALKHARISI B",1
"ALKHODER AA",1
"ALKOTOB S",1
"Alkufi H.K.",1
"ALKUWAITI MA",1
"ALLACH Y",1
"ALLAM RM",1
"Allan K.C.",1
"ALLAN KS",1
"ALLAN L",1
"Allaouat S.",1
"ALLARD S",1
"ALLAREDDY G",1
"ALLAW S",1
"Allegra Mascaro A.L.",1
"ALLEN IE",1
"ALLEN JW",1
"ALLEN NB",1
"Allen S.",1
"Allende M.I.",1
"ALLENDE MI",1
"ALLENSPACH K",1
"ALLÈS B",1
"ALLI-SHAIK A",1
"Alli-Shaik A.",1
"ALLISON E",1
"Allison E.Y.",1
"ALLISON EY",1
"Allmägi R.",1
"ALLMON E",1
"ALLPHIN AJ",1
"ALLRED J",1
"ALM C",1
"Almady S.S.",1
"Almaliki A.H.",1
"ALMALKI G",1
"ALMALKI HM",1
"ALMALLAHI AE",1
"ALMAR M",1
"ALMARGHALANI DA",1
"ALMARIE B",1
"ALMAS A",1
"ALMASHAD S",1
"ALMEIDA J",1
"Almeida O.P.",1
"ALMEIDA OP",1
"ALMEJRAD SA",1
"Almohammadi A.A.",1
"ALMORAD A",1
"ALMOTIRI J",1
"ALMRAYSI SA",1
"ALMULHIM IA",1
"ALMULLA H",1
"ALMUSHIKAH SF",1
"Almuzaini Y.",1
"ALNAHWE RW",1
"ALNAIMI N",1
"ALNAJJAR MGA",1
"Alobiady F.I.",1
"ALOKO S",1
"ALOLGA RN",1
"Alomar A.I.",1
"ALOMARI AA",1
"ALOMRAN M",1
"ALONAZI MS",1
"ALONSO DE LECIÑANA M",1
"ALOSA D",1
"ALOTAIBI AD",1
"ALOTAIBI AS",1
"Alowirdi F.S.",1
"ALP A",1
"Alparslan M.M.",1
"Alpdogan S.",1
"ALPER HE",1
"Alpert J.S.",1
"ALPHONSA S",1
"Alphonse M.",1
"ALQADAMI ASM",1
"ALQAHTANI M",1
"ALQAHTANI R",1
"Alqahtani R.",1
"ALRAFIAH AR",1
"Alrasheed M.",1
"ALRASHIDI WA",1
"ALRASHOOD ST",1
"Alriyami M.",1
"ALROOBAEA R",1
"ALROWAIS F",1
"Alrowais F.",1
"ALRUKN S",1
"ALSABBAGH W",1
"Alsaedi A.F.",1
"ALSAIQALI M",1
"Alsaiqali M.",1
"ALSALAHI A",1
"AlSalahi S.E.",1
"ALSALAHI SE",1
"Alsamri J.",1
"ALSEGIANI AS",1
"ALSEJARI NY",1
"ALSHADAD A",1
"ALSHAMMARI BE",1
"Alshamrani F.J.",1
"ALSHAMSI F",1
"ALSHEHRI AM",1
"Alsheikhy A.A.",1
"ALSHENNAWI M",1
"ALSMA J",1
"ALSUBAIE RS",1
"ALSUBAIEI AA",1
"ALSUFYANI W",1
"ALSUHAIBANI ES",1
"ALSUKAIT R",1
"Alsultan M.K.",1
"ALSUWAYT BN",1
"ALTAMIMI NM",1
"ALTARAQJI S",1
"ALTBACH M",1
"ALTENMÜLLER E",1
"Althobaiti M.",1
"ALTHUBITI M",1
"Altman J.",1
"Altmann S.",1
"Altosole M.",1
"ALTSCHUL DJ",1
"ALTUNAY S",1
"ALTUNBAS C",1
"Altundag I.",1
"Altuwaijri G.A.",1
"ALTUWAIJRI GA",1
"ALTYNBAEV A",1
"Alushi B.",1
"ALVA-DIAZ C",1
"ALVARADO-SOCARRAS JL",1
"Alvarado J.",1
"ALVAREZ-CIARA A",1
"ALVÁREZ-DIDUK R",1
"Alvarez-Perez F.J.",1
"ALVAREZ-PEREZ FJ",1
"ALVAREZ CA",1
"ALVAREZ G",1
"ALVAREZ TF",1
"ALVES-CABRATOSA L",1
"ALVES GAM",1
"ALVES LM",1
"ALVES MB",1
"ALVIM-FERRAZ MCM",1
"ALVIR J",1
"ALWADAANI D",1
"ALWADANI SN",1
"ALWADI Y",1
"Alwahdy A.S.",1
"ALWALID O",1
"ALY A",1
"ALY H",1
"Alyesh D.",1
"ALZAHRANI RA",1
"ALZAHRANI SS",1
"ALZHRANI AJ",1
"ALZINY N",1
"ALZU'BI H",1
"Alzuabi M.K.",1
"AMABILE A",1
"AMABILE E",1
"Amada K.",1
"AMANO H",1
"AMARADHI R",1
"AMARASIRI WADL",1
"AMARIA N",1
"Amatnieks K.",1
"AMATYA VJ",1
"AMAYA P",1
"AMAZ C",1
"AMBALAVANAN N",1
"Amboiram P.",1
"AMBREEN G",1
"Ambreen G.",1
"AMBRÓS A",1
"AMBROSINI L",1
"Ambrosini L.",1
"AMBROSONE A",1
"AMBULO CP",1
"AMEEN AER",1
"Amegah A.K.",1
"Amekura S.",1
"AMEMIYA M",1
"Amemiya S.",1
"AMEMIYA Y",1
"AMEND B",1
"AMEND KL",1
"AMENDOLA F",1
"AMERISO SF",1
"Amhia H.",1
"AMICI R",1
"Amin A.A.",1
"AMIN AA",1
"Amin H.P.",1
"AMIN K",1
"Amin K.R.",1
"AMIN KWK",1
"Amin M.N.",1
"AMIN MN",1
"Amin S.J.",1
"AMIN SJ",1
"AMIN Z",1
"Amini H.",1
"AMINOV A",1
"Amir N.S.S.",1
"AMIRHEKMAT A",1
"AMIRI M",1
"Amiri M.",1
"AMIROV RR",1
"Amirsavadkouhi A.",1
"AMISTADI MK",1
"AMJAD N",1
"AMLANI F",1
"AMLLAY A",1
"AMNUAYLOJAROEN T",1
"AMOADU M",1
"Amoadu M.",1
"AMOATEY P",1
"AMODRU V",1
"Amoo L.M.",1
"Amoranto M.J.S.",1
"AMORIM FT",1
"AMOROSA L",1
"Amosu V.",1
"AMOUROUX B",1
"Amoushahi S.",1
"AMPANOZI G",1
"AMPORNJARUT P",1
"AMPUJA M",1
"Amran M.Y.",1
"AMSBAUGH MJ",1
"AMSTERDAM E",1
"AMUSA GA",1
"An C.",1
"AN G",1
"An J.",1
"AN L",1
"An L.",1
"AN Q",1
"An Q.",1
"AN R",1
"An R.",1
"AN S",1
"AN SS",1
"AN T",1
"An T.",1
"AN X",1
"An Z.",1
"ANAGNOSTAKOU V",1
"ANAI H",1
"ANÅKER A",1
"Anåker A.",1
"Anamnart C.",1
"ANAND A",1
"ANAND G",1
"Anand G.",1
"Anand K.S.",1
"ANAND SS",1
"Anand T.",1
"ANANDAKRISHNAN A",1
"ANASTASIA L",1
"ANASTASIOU E",1
"ANASTASOVA-MIKIC Z",1
"ANAVEKAR NS",1
"ANBALAGAN P",1
"Anbumozhi S.",1
"ANCA ED",1
"ANCHA VR",1
"ANCONA C",1
"ANDELIUS TCK",1
"Anderloni M.",1
"ANDEROVA M",1
"ANDERSEN C",1
"ANDERSEN ES",1
"Andersén H.",1
"ANDERSEN HB",1
"Andersen L.L.",1
"Andersen M.K.",1
"ANDERSEN RA",1
"Andersohn A.P.",1
"ANDERSON A",1
"Anderson A.M.",1
"ANDERSON BT",1
"ANDERSON DA",1
"Anderson F.W.",1
"ANDERSON GB",1
"ANDERSON I",1
"ANDERSON J",1
"Anderson J.L.",1
"ANDERSON JA",1
"ANDERSON JL",1
"Anderson K.R.",1
"Anderson S.A.",1
"ANDERSON SW",1
"Andersson E.M.",1
"ANDERSSON F",1
"ANDERSSON HAGIWARA M",1
"ANDERSSON L",1
"Andersson L.",1
"ANDERTON KJ",1
"ANDHIKAPUTRA G",1
"ANDICA C",1
"ANDO F",1
"ANDÒ G",1
"ANDO M",1
"Ando N.",1
"ANDO S",1
"Ando T.",1
"ANDO Y",1
"ANDRADE A",1
"ANDRADE CMV",1
"ANDRADE IDS",1
"Andrade J.B.C.",1
"ANDRADE JBC",1
"ANDRADE M",1
"Andrade M.T.",1
"ANDRADE MS",1
"Andraud V.",1
"ANDRÉ GONÇALVES M",1
"ANDREA R",1
"Andrea R.",1
"ANDREAE M",1
"Andreae M.",1
"ANDREAE MH",1
"Andreasen T.H.",1
"ANDRÉASSON N",1
"ANDREESCU C",1
"Andreeva I.G.",1
"ANDREI GM",1
"ANDREIS FR",1
"ANDREOU A",1
"Andrés E.",1
"ANDREW NE",1
"Andrew R.D.",1
"ANDREWS MT",1
"Andrews R.M.",1
"ANDREWS RM",1
"ANDRIANARIMISA A",1
"ANDRIANOVA NV",1
"ANDRIS W",1
"ANDRIUSHKOVA NG",1
"ANDRZEJOWSKI J",1
"ANETAKIS KM",1
"Anfilatov A.A.",1
"ANG YZ",1
"Angel Sajani J.",1
"ANGELETTI A",1
"ANGELETTI C",1
"ANGELINI C",1
"ANGELL S",1
"ANGELOUDIS K",1
"Angelova S.",1
"Anggraeny F.T.",1
"ANGIOLILLO DJ",1
"ANGKANANARD T",1
"ANGLEY M",1
"Angley M.",1
"ANGULO-MOLINA A",1
"ANGULUAN E",1
"Angus S.A.",1
"ANGUZU G",1
"ANIC A",1
"ANIKEEVA O",1
"Anilkumar D.",1
"Anirudh P.",1
"Anisha P.R.",1
"ANITHA M",1
"Anitha M.",1
"ANJARI M",1
"ANJUM A",1
"ANJUM S",1
"Ann N.",1
"ANNABI N",1
"Annamalai R.",1
"Annan H.",1
"ANNE S",1
"Annink K.V.",1
"ANNINK KV",1
"Annio G.",1
"ANNO S",1
"Anno S.",1
"Annoni F.",1
"ANOSIKE KC",1
"Anosov A.D.",1
"ANSAH EW",1
"ANSARI AA",1
"ANSARI DOGAHEH M",1
"ANSARI H",1
"ANSARI NA",1
"ANSARI TH",1
"ANSON-DWAMENA R",1
"Anstey K.J.",1
"ANTAL A",1
"Antal A.",1
"Antaya T.C.",1
"ANTENEH RM",1
"ANTENEH ZA",1
"ANTENUCCI F",1
"Anter E.",1
"ANTERO J",1
"Anthony K.M.",1
"ANTHONY KM",1
"ANTIPCHUK KY",1
"Anto Bennet M.",1
"ANTOCICCO E",1
"Antonakos C.L.",1
"ANTONAZZO B",1
"ANTONIO A",1
"ANTONIOTTI P",1
"ANTONOPOULOU I",1
"ANTONY A",1
"Antza C.",1
"Anubhav D.",1
"Anupama C.S.S.",1
"ANXIONNAT R",1
"Anxionnat R.",1
"ANYANWU C",1
"Anyanwu C.",1
"Anyanwu G.O.",1
"ANYAWU EC",1
"ANZAI D",1
"ANZAI N",1
"Anzorov V.A.",1
"ANZUETA JH",1
"AO D",1
"AOKI S",1
"Aoki V.",1
"AOLE S",1
"Aole S.",1
"AONO S",1
"Aoyama K.",1
"AOYAMA Y",1
"APARICIO I",1
"Aphale S.",1
"Apiratwarakul K.",1
"APOLLON A",1
"APOSTOLAKI-HANSSON T",1
"APOSTOLI P",1
"APOSTOLOVA OV",1
"Appavu B.",1
"APPEL N",1
"APPELBAUM R",1
"APPIAH L",1
"APPOO JJ",1
"Aprilianty F.",1
"AQUARIUS R",1
"Aquino G.V.",1
"AQUINO GV",1
"Arab R.",1
"Arabacı E.",1
"Arabacı Tamer S.",1
"Arabacl E.",1
"Arabelli R.R.",1
"ARABIAN S",1
"Arai H.",1
"Arai T.",1
"ARAKAWA Y",1
"ARAKI H",1
"ARAKI K",1
"ARAKI O",1
"ARAKI S",1
"Aram S.A.",1
"ARAM SA",1
"Aramini R.",1
"Aran Kumar M.",1
"ARANDA-AGUILAR F",1
"ARANDA-MICHEL E",1
"Aranganadin K.",1
"ARANTES JA",1
"ARANZA I",1
"Arao M.",1
"Aratame A.",1
"ARAUJO MC",1
"Araujo O.R.d.",1
"ARAUJO OR",1
"Aravind A.",1
"ARAVKIN A",1
"ARAVKIN AY",1
"Araya E.",1
"ARAYA HB",1
"ARBAOUI H",1
"ARBEAUMONT-TROCME G",1
"Arbilla G.",1
"Arble E.",1
"ARCE CARREÓN M",1
"Archana T.",1
"ARCHER G",1
"Archer G.",1
"ARCHIBALD AT",1
"Archibong-Eso A.",1
"ARCHIE SR",1
"Archila-Meléndez M.E.",1
"ARCO-DÍAZ J",1
"ARCOS GONZÁLEZ P",1
"Arcos González P.",1
"ARCURI P",1
"ARCURY TA",1
"Arda U.",1
"ARDALAN M",1
"AREIA C",1
"ARELLANO-MENDOZA MG",1
"Arellano-Ramos B.",1
"ARENDT CT",1
"ARENILLAS JF",1
"Aretz B.",1
"AREVALO-RIOS ECE",1
"Argacha J.F.",1
"Argha A.",1
"Arghiropol D.",1
"ARGYRAKI A",1
"ARHIN-DONKOR S",1
"ARHIN M",1
"ARI A",1
"Ari B.C.",1
"ARI PE",1
"ARIANA P",1
"ARIAS-FERNÁNDEZ L",1
"Arias-Fernández L.",1
"ARIAS-GUZMAN S",1
"Arias-Guzman S.",1
"Arias-Pérez R.D.",1
"ARIAS-PÉREZ RD",1
"ARIAS DE LA TORRE J",1
"Arias Gilart R.",1
"ARICHI T",1
"Aries A.M.",1
"ARIF R",1
"ARIF U",1
"Arifin H.",1
"ARIMITSU T",1
"ARIMOTO T",1
"ARINOLA OP",1
"ARISAWA EAL",1
"ARISTIDOU E",1
"ARITA T",1
"Arivanandhan G.",1
"Arivarasan N.",1
"ARJAH H",1
"ARJOMANDI M",1
"Arkan S.",1
"Arkley J.",1
"Arku R.E.",1
"ARKUSZEWSKI M",1
"ARLINGHAUS LR",1
"ARMAHIZER M",1
"ARMARIO P",1
"ARMITAGE PA",1
"ARMSTRONG-WALENCZAK K",1
"ARMSTRONG EA",1
"ARMSTRONG LE",1
"Armstrong N.M.",1
"ARMSTRONG NM",1
"ARMSTRONG P",1
"ARNAEZ J",1
"Arnaud-Borboa I.",1
"ARNBERGER A",1
"ARNELL K",1
"ARNOLD G",1
"Arnold L.",1
"ARNOLD LD",1
"ARNOLD S",1
"Arnold S.",1
"Arnold T.",1
"Arnold T.J.",1
"ARNOLD TJ",1
"Arockia Dhanraj J.",1
"Aronson A.",1
"ARONSON D",1
"ARORA N",1
"Arora S.",1
"ARORA V",1
"ARQUIZAN C",1
"Arrandale V.H.",1
"Arregocés H.A.",1
"ARREGOCÉS HA",1
"ARRIAGA M",1
"ARRICK DM",1
"Arrúe M.",1
"ARSENAULT M",1
"ARSHAD M",1
"Arshad S.N.M.",1
"ARSHAD W",1
"ARSHID A",1
"ARSLAN B",1
"Arslan D.B.",1
"Arslan E.",1
"ARSLAN Z",1
"ARSLANTAS D",1
"ARTAMONOV G",1
"ARTEAGA-REYES C",1
"ARTEAGA D",1
"ARTEAGA REYES C",1
"ARTEMIADIS A",1
"ARTEMYEV A",1
"ARTERO S",1
"ARTHUR RINGLEB P",1
"ARTIS AS",1
"Artukarslan E.",1
"ARUGA T",1
"ARULOGUN O",1
"ARULOGUN OS",1
"ARUN J",1
"ARUN KUMAR P",1
"Arun Kumar P.",1
"ARUN KUMAR S",1
"Arun Raj T.",1
"Aruna M.",1
"ARUNACHALAM VS",1
"Arunprasad J.",1
"Arutyunov A.G.",1
"Arvidsson J.",1
"ARVIND CS",1
"Arvola O.",1
"Arya M.",1
"ARYAL E",1
"ARYAL K",1
"ARZANFOROOSH F",1
"ARZANI A",1
"ARZBERGER T",1
"ARZUGULI A",1
"As’ad S.",1
"Asadi-Pooya A.A.",1
"Asadi P.",1
"ASADUDDIN M",1
"Asaduddin M.",1
"ASADZADE F",1
"ASAMI M",1
"ASAO K",1
"ASAO Y",1
"Asao Y.",1
"ASAOKA K",1
"ASCENTI G",1
"ASCHALEW A",1
"ASCHNER M",1
"ASCHWANDEN M",1
"ASDRUBAL J",1
"Asgari G.",1
"Asgharzade S.",1
"AŞGÜN HF",1
"Ash C.",1
"ASH GI",1
"ASHABI G",1
"ASHBROOK JA",1
"Ashe N.",1
"Ashfaq F.",1
"Ashfaque Ahmed S.",1
"Ashikuzzaman M.",1
"ASHLEY R",1
"Ashlin Deepa R.N.",1
"Ashoor M.",1
"Ashraf I.",1
"ASHRAF K",1
"Ashrafi B.",1
"Ashrafi F.",1
"Ashtiani S.Z.",1
"ASHTON C",1
"ASHWORTH M",1
"Asiga Cahya Adhianti R.",1
"ASKER C",1
"Aslam M.A.",1
"Aslan N.",1
"ASLAN S",1
"Aslan S.",1
"Aslaner D.M.",1
"Asli P.A.",1
"ASMAR N",1
"Asmar S.",1
"Asmara I.G.Y.",1
"Asogbon M.G.",1
"ASOGBON MG",1
"ASOWATA OJ",1
"ASPIDE R",1
"Asri A.K.",1
"Assadi H.",1
"ASSADSANGABI R",1
"Assalhi I.",1
"Assam M.",1
"ASSANOV D",1
"ASSEF JE",1
"ASSEMPOOR R",1
"Asseyer S.",1
"ASSIMAKOPOULOS MN",1
"ASSOR A",1
"ASTARITA F",1
"ASTELL-BURT T",1
"ASTORI E",1
"ÅSTRÖM C",1
"ÅSTRÖM S",1
"ASUNDI SH",1
"ATA A",1
"ATA S",1
"Ata Teneler A.",1
"Atak Ü.",1
"ATAKA K",1
"Ataka K.",1
"Atakan B.",1
"ATALAY RT",1
"ATAMA CS",1
"ATAMTÜRK DUYAR D",1
"ATAS A",1
"ATASEVER A",1
"Atay G.",1
"Atencio J.K.",1
"ATEYA M",1
"ATGUR V",1
"Atgur V.",1
"Athadkar M.",1
"ATHIMOOLAM S",1
"Athiraman U.",1
"Athisayamani S.",1
"Athithan A.A.",1
"ATILOLA G",1
"ATILOLA GO",1
"ATKINSON E.",1
"Atkinson L.",1
"Atmanli A.",1
"ATOCHIN DN",1
"ATSINA KB",1
"Atsumi T.",1
"Attanasio A.",1
"ATTARIPOUR S",1
"ATTEKEBLE Y",1
"ATTIA EF",1
"Attiyah S.",1
"ATTWA MW",1
"ATUL V",1
"ATURINDE A",1
"Aturinde A.",1
"Atwater A.Q.",1
"AU LW",1
"AUBRY A",1
"AUBRY P",1
"AUCOUTURIER JJ",1
"Auerbach A.D.",1
"AUF DEM BRINKE K",1
"auf dem Brinke K.",1
"AUFRICHTIG S",1
"AUGENBROE G",1
"AUGUSTE S",1
"Augustinavicius J.",1
"Aun S.H.A.",1
"AUNKST K",1
"AURIEL E",1
"Ausserer J.K.",1
"AUSTIN E",1
"AUTRUSSEAU F",1
"AUVINEN A",1
"AUYEUNG TW",1
"AVADIAPPAN S",1
"Avadiappan S.",1
"AVANAKI K",1
"Avanu A.E.",1
"AVANU AE",1
"AVDIC-BELLTHEUS A",1
"AVEIRO HMP",1
"Aversano L.",1
"AVERY J",1
"AVES T",1
"AVESANI M",1
"AVEZUM A",1
"Avian C.",1
"Aviram D.",1
"AVRAM R",1
"AVRIL S",1
"AWAD IA",1
"AWAI K",1
"Awan A.W.",1
"AWAN AW",1
"AWAN J",1
"AWAN S",1
"Awan T.",1
"AWANO H",1
"AWATADE NT",1
"AWOTIWON OF",1
"AXELGAARD J",1
"AXELSSON C",1
"AXINTE M",1
"AYACHI A",1
"AYACHIT M",1
"AYALA A",1
"AYASSE T",1
"Ayasse T.",1
"Aydemir F.",1
"Aydin O.U.",1
"Aydin T.",1
"Aydoğan B.",1
"AYEBARE R",1
"AYERS-RINGLER J",1
"AYERS L",1
"AYESU EK",1
"Aygun A.",1
"AYINDE O",1
"Ayiş Y.",1
"Ayissi M.Z.",1
"AYLING OGS",1
"AYLLON-GUEROLA J",1
"AYO-MARTÍN O",1
"AYODELE AE",1
"AYOO K",1
"AYOUB E",1
"AYRIAN E",1
"AYSENNE A",1
"Ayub S.",1
"AYUSAWA M",1
"AYUSO-ÁLVAREZ A",1
"Ayyakkannu V.",1
"AYYALU T",1
"AZAB AN",1
"AZAB SM",1
"Azam A.T.M.S.",1
"Azan A.",1
"AZANAW J",1
"Azanaw J.",1
"AZARI S",1
"Azarkar Z.",1
"AZARPEYKAN S",1
"Azbeg K.",1
"AZEEMUDDIN M",1
"Azeemuddin M.",1
"Azegami Y.",1
"AZELI Y",1
"Azhari B.",1
"Aziz A.",1
"Aziz A.A.",1
"Aziz D.",1
"AZIZ H",1
"Aziz H.",1
"AZIZ S",1
"Aziz S.",1
"AZIZ ZA",1
"Azizova T.",1
"Azmi N.F.",1
"AZUMA F",1
"AZUMA N",1
"AZUMA Y",1
"AZURMENDI GIL L",1
"Azzahra F.D.",1
"Azzam S.Z.",1
"BA Y",1
"BAAGHIDEH M",1
"BABA A",1
"Baba K.",1
"BABAEI M",1
"Babakhanov I.S.",1
"Babakhanyan M.",1
"BABALOVA L",1
"Babalova L.",1
"Babamahmoodi F.",1
"BABAR M",1
"BABEL S",1
"BABENKOVA PI",1
"BABIC S",1
"Babinchak W.M.",1
"BABINCHAK WM",1
"Babits S.",1
"Babu J.M.",1
"Babu R.",1
"Baburamani A.A.",1
"BABURAMANI AA",1
"Baburao A.",1
"BACCHI S",1
"Baccouche B.M.",1
"BACH A",1
"BACHÓRZEWSKA-GAJEWSKA H",1
"BACHRATA B",1
"Bacigaluppi S.",1
"BACK JH",1
"BACK M",1
"BÄCK M",1
"BACLET S",1
"BACON JD",1
"BA̧CZALSKA J",1
"Ba̧czalska J.",1
"Baczynski A.",1
"BADA BS",1
"BADAMCHI F",1
"BADAWI N",1
"Badawy T.",1
"BADEA A",1
"BADEA CT",1
"BADEAU RS",1
"BADENES R",1
"BADENHOOP K",1
"Bader M.K.",1
"BADERTSCHER P",1
"BADIDA P",1
"Badida P.",1
"BADR A",1
"Badriyah T.",1
"BADRUDDIN IA",1
"BADUR J",1
"BADURDEEN S",1
"Bae D.W.",1
"Bae J.H.",1
"Bae M.W.",1
"BAE ON",1
"BAE Y",1
"Bae Y.",1
"Baek H.M.",1
"BAEK S",1
"Baek S.",1
"Baek S.U.",1
"BAER M",1
"BAERTSCH H",1
"BAFFOUR FI",1
"Bagal D.K.",1
"BAGCHI S",1
"BAGEWADI ZK",1
"BAGGETT M",1
"Baggett M.",1
"Baggiano A.",1
"BAGGISH A",1
"BAGHDASARIAN S",1
"BAGHERI F",1
"Bagheri F.",1
"BAGHERI G",1
"BAGHERI M",1
"Bagheri M.",1
"BAGHSHOMALI S",1
"BAGNATO VS",1
"BAH MG",1
"Bahadori M.",1
"Baharane V.",1
"BAHARVAND P",1
"Bahls M.",1
"BAHMAD S",1
"BAHONAR A",1
"BAHOUTH MN",1
"Bahrami F.",1
"Bahrami S.",1
"BAHRAMPOUR S",1
"BAI C",1
"Bai C.",1
"Bai G.",1
"Bai H.",1
"Bai J.",1
"BAI K",1
"BAI M",1
"BAI W",1
"Bai W.",1
"BAI X.",1
"Bai Y.",1
"BAI YH",1
"BAI Z",1
"Bai Z.",1
"BAIDRI A",1
"BAIG A",1
"BAIG MA",1
"BAIG RU",1
"BAIK KY",1
"BAIK M",1
"Baik M.",1
"Baik S.W.",1
"BAIK SW",1
"BAILEY A",1
"Bailey D.M.",1
"BAILEY SJ",1
"BAILEY Z",1
"BAILLEUX J",1
"BAILLY C",1
"BAIMA Y",1
"Bain A.R.",1
"BAIN AR",1
"Bain L.E.",1
"BAIN LE",1
"BAIN M",1
"BAINBRIDGE A",1
"Baissac D.",1
"BAJAJ BV",1
"Bajaj S.",1
"Bajan K.",1
"BAJAWI YA",1
"BAJROVIĆ F",1
"Bajwa A.U.",1
"Bakalkin G.",1
"Bakar S.N.",1
"BAKER E",1
"BAKER LB",1
"BAKER MB",1
"BAKHSHANDEH H",1
"Bakhshi M.",1
"Bakhtiari M.",1
"BAKI E",1
"BAKIR A",1
"BAKKEN IJ",1
"Bakker E.A.",1
"BAKKER J",1
"BAKOEV SY",1
"BAKTOFT H",1
"Bal S.",1
"Bal S.S.",1
"BALA G",1
"Bala S.",1
"BALABAN B",1
"BALABANIS T",1
"BALABBIGARI N",1
"Balaji C.",1
"Balaji D.",1
"BALAKIN A",1
"Balakin A.",1
"Balamurugan G.",1
"Balamurugan M.",1
"BALARASTAGHI S",1
"Balarastaghi S.",1
"BALASUBRAMANIAN AG",1
"BALASUBRAMANIAN S",1
"Balasubramanian T.N.",1
"Balasundaram S.",1
"BALAZS AC",1
"Balbi M.",1
"BALBUENA A",1
"BALDACCI S",1
"BALDASSARRE R",1
"BALDENIUS T",1
"BALDINGER SH",1
"BALDO JV",1
"BALDRIDGE KC",1
"Balduzzi F.",1
"Baldwin J.W.",1
"BALÉDENT O",1
"BALESTRIERI A",1
"BALESTRIERI ML",1
"BALESTRINO M",1
"Balestrino M.",1
"Balgansuren O.",1
"BALIDEMAJ F",1
"Balidemaj F.",1
"BALIGA S",1
"BALINT I",1
"BALLABH R",1
"BALLAL K",1
"Baller E.B.",1
"Ballester B.R.",1
"BALLESTER BR",1
"BALLINI A",1
"BALLVÉ A",1
"Ballvé A.",1
"BALM A",1
"Balmes J.R.",1
"BALODIS A",1
"BALTACI SB",1
"BALTEANU MA",1
"BALU N",1
"BALU R",1
"Balz R.",1
"BALZARINI F",1
"BALZER JR",1
"BAM K",1
"BAMBERG BN",1
"BAMBERSKI JM",1
"BAMIOU DE",1
"BAMTEFA IM",1
"Bana S.",1
"BANACH M",1
"Banach M.",1
"BANAJ N",1
"BANAN KHOJASTEH SM",1
"BANAPURMATH NR",1
"BANARAS A",1
"BANDETTINI DI POGGIO ML",1
"Bandettini W.P.",1
"BANDIERA D",1
"Bando M.",1
"BANDOŁA D",1
"BANERAS J",1
"BANERDT WB",1
"BANERJEE A",1
"BANERJEE M",1
"Banerjee S.",1
"Bang H.J.",1
"BANG HJ",1
"Bang O.Y.",1
"Bang Y.J.",1
"Bangash A.H.",1
"BANGASH AH",1
"BANGDIWALA SI",1
"BANICKA V",1
"Banik A.",1
"Banik T.",1
"Banimostafavi E.S.",1
"Banji T.I.",1
"Banke K.",1
"Banks J.",1
"BANNIKOVA M",1
"BANNIKOVA MV",1
"Banshoya K.",1
"BANZI JF",1
"Banzrai C.",1
"Bao-Jun Y.",1
"BAO BY",1
"Bao C.",1
"Bao C.h.",1
"BAO CH",1
"Bao H.",1
"BAO L",1
"BAO M",1
"BAO P",1
"BAO Q",1
"BAO TH",1
"BAO X",1
"Bao Y.",1
"BAOFENG Z",1
"BAPAT RV",1
"Bapst B.",1
"Baptista C.",1
"BAPTISTA MV",1
"BAQAL O",1
"BAQUERO MJG",1
"BARAC A",1
"BARADARAN H",1
"Baragetti A.",1
"BARAKZAI MD",1
"Barakzie A.",1
"BARALIĆ M",1
"BARAN TM",1
"BARANDON L",1
"BARANOV V",1
"BARANOV VM",1
"BARASCH D",1
"BARBAGALLO M",1
"Barbagallo M.",1
"BARBANERA A",1
"BÁRBARA C",1
"Barbarash O.L.",1
"Barbaroux H.",1
"BARBE AG",1
"BARBE C",1
"Barber P.A.",1
"BARBER ZB",1
"BARBIER EL",1
"BARBIERI M",1
"Barbosa J.V.",1
"Barbosa N.V.",1
"BARBOSA RM",1
"BARBOSA TM",1
"BARBOZA MA",1
"BARBU M",1
"Barbu M.",1
"BARCELLA B",1
"BARCLAY R",1
"BARCO S",1
"Barco S.",1
"BARCUS RA",1
"BARDA AJ",1
"Bardakci O.",1
"BARDEN A",1
"BARDET P",1
"Bardutzky J.",1
"Bareikis K.",1
"BÄRENFÄNGER F",1
"BARENHOLZ Y",1
"BARGANIER A",1
"Barge K.",1
"Barhwal K.",1
"BARI F",1
"Barić A.",1
"Barimah S.T.",1
"BARINAS-MITCHELL E",1
"Bark D.L.",1
"BARKER R",1
"BARKS JDE",1
"BARLAZ US S",1
"BARLIER K",1
"BARLINN J",1
"BARLINN K",1
"BARLOW J",1
"BARMAN HC",1
"Barman S.D.",1
"BARMPARESOS N",1
"BARNA S",1
"BARNARD M",1
"BARNARD R",1
"BARNAŚ E",1
"BARNAURE I",1
"Barnawi A.B.",1
"Barnes J.N.",1
"BARNES JN",1
"BARNES S",1
"BARNETT GH",1
"BARNHOLTZ-SLOAN JS",1
"BÄRNIGHAUSEN T",1
"BARNWAL J",1
"BARON D",1
"BARONE-ROCHETTE G",1
"BAROUD T",1
"BAROW E",1
"Barow E.",1
"BARR AM",1
"BARR EB",1
"BARRA S",1
"Barranco I.",1
"Barratt C.D.",1
"BARRATT CD",1
"BARREGÅRD L",1
"Barrera P.L.",1
"BARRETO AD",1
"Barreto I.V.P.d.S.",1
"BARRETO IVPDS",1
"BARRETT BW",1
"BARRETT CD",1
"Barrett J.R.",1
"Barrett N.",1
"BARRETTO RBM",1
"BARRO SG",1
"BARROZO ER",1
"BARRY V",1
"Barsky L.L.",1
"BARTA H",1
"BARTEIT S",1
"BARTELL SM",1
"Bartels J.H.",1
"BARTELS K",1
"Bartels K.",1
"BARTELS U",1
"BARTEN-NEINER G",1
"BARTET P",1
"BARTH M",1
"BARTHA-DOERING L",1
"BARTHA R",1
"BARTHÉLÉMY R",1
"BARTIG D",1
"BARTINGTON SE",1
"Bartko M.",1
"BARTLETT AA",1
"Bartlett S.",1
"BARTLETT SI",1
"BARTOLINI E",1
"BARTOLOVIĆ N",1
"BARTZ-SCHMIDT KU",1
"BARUTH S",1
"BARVIK D",1
"Barvik D.",1
"Barzeghar V.",1
"BASAK AK",1
"Basavaraddi S.S.",1
"BASCUR F",1
"Baselli G.",1
"BASERGA MC",1
"BASHA S",1
"BASHIR M",1
"Bashir S.",1
"BASIAK M",1
"BAŠIĆ JUKIĆ N",1
"BASILAKOS A",1
"BASILIO-FLORES JE",1
"BASIUHA I",1
"BASNER M",1
"Basnyat B.",1
"BASS E",1
"BASSER PJ",1
"BASSETTI CLA",1
"Bassig B.A.",1
"BASSILL NP",1
"Basso J.D.",1
"BASTAWISSI HA",1
"BASTIAN H",1
"BASTIANELLI ME",1
"BASTIAS MJ",1
"BASTIN ME",1
"BASTOS LS",1
"BASUROY S",1
"BATALHA N",1
"BATELJA VULETIC L",1
"BATEMAN JR",1
"BATENOVA G",1
"BATH P",1
"BATHEJA A",1
"BATHINI T",1
"Batool S.",1
"BATRES C",1
"BATTA V",1
"BATTAGLIA C",1
"Battaglini D.",1
"BATTERMAN S",1
"BATTERSBY C",1
"BATTISTELLA R",1
"Battistella R.",1
"BATTISTI C",1
"BATTY GD",1
"BATWARA A",1
"BAUCELLS BJ",1
"Baudry G.",1
"BAUDRY J",1
"BAUER C",1
"BAUER H",1
"BAUER M",1
"Bauer T.C.",1
"Bauerschmidt A.",1
"BAUM T",1
"BAUM Y",1
"Bauman J.",1
"Baumann J.J.",1
"BAUMANN S",1
"BAUMEISTER R",1
"BAUMKÖTTER R",1
"BAUMSTARCK K",1
"Bautista M.C.R.",1
"Bautista N.M.",1
"BAUTISTA NM",1
"Bauwelinck M.",1
"Bavandla K.C.",1
"BAVARSAD K",1
"Bavarsad K.",1
"BAY C",1
"BAY V",1
"Bay V.",1
"BAYÁN-BRAVO A",1
"BAYAT F",1
"Baydadaev S.",1
"BAYKANER T",1
"BAYLE N",1
"BAYLES KW",1
"BAYONA H",1
"Bayramoǧlu K.",1
"Bays D.J.",1
"BAYTOK A",1
"BÄZ L",1
"BAZAN DZ",1
"BÄZNER H",1
"Bazyka D.A.",1
"BAZYKA KD",1
"Bazzicalupo A.L.",1
"BAZZICALUPO AL",1
"BEACH PA",1
"Beach S.",1
"BEACHLER DC",1
"Beadle R.",1
"BEAIRD D",1
"Beard S.",1
"BEARE R",1
"BEATTY S",1
"BEATY LA",1
"BEAUD V",1
"BEAUDIN AE",1
"BEAUDRY L",1
"Beaudry L.",1
"BEAUFORT N",1
"BEAULIEU F",1
"BEAUVIEUX MC",1
"BEAVER B",1
"BEAVERS KM",1
"BEBAWY JF",1
"BEBEDJIAN R",1
"Bebell L.M.",1
"BECCATI F",1
"BECCHERLE M",1
"BECERRA-AR C",1
"BECERRIL-GAITAN A",1
"BECHER T",1
"Bechke E.E.",1
"Bechter C.",1
"BECK C",1
"Beck C.J.",1
"BECK DA SILVA ETGES AP",1
"BECK JL",1
"Beck K.W.",1
"BECK M",1
"BECK R",1
"BECK TL",1
"BECKER A",1
"Becker A.",1
"BECKER AS",1
"BECKER BV",1
"BECKER CJ",1
"Becker G.",1
"BECKER PN",1
"BECKETT-BROWN N",1
"BECKETT TL",1
"BECKIE T",1
"Bedar P.",1
"BEDARD PL",1
"BÉDARD S",1
"BEDDOK A",1
"BEDER M",1
"BEDLACK R",1
"BEDMAR-ROMERO D",1
"BEDNAREK DR",1
"BEDNAREK N",1
"BEECKMAN K",1
"BEEGLE RD",1
"BEEKMAN FJ",1
"BEEKMAN R",1
"BEER M",1
"BEEVERS S",1
"Beevi F.",1
"BEGIC E",1
"BEGIER E",1
"BEGOU P",1
"Bègue I.",1
"Begum S.",1
"BEHESHTI S",1
"BEHL K",1
"Behland J.",1
"Behmani D.",1
"BEHNAMI A",1
"Behrendt F.",1
"Behrens B.A.",1
"BEHRENS L",1
"Behura A.",1
"Behzadi N.",1
"BEHZADI P",1
"Bei T.",1
"BEI X",1
"BEIDLEMAN BA",1
"BEIGNON F",1
"Beignon F.",1
"Beilstein J.",1
"Bein T.",1
"Beirinckx Q.",1
"BEISER A",1
"Beit Yosef A.",1
"BEITNES JO",1
"Bej T.",1
"BEJI S",1
"BEKER MÇ",1
"BEKEREDJIAN R",1
"BEKIESIŃSKA-FIGATOWSKA M",1
"Bekircan-Kurt C.E.",1
"BEKKERS JA",1
"BEL-LÁN A",1
"BELANOVIĆ B",1
"Belarbi Z.",1
"Belbis M.D.",1
"BELCHER H",1
"BELDEN J",1
"BELDING JN",1
"BELENKO J",1
"BELESOVA K",1
"BELL A",1
"BELL EF",1
"Bell L.C.",1
"BELLAICHE S",1
"BELLAMKONDA KS",1
"Bellamkonda N.L.",1
"BELLAMY MB",1
"BELLAR D",1
"BELLAVIA A",1
"BELLEMAIN-APPAIX A",1
"BELLINGER D",1
"BELLINI L",1
"BELLINO M",1
"BELLO-MANGA H",1
"Bello-Manga H.",1
"BELLO-ROBLES F",1
"Bello K.A.",1
"BELLO M",1
"BELLO T",1
"BELLOCCHIO L",1
"Bellocchio L.",1
"BELLOMO R",1
"BELLOT-ARCÍS C",1
"BELLUT D",1
"BELMAKER I",1
"Belmaker I.",1
"BELMUSTO A",1
"Belopasova A.V.",1
"Beltaifa Y.",1
"Beltramo M.",1
"BELTRAN A",1
"Belur A.D.",1
"Belval L.N.",1
"BELYAEV VD",1
"BELYAEV YM",1
"BELZER A",1
"Belzer A.",1
"BELZUNEGUI JM",1
"Ben Ami Y.",1
"BEN B",1
"BENA A",1
"Benajes J.",1
"Benali F.",1
"BENAMER H",1
"Benammi H.",1
"BENAVIDES LARA J",1
"Bencheikh N.",1
"BENDER A",1
"Bender L.",1
"BENDER MA",1
"BENDER MT",1
"BENDERS MJNL",1
"BENDIX I",1
"BENDIXEN M",1
"BENDJELID SM",1
"BENDLIN BB",1
"BENDOK BR",1
"BENEDETTI GM",1
"Benemerito I.",1
"BENFENATI V",1
"BENGER M",1
"BENGI YILMAZ E",1
"BENGTSSON P",1
"Beniczky S.",1
"BENING C",1
"BENINI R",1
"Benito M.",1
"Benjamin Christie D.",1
"BENJAMIN SABATH M",1
"BENJASIRISAN C",1
"Benk J.",1
"BENKERT T",1
"BENNALLICK C",1
"Bennett H.C.",1
"BENNETT J",1
"BENNETT KE",1
"BENNETT KJM",1
"BENNETT M",1
"Bennett M.",1
"Bennett M.T.",1
"BENNETT O",1
"BENNETT S",1
"Bennett S.K.",1
"BENNEY TM",1
"BENNINGER KL",1
"BENNINK E",1
"Bennitt F.B.",1
"BENSAFIA A",1
"BENSON JC",1
"BENT J",1
"BENTAL T",1
"BENTZEN SM",1
"Benvenuto G.",1
"BENYO Z",1
"Benz D.C.",1
"Benz M.C.",1
"Benzidia I.",1
"BEQIRI E",1
"Beqiri E.",1
"BERATI K",1
"Berati K.",1
"Bercea C.I.",1
"BERECZKI D",1
"Berek A.",1
"Berends E.",1
"BERENGUER HAYM MC",1
"BERENSTEIN CD",1
"Berentsen S.",1
"BERÉNYI T",1
"BÉRES-MOLNÁR KA",1
"BERESTJANA ZM",1
"BERG OK",1
"Berg R.M.G.",1
"BERG RMG",1
"BERG RW",1
"BERGAGNA S",1
"BERGER CT",1
"BERGER S",1
"Berger S.",1
"BERGER T",1
"Berger T.",1
"BERGERON NQ",1
"BERGFELDT L",1
"Berglund K.",1
"Bergman Z.R.",1
"Bergmann M.",1
"Bergmann M.L.",1
"BERGMANN S",1
"Bergmann S.",1
"Bergonzi G.M.",1
"BERGSTRÖM G",1
"BERHANU MT",1
"BERHE N",1
"Beriache M.",1
"Berikov V.B.",1
"Berindoague C.R.",1
"BERINDOAGUE CR",1
"BERISHA V",1
"BERJAWI R",1
"BERK RA",1
"BERKARDA Z",1
"BERKECZ R",1
"BERKEMEIER Q",1
"BERKOVITZ A",1
"BERKOWITZ DB",1
"BERKOWITZ V",1
"BERLET RA",1
"BERLIS A",1
"BERLIVET J",1
"Berlowitz J.B.",1
"BERMANO F",1
"BERMEJO GIL BM",1
"BERMÚDEZ-GÓMEZ J",1
"Bermúdez V.",1
"BERNABÉ-ORTIZ A",1
"Bernard A.",1
"BERNARD B",1
"BERNARD N",1
"BERNARDINI A",1
"Bernardini A.",1
"Bernášková K.",1
"Berndt N.",1
"BERNEBURG M",1
"BERNER M",1
"Berner M.",1
"BERNETT MJ",1
"Bernhardt J.",1
"Bernhardt L.",1
"BERNHOLM KF",1
"Bernis M.E.",1
"BERNKOPF K",1
"BERNSTEIN JA",1
"BEROŠ V",1
"BERR C",1
"BERRET JF",1
"BERRIAULT C",1
"BERRICHI S",1
"BERRY D",1
"BERRY DA",1
"Berry J.",1
"BERSANO A",1
"Bersaoui M.",1
"BERTHEZENE Y",1
"BERTI S",1
"Berticelli A.Z.",1
"BERTICELLI AZ",1
"BERTINI G",1
"BERTKE SJ",1
"BERTOGLIO C",1
"BERTOLDI K",1
"BERTOLETTI L",1
"BERTOZZI CR",1
"BERZERO G",1
"Besch D.",1
"BESEDOVSKAIA Z",1
"BESEOGLU K",1
"BEŠIĆ A",1
"Beske R.P.",1
"Beslow L.A.",1
"BESLOW LA",1
"Beso S.",1
"BESOLA L",1
"Besola L.",1
"Besser L.M.",1
"BESSER LM",1
"Bessho R.",1
"BEST G",1
"BETTENCOURT-SILVA JH",1
"BETZ D",1
"BETZ JF",1
"BEULENS JW",1
"Beurlot K.",1
"BEUTE TJ",1
"BEUTEL M",1
"Beutler B.D.",1
"Bevan G.H.",1
"BEVAN GH",1
"Beveridge E.",1
"BEVERS MB",1
"BEVILACQUA E",1
"Bevilacqua E.",1
"BEYEA SD",1
"BEYER KM",1
"BEZERRA DA SILVA A",1
"Bezerra F.W.F.",1
"BEZOLD CP",1
"Bezrouk A.",1
"BEZUIDENHOUT L",1
"Bezuidenhout L.",1
"BHAGAT A",1
"BHAGAT H",1
"Bhagirath P.",1
"Bhairwa D.P.",1
"BHAIRWA DP",1
"BHALERAO A",1
"Bhamidipati C.M.",1
"BHAMIDIPATI CM",1
"BHAMLA S",1
"BHANDARI D",1
"BHANDARI M",1
"BHANDARI P",1
"Bhanu P.K.",1
"BHANU PK",1
"BHARDWAJ A",1
"Bhargava B.",1
"BHARGAVA ODAK D",1
"Bhargava Odak D.",1
"BHARTI B",1
"Bharti B.",1
"Bharti M.S.",1
"BHARTI S",1
"Bharti S.",1
"BHASIN A",1
"Bhasin A.",1
"Bhaskaran Venugopal R.",1
"Bhat M.I.",1
"Bhat R.",1
"Bhati S.",1
"BHATIA R",1
"Bhatnagar A.",1
"Bhatt A.",1
"BHATT DL",1
"Bhatt H.",1
"Bhatt I.S.",1
"BHATT N",1
"Bhatta O.P.",1
"BHATTACHARJEE B",1
"BHATTACHARJEE S",1
"BHATTACHARJEE TT",1
"Bhattacharya A.",1
"Bhattacharya K.",1
"Bhattacharya M.K.",1
"BHATTACHARYA U",1
"Bhattacharyya R.",1
"BHATTARAI D",1
"Bhattarai G.",1
"Bhatti A.",1
"Bhatti A.M.",1
"Bhavana S.V.",1
"Bhavani S.V.",1
"BHAVANI SV",1
"BHAVE PD",1
"Bhavi I.",1
"Bhavsar N.A.",1
"BHEEMIREDDY S",1
"BHERWANI H",1
"Bhole C.",1
"Bhoothookngoen P.",1
"BHOWMIK S",1
"Bhui J.",1
"Bhuiyan A.",1
"BHUKAL I",1
"Bhullar M.S.",1
"Bhunia A.K.",1
"Bhushan B.M.",1
"BHUSHAN D",1
"Bhushan D.",1
"BHUTADA A",1
"BHUTTA FR",1
"BHUTTA KR",1
"Bhuvana R.",1
"Bhuvaneswari S.",1
"BI F",1
"BI H",1
"Bi J.",1
"BI X",1
"Bi X.",1
"Bi Y.",1
"BI Z",1
"BIAGGIONI I",1
"BIAGI L",1
"BIAIS M",1
"BIALKOWSKI K",1
"BIALKOWSKI KS",1
"BIAN C",1
"BIAN M",1
"BIAN Q",1
"BIAN Y",1
"Bianchi C.",1
"BIANCHI S",1
"BIANCO P",1
"BIANCO V",1
"Bianco V.",1
"BIANCONI A",1
"Bianconi A.",1
"BIANCONI E",1
"BIANZANO A",1
"BIARY R",1
"BIASCI L",1
"BIASIOLLI L",1
"Biasutti T.",1
"BIBI K",1
"BIBI R",1
"Bibic A.",1
"Bicha K.",1
"BICK AG",1
"BICKEL U",1
"Bidaoui G.",1
"Bidassey-Manilal S.",1
"BIDDINGER PD",1
"Biddle K.",1
"Bidir M.G.",1
"BIELECKA-DABROWA A",1
"BIEMOND BJ",1
"BIENIASZEWSKI L",1
"BIER G",1
"BIEREWIRTZ T",1
"Bierewirtz T.",1
"BIESECKER LG",1
"BIESSELS GJ",1
"BIGANZOLI A",1
"BIGANZOLI EM",1
"BIGARD X",1
"BIGATTI C",1
"Bigert C.",1
"BIGGS T",1
"BIHORAC A",1
"BIJLANI S",1
"BIJLEVELD YA",1
"BIJU RD",1
"BIKDELI B",1
"BIKIA V",1
"Bikia V.",1
"BIKOMEYE JC",1
"Bilal A.",1
"Bilal Ameer H.M.",1
"BILAL U",1
"BILENKO N",1
"BILGI C",1
"Bilgin N.",1
"BILLERES M",1
"BILLIETOP A",1
"Billig S.",1
"Billot L.",1
"Bilohub A.",1
"BILOŠ V",1
"Bilousov I.",1
"Biltekin N.",1
"BIN-JUMAH MN",1
"BIN WAQAR SH",1
"BIN X",1
"Bin X.",1
"Binda D.D.",1
"BINDA DD",1
"BINDAL A",1
"Bindal R.K.",1
"BINDER J",1
"BINDER W",1
"BING R",1
"BING T",1
"BINGISSER R",1
"BINGZHEN C",1
"BINKERT CA",1
"BINKLEY MM",1
"Binnal P.",1
"BINNEY FCT",1
"BINNIE MJ",1
"BINSUWAIDAN R",1
"Binyang W.",1
"BIONDETTI E",1
"BIONDI M",1
"BIRABAHARAN J",1
"BIRASCHI F",1
"BIRCA A",1
"BIRCA V",1
"BIRCH S",1
"BIRD JC",1
"Birg T.",1
"Birhanu A.M.",1
"BIRHANU AM",1
"Birhanu M.M.",1
"BIRHANU MM",1
"BIRHANU MY",1
"Birje S.",1
"BIRKETT NJ",1
"BIRKLEIN F",1
"BIRKMOSE LKH",1
"BIRNIE-GAUVIN K",1
"BIRSAN MV",1
"Biscaldi L.",1
"BISCHOF JC",1
"BISHAI DM",1
"BISHARA R",1
"Bishay P.",1
"BISHOKARMA S",1
"BISHOP J",1
"BISHOP NM",1
"BISHOP PA",1
"Bisignani G.",1
"BISKUP S",1
"BISSOLO M",1
"Bissolo M.",1
"BISTA B",1
"Biswal A.J.",1
"Biswas R.",1
"BISWAS S",1
"Biswas S.",1
"BISWAS T",1
"Biswas T.",1
"BITARGIL M",1
"Bitargil M.",1
"BITETTI I",1
"Bitsori M.",1
"BITSUI M",1
"BITTENCOURT MS",1
"BITTIRA B",1
"BIX GJ",1
"BIZUMIC B",1
"Bjerke R.",1
"Bjørdalsbakke N.L.",1
"BJØRDALSBAKKE NL",1
"Björkegren J.L.M.",1
"BJØRKLUND G",1
"BJURSTEN H",1
"BKIYAR H",1
"BLACK BK",1
"BLACK LI",1
"BLACK NC",1
"BLACKBURN M",1
"Blackman A.",1
"BLACKMORE C",1
"BLACQUIERE D",1
"BLAGAIC AB",1
"Blaha M.J.",1
"BLAHA MJ",1
"BLAIR GW",1
"BLAIR JP",1
"BLAIR PS",1
"BLAKE P",1
"BLAKE PG",1
"BLAKELY EA",1
"BLAKELY T",1
"BLAKSTAD H",1
"BLAM K",1
"BLANCH J",1
"BLANCHARD A",1
"Blanco-Diaz C.F.",1
"Blanco-Díaz C.F.",1
"BLANCO A",1
"BLANCO AI",1
"BLANCO COLMENARES GA",1
"BLANCO MN",1
"BLANCO R",1
"BLANDIN S",1
"BLANDINO A",1
"BLANKENBERG S",1
"BLANKSTEIN R",1
"Blantin J.R.",1
"BLASCHKE SM",1
"BLÄSING B",1
"BŁASZCZYK J",1
"BLATT LR",1
"BLAUT K",1
"BLAUT W",1
"Blawas A.M.",1
"BLEDSOE IO",1
"BLENKINSOP S",1
"BLENNOW K",1
"Bleunven P.",1
"BLISS ZSB",1
"BLOCK BA",1
"BLOCK KT",1
"BLOCKMANS D",1
"BLODGETT CA",1
"Blom L.",1
"BLOMBERG AJ",1
"BLOOM MS",1
"BLOOMER EG",1
"BLOSS WJ",1
"BLOT M",1
"BLOUNT H",1
"BO H",1
"BO L",1
"BOACHIE MK",1
"Boadi J.",1
"Boakye K.",1
"Boamah B.",1
"BOAS D",1
"Bobby N.N.",1
"Bobi S.",1
"BOBINSKI M",1
"Bobojama S.B.",1
"Bobrov I.P.",1
"BOBROV IP",1
"BOBROVA MM",1
"BOBROVSKAYA L",1
"BOC V",1
"Boc V.",1
"BOCCUNI F",1
"Bocharov A.N.",1
"BOCHATON T",1
"BODELLE B",1
"BODEN-ALBALA B",1
"Boden B.P.",1
"BODEN BP",1
"Bödenler M.",1
"BODERA M",1
"BODO M",1
"BODZIOCK G",1
"BOECKMANN L",1
"BOENO FP",1
"Boere K.",1
"BOERMA M",1
"BOFFA AS",1
"BOGA M",1
"Boga M.",1
"BOGARI NM",1
"BØGE AU",1
"BOGERS AJJC",1
"Boggs L.D.",1
"Bøgh N.",1
"Bogossian E.G.",1
"BOHANNON LM",1
"Böhm J.",1
"Böhm M.",1
"BOHNSTEDT BN",1
"Bohraus Y.",1
"BOJARIU R",1
"Bolaji P.",1
"BOLAND R",1
"Bolar D.S.",1
"BÔLE A",1
"Bolhasani H.",1
"BOLLATI V",1
"BOLLEN BA",1
"BØLLING AK",1
"BOLM-AUDORFF U",1
"Bolm-Audorff U.",1
"BOLT A",1
"BOLT AM",1
"Bömers J.P.",1
"BÖMERS JP",1
"BOMMASAMUDRAM T",1
"Bommasamudram T.",1
"BOMPAIRE F",1
"BØNAA KH",1
"BONAFEDE M",1
"BONANNI A",1
"BONANNO G",1
"Bond M.",1
"BONDARENKO AI",1
"BONDE JP",1
"BONDY M",1
"Bones I.K.",1
"BONETTI B",1
"Bongers C.C.W.G.",1
"Bongers K.S.",1
"BONGERS KS",1
"BONGETTA D",1
"Bongetta D.",1
"BONIFAZI M",1
"BÖNING A",1
"Bonitenko E.U.",1
"BONIZZATO M",1
"Bonnal J.",1
"BONNATI J",1
"Bönner F.",1
"BONNET K",1
"BONNETERRE V",1
"BONNIAUD P",1
"Bonthrone A.F.",1
"BOO S",1
"Boobash Ayyanar M.",1
"BOODHWANI M",1
"BOOGAARD H",1
"BOOGAARTS HD",1
"BOOKEY-BASSETT S",1
"Bookey-Bassett S.",1
"BOOMADEVI P",1
"Boonmee P.",1
"BOONNAG C",1
"BOONPHENG B",1
"BOOT E",1
"Boot E.",1
"BOOTH A",1
"BOOTH G",1
"BOOTH LC",1
"BOOTS T",1
"Bopaiah K.",1
"BOPP M",1
"BORA KV",1
"BORACCHI P",1
"BORAZAN İ",1
"BÖRCEK AÖ",1
"BORCHSENIUS JH",1
"BORDEA IR",1
"BORDELEAU M",1
"Bordignon S.",1
"Borelli C.",1
"BORENSTEIN-LEVIN L",1
"BORG MA",1
"Borges A.P.",1
"BORIC MR",1
"BORING MA",1
"BORJA MJ",1
"Borkens Y.",1
"Borland S.",1
"BORLONGAN C",1
"BORM K",1
"BOROZDINA N",1
"BORRA V",1
"BORRACHERO-CONEJO AI",1
"BORRECA A",1
"BORRELLI V",1
"BÖRß V",1
"BORTIS D",1
"BORTKIEWICZ A",1
"Bortkiewicz A.",1
"Bortsova G.",1
"Boruah A.P.",1
"BORUAH AP",1
"BORYS F",1
"BORZAGE M",1
"Bosch A.",1
"BOSCH P",1
"BOSCH R",1
"BOSCO P",1
"BOSCOLO-BERTO R",1
"BOSE C",1
"Boseley R.E.",1
"BOSS JM",1
"BOSSOLA M",1
"Bossola M.",1
"BOSSON C",1
"BOSSONE E",1
"BOTAI J",1
"BOTHWELL SW",1
"Botros J.M.",1
"BOTTA D",1
"BOTTEMANNE H",1
"Bottemanne H.",1
"BOTTI A",1
"Böttiger B.W.",1
"BOTTIO T",1
"BOTTROS MM",1
"Botwe B.O.",1
"BOTWE BO",1
"BOUATTANE O",1
"BOUAZZI L",1
"Boubakour M.",1
"Bouchlarhem A.",1
"BOUDA H",1
"BOUDJELTIA KZ",1
"BOUFFET E",1
"BOUGADIS J",1
"BOUGIOUKAKIS P",1
"BOUHAIDAR R",1
"bouighi H.",1
"BOUIN M",1
"BOUKABOUS Y",1
"BOUKHMIS A",1
"Boukobza M.",1
"BOULANOUAR K",1
"BOULAY P",1
"BOULOS AS",1
"BOUMA F",1
"Bourdrel T.",1
"BOURGART I",1
"BOURKE JE",1
"BOURKE N",1
"BOURLAND JD",1
"Bouscaren N.",1
"BOUSSELHAM A",1
"BOUSSENA M",1
"BOUTAYBI M",1
"BOUTELIER T",1
"BOUTELLE MG",1
"BOUTITIE F",1
"BOUTROS P",1
"BOUZIER-SORE AK",1
"BOVE R",1
"BOVEDA S",1
"Bovet P.",1
"BOWDITCH S",1
"BOWDON J",1
"BOWEN C",1
"BOWEN MT",1
"Boyaci S.",1
"Boyacı S.",1
"BOYD CM",1
"Boyd K.",1
"Boyd L.M.",1
"BOYD LA",1
"BOYD LM",1
"BOYER L",1
"Boyes N.G.",1
"BOYES NG",1
"BOYI JO",1
"Boyi Z.",1
"Boyle B.R.",1
"BOYLE FA",1
"BOYLE L",1
"BOZINOVSKI J",1
"Bozinovski J.",1
"BOZOVIC-STAMENOVIC R",1
"Bozza A.",1
"BOZZA FA",1
"Bozzali M.",1
"BOZZANI A",1
"Braadt L.",1
"Braasch C.",1
"BRAATZ E",1
"Braatz E.",1
"BRABER S",1
"BRABRAND M",1
"BRACKBILL RM",1
"BRACKEN J",1
"BRACKETT I",1
"Bradbury J.",1
"BRADBURY KE",1
"BRADFORD N",1
"Bradley S.",1
"BRADSHAW D",1
"Bradshaw K.",1
"BRADY MC",1
"Braford M.B.",1
"BRAGG F",1
"Bragin D.E.",1
"BRAININ M",1
"BRALIĆ LANG V",1
"Bramaramba J.",1
"Brambilla C.R.",1
"BRAMBLE K",1
"Bramble K.",1
"BRAMON E",1
"BRANCO P",1
"Brancucci A.",1
"BRANDAL P",1
"BRANDES RP",1
"BRANDSTACK N",1
"BRANDT T",1
"BRANGACCIO J",1
"BRANKO P",1
"BRANKOVIC A",1
"Branscheidt M.",1
"BRARA A",1
"BRASCHI A",1
"BRATTA B",1
"BRAUER C",1
"BRAUN D",1
"BRAUN T",1
"BRAVANT E",1
"BRAVI F",1
"BRAYER K",1
"BRAZ DE CARVALHO L",1
"BRAZ ID",1
"Brazelton S.C.",1
"BREATHETT K",1
"BREDIES K",1
"BREIGHNER CM",1
"BRENEMAN JC",1
"BRENNAN M",1
"Brennan M.",1
"Brennan M.M.",1
"BRENNENSTUHL H",1
"Brenowitz W.D.",1
"Breslow R.G.",1
"BRESS AP",1
"BRESTERS D",1
"BREW S",1
"BREWER GJ",1
"BREWER LC",1
"BREZOV D",1
"BRICIO-BARRIOS JA",1
"BRICKEY WJ",1
"BRICKLEY G",1
"BRICKMAN AM",1
"BRICKWEDEL J",1
"BRIDGERS J",1
"BRIDGES JFP",1
"BRIÈRE S",1
"BRIGGER H",1
"Briggs J.K.",1
"BRIGHAM TJ",1
"BRIHMAT N",1
"Brihmat N.",1
"BRIKS KV",1
"BRILLHART A",1
"Brillhart A.",1
"BRINA O",1
"Brindise M.C.",1
"BRINDISE MC",1
"BRINKMAN N",1
"Brinkman N.",1
"BRIONES-VELASCO M",1
"Briskin E.",1
"BRISSETTE V",1
"Brissette V.",1
"Brito P.H.S.",1
"BRITO PHS",1
"BRITTON A",1
"BRITZ GW",1
"Britz R.",1
"BRIX B",1
"BRKIĆ BILOŠ I",1
"BROAD E",1
"BROADBENT AM",1
"BROADBENT M",1
"BROADWATER G",1
"BROCCOLINI A",1
"BROCIEK R",1
"Brociek R.",1
"BROCK J",1
"Brock T.",1
"BROCKMAN J",1
"BRODAY R",1
"BRODER L",1
"BRODERICK B",1
"BRODERIUS K",1
"BRODTMANN A",1
"BRODY DJ",1
"Brody M.",1
"Brody M.S.",1
"BRÖER M",1
"BROESSNER G",1
"Broggini T.",1
"BROKINKEL B",1
"Broman L.",1
"Broman N.J.",1
"Bronk T.S.",1
"BRONK TS",1
"BRONSERT MR",1
"BRONSTEIN JM",1
"BROOK J",1
"BROOKS J",1
"BROOKS SP",1
"BROPHY GM",1
"BROTHERS RM",1
"BROTMAN RG",1
"BROTT TG",1
"BROUSSE O",1
"BROUWER E",1
"BROWN AC",1
"BROWN AF",1
"Brown J.A.",1
"Brown J.R.G.",1
"BROWN JM",1
"BROWN KK",1
"Brown P.E.",1
"BROWN PD",1
"Brown R.D.",1
"Brown R.J.",1
"BROWN RJ",1
"Brown S.C.",1
"BROWN SC",1
"BROWNE J",1
"BROWNE M",1
"BROWNING CARMO K",1
"Brownlow M.",1
"Brownlow M.A.",1
"BRUBAKER DK",1
"BRUCE ED",1
"Bruch D.",1
"Bruckner M.",1
"BRUE T",1
"BRUEHL S",1
"Bruehl S.",1
"BRUGADA J",1
"BRÜGGENWIRTH IMA",1
"BRUGGER H",1
"BRUMM AJ",1
"BRUMME K",1
"BRUNÁTOVÁ J",1
"BRUNEAU M",1
"Brunekreef B.",1
"Brunel L.",1
"BRUNELLO A",1
"BRUNER M",1
"BRUNER ML",1
"BRUNIUS C",1
"BRUNKAN E",1
"BRUNKER LK",1
"Brunn K.",1
"BRUNO E",1
"Bruno R.R.",1
"BRUNO RR",1
"BRUNTON N",1
"Bruscagnin C.",1
"BRUSCHI M",1
"BRUYNEEL L",1
"BRYAN BA",1
"BRYAN K",1
"Bryan L.",1
"BRYAN RINGEL J",1
"BRYANT K",1
"BRYK M",1
"BRYNER RW",1
"BRYNGELSSON IL",1
"BRYSON JR",1
"Bu L.",1
"Bu X.",1
"Bu Y.",1
"BUARI ZO",1
"BUBAN JMA",1
"BUBAŠ M",1
"BUCH S",1
"BUCHAN AM",1
"BUCHANAN BK",1
"BUCHANAN RRC",1
"BUCHER AM",1
"BÜCHERT M",1
"BUCHHEIT SF",1
"BUCHHOLZ J",1
"BUCHIBOYINA A",1
"BÜCKE P",1
"Bücke P.",1
"BÜCKER P",1
"Bücker P.",1
"BUCKLE A",1
"BUCKLEY B",1
"BUCKLEY R",1
"Budai A.",1
"BUDDEN KF",1
"BUDEIR I",1
"BUDINČEVIĆ H",1
"Budinčević H.",1
"Budiongan P.B.V.",1
"BUDZANOWSKI M",1
"BUENO CD",1
"BUENO LOPEZ C",1
"BUERGI L",1
"Bueso Navarro M.",1
"BUFFUM J",1
"Bugaeva M.S.",1
"BUGALLO-CASAL A",1
"Buguet A.",1
"BUGYEI-TWUM A",1
"Bugyei-Twum A.",1
"Buhl L.K.",1
"BUI HTM",1
"Bui Q.V.",1
"Bui T.A.",1
"BUISSON M",1
"BUJOREANU LG",1
"BUJOSA MATEU A",1
"Bujosa Mateu A.",1
"BUKIYA AN",1
"BULARGA A",1
"Bülbül E.",1
"BULDO EC",1
"BULKA CM",1
"BULL E",1
"Buller M.",1
"BULLER MJ",1
"BULLOCK R",1
"Bullock T.",1
"BULTERS D",1
"BULTSTRA A",1
"BUNKETORP-KÄLL L",1
"BUNTERNGCHIT C",1
"Bunya N.",1
"BUOITE STELLA A",1
"BUONANNO G",1
"BUONGIORNO L",1
"Buongiorno R.",1
"Bupesh Raja V.K.",1
"BURANT C",1
"Burden A.F.",1
"BURDET E",1
"BUREAU F",1
"Bureau F.",1
"Burger B.",1
"BURGER I",1
"BURGESS S",1
"BURGGREN WW",1
"BURGIN WS",1
"BURGIO F",1
"BURHAN M",1
"Burk B.G.",1
"BURK BG",1
"Burkart K.",1
"Burkart K.G.",1
"BURKART KG",1
"BURKE J",1
"BURKE M",1
"BURKHARDT JK",1
"Burkman G.",1
"BURKS E",1
"BURLINA A",1
"Burma J.S.",1
"BURNETT FN",1
"Burnett K.",1
"BURNETT NP",1
"BURNETT TA",1
"BURNIER M",1
"Burnier M.",1
"Burnol L.",1
"BURNS B",1
"BURNS D",1
"BURR J",1
"BURRAGE E",1
"Burrage E.",1
"Burroughs Peña M.S.",1
"BURROUGHS PEÑA MS",1
"Burrows W.R.",1
"BURSTEIN BJ",1
"BURTE E",1
"Burton E.",1
"Burton L.J.",1
"BURTON LJ",1
"Busarov I.S.",1
"Busch K.",1
"BUSHI G",1
"Bushnell C.",1
"Bushong L.C.",1
"BUSHONG LC",1
"BUSS DM",1
"BUSSMANN JBJ",1
"BUSTAMANTE D",1
"Buszman P.E.",1
"BUSZMAN PE",1
"BUSZMAN PP",1
"BUTEAU S",1
"Buteau S.",1
"BUTKE EE",1
"BUTLAND BK",1
"Butler C.",1
"BUTLER DS",1
"BUTLER J",1
"Butler J.",1
"BUTLER WE",1
"BUTOVSKAYA M",1
"Butt A.I.",1
"BUTT M",1
"Butt U.M.",1
"BUTTAR HS",1
"BUTTLER KJ",1
"Büttner P.",1
"BUUNK AM",1
"BUURKE JH",1
"BUWANIWAL A",1
"Buwaniwal A.",1
"BUXBAUM LJ",1
"BUXTON L",1
"BUYSSE DJ",1
"BÜYÜK B",1
"BUYUKAKILLI B",1
"BUZUNOV V",1
"BUZZI RM",1
"BWONG BA",1
"BYLES JE",1
"BYLICA D",1
"BYRAM BC",1
"BYRNE C",1
"Byrne C.P.",1
"BYRNE CP",1
"BYRNE D",1
"BYRNES J",1
"BYRUM S",1
"C HAN D",1
"Caan M.W.A.",1
"CABALLERO-CARVAJAL JA",1
"CABALLERO-MATEOS MJ",1
"CABALLERO FF",1
"CABAN-MARTINEZ AJ",1
"CABAN-RIVERA DA",1
"CABANISS TL",1
"CABELEIRA M",1
"CABIESES B",1
"CABIZOSU A",1
"Cable J.",1
"CABRERA-MARTOS I",1
"CABRERA-RIVERA LT",1
"CABRERA S",1
"Cabrucci F.",1
"CACCIANTE L",1
"Cacciapuoti F.",1
"CACCIOTTOLO M",1
"CACHEFFO A",1
"CACOVEANU M",1
"Caddy H.T.",1
"CADDY HT",1
"CADE D",1
"CADEDDU C",1
"CADEMARTIRI F",1
"Cadena A.J.",1
"Cadri V.",1
"CAETANO G",1
"Cafiero C.",1
"Caggiula A.",1
"CAHAN N",1
"Cai G.",1
"Cai H.",1
"Cai N.",1
"Cai Q.",1
"Cai S.",1
"CAI TJ",1
"CAI TX",1
"Cai W.",1
"CAI YW",1
"CAI YY",1
"Cail R.C.",1
"CAIN MT",1
"CAINZOS-ACHIRICA M",1
"CAIRNCROSS E",1
"CAIT A",1
"CAIT J",1
"ÇAKAN D",1
"CAKMAK S",1
"Çakmak S.",1
"CALABRESE ED",1
"Calabrese F.M.",1
"CALABRESI P",1
"Calafiore A.M.",1
"CALAMANTE F",1
"Calame D.",1
"CALASTRINI F",1
"CALATRONI M",1
"CALCAGNO S",1
"CALCEI JG",1
"CALDARI D",1
"Caldas G.G.",1
"CALDAS GG",1
"CALDERÓN-GARCIDUEÑAS L",1
"CALDERÓN AGUDO O",1
"CALDWELL JR",1
"Caldwell M.",1
"CALEY L",1
"CALHOUN DH",1
"CALIGIURI ME",1
"CALIK KBT",1
"CALISKAN GUZELCE E",1
"CALISKAN H",1
"CALISKAN PALA S",1
"CALL E",1
"CALLAS P",1
"Callaway C.W.",1
"CALLAWAY CW",1
"CALLEJA AGIUS J",1
"CALLEJA CABALLERO A",1
"CALLEJA J",1
"CALLENS M",1
"CALORI G",1
"CALVACHE-MATEO A",1
"CALVANI R",1
"Calvario Parra J.E.",1
"CALVERT D",1
"CALVET J",1
"Calvi E.",1
"CALVO J",1
"CALYS-TAGOE B",1
"CALZONI T",1
"CAMA A",1
"CAMACHO-DELACRUZ AA",1
"CAMACHO A",1
"CAMARA M",1
"Camargo A.",1
"CAMARGO CA",1
"Camargo L.L.",1
"CAMBOURNAC M",1
"Cambournac M.",1
"CAMERON DE",1
"CAMERON HL",1
"CAMICIOLI R",1
"Camino-Faillace P.A.",1
"CAMLET K",1
"Camlet K.",1
"Campa F.J.",1
"CAMPAGNOL M",1
"CAMPANA M",1
"CAMPBELL-WASHBURN AE",1
"CAMPBELL N",1
"CAMPBELL P",1
"CAMPEAU NG",1
"CAMPEN CJ",1
"Campo D.",1
"CAMPONE C",1
"CAMPOS L",1
"Campos L.",1
"CAMPS-RENOM P",1
"CAN S",1
"CAN W",1
"Can Yilmaz A.",1
"CANAL CG",1
"Canbek İ.",1
"CANCAREVIC I",1
"CANCEL G",1
"Cancella De Abreu M.",1
"CANCHI T",1
"CANDAL C",1
"CANDAMO-LOURIDO M",1
"Candel B.G.",1
"Candiani V.",1
"CANDIANO G",1
"CANECKI VARŽIĆ S",1
"Canet E.",1
"Canjels L.P.W.",1
"CANJELS LPW",1
"CANNING M",1
"CANNISTRACI R",1
"CÁNOVAS D",1
"CANTARERO F",1
"CANTARERO K",1
"Cantiani A.",1
"CANTONE L",1
"Cantone L.",1
"CANTÚ-BRITO C",1
"CANTU R",1
"CANUTO S",1
"CANZANO S",1
"CANZONIERO Z",1
"CAO A",1
"Cao A.",1
"Cao B.",1
"CAO C",1
"CAO D",1
"Cao F.",1
"CAO JY",1
"CAO L",1
"Cao N.",1
"CAO P",1
"Cao Q.",1
"CAO QM",1
"Cao R.",1
"CAO T",1
"Cao W.",1
"CAO XY",1
"CAO YR",1
"CAO YS",1
"CAO ZY",1
"CAPAK K",1
"CAPEL C",1
"CAPITANESCU R",1
"CAPITANIO L",1
"Capitanio L.",1
"CAPLAN J",1
"Caplan L.R.",1
"Caplan R.A.",1
"Capoccia M.",1
"Capodaglio P.",1
"CAPON A",1
"CAPONNETTO M",1
"CAPORALE A",1
"CAPPELLARI M",1
"Cappellari M.",1
"CAPPELLI K",1
"CAPPELLINI L",1
"CAPPELLO J",1
"CAPPELLO V",1
"CAPRARA ALF",1
"CAPRINI M",1
"CAPUA T",1
"Caradec E.",1
"CARAWAY JJ",1
"Carballo D.",1
"CARBONARO R",1
"CARBONE S",1
"Carbonell-Sanromà E.",1
"CARBONERA LA",1
"CARCEL-MARQUEZ J",1
"CARDEN R",1
"Cárdenas G.",1
"CÁRDENAS MLP",1
"CARDENAS N",1
"Cárdenas O.L.",1
"CÁRDENAS S",1
"CARDIM D",1
"CARDONA P",1
"Cardone M.",1
"CARDOSO C",1
"CARDOSO MR",1
"CARDOSO R",1
"Cardozo C.F.",1
"Carelse N.Z.",1
"CAREMANI M",1
"CARENZO L",1
"Carey J.",1
"Caricato A.",1
"CARICATO P",1
"CARIDI G",1
"CARIELLO FP",1
"CARIÑANOS P",1
"Cariou B.",1
"CARL B",1
"CARLBERG K",1
"CARLIN K",1
"CARLINO G",1
"Carlos J.",1
"Carlos L.H.J.",1
"Carlsen H.K.",1
"CARLSON AK",1
"CARLSON AP",1
"CARLSON JN",1
"CARLSON MC",1
"CARLSSON G",1
"CARLSSON M",1
"Carlstrom L.P.",1
"CARLSTROM LP",1
"CARMELIET G",1
"CARMICHAEL O",1
"CARMICHAEL ST",1
"CARNELL E",1
"CARNETHON MR",1
"Carnevale C.",1
"CARNEVALE M",1
"CARO R",1
"Caroff J.",1
"Caroff S.N.",1
"CARON A",1
"CARON P",1
"CARONNI A",1
"Caronni A.",1
"CARP SA",1
"CARPENTER CRT",1
"CARPINELLA I",1
"CARR CM",1
"Carr J.M.J.R.",1
"Carr K.",1
"CARR S",1
"CARR W",1
"CARRARA G",1
"CARRASCO-HERNANDEZ JP",1
"CARREGARO AB",1
"Carrera I.",1
"CARRERAS F",1
"CARRERAS G",1
"Carresi C.",1
"CARRIER A",1
"CARRIÈRE I",1
"CARRIERO M",1
"CARRILLO-LARCO RM",1
"CARRILLO MC",1
"CARRIZOSA J",1
"CARRIZZO A",1
"CARROLL E",1
"CARRON M",1
"CARSON-CHAHHOUD K",1
"CARTER G",1
"Carter H.H.",1
"CARTER S",1
"Carter S.",1
"Carter S.E.",1
"CARTIER A",1
"CARTIER RA",1
"CARUGNO M",1
"CARUSO D",1
"CARUSO F",1
"CARVALHO DD",1
"CARVALHO H",1
"Carvalho H.",1
"CARVALHO LDG",1
"CARVALHO O",1
"CARVER A",1
"Carver A.",1
"CARVER C",1
"Cary C.M.",1
"CARY L",1
"CASAFONT-SOLÉ I",1
"CASAL B",1
"Casal B.",1
"CASAS-ALVARADO A",1
"Casas-Alvarado A.",1
"Casas A.I.",1
"CASASNOVAS JA",1
"CASCARDI E",1
"CASCAVITA C",1
"CASE E",1
"CASERÍO S",1
"CASETTA I",1
"CASKEY F",1
"Caso V.",1
"CASSAN P",1
"CASSIDY JM",1
"CASSIDY T",1
"Cassidy T.",1
"Cassier-Woidasky A.K.",1
"CASTAGNA C",1
"CASTAGNE S",1
"CASTALDI S",1
"CASTAÑEDA S",1
"CASTAÑEDA VOZMEDIANO R",1
"CASTAÑÓN L",1
"CASTEL-LACANAL E",1
"CASTEL H",1
"CASTELLANO-DOMÍNGUEZ JM",1
"CASTELLANO M",1
"CASTELLANOS M",1
"CASTELVECCHIO S",1
"CASTILLO-PINTO C",1
"Castillo A.Q.",1
"CASTILLO AL",1
"CASTILLO EF",1
"Castillo M.D.",1
"Castillo Y.",1
"CASTINETTI F",1
"CASTNER CF",1
"Castrillo V.S.",1
"Castro-Urda V.",1
"Castro-Varela A.",1
"Castro L.M.C.",1
"Castro S.A.",1
"CASTRO SA",1
"CATALANI S",1
"CATALANO L",1
"CATAPANO F",1
"CATES J",1
"CATES VC",1
"Catherine J.",1
"CATON K",1
"CATTANEO G",1
"Cattaneo G.F.M.",1
"CATTANEO GF",1
"CATTANI-CAVALIERI I",1
"Cattani-Cavalieri I.",1
"CATTANI G",1
"CATZIN-KUHLMANN A",1
"CAU R",1
"Cau R.",1
"CAUBLE E",1
"CAUDELL JJ",1
"CAUGHEY MC",1
"CAULEY SF",1
"CAULO M",1
"CAUSEY K",1
"CAVALIERE C",1
"CAVALLARO M",1
"Cavallaro M.",1
"CAVALLO AU",1
"CAVALLO FR",1
"CAWDELL-SMITH AJ",1
"CAYTON K",1
"Cayton K.",1
"CAZZATO G",1
"Ce Z.",1
"CEBE T",1
"CEBECI H",1
"CEBERINO MUÑOZ D",1
"CECCHI P",1
"CECCHINI G",1
"CEDEÑO MV",1
"Cederholm T.",1
"Cedernaes J.",1
"CEDERROTH CR",1
"Cedillo-Pozos A.",1
"Çelebier M.",1
"CELEDONIO JE",1
"CELERMAJER DS",1
"CELESTIN K",1
"CELIENTO M",1
"Celik A.",1
"CELIK E",1
"ÇELIK Ü",1
"CELIK Y",1
"ÇELIKTEN AE",1
"CELLER BG",1
"ÇELTIKÇI E",1
"CEN H",1
"Cen P.",1
"CEN W",1
"Cen Y.",1
"CENARRO A",1
"CENTNER FS",1
"CENZATO M",1
"CERBAI E",1
"CERCEL A",1
"Céré C.",1
"CEREJO R",1
"CERESA IF",1
"Ceric A.",1
"CERIELLO A",1
"CERN A",1
"Cerna-Turoff I.",1
"CERNUDA MARTÍNEZ JA",1
"ČERNÝ M",1
"CERQUEIRA J",1
"CERRI S",1
"Cerullo C.",1
"CERVANTES-ARSLANIAN AM",1
"CERVELLIN G",1
"CERVINO M",1
"CERVO A",1
"CESANA G",1
"Cesilla de Souza L.",1
"ÇETIN FE",1
"CETIN M",1
"Cetin M.",1
"ÇETINARSLAN Ö",1
"Çetinarslan Ö.",1
"CETINKAYA H",1
"CETTI F",1
"CEVALLOS A",1
"Çevrim K.",1
"CH'NG ASH",1
"Cha B.",1
"CHA H",1
"CHA JH",1
"Chaban V.V.",1
"CHABIN D",1
"CHACON M",1
"CHADDAD-NETO F",1
"CHADWICK P",1
"CHAE K",1
"Chae S.M.",1
"CHAE SM",1
"Chafranska L.",1
"CHAHAL P",1
"Chai C.",1
"CHAI F",1
"CHAI G",1
"Chai H.",1
"Chai M.",1
"CHAI P",1
"CHAI SC",1
"CHAI Y",1
"Chai Z.",1
"Chaimala N.",1
"Chaithra S.",1
"Chaiton M.",1
"Chakchouk M.A.",1
"Chaki S.",1
"Chakif D.",1
"CHAKIR A",1
"Chakraborty D.",1
"CHAKRABORTY R",1
"CHAKRAVARTTY R",1
"CHAKRAVARTY K",1
"CHAKRAVARTY M",1
"CHAKRAVORTY S",1
"Chakwizira A.",1
"CHALARD K",1
"Chalet L.",1
"CHALET LRR",1
"CHALMERS J",1
"CHAMBERS L",1
"Chambers S.N.",1
"CHAMP-RIGOT L",1
"Chan A.T.",1
"Chan C.C.Y.",1
"CHAN CC",1
"CHAN DYC",1
"Chan G.A.",1
"CHAN GCK",1
"Chan K.P.F.",1
"CHAN KF",1
"CHAN KP",1
"CHAN KWY",1
"CHAN L",1
"CHAN LP",1
"CHAN N",1
"Chan P.E.",1
"CHAN PCK",1
"CHAN PW",1
"Chan S.H.T.",1
"CHAN TC",1
"CHAN VEY",1
"CHAN W",1
"CHAN WP",1
"CHAN YH",1
"CHAND S.M.",1
"CHANDRA R",1
"CHANDRA RV",1
"CHANDRACHARI KP",1
"CHANDRAN A",1
"Chandran R.",1
"Chandrasekaran T.",1
"Chandrasekhar G.",1
"Chandrasekharyadav Y.",1
"Chandrashekar T.",1
"Chandravanshi A.",1
"CHANES N",1
"Chang A.Y.",1
"Chang B.Y.",1
"CHANG BG",1
"Chang C.",1
"Chang C.H.",1
"Chang C.M.",1
"CHANG CK",1
"CHANG CW",1
"Chang H.C.H.",1
"Chang H.S.",1
"CHANG HM",1
"CHANG HS",1
"Chang J.C.J.",1
"CHANG JW",1
"CHANG JY",1
"CHANG KS",1
"CHANG L",1
"CHANG LC",1
"CHANG MH",1
"CHANG NC",1
"CHANG P",1
"Chang P.C.",1
"Chang P.W.",1
"CHANG PY",1
"CHANG Q",1
"Chang R.W.",1
"CHANG S",1
"CHANG SC",1
"CHANG T",1
"CHANG TJ",1
"Chang W.Q.",1
"Chang W.Y.",1
"Chang X.d.",1
"Chang Y.C.",1
"CHANGA AR",1
"CHANGEZ MIK",1
"CHANQUES G",1
"CHANSON P",1
"Chansoria M.",1
"Chanti S.",1
"CHANTRY A",1
"CHANYAGORN P",1
"CHAO H",1
"CHAO J",1
"Chao K.H.",1
"CHAO L",1
"CHAO LC",1
"CHAO NJ",1
"Chao T.F.",1
"CHAO TC",1
"CHAO TS",1
"CHAO TY",1
"Chao W.",1
"CHAO Y",1
"Chapin E.L.",1
"CHAPMAN CL",1
"CHAPMAN L",1
"CHAPMAN S",1
"CHAPPELL F",1
"Charalambous C.C.",1
"CHARALAMPOUS P",1
"CHARATCHAROENWITTHAYA P",1
"CHARATPANGOON P",1
"CHARKIEWICZ AE",1
"Charles J.H.",1
"CHARLES SL",1
"CHARLTON NP",1
"CHARLTON PH",1
"CHARPENTIER AM",1
"CHARRIER I",1
"CHARVAT H",1
"CHARY A",1
"CHASELING G",1
"Chaseling G.K.",1
"CHASIKIDIS C",1
"CHATAGNON A",1
"CHATEIL JF",1
"CHATENOUD L",1
"Chatfield L.T.",1
"CHATTERJEE A",1
"CHATTERJEE S",1
"Chatterjee S.",1
"CHATTIPAKORN N",1
"CHATTIPAKORN SC",1
"CHATTOPADHYAY P",1
"CHATTOPADHYAYA S",1
"Chaturvedi A.",1
"Chatzis G.",1
"CHAU JHC",1
"CHAU L",1
"Chau L.",1
"CHAU NQ",1
"CHAU PH",1
"Chau T.T.",1
"CHAU TT",1
"Chau V.T.",1
"CHAUDHARI AS",1
"Chaudhari K.",1
"Chaudhary F.",1
"CHAUDHARY MA",1
"CHAUDHARY N",1
"CHAUDHARY NS",1
"Chaudhary P.",1
"Chaudhary R.",1
"CHAUDHRY D",1
"Chaudhry D.",1
"Chaudhuri D.",1
"CHAUDHURY P",1
"CHAUHAN AK",1
"CHAUHAN G",1
"Chauhan R.",1
"CHAUHAN SS",1
"Chauhan V.",1
"Chaulin A.M.",1
"CHAURASIYA PK",1
"Chauveau F.",1
"CHAUVIERRE C",1
"Chavan V.",1
"CHAVARRÍA D",1
"Chaves J.C.S.",1
"CHAWLA NS",1
"Chawla R.",1
"Chawla T.",1
"CHAYRE A",1
"CHE B",1
"Che B.",1
"CHE F",1
"Che F.",1
"Che L.",1
"Che R.",1
"CHE W",1
"Che X.",1
"Chebattina K.R.R.",1
"CHEBBI AF",1
"CHECCO JW",1
"CHECCUCCI C",1
"Cheema R.",1
"CHEEMA S",1
"CHEKURI B",1
"Cheleuitte-Nieves C.",1
"CHEN A",1
"Chen A.",1
"Chen A.F.",1
"Chen A.I.",1
"CHEN AM",1
"Chen B.A.",1
"CHEN BE",1
"CHEN BF",1
"Chen C.H.",1
"Chen C.T.",1
"Chen C.Y.",1
"CHEN CC",1
"CHEN CF",1
"CHEN CH",1
"CHEN CL",1
"CHEN CW",1
"Chen D.D.",1
"Chen D.Y.T.",1
"CHEN DH",1
"CHEN DYT",1
"Chen E.",1
"CHEN EP",1
"CHEN FJ",1
"CHEN FR",1
"Chen H.A.",1
"CHen H.H.",1
"Chen H.J.",1
"Chen H.K.",1
"Chen H.S.",1
"Chen H.Y.",1
"CHEN HH",1
"CHEN HL",1
"CHEN HM",1
"CHEN HS",1
"Chen J.C.",1
"Chen J.F.",1
"Chen J.H.",1
"Chen J.P.",1
"Chen J.Y.",1
"CHEN JF",1
"CHEN JH",1
"CHEN JK",1
"CHEN JT",1
"CHEN JW",1
"Chen K.S.",1
"Chen K.W.",1
"CHEN KB",1
"CHEN KH",1
"CHEN KS",1
"CHEN KT",1
"CHEN LF",1
"CHEN LQ",1
"CHEN LX",1
"Chen M.W.",1
"CHEN MS",1
"CHEN MW",1
"Chen N.",1
"Chen P.C.",1
"CHEN PM",1
"Chen Q.F.",1
"CHEN QF",1
"CHEN RL",1
"Chen S.J.",1
"Chen S.Q.",1
"CHEN SC",1
"CHEN SD",1
"CHEN SF",1
"CHEN SH",1
"CHEN SJ",1
"CHEN SL",1
"CHEN SY",1
"Chen W.D.",1
"CHEN WJ",1
"CHEN WL",1
"CHEN WX",1
"Chen X.F.",1
"Chen X.J.",1
"Chen Y.A.",1
"Chen Y.C.",1
"Chen Y.X.",1
"CHEN YJ",1
"CHEN YK",1
"CHEN YM",1
"CHEN YP",1
"CHEN YS",1
"Chen Z.H.",1
"Chen Z.Q.",1
"CHEN ZB",1
"CHEN ZY",1
"CHENEY D",1
"Cheng A.S.“.",1
"CHENG AX",1
"CHENG BJ",1
"Cheng C.C.",1
"Cheng C.H.",1
"Cheng C.Y.",1
"CHENG FJ",1
"CHENG HC",1
"CHENG HM",1
"CHENG JL",1
"Cheng K.",1
"CHENG KL",1
"Cheng L.",1
"CHENG LH",1
"CHENG M",1
"Cheng M.",1
"CHENG MC",1
"Cheng N.",1
"Cheng P.",1
"CHENG PY",1
"CHENG R",1
"CHENG SE",1
"CHENG T",1
"Cheng T.",1
"Cheng T.Y.",1
"CHENG TJ",1
"CHENG TW",1
"Cheng W.Y.Y.",1
"Cheng X.",1
"CHENG XW",1
"CHENG XY",1
"Cheng Y.J.",1
"CHENG YS",1
"CHENG ZJ",1
"Chengming W.",1
"Chengxin Z.",1
"CHENNAKESAVULU K",1
"Cheo S.W.",1
"CHEON-PYUNG PM",1
"CHEON JE",1
"Cheong E.N.",1
"CHEONG JLY",1
"CHEONG JW",1
"CHEONG KH",1
"CHERCHI MS",1
"CHERENKO TM",1
"Cherevashchenko L.A.",1
"CHERIAN M",1
"CHERIE A",1
"CHERN JS",1
"Chernousov A.",1
"CHERNYSHOVA EV",1
"CHERUBIM C",1
"Cherubim C.",1
"Chervov V.V.",1
"Cheshire W.P.",1
"CHESI G",1
"Chesini F.",1
"Chetram D.K.",1
"CHETTA JA",1
"CHETTRI P",1
"CHETTY K",1
"CHEUNG E",1
"CHEUNG M",1
"Cheung M.Y.",1
"CHEUNG NW",1
"CHEUNGPASITPORN W",1
"CHEVALLIER O",1
"CHEW LY",1
"CHEW MS",1
"CHEWCHARAT A",1
"CHHABRA AS",1
"CHHABRA R",1
"CHHAJLANY R",1
"Chhetri R.",1
"Chi-lie L.J.",1
"Chi O.Z.",1
"CHI R",1
"Chi R.",1
"Chi X.",1
"CHI Y",1
"CHIA J",1
"CHIA YC",1
"CHIAM K",1
"Chiamvimonvat N.",1
"Chiang M.H.",1
"CHIANG MC",1
"CHIANG MH",1
"CHIANG PL",1
"CHIARADIA E",1
"CHIARELLI AM",1
"Chiarello D.",1
"CHIARENZA DS",1
"CHIBISOV S",1
"CHICHE L",1
"Chidambaram A.R.",1
"CHIDAMBARANATHAN B",1
"Chien C.F.",1
"CHIEN CY",1
"Chien N.Q.",1
"Chien S.C.",1
"CHIEN WC",1
"CHIEN YS",1
"Chieng D.",1
"CHIERCHIA GB",1
"Chiew Y.R.",1
"CHIEWVIT P",1
"Chigri A.",1
"CHIHARA H",1
"CHIHI M",1
"Chilakala S.K.",1
"CHILDERS R",1
"CHILLEMI G",1
"CHILLRUD LG",1
"CHIN HL",1
"Chin J.W.",1
"Chinchkar D.S.",1
"CHINDO BA",1
"CHINTALA V",1
"CHINTHRAJAH RS",1
"Chiossi G.",1
"CHIOU HJ",1
"CHIOUA M",1
"Chipongo H.",1
"Chiranjeevi M.",1
"CHIRAPONGSATHORN S",1
"CHIRUMBOLO S",1
"Chirumbolo S.",1
"CHISWELL K",1
"Chithra R.B.",1
"CHITU Z",1
"Chitu Z.",1
"CHIU EC",1
"CHIU HW",1
"CHIU IM",1
"CHIU TY",1
"Chiu W.T.",1
"Chiu Y.C.",1
"Chiu Y.T.",1
"CHIU YC",1
"CHIU YH",1
"CHIU YT",1
"Chivardi C.",1
"CHIZHIKOV VV",1
"CHLOPICKI S",1
"Cho A.",1
"Cho A.R.",1
"Cho B.P.H.",1
"CHO CG",1
"CHO E",1
"Cho E.",1
"CHO EE",1
"Cho H.",1
"CHO HJ",1
"CHO JI",1
"CHO JW",1
"CHO M",1
"CHO SJ",1
"CHO SM",1
"CHO TH",1
"CHOCK VY",1
"CHODZYŃSKI KJ",1
"CHOI BY",1
"CHOI C",1
"Choi C.T.M.",1
"CHOI DW",1
"Choi E.S.",1
"CHOI EH",1
"CHOI ES",1
"CHOI H",1
"Choi H.",1
"Choi H.R.",1
"CHOI HG",1
"CHOI HR",1
"Choi I.",1
"Choi J.",1
"Choi J.G.",1
"Choi J.H.",1
"Choi J.S.",1
"Choi J.Y.",1
"CHOI JC",1
"CHOI JG",1
"CHOI JM",1
"CHOI M",1
"Choi M.",1
"Choi M.H.",1
"CHOI MH",1
"Choi S.",1
"CHOI Y",1
"Choi Y.",1
"Choi Y.A.",1
"Choi Y.N.C.",1
"Chokkalla A.K.",1
"CHOKKALLA AK",1
"CHOKSHI RV",1
"CHOLETTE JM",1
"CHOLLET L",1
"CHON KH",1
"Chondrou A.P.",1
"CHONG KC",1
"CHONG SN",1
"CHOO HJ",1
"CHOOBINEH S",1
"CHOOK P",1
"CHORNYY S.",1
"CHOSA E",1
"CHOTERATTANASIRI J",1
"CHOTMONGKOL V",1
"CHOU CC",1
"CHOU CL",1
"Chou E.H.",1
"Chou K.N.",1
"CHOU KN",1
"CHOU SH",1
"Chou T.H.",1
"CHOU TH",1
"CHOU WC",1
"CHOUDHRI TF",1
"Choudhury H.K.",1
"CHOUDHURY RP",1
"Chougar L.",1
"CHOUHAN R",1
"CHOUPAN J",1
"CHOUSTERMAN BG",1
"CHOW A",1
"CHOW CK",1
"CHOW FC",1
"CHOW K",1
"CHOW SF",1
"CHOWDHARY CL",1
"CHOWDHURY AD",1
"CHOWDHURY D",1
"CHOWDHURY MBH",1
"CHOWDHURY R",1
"CHOWDHURY RA",1
"CHOWDHURY S",1
"Chowdhury S.H.",1
"Chowdhury S.S.",1
"CHOWDHURY Z",1
"Chowlur S.",1
"Chowsilpa S.",1
"CHRAIBI M",1
"CHRIGUI M",1
"CHRISTENSEN AP",1
"CHRISTENSEN DM",1
"CHRISTENSEN H",1
"Christensen J.",1
"CHRISTENSEN S",1
"CHRISTENSEN SH",1
"CHRISTENSEN T",1
"CHRISTENSON J",1
"CHRISTJANSEN MH",1
"CHRISTMAN Z",1
"CHRISTOFORATOU E",1
"CHRISTOPHER SELVAM D",1
"Christopher Selvam D.",1
"CHRISTOPOULOS V",1
"Christou G.A.",1
"Christy J.V.",1
"CHRZĄSZCZ P",1
"CHU B",1
"CHU C",1
"CHU J",1
"Chu J.",1
"CHU M",1
"CHU MW",1
"CHU N",1
"CHU P",1
"Chu Q.",1
"CHU S",1
"CHU T",1
"CHU W",1
"CHU WC",1
"CHU X",1
"CHU Y",1
"Chu Y.H.",1
"CHU Z",1
"CHUA WJ",1
"CHUA ZX",1
"Chuai X.",1
"CHUANFEN L",1
"Chuanfen L.",1
"CHUANG HC",1
"Chuang S.H.",1
"CHUANG TW",1
"CHUANG TY",1
"Chuanhao F.",1
"CHUBAROVA MA",1
"Chudasama Y.V.",1
"CHUDASAMA YV",1
"CHUI J",1
"CHUKWUONYE II",1
"CHUMAK T",1
"Chun B.",1
"Chun H.",1
"CHUN HY",1
"CHUN JK",1
"CHUN JKR",1
"CHUN KRJ",1
"CHUNG-HALL J",1
"Chung C.S.",1
"CHUNG CC",1
"CHUNG CH",1
"CHUNG CS",1
"Chung H.",1
"CHUNG HW",1
"Chung J.J.",1
"CHUNG JCY",1
"CHUNG JY",1
"CHUNG KC",1
"CHUNG KJ",1
"Chung M.M.",1
"CHUNG MH",1
"CHUNG ML",1
"CHUNG MY",1
"CHUNG RT",1
"CHUNG S",1
"Chung S.P.",1
"CHUNG SM",1
"CHUNG WY",1
"CHUNHUA W",1
"CHURCH TR",1
"CHURPEK MM",1
"CHUVALO-ABRAHAM J",1
"Chuykova P.",1
"Chuykova P.O.",1
"CHY B",1
"Chyzh M.O.",1
"Ciampolini M.",1
"CIARDULLO S",1
"Ciardullo S.",1
"CIBOROWSKI H",1
"CIBRIÁN ORTIZ DE ANDA RM",1
"CICCARELLI O",1
"Cicci K.R.",1
"CICCI KR",1
"CICCONE A",1
"CICERO AFG",1
"CICHOCKI A",1
"Cicirelli V.",1
"Cielebąk K.",1
"CIELEN N",1
"Cifuentes M.A.",1
"Cihan Ö.",1
"Çilgin E.",1
"Çılğın E.",1
"CILLUFFO G",1
"Cimino-Fiallos N.",1
"CIOBOATA R",1
"Cioboata R.",1
"CIOMAG IANULA R",1
"CIOTTONE G",1
"CIRAMI L",1
"Cirillo M.",1
"CIRIO J",1
"CISEK K",1
"CISOWSKI M",1
"CISSÉ G",1
"CISTERNINO S",1
"CISTOLA D",1
"Ciumas C.",1
"Ciusa G.",1
"CIVEIRA F",1
"CIVELEK Y",1
"Çiyiltepe H.",1
"CLAASSEN J",1
"CLAASSEN JA",1
"CLAGGETT B",1
"CLAGGETT BL",1
"Clair C.A.",1
"CLAIR CA",1
"Clancy U.",1
"CLARENÇON F",1
"Clark A.E.",1
"CLARK AB",1
"CLARK B",1
"Clark C.E.",1
"CLARK DP",1
"CLARK G",1
"Clark G.",1
"Clark I.A.",1
"Clark J.C.",1
"CLARK SN",1
"CLARKE R",1
"CLAUDI C",1
"CLAUS HENN B",1
"CLAUS P",1
"Clausel T.T.B.",1
"CLAUSSEN T",1
"CLAVÉ P",1
"Clay B.",1
"CLAYDON VE",1
"Clayton J.A.",1
"CLAZIA E",1
"Cleary M.A.",1
"CLEMENS KK",1
"CLÉMENT M",1
"Clementi L.",1
"CLEMENTS RG",1
"CLÈRIES M",1
"Clevas C.J.",1
"CLIFFORD HS",1
"CLIFTON-HADLEY L",1
"CLIMANS SA",1
"Climent H.",1
"CLOUD GC",1
"CLUMP DA",1
"COA AA",1
"COBBINAH AI",1
"COBLENTZ T",1
"Cocca S.",1
"COCCIA A",1
"COCH C",1
"COCHARD L",1
"COCKSHUTT A",1
"Coclite A.",1
"Codina P.",1
"COELHO DH",1
"COELHO M",1
"Coez A.",1
"COFFIN PO",1
"COGLITORE A",1
"COGSWELL VJ",1
"COHEN-RONEN N",1
"COHEN-VAIZER A",1
"COHEN D",1
"Cohen D.E.",1
"Cohen D.J.F.",1
"COHEN DA",1
"COHEN DJF",1
"COHEN G",1
"Cohen G.",1
"COHEN H",1
"COHEN MC",1
"COHEN N",1
"COHEN P",1
"Cohenour T.",1
"Coiado O.C.",1
"COIADO OC",1
"COIS A",1
"Cojocaru V.",1
"Cola P.C.",1
"COLAIZY TT",1
"ÇOLAK E",1
"COLANTUONO P",1
"Colantuono P.",1
"COLAVECCHIA AC",1
"COLBERT C",1
"Colbert C.M.",1
"Colbeth H.L.",1
"COLE SA",1
"Colebank M.J.",1
"COLEMAN A",1
"Coleman J.",1
"COLEMAN KA",1
"Coleman S.R.",1
"COLEN C",1
"Colenbier N.",1
"COLES J",1
"COLGATE B",1
"COLICINO E",1
"COLISTRO V",1
"COLLANTES ME",1
"COLLAZO-RIOBÓ C",1
"COLLET JP",1
"COLLI A",1
"COLLINS GS",1
"COLLINS JE",1
"COLLINS MA",1
"COLLINS MM",1
"COLLINS R",1
"COLLINS YC",1
"Çöllüoğlu T.",1
"COLOIGNER J",1
"COLOMAR F",1
"COLOMBO C",1
"Colombo E.",1
"COLOMBO G",1
"COLORADO RA",1
"COLOSIMO C",1
"COLOSIO AL",1
"COLSON K",1
"COLTON BRAMWELL R",1
"COLUCCI G",1
"COLWELL B",1
"COMĂNECI RI",1
"COMAS-CUFÍ M",1
"COMAS MV",1
"Combary A.",1
"COMBES SA",1
"COMBS SE",1
"COMBY PO",1
"COMIN CH",1
"COMMÈRE P",1
"COMPÈRE V",1
"COMSTOCK B",1
"CONANT M",1
"CONATY SJ",1
"CONDELLO G",1
"Condello I.",1
"CONDESSA L",1
"Conesa-Peraleja M.B.",1
"CONFORTO AB",1
"CONG C",1
"CONG J",1
"Cong J.",1
"Cong L.",1
"CONG S",1
"Cong Y.",1
"CONLEY CR",1
"Conley K.",1
"CONLEY S",1
"CONLON KC",1
"CONNEELY KN",1
"CONNELLY A",1
"CONNELLY T",1
"Conner C.M.",1
"Connolly D.",1
"CONNOR M",1
"Conrad K.",1
"CONRAD NJ",1
"CONROY-BEAM D",1
"CONSALES A",1
"CONSOLI A",1
"Consonni F.M.",1
"CONSTANT DIT BEAUFILS P",1
"Constantin S.",1
"CONSTANTINI K",1
"CONTI E",1
"CONTI L",1
"CONTIJOCH F",1
"CONTRERAS-GRADUÑO J",1
"CONTRERAS-MERINO AM",1
"CONTRERAS J",1
"CONTRERAS LM",1
"Contreras M.",1
"CONWAY B",1
"Conway C.",1
"CONYERS R",1
"Cook D.N.",1
"COOK DJ",1
"COOK JR",1
"COOK KR",1
"COOK M",1
"COOLEN ACC",1
"COOLEY R",1
"COOMBE HE",1
"COOMBS G",1
"COON EA",1
"COONEY R",1
"Cooper E.",1
"COOPER ER",1
"COOPER LA",1
"COOPER M",1
"COOPER ZD",1
"COOPERSMITH CM",1
"COPES R",1
"COPPALINI G",1
"CORA AE",1
"CORBETTA M",1
"CORBIN D",1
"Corbo D.",1
"CORBO M",1
"CORCHERO JL",1
"Corcostegui S.P.",1
"CORCUERA HOTZ I",1
"Corda M.O.",1
"CORDERO-GRANDE L",1
"CORDIER A",1
"CÓRDOBA A",1
"CORDONNIER C",1
"Cordtz R.F.",1
"CORI L",1
"CORIAT C",1
"CORINO VDA",1
"CORKILL R",1
"Corlateanu A.",1
"CORNEA CM",1
"CORNEC G",1
"Cornec G.",1
"CORNELISSEN B",1
"CORNELISSEN G",1
"CORNELISSEN GUILLAUME G",1
"Cornwall W.",1
"COROMINAS H",1
"Corozolla W.",1
"CORR SJ",1
"Corral-Gómez L.",1
"Correa-Paz C.",1
"Corrêa D.G.",1
"CORREA JJ",1
"CORREDOR A",1
"Correia C.",1
"Correia P.",1
"CORREIA RH",1
"Corrias G.",1
"CORRIERO AC",1
"CORRY KA",1
"Corsi D.J.",1
"CORSI DJ",1
"CORSINI A",1
"Corsino Cortez C.M.",1
"Corso M.",1
"CORTES-RAMIREZ J",1
"CORTÉS-VALENCIA A",1
"CORTES EG",1
"Cortese F.",1
"CORTINI B",1
"Corvetto J.F.",1
"CORVETTO JF",1
"CORVI A",1
"COŞKUN A",1
"Coskun C.",1
"Coskun G.",1
"Coşman S.",1
"COSOTTINI M",1
"COSSU C",1
"Costa A.",1
"COSTA AF",1
"COSTA AP",1
"Costa J.G.",1
"COSTA LAR",1
"COSTA LDF",1
"Costanzo M.",1
"COSTANZO S",1
"Coste T.",1
"COSTELLO BT",1
"COSTELLO JT",1
"COSTELLO S",1
"COTAS J",1
"CÔTÉ P",1
"COTE SL",1
"COTTEN L",1
"COTTENET J",1
"COTTONE G",1
"COTTRELL CE",1
"COUCHA M",1
"Couchoud C.",1
"Couderc S.",1
"COUDERT A",1
"COUET J",1
"COUILLARD P",1
"COULL B",1
"Coull B.A.",1
"COULSON JM",1
"Coulter R.",1
"COUNSELL SJ",1
"Country M.W.",1
"COUNTRY MW",1
"COUPLAND K",1
"COURSON R",1
"Couto F.T.",1
"COUTO M",1
"Couture E.J.",1
"COUTURE O",1
"COUTURE T",1
"COUTURIER C",1
"COVARRUBIAS C",1
"COVENTRY P",1
"COVERDALE NS",1
"COVIC A",1
"COVINO M",1
"Covino M.",1
"COWAN RL",1
"Cowdrick K.R.",1
"COX B",1
"COX R",1
"COYLE EF",1
"Coyne-Grell A.",1
"COZZI I",1
"CRABTREE CD",1
"CRAFT J",1
"CRAGGS L",1
"CRAGO PE",1
"CRAIG A",1
"CRAIG C",1
"Craig C.",1
"CRAIG LV",1
"CRAIG MS",1
"CRAMB S",1
"CRAMER JV",1
"Cramer M.N.",1
"CRAMER SC",1
"CRAMMOND DJ",1
"Crandon T.J.",1
"CRANDON TJ",1
"CRANE BM",1
"CRANE MA",1
"Cranley D.",1
"CRAVER A",1
"CRAWFORD JR",1
"CRAWFORD MM",1
"CREGER T",1
"CREMERS AJH",1
"CRESPO-SERGE L",1
"CRESPO ROSALES IN",1
"CRESSENS S",1
"CRIBB L",1
"Criddle J.L.",1
"Crippa I.A.",1
"CRISPE N",1
"CRISTÓBAL-LECINA E",1
"CRITTENDON DR",1
"CRIVELLI D",1
"CROCKER T",1
"CROLA DA SILVA C",1
"CROLL PH",1
"CROMAR K",1
"Cromar K.R.",1
"Cronin M.",1
"CRONIN MFM",1
"CROOKS CP",1
"CROOKS JL",1
"CROPPER M",1
"Crosby L.",1
"CROSETTO L",1
"Cross C.L.",1
"CROSS S",1
"Cross T.",1
"CROTTINI F",1
"CROTTY M",1
"Crouch J.J.F.",1
"CROUCH JJF",1
"Crouse D.L.",1
"CROUZET C",1
"CROW J",1
"CROWE M",1
"Crowe M.J.",1
"CROWE MJ",1
"CROWFOOT G",1
"CROWLEY G",1
"CROY I",1
"CRUSHELL E",1
"CRUTZEN B",1
"CRUZ-FUENTES CS",1
"Cruz-López E.O.",1
"CRUZ C",1
"CRUZ NAVARRO J",1
"CSERNYUS B",1
"CSILLAG C",1
"CSILLAN D",1
"Csippa B.",1
"CSISZAR A",1
"CSÓK I",1
"CSŐRE J",1
"CUADRADO C",1
"Cuadros-Acosta J.",1
"Çubuk C.",1
"Cucchi I.",1
"CUCCIOLINI G",1
"Cucinella S.L.",1
"CUCINELLA SL",1
"Cuda D.",1
"CUDNEY SE",1
"Cueto R.G.",1
"CUETO RM",1
"CUEVAS-ARELLANO HB",1
"CUFFARI A",1
"CUI B",1
"CUI C",1
"Cui C.",1
"Cui D.",1
"CUI G",1
"CUI H",1
"Cui J.",1
"CUI LY",1
"CUI MM",1
"CUI NH",1
"CUI P.",1
"CUI S",1
"CUI W",1
"Cui X.",1
"CUI YW",1
"Cui Z.",1
"Cujic M.R.",1
"CULLEN AE",1
"CULLEN J",1
"CULLETON S",1
"Culleton S.",1
"CULLISON S",1
"CULPEPPER J",1
"Culpepper J.",1
"CULPEPPER WJ",1
"Cumbermack M.",1
"CUMMINGS M",1
"CUMMOCK JS",1
"CUMPSTON J",1
"Cung T.",1
"CUNGI PJ",1
"CURLEY M",1
"CURRÀ A",1
"CURRAIS L",1
"CURRIE A",1
"CURRIERO SN",1
"CURZIO O",1
"CUSACK KJ",1
"CUSTOZZO A",1
"CUTLER A",1
"CUTTER DJ",1
"CUTTI S",1
"CV P.",1
"CVORO V",1
"Cyr B.",1
"CYRIAC M",1
"CZAICKI M",1
"CZARNECKI P",1
"CZEISLER B",1
"CZEISLER BM",1
"Czernecki B.",1
"Czerwińska K.",1
"CZIMER Z",1
"Czosnyka M.",1
"CZUB M",1
"D'AGOSTINI R",1
"D'AGOSTINO B",1
"D'AGOSTINO C",1
"D'Alessandro E.",1
"D'AMARIO S",1
"D'Amato M.",1
"D'ANGELO T",1
"D'Angelo T.",1
"D'ANGIO CT",1
"D'ANNA L",1
"D'eramo R.E.",1
"D'ERAMO RE",1
"D'HEMECOURT P",1
"D'ONOFRIO N",1
"D'Orazio A.",1
"D'SOUZA J",1
"D'SOUZA R",1
"D'SOUZA RM",1
"D'SOUZA RR",1
"D’souza M.D.",1
"DA COSTA MDS",1
"da Cunha K.F.",1
"DA M",1
"DA ROS V",1
"DA SILVA A",1
"da Silva C.L.",1
"DA SILVA CL",1
"DA SILVA DOB",1
"DA SILVA DTC",1
"DA SILVA GP",1
"DA SILVA JJ",1
"DA SILVA SEUNARAINE R",1
"DA SILVA TEIXEIRA N",1
"DAADIPOUR A",1
"DAANEN H",1
"DABI A",1
"DÄBRITZ J",1
"DĄBROWSKI M",1
"DĄBROWSKI R",1
"Dadar M.",1
"DADEMATTHEWS O",1
"Dado-Senn B.",1
"Dadova L.Y.",1
"DAFALLAH MA",1
"Dagar N.",1
"DAGENAIS G",1
"Dager B.",1
"DAĞLI Ö",1
"DAGNA L",1
"Dagnall C.",1
"Dagod G.",1
"Daguerre C.",1
"DAHAL MR",1
"DAHER C",1
"DAHIYA DS",1
"Dahlander P.",1
"DAHLE EJ",1
"DAHLÉN T",1
"Dahlquist M.",1
"Dahlseide A.",1
"DAHM CC",1
"Dahmen A.",1
"Dai B.",1
"DAI F",1
"DAI H",1
"Dai M.",1
"DAI Q",1
"Dai R.",1
"DAI S",1
"Dai S.",1
"Dai T.",1
"Dai W.",1
"Dai W.S.",1
"Dai X.",1
"DAI XY",1
"Dai Y.",1
"Dai Z.",1
"Daiby A.T.",1
"DAIKELER T",1
"DAJNAK D",1
"DAKHALLAH D",1
"Dakheel M.G.",1
"Dakhil Z.A.",1
"DAKHLALLAH D",1
"DAL BOSCO A",1
"Dal Forno Chuahy F.",1
"DALAGER-PEDERSEN M",1
"DALAKOTI M",1
"DALAPATI T",1
"DALDA-SEKERCI A",1
"DALE S",1
"DALÉN M",1
"Dalene K.E.",1
"DALFINO JC",1
"DALIRI A",1
"DALL'OLIO D",1
"Dallan L.A.P.",1
"DALLAVALLE M",1
"DALLE-DONNE I",1
"DALLERA G",1
"DALLI LL",1
"DALMAU R",1
"DALRYMPLE H",1
"Daltaban İ.S.",1
"DALTON K",1
"DALVIE MA",1
"DALY DJ",1
"DALY I",1
"DALY RC",1
"DALY RM",1
"DAMANI R",1
"DAMICIS AF",1
"DAMJANOVSKI S",1
"DAMOISEAU C",1
"DAMRAUER S",1
"Dams-O'Connor K.",1
"DAMSEH R",1
"DAN CQ",1
"DAN H",1
"Dan K.",1
"DAN M",1
"Dan T.F.",1
"Danchin N.",1
"Danciu B.A.",1
"DANESHMAND A",1
"DANESIN L",1
"DANG B",1
"Dang L.",1
"DANG M",1
"Dang M.",1
"Dang P.",1
"DANG R",1
"DANG TN",1
"DANG X",1
"Dang Y.",1
"DANH N",1
"Danh N.",1
"DANI C",1
"DANI SS",1
"DANIEL D",1
"Daniel D.",1
"Daniel J.M.",1
"DANIEL L",1
"DANIEL N",1
"DANIEL SS",1
"Daniele A.",1
"DANIELS RD",1
"DANINO D",1
"DANKBAAR JW",1
"DANKIEWICZ J",1
"Danzig R.M.",1
"DANZIG RM",1
"DAO PV",1
"DAOU BJ",1
"DAR A",1
"DAR J",1
"DARAR ASSOWEH C",1
"DARBY SC",1
"Dardalis D.",1
"DARJI H",1
"Dark H.E.",1
"DARKWAH-OPPONG M",1
"Darkwah Oppong M.",1
"DARLING N",1
"DARLING TA",1
"DARMANA R",1
"DARNTON A",1
"DARROW LA",1
"DARROW SN",1
"DARSALIA V",1
"Darshan H.R.",1
"DARWISH O",1
"Daryabari S.N.",1
"DAS-MUNSHI J",1
"DAS D",1
"Das H.",1
"Das K.",1
"Das K.C.",1
"DAS NEVES MF",1
"DAS R",1
"DAS UK",1
"DASARI M",1
"DASARO CR",1
"DASDAR S",1
"Dasdar S.",1
"DASENBROCK HH",1
"Dasgupta P.",1
"DASH D",1
"Dash P.K.",1
"DASH PK",1
"Dashtbani Moghari M.",1
"DASHTI AM",1
"Dasilva V.",1
"DASMAHAPATRA P",1
"DASORE A",1
"DASS SK",1
"Datar A.",1
"DATSERIS G",1
"Datta R.",1
"DATTA S",1
"DATUSALIA AK",1
"DATZMANN T",1
"Dauwe D.F.",1
"DAVAGNANAM I",1
"DAVAINE JM",1
"DAVAN WETTON J",1
"Davarinia F.",1
"DAVENPORT A",1
"DAVEY J",1
"DAVID A",1
"DAVID AS",1
"DAVID I",1
"DAVID M",1
"DAVIDOVSKI FS",1
"DAVIDSON J",1
"Davidson J.O.",1
"DAVIDSON S",1
"DAVIES B",1
"Davies B.",1
"DAVIES MJ",1
"Davies S.",1
"DAVIGLUS M",1
"DAVILA-ROMAN VG",1
"DAVIS EAK",1
"DAVIS HT",1
"DAVIS J",1
"DAVIS JK",1
"DAVIS L",1
"DAVIS MDP",1
"DAVIS P",1
"Davis P.",1
"DAVIS PG",1
"DAVIS RJ",1
"DAVISON G",1
"DAVISON J",1
"DAVLETOV K",1
"DAVOLI M",1
"Daw S.",1
"Dawahdeh A.I.",1
"DAWKINS T",1
"DAWKINS TG",1
"DAWN SS",1
"Dawson-Elli A.R.",1
"DAWSON DR",1
"DAWSON J",1
"DAWSON JB",1
"DAWSON STM",1
"DAY TA",1
"DAYAL L",1
"DAYAWANSA S",1
"DAYIMU A",1
"DAYOUB E",1
"DAZA-ARANA JE",1
"DE' DONATO F",1
"DE' DONATO FK",1
"DE AGUIAR BS",1
"de Almeida A.E.M.",1
"De Ambrosio M.",1
"DE ANDRADE CAF",1
"DE ANDRADE JBC",1
"DE ANGELIS V",1
"DE BACKER D",1
"DE BELDER MA",1
"DE BELL S",1
"DE BELLIS M",1
"DE BEUKELAER F",1
"DE BEUKELAER S",1
"DE BOAM P",1
"de Boam P.",1
"De Boi I.",1
"DE BOODE WP",1
"de Buck M.H.S.",1
"DE BUCK MHS",1
"DE CARO R",1
"DE CARVALHO TS",1
"DE CASTRO NETO JC",1
"DE CATERINA R",1
"DE CLERCQ EM",1
"De D.",1
"DE DIEGO O",1
"De Domenico D.",1
"DE FAIRE U",1
"DE FARIA BRAGA V",1
"De Faria C.C.",1
"DE FERRARS D",1
"DE FILIPPO DE GRAZIA M",1
"De Font-Réaulx E.",1
"de Freitas V.M.",1
"DE FREITAS ZANONA A",1
"de Freitas Zanona A.",1
"DE GAALON S",1
"DE GALLARD T",1
"De Geest B.",1
"DE GRAAF JA",1
"DE HAAN TR",1
"DE JONG HWAM",1
"DE JONGE JC",1
"de Jonge M.",1
"DE JONGE MI",1
"de Jonge N.A.",1
"de la Bat B.J.G.",1
"de la Casa A.",1
"DE LA COBA P",1
"DE LA GARZA C",1
"DE LA GARZA RAMOS R",1
"DE LA TAILLE T",1
"DE LAROCHELAMBERT Q",1
"DE LAURENZIS A",1
"de Lima D.U.",1
"DE LIRA CAB",1
"DE LORENZO RA",1
"DE LUCA A",1
"DE LUCA BP",1
"de Manna N.D.",1
"DE MATTEIS G",1
"De Matteis S.",1
"DE MEESTER F",1
"DE MELO PS",1
"DE MEYER K",1
"De Michele M.",1
"de Miguel-Fernández J.",1
"DE MIGUEL E",1
"de Moura P.H.",1
"DE NADAÏ P",1
"DE OLIVEIRA ASS",1
"de Oliveira Í.A.F.",1
"DE OLIVEIRA MR",1
"de Oliveira N.C.",1
"DE OLIVEIRA NC",1
"DE OLIVEIRA TR",1
"de Paiva B.L.C.",1
"de Paula Corrêa M.",1
"De Pinho Ferreira N.",1
"De Potter T.",1
"de Raat F.M.",1
"DE RAEDT S",1
"DE ROEVER I",1
"DE ROQUETAILLADE C",1
"DE ROSA C",1
"De Rose D.U.",1
"De S.",1
"DE SALES F",1
"DE SANTIS F",1
"DE SILVA DA",1
"DE SILVA SSA",1
"De Silvestro A.",1
"De Simio L.",1
"DE SMET F",1
"DE SOUSA DA",1
"DE SOUSA TC",1
"DE SOUSA ZANOTTI STAGLIORIO COELHO M",1
"DE SOUZA RJ",1
"de Souza Gonçalves L.",1
"DE VECCHI T",1
"de Virgilio C.",1
"DE VITA A",1
"De Vita A.",1
"De Vito A.",1
"DE VRIES ACH",1
"DE VRIES EFJ",1
"DE VUGT M",1
"DE WEERD M",1
"DE WILDE V",1
"DE WINTER JCF",1
"DE WOLF A",1
"De Wolf A.",1
"DEÁK Á",1
"DEÁN-BEN XL",1
"DEAN A",1
"DEAN D",1
"Dean D.",1
"DEAN HOSGOOD H",1
"DEAN JC",1
"DEAN JM",1
"DEANFIELD JE",1
"DeAngelis R.T.",1
"DEARANI JA",1
"DEARY IJ",1
"DEB-CHATTERJI M",1
"DEBA F",1
"DEBAUN MR",1
"DEBELU D",1
"Debelu D.",1
"DEBETTE S",1
"DEBEVEC T",1
"DEBILLON T",1
"Debnath K.B.",1
"Debnath S.",1
"DEBONO N",1
"DEBOOSERE P",1
"DEBRECZENI R",1
"DECALUWÉ H",1
"DÉCARIE JC",1
"DECARLI C",1
"DECARLI CS",1
"DECKELBAUM RJ",1
"Decorads C.E.",1
"DEDOVIC Z",1
"Deen L.",1
"Deepankumar S.",1
"Deepasree K.",1
"Deepthi Y.",1
"DEERING S",1
"DEERING TF",1
"DEERWESTER K",1
"DEFAYE P",1
"DEFFIEUX D",1
"DEFFNER V",1
"Deflorin M.",1
"DEFRANCESCO C",1
"Degens H.",1
"Deguchi R.",1
"DEGUCHI T",1
"Deguchi T.",1
"DEHAES M",1
"Dehairs M.",1
"DEHAIS C",1
"DEHAVENON A",1
"Dehghan A.",1
"DEHGHANI P",1
"Dehury P.",1
"DEI GIUDICI A",1
"DEICH S",1
"Deich S.",1
"DEIERBORG T",1
"Deist S.O.",1
"Deitz R.L.",1
"DEJACO C",1
"DEKENS D",1
"DEKOSKY ST",1
"DEL BRUTTO ÓH",1
"DEL MONTE A",1
"DELACHARTRE P",1
"DELAGE SI",1
"Delalat S.",1
"DELANEY AP",1
"DELANEY TA",1
"DELANIAN S",1
"DELANNOY P",1
"DELANTY N",1
"DELATTRE JY",1
"Delbari H.",1
"DELBROUCK N",1
"Delcamp C.",1
"Deleu R.",1
"Delfino F.",1
"DELGADO C",1
"DELGADO CHAVEZ NC",1
"DELGADO P",1
"DELHEY L",1
"Delianvictoria Y.",1
"Deliwala S.S.",1
"Della Casa M.",1
"DELLA MARCA G",1
"DELLA ROCCA DG",1
"DELLA SANTINA CC",1
"Deller G.",1
"DELLI PIZZI S",1
"Delli Pizzi S.",1
"Dellis P.",1
"DELLO S",1
"Dello S.",1
"Delmas S.",1
"DELOGU LG",1
"DELONE DR",1
"DeLong C.",1
"DELONG R",1
"Delpont B.",1
"DELTA D",1
"DELUCIA A",1
"DEMAIO R",1
"DEMARCO K",1
"DEMARIN V",1
"Demblon A.",1
"DEMCHUK AM",1
"Demené C.",1
"Demers M.",1
"DEMERS P",1
"DEMETRES M",1
"DEMETRES MR",1
"DEMETRIOU AN",1
"Deming N.",1
"Demolder A.",1
"DEMŠAR U",1
"DEN BROEDER AA",1
"DEN BROEDER N",1
"den Haan M.F.",1
"DEN HAAN MF",1
"Dendale P.",1
"DENEGRI A",1
"DENEKE T",1
"Deng C.",1
"Deng H.J.",1
"Deng J.",1
"DENG K",1
"Deng L.",1
"DENG M",1
"Deng P.",1
"DENG Q",1
"DENG QF",1
"DENG R",1
"Deng R.M.",1
"Deng S.",1
"DENG SQ",1
"DENG T",1
"Deng W.",1
"DENG XB",1
"DENG ZH",1
"DENIS L",1
"DENISE P",1
"DENNEKAMP M",1
"DENNIS K",1
"DENOIX N",1
"DENOVA-GUTIÉRREZ E",1
"DENSON JL",1
"DENT S",1
"DENTI P",1
"Deo S.V.",1
"DEONARINE A",1
"Deonarine A.",1
"DEPAUW N",1
"DEPYPERE L",1
"DERAMUS TP",1
"Derbisz J.M.",1
"DERBISZ K",1
"Dere C.",1
"DERESSO H",1
"Deresso H.",1
"DERIBA W",1
"DERIN I",1
"DERIU MA",1
"ĐERKE F",1
"DERLETH P",1
"DERMAN A",1
"DERMAN W",1
"DEROUCK T",1
"DERRA A",1
"Dervis S.",1
"DERVIŠEVIĆ L",1
"DERVIŠEVIĆ M",1
"DERVISHI E",1
"DESAI D",1
"DESAI P",1
"DESAI RH",1
"DESAI S",1
"Desai S.",1
"Desai V.P.",1
"DESAI Y",1
"Desai Y.",1
"DESBORDES C",1
"Desbordes C.",1
"Descatha A.",1
"DESCHAMPS MM",1
"DESE K",1
"DESEBBE O",1
"Desebbe O.",1
"DESHAYES TA",1
"Deshpande R.S.",1
"DESHPANDE V",1
"Deshwar P.",1
"DESILLES JP",1
"DESJARDINS MR",1
"DESNOUS B",1
"DESOUZA P",1
"DESSAI R",1
"DESSIE AM",1
"DESWAL A",1
"DETAR M",1
"Dethmann J.",1
"DETRY MA",1
"DEUCHANDE S",1
"DEUTSCH S",1
"DEV P",1
"Dev P.",1
"Devadharshini R.",1
"DEVALLANCE ER",1
"DEVARAJAN Y",1
"DEVECI MF",1
"DEVEREUX RB",1
"Devi R.",1
"Devi S.",1
"Devine M.N.",1
"DEVLIN W",1
"DEVYANI A",1
"DEWALD JR",1
"DEWAN A",1
"DEWAN AT",1
"DEWAN S",1
"DEWAR S",1
"DEWITT A",1
"Dey S.",1
"DEYCMAR S",1
"DEYELL J",1
"DEYHLE M",1
"Dhairiyasamy R.",1
"DHANA K",1
"DHANARASU M",1
"DHAND A",1
"DHANDAPANI S",1
"Dhanji M.",1
"Dhanji M.P.",1
"Dhar J.",1
"DHAR K",1
"DHARSONO F",1
"DHAWAN A",1
"Dhinagar N.J.",1
"DHINAGAR NJ",1
"DHINGRA J",1
"Dhingra L.S.",1
"Dhital R.",1
"DHIVAKAR M",1
"Dhivya S.",1
"Dhobale G.",1
"DHONJU K",1
"Dhotre A.C.",1
"DHOTRE AC",1
"DHRIF O",1
"DHRUV NT",1
"Dhull P.",1
"Dhungel B.",1
"Dhyani V.",1
"Di Carlo P.",1
"DI CENSO D",1
"DI DONATO I",1
"DI FRANCO A",1
"Di Fusco S.A.",1
"di Gaeta A.",1
"Di Gaetano C.",1
"DI GIULIANO F",1
"Di H.",1
"Di Ieva A.",1
"DI LISA F",1
"Di Lisi D.",1
"DI MARCO L",1
"DI NAPOLI C",1
"DI PERNA F",1
"DI PERRI D",1
"DI PIETRO M",1
"DI PIETRO R",1
"Di Raimondo D.",1
"DI TECCO C",1
"Di W.",1
"DIAKOS NA",1
"DIALLA F",1
"DIALLO K",1
"DIAMOND C",1
"DIAMOND T",1
"DIANA F",1
"Dianati Tilaki R.A.",1
"DIAO K",1
"Diao M.Y.",1
"Diao S.",1
"DIAO Z",1
"DIAS C",1
"Dias C.",1
"Dias M.",1
"DIAS SF",1
"DÍAZ-PEREGRINO R",1
"Díaz-Peregrino R.",1
"DIAZ A",1
"Diaz A.",1
"DIAZ C",1
"Diaz F.",1
"DIAZ I",1
"DÍAZ J",1
"DIAZ TP",1
"DIBAS M",1
"DIBELLA E",1
"Dibu J.R.",1
"DICKIE DA",1
"DICKSON CT",1
"DICKSON J",1
"DICKSON M",1
"DIDENKO LI",1
"Didriksson I.",1
"Didwischus N.",1
"DIEDRICH A",1
"DIEGELER A",1
"DIEL NJ",1
"DIEN TM",1
"Dienel A.",1
"Diener H.C.",1
"DIEPENSEIFEN C",1
"DIERICKX E",1
"DIESTRO JD",1
"DIETRICH MS",1
"Dietrich W.D.",1
"Dietrichs E.S.",1
"DIETRICHS ES",1
"Dietz M.",1
"Díez-Manglano J.",1
"DÍEZ-TEJEDOR E",1
"DIEZ P",1
"DIFERNAND A",1
"Diggikar S.",1
"DIJK DJ",1
"DIJK PH",1
"DIJKMAN KP",1
"Dikdan S.J.",1
"DIKEN Aİ",1
"DIKOVA K",1
"DIKOW N",1
"Dillard L.K.",1
"DILLARD LK",1
"Dillenbeck E.",1
"DILLON H",1
"DILLON J",1
"Dilman İ.",1
"DILSIZ P",1
"Dilsiz P.",1
"DILUCA P",1
"DILWORTH SE",1
"DIMAGGIO C",1
"DIMARAKIS I",1
"DIMARZO L",1
"DIMITRIADIS C",1
"DIMITRIADIS K",1
"DIMOPOULOS S",1
"DIMOV AV",1
"DiNardo J.A.",1
"DINCER MT",1
"Dineen S.M.",1
"Dinesh R.",1
"DING B",1
"Ding C.J.",1
"DING E",1
"Ding G.L.",1
"DING H",1
"Ding J.",1
"DING K",1
"DING N",1
"Ding N.",1
"DING Q",1
"DING T",1
"Ding T.",1
"Ding X.",1
"Ding X.J.",1
"Ding Y.H.",1
"Ding Y.X.",1
"DINGER TF",1
"DINGLEDINE R",1
"DINGLEY J",1
"DINUR G",1
"DIOMEDI M",1
"DIPALMA G",1
"DiPietro Mager N.A.",1
"DIPROSE JP",1
"DIRGAR E",1
"DIRINGER MN",1
"Dirix H.",1
"DIRKX KKT",1
"DIRX AHH",1
"DISALVO P",1
"Distaso E.",1
"DISTEFANO M",1
"Ditta A.A.",1
"Dittrich A.",1
"Diumin O.",1
"DIVE V",1
"Divine J.",1
"Divya",1
"Divya A.S.",1
"Divyachandrika D.",1
"Diwan V.",1
"DIX TA",1
"Dixit J.",1
"DIXON L",1
"Dixon M.",1
"Dixon S.N.",1
"Dixon T.A.M.",1
"DIXON TM",1
"Djakov B.E.",1
"DJÄRV T",1
"DJIBO DA",1
"DJILVESI D",1
"DJOKIC V",1
"DLAMINI S",1
"DMUKAUSKAS M",1
"DMYTRIW AA",1
"do Nascimento M.A.",1
"DO REGO MACIEL AB",1
"Do T.",1
"DOAD J",1
"DOAI M",1
"DOAN C",1
"DOBASHI H",1
"DOBASHI K",1
"DOBERENTZ E",1
"Doborjeh M.",1
"DOBRIC I",1
"DODERO A",1
"DODI G",1
"DODIG D",1
"Dodig D.",1
"DOERFLER A",1
"DOERNER J",1
"Doerrfuss J.I.",1
"DOERRFUSS JI",1
"DOESINGER K",1
"Doğan B.",1
"DOĞAN H",1
"DOGLIETTO F",1
"DOGNEY M",1
"Dogra A.",1
"DOHERTY CP",1
"DOHI K",1
"DOHLE DS",1
"DOHMEN C",1
"DOI K",1
"DOI S",1
"Doi S.",1
"DOI T",1
"DOIRON D",1
"Dokoza K.P.",1
"DOLBEC K",1
"Dole N.B.",1
"DOLGA AM",1
"DOLGATOV AY",1
"DOLGATOVA ES",1
"Doll U.",1
"Dollbaum R.C.",1
"DOLLÉE N",1
"Dollée N.",1
"Dolson C.M.",1
"DOLSON CM",1
"Dolui S.",1
"DOMENA JB",1
"Domin M.",1
"DOMINGO B",1
"Domingos C.",1
"Domingues I.",1
"DOMÍNGUEZ-ÁLVARO M",1
"DOMÍNGUEZ-ERQUICIA P",1
"DOMÍNGUEZ-MORALES M",1
"Dominguez-Rodriguez A.",1
"DOMINGUEZ J",1
"DOMINGUEZ LJ",1
"Domínguez Y.D.",1
"Dominski F.H.",1
"DOMINSKI FH",1
"Domitner J.",1
"DOMITRZ I",1
"Dommerholt J.",1
"DOMOKI F",1
"Donahue J.E.",1
"DONAHUE PT",1
"DONAT-VARGAS C",1
"DONATELLI G",1
"DONATH S",1
"Donev V.",1
"DONFRANCESCO C",1
"Dong C.",1
"DONG D",1
"Dong D.",1
"Dong D.T.",1
"DONG E",1
"Dong F.",1
"Dong H.",1
"DONG HB",1
"Dong J.",1
"DONG JJ",1
"DONG L",1
"Dong L.",1
"DONG M",1
"Dong S.B.",1
"DONG T",1
"DONG TF",1
"Dong W.",1
"DONGQING Y",1
"Donham B.P.",1
"DONHAM BP",1
"DONKOR C",1
"DONLON E",1
"Donlon E.",1
"Donneyong M.M.",1
"DONNEYONG MM",1
"Donoghue T.",1
"DONOSO M",1
"DONOVAN W",1
"DONS M",1
"DONZELLI G",1
"Donzelli G.",1
"DOOSTKAM S",1
"Doppalapudi A.T.",1
"DORÉ S",1
"DOREMUS J",1
"Dorfman J.D.",1
"DORFMAN JD",1
"DÓRIA RGS",1
"DÖRING K",1
"DÓRIS B",1
"DORMAN SC",1
"DÖRNER N",1
"DORNER TE",1
"DOROBANȚU L",1
"Dorr A.",1
"DORRIS L",1
"Dorsey E.R.",1
"Dorward A.",1
"DOS SANTOS A",1
"dos Santos A.C.A.",1
"DOS SANTOS AC",1
"DOS SANTOS MP",1
"DOS SANTOS NV",1
"DOSHI P",1
"DOSSEL O",1
"DOSTALOVA D",1
"DOSTOVIĆ Z",1
"DOTAN R",1
"Dotsenko S.",1
"DOTTI MT",1
"DOU H",1
"Dou J.L.",1
"DOU P",1
"DOU W",1
"Dou W.",1
"DOU WQ",1
"DOU Z",1
"Doua J.",1
"DOUBLEDAY A",1
"DOUDESIS D",1
"DOUDOUH O",1
"DOUGHERTY PM",1
"Douma M.J.",1
"DOUMBE JN",1
"DOUPLAT M",1
"Douraghi-Zadeh D.",1
"Douvartzides S.",1
"Douvry-Rabjeau J.",1
"Douwes J.",1
"Dovjik I.",1
"Dovzhanskiy D.I.",1
"DOWDALL J",1
"DOWER A",1
"DOWLING H",1
"Dowling T.C.",1
"DOWLING TC",1
"DOWNER MB",1
"DOWNWARD GS",1
"Doylan E.",1
"DOYLE BJ",1
"Doyle E.J.",1
"DOYLE K",1
"DOYLE M",1
"Doyle S.",1
"DOYU M",1
"DRAGO JM",1
"Dragon J.M.",1
"Dragoni E.",1
"DRAGOSITS U",1
"DRAKE M",1
"DRAME MS",1
"DREGAN A",1
"DREIER JP",1
"DREISCHULTE T",1
"DRENTHEN GS",1
"Dresser C.",1
"DRETAR V",1
"DREW KL",1
"DREWRY A",1
"Drewry A.",1
"DRISCOLL I",1
"DRIVER I",1
"Drobot O.S.",1
"DRÖGE P",1
"DRONAVALLI M",1
"DRONKERS NF",1
"DRONOVA D",1
"DROSDOVA NV",1
"DROSDOWECH D",1
"DROSTE L",1
"DROZDOWSKI K",1
"DRUZHKOVA I",1
"Dryagina N.V.",1
"DU D",1
"DU F",1
"du Fay de Lavallaz J.",1
"Du H.",1
"DU HA",1
"Du L.W.",1
"DU N",1
"DU PLESSIS JL",1
"DU Q",1
"DU S",1
"Du S.",1
"Du T.",1
"DU XJ",1
"Du Y.",1
"Du Y.T.",1
"DUAN D",1
"DUAN F",1
"Duan L.",1
"Duan Q.Q.",1
"DUAN R",1
"DUAN T",1
"Duan Z.",1
"DUARTE-CLÍMENTS G",1
"DUARTE D",1
"DUARTE E",1
"DUARTE ESF",1
"DUARTE R",1
"DUBELE G",1
"Dubey P.",1
"DUBEY S",1
"DUBNO JR",1
"DUBOIS A",1
"DuBois J.M.",1
"DUBROW R",1
"DUBWA D",1
"DUCHESNE J",1
"Duchesne J.",1
"DUCHESNE S",1
"DUDDA W",1
"Dudda W.",1
"DUDDALWAR V",1
"DUDINK J",1
"DUERING M",1
"DUERR GD",1
"DUFAY N",1
"DUFFY D",1
"Duffy S.S.",1
"Dufief S.",1
"DUFOUR H",1
"DUFRESNE O",1
"Dufty N.",1
"DUGAN GO",1
"DUGAN J",1
"Duggal B.",1
"DUGGAL NK",1
"DUGGENTO A",1
"Dukát A.",1
"DUKKIPATI S",1
"Dukkipati S.R.",1
"DULA AN",1
"Dulf E.H.",1
"Dulfer E.A.",1
"DULFER EA",1
"Dulfer S.E.",1
"Dulny A.",1
"DUMAN D",1
"DUMANLI S",1
"DUMAS O",1
"DUMITRASCU OM",1
"DUMITRU R",1
"DUMKE C",1
"DUMLU H",1
"Dumlu H.",1
"DUMMER TJB",1
"Dumnov D.",1
"DUMONT U",1
"Dumont U.",1
"DUN Y",1
"Dun Y.",1
"DUNÅS T",1
"DUNCAN A",1
"DUNCAN AF",1
"Dündar M.S.",1
"DUNDER L",1
"DUNET V",1
"DUNHAM R",1
"DUNLOP S",1
"DUNN-LEWIS C",1
"DUNN AK",1
"DUNN M",1
"DUNSTAN M",1
"DUOJI Z",1
"DUPAS O",1
"DUPONT DM",1
"DUPONT TL",1
"Dupouy M.",1
"Dupré N.",1
"Dupuis J.",1
"DUPUIS L",1
"DUQUE S",1
"DURAL S",1
"DURÁN-CARABALI LE",1
"DURAND MJ",1
"Durango A.Z.",1
"Durant R.W.",1
"Ðurašević S.",1
"DURET C",1
"DURIC N",1
"Duriez L.",1
"DURU CN",1
"DUSCHEK S",1
"DUSHAQ G",1
"Dutheil F.",1
"Dutta A.",1
"Dutta B.J.",1
"DUTTA P",1
"Dutta S.",1
"DUUS LS",1
"DUVERGE L",1
"Duy Mac K.",1
"DUYAR I",1
"DUYTSCHAEVER M",1
"Duzgun M.",1
"DUZKALIR AH",1
"DVORSCAK G",1
"DWIVEDI A",1
"Dwivedi A.K.",1
"DWIVEDI AK",1
"DYACHENKO I",1
"Dybko Z.",1
"Dybowska M.",1
"DYE JA",1
"DYER KS",1
"Dyglė G.",1
"DYKAN IM",1
"DYKIE A",1
"DYRDA K",1
"DZIECHCIARZ A",1
"Dzierzȩcki S.",1
"DZIETKO M",1
"Dziri H.",1
"DZUDIE A",1
"Dzulkafli M.F.",1
"Dzushupov K.O.",1
"DZUSHUPOV KO",1
"E R J",1
"EAGLE KA",1
"Eagles M.E.",1
"EAGLES ME",1
"EARLEY S",1
"EARLY KS",1
"EASTMAN KL",1
"EATON BR",1
"EATON CB",1
"Ebaid H.A.",1
"EBB D",1
"EBEFORS K",1
"EBERINI I",1
"Eberle M.J.",1
"Eberly L.A.",1
"EBERLY LA",1
"EBERMAN LE",1
"EBINGER M",1
"Ebise H.",1
"Ebissa D.T.",1
"EBNER KA",1
"EBRAHEEM AA",1
"Ebrahimi-Nejad F.",1
"EBRAHIMI R",1
"Echeverri Marquez M.",1
"ECKERMAN KF",1
"ECKOLS TK",1
"ECKSTEIN K",1
"Eckstein K.",1
"eClinicalMedicine",1
"Edalati M.",1
"EDDY FK",1
"EDE J",1
"EDELMAN BJ",1
"EDELMAN ER",1
"Eden M.J.",1
"EDEN SK",1
"EDEN SV",1
"EDEROTH P",1
"EDGELL RC",1
"EDGLEY K",1
"Edgley K.",1
"EDGLEY SR",1
"EDGREN G",1
"EDJLALI-GOUJON M",1
"Edjlali M.",1
"EDME P",1
"Edouard P.",1
"EDRIS A",1
"EDUL VK",1
"EDVINSSON L",1
"EDWARDS BJ",1
"Edwards D.N.",1
"EDWARDS DN",1
"EDWARDS MS",1
"EEG-OLOFSSON K",1
"Efe Ş.",1
"EFE T",1
"EFIDI R",1
"EFON EE",1
"Efraim A.",1
"EFTEDAL I",1
"Egaas L.",1
"Egashira S.",1
"EGASHIRA Y",1
"EGGELER G",1
"EGGER A",1
"EGGLESTON B",1
"Egi M.",1
"Egli P.",1
"EGLIN C",1
"EGNOT ML",1
"EGNOT NS",1
"EGO A",1
"Egorova N.A.",1
"EGUBE T",1
"EGUCHI E",1
"Ehret M.",1
"Ehtesham H.",1
"EICHENWALD EC",1
"Eichinger M.",1
"EICHNER C",1
"EID RA",1
"EIDEN SA",1
"EIDT D",1
"EIFLING KP",1
"EILERTSEN H",1
"EINSTEIN AJ",1
"EISEN DP",1
"EISEN EA",1
"EISENMAN DP",1
"EISENMENGER L",1
"Eisenmenger L.B.",1
"Eisenstein M.",1
"Eiser A.R.",1
"EISER AR",1
"EISNER L",1
"EITOKU M",1
"Ejaz A.",1
"Ejim C.",1
"Ejima K.",1
"EJIRI H",1
"EKANAYAKA A",1
"EKE A",1
"EKER O",1
"EKHOLM L",1
"EKKER MS",1
"EKLUND A",1
"Ekström A.",1
"Ekusheva E.V.",1
"EL-ASHMAWY IM",1
"EL-ATTA HA",1
"El-Bitar T.",1
"EL-BOURI WK",1
"EL-CHOULI M",1
"EL-GHAMRY A",1
"EL-HAMAMSY I",1
"El-Houssini O.M.",1
"EL-HOUSSINI OM",1
"EL-KERSH K",1
"EL-NAGAR AA",1
"EL-RABAIE EM",1
"EL-SAYED AHMED MM",1
"El-Sheekh M.M.",1
"EL-SHEEKH MM",1
"EL-SHEIKH MA",1
"EL-SHERBEENY AM",1
"EL ABBASSI O",1
"EL AMKI M",1
"EL ARABI M",1
"EL HADDAD M",1
"El Hassani H.",1
"EL HAYEK E",1
"EL HUSSEINI N",1
"EL MASRI D",1
"EL MASRI J",1
"El Masri J.",1
"EL MOGHRABI Y",1
"El N.",1
"EL NAAMANI K",1
"EL OUAFI N",1
"El Sadaney A.O.",1
"EL SADANEY AO",1
"EL SAYED R",1
"El Sayed R.",1
"EL TERS NM",1
"El Yacoubi I.",1
"ELAHIFAR A",1
"ELALI A",1
"ELAMVAZUTHI I",1
"Elanghovan P.",1
"Elangovan U.",1
"ELANSARY NN",1
"Elatroush H.H.",1
"Elazim A.A.",1
"ELBASHIR H",1
"Elboughdiri N.",1
"Elde S.F.T.",1
"ELDEIRY M",1
"ELDENIZ C",1
"Eldeniz C.",1
"ELDIB M",1
"ELDRIDGE A",1
"ELDRIDGE P",1
"Elena L.F.",1
"Eleveld N.",1
"Elfaki E.A.",1
"Elfaramawy A.",1
"ELFASAKHANY A",1
"Elfassy M.D.",1
"ELFERGANI K",1
"Elgabsi M.",1
"Elgamasy S.",1
"ELGARHY FM",1
"ELGENDI M",1
"ELGENDY MO",1
"Elhaie M.",1
"ELHAN AH",1
"ELIAS N",1
"ELIASBERG CD",1
"ELIASSON B",1
"ELIAVA S",1
"ELIE V",1
"Elimam N.",1
"Elinder C.G.",1
"ELINDER CG",1
"ELINDER LS",1
"ELIOT M",1
"ELIOT MN",1
"ELISEU G",1
"ELJALBY M",1
"Eljalby M.",1
"ELKADY A",1
"ELKELAWY M",1
"ELKILANY G",1
"ELKIND M",1
"ELKINS GA",1
"ELLERY SJ",1
"ELLIKA S",1
"Elliott C.",1
"ELLIOTT DA",1
"Elliott E.G.",1
"ELLIOTT EG",1
"ELLIOTT LR",1
"ELLIOTT M",1
"ELLIOTT P",1
"ELLIS ED",1
"ELMADHOUN O",1
"ELMARAGHI O",1
"ELMER J",1
"Elmer J.",1
"Elmohr M.M.",1
"ELMOHR MM",1
"ELMSTÅHL S",1
"ELNAGA AAA",1
"ELROSASY A",1
"ELSAID AHMED RM",1
"ELSAKKA M",1
"Elschot E.P.",1
"ELSEBAEY S",1
"Elser H.",1
"Elshenawy A.A.",1
"Elstrott B.",1
"ELSWORTHY RJ",1
"Eltawil M.A.",1
"ELTING JW",1
"ELTON S",1
"Elumalai P.V.",1
"ELUMALAI PV",1
"Elva C.",1
"Elwasli F.",1
"ELZAYAT EM",1
"EMAMI B",1
"EMAMI H",1
"EMEKEKWUE CO",1
"EMERSON D",1
"EMERY D",1
"EMERY DJ",1
"EMIDIO SCD",1
"EMINHIZER M",1
"EMINHIZER NM",1
"EMINSON K",1
"Eminson K.",1
"EMMER BJ",1
"EMMERICHS AK",1
"EMMERT S",1
"EMMETT E",1
"EMMEZ H",1
"EMODE M",1
"EMORUWA E",1
"EMPEY PE",1
"EMRAL R",1
"EMRICH C",1
"Emrich T.",1
"ENAR SC",1
"ENDALEW M",1
"ENDERS JD",1
"ENDO H",1
"ENDO T",1
"ENDRES BD",1
"ENDRES M",1
"ENE E",1
"ENENBACH M",1
"ENGEBRETSEN L",1
"ENGEL LS",1
"Engelmann N.",1
"Engels M.",1
"ENGELS S",1
"ENGEROFF L",1
"Engeroff L.",1
"ENGEROFF T",1
"Engin M.",1
"England G.C.",1
"ENGLEDER T",1
"ENGLISH CK",1
"English T.",1
"ENGQUIST H",1
"ENNACEUR A",1
"Enoki T.",1
"Enomoto H.",1
"Enshin D.N.",1
"ENUAMEH Y",1
"Enweremadu C.",1
"ENZ L",1
"EO Y",1
"Eom S.H.",1
"EPELDEGUI M",1
"EPIS F",1
"Epis F.",1
"Episcopo D.",1
"EPSTEIN J",1
"EPSTEIN JL",1
"Epstein M.J.",1
"ERBAY MI",1
"ERBEL R",1
"Erben A.",1
"Erblich R.",1
"Ercelen N.",1
"ERCOLE A",1
"Erdem A.",1
"Erdem G.",1
"ERDEN MELIKOĞLU S",1
"Erdener Ş.E.",1
"Erdi A.M.",1
"Erdiwansyah",1
"ERDLENBRUCH F",1
"Erdoes G.",1
"Erdogan H.",1
"EREN F",1
"Eren F.",1
"Erfani S.",1
"ERGUN Y",1
"Ergun Y.",1
"ERICKSON A",1
"Erickson A.C.",1
"ERICKSON AC",1
"ERICKSON AW",1
"ERICKSON E",1
"ERICSON U",1
"Ericsson L.",1
"Erkan A.",1
"Erkens R.",1
"ERMOLAI V",1
"ERNEMANN U",1
"EROL G",1
"EROL O",1
"Erol S.",1
"ERŐSS L",1
"ERSBØLL AK",1
"ERSBØLL BK",1
"ERSOY M",1
"Ertl M.",1
"ERTUGRUL B",1
"Erukulla T.T.",1
"ERVASTI J",1
"Erzinger G.",1
"ESCANDE B",1
"Escher F.",1
"ESCLAPÉS GIMÉNEZ T",1
"ESCOBAR C",1
"ESCRIG FERNÁNDEZ R",1
"ESCRIHUELA BRANZ PFF",1
"ESCUDERO-TENA A",1
"ESHAGHI A",1
"Eshaghi Z.",1
"ESHAK ES",1
"Eshetie S.M.",1
"ESHETU MA",1
"Eskandarani R.",1
"ESKANDARI A",1
"ESKANDER A",1
"ESMAEILI NADIMI A",1
"Esmaeilirad S.",1
"ESMAELBEIGI A",1
"ESNAULT P",1
"Espada M.C.",1
"Esper A.",1
"ESPERSEN C",1
"ESPINOSA A",1
"Espinosa S.I.",1
"Espinoza-Gómez F.",1
"ESPINOZA A",1
"Espinoza A.",1
"ESPINOZA M",1
"ESPOSITO G",1
"Esposito M.",1
"ESPOSITO P",1
"ESPOSITO R",1
"ESQUENAZI Y",1
"ESQUETINI-VERNON C",1
"Esquetini-Vernon C.",1
"ESSIBAYI MA",1
"ESSIEN UR",1
"ESTANY-GESTAL A",1
"ESTCOURT LJ",1
"ESTEBAN E",1
"ESTERHUIZEN B",1
"ESTEVES CS",1
"Esteves D.",1
"ESTEVES I",1
"Esteves I.",1
"Esteves N.K.",1
"ESTOL C",1
"Estol C.J.",1
"Estrada J.A.",1
"Etgen T.",1
"ETHAN MACDONALD M",1
"ETHERTON-BEER C",1
"ETIENNE M",1
"ETMINAN N",1
"ETO K",1
"Ettore E.",1
"Etyang A.O.",1
"Eudaley S.T.",1
"EUDALEY ST",1
"Eum K.D.",1
"EUM KD",1
"EUN MY",1
"EUSTACHIO COLOMBO P",1
"Evangelopoulos D.",1
"EVANOFF BA",1
"Evans A.",1
"EVANS CL",1
"EVANS J",1
"Evans J.",1
"EVANS JS",1
"EVANS L",1
"EVANS M",1
"Evans M.",1
"EVANS N",1
"Evans R.N.",1
"EVANS RG",1
"EVANSKY P",1
"EVBUOMWAN O",1
"EVENS T",1
"Evens T.",1
"EVERITT AC",1
"EVERS M",1
"Evgen’ev M.B.",1
"Evstafeva E.V.",1
"EWALD H",1
"Ewees M.G.",1
"Ewing M.",1
"Ewphun P.P.",1
"EXACOUSTOS O",1
"EXETER OM",1
"EYDING J",1
"Eyler Y.",1
"Eyre H.A.",1
"Eyuboglu S.",1
"EZCURRA-DÍAZ G",1
"EZELSOY M",1
"Ezelsoy M.",1
"Ezhilarasi S.",1
"EZHOV I",1
"FAANU A",1
"FABER C",1
"Fabiani E.",1
"FABIANI L",1
"FABRIN SCV",1
"FACCIO D",1
"FACONTI L",1
"Fadaei M.",1
"Fadah K.",1
"Fadairo A.A.",1
"FADAIRO AA",1
"Fadda J.",1
"FADELELMOULA T",1
"FADIL M",1
"Fadini G.P.",1
"FAES C",1
"FAGAN AJ",1
"FAGERBERG B",1
"FAGGIOLI G",1
"FAGMAN E",1
"FAGUNDEZ O",1
"FAHANIK-BABAEI J",1
"FAHED R",1
"Faheem M.A.",1
"FAHEEM MSB",1
"FAHIM F",1
"Fahim M.",1
"Fahimi P.",1
"FÄHLER S",1
"FAHLMAN A",1
"Fahlström M.",1
"FAHMY RA",1
"FAILLA MA",1
"FAINA B",1
"FAIQ MA",1
"FAIRBANKS H",1
"Faisal F.",1
"FAISAL MF",1
"FAITH OE",1
"FAIX RG",1
"Faiyaz A.",1
"FAIZAN H",1
"Fajardo E.J.",1
"FAJERSZTAJN L",1
"FAKAN EP",1
"Fakeye A.",1
"Fakhari N.",1
"Fakunle A.G.",1
"FALCK M",1
"FALCO G",1
"FALGAIROLLE M",1
"FALK A",1
"FALK DELGADO A",1
"FALLA M",1
"FALLAHTAFTI P",1
"Fallahtafti P.",1
"Fallon E.A.",1
"FALLON EA",1
"FÄLT M",1
"FALZON AM",1
"Fan A.P.",1
"FAN C",1
"Fan C.",1
"FAN CP",1
"FAN D",1
"FAN F",1
"Fan F.",1
"FAN GH",1
"Fan H.",1
"FAN HC",1
"FAN IW",1
"Fan J.F.",1
"FAN KH",1
"Fan L.",1
"Fan L.J.",1
"Fan L.p.",1
"FAN LP",1
"FAN M",1
"Fan M.",1
"FAN P",1
"Fan P.",1
"Fan P.L.",1
"FAN R",1
"FAN RC",1
"FAN RW",1
"Fan S.",1
"FAN T",1
"Fan T.",1
"FAN TL",1
"FAN WD",1
"FAN XC",1
"Fan Y.X.",1
"FAN YX",1
"FANG AS",1
"Fang C.",1
"FANG D",1
"FANG G",1
"Fang G.",1
"FANG H",1
"Fang K.",1
"Fang L.",1
"FANG P",1
"Fang Q.",1
"Fang T.",1
"Fang W.",1
"Fang X.",1
"FANG YE",1
"FANG YQ",1
"FANG ZQ",1
"FANOLA C",1
"FARAG A",1
"FARAG YMK",1
"FARAH J",1
"Farahbod H.",1
"FARALDI F",1
"FARASATI F",1
"FARASSANIA G",1
"FARBER A",1
"FARBER MA",1
"Farenhorst C.A.",1
"FARGHADANI M",1
"FARGO DC",1
"FARHADI M",1
"Farhat I.",1
"FARHAT M",1
"Farhat W.",1
"FARHOUDI M",1
"FARIAS WCM",1
"Faridi F.",1
"FARIHA TR",1
"Farina A.",1
"FARINA E",1
"FARININI D",1
"FARMERY A",1
"FARNAGHI M",1
"Farnham C.",1
"Farokhnia M.",1
"FAROOQ O",1
"FAROOQ S",1
"FAROOQI IA",1
"FAROOQI W",1
"FAROPOULOS K",1
"Faropoulos K.",1
"FARRAJ A",1
"Farraj A.K.",1
"FARRAJ BL",1
"Farré R.",1
"FARRINGTON W",1
"FARRIS L",1
"FARROKHI M",1
"FARRUGIA N",1
"FARSHBAF KHALILI A",1
"Fartakov E.I.",1
"FARUKH B",1
"Farzad A.",1
"Farzaneh H.",1
"FASANO A",1
"Fasano A.",1
"FASANO F",1
"FASKO P",1
"FASOLA S",1
"FASTL C",1
"Fastl C.",1
"FATEH S",1
"Fatehi P.",1
"FATEMI A",1
"Fathi F.",1
"Fatima A.",1
"FATIMA F",1
"FATIMA G",1
"Fatima M.",1
"FATIMA SZ",1
"FATIMA Z",1
"Fatina M.D.",1
"Fatkhutdinova L.M.",1
"FATMI Z",1
"Fattah A.A.",1
"FAUL J",1
"Faure C.",1
"FAURE J",1
"Faurie C.",1
"FAUSIAH F",1
"FAUST E",1
"FAUTH L",1
"Fauzi M.U.F.",1
"Favarato D.",1
"FAVARO A",1
"FAVERO C",1
"Favi Bocca L.",1
"FAWALE MB",1
"Fawzi S.M.",1
"Fayaz S.D.",1
"FAYOL A",1
"Fayolle P.",1
"FAYSEL MA",1
"FAYYAZ A",1
"FAYYAZ AI",1
"Fayzieva Z.T.",1
"FAZAKAS J",1
"FAZEKAS-PONGOR V",1
"FAZEKAS F",1
"FAZIA T",1
"Fazlinović S.",1
"Fazlollahi A.",1
"FEAR EJ",1
"FEAR NT",1
"FEDACKO J",1
"FEDAN JS",1
"FEDERAU C",1
"FEDERICI M",1
"Fedinec A.L.",1
"Fedirko P.A.",1
"FEDOROV D",1
"Fedorovich A.A.",1
"Fegers-Wustrow I.",1
"FEI F",1
"Fei H.",1
"FEI J",1
"FEI Q",1
"FEI T",1
"FEIGE D",1
"FEIGHT J",1
"FEIGIN VL",1
"FEIL K",1
"FEINSTEIN B",1
"FEISST M",1
"FEKETE M",1
"FEKETE Z",1
"FELDBRUGGE C",1
"FELDER TK",1
"FELDERHOFF-MÜSER U",1
"Feldi I.",1
"FELDMAN DN",1
"FELDMAN HA",1
"FELEKE SF",1
"Felemban S.G.",1
"FELICI F",1
"FELICIANO C",1
"FELISBINO-MENDES MS",1
"FÉLIX-DE CASTRO A",1
"FELKER GM",1
"FELLIN R",1
"FELLRATH J",1
"FEMENIA F",1
"FENECH B",1
"FÉNÉLUS JL",1
"FENERCIOGLU AK",1
"FENG A",1
"FENG CH",1
"FENG CY",1
"FENG EARLEY Y",1
"Feng F.",1
"Feng H.",1
"FENG JT",1
"FENG K",1
"Feng L.",1
"FENG MC",1
"FENG N",1
"FENG P",1
"FENG Q",1
"Feng X.Y.",1
"FENG XG",1
"FENG XZ",1
"FENSKE N",1
"Fenske N.",1
"FENTI A",1
"FENYVES BG",1
"FEOFILAKTOV VV",1
"Ferdi A.Y.",1
"FERDI AY",1
"Ferdian E.",1
"FERHAT L",1
"FERMIGIER A",1
"FERNANDES E",1
"Fernandes L.J.",1
"FERNANDEZ-CADENAS I",1
"FERNANDEZ-LOZANO C",1
"Fernandez-Lozano C.",1
"FERNÁNDEZ-LOZANO D",1
"FERNÁNDEZ-NAVARRO P",1
"FERNÁNDEZ-SUSAVILA H",1
"Fernández-Torre J.L.",1
"FERNÁNDEZ DE COSSÍO L",1
"FERNANDEZ E",1
"FERNÁNDEZ E",1
"FERNÁNDEZ JM",1
"FERNANDEZ M",1
"Fernandez V.",1
"Fernández Vecilla D.",1
"FERNANDO A",1
"Fernando P.M.",1
"FERNHALL B",1
"FERORELLI S",1
"FERRACCI G",1
"FERRADAL S",1
"Ferramosca F.M.",1
"Ferrara G.",1
"FERRARA M",1
"Ferrari G.N.",1
"FERRARI GN",1
"FERRARI L",1
"FERRAZZI G",1
"FERREIRA-DIVINO LF",1
"FERREIRA CCM",1
"Ferreira L.A.",1
"FERREIRA LCM",1
"FERREIRA MA",1
"FERREIRA R",1
"FERREIRA S",1
"FERRER R",1
"Ferrer R.",1
"FERRETTI A",1
"Ferri F.F.",1
"FERRI P",1
"Ferri P.",1
"FERRI S",1
"Ferroni E.",1
"Fesharaki N.J.",1
"FETENE BN",1
"FETO A",1
"Fettahoğlu S.T.",1
"FEUVRET L",1
"Ffrench R.",1
"FHAGER A",1
"FIALA D",1
"FIAMINGO M",1
"FIANE A",1
"FIASCHI P",1
"FICHTER F",1
"FIEBACH JB",1
"FIELD E",1
"FIELD RW",1
"FIELD TS",1
"FIELDS M",1
"FIEREMANS E",1
"FIGARELLA-BRANGER D",1
"FIGENSCHOU MF",1
"FIGUEIREDO J",1
"Figueiredo R.",1
"Figueroa D.",1
"FIJALKOWSKA J",1
"FIJALKOWSKI M",1
"FIKRI-BENBRAHIM K",1
"Filep E.M.",1
"FILIGRANA P",1
"Filigrana P.",1
"Filimonov D.A.",1
"FILINGERI D",1
"FILIPPAIOS A",1
"FILIPPATOS G",1
"Filippidis L.",1
"FILIPPINI R",1
"Filippini R.",1
"FILIPPINI T",1
"FILIPPONI T",1
"Filippova E.O.",1
"Filis K.",1
"FILLA A",1
"Filler G.",1
"FILOSA J",1
"FINARDI A",1
"FINCH C",1
"Finch E.",1
"FINCH JS",1
"FINCH P",1
"FINDLER M",1
"FINE A",1
"FINE B",1
"Fine D.",1
"FINGE H",1
"FINGER EB",1
"FINK-GREMMELS J",1
"FINK M",1
"Finke A.",1
"FINLEY CL",1
"FINNEGAN E",1
"Finnigan L.E.M.",1
"FINNIGAN LEM",1
"FINOCCHI C",1
"FINOCCHIO L",1
"FINOLI L",1
"FIOCO EM",1
"FIOLET T",1
"FIORE CE",1
"FIORINDI A",1
"FISCHER BR",1
"FISCHER FM",1
"FISCHER I",1
"Fischer J.W.",1
"FISCHER M",1
"FISCHER MA",1
"FISCHER N",1
"FISCHER U",1
"FISCHER UM",1
"Fischman M.",1
"FISCHMAN VG",1
"FISHER HL",1
"Fisher J.D.",1
"FISHER JP",1
"FISHER R",1
"Fisher R.",1
"FISHER S",1
"Fisher T.A.",1
"FISHMAN IM",1
"Fitch M.L.",1
"FITCHETT JM",1
"Fitton C.A.",1
"FITTON FP",1
"FITTS R",1
"FITTS T",1
"Fitzgerald D.C.",1
"FITZGERALD JL",1
"FITZGIBBONS TP",1
"Fitzhugh M.C.",1
"FITZHUGH MC",1
"FITZPATRICK A",1
"FITZPATRICK AL",1
"FITZPATRICK D",1
"Fitzpatrick K.M.",1
"FITZPATRICK KM",1
"FITZPATRICK T",1
"Flachenecker P.",1
"FLAHERTY ML",1
"FLANAGAN E",1
"FLANDERS TM",1
"FLEITAS ALFONZO L",1
"FLEMING LE",1
"FLEMING PJ",1
"FLEMING SC",1
"FLESERIU C",1
"FLETCHER-SANDERSJÖÖ A",1
"FLETCHER J",1
"FLETCHER JG",1
"FLETCHER MM",1
"FLETCHER T",1
"FLIBOTTE J",1
"Flibotte J.",1
"FLICKER L",1
"Flickinger K.L.",1
"FLICKINGER KL",1
"FLIEGNER M",1
"FLINK M",1
"Floess E.",1
"Flood-Garibay J.A.",1
"FLOOD-GARIBAY JA",1
"FLOOD TR",1
"FLOR LS",1
"FLORA SJS",1
"FLORACK C",1
"FLORES-TORRES MH",1
"FLORES-TORRES RP",1
"FLORES A",1
"Flores J.J.",1
"FLORES SA",1
"FLORIOLLI D",1
"FLORIS R",1
"Flouris A.D.",1
"FLOURIS AD",1
"Flouris K.",1
"Flower G.",1
"FLOYD L",1
"FLUCK A",1
"Fluck A.",1
"FLUCK D",1
"FLURIN L",1
"FLUSS R",1
"FLYNN D",1
"Flynn J.T.",1
"FOERSTER BU",1
"Fog M.H.",1
"FOGACCI F",1
"FOLDAGER J",1
"FOLEY A",1
"FOLKERTS G",1
"Folyovich A.",1
"FONG GT",1
"FONG KNK",1
"Fonkem E.",1
"FONS M",1
"Fonseca M.",1
"FONT A",1
"FONTAINE KR",1
"FONTANA L",1
"FONTANELLA MM",1
"FOO TKF",1
"FÖRANDER P",1
"Forastiere F.",1
"FORASTIERE L",1
"Forbrig R.",1
"Forceville G.",1
"Forcione M.",1
"FORD AL",1
"FORD E",1
"Ford M.J.",1
"FORD MJ",1
"FORDER PM",1
"FORDYCE C",1
"FORENZO D",1
"Forenzo D.",1
"FORESTAL G",1
"FORGHANI R",1
"FORGO B",1
"FORJAZ CLM",1
"FORMAGGIO F",1
"FORMAN C",1
"FORMAN HJ",1
"FORMANKIEWICZ MA",1
"FORMICHI P",1
"FOROOSHANI PM",1
"FOROUGHI J",1
"FOROUTANNIA A",1
"Forouzanfar F.",1
"Forsberg S.",1
"FORSELL K",1
"FORSS N",1
"FORSTADT E",1
"Forstadt E.",1
"FORSTER A",1
"FORSTER BB",1
"Forsyth A.D.",1
"Fortington L.",1
"FORTUNATO F",1
"FORTUNE SME",1
"FOSSAGHI A",1
"FOSTER A",1
"FOSTER AL",1
"FOSTER D",1
"Foster J.L.",1
"FOSTER K",1
"FOTE G",1
"Fotis K.",1
"Fouad M.M.",1
"FOUASSIER D",1
"FOUILLET H",1
"FOULADIRAD S",1
"FOULKES S",1
"Fouly A.",1
"FOUNTOULAKIS P",1
"FOUTO A",1
"FOUTO AR",1
"FOUXI ZHAO C",1
"FOWLER D",1
"FOWLER HJ",1
"Fowlkes J.B.",1
"FOX A",1
"FOX H",1
"FOX L",1
"Fox M.",1
"FOX NC",1
"FOX WC",1
"FP FN",1
"FRACASSI M",1
"FRĄCKOWIAK T",1
"FRAHMAND I",1
"FRALICK M",1
"FRAME MD",1
"FRANC JM",1
"FRANCESCHI F",1
"FRANCESCHINI MA",1
"FRANCHINI M",1
"Francisco M.A.",1
"FRANCISCO MA",1
"FRANCO-MESA C",1
"Franco J.C.G.",1
"Franco P.",1
"Franco R.",1
"Francoeur C.",1
"FRANCONE M",1
"FRANK D",1
"Frank P.N.",1
"Frankel W.C.",1
"FRANKEN LGW",1
"FRANKFURT SB",1
"FRANKLIN RC",1
"FRANSSON V",1
"Fransson V.",1
"Franx B.A.A.",1
"FRANZ M",1
"FRANZINI M",1
"Frase S.",1
"FRASER SF",1
"FRATELLO V",1
"FRATI A",1
"FRATIGLIONI L",1
"FRATINO S",1
"FRAZEE R",1
"FREDERICK BB",1
"FREEBORN D",1
"FREEDMAN ND",1
"FREEDMAN RJ",1
"Freeman C.",1
"FREEMAN JV",1
"FREEMAN WD",1
"FREEMAS JA",1
"FREIBERG A",1
"FREIGANG C",1
"FREIJO MM",1
"FREIRE SM",1
"FREITAS-ANDRADE M",1
"FREIXA X",1
"FREMES S",1
"FREMES SE",1
"FRENCH AJ",1
"FRENCH DD",1
"FRENCH J",1
"FRENCH MJ",1
"FRENK A",1
"FRENOY P",1
"Frenzel J.",1
"Frenzel M.",1
"FRESNAIS J",1
"Freudling M.",1
"Freund D.",1
"FREUND J",1
"FREY VN",1
"FREYSSENGE J",1
"Freyssenge J.",1
"FRICK D",1
"FRICKER GA",1
"FRIDRIKSSON J",1
"Fried L.P.",1
"FRIEDMACHER C",1
"Friedmacher C.",1
"Friedman-Jimenez G.",1
"Friedman L.S.",1
"FRIEDMAN M",1
"FRIEDMAN S",1
"FRIEDRICH J",1
"Friedrich J.",1
"FRIEDRICH MG",1
"Friel S.",1
"FRIESNER RA",1
"FRIGER M",1
"FRIGERI A",1
"Frija G.",1
"FRISHMAN WH",1
"FRISTON KJ",1
"Frisullo G.",1
"FRITZSCHING KJ",1
"FROEMMING AT",1
"Froese L.",1
"FROHOLDT LL",1
"Fromm L.J.",1
"FRONTERA JA",1
"FROSINA L",1
"FROST A",1
"FROST R",1
"FROSTAD J",1
"FRÜH A",1
"FRÜHWALD T",1
"FRY CH",1
"FRY L",1
"FRYAR KN",1
"FRYDMAN L",1
"FRYKMAN V",1
"FRYSCH R",1
"Fu B.",1
"FU D",1
"FU ES",1
"FU F",1
"FU G",1
"Fu G.",1
"FU GS",1
"FU JS",1
"FU K",1
"Fu K.",1
"FU M",1
"Fu M.J.",1
"FU MJ",1
"FU MR",1
"Fu P.",1
"Fu Q.",1
"Fu R.",1
"FU SH",1
"Fu Y.Q.",1
"FU YH",1
"FU Z",1
"Fu Z.",1
"FUCHS E",1
"Fudge M.",1
"FUGLEHOLM K",1
"Fuior R.",1
"FUJII-KURIYAMA Y",1
"Fujii R.",1
"FUJII T",1
"FUJIMA N",1
"FUJIMAKI T",1
"FUJIMORI D",1
"FUJIMORI Y",1
"FUJIMOTO K",1
"Fujimoto R.",1
"FUJIMOTO Y",1
"FUJIMURA M",1
"FUJINAKA H",1
"FUJINO M",1
"FUJIOKA T",1
"Fujioka T.",1
"FUJISAKI T",1
"FUJISAWA R",1
"FUJISAWA T",1
"Fujisawa T.",1
"FUJITA D",1
"FUJITA H",1
"FUJITA K",1
"Fujita K.",1
"Fujiwara K.",1
"FUJIWARA M",1
"FUJIWARA S",1
"Fujiwara T.",1
"FUJIWARA Y",1
"Fujiwara Y.",1
"FUKADA J",1
"Fukada Y.",1
"Fukagawa K.",1
"FUKAI K",1
"Fukai K.",1
"Fukaya S.",1
"Fukuda H.",1
"FUKUDA K",1
"Fukuda S.",1
"Fukui A.",1
"FUKUI H",1
"FUKUI N",1
"FUKUI S",1
"FUKUMOTO Y",1
"FUKUOKA T",1
"Fukuta T.",1
"FULGAR CC",1
"FULLER A",1
"Fuller A.",1
"FULLER AT",1
"FULLERTON B",1
"FULLERTON DA",1
"Fumiaki F.",1
"FUMIMOTO K",1
"Fumimoto K.",1
"FUNAKI ISHIZU S",1
"FUNASAKO M",1
"Funayama M.",1
"Funazuka T.",1
"Fung A.A.",1
"Fung S.F.",1
"Funk M.",1
"FURGANI A",1
"Furinghetti M.",1
"FÜRSTENAU E",1
"Fürstenau E.",1
"FURTADO KAX",1
"FURUKAWA F",1
"FURUKAWA Y",1
"FURUTA A",1
"FURUYA H",1
"FURUYA Y",1
"Fusacchia C.",1
"FUSE Y",1
"FUSSING FH",1
"Fuster V.",1
"Fustes O.J.H.",1
"FUTAGAMI J",1
"FUTIER E",1
"FUYIN W",1
"G K",1
"G S",1
"GAAL B",1
"GAAL P",1
"GAÁL S",1
"Gaasch M.",1
"GAASTRA B",1
"Gabana P.",1
"GABBANINI S",1
"Gabbay U.",1
"GABBETT TJ",1
"GABET S",1
"Gabet S.",1
"GABRIAL C",1
"GABRIEL BEERTEN S",1
"Gabriel E.D.",1
"GABRIEL V",1
"Gabriele R.",1
"GABRIELIAN S",1
"GABRY JS",1
"Gadala I.M.",1
"Gadalla M.A.",1
"GADELMAWLA AF",1
"GADHOUMI K",1
"GADJDJOE PS",1
"GADJIAGAEV V",1
"GADZICKA E",1
"Gaebler A.J.",1
"GAEINI A",1
"GAETANO L",1
"GAGA EO",1
"GAGGINI M",1
"Gagnon D.",1
"Gagnon D.D.",1
"Gagnon D.J.",1
"GAGNON DD",1
"GAGNON J",1
"Gahir G.S.",1
"Gai P.",1
"Gai Y.",1
"Gai Z.",1
"GAIDHANE AM",1
"Gaik C.",1
"Gaikwad P.U.",1
"GAILLOUD P",1
"GAINES B",1
"Gaines B.",1
"GAITA D",1
"GAITA L",1
"GAITANAKI T",1
"Gajanayake S.",1
"GAJAPATHI G",1
"GAJIC O",1
"GAJSKI D",1
"GAKIDOU E",1
"Gakuhara A.",1
"GAL JS",1
"Gala-Bladzinska A.",1
"GALAL A",1
"GALAL M",1
"GALAM S",1
"Galam S.",1
"GALAN-LOPEZ N",1
"GALÁN I",1
"GALAN JA",1
"GALASSO G",1
"GALATTE A",1
"GAŁĄZKOWSKI R",1
"Galbraith J.C.",1
"GALDAMEZ EVC",1
"GALDON-QUIROGA J",1
"GALE CP",1
"Gale S.D.",1
"Galetta S.L.",1
"GALETTA SL",1
"GALEWSKY J",1
"Galimova T.",1
"GALÍNDEZ-AGIRREGOIKOA E",1
"GALINSKY R",1
"GALLACHER JE",1
"GALLACI CB",1
"GALLEGO DF",1
"Galletta G.",1
"GALLETTA K",1
"GALLI C",1
"GALLI D",1
"GALLINA X",1
"Gallissot F.",1
"GALLISTL V",1
"GALLO JJ",1
"GALLO O",1
"GALLOTTO SL",1
"GALLOWAY R",1
"GALLUCCI M",1
"GALOPPO S",1
"GALVIN JE",1
"Gamage P.J.",1
"Gambardella I.",1
"GAMBI F",1
"GAMBIN FLANDRIN I",1
"GAMBINI G",1
"Gamboa-Montero J.J.",1
"GAMBOA A",1
"GAMBOA L",1
"Gamboa L.",1
"GAMEIRO DA SILVA M",1
"Gammel J.",1
"GAMMIE JS",1
"GAN CX",1
"GAN K",1
"Gan L.",1
"GAN P",1
"Gan T.",1
"GAN X",1
"GAN Z",1
"Gan Z.",1
"Ganapathy T.",1
"GANASEGERAN K",1
"GANATRA S",1
"GANAU M",1
"GANÇARSKI L",1
"Gandhi A.",1
"GANDHI DBC",1
"GANDHI K",1
"GANDINI M",1
"GANDOLA M",1
"GANDOLFI CE",1
"GANESAN M",1
"Ganesh G.A.",1
"GANESH T",1
"GANEWATTE E",1
"Ganga A.",1
"GANGANAHALLI P",1
"Gangaram-Panday N.H.",1
"GANGULY PS",1
"Ganie F.A.",1
"Ganie S.M.",1
"Ganiger B.",1
"GANIYU I",1
"GANSLANDT T",1
"Ganthaler E.",1
"GANTI L",1
"GANY F",1
"Gao B.Y.",1
"Gao C.",1
"GAO CX",1
"GAO F",1
"Gao F.",1
"Gao H.",1
"Gao H.T.",1
"GAO HT",1
"Gao J.L.",1
"Gao J.Y.",1
"GAO JL",1
"GAO JN",1
"GAO K",1
"Gao M.",1
"GAO MJ",1
"Gao N.",1
"Gao Q.",1
"Gao S.",1
"GAO XY",1
"GAO YT",1
"GAO ZL",1
"GARABEDIAN C",1
"GARACI F",1
"GARADY L",1
"GARAVAGLIA ML",1
"Garazdiuk M.",1
"Garbaras A.",1
"GARBARINO A",1
"GARBER MD",1
"GARCIA-ALIX A",1
"GARCÍA-ARANDA N",1
"GARCIA-BARRERA T",1
"GARCÍA-BERROCOSO T",1
"García-Cazares R.",1
"García-Cuesta I.",1
"GARCIA-FRUITÓS E",1
"GARCÍA-GARCÍA C",1
"GARCÍA-GIL MM",1
"GARCÍA-GÓMEZ JM",1
"GARCÍA-GRAULLERA JM",1
"García-Lamberechts E.J.",1
"GARCIA-LLAMAS E",1
"GARCÍA-MONTALVO EA",1
"GARCÍA-MONTOYA C",1
"GARCIA-MUNOZ M",1
"GARCÍA-RUBIO J",1
"GARCÍA-SOLÓRZANO LA",1
"GARCÍA-VALVERDE MT",1
"GARCIA DJ",1
"GARCIA G",1
"García Gálvez J.A.",1
"GARCÍA GASALLA M",1
"García I.",1
"Garcia M.",1
"GARCIA MA",1
"GARCIA MORALES EE",1
"GARCÍA PASTOR A",1
"García Pastor A.",1
"GARCIA V",1
"GARDE B",1
"GARDINER AS",1
"GARDINER J",1
"GARDNER A",1
"GARDNER J",1
"Gardner J.",1
"Garfinkel L.P.",1
"GARFINKEL LP",1
"Garg A.",1
"Garg A.X.",1
"Garg D.",1
"Garg J.",1
"Garg P.K.",1
"Garg R.",1
"Garg S.",1
"GARGIULO M",1
"Gargiulo S.",1
"Gariazzo C.",1
"GARKAVA NA",1
"GARNAUD H",1
"GARNER SR",1
"GARNHAM J",1
"GARRANDES F",1
"GARRÈ ML",1
"GARRETT B",1
"Garrett B.",1
"Garrett N.H.",1
"GARRIDO-PUÑAL N",1
"Garrido M.V.",1
"GÄRSKOG J",1
"GARSSEN J",1
"GARTLY R",1
"GARVAN CS",1
"GARZON F",1
"Gasc T.",1
"GASECKA A",1
"GASHI AZ",1
"GĄSIOR M",1
"GAȘPAR BS",1
"GASPAR P",1
"GASPARDONE A",1
"Gasparini R.T.",1
"GASPARINO RC",1
"GASPERINI C",1
"GASQ D",1
"Gassel C.J.",1
"GASSEL CJ",1
"GASSEN NC",1
"GASSETT AJ",1
"GASSIOT F",1
"GATES RN",1
"GATSONIS C",1
"Gatto A.R.",1
"GATTO AR",1
"GATTRINGER T",1
"GAUDA EB",1
"GAUDET A",1
"Gaudet A.",1
"GAUDET VC",1
"GAUDIN N",1
"GAUDINO M",1
"GAUDIO FG",1
"Gaudreau-Simard M.",1
"GAUDRIC J",1
"GAUER RL",1
"GAUGAIN S",1
"GAUGHAN JB",1
"GAULD C",1
"GAUSSOIN SA",1
"Gaustad S.E.",1
"GAUSTAD SE",1
"GAUTAM A",1
"Gautam A.",1
"Gautam P.S.",1
"GAUTAM R",1
"GAUTIER S",1
"GAUVRIT JY",1
"GAVAHIAN M",1
"GAVALAKI A",1
"Gavalas A.",1
"GAVETT SH",1
"GAVVES E",1
"GAWELEK KL",1
"GAWRON J",1
"GAWRYLUK J",1
"Gawrys-Kopczynska M.",1
"GAY A",1
"Gay A.",1
"Gayathri C.",1
"Gayathri G.S.",1
"Gayathri K.",1
"GAYEN FR",1
"Gazmuri R.J.",1
"GE K",1
"GE L",1
"GE M",1
"Ge N.",1
"Ge P.",1
"GE Q",1
"Ge R.",1
"Ge W.",1
"GEARING M",1
"Gearing M.",1
"Gechu D.W.",1
"GEDEON B",1
"Gee C.M.",1
"GEE CM",1
"GEE JM",1
"GEE M",1
"GEERDES-FENGE HF",1
"Gehner A.",1
"GEIGER LS",1
"GEIGER SD",1
"GEISEL T",1
"GEISLER BP",1
"GEISLER RF",1
"GEKKA M",1
"Gelb D.J.",1
"GELDERBLOM M",1
"GELETKA BJ",1
"GELINNE A",1
"GELLÉR L",1
"GEMBRUCH O",1
"Gemelga G.",1
"Gemenaris M.",1
"Gemmete J.J.",1
"GEMMETE JJ",1
"GENAIN N",1
"Genç S.",1
"Gençer Ö.",1
"GENDLE C",1
"Geneshka M.",1
"GENG A",1
"GENG D",1
"GENG DH",1
"Geng J.",1
"GENG M",1
"GENG W",1
"GENITSARIDI E",1
"Genovesi S.",1
"GENTE M",1
"GENTILIN A",1
"Gentilin A.",1
"GEOCADIN RG",1
"GEOGHEGAN P",1
"GEORGE I",1
"GEORGE K",1
"GEORGE KP",1
"George P.E.",1
"GEORGE PE",1
"GEORGESCU M",1
"Georgianos P.I.",1
"Georgiev S.S.",1
"GEORGIEVA T",1
"GEORGIOPOULOS G",1
"Georgiou A.M.",1
"GEORGIOU AM",1
"Georgiou C.",1
"Gepner Y.",1
"GERACE C",1
"GERARDIN B",1
"Gerardin B.",1
"GERASHCHENKO D",1
"GERASIMENKO AY",1
"GERBER B",1
"GERBER G",1
"GERBER JC",1
"GERDS T",1
"Gergen A.K.",1
"Gerhards J.W.",1
"GERHARDSON T",1
"GERICKE A",1
"GERLACH A",1
"GERLING GJ",1
"GERMAIN DP",1
"German S.V.",1
"GERMANOVA N",1
"GERMUSKA M",1
"GEROSA G",1
"GERRETT N",1
"GERSS J",1
"Gerstein H.C.",1
"GERSTENFELD EP",1
"GESCHKE K",1
"Gessel T.",1
"GESSLER TB",1
"GESSNER BD",1
"GETACHEW L",1
"Getachew M.",1
"Getie M.Z.",1
"GETMAN MK",1
"GETMANTSEVA LV",1
"GETTEL A",1
"GEUM SW",1
"GEVAERT S",1
"GEWURTZ RE",1
"GEYTENBEEK M",1
"GHADIKOLAEI MA",1
"GHAFGHAZI S",1
"GHAGHADA KB",1
"Ghahramani R.",1
"GHALLAB S",1
"GHANBARI A",1
"GHANBARI R",1
"GHANDEHARI H",1
"GHANI U",1
"GHANTOUS GF",1
"GHARABAGHI S",1
"GHARAEE M",1
"GHARAGOUZLOO C",1
"Ghareeb S.A.",1
"GHASEMLOO N",1
"GHATE K",1
"GHAZAL M",1
"GHAZI M",1
"GHAZIHOSSEINI S",1
"Ghazihosseini S.",1
"GHAZLI A",1
"GHENASSIA L",1
"Ghesu F.C.",1
"GHEYATH B",1
"Gheyath B.",1
"Ghia S.",1
"Ghiasi F.",1
"GHIGGERI GM",1
"GHINCEA CV",1
"Ghing T.Y.",1
"Ghobakhloo S.",1
"GHODRATI F",1
"Ghofur A.",1
"GHOLAMI SK",1
"GHOLAMIVEIS R",1
"GHOLIZADEH S",1
"Ghorat F.",1
"Ghorbanian A.",1
"GHOREISHI M",1
"Ghoreishi M.",1
"GHOSH A",1
"Ghosh A.",1
"Ghosh A.K.",1
"GHOSH B",1
"Ghosh D.",1
"Ghosh G.K.",1
"GHOSH I",1
"GHOSH N",1
"GHOSH R",1
"Ghosh T.",1
"GHOSHAL R",1
"GHOSHAL S",1
"GHOSHOUNI H",1
"GHOSSEIN-DOHA C",1
"Ghouri R.G.",1
"GHOURI RG",1
"Ghwainem A.A.",1
"Giacinto J.J.",1
"GIACINTO JJ",1
"GIACOPAZZI E",1
"Giacoppo G.A.",1
"Giamello J.D.",1
"GIAMMARINO AT",1
"GIAMPIETRO V",1
"Gianetti G.G.",1
"GIANFAGNA F",1
"GIANICOLO E",1
"Giannakopoulos G.K.",1
"GIANNELLI F",1
"GIANNONI-LUZA S",1
"GIANSANTI F",1
"GIARDINI D",1
"Giarmatzis G.",1
"GIBERSON-CHEN CC",1
"GIBNEY B",1
"Gibney B.",1
"GIBSON BM",1
"GIBSON E",1
"Gibson E.",1
"GIBSON K",1
"GICAS KM",1
"GIDEON EA",1
"GIDHAGEN L",1
"GIECHASKIEL B",1
"GIERA M",1
"GIERZ Ł",1
"Gierz Ł.",1
"GIESE K",1
"Gietzen C.",1
"GIETZEN T",1
"Gigante B.",1
"GIGLI GL",1
"GIL-CALVO M",1
"GIL GF",1
"GIL J",1
"Gil L.A.",1
"GIL RJ",1
"GIL YE",1
"GILAN D",1
"GILARDONE G",1
"GILBERT F",1
"GILBERT KM",1
"GILBERT S",1
"GILCHRIST ML",1
"Giles D.",1
"GILJAM-ENRIGHT M",1
"GILL D",1
"GILL GS",1
"Gillani S.E.",1
"GILLEBERT CR",1
"GILLESPIE DC",1
"GILLESPIE E",1
"Gillette R.L.",1
"GILLIES CL",1
"GILLIES M",1
"GILLIES R",1
"GILLILAND M",1
"GILLILAND R",1
"Gilliland Y.E.",1
"Gillis T.E.",1
"GILLUM TL",1
"GILMORE EJ",1
"Gilmore M.M.",1
"GILMORE MM",1
"GILMOUR UP",1
"GILWORTH RE",1
"Gimelli A.",1
"GIN K",1
"GION M",1
"GIORGI F",1
"GIOVANELLA E",1
"Giraldo-Guzmán J.",1
"GIRARD R",1
"GIRARD S",1
"GIRARDI DJ",1
"GIRARDI LN",1
"GIRIDHARAN G",1
"Girolami B.",1
"GIRONDA Z",1
"Giroud M.",1
"GISSLÉN M",1
"GITLIN M",1
"Gitlin M.",1
"Gittins M.",1
"Giudicessi J.R.",1
"GIUFFRIDA R",1
"Giuffrida V.",1
"GIUSSANI CG",1
"GIUSTARINI D",1
"GIUSTI EM",1
"Gizzi M.S.",1
"Glaberman S.",1
"GLASER J",1
"GLASER JR",1
"GLASS HC",1
"Glass J.R.",1
"GLASS JR",1
"Glaszcz C.",1
"Glavå G.",1
"GLEASON TG",1
"GLEICHMAN AJ",1
"Glicksman R.L.",1
"GLOCKER B",1
"GLÖCKNER V",1
"Glöckner V.",1
"GLOVATSKY RM",1
"GLOVER GH",1
"GŁOWACKA IE",1
"GLOY V",1
"GLUSHAN A",1
"GLYAVINA A",1
"Gnanavelbabu A.",1
"GOA PE",1
"GOBBI G",1
"Göbel S.",1
"GOCAN S",1
"Gockowski L.F.",1
"GOCKOWSKI LF",1
"Gocoł R.",1
"GODARA A",1
"GODDARD K",1
"GODERIE T",1
"Goderie T.",1
"GODOY-LUGO JA",1
"Godoy D.A.",1
"GODOY PH",1
"GODWIN MR",1
"GODWIN W",1
"GODWIN WW",1
"GOEBEL DJ",1
"GOEBL P",1
"GOEDEGEBURE A",1
"GOEDHART R",1
"GOEL D",1
"Goel D.",1
"Goel R.",1
"GOETZ BM",1
"GOFF DC",1
"GOGGINS WB",1
"Gogia B.",1
"Gogoi P.",1
"Gogolski S.M.",1
"GOH CH",1
"GOH KW",1
"Goh L.H.",1
"Gohara T.",1
"Gohel P.",1
"Gohla G.",1
"GOHLKE JM",1
"GOJAK R",1
"GOJKOVIC-BUKARICA L",1
"GOJKOVIC S",1
"Gökçe E.",1
"GOKSEDEF D",1
"Gokul M.",1
"Golay X.",1
"GOLD WM",1
"GOLDBERG D",1
"GOLDBERG JB",1
"GOLDBERG MP",1
"GOLDBERG O",1
"GOLDBERG SA",1
"GOLDEN AP",1
"Golder K.",1
"Goldman-Yassen A.E.",1
"GOLDMAN-YASSEN AE",1
"GOLDMANN A",1
"Goldmann A.",1
"GOLDSMITH WT",1
"Goldstein L.B.",1
"GOLDSTEIN LB",1
"Goldstein M.A.",1
"Goldstein N.",1
"Goldwaser E.L.",1
"Golembeski C.A.",1
"GOLLEDGE J",1
"GOLODNEV G",1
"Golovan A.",1
"GOLOVKINA AG",1
"Golubev A.M.",1
"GOLUBOVIC J",1
"GOLUBOVIC M",1
"GOLUCH R",1
"GOMARASCHI M",1
"Gombosuren N.",1
"GOMES AA",1
"GOMES ALC",1
"Gomes C.",1
"GOMES CS",1
"GOMES DO NASCIMENTO LS",1
"Gomes G.G.C.",1
"GOMES GGC",1
"GOMES J",1
"Gómez-Arias P.J.",1
"GOMEZ-ARIZA JL",1
"GÓMEZ-CHOCO M",1
"GOMEZ-DELGADO F",1
"Gomez-Delgado F.",1
"Gomez-Galvez Y.",1
"GOMEZ-LOPEZ I",1
"Gómez-Mateos M.",1
"GOMEZ-PAZ S",1
"GÓMEZ CHOCO M",1
"Gomez D.",1
"GÓMEZ DM",1
"GOMEZ J",1
"Gomez J.E.",1
"Gomez L.A.",1
"GOMEZ LA",1
"GOMEZ M",1
"Gomez M.",1
"GÓMEZ MATEOS M",1
"GÓMEZ MBS",1
"GOMIS M",1
"Gonçalves A.",1
"GONÇALVES CR",1
"Goncalves D.F.",1
"GONCALVES I",1
"GONCALVES LM",1
"Gonçalves V.F.",1
"Goncharova O.V.",1
"GONCHIGAR SJ",1
"GONDALIA R",1
"GONDIM ML",1
"GONG AK",1
"GONG C",1
"GONG D",1
"Gong D.",1
"Gong H.",1
"Gong J.",1
"GONG K",1
"Gong K.",1
"Gong L.",1
"GONG M",1
"GONG NJ",1
"GONG P",1
"GONG R",1
"Gong R.",1
"Gong S.",1
"GONG T",1
"Gong W.",1
"Gong W.G.",1
"GONG XG",1
"Gong Z.",1
"Gongora B.",1
"GONI O",1
"Goniewicz K.",1
"Gono R.",1
"Gonsalves M.S.",1
"GONTARZ A",1
"Gontarz A.",1
"GONTU V",1
"GONZALES-INCA C",1
"GONZALES ER",1
"GONZÁLEZ-ALONSO J",1
"GONZÁLEZ-BERMÚDEZ I",1
"GONZÁLEZ-BERNAL JJ",1
"Gonzalez-Cava J.M.",1
"GONZALEZ-ESTRELLA J",1
"GONZÁLEZ-LAREDO Á",1
"GONZALEZ-MARTIN J",1
"Gonzalez-Martin J.",1
"GONZÁLEZ-MIRA E",1
"GONZALEZ-MITJANS A",1
"GONZALEZ-QUINTELA A",1
"GONZALEZ-QUIROZ M",1
"GONZALEZ-RIVERA JC",1
"GONZÁLEZ-SANTOS J",1
"GONZÁLEZ-ZACARÍAS C",1
"González A.E.",1
"GONZÁLEZ B",1
"González Balenciaga M.",1
"GONZALEZ E",1
"GONZÁLEZ IBÁÑEZ F",1
"Gonzalez J.P.",1
"GONZALEZ LF",1
"GONZATO E",1
"Gonzato E.",1
"GOODERHAM P",1
"GOODHUE C",1
"GOODIN K",1
"GOODRICH BK",1
"Goodwin K.C.",1
"GOORDEN MC",1
"Goosey-Tolfrey V.L.",1
"GOOSSENS JF",1
"GOPI AP",1
"GOPI K",1
"Gopinath S.",1
"GOPINATHANNAIR R",1
"Gopujkar S.",1
"Goralnick E.",1
"GORANTLA V",1
"GORBUNOV NV",1
"GORCHS-MOLIST M",1
"GORDIN A",1
"GORDON-WYLIE SW",1
"GORDON T",1
"Goreham J.A.",1
"GOREN O",1
"GORGENS S",1
"GÖRGENS S",1
"Görgens S.",1
"GORI D",1
"GORI T",1
"Gori T.",1
"GORIN D",1
"GORINI F",1
"GORINI G",1
"GORIS B",1
"Gormez M.A.",1
"GORMEZ MA",1
"GORNY KR",1
"Gorodetskaya G.I.",1
"Gorog D.A.",1
"GOROG DA",1
"Gorse K.",1
"GORTHI S",1
"GORY B",1
"Goryanin I.",1
"GOSAVI S",1
"Gossack-Keenan K.",1
"GOSTIMIROVIC M",1
"Gostimirovic M.",1
"GOSWAMI I",1
"GOSWAMI N",1
"GOSWAMI RM",1
"GOTO F",1
"GOTO S",1
"GOTO Y",1
"Goto Y.",1
"GOTTBRECHT MF",1
"Gottlieb E.",1
"Gottlieb M.",1
"GOU R",1
"GOU X",1
"GOUBRAN M",1
"Goubran M.",1
"Gouchoe D.A.",1
"GOUDA N",1
"Goudarzi G.",1
"Gould A.A.M.",1
"GOURLEY M",1
"GOURRAUD PA",1
"GOUVÊA BOGOSSIAN E",1
"Gouvêa Bogossian E.",1
"Gouveia N.",1
"GOVATSMARK RES",1
"Govender I.",1
"GOVINDAN RB",1
"Govindaraj S.",1
"GOVORI V",1
"Govori V.",1
"Gowda B.P.B.",1
"Gowers S.A.N.",1
"GOWERS SAN",1
"Gowrishankar K.",1
"Gowtham R.",1
"Gowthama Rajan B.",1
"GOY-THOLLOT I",1
"Goyal A.D.",1
"GOYAL M",1
"GOYAL RK",1
"GOYAL S",1
"Goyal S.",1
"Goyal S.K.",1
"GOYAL T",1
"GOZZOLI D",1
"Grabowski Ł.",1
"GRACE A",1
"GRACE ASOGBON M",1
"GRACIES JM",1
"GRAF N",1
"Graff G.",1
"GRÄFF I",1
"Graffy P.M.",1
"GRAFFY PM",1
"GRAHAM BR",1
"GRAHAM CA",1
"GRAHAM H",1
"Graham N.S.N.",1
"GRAHAM SJ",1
"GRAILLON T",1
"Gram Shou J.P.",1
"GRAMAJO-APONTE K",1
"GRAMER R",1
"GRANADOS A",1
"Granata A.",1
"GRANATA F",1
"GRANBERG T",1
"Grand J.",1
"GRANDHI R",1
"GRANDL J",1
"GRANEGGER M",1
"GRANGE-MESSENT V",1
"GRANT PE",1
"GRANT T",1
"Grant W.B.",1
"GRASS B",1
"GRASS T",1
"Grassi F.",1
"GRASSI G",1
"Grassi G.",1
"GRAU A",1
"GRAUBARD B",1
"GRAUVOGEL J",1
"GRAUWMEIJER E",1
"GRAVISH N",1
"GRAW K",1
"GRAY-EDWARDS HL",1
"Gray J.",1
"Gray M.P.",1
"GRAY Z",1
"GRAZIANO F",1
"GREBENEV F",1
"GRECO F",1
"GRECO M",1
"Greenberg J.K.",1
"Greenberg S.M.",1
"GREENE SJ",1
"GREENOUGH A",1
"GREENSPAN H",1
"Greenspon C.M.",1
"GREENWALD R",1
"Greenwald R.",1
"GREGOR L",1
"GREGORI D",1
"GREGORY CM",1
"GRELLIER J",1
"Grellier J.",1
"GRENDAR M",1
"GRESKO MV",1
"GRIBBLE MO",1
"GRIESDALE DE",1
"GRIESDALE DEG",1
"GRIESSENAUER CJ",1
"Griffin M.",1
"GRIFFIN XL",1
"Griffis J.C.",1
"GRIFFITH L",1
"Griffiths D.R.",1
"Griffiths K.",1
"GRIFFITT R",1
"GRIFONI D",1
"Grifoni D.",1
"Grigaitė J.",1
"Grigg-Damberger M.M.",1
"GRIGGS WS",1
"GRIGOLINI A",1
"GRIGOROV I",1
"GRIGORYEVA E",1
"GRILLS IS",1
"GRIMALDI M",1
"GRIMALDI R",1
"GRIMARD L",1
"GRIMSHAW JM",1
"Grin L.",1
"GRINDSTAFF R",1
"GRINTHAL A",1
"Grisold W.",1
"GRISSOM CK",1
"GRISWOLD D",1
"GRISWOLD ED",1
"Gritti F.",1
"GRIVAS GV",1
"GRKOVSKI R",1
"Grkovski R.",1
"GROBOIS L",1
"GROCOTT HP",1
"GROCOTT K",1
"GRODEN C",1
"GROENEVELD PW",1
"GRÖGER M",1
"GRØNBÆK MK",1
"GRÖNE E",1
"GRONEBERG D",1
"GRÖNHOLM T",1
"Grönholm T.",1
"GRONLUND C",1
"GRÖNLUND C",1
"GROPPA S",1
"GROSCHE A",1
"Gross A.",1
"GROSS CP",1
"GROSS JM",1
"GROSS R",1
"GROSS S",1
"GROßBACH M",1
"GRÖSSINGER D",1
"Grössinger D.",1
"GROTE A",1
"Grotewold N.",1
"GROTT M",1
"GROTTA JC",1
"GROTTO D",1
"GROVES A",1
"Groves C.P.",1
"GROVES CP",1
"Gruberová S.",1
"GRUCHALA M",1
"GRUENBAUM BF",1
"GRUETTNER C",1
"GRUMMT S",1
"GRUNAU B",1
"Grundl L.M.",1
"GRUNWALD IQ",1
"Gruslova A.B.",1
"GRUSZECKA-KOSOWSKA A",1
"GRYAZEV IP",1
"GRZECZINSKI A",1
"GRZYBOWSKI M",1
"GU A",1
"Gu C.",1
"GU D",1
"GU DF",1
"Gu F.",1
"GU HQ",1
"GU J",1
"GU K",1
"Gu K.",1
"Gu L.",1
"GU M",1
"Gu N.",1
"Gu Q.",1
"GU R",1
"Gu S.",1
"GU T",1
"GU W",1
"Gu X.G.",1
"GU XL",1
"Gu Z.",1
"GUALLAR-CASTILLÓN P",1
"GUALLAR E",1
"GUAN BY",1
"Guan C.S.",1
"Guan C.Y.",1
"GUAN G",1
"GUAN H",1
"Guan L.",1
"GUAN P",1
"GUAN Q",1
"GUAN R",1
"GUAN S",1
"GUAN TJ",1
"Guan Y.",1
"GUAN YT",1
"Guan Z.",1
"GUANCI M",1
"GUANCI MM",1
"GUANZIROLI E",1
"Guartazaca-Guerrero S.",1
"GUASCH-JIMÉNEZ M",1
"GUASCH L",1
"Guasch L.",1
"Guastafierro E.",1
"Gubaidullin D.A.",1
"Gubajdullin D.A.",1
"GUBBI J",1
"GUBERN C",1
"GUBIN D",1
"Güçlü H.",1
"GUDA C",1
"GUDIBANDE S",1
"GUDJONSDOTTIR H",1
"Gudkov A.G.",1
"GUEDENEY P",1
"GUEGUEN N",1
"Guehl N.J.",1
"GUEMAZ F",1
"GUÉPIÉ BK",1
"GUERCIO V",1
"Guerra-López J.A.",1
"GUERRA-TORT C",1
"GUERRERO-RASCADO JL",1
"Guerrero I.M.",1
"GUERRERO JWG",1
"GUERRERO R",1
"GUERRERO WR",1
"GUERRINI B",1
"Gugat J.L.",1
"GUGLIERI-LOPEZ B",1
"GUHA A",1
"GUHL E",1
"GUI H",1
"GUI J",1
"GUI R",1
"GUI S",1
"GUI Z",1
"GUIDA G",1
"GUIDETTI D",1
"Guignabert A.",1
"Guilbert J.",1
"Guillaume G.C.",1
"GUILLAUMIN J",1
"GUILLET R",1
"GUILLIAMS K",1
"Guillon C.",1
"Guin P.",1
"GUINOT PG",1
"GULATI DK",1
"Gülcan H.E.",1
"GULCICEK S",1
"GULEJ R",1
"Gulej R.",1
"Gulez T.",1
"GULLAPALLI RR",1
"GULLON P",1
"Gullon P.",1
"GÜLSUNA B",1
"GULSVIK A",1
"Gultekin E.",1
"Gummadi V.",1
"GUNARATNE J",1
"Gunasekar S.",1
"GUNASEKERA K",1
"GUNASINGHE W",1
"Gunawardana S.",1
"GUNAWARDENA H",1
"Gunawardena H.",1
"Gunderman A.L.",1
"GUNDERSEN JK",1
"Gündoğdu A.A.",1
"GÜNER N",1
"GUNES A",1
"Gunes A.",1
"GÜNEY R",1
"GUNKO N",1
"GUNN A",1
"GUNNASEGARAN P",1
"GÜNSCHE S",1
"Günsche S.",1
"GÜNSTER C",1
"GUNTER G",1
"GUNZ AC",1
"Guo B.",1
"Guo C.G.",1
"GUO DS",1
"Guo F.",1
"Guo J.Y.",1
"GUO K",1
"Guo K.",1
"Guo L.C.",1
"GUO LY",1
"GUO N",1
"GUO QB",1
"GUO WY",1
"GUO YQ",1
"GUO Z",1
"GUO ZV",1
"GUOCHUN LI",1
"GUODONG L",1
"GUPPY FM",1
"GUPTA AK",1
"Gupta B.",1
"Gupta D.",1
"GUPTA G",1
"Gupta H.",1
"Gupta K.",1
"GUPTA M",1
"Gupta M.",1
"GUPTA P",1
"Gupta R.",1
"Gupta R.D.",1
"Gupta R.M.",1
"GUPTA RD",1
"GUPTA S",1
"GUPTA SK",1
"Gupta V.",1
"GURBEL PA",1
"Gurbuz M.",1
"Gureev A.P.",1
"GUREEV AP",1
"GÜRESIR E",1
"Güresir E.",1
"GURNEY-CHAMPION OJ",1
"GURO S",1
"GURUNG-KONEY Y",1
"Gururaj C.",1
"Gurzu I.L.",1
"Gutiérrez-Avila I.",1
"GUTIÉRREZ-HERRERA MA",1
"GUTIÉRREZ-VARGAS R",1
"Gutiérrez D.",1
"GUTIÉRREZ EP",1
"GUTIERREZ JA",1
"Gutierrez R.",1
"Gutierrez S.",1
"GUTMANN IW",1
"Gutsalyuk A.G.",1
"GÜVEN R",1
"GUY JB",1
"GUY R",1
"Guy R.",1
"Guyer H.",1
"GUYETTE FX",1
"Guyler S.K.",1
"GUYOTAT N",1
"GUZIK A",1
"GUZINSKI M",1
"GUZMAN D",1
"Guzmán Sánchez A.",1
"GVODJAKOVA A",1
"GWALTNEY C",1
"Gwon J.G.",1
"GYARMATHY VA",1
"Gyasi R.M.",1
"GYSEL JV",1
"HA B",1
"HA H",1
"HA K",1
"HA S",1
"HA X",1
"HAACK TB",1
"Haacke E.M.",1
"Haaf P.",1
"HAAG MDM",1
"HAAG T",1
"HAANES KA",1
"Haapanen-Saaristo A.M.",1
"HAAPANEN-SAARISTO AM",1
"HAAS CB",1
"Haase R.",1
"Habeeb E.",1
"HÅBERG SE",1
"HABERMANN R",1
"HABERSTROH J",1
"HABIB MM",1
"HABIB P",1
"Habib P.",1
"HABIB S",1
"HABIBI M",1
"Habibi P.",1
"HABIBZADEH A",1
"HABIBZADEH S",1
"HABOIAN K",1
"HABTEGIORGIS SD",1
"HABUMUGISHA T",1
"HACHIYA H",1
"HACHUŁA M",1
"HACKER A",1
"HACKETT CT",1
"HACKL WO",1
"HACON SS",1
"HADAD R",1
"Hadad R.",1
"HADAVAND N",1
"HADDAD E",1
"HADDAD N",1
"HADDAD O",1
"HADDAD P",1
"Haddad P.",1
"Hadde E.K.",1
"HADEED KHAWAR MM",1
"Hadei M.",1
"HADFORD S",1
"Hadi A.H.",1
"Hadi M.S.",1
"HADI N",1
"Hadidi H.M.",1
"HADJIATHANASIOU A",1
"HADKHALE K",1
"Hadley G.",1
"HADLEY JR",1
"HADLEY M",1
"Hadley M.B.",1
"Hadli A.S.",1
"Hadriche A.",1
"Hafeez A.",1
"HAFNER H",1
"Häfner S.J.",1
"HÄFNER SJ",1
"HAGAN JL",1
"HAGBERG H",1
"Hage A.",1
"HAGE S",1
"HAGEEN AW",1
"HAGEMANN G",1
"HAGEMEYER CE",1
"HAGEMEYER DA",1
"HAGENACKER T",1
"HAGGIAG S",1
"Haggiag S.",1
"Haghani A.",1
"HAGHI SHR",1
"Haghighi K.",1
"HAGIWARA A",1
"HAGIYA H",1
"HAGL C",1
"HAGLUND MM",1
"Hahn M.B.",1
"HÄHNEL T",1
"HAHNFELDT R",1
"HAHNLOSER RHR",1
"HAI T",1
"Hai V.G.",1
"HAI VD",1
"HAI Y",1
"HAIDER MU",1
"HAILEY L",1
"HAILUN P",1
"HAINES A",1
"Haines A.",1
"HAINES IR",1
"HAINS J",1
"HAIOUN K",1
"Haitham N.A.",1
"HAJAT S",1
"Hajiakbari M.",1
"HAJICHARALAMBOUS C",1
"Hajiesmaeili M.",1
"HAJIKARIMLOO B",1
"HAJIZADEH Y",1
"HAKAIM AG",1
"HAKAMI AH",1
"HAKAMI KI",1
"HAKIM A",1
"HAKIM L",1
"Hakoyama T.",1
"HALABA Z",1
"HALABI G",1
"HALABI JM",1
"HAĽAMOVÁ M",1
"HALASZ G",1
"Halawa A.",1
"Halba A.",1
"HALBFASS P",1
"Halbfass P.",1
"Hales P.W.",1
"HALIDU BO",1
"HALIRU L",1
"HALL CB",1
"HALL DA",1
"HALL H",1
"HALL J",1
"Hall J.",1
"HALL JE",1
"HALL K",1
"HALLACOGLU B",1
"HALLIGAN P",1
"Hallinan J.T.P.D.",1
"HALLIT S",1
"HALTENHOF T",1
"HALTER RJ",1
"Halvorsen P.S.",1
"HALVORSEN PS",1
"HAM T",1
"HAMACHER S",1
"HAMADA A",1
"HAMADA F",1
"Hamada M.",1
"HAMAN F",1
"HAMANN S",1
"HAMANO T",1
"Hamatani Y.",1
"HAMAZAKI K",1
"Hambarde S.",1
"HAMDAN R",1
"HAMDI F",1
"HAMDI R",1
"Hamdy M.M.A.",1
"HAMED A",1
"HAMEDANI AG",1
"Hameed H.K.",1
"HAMEED HK",1
"HAMEED I",1
"Hameed I.",1
"HAMEL A",1
"HAMEL E",1
"Hamer D.",1
"HAMERLA A",1
"HAMETNER C",1
"Hamid A.H.A.",1
"HAMID K",1
"Hamid N.E.A.",1
"Hamid Q.Y.",1
"Hamidovic A.",1
"Hamila M.",1
"HAMILL L",1
"Hamilton-Craig C.",1
"HAMILTON-FLETCHER G",1
"HAMILTON I",1
"Hamilton J.I.",1
"HAMILTON LA",1
"Hamilton P.",1
"Hamilton S.J.",1
"HAMILTON SJ",1
"HAMMAMIEH R",1
"Hammervold R.",1
"Hammett D.L.",1
"Hammouche D.",1
"HAMOUDA K",1
"HAMRICK SEG",1
"HAMRICK WC",1
"Hamstra S.I.",1
"Hamza N.H.",1
"Han C.",1
"Han C.Y.",1
"Han D.",1
"Han E.",1
"HAN FJ",1
"HAN FX",1
"Han G.",1
"HAN H",1
"Han H.J.",1
"HAN HL",1
"Han J.",1
"HAN JY",1
"HAN K",1
"Han K.",1
"Han L.",1
"HAN LM",1
"HAN M",1
"Han M.",1
"HAN MK",1
"Han N.T.",1
"Han Q.",1
"Han R.",1
"Han S.J.",1
"HAN SJ",1
"HAN SM",1
"HAN SY",1
"Han T.",1
"HAN TS",1
"HAN TURKSEVEN C",1
"Han Y.H.",1
"Han Y.L.",1
"HAN ZY",1
"HANADA K",1
"Hanada R.",1
"HANAFUSA K",1
"HANAFY KA",1
"HANAKITA S",1
"HANAN A",1
"HANANO H",1
"HANAZAWA K",1
"HANBURY DB",1
"HANCOCK C",1
"Handa T.",1
"Handa U.",1
"HANDY L",1
"Haney L.",1
"Hang K.",1
"HANGEL G",1
"HANH PT",1
"HANIBUCHI T",1
"HANIF S",1
"HANIGAN I",1
"HANKEY A",1
"HANKEY GJ",1
"HANKIN B",1
"HANNA L",1
"HANNA MG",1
"HANNAN C",1
"Hannan F.M.",1
"HANNAN KE",1
"HANNAT R",1
"HANNEMAN K",1
"Hanneman K.",1
"HANSBRO PM",1
"Hänsel M.",1
"HANSELL A",1
"HANSEN A",1
"Hansen A.L.",1
"HANSEN AL",1
"HANSEN B",1
"HANSEN HHG",1
"HANSEN K",1
"HANSEN R",1
"HANSON-EASEY S",1
"HANSON-KAHN A",1
"Hanson D.",1
"HANSON G",1
"HANSSON E",1
"Hansson E.",1
"HANSSON O",1
"Hanumegowda S.M.",1
"HANUMEGOWDA SM",1
"HANYU-ZHU HJ",1
"HAO A",1
"Hao C.",1
"HAO F",1
"Hao H.",1
"Hao J.",1
"Hao J.M.",1
"HAO JH",1
"HAO M",1
"HAO P",1
"Hao Q.",1
"Hao S.",1
"HAO T",1
"Hao T.",1
"Hao W.j.",1
"HAO WJ",1
"Hao X.",1
"HAO YB",1
"Hao Z.",1
"Haoyuan C.",1
"HAPIEIENKO DD",1
"HAPIL FZ",1
"HAPP DF",1
"Happel J.",1
"HAR C",1
"Hara N.",1
"Hara S.",1
"Harada F.",1
"HARADA K",1
"Harada M.",1
"HARADA N",1
"HARADA T",1
"HARAHUS JM",1
"Harake J.E.",1
"HARALE M",1
"HARANHALLI N",1
"HARARY M",1
"HARBERT MJA",1
"Hard S.A.A.A.",1
"HARD SAAA",1
"HARDING KE",1
"HARDY CJ",1
"HARDY CJD",1
"Hare B.M.",1
"HARE E",1
"Harej Hrkać A.",1
"HARFORD M",1
"Harford M.",1
"Hargreaves J.A.",1
"Hari Sudharsan G.",1
"Hariharan D.",1
"Hariharan N.",1
"Haris F.A.",1
"HARISI A",1
"HARISINGHANI M",1
"HARLAND N",1
"Harland N.",1
"Harley J.",1
"HARLOW ER",1
"HARMON HM",1
"HARMON M",1
"Haroon K.H.",1
"HAROUN N",1
"HARP JB",1
"HARPAZ D",1
"Harpaz D.",1
"Harper J.R.",1
"HARRAR DB",1
"HARRER A",1
"HARRINGTON JM",1
"HARRINGTON KF",1
"HARRIS-MOSTERT RC",1
"HARRIS A",1
"Harris A.W.",1
"HARRIS D",1
"Harris E.",1
"HARRIS JE",1
"Harris S.T.",1
"HARRISON DJ",1
"HARRISON JF",1
"HARRISON RM",1
"HARSONO M",1
"Hart D.",1
"HART E",1
"Hart J.E.",1
"Harteveld A.A.",1
"HARTING I",1
"Hartings J.A.",1
"HARTLEY-MCANDREW ME",1
"HARTMAN AR",1
"HARTMANN A",1
"HARTMANN K",1
"HARTMANN KM",1
"Haruta A.",1
"HARVEY B",1
"Harvey E.",1
"Harvey E.C.",1
"HARVEY EC",1
"Harwood R.H.",1
"Haryo Teguh R.H.",1
"Hasan H.A.",1
"Hasan I.",1
"HASAN M",1
"Hasan M.M.",1
"Hasan N.",1
"Hasan S.",1
"HASE M",1
"HASE Y",1
"HASEGAWA K",1
"HASEGAWA M",1
"HASEGAWA T",1
"HASELJIĆ H",1
"Hashem M.",1
"HASHEMI SS",1
"HASHEMIZADEH KOLOWORI SK",1
"HashemizadehKolowri S.K.",1
"Hashim W.M.",1
"HASHIM WM",1
"Hashimoto G.",1
"HASHIMOTO K",1
"HASHIMOTO N",1
"HASHIMOTO Y",1
"Hashimoto Y.",1
"Hashitomi T.",1
"Hashiyama T.",1
"HASHIZUME N",1
"HASHIZUME Y",1
"Hashmi A.T.",1
"HASHMI OH",1
"HASIĆ S",1
"Haşlak F.",1
"Haslam B.S.",1
"HASLAM BS",1
"Haspel C.",1
"HASSAGER C",1
"HASSAN H",1
"Hassan H.A.",1
"Hassan K.A.",1
"HASSAN KHAN W",1
"HASSAN M",1
"Hassan M.",1
"Hassan M.A.S.M.",1
"Hassan M.M.",1
"Hassan N.",1
"HASSAN SZ",1
"HASSANI K",1
"HASSANLOUEI B",1
"HASSANVAND MS",1
"Hassdenteufel A.",1
"HASSMAN BN",1
"HASWELL D",1
"HATA J",1
"HATA S",1
"HATA T",1
"HATAKENAKA S",1
"HATAKEYAMA H",1
"HATAKEYAMA J",1
"HATAKEYAMA K",1
"Hatakeyama K.",1
"Hatakeyama N.",1
"HATCH SL",1
"Hatchett B.J.",1
"HATLEVIK Ø",1
"Hattab M.",1
"HATTON KW",1
"Hattori M.",1
"HATTORI N",1
"HATTORI S",1
"HATZIDAKIS A",1
"HATZOPOULOU M",1
"HAUGAARD SB",1
"HAUGEN MA",1
"Hauser E.G.",1
"HÄUSSINGER D",1
"Haut L.N.",1
"HAVENITH G",1
"HAVERBECK L",1
"HAVERKATE TMI",1
"HAWKES EW",1
"HAWKES LA",1
"Hawkins L.J.",1
"HAWSAWI AA",1
"HAY S",1
"Hay S.I.",1
"HAYAKAWA A",1
"HAYAKAWA M",1
"HAYANO D",1
"HAYASHI H",1
"HAYASHI K",1
"Hayashi K.",1
"Hayashi M.",1
"Hayashi N.",1
"Hayashi Y.",1
"HAYDEN KM",1
"Hayer S.",1
"HAYES AW",1
"Hayes G.",1
"Hayes J.B.",1
"Hayes R.B.",1
"HAYES RB",1
"HAYKAL-COATES MI",1
"HAYLOCK RGE",1
"HAYMAN JA",1
"HAYMORE J",1
"HAYNES E",1
"HAYNES J",1
"Haynes J.",1
"HAYNES M",1
"HAZARI AK",1
"HAZBALLA D",1
"HAZELTON C",1
"Hazelton C.",1
"HAZLETT LD",1
"HAZUT-KRAUTHAMMER S",1
"Hbaieb M.A.",1
"HE A",1
"He B.Q.",1
"HE CJ",1
"HE DX",1
"He G.X.",1
"HE GX",1
"He H.n.",1
"HE K",1
"He K.",1
"He L.",1
"HE LP",1
"He M.",1
"HE P",1
"HE R",1
"He S.X.",1
"HE SX",1
"He W.",1
"HE XF",1
"HE YJ",1
"HEAD J",1
"HEAL C",1
"HEALY EJ",1
"HEALY J",1
"HEATH SP",1
"HEATHCOTE A",1
"HEATON SC",1
"Hebant B.",1
"HEBBALLI VV",1
"HECHT N",1
"Heckler E.P.",1
"HECKLER EP",1
"HEDBLAD B",1
"HEDBRANT A",1
"Hedia H.S.",1
"Hedjoudje A.",1
"HEDTMANN G",1
"HEEGAARD S",1
"HEENEY ND",1
"HEGARTY K",1
"HEGARTY KJ",1
"HEGDE J",1
"HEGDE S",1
"HEGEMAN-DINGLE RR",1
"Hegewald J.",1
"HEI B",1
"HEI F",1
"HEIANZA Y",1
"Heiberg A.V.",1
"Heidari H.",1
"Heidarzadegan A.R.",1
"HEIDARZADEGAN AR",1
"HEIJINK M",1
"HEIKKILÄ M",1
"HEIL D",1
"HEILAND S",1
"HEIMALL LM",1
"HEIMBUCHER T",1
"HEINDL S",1
"HEINRICH J",1
"HEINRICH M",1
"Heinrich M.",1
"Heisser R.H.",1
"HEISTER U",1
"HEIT JJ",1
"HEITKAMP A",1
"HEITKAMP C",1
"HEITKAMP NM",1
"Hejnova L.",1
"Hekmatpour P.",1
"HELBIG LC",1
"HELBLING A",1
"HELD U",1
"HELED Y",1
"HELETIUK YL",1
"HELFINGER V",1
"HELGERUD J",1
"HELIKAR T",1
"HELLBLOM A",1
"HELLE M",1
"HELLEVIK LR",1
"Hellou E.",1
"HELLSTROM-WESTAS L",1
"HELMAN AM",1
"Helmerich C.",1
"HELMFRID I",1
"HELMS J",1
"Helms J.",1
"HELMY D",1
"HELSPER M",1
"Helsper M.",1
"HELTE E",1
"Helte E.",1
"HELWEG-LARSEN K",1
"Hemanandh J.",1
"Hemati F.",1
"HEMINGWAY R",1
"HEMKENS LG",1
"Hemmatpour B.",1
"HEMMEN T",1
"HEMMER B",1
"HEMMER LB",1
"HEMMIG AK",1
"Hemnes A.",1
"HENCKAERTS L",1
"HENDERSON GV",1
"HENDERSON K",1
"HENDERSON VW",1
"Hendin A.",1
"HENDRIANUS H",1
"Hendrianus H.",1
"HENDRICX W",1
"HENDRIKS S",1
"Hendriks S.",1
"Hendrix R.J.",1
"Heng J.",1
"Henion A.K.",1
"HENKES H",1
"HENKIN Y",1
"HENNEL F",1
"HENNEMAN R",1
"HENNERSDORF F",1
"HENNIG F",1
"Henning A.",1
"Henning R.J.",1
"HENNING RJ",1
"HENNINGER N",1
"HENNINGSSON E",1
"HENNIS A",1
"HENRI C",1
"Henriette B.",1
"HENRIKSEN TB",1
"HENRIQUES B",1
"Henriques R.N.",1
"HENRIQUEZ AR",1
"Henry J.E.",1
"HENRY MAAC",1
"HENSON GD",1
"HENSON P",1
"HENSON T",1
"HENTZ R",1
"HEO JH",1
"HEO S",1
"Heo S.",1
"HEO Y",1
"HERAK I",1
"HERAN MKS",1
"HERAS-ROMERO Y",1
"Heras-Romero Y.",1
"Herath H.M.C.M.B.",1
"HERAULT L",1
"HERB K",1
"HERBERT GW",1
"HERBST C",1
"HERCBERG S",1
"HERCO M",1
"HEREDIA C",1
"HERGENROEDER GW",1
"HERIAL NA",1
"HERING A",1
"HERLITZ J",1
"HERMAN LL",1
"HERMANNS VC",1
"HERMANS-DIDIER A",1
"HERMANS L",1
"Hermansen K.",1
"HERMES D",1
"Hermiati A.S.",1
"Hern Santoso R.R.",1
"HERNÁNDEZ-ÁVALOS I",1
"Hernandez-Garcia L.",1
"HERNÁNDEZ-RODRÍGUEZ I",1
"HERNÁNDEZ-ZAVALA A",1
"HERNANDEZ A",1
"HERNÁNDEZ G",1
"Hernandez G.",1
"HERNANDEZ JC",1
"Hernandez K.",1
"HERNANDEZ M",1
"HERNÁNDEZ MM",1
"HERNANDO AA",1
"HEROLD J",1
"HERON DE",1
"Herpich F.",1
"Herrera-Molina E.",1
"Herrera-Murillo M.A.",1
"HERRERA-MURILLO MA",1
"Herrera-Ospina E.",1
"HERRMANN A",1
"Herrmann A.",1
"HERRMANN AM",1
"HERRMANN E",1
"HERRMANN J",1
"Herrmann J.R.",1
"HERROCK O",1
"HERRON TJ",1
"HERSHEY G",1
"HERTEL T",1
"HERTELENDY AJ",1
"HERTEN A",1
"HERTIG E",1
"HERTING B",1
"HERTING MM",1
"HERTL M",1
"HERTTUA K",1
"Hervella P.",1
"Herwald S.E.",1
"HERZ J",1
"HESCHL S",1
"HESPANHOL V",1
"HESS F",1
"Hess R.",1
"HESTER S",1
"Hettich D.",1
"HETTS SW",1
"HEUER GG",1
"Heuer S.",1
"Heuvelmans M.A.",1
"HEVIA-RAMOS G",1
"HEYD F",1
"Heydari S.",1
"HEYDE C",1
"HEYE AK",1
"HEYER A",1
"HEYER I",1
"HEYING R",1
"Heylen L.",1
"HEYNE R",1
"HEYNE RJ",1
"Hibbe P.",1
"HIBBS AM",1
"HIBINO M",1
"Hibner B.A.",1
"HIBNER BA",1
"HICKEY A",1
"HICKMAN S",1
"HICKMOTT LS",1
"HICKOK G",1
"HIDAJAT M",1
"Hidajat M.",1
"HIDALGO-GARCÍA D",1
"HIDALGO-SALAVERRI J",1
"HIDALGO L",1
"Hidalgo Mayoral I.",1
"HIDRI L",1
"HIEDA M",1
"Hiep N.H.",1
"HIGAKI T",1
"Higashigawa M.",1
"HIGASHIHARA J",1
"HIGASHIYAMA A",1
"Higashiyama A.",1
"HIGGINS JPT",1
"HIGGINS RD",1
"Higgins T.L.",1
"HIJIOKA M",1
"HIJIOKA Y",1
"Hikichi H.",1
"HILAIRE E",1
"HILAL A",1
"Hilal F.",1
"HILDEBRAND MS",1
"HILKENS NA",1
"Hill A.M.",1
"Hill E.S.",1
"Hill J.",1
"HILL LJ",1
"HILL N",1
"HILL NJ",1
"HILLER B",1
"Hillman T.C.",1
"HILLMAN TC",1
"HILLNER BE",1
"HILTON CMH",1
"HINDUJA A",1
"Hines A.L.",1
"HINES AC",1
"HINES AL",1
"HINES C",1
"Hinksman C.A.",1
"HINKSMAN CA",1
"HINSHAW H",1
"HINSKE LC",1
"HINTEREDER G",1
"HINTEREGGER N",1
"Hintz C.",1
"Hintz C.N.",1
"HINTZ CN",1
"HINTZ SR",1
"HINZMANN J",1
"HIPPELHEUSER JE",1
"Hirabayashi H.",1
"Hiraga A.",1
"HIRAI T",1
"HIRAIRI T",1
"Hirairi T.",1
"HIRAKAWA A",1
"HIRAKI M",1
"Hiraki M.",1
"HIRAKO S",1
"HIRAMATSU G",1
"HIRAMATSU R",1
"HIRAMATSU S",1
"HIRANO G",1
"Hirano G.",1
"Hirano K.",1
"HIRANO T",1
"HIRANO Y",1
"HIRANPHAN P",1
"Hirao D.",1
"HIRASAWA H",1
"HIRASHI S",1
"HIRATA A",1
"Hirata A.",1
"HIRATZUKA HA",1
"Hirayama I.",1
"HIRAYAMA K",1
"Hirayama Y.",1
"Hirayu N.",1
"Hiremath S.D.",1
"HIROFUJI S",1
"HIROHATA S",1
"HIROKAMI J",1
"HIROKAWA S",1
"Hiroki R.",1
"Hironaka R.",1
"HIROSE N",1
"HIROSE T",1
"HIROTA S",1
"Hirota S.",1
"Hirsch A.G.",1
"HIRSCH AG",1
"Hirschhorn R.",1
"HIRSCHLER L",1
"HIRTH RA",1
"HISAKA A",1
"HISAMATSU T",1
"HISAMURA M",1
"HISAMURA W",1
"Hisato O.",1
"HISATSUNE A",1
"Hisette Q.",1
"HJÄRPE A",1
"Hladkykh F.V.",1
"HLEBAROV I",1
"Hleihil M.",1
"HLUBEK N",1
"Hlubek N.",1
"Hmede R.",1
"Hminat A.",1
"HO AF",1
"HO C",1
"HO D",1
"HO E",1
"HO F",1
"HO H",1
"Ho H.C.",1
"Ho H.Y.",1
"HO HH",1
"Ho J.S.Y.",1
"HO JC",1
"HO JO C",1
"HO JY",1
"HO K",1
"HO KF",1
"HO KY",1
"HO L",1
"Ho L.T.",1
"Ho M.S.",1
"HO PL",1
"Ho T.H.",1
"Ho T.S.",1
"HO UC",1
"HOANG-XUAN K",1
"HOANG KB",1
"HOANG LNN",1
"HOANG LT",1
"Hoang T.P.T.",1
"HOANG TPT",1
"HOBBS MM",1
"HOBIN E",1
"Hobin E.",1
"Hochfellner B.",1
"HOCHWALD O",1
"HOCKE LM",1
"HOCKIN BCD",1
"HOCKING R",1
"HOD A",1
"HOD R",1
"HODGSON D",1
"HODGSON KJ",1
"HODGSON L",1
"HODGSON M",1
"HODIAMONT CJ",1
"HODICS T",1
"HODOVÁN R",1
"HOEHNDORF R",1
"Hoek A.E.",1
"HOEK AE",1
"HOELTER P",1
"Hoenicka M.",1
"Hofer A.",1
"HOFF MLM",1
"HOFFMAN A",1
"HOFFMAN B",1
"HOFFMAN JRH",1
"HOFFMANN A",1
"Hoffmann B.",1
"HOFFMANN GF",1
"Hoffmann P.P.",1
"HOFMANN AG",1
"HOFMANN JN",1
"HOFMEIJER J",1
"HOGAN C",1
"Hogan C.",1
"HOGAN DB",1
"HOGAN K",1
"HOHMANN C",1
"HOHSFIELD K",1
"Hoiland R.L.",1
"Høj S.",1
"HOJO N",1
"HOKARI M",1
"Hokari M.",1
"Hokoi S.",1
"HOLDEN N",1
"HOLDER A",1
"HOLDSWORTH DA",1
"HOLDT LM",1
"HOLLAND I",1
"HOLLAND M",1
"HOLLANDER JM",1
"HOLLANDER K",1
"Hollander K.",1
"HOLLING M",1
"HOLLINS A",1
"HOLM-MERCER L",1
"Holm N.N.",1
"HOLMBERG HC",1
"Holmes E.",1
"HOLMES MF",1
"HOLMES SD",1
"HOLMGREN M",1
"Holmgren M.",1
"HOLODINSKY JK",1
"HOLT JAHR S",1
"HOLTKAMP M",1
"HOLUBEC T",1
"HOLZWARTH N",1
"Holzworth R.H.",1
"Homaghostar G.",1
"HOMMA K",1
"HOMOD RZ",1
"HONDA K",1
"HONDA TJ",1
"Honda Y.",1
"HONER WG",1
"HONG C",1
"Hong D.K.",1
"HONG DK",1
"HONG H",1
"HONG HG",1
"Hong J.C.",1
"Hong J.M.",1
"HONG JY",1
"HONG KS",1
"Hong L.",1
"HONG M",1
"Hong M.",1
"Hong P.",1
"HONG S",1
"Hong S.H.",1
"HONG SH",1
"Hong T.",1
"HONG X",1
"Hong X.",1
"HONG XIAO X",1
"Hong Y.",1
"HONG YL",1
"HONGO K",1
"HONGO T",1
"HONGWEI AN",1
"HONIDEN S",1
"HONIGBERG MC",1
"HONJO K",1
"Honkanen H.P.",1
"Honma S.",1
"Honndorf S.",1
"HONOLD S",1
"HOOD N",1
"HOOD NA",1
"HOOD RL",1
"Hooda S.",1
"HOOFER K",1
"Hoogma D.F.",1
"HOOKER SP",1
"Hoole P.",1
"HOOPER K",1
"HOOPER SB",1
"HOOSHMAND B",1
"HOOVER C",1
"Hoover C.",1
"HOOVER T",1
"HOPKE PK",1
"HOPKIN RJ",1
"HOPKINS BD",1
"HOPKINS L",1
"HOPKINS SR",1
"HOPMAN MTE",1
"Hopmann C.",1
"HOPPER M",1
"HORAN KA",1
"HORDACRE B",1
"HORI M",1
"HORI S",1
"HORICK N",1
"HORIE T",1
"HORIOKA K",1
"HORN D",1
"HORN GP",1
"HORN J",1
"Horn J.D.",1
"HORN JD",1
"HORN M",1
"Horn M.",1
"Horng G.J.",1
"HORNIBROOK S",1
"Hornsby H.",1
"HORODECKI M",1
"HORSBURGH K",1
"Hørsdal O.K.",1
"HORSEMAN M",1
"HORST EA",1
"HORST KK",1
"Horst S.T.",1
"HÖRSTER H",1
"HORSTMEIER S",1
"HORTON DE",1
"HORTON R",1
"HORTON TW",1
"HORVAT I",1
"Horváth L.",1
"HORVATH T",1
"HOSAKA I",1
"HOSE DR",1
"Hosen M.I.",1
"HOSHI K",1
"HOSHIDE S",1
"HOSHINO S",1
"HOSKIN PJ",1
"HOSKOTE C",1
"HOSOBA S",1
"HOSONO S",1
"HOSONO T",1
"Hossain F.",1
"Hossain M.K.",1
"HOSSAIN MA",1
"HOSSAIN MK",1
"HOSSAIN MZ",1
"HOSSAIN N",1
"HOSSAIN S",1
"HOSSAIN SS",1
"HOSSBACH J",1
"Hosseini E.",1
"HOSSEINI K",1
"HOSSEINI M",1
"Hosseini M.",1
"Hossri S.",1
"Hostetter J.",1
"HOSTETTLER I",1
"HOSTLER D",1
"Hotta H.",1
"Hotz I.C.",1
"HÖTZSCH J",1
"HOU B",1
"Hou G.",1
"HOU J",1
"Hou J.",1
"Hou M.M.",1
"HOU P",1
"HOU ST",1
"Hou W.",1
"HOU Z",1
"HOU ZG",1
"HOUKIN K",1
"HOULE SJD",1
"Hountalas T.D.",1
"HOUOT H",1
"HOUSE JS",1
"HOUSER J",1
"HOUSTON M",1
"HOVING EW",1
"HOVING JW",1
"HOVIS GEA",1
"HOW V",1
"HOWARD DH",1
"Howard K.E.",1
"HOWARD KE",1
"HOWARD SC",1
"HOWARD T",1
"HOWARD V",1
"HOWARD VJ",1
"Howarth M.V.",1
"HOWARTH MV",1
"HOWDEN EJ",1
"Howe C.A.",1
"HOWE CJ",1
"HOWELLS T",1
"HOWLETT A",1
"Hoyer I.",1
"Hoyer U.C.I.",1
"Hoyles L.",1
"HR D",1
"HRABAR J",1
"HRABARCHUK E",1
"HREHA K",1
"Hreha K.",1
"HREHOROVICH PA",1
"HRISTOVA K",1
"HROMATKO I",1
"HRUSKA P",1
"HRYHORENKO MS",1
"Hsiao C.C.",1
"HSIAO CC",1
"HSIAO CH",1
"HSIAO MY",1
"HSIAO SH",1
"Hsieh C.C.",1
"HSIEH CH",1
"HSIEH DHP",1
"HSIEH HM",1
"HSIEH HY",1
"Hsieh K.L.",1
"Hsieh Y.H.",1
"HSIEH YH",1
"HSING C",1
"HSU AL",1
"HSU CY",1
"HSU HH",1
"HSU JC",1
"HSU JY",1
"HSU LL",1
"HSU MJ",1
"HSU SP",1
"Hsu T.H.",1
"Hsu W.C.",1
"HSU YC",1
"HSU YT",1
"HSUE PY",1
"HSUEH FS",1
"Hsun-Jui H.",1
"HTET LS",1
"Htet M.",1
"HTUN SS",1
"HTUN Y",1
"Hu B.",1
"HU FB",1
"HU FH",1
"Hu G.",1
"HU GC",1
"HU HQ",1
"Hu J.M.",1
"HU JM",1
"HU JP",1
"Hu K.",1
"HU KR",1
"Hu L.L.",1
"HU LW",1
"HU MH",1
"Hu Q.",1
"HU SG",1
"HU SS",1
"HU WP",1
"Hu X.F.",1
"Hu X.Y.",1
"HU YC",1
"HU YG",1
"HU YH",1
"HU YN",1
"HU YS",1
"HU ZJ",1
"Hua K.",1
"HUA L",1
"Hua S.",1
"HUA WP",1
"Hua Y.",1
"HUA Z",1
"HUAI Y",1
"Huaman-Sanchez K.",1
"HUANG A",1
"HUANG BS",1
"Huang C.C.",1
"HUANG CW",1
"Huang D.W.",1
"HUANG GX",1
"HUANG HC",1
"Huang J.S.",1
"Huang J.T.",1
"HUANG JF",1
"HUANG KC",1
"HUANG KL",1
"HUANG KS",1
"HUANG KY",1
"HUANG LA",1
"HUANG N",1
"HUANG P",1
"Huang P.",1
"HUANG PC",1
"HUANG PZ",1
"Huang Q.Y.",1
"HUANG QS",1
"HUANG QY",1
"HUANG R.",1
"HUANG SQ",1
"HUANG SW",1
"HUANG SY",1
"HUANG TH",1
"HUANG WC",1
"HUANG WJ",1
"HUANG WW",1
"HUANG WZ",1
"Huang X.n.",1
"HUANG XF",1
"Huang Y.X.",1
"Huang Y.Y.",1
"HUANG YC",1
"HUANG YL",1
"HUANG YP",1
"HUANG YX",1
"HUANG ZH",1
"HUANG ZL",1
"HUANG ZX",1
"HUBER J",1
"HUBER L",1
"Huber P.",1
"HUBER R",1
"HUBER T",1
"Huber T.",1
"HUBERT A",1
"HUBERTUS S",1
"HUCHET C",1
"HUDSON KP",1
"HUDSON LC",1
"HUDSON T",1
"HUE O",1
"Huebner G.M.",1
"HUECKER M",1
"Huecker M.",1
"HUENGES WAJER I",1
"HUENGES WAJER IMC",1
"HUERTA M",1
"HUETZ C",1
"Huffstutler C.D.",1
"HUFLAGE H",1
"HUGELSHOFER M",1
"Hughes F.",1
"HUGHES GC",1
"HUGHES GW",1
"HUGHES J",1
"HUGHES T",1
"HUI CH",1
"HUI CM",1
"Hui D L.",1
"HUI ES",1
"HUI F",1
"HUI H",1
"HUI K",1
"HUI R",1
"HUIJBERTS M",1
"HUIJUAN W",1
"HUILI Z",1
"HUKIN J",1
"HUKPORTIE DN",1
"Hulscher F.",1
"HUMBEL A",1
"Humphrey J.L.",1
"HUMPHREY JL",1
"HUMPHRIES MD",1
"HUNDESSA S",1
"Hung C.S.",1
"Hung D.N.",1
"Hung J.",1
"HUNG KC",1
"HUNG LC",1
"Hung P.D.",1
"HUNG PD",1
"HUNNANGKUL S",1
"HUNSICKER O",1
"HUNT D",1
"HUNT KJ",1
"HUNTER G",1
"HUNTER K",1
"HUNTER RP",1
"HUNTER SM",1
"HUO B",1
"HUO E",1
"HUO F",1
"Huo M.",1
"Huo R.",1
"HUO S",1
"HUPPERT A",1
"HURLEY A",1
"HURRELL M",1
"HURST RW",1
"HURVITZ P",1
"HURWITZ BE",1
"HURWITZ M",1
"HUSAIN HS",1
"HUSAIN RA",1
"Husarova I.O.",1
"HUSSAIN ADIL I",1
"HUSSAIN AS",1
"HUSSAIN D",1
"Hussain D.",1
"HUSSAIN F",1
"HUSSAIN K",1
"Hussain M.",1
"HUSSAIN MS",1
"HUSSAIN SI",1
"Hussan S.",1
"HUSSEIN M",1
"Hussein N.J.",1
"Hussein R.",1
"HUTCHESON R",1
"Hutcheson R.",1
"Hutchins K.P.",1
"HUTCHINS KP",1
"HUTCHINSON MR",1
"HUTSON S",1
"HÜTTEMANN CL",1
"Hutter M.",1
"Huuskonen M.T.",1
"HUUSKONEN MT",1
"HUVI JB",1
"HUYNH Q",1
"Hwang H.J.",1
"Hwang I.",1
"HWANG KP",1
"HWANG M",1
"Hwang S.",1
"Hwang S.L.",1
"HWANG SY",1
"HWANG Y",1
"Hwang Y.T.",1
"HWANG YH",1
"HWANG YT",1
"HYER M",1
"HYGRELL T",1
"HYMAN S",1
"Hyman S.",1
"HYNGSTROM AS",1
"Hyodoh H.",1
"Hystad P.",1
"Hyun C.S.",1
"IACCARINO L",1
"Iaccarino L.",1
"Iacovano C.",1
"IACOVIELLO L",1
"IADECOLA C",1
"IAN GILMOUR M",1
"IANNACONE EM",1
"IANNATELLI A",1
"IANNONE I",1
"IANNUCCI VC",1
"Ianosi B.",1
"IANOSI BA",1
"Iba C.",1
"IBÁÑEZ SJ",1
"Ibaraki M.",1
"Ibarra-Espinosa S.",1
"IBARRA M",1
"IBI D",1
"IBINAIYE P",1
"Ibrahim A.A.",1
"Ibrahim A.E.",1
"Ibrahim A.M.",1
"Ibrahim A.O.",1
"Ibrahim F.",1
"IBRAHIM M",1
"Ibrahim M.",1
"Ibrahim R.",1
"IBRAHIM TS",1
"IBRAHIMAGIĆ OĆ",1
"IBRAHIMI ASLLANI I",1
"Ibrahimi Asllani I.",1
"IBSEN DB",1
"ICHIHARA N",1
"ICHIHASHI M",1
"ICHIKAWA K",1
"Ichiki T.",1
"ICHINOHE M",1
"ICHINOSE K",1
"IDANI E",1
"IDBAIH A",1
"Iddrisu A.K.",1
"IDDRISU AK",1
"IDETA T",1
"Idhrees M.",1
"IDNANI R",1
"Ido B.J.F.",1
"Idris M.A.",1
"Idris Z.",1
"IDRO R",1
"IDROBO-ÁVILA E",1
"Idrobo-Ávila E.",1
"IDRUS Z",1
"IEDA M",1
"IESAKA Y",1
"IFERGANE G",1
"Ifuku T.",1
"IGARASHI A",1
"IGARASHI H",1
"Igbokwe I.O.",1
"IGE S",1
"Iglesias-Rey R.",1
"IGLESIAS-VÁZQUEZ JA",1
"Iglesias J.E.",1
"IGLESIES-GRAU J",1
"IGLSEDER B",1
"Ignaciuk S.",1
"IGNATENKO Y",1
"IGNATYUK M",1
"IGNITE STUDY GROUP O",1
"IGUCHI K",1
"IGUCHI Y",1
"IHARA S",1
"IHARA T",1
"Ihara T.",1
"IHEONYE H",1
"IHORST G",1
"IHSAN M",1
"Ihsan M.",1
"IIO Y",1
"Ikäheimo T.",1
"Ikäheimo T.M.",1
"IKEDA-IMAFUKU M",1
"IKEDO M",1
"IKEGAMI K",1
"IKENO Y",1
"IKEUE K",1
"IKI S",1
"IKIN J",1
"Ikonomidis J.S.",1
"IKRAM-UL H",1
"Ikram A.S.",1
"Ikrama S.",1
"IKUBOR J",1
"Ilango S.D.",1
"ILANGO SD",1
"Ilhak M.I.",1
"İLHAN SÖ",1
"ILIESCU VA",1
"ILJAZOVIĆ A",1
"ILLIDGE T",1
"ILLIG K",1
"ILLMAN M",1
"Illman M.",1
"ILLY E",1
"ILLY E.",1
"Ilo A.",1
"Ilyas A.M.O.",1
"ILYAS AO",1
"ILYAS S",1
"Ilyas S.",1
"IM W",1
"IMADA N",1
"IMAI H",1
"IMAI K",1
"IMAM MU",1
"IMAM Y",1
"Imamori Y.",1
"IMAMURA H",1
"IMANISHI T",1
"IMAOKA Y",1
"IMATAKA G",1
"Imataka G.",1
"Imbert L.",1
"IMFELD S",1
"IMMOVILLI P",1
"IMMURANA M",1
"Immurana M.",1
"IMOH LC",1
"IMOLYA N",1
"IMOTO H",1
"IMOUKHUEDE LE",1
"IMRAN M",1
"Imran M.",1
"IMURA T",1
"IN'T ZANDT R",1
"IN MH",1
"INABA A",1
"Inaba K.",1
"INADERA H",1
"Inagaki Y.",1
"INAGAWA T",1
"INAN OT",1
"INANAMI O",1
"INATOMI Y",1
"INAUEN C",1
"Inauen C.",1
"INCARBONE G",1
"INCE C",1
"Ince M.",1
"INCHE MAT LN",1
"INCHINGOLO AD",1
"INCHINGOLO F",1
"INDERMITTE E",1
"INDES J",1
"Indolfi C.",1
"INDOME EO",1
"Indraja L.",1
"INDYK JA",1
"INFANTE P",1
"INFANTINO C",1
"INGHINGOLO V",1
"INGLIS-JASSIEM G",1
"INGLIS N",1
"INGO C",1
"INGRAM B",1
"INGRAM J",1
"INGRASSIA R",1
"INGRAVALLO G",1
"INGSATHIT A",1
"Iñigo-Marco I.",1
"ÍÑIGUEZ-ROMO A",1
"ÍÑIGUEZ C",1
"INJETY RJ",1
"INKOOM S",1
"INNES K",1
"Innuan P.",1
"INNUSSA M",1
"Inoue A.",1
"INOUE J",1
"Inoue T.",1
"INUZUKA Y",1
"Ioannidis G.S.",1
"IOANNIDIS GS",1
"IOANNOU A",1
"Ioannou L.G.",1
"Iodice P.",1
"IONA A",1
"IOROI T",1
"IOSIFESCU A",1
"IOVINO P",1
"IP E",1
"IP WF",1
"IQBAL MI",1
"IQBAL W",1
"IRANZO A",1
"IRFAN H",1
"Irfan H.",1
"Irfan S.A.",1
"IRFAN SA",1
"IRIE R",1
"İRIK HA",1
"Irimescu A.",1
"IRIMIE V",1
"IRISH JC",1
"Iriskulov B.",1
"IRISO M",1
"IRVIN MR",1
"IRVING BA",1
"IRWIN DJ",1
"ISA SNI",1
"ISAACSON KJ",1
"ISACCO CG",1
"ISAK MA",1
"ISARANUWATCHAI W",1
"ISAXON C",1
"ISAYAMA T",1
"Isayama Y.S.",1
"ISAZA A",1
"ISAZADEHFAR K",1
"IŠGUM I",1
"ISHAQUE W",1
"ISHAY AB",1
"ISHIDA T",1
"Ishida T.",1
"ISHIGAMI A",1
"ISHIGURO A",1
"ISHIGURO M",1
"ISHIHAMA T",1
"Ishihara N.",1
"ISHIHARA T",1
"Ishihara T.",1
"Ishihara Y.",1
"ISHII K",1
"ISHII S",1
"ISHII T",1
"ISHIKAWA H",1
"ISHIKAWA K",1
"Ishikawa K.",1
"ISHIKAWA M",1
"ISHIKAWA O",1
"ISHIKAWA S",1
"ISHIMARU K",1
"ISHIMURO M",1
"ISHIUCHI S",1
"ISHIZAKA K",1
"ISHIZAKI M",1
"ISHIZAKI R",1
"ISHTIAQUE A",1
"ISIDOR B",1
"ISKANDAR O",1
"Iskandaryan D.",1
"Iskusnykh I.Y.",1
"ISKUSNYKH IY",1
"Islam Bhuyan M.A.",1
"ISLAM D",1
"ISLAM KMA",1
"Islam M.S.",1
"ISLAM MR",1
"ISLAM N",1
"ISLAM R",1
"ISLAM S",1
"Islam T.",1
"ISLANDER G",1
"Ismael S.",1
"Ismail A.",1
"ISMAIL AI",1
"Ismail I.",1
"ISMAIL II",1
"ISMAIL KA",1
"ISMAIL M",1
"Ismail M.A.",1
"Ismail M.H.",1
"ISMAIL MN",1
"ISMAIL NH",1
"ISMAILI N",1
"Ismailov G.M.",1
"ISMAILOVA A",1
"ISODA H",1
"ISOJUNNO S",1
"ISOKAWA S",1
"ISOZAKI M",1
"ISRAEL G",1
"Issa A.N.",1
"ISSA F",1
"ISSA G",1
"ISSAC S",1
"Issac S.",1
"ISSANI A",1
"Issenova S.",1
"Itagaki S.",1
"ITAI K",1
"ITAMOTO K",1
"ITATANI T",1
"ITAYA S",1
"ITO C",1
"ITO D",1
"ITO G",1
"Ito K.",1
"ITO M",1
"ITO Y",1
"Ito Y.",1
"ITOH H",1
"ITOH T",1
"Itoh T.",1
"ITRAT M",1
"ITRIAGO-LEON P",1
"ITZKOWITZ N",1
"IUGA AI",1
"IUNGMAN T",1
"Iutaka T.",1
"IVALDI C",1
"Ivan A H.",1
"Iván Martínez-Muñoz O.",1
"Ivanov K.",1
"Ivanov V.",1
"IVANOV Y",1
"Ivanova M.V.",1
"IVANOVA MV",1
"IVATURI V",1
"Ivers R.",1
"IVERSEN ES",1
"IVERSEN HK",1
"IVERSON MM",1
"Iverson S.A.",1
"IVERSON SA",1
"Ivison W.",1
"IWADATE K",1
"IWAI-SHIMADA M",1
"IWAKURA A",1
"IWAMAE A",1
"IWAMOTO Y",1
"IWANIEC J",1
"Iwaniec J.",1
"Iwański R.",1
"IWAO Y",1
"Iwasaki H.",1
"Iwasaki R.",1
"IWASE T",1
"IWASHIRO Y",1
"IWATA O",1
"IWATA S",1
"Iyengar A.",1
"Izah S.C.",1
"IZAWA H",1
"Izawa J.",1
"IZAWA KP",1
"Izgi E.",1
"İZGÜ T",1
"IZQUIERDO-RIBAS M",1
"Izquierdo J.L.",1
"IZUMI M",1
"Izumi M.",1
"IZUMI SI",1
"IZUMIDANI T",1
"IZUMO M",1
"IZZO R",1
"J CROWE M",1
"J R.G.",1
"J RG",1
"J S",1
"J S.",1
"JAAFAR H",1
"JAAFAR JL",1
"Jabagi H.",1
"Jabateh S.M.",1
"Jabbari M.",1
"JABER H",1
"Jaberinezhad M.",1
"JABLONSKA PA",1
"JACH M",1
"JACKMAN WM",1
"JACKSON-COWAN L",1
"Jackson-Cowan L.",1
"JACKSON A",1
"JACKSON B",1
"JACKSON CM",1
"JACKSON EA",1
"JACKSON JW",1
"Jackson K.",1
"JACKSON L",1
"Jackson L.",1
"JACKSON SS",1
"JACKSON TW",1
"Jackulin Reeja J.",1
"JACOB J",1
"JACOB S",1
"Jacob Thomas J.",1
"JACOBEIT J",1
"Jacobeit J.",1
"Jacobs B.",1
"JACOBS C",1
"JACOBS CJ",1
"JACOBS S",1
"Jacobsen J.C.B.",1
"Jacobsen R.C.",1
"JACOBSEN RC",1
"Jacobson A.R.",1
"JACOBSON CK",1
"Jacobson K.A.",1
"JACOBSON LDSV",1
"Jacquelin N.",1
"JACQUEMYN X",1
"Jacquemyn X.",1
"Jacques K.",1
"JACQUEZ Q",1
"JACQUOT G",1
"JADE KM",1
"Jadeja Y.",1
"JADHAV AP",1
"JADHAV D",1
"JAFARI A",1
"Jafari C.Z.",1
"JAFARI M",1
"JAFARI N",1
"JAFARI R",1
"JAFARKHANI M",1
"JAFFRI Z",1
"JAGAD C",1
"JAGANATHAN S",1
"JAGANNATH M",1
"JAGER EWH",1
"JAGID J",1
"JAGIRDAR A",1
"JAGUSZEWSKI MJ",1
"Jahan S.",1
"JAHAN UR",1
"Jahangir M.",1
"JAHANGIRI HM",1
"JAHN K",1
"Jahng J.W.S.",1
"JAHNG JWS",1
"JAHROMI GG",1
"Jahromi M.M.",1
"Jaikumar S.",1
"JAIME GARCÍA D",1
"JAIN A",1
"JAIN AK",1
"JAIN H",1
"JAIN M",1
"JAIN P",1
"JAIN PK",1
"JAIS P",1
"Jaïs P.",1
"JAISWAL S",1
"Jaiswal S.",1
"JAISWAL V",1
"Jaiswal V.",1
"JAJOO SA",1
"JAKAITIS DR",1
"Jakamy R.",1
"JAKARY A",1
"JAKUBOWSKI P",1
"JALADARA V",1
"JALAL AA",1
"JALALI N",1
"Jalali S.",1
"JALALI Z",1
"JALAVA P",1
"JALILIAN F",1
"JALKANEN JP",1
"Jalloh M.B.",1
"JALLOH MB",1
"Jalloul B.",1
"Jamaati H.",1
"JAMALI S",1
"JAMALKHANI S",1
"JAMES C",1
"James O.P.",1
"James P.",1
"James T.J.",1
"JAMES TD",1
"JAMIL H",1
"JAMIL M",1
"JAMIL S",1
"JAMOUS A",1
"JAMWAL PK",1
"Jan K.C.",1
"JAN KC",1
"Jan S.M.",1
"Jana A.",1
"JANANI L",1
"Janarthanam H.",1
"Janarthanan K.",1
"JANG DP",1
"Jang J.",1
"JANG JS",1
"JANG M",1
"JANG MH",1
"Jang S.H.",1
"JANG SH",1
"JANG WI",1
"Jang Y.",1
"Jang Y.J.",1
"Jani B.D.",1
"Jani Y.",1
"JANJUA T",1
"JANJUA TAM",1
"JANJUA TK",1
"JANKOWITZ BT",1
"JANN K",1
"JANNOTTA GE",1
"JANOVÁK L",1
"Jansen Y.",1
"Jansi S.",1
"JANSON M",1
"JANSSEN H",1
"Janssen J.P.",1
"JANSSEN N",1
"JANSSENS GO",1
"JANSSENS K",1
"Janssens K.",1
"JANSZKY I",1
"JANULKOVÁ T",1
"Januszewska K.",1
"JANUZZI JL",1
"JAO JC",1
"JAPJEC M",1
"JARA PALOMARES L",1
"Jaramillo-Aguilar D.S.",1
"JARAUTA E",1
"Jardine J.F.",1
"JAREEBI MA",1
"JAREONSETTASIN P",1
"Jareonsettasin P.",1
"Jarernwong K.",1
"JARKONI MNK",1
"JARLSTRUP NS",1
"JARRELL HS",1
"Jarunnarumol N.",1
"JÄRVHOLM B",1
"Jarvis S.",1
"Jasim B.H.",1
"Jasim M.R.",1
"JASPERS I",1
"JASSAR AS",1
"Jastroch M.",1
"Jaswal P.",1
"JASZTAL A",1
"Jat R.",1
"Jaubert O.",1
"JAVED M",1
"JAVIDI E",1
"JAWNY P",1
"Jaworski A.",1
"Jayabaskaran J.",1
"JAYAKODY M",1
"JAYAKUMAR M",1
"Jayapalan S.",1
"JAYAPRAKASH J",1
"JAYARAJ A",1
"JAYARAMAN A",1
"JAYASINGHE D",1
"Jayawardana K.S.",1
"JAYAWARDANA KS",1
"JAYET J",1
"Jaysingpure A.",1
"JAYWANT A",1
"Jazzar N.",1
"JEDLICKA C",1
"JEDRZKIEWICZ J",1
"JEEVARATNAM S",1
"JEHANGIR A",1
"JEHLE R",1
"JEHLI E",1
"JELACA B",1
"JELAKOVIĆ B",1
"JELIĆ A",1
"JELLEMA P",1
"Jellema P.",1
"Jellema P.E.J.",1
"JELLUM S",1
"JENA D",1
"Jenab Y.",1
"Jendoubi A.",1
"Jenifer S.",1
"Jenkins G.S.",1
"JENKINS GS",1
"Jenkins N.A.",1
"JENKINS R",1
"Jenkinson P.M.",1
"JENNUM P",1
"Jensen-Kondering U.",1
"JENSEN AMR",1
"Jensen D.P.",1
"JENSEN EA",1
"JENSEN HK",1
"JENSEN M",1
"Jensen M.M.",1
"JENSEN MM",1
"Jensen R.O.",1
"JENSEN RO",1
"JENSEN TSR",1
"JENSEN W",1
"JENTZER JC",1
"Jeon E.T.",1
"JEON JP",1
"Jeon W.J.",1
"JEON Y",1
"Jeon Y.",1
"Jeon Y.H.",1
"Jeon Y.J.",1
"Jeong-Woo Seo",1
"JEONG HY",1
"JEONG J",1
"Jeong J.H.",1
"Jeong J.W.",1
"JEONG JH",1
"JEONG JW",1
"Jeong M.",1
"JEONG YH",1
"Jephcote C.",1
"JEPPSSON A",1
"Jerkeman M.",1
"JERMENDY A",1
"JERNBERG T",1
"JERRETT M",1
"Jerrett M.",1
"JERVÉ FA",1
"Jethe J.V.",1
"JETT DA",1
"JEULIN M",1
"JEWELL M",1
"Jeya Daisy I.",1
"Jeyakumar N.",1
"JEYAPRAKASH S",1
"JEYASUGITHTHAN J",1
"Ježić M.",1
"JEZZARD P",1
"Jhanani G.K.",1
"Jhou H.J.",1
"JI A",1
"JI AL",1
"JI BT",1
"JI C",1
"Ji C.",1
"JI D",1
"JI G",1
"JI H",1
"JI HN",1
"JI HW",1
"JI L",1
"JI P",1
"JI Q",1
"Ji Q.",1
"JI SM",1
"Ji W.",1
"Ji X.y.",1
"Ji X.Y.",1
"Jia A.Y.",1
"JIA B",1
"Jia B.",1
"JIA C",1
"JIA D",1
"JIA F",1
"Jia G.",1
"JIA H",1
"Jia H.",1
"JIA HY",1
"JIA K",1
"JIA M",1
"JIA Q",1
"JIA T",1
"Jia T.",1
"Jia W.",1
"JIA WH",1
"JIA XQ",1
"JIA Z",1
"Jia Z.",1
"Jia Z.l.",1
"Jian-Xin G.",1
"Jian J.",1
"JIAN Z",1
"JIANG CS",1
"JIANG D",1
"Jiang D.Q.Y.",1
"Jiang F.",1
"Jiang G.",1
"Jiang G.l.",1
"JIANG GL",1
"Jiang H.",1
"JIANG HB",1
"JIANG JL",1
"JIANG JN",1
"Jiang K.",1
"JIANG LH",1
"JIANG MQ",1
"Jiang N.",1
"JIANG R",1
"Jiang S.t.",1
"JIANG TT",1
"Jiang W.",1
"Jiang W.F.",1
"Jiang W.I.",1
"JIANG XH",1
"Jiang Y.C.",1
"JIANG YC",1
"JIANG YX",1
"Jianjian S.",1
"JIAO A",1
"Jiao H.",1
"JIAO S",1
"Jiao X.",1
"JICKLING GC",1
"JIDDAH KAZEEM BS",1
"Jie B.",1
"JIE C",1
"Jie L.",1
"JIEENSI M",1
"JILANI MH",1
"JILEK C",1
"Jilin L.",1
"Jimba T.",1
"JIMÉNEZ-BALADO J",1
"JIMENEZ-CAMPOS AG",1
"JIMÉNEZ-GUERRERO P",1
"JIMENEZ-JIMENEZ D",1
"Jiménez-Ortega A.D.",1
"JIMENEZ-PEREZ I",1
"Jimenez-Perez I.",1
"JIMENEZ C",1
"JIMENEZ D",1
"Jimenez L.V.",1
"JIMENEZ RB",1
"Jin-Bao Z.",1
"JIN B",1
"Jin C.",1
"JIN CY",1
"JIN F",1
"Jin G.",1
"Jin H.",1
"JIN HJ",1
"Jin J.Q.",1
"JIN K",1
"Jin K.",1
"JIN N",1
"JIN R",1
"JIN XD",1
"JIN YX",1
"Jing-Chun S.",1
"Jing B.",1
"JING C",1
"JING D",1
"JING H",1
"JING L",1
"Jing L.",1
"JING M",1
"JING R",1
"JING S",1
"JING Y",1
"Jing Z.",1
"Jingesi M.",1
"JINGI AM",1
"Jingjing Y.",1
"JINNAI W",1
"JINZAKI M",1
"JIŘÍK V",1
"Jiřík V.",1
"Jitpun E.",1
"JITSUIKI K",1
"Jitsuiki K.",1
"JO EK",1
"JO HJ",1
"JO J",1
"Jo K.",1
"Jo M.S.",1
"JO Y",1
"Joan Sharon A.",1
"JOANITA K",1
"Joaquim L.S.",1
"Jobst A.",1
"JOCHEMS A",1
"JÖCKEL KH",1
"JOGDEO BA",1
"JOHAL G",1
"JOHANNSEN NM",1
"JOHANSEN ND",1
"JOHANSSON I",1
"JOHANSSON SE",1
"John C.V.",1
"JOHN CC",1
"John I.",1
"John J.",1
"Johnson A.",1
"JOHNSON BD",1
"JOHNSON BJ",1
"JOHNSON D",1
"Johnson D.",1
"JOHNSON DR",1
"JOHNSON GD",1
"Johnson H.R.",1
"JOHNSON I",1
"JOHNSON M",1
"Johnson M.",1
"Johnson M.M.",1
"Johnson M.S.",1
"JOHNSON MH",1
"JOHNSON MM",1
"Johnson P.A.",1
"JOHNSON SJ",1
"JOHNSTON FH",1
"JOHNSTON HJ",1
"JOHNSTONBAUGH K",1
"JOKKEL Z",1
"JOKURA H",1
"Jolfaei A.G.",1
"Jolicoeur B.W.",1
"JOLICOEUR BW",1
"Jolly S.",1
"JOLY C",1
"JONATHAN D",1
"Jones-Ngo C.G.",1
"JONES-NGO CG",1
"JONES A",1
"Jones A.C.",1
"JONES AA",1
"JONES AC",1
"Jones B.",1
"JONES C",1
"Jones D.W.",1
"JONES DP",1
"JONES E",1
"Jones E.J.",1
"Jones E.M.",1
"JONES EJ",1
"JONES EM",1
"JONES G",1
"JONES GI",1
"JONES J",1
"Jones J.G.A.",1
"JONES JGA",1
"Jones L.K.",1
"JONES M",1
"JONES MR",1
"JONES N",1
"Jones O.",1
"JONES P",1
"Jones R.",1
"JONES RE",1
"JONES RR",1
"JONES RW",1
"JONES S",1
"JONES T",1
"JONES TA",1
"JONES Y",1
"Jong N.S.",1
"JONIDI JAFARI A",1
"JONSON JE",1
"JONSSON A",1
"JONZ MG",1
"Joo J.H.",1
"JOO S",1
"JOOD K",1
"Joosten A.",1
"Jordan C.D.",1
"JORDAN CD",1
"JORDAN JE",1
"JORGE J",1
"Jørgensen I.E.H.",1
"JØRGENSEN SMB",1
"JORGJI V",1
"JORUM E",1
"Jose J.V.",1
"Joseph A.",1
"JOSEPH AT",1
"JOSEPH B",1
"JOSEPH C",1
"JOSEPH J",1
"JOSEPH P",1
"JOSEPHSON SA",1
"Josey K.",1
"JOSHI C",1
"Joshi D.",1
"Joshi M.",1
"Joshi P.C.",1
"JOSHI S",1
"Joshi S.S.",1
"JOSSERAN L",1
"JOST T",1
"Jou C.",1
"JOU E",1
"Joun M.S.",1
"JOUN MS",1
"Joundi R.A.",1
"JOUNI H",1
"JOUSMÄKI V",1
"JOVANDARIC MZ",1
"JOVANOVIC ANDERSEN Z",1
"Jovicic S.M.",1
"JOVIN M",1
"JOWETT S",1
"JOY A",1
"Joy A.",1
"JOYCE J",1
"JÓŹWIAK J",1
"JÓŹWIAK MA",1
"JU C",1
"JU D",1
"JU GL",1
"JU J",1
"Ju J.W.",1
"JU JW",1
"Ju K.",1
"JU M",1
"JU MJ",1
"JU S",1
"JU SH",1
"JU X",1
"JU Z",1
"Juan W.",1
"Juarez P.D.",1
"Juatin R.A.",1
"Jubber I.",1
"Jubran J.H.",1
"JUBRAN N",1
"JUCHE A",1
"JUDY RL",1
"JUENEMANN M",1
"JUFAR AH",1
"JUGINOVIĆ A",1
"Juginović A.",1
"JUKES A",1
"Jukic I.",1
"JULIAN NW",1
"Julien-Marsollier F.",1
"JULIEN H",1
"JULLIENNE A",1
"Juma A.L.H.",1
"JUMBO AE",1
"JUN RUI ML",1
"Junarta J.",1
"JUNBIN C",1
"JUNCK L",1
"JUNEJA L",1
"JUNEJO RT",1
"JUNG B",1
"JUNG BH",1
"JUNG C",1
"Jung C.",1
"Jung C.R.",1
"JUNG CR",1
"JUNG DE ANDRADE M",1
"JUNG E",1
"JUNG H",1
"Jung H.S.",1
"JUNG I",1
"Jung J.C.",1
"Jung J.W.",1
"JUNG M",1
"JUNG MH",1
"Jung P.",1
"JUNG S",1
"Jung S.",1
"Jung S.K.",1
"JUNG SY",1
"JUNG TP",1
"Jung W.",1
"JUNG WB",1
"JUNG Y",1
"Jung Y.S.",1
"JUNG YH",1
"JUNG YJ",1
"JUNG YS",1
"JUNGE A",1
"JÜNGER ST",1
"Jungtanasomboon P.",1
"JUNIOR DB",1
"JUNTARAWIJIT C",1
"Juntarawijit C.",1
"JUNTARAWIJIT Y",1
"Junyong L.",1
"JURASZEK A",1
"Juraszek A.",1
"Jurcau M.C.",1
"Juretzek C.",1
"JÜRGES H",1
"Jurić Z.",1
"JURILJ M",1
"Jurin I.",1
"Jurkiewicz T.",1
"JURKOVIĆ S",1
"Jurszewicz P.",1
"JUST A",1
"JUST AC",1
"Justesen N.D.",1
"JÜTTLER E",1
"Juttukonda M.R.",1
"Juybari C.M.",1
"Jyothi U.S.",1
"Jyothu Naik R.",1
"K AM",1
"K D",1
"K M",1
"K MK",1
"KAANDERS JHAM",1
"Kaatsch H.L.",1
"KAATSCH HL",1
"Kabangu J.L.K.",1
"KABANGU JK",1
"KABE K",1
"KABIEVA SS",1
"Kabir A.",1
"KABIR Z",1
"KACENIENE A",1
"KAČIENĖ G",1
"Kacker K.",1
"Kaczmarz S.",1
"KACZMARZYK P",1
"KACZOR M",1
"KACZOROWSKI DJ",1
"Kaddi S.S.",1
"KADER G",1
"Kadhim G.B.",1
"Kadhim N.S.",1
"KADIAN AK",1
"Kadlec P.",1
"KADOKURA Y",1
"KADOTA A",1
"KADOTA T",1
"KADOYA M",1
"KADRY H",1
"KADURA S",1
"Kadura S.",1
"Kadyrov Z.",1
"Kadyrova A.",1
"KAEWCHUKUL P",1
"KAEWPAENGCHAN W",1
"KAEWPUT W",1
"KAFETSIOS K",1
"KAFRITSA A",1
"KAGAWA M",1
"Kagelmann N.",1
"KAGITANI F",1
"Kahn R.A.",1
"KAHRAMAN ÇETIN N",1
"KAHRU K",1
"KAI G",1
"KAI M",1
"KAICHI Y",1
"KAILA K",1
"KAIRKHANOV E",1
"KAISER BW",1
"KAISER JC",1
"Kaiser M.",1
"Kajale T.",1
"KAJANA X",1
"KAJI M",1
"KAJIKI M",1
"Kajiki M.",1
"Kajimoto R.",1
"Kajtazi N.I.",1
"KAKAE M",1
"Kakamu T.",1
"KAKAR P",1
"KAKAVAND H",1
"Kaki S.",1
"Kakihara S.",1
"KAKINO Y",1
"KAKITA A",1
"Kakiuchi Y.",1
"KAKO T",1
"Kaku K.",1
"KALABINA EA",1
"KALAGARA R",1
"KALANSOORIYA W",1
"KALANTAR-ZADEH K",1
"KALAOGLU E",1
"KALARIA RN",1
"Kalaycı E.Ç.",1
"KALE SS",1
"Kalender V.",1
"Kalfus J.",1
"KALHORN AF",1
"Kalinichev A.V.",1
"KALINICHEV AV",1
"KALINOVIC S",1
"KALISVAART ACJ",1
"KALITA S",1
"KALKONDE YV",1
"KALLI K",1
"KÄLLMAN J",1
"KALLMÜNZER B",1
"Kallur A.S.",1
"KALLWEIT U",1
"KALMANOVICH G",1
"KALMUS G",1
"KALNIŅŠ A",1
"KALOCI SR",1
"Kalogerakos P.D.",1
"KALOGERAKOS PD",1
"Kalpakjian C.Z.",1
"KALPOUZOS G",1
"KALRA A",1
"KALSCHEUER G",1
"KALTENBACH M",1
"Kaltsatou A.",1
"Kalyana Kumar M.",1
"KAM M",1
"KAMADA K",1
"Kamada R.",1
"KAMAGATA K",1
"KAMAL A",1
"Kamalakannan K.",1
"KAMALESWARAN R",1
"KAMAOUI I",1
"Kamar F.",1
"Kamarehei B.",1
"KAMARUDIN R",1
"Kamarudin R.",1
"Kamata T.",1
"KAMBA T",1
"KAMBANAROS M",1
"Kambashi S.",1
"Kambic T.",1
"Kamble S.B.",1
"Kambo P.",1
"Kamdar H.A.",1
"KAMDAR HA",1
"KAMEL H",1
"KAMEL S",1
"Kamenshchikov N.O.",1
"KAMER M",1
"KAMETANI F",1
"KAMIDANI R",1
"Kamidani R.",1
"KAMIDE T",1
"Kamil M.R.",1
"KAMIN MUKAZ D",1
"KAMINENI M",1
"KAMIŃSKI JW",1
"Kamio T.",1
"Kamlesh P.",1
"KAMOSHIDA J",1
"Kamozawa H.",1
"KAMP MA",1
"KAMPAKTSIS PN",1
"KAMRAN H",1
"KAMRAN R",1
"Kamran R.",1
"KAMRAN S",1
"Kamsani S.H.",1
"KAMSANI SH",1
"KAMTHIP B",1
"KAMYA C",1
"Kan C.N.",1
"KAN Z",1
"Kanaan A.",1
"KANAGASUNDRAM A",1
"KANAI M",1
"Kanai M.",1
"KANAMOTO M",1
"Kanani J.B.",1
"KANATANI K",1
"KANBE A",1
"Kanca Y.",1
"KANDA H",1
"Kanda J.",1
"Kandasamy K.",1
"Kandasamy L.",1
"Kandaya S.",1
"Kandhal Yazhini P.",1
"KANDIMALLA M",1
"Kandimalla M.",1
"Kandpal A.",1
"KANDURI SR",1
"KANE BA",1
"KANE ST",1
"KANEEZ M",1
"KANEKO-TARUI T",1
"KANEKO N",1
"KANEKO T",1
"KANEMARU N",1
"KANEOKA K",1
"KANESHIRO T",1
"KANG C",1
"Kang C.",1
"KANG CH",1
"Kang D.",1
"Kang E.J.",1
"KANG F",1
"Kang H.",1
"KANG HG",1
"Kang J.",1
"Kang J.Y.",1
"KANG JK",1
"Kang K.",1
"KANG M",1
"Kang M.",1
"Kang M.S.",1
"KANG MY",1
"Kang N.",1
"KANG P",1
"Kang P.",1
"KANG R",1
"Kang R.",1
"KANG S",1
"Kang S.Y.",1
"KANG T",1
"KANG Z",1
"Kang Z.",1
"Kangas T.",1
"Kania B.E.",1
"KANIKICHARLA KK",1
"Kanimozhi M.",1
"KANIZSAI PL",1
"Kannan B.",1
"KANNATH SK",1
"KANNER J",1
"Kanner J.",1
"KANNIAH KD",1
"KANNO C",1
"Kannungo N.",1
"KANSAL A",1
"KANSAL MM",1
"KANSAL S",1
"Kant S.",1
"Kantagba Y.M.K.",1
"KANTAGBA YMK",1
"KANTOROVA E",1
"KANUNGO J",1
"KANWAL S",1
"Kanwal S.",1
"KANWAR D",1
"Kanzaki A.",1
"KANZAKI Y",1
"KAO AR",1
"Kao J.H.",1
"KAO WL",1
"KAPA S",1
"Kapanigowda N.S.",1
"KAPAPA T",1
"Kapapa T.",1
"KAPIL S",1
"Kaplan J.O.",1
"KAPLAN JJ",1
"KAPLAN L",1
"KAPLAN S",1
"KAPLANSKI J",1
"KAPOOR I",1
"Kapoor N.R.",1
"Kappel S.L.",1
"KAPPELER R",1
"KAPPOS L",1
"KAPRAL MK",1
"KAPTAN M",1
"KAPUR J",1
"KAPUR SC",1
"KAPUSTINSKA OA",1
"KAPWATA T",1
"KAR P",1
"KARAASLAN B",1
"Karabacak M.",1
"KARABAS I",1
"KARABON P",1
"Karabulut H.",1
"KARACA F",1
"Karacan I.",1
"KARAGKOUNIS T",1
"KARAKACHOFF M",1
"Karakalas A.A.",1
"KARAKOÇ KG",1
"KARALI HI",1
"Karami R.",1
"KARAMLOU T",1
"KARAMPATSI D",1
"Karanfil M.",1
"KARAOGLU A",1
"Karasan E.",1
"Karasov I.A.",1
"KARAWEK R",1
"KARBAINOV S",1
"KARC Ö",1
"Karc Ö.",1
"Kardam V.S.",1
"KARIA CT",1
"Karidkar S.S.",1
"KARIKARI JK",1
"KARIM H",1
"Karim N.",1
"KARIMI AA",1
"KARIMI G",1
"Karimi S.M.",1
"KARIMI SM",1
"KARIMIAN SM",1
"KARIMIZADEH A",1
"Karimizadeh A.",1
"KARIMOVA K",1
"Karis M.S.B.",1
"KARIVEDA R",1
"KARKAR MJ",1
"Karkour S.",1
"Karlas A.",1
"KARLSSON B",1
"KARLSSON M",1
"KARLSSON T",1
"Karmaka S.",1
"KARMAKAR CK",1
"Karmakar R.",1
"Karmakar S.",1
"Karmann S.B.",1
"Karothu D.P.",1
"KAROTHU DP",1
"Karpiel I.",1
"Karpov R.S.",1
"KARPUKHIN OR",1
"KARRER T",1
"KARSCH S",1
"KARSCHNIA P",1
"KARSIES A",1
"Karsli B.",1
"KARST U",1
"Kartal A.",1
"KARTCHNER CK",1
"KARTHICK S",1
"Karthick S.",1
"KARTHIGEYAN M",1
"KARTHIK K",1
"Karthikeyan M.",1
"Karthikeyan S.",1
"KARTSOVA LA",1
"KARUPPIAH K",1
"KARUPPUSAMY M",1
"Karwade A.",1
"KARWOWSKI M",1
"Kasa K.",1
"KASALI K",1
"Kasaragod M.",1
"Kascenas A.",1
"KASENO K",1
"KASH B",1
"KASHANI KB",1
"KASHANI N",1
"Kashani N.",1
"KASHEFIOLASL S",1
"KASHIDA N",1
"KASHIF W",1
"Kashif W.",1
"KASHIMA S",1
"Kashiwagi N.",1
"KASHIWAGI S",1
"KASHIWAGI Y",1
"Kashiwagi Y.",1
"KASHIWAZAKI D",1
"KASHOO F",1
"Kasiravat P.",1
"KASKI JC",1
"KASOJ M",1
"KASONO K",1
"Kasputyte G.",1
"KASSAM SM",1
"Kassem H.",1
"Kassem M.",1
"KASSEM N",1
"KASSOMENOS P",1
"KASTANENKA KV",1
"KASUYA M",1
"KASUYA S",1
"KATADA K",1
"KATAGIRI A.",1
"Katanosaka T.",1
"KATAOKA H",1
"KATAYAMA M",1
"Katcher B.",1
"Kate C.",1
"Kate M.",1
"KATHA ZT",1
"KATHARD R",1
"KATHEMANN S",1
"Katherine",1
"Kathirvel R.",1
"KATICA-MULALIC A",1
"Katica-Mulalic A.",1
"KATICA M",1
"KATKI HA",1
"KATLOWITZ K",1
"KATO F",1
"KATO I",1
"Kato I.",1
"KATO K",1
"Kato K.",1
"Kato M.",1
"Kato T.",1
"Katoch O.R.",1
"KATOH T",1
"KATSANOS AH",1
"Katsarou A.M.",1
"Katsigiannis V.E.",1
"KATSUKI H",1
"KATTIH Z",1
"Kattih Z.",1
"Katwal S.",1
"Katyal A.",1
"KATZ JM",1
"KATZENELLENBOGEN JM",1
"Katzman J.G.",1
"Katzschke K.",1
"KAUCZOR HU",1
"KAUFFENSTEIN G",1
"Kaufman C.E.",1
"KAUFMAN CE",1
"KAUFMAN DA",1
"KAUFMAN DR",1
"KAUFMANN T",1
"Kaur G.",1
"KAUR H",1
"KAUR J",1
"Kaur J.",1
"Kaur L.",1
"KAUR LANG D",1
"KAUR M",1
"KAUR S",1
"Kaur T.",1
"KAUSHIK A",1
"KAUTZ SA",1
"Kautzner J.",1
"KAVANAGH P",1
"KAVCIC T",1
"KAVIANNEJAD R",1
"Kaviannejad R.",1
"KAVOUSI S",1
"KAWABATA K",1
"KAWABATA T",1
"KAWABE K",1
"KAWABORI M",1
"KAWADA T",1
"KAWAFI K",1
"KAWAGISHI J",1
"KAWAGOE Y",1
"KAWAGUCHI H",1
"KAWAGUCHI N",1
"Kawaguchi Y.",1
"Kawahara H.",1
"KAWAI M",1
"Kawai M.",1
"Kawai T.",1
"KAWAI Y",1
"KAWAJIRI H",1
"Kawajiri H.",1
"KAWAKAMI M",1
"KAWAKAMI T",1
"Kawakubo S.",1
"KAWAMOTO S",1
"KAWAMURA M",1
"KAWANO A",1
"KAWANO S",1
"KAWANO T",1
"KAWASHIMA H",1
"KAWASHIMA M",1
"KAWASHIMA T",1
"KAWASHIMA Y",1
"KAWATA H",1
"KAWATKAR AA",1
"Kawauchi A.",1
"KAWAUCHI T",1
"Kawka N.",1
"KAY A",1
"KAYA M",1
"KAYANADUTH S",1
"Kayani W.",1
"KAYNEZHAD P",1
"Kayyali M.N.",1
"KAYYALI MN",1
"KAZAKOV VA",1
"KAZEMEINI SA",1
"KAZEMIPARKOUHI F",1
"Kazi D.S.",1
"KAZI HI",1
"KAZIRÓD-WOLSKI K",1
"KAZMI A",1
"Kazmi S.",1
"KAŹMIERSKA A",1
"Kazmierski P.",1
"KAŹMIERSKI W",1
"KE C",1
"KE H",1
"Ke H.",1
"Ke J.",1
"KE L",1
"KE MT",1
"Keangin P.",1
"KEARNEY GD",1
"KEARNS KN",1
"Keating C.",1
"KEATOR L",1
"KEBEDE MA",1
"KEBU SM",1
"KECHIN AA",1
"KEDAR S",1
"Kedar Y.",1
"KEDENKO L",1
"KEDIA S",1
"Kedwai B.",1
"Keefe M.S.",1
"KEEGAN T",1
"Keeling E.G.",1
"Keeling W.B.",1
"KEELING WB",1
"Keenan J.S.",1
"KEENAN JS",1
"KEENAN KJ",1
"Keenan P.",1
"Keerthana S.",1
"KEHAYA S",1
"KEHL V",1
"Keil V.C.",1
"Keilhoff G.",1
"KEINAN-BOKER L",1
"KEITH AE",1
"Keith L.",1
"KELESSIS A",1
"Kell D.B.",1
"KELL DB",1
"KELL J",1
"KELLEHER JD",1
"KELLER E",1
"Keller K.",1
"Keller S.M.",1
"KELLER SA",1
"KELLERT L",1
"KELLETT JG",1
"KELLEY BP",1
"KELLEY EE",1
"Kelley R.E.",1
"KELLEY RE",1
"KELLINY S",1
"Kelliny S.",1
"KELLNER E",1
"KELLOGG AB",1
"KELLY-REIF K",1
"KELLY AM",1
"Kelly B.",1
"KELLY CUENCA J",1
"KELLY FJ",1
"KELLY K",1
"KELLY KE",1
"KELLY ME",1
"KELLY SB",1
"KELM M",1
"KELSEY KM",1
"KELSEY LJ",1
"Kelso M.R.",1
"KELSO MR",1
"KEMMLING A",1
"KEMP-GUDMUNSDOTTIR K",1
"KEMP BJ",1
"Kenda J.",1
"Kendall H.J.",1
"KENEFICK RW",1
"KENESSOV B",1
"KENGNE AP",1
"KENNAIR LEO",1
"Kennedy D.T.",1
"KENNEDY P",1
"KENNY ME",1
"KENTAR M",1
"Kentar M.",1
"KENYON GG",1
"KENYON NJ",1
"KEPLI AS",1
"KERAGALA CB",1
"KERAI S",1
"KERAI SM",1
"KERCKHOFFS J",1
"KERESZTESI Á",1
"Kereszy I.",1
"KERIC N",1
"KERIMRAY A",1
"kermani M.",1
"Kermani M.",1
"KERMANSHACHI S",1
"KERNAN CJ",1
"Kerr Z.Y.",1
"KERSHAW KN",1
"KERTAI MD",1
"KERTZSCHER U",1
"KERVYN NO",1
"Kesav P.",1
"KESAVADAS C",1
"Kesikburun S.",1
"Keskin H.",1
"KESKINOV AA",1
"KESMINIENE A",1
"KESSE-GUYOT E",1
"Kesse-Guyot E.",1
"KESSLER A",1
"KESTER RM",1
"KETCHUM FB",1
"Ketjit S.",1
"Kettunen S.",1
"Keum J.Y.",1
"KEUM N",1
"Kewcharoen J.",1
"KEY CM",1
"KEYNTON R",1
"KGATLA H",1
"KHABIYA R",1
"KHADKE S",1
"KHAIRATI RA",1
"KHAIRULLINA EM",1
"Khalaf H.N.B.",1
"KHALAF OI",1
"Khaleefah M.A.",1
"KHALID M",1
"Khalid M.",1
"KHALID S",1
"Khalid S.",1
"Khalid Y.",1
"KHALIFA AS",1
"KHALIFA Y",1
"KHALIL A",1
"Khalil A.E.T.",1
"Khalili A.",1
"KHALILI P",1
"KHALILIPUR E",1
"Khamitov Rustem F.",1
"Khan A.",1
"Khan A.M.",1
"Khan A.T.",1
"KHAN AA",1
"KHAN AM",1
"KHAN AY",1
"KHAN B",1
"Khan D.",1
"KHAN DBA",1
"KHAN DJ",1
"KHAN FM",1
"KHAN I",1
"Khan K.B.",1
"Khan K.H.",1
"Khan M.M.",1
"Khan M.Q.",1
"Khan M.S.",1
"KHAN MA",1
"KHAN MGA",1
"KHAN MH",1
"KHAN MK",1
"KHAN MM",1
"KHAN MR",1
"KHAN MS",1
"KHAN MW",1
"Khan N.",1
"Khan N.A.",1
"Khan N.U.",1
"Khan R.J.",1
"KHAN RJ",1
"KHAN S",1
"Khan S.M.",1
"KHAN SK",1
"KHAN SS",1
"Khan T.N.",1
"KHAN TMY",1
"KHAN TN",1
"Khan W.",1
"KHAN Z",1
"Khanal D.R.",1
"Khandelwal D.",1
"KHANDUJA S",1
"Khanduri A.",1
"Khanjanpour M.H.",1
"KHANKEH H",1
"KHANUM I",1
"Khanum I.",1
"KHANUM S",1
"Khanum S.",1
"Kharadi F.",1
"KHARBANDA RK",1
"KHAREL G",1
"Kharina V.I.",1
"KHARITA MH",1
"KHARYBINA T",1
"KHASHIM Z",1
"Khassafi N.",1
"Khatamzade E.M.",1
"Khatana S.A.M.",1
"Khatiwada N.",1
"KHATRI M",1
"KHATRI N",1
"Khatun M.M.",1
"Khaw A.V.",1
"KHAW AV",1
"KHAWAR M",1
"KHAYAT MI",1
"KHAYKIN Y",1
"KHAYYAM U",1
"Khayyam U.",1
"KHAZA'AI H",1
"Khemchandani A.K.",1
"Khetani S.",1
"KHIEWKHERN S",1
"KHILJI IA",1
"Khilnani G.",1
"Khirug S.",1
"Khodanovich M.Y.",1
"KHOKHLOVA ON",1
"KHOLINA A",1
"Kholina A.",1
"KHOLINA AV",1
"KHOLIQOV O",1
"Kholodenko A.L.",1
"Khomenko S.",1
"Khoo H.M.",1
"KHORASGANI ML",1
"KHORRAMYMEHR S",1
"KHORSANDI LS",1
"Khorsheed Zangana L.M.",1
"KHOSHAKHLAGH AH",1
"KHOSHNAM SE",1
"KHOSLA A",1
"KHOSRAVANI SEMNANI A",1
"KHOSRAVI S",1
"Khosravi S.",1
"Khosravi T.",1
"Khot S.P.",1
"KHOT SP",1
"KHOURY CE",1
"KHOVIDHUNKIT W",1
"KHRAMTSOV VV",1
"KHREIS H",1
"KHRESTCHATISKY M",1
"Khrulev A.E.",1
"KHU DTK",1
"Khudhayer Obayes O.",1
"KHUNTHONG P",1
"KHUNTI K",1
"KHURANA A",1
"Khurana B.J.K.",1
"KHURAYZI T",1
"KHURSHID F",1
"KHUSHABA RN",1
"KIANFAR N",1
"Kianfar N.",1
"KIANG J",1
"KIANG JG",1
"KIANI B",1
"Kianizadeh F.",1
"Kiatkitroj K.",1
"KIBAR H",1
"KICIELINSKI K",1
"KICIELINSKI KP",1
"KICKLIGHTER SD",1
"Kidane A.S.",1
"Kidd S.A.",1
"KIDO A",1
"KIDO N",1
"Kido N.",1
"KIDO T",1
"KIEFER S",1
"KIENZLER S",1
"Kiguchi K.",1
"KIIVER HM",1
"KIJ A",1
"KIKEGAWA Y",1
"KIKKERT ID",1
"Kikuchi H.",1
"Kikuchi J.",1
"KIKUCHI T",1
"Kikuchi T.",1
"KIKUCHI Y",1
"KILABUK E",1
"Kilbo Edlund K.",1
"KILGORE CB",1
"KILIÇ E",1
"KILIC T",1
"Kılıç Toprak E.",1
"Kılıçalp M.İ.",1
"Kilicdag H.",1
"KILKENNY MF",1
"KILLIN L",1
"KILLU AM",1
"KIM A",1
"KIM AS",1
"Kim B.C.",1
"KIM BH",1
"KIM BM",1
"Kim C.S.",1
"Kim D.A.",1
"Kim D.H.",1
"Kim D.W.",1
"KIM DA",1
"KIM DH",1
"KIM DS",1
"Kim E.",1
"KIM EY",1
"KIM G",1
"KIM GS",1
"KIM GW",1
"KIM GY",1
"Kim H.C.",1
"Kim H.I.",1
"Kim H.K.",1
"KIM HB",1
"KIM HC",1
"KIM HE",1
"KIM HG",1
"KIM HK",1
"Kim I.",1
"KIM IH",1
"KIM IO",1
"KIM J.",1
"Kim J.A.",1
"Kim J.B.",1
"Kim J.M.",1
"Kim J.N.",1
"KIM JA",1
"KIM JD",1
"Kim K.H.",1
"Kim K.M.",1
"Kim K.O.",1
"KIM KJ",1
"KIM LS",1
"Kim M.C.",1
"KIM MJ",1
"KIM MY",1
"Kim N.G.",1
"Kim N.Y.",1
"KIM NG",1
"Kim O.J.",1
"KIM OJ",1
"Kim S.E.",1
"Kim S.R.",1
"KIM SAWTELLE KR",1
"KIM SE",1
"KIM SW",1
"Kim T.",1
"Kim T.U.",1
"KIM TH",1
"KIM W",1
"Kim W.",1
"Kim W.J.",1
"Kim W.K.",1
"KIM WH",1
"KIM WJ",1
"KIM WS",1
"Kim Y.G.",1
"KIM YA",1
"KIM YC",1
"KIM YM",1
"KIM YW",1
"KIM YY",1
"Kimball J.P.",1
"Kimberly W.T.",1
"Kimemia D.",1
"KIMONIS V",1
"Kimura A.",1
"KIMURA M",1
"Kimura M.",1
"KIMURA R",1
"KIMURA T",1
"KIMURA Y",1
"Kinay P.",1
"KIND AJH",1
"KINDERMANS M",1
"KINDL P",1
"KINDZIERSKI S",1
"KING AA",1
"KING AC",1
"KING B",1
"KING EG",1
"King J.B.",1
"KING JB",1
"KING JC",1
"KING KS",1
"King R.M.",1
"KINGDON ND",1
"KINGMA BRM",1
"KINGSTON DG",1
"KINGSTON JD",1
"KINNEE E",1
"KINNEE EJ",1
"KINNERSLEY B",1
"KINNEY PL",1
"KINOSHITA AN",1
"KINOSHITA C",1
"KINOSHITA H",1
"Kinoshita T.",1
"KINOSHITA Y",1
"KINTU TM",1
"KIPARAKIS M",1
"KIPER P",1
"KIPKORIR V",1
"Kiran C.H.",1
"KIRAN S",1
"Kirankumar B.",1
"KIRDAJOVA D",1
"KIRISATTAYAKUL W",1
"KIRK D",1
"Kirk T.F.",1
"KIRK TF",1
"KIRKLEY MJ",1
"KIRKWOOD ML",1
"KIROS Y",1
"Kirpekar S.",1
"KIRSCHEN M",1
"Kirschen M.P.",1
"KIRSCHEN MP",1
"Kirschfink A.",1
"KIRTANE AJ",1
"Kishan N.",1
"KISHI M",1
"Kishi T.",1
"KISHIHARA Y",1
"KISHIMA H",1
"KISHIMOTO T",1
"KISHOR S",1
"Kishor S.",1
"Kishore A.K.",1
"KISHORE AK",1
"Kisler K.",1
"KISS B",1
"KISSEIH KG",1
"KITAGAWA K",1
"KITAGAWA M",1
"KITAGAWA RS",1
"KITAGAWA T",1
"KITAHARA K",1
"Kitahara K.",1
"KITAHARA S",1
"Kitahara S.",1
"KITAI T",1
"KITAJIMA M",1
"Kitajima T.",1
"KITAMOTO T",1
"Kitamura E.",1
"KITAMURA H",1
"KITAOKA Y",1
"Kitashima T.",1
"KITCHENS R",1
"KITERA N",1
"KITTNER S",1
"KITYA D",1
"Kitzberger T.",1
"Kivijian G.",1
"KIVIMÄKI M",1
"Kivimäki M.",1
"KIVIRANTA H",1
"Kiyasu Y.",1
"Kiyatkin E.A.",1
"KIYKIM E",1
"Kiyomoto K.",1
"KIYONO K",1
"KIYOSHIGE E",1
"KIZER JR",1
"KIZNYS D",1
"KJÆR TW",1
"KJÆRGAARD B",1
"KJAERGAARD J",1
"Kjellstrom T.",1
"KJEMS J",1
"Kjertakov M.",1
"KJÖLHEDE EA",1
"KK TJM",1
"KLAAßEN-MIELKE R",1
"KLABEN A",1
"Klages M.",1
"KLAHR AC",1
"KLARHÖFER M",1
"KLAVER Z",1
"KLAWINSKI DM",1
"Klebl D.P.",1
"KLEEMAN M",1
"KLEGGETVEIT IP",1
"Klein B.",1
"Klein F.",1
"KLEIN J",1
"KLEIN S",1
"KLEIN T",1
"KLEINBERG LR",1
"KLEINBERG S",1
"Kleinbongard P.",1
"KLEINHENZ NC",1
"Klempka A.",1
"KLEPACKA K",1
"Klijn A.",1
"KLIJN CJ",1
"KLIJN CJM",1
"KLINE OA",1
"KLINGER A",1
"KLINGMÜLLER K",1
"Klinkaew N.",1
"Klinkmueller P.",1
"KLINNIKOVA MG",1
"Klintong S.",1
"KLOECKER DE",1
"Klompas A.M.",1
"Kloster M.E.",1
"KLOSTER ME",1
"KLÖTZSCH C",1
"KLOUS L",1
"Klous L.",1
"KLÖWER M",1
"KLUGAS A",1
"Klugas A.",1
"KMITCH L",1
"KNAPPE U",1
"Knecht S.",1
"KNECHTLE B",1
"Knechtle B.",1
"Knekt P.",1
"KNIER B",1
"KNIGHT D",1
"KNIGHT DC",1
"KNIGHT HL",1
"Knight S.",1
"Knirsch W.",1
"KNISELY J",1
"Knobel P.",1
"Knoery C.",1
"KNOLL J",1
"KNOLLENBERG J",1
"KNOP FK",1
"KNOPP T",1
"KNOTEK T",1
"Knuckles T.L.",1
"KNUTSON KL",1
"KNUTSSON L",1
"KNYAZER B",1
"KO CKL",1
"KO I",1
"KO K",1
"KO S",1
"Ko W.C.",1
"KO WC",1
"KO YA",1
"KOAMI H",1
"KOBASHI S",1
"Kobashi Y.",1
"Kobata T.",1
"Kobayashi J.",1
"KOBAYASHI JI",1
"Kobayashi K.",1
"KOBAYASHI M",1
"Kobayashi S.",1
"Kobeissi H.",1
"KOBESOVA A",1
"KOBETZ EN",1
"KÖBIS NC",1
"KOBORI A",1
"KOBRIN R",1
"KOÇ Hİ",1
"Koçak H.",1
"KOCBACH BØLLING A",1
"KOCEN S",1
"KOCH ESTEVES N",1
"KOCH H",1
"Koch L.R.",1
"KOCH M",1
"KOCH MB",1
"KOCH S",1
"KOCKLER M",1
"Kockler M.",1
"KODALI MC",1
"KODAVANTI MS",1
"KODAVANTI P",1
"KODAVANTI U",1
"KODAVANTI UP",1
"KODITHUWAKKU SH",1
"KODZHAHINCHEV V",1
"KOEHLE M",1
"KOEHLER R",1
"KOEHLER RC",1
"Koemans W.J.",1
"KOENIG-ZORES C",1
"KOENIG BW",1
"Koenig F.S.",1
"KOENIG FS",1
"Koenig Zores C.",1
"KOFKE WA",1
"Koga-Kobori S.",1
"KOH B",1
"KOH HK",1
"KOH JJ",1
"KOH M",1
"KOHANSAL E",1
"KOHL M",1
"KOHLER K",1
"Kohler K.",1
"KÖHLER S",1
"Kohlhauer M.",1
"KOHLI G",1
"KOHLI S",1
"KOHNLE P",1
"KÖHRMANN M",1
"KOHRO T",1
"KOHT A",1
"KOIDE W",1
"KOIZUMI S",1
"Kojima R.",1
"KOJIMAHARA N",1
"KOK JL",1
"KOKCE M",1
"KOKKINAKIS S",1
"KOKKONEN T",1
"KOKOT A",1
"KOKOTT-VUONG A",1
"KOKTEKIR E",1
"Kola R.",1
"KOLADE JO",1
"KOLAJA CA",1
"KOLAR J",1
"Kolar J.",1
"KOLAR JW",1
"KOLAR P",1
"KOLDITZ M",1
"KOLEHMAINEN V",1
"KOLEILAT I",1
"Kolenda K.D.",1
"KOLHE K",1
"Kolich M.",1
"Kolivand P.H.",1
"KÖLKER S",1
"KOLLANUS V",1
"Kollanus V.",1
"KÖLLER K",1
"Koller S.",1
"Kollmar R.",1
"KOLLOCH J",1
"KOLLS BJ",1
"Kolmašová I.",1
"KOLOMEICHUK SN",1
"KOLTZENBURG M",1
"KOLUMAM PARAMESWARAN P",1
"Komane P.",1
"KOMATA R",1
"KOMATSU M",1
"KOMIYA T",1
"KOMOLAFE M",1
"KOMORI Y",1
"KOMORIBAYASHI N",1
"KOMUKAI K",1
"KOMURA T",1
"Kona S.S.",1
"KONCAR I",1
"KONCZALLA J",1
"Konda N.",1
"Konda R.",1
"KONDAPAVULUR S",1
"Kondo H.",1
"KONDO K",1
"KONDO SI",1
"KONDO T",1
"KONDRATIEV T",1
"KONDRATIEV TV",1
"KONDURACKA E",1
"Konduracka E.",1
"KONDZIELLA D",1
"KONDZIOLKA D",1
"KONG D",1
"KONG DCH",1
"Kong G.",1
"Kong H.",1
"Kong J.",1
"Kong L.",1
"KONG Q",1
"Kong Q.",1
"KONG QP",1
"KONG S",1
"Kong W.",1
"Kong X.",1
"Kong Y.",1
"KONG ZQ",1
"KØNIG EB",1
"KÖNIG J",1
"KÖNIGSBERG A",1
"KONIK S",1
"Konik S.",1
"KONNO M",1
"Konno M.",1
"KONNO T",1
"KONO I",1
"KONO K",1
"KONO T",1
"KONOVALOV A",1
"Konovalov A.",1
"Konson A.",1
"KONSTANTINIDES S",1
"KONSTANTINOUDIS G",1
"Konstantinoudis G.",1
"KONTA N",1
"Kontny F.",1
"KONTOPODIS N",1
"KONTSES A",1
"Kontses A.",1
"KOO A",1
"Koo C.Y.",1
"KOO CJ",1
"KOO E",1
"Koo G.P.Y.",1
"KOO GPY",1
"KOO JH",1
"KOO S",1
"KOO T",1
"KOOHI N",1
"Koolstra K.",1
"KOOPERBERG C",1
"Koozi H.",1
"KOPAJTICH R",1
"KOPP B",1
"KORACH A",1
"KORAD S",1
"KORAICHI F",1
"KORASHY HM",1
"Korbut M.",1
"KORIN N",1
"KORINEK AAE",1
"Korkiakoski V.",1
"KORKMAZ BINAY Ş",1
"Korkos P.",1
"Korlak P.K.",1
"Kornemann N.",1
"KORNOWSKI Y",1
"KOROBEINIKOVA AV",1
"Korobko V.",1
"KOROBOV A",1
"Korobov A.",1
"Korochantseva E.V.",1
"KOROGI Y",1
"KÖROĞLU EN",1
"Korohodskyi V.",1
"KOROSHETZ WJ",1
"Korostovtseva L.S.",1
"KOROSTOVTSEVA LS",1
"KOROTKOVA N",1
"Korotych D.A.",1
"Korpi E.R.",1
"KORSIKOV NA",1
"KORTBEEK J",1
"KÕRV J",1
"Korvenlaita N.",1
"KORVENOJA A",1
"KOSAKA M",1
"Koscielny J.",1
"KÖSE G",1
"KOSKAS F",1
"KOSKIMÄKI J",1
"KOSMIN M",1
"Kosnacova H.",1
"Kosnett M.J.",1
"KOSOWAN J",1
"KOSOWSKI M",1
"KOSSACK A",1
"Kossen T.",1
"KOSTAKIS M",1
"KOSTENKOVA IZ",1
"KÖSTER C",1
"Kostev K.",1
"KOSTIC A",1
"KOSTIDIS S",1
"KOSTOGLOU K",1
"Kostoglou K.",1
"Kosuda T.",1
"Kotaiah K.",1
"Kotani K.",1
"KOTCHETKOV P",1
"Kotchetkov P.",1
"KOTECHA N",1
"KOTECKI P",1
"Kotecki P.",1
"KOTEN JW",1
"KOTHAPALLI D",1
"KOTHAPALLI SR",1
"Kothari K.",1
"Kothari R.",1
"Kotlęga D.",1
"Kotlyarov S.",1
"KOTTENMEIER E",1
"KOTZAERIDOU U",1
"Kou H.",1
"Kouchoukos N.T.",1
"KOUCHOUKOS NT",1
"Kouis P.",1
"Kouno N.",1
"KOUNO T",1
"KOUTROS S",1
"Koutros S.",1
"Koutsojannis C.",1
"Koutsourakis P.",1
"KOUWENHOVEN MBN",1
"KOUZAKI Y",1
"Kovács L.",1
"KOVÁCS V",1
"KOVACSIK A",1
"KOVALEV D",1
"Kovalska M.",1
"KOVALYK O",1
"Kovats S.",1
"KOVVURU K",1
"Kowalik G.T.",1
"KOWALIK GT",1
"KOWALSKI J",1
"KOWIS RM",1
"KOWOLL CM",1
"KOYAMA A",1
"Koyama Y.",1
"Koyanna S.",1
"KOYANO K",1
"Koyazo J.T.",1
"KOYAZO JT",1
"KOYUNCU N",1
"Kozak J.",1
"KOZAK P",1
"KOZAWA S",1
"Kozawa S.",1
"KOZERKE S",1
"KOZLOV I",1
"KOZLOV S",1
"KOZLOV SA",1
"KOZYNCHENKO VA",1
"KRACHLER B",1
"KRAEMER HH",1
"Krafft M.P.",1
"KRAFFT MP",1
"Krainik A.",1
"KRAJNAK K",1
"Krajnak K.",1
"KRAJNY E",1
"Krakovich A.",1
"KRALJ V",1
"Kramer A.",1
"KRAMER AH",1
"Kramer C.M.",1
"KRAMER MCA",1
"KRAMER SE",1
"KRAMES L",1
"KRANCIUKAITE-BUTYLKINIENE D",1
"KRANIOTI EF",1
"Kranthi P.",1
"KRANTZ T",1
"Kranz D.D.",1
"KRARUP LH",1
"KRASKA W",1
"KRASNOV H",1
"KRASON A",1
"Krason A.",1
"Krassner M.M.",1
"KRATTINGER-TURBATU L",1
"Kraus C.",1
"Kraus U.",1
"KRAUSE C",1
"KRAUSE K",1
"KRAUSE KE",1
"KRAUSE M",1
"KRAVCHENKO AV",1
"KRAVCHENKO VI",1
"KRAYENHOFF ES",1
"KREATSOULAS C",1
"KREFTING J",1
"KREIBICH M",1
"KREIN C",1
"Kreivaitis R.",1
"Kreivi S.",1
"KREMER LCM",1
"KREMER M",1
"Kremer M.",1
"KRENZLIN H",1
"Krenzlin H.",1
"KREPULEC V",1
"KRESS AC",1
"KRETZER JA",1
"KRETZLER M",1
"Kreutz R.",1
"KREUZ T",1
"Kreuz T.",1
"Kreuzer M.",1
"KREUZPOINTNER A",1
"KREWSKI D",1
"KREZIC I",1
"Kriebel-Gasparro D.A.",1
"KRIEBEL-GASPARRO DA",1
"KRINGS T",1
"Krishna Moorthy P.S.",1
"KRISHNA MOORTHY PS",1
"KRISHNAMURTHI R",1
"KRISHNAMURTHY A",1
"Krishnamurthy V.",1
"KRISHNAN C",1
"KRISHNAN K",1
"Krishnan N.N.",1
"Krishnan R.",1
"KRISHNAN V",1
"KRISHNANKUTTY R",1
"Krishtafor D.A.",1
"KRISKA J",1
"KRISMANUEL H",1
"KRISSANAPRASIT A",1
"Krissanaprasit A.",1
"KRISTIANSEN OP",1
"KRISTIANSEN SB",1
"KRISTOFFERSEN DT",1
"KRITSILIS M",1
"Krittanawong C.",1
"Krivosic V.",1
"KROEGER JR",1
"Kroetz T.",1
"KROFLIN K",1
"KROGIAS C",1
"Krokhta G.M.",1
"Król-Józaga B.",1
"Krolevets M.",1
"KRØLL P",1
"Kronenberg F.",1
"KRONQUIST EK",1
"KRSTANOVIĆ K",1
"KRUCHKOV AS",1
"KRUEGER M",1
"Krüger A.",1
"KRÜGER N",1
"Kruijt N.",1
"KRUMBHOLZ M",1
"KRUMHOLZ HM",1
"KRUPIĆ F",1
"Krupinski E.A.",1
"KRUPINSKI EA",1
"Krusiński A.",1
"KRUTSKIKH EP",1
"KRYLOV VV",1
"Kryvoshei O.",1
"KRZAN A",1
"KRZEMIŃSKA A",1
"KRZYSTANEK E",1
"Krzystanek E.",1
"KRZYZANOWSKI M",1
"KSHIRSAGAR AV",1
"Ku B.D.",1
"KUAI H",1
"KUANG G",1
"KUANG H",1
"Kuang H.",1
"KUANG J",1
"Kuang L.",1
"Kuang L.D.",1
"Kuang X.",1
"KUATE-TEGUEU C",1
"KUBATKA P",1
"Kubiak J.K.",1
"KUBICA J",1
"KUBLICKIENE K",1
"KUBO H",1
"KUBO S",1
"KUBO Y",1
"KUBOTA T",1
"KUBOTA Y",1
"KUCAP M",1
"Kucap M.",1
"KUCHARCZYK E",1
"KUCHER N",1
"KÜCK F",1
"Kuczynski A.M.",1
"KUCZYNSKI AM",1
"Kudo M.",1
"Kudomi N.",1
"Kudriashov V.",1
"Kuehn B.M.",1
"KUENNEN M",1
"KUENZER T",1
"Kuetche F.",1
"Kufer J.",1
"KÜFFER T",1
"Kugadas A.",1
"KUGELMAN A",1
"Kugler E.C.",1
"KUHN HG",1
"KUHN MK",1
"KUHN P",1
"KÜHNE M",1
"Kuht J.",1
"Kui G.",1
"KUIJF H",1
"KUIPER MA",1
"KUIPERS EJ",1
"Kuittinen N.",1
"KUJAWA SG",1
"Kujawska M.",1
"KUJIRAOKA H",1
"Kujiraoka H.",1
"Kukhar V.V.",1
"KUKIHARA Y",1
"Kukkar K.K.",1
"KUKKUPUNI SK",1
"Kulesh A.A.",1
"Kuleshov D.",1
"KULKARNI A",1
"KULKARNI P",1
"Kulkarni S.S.",1
"KULLMANN DM",1
"KULU H",1
"KULVAIT V",1
"KULWA F",1
"KUM J",1
"Kuma V.",1
"Kumaar V.D.",1
"KUMADA K",1
"KUMAMARU H",1
"Kumar A.D.S.",1
"Kumar Beura S.",1
"KUMAR C",1
"KUMAR G",1
"Kumar G.",1
"Kumar G.A.",1
"Kumar J.",1
"Kumar J.A.",1
"Kumar K.S.",1
"Kumar M.D.",1
"Kumar M.K.",1
"KUMAR N",1
"Kumar N.A.",1
"KUMAR P",1
"KUMAR P J",1
"Kumar Paswan A.",1
"Kumar R.R.",1
"KUMAR RR",1
"KUMAR RV",1
"Kumar S.C.",1
"Kumar S.N.",1
"KUMAR SAXENA A",1
"KUMAR SC",1
"KUMAR SIRASAPALLI S",1
"Kumar Sundarajan P.",1
"KUMAR T",1
"Kumar T.D.",1
"Kumar T.R.",1
"KUMAR V",1
"Kumar V.R.S.",1
"Kumara P.",1
"Kumaran P.",1
"KUMARASAMI DP",1
"KUMARASAMY S",1
"Kumaravel S.",1
"Kumaresan T.",1
"KUMARI K",1
"Kumari M.",1
"Kumari V.",1
"KUMAZAWA R",1
"KUMAZAWA Y",1
"KUMMER BR",1
"KUMRAL E",1
"Kumral E.",1
"KUNDRÁT P",1
"KUNDU D",1
"KUNDURACIOGLU I",1
"KUNG CW",1
"KUNG J",1
"KUNG MS",1
"KUNGWANNARONGKUN B",1
"KUNIĆ S",1
"KUNIMASA R",1
"KUNIMATSU N",1
"KUNINAKA Y",1
"KUNISHIMA KUMAMARU K",1
"KUNIYIL AJITH SINGH M",1
"KUNO T",1
"KUNST G",1
"Kunt M.A.",1
"KUNTIC I",1
"Kuntic M.",1
"KUNUTSOR SK",1
"KUNZE-SZIKSZAY N",1
"KÜNZLI N",1
"KUO CP",1
"KUO K",1
"KUO LK",1
"KUO LT",1
"KUO PC",1
"KUO PH",1
"KUO PJ",1
"Kuo T.T.",1
"Kuo Y.W.",1
"KUO YJ",1
"KUO YT",1
"KUO YW",1
"KUPANOFF K",1
"KUPAS DF",1
"KUPFER K",1
"KUPKA M",1
"KUPPUSAMY P",1
"Kupriyanova D.S.",1
"KUPSCO A",1
"KURAITIS G",1
"KURASHINA Y",1
"Kurata M.",1
"KURAUCHI Y",1
"Kurauchi Y.",1
"Kurban D.",1
"KURCA E",1
"KURIAN MA",1
"Kurić H.",1
"Kurien C.",1
"KURITA H",1
"KURITA M",1
"KURKOWSKA-JASTRZEBSKA I",1
"Kurlansky P.A.",1
"Kurmi O.P.",1
"KURMI OP",1
"KURMI Y",1
"Kurnia K.A.",1
"Kurniawan M.",1
"KURNIKOV A",1
"KURODA K",1
"KURODA Y",1
"KUROKAWA M",1
"KUROKAWA R",1
"KUROKAWA T",1
"KUROZAWA Y",1
"KURT G",1
"KURTZ P",1
"Kurtz P.",1
"KURTZ TW",1
"KÜRY S",1
"Kurz F.T.",1
"KURZ FT",1
"KUSAKA T",1
"Kusaka Y.",1
"KUSANO K",1
"KUŠEVIĆ Z",1
"KUSHEL M",1
"Kushida K.",1
"KUSHWAH GS",1
"Kushwaha A.",1
"KUSTER B",1
"Küstner T.",1
"KUSUKI H",1
"KUSUZAWA K",1
"KUTLAR JOSS M",1
"Kutlu A.",1
"KUTNER W",1
"KUTS R",1
"Kuts R.",1
"KUTTY VR",1
"KUULASMAA K",1
"KUWABARA K",1
"KUWAHARA M",1
"KUWANA T",1
"Kuwar Y.V.",1
"KUWASHIMA S",1
"KUWASHIRO T",1
"Kuzmina L.P.",1
"KUZMINSKA OV",1
"KUZYK Y",1
"KV S",1
"KVIT A",1
"KWAG Y",1
"Kwak K.A.",1
"KWAK S",1
"KWAK SG",1
"KWAN D",1
"KWAN GF",1
"KWAN J",1
"Kwan S.C.",1
"KWAN SC",1
"Kwapong W.R.",1
"KWASIBORSKI P",1
"KWEON J",1
"Kwok C.Y.T.",1
"KWOK CS",1
"KWOK CYT",1
"KWOK RTK",1
"KWOK T",1
"KWOK TC",1
"KWOK TTY",1
"KWOK V",1
"KWOK WC",1
"KWON C",1
"KWON D",1
"Kwon D.",1
"KWON G",1
"Kwon G.",1
"Kwon H.",1
"Kwon H.S.",1
"Kwon H.Y.",1
"KWON HJ",1
"Kwon J.",1
"KWON K",1
"KWON M",1
"KWON O",1
"KWON S",1
"Kwon S.",1
"KWON SM",1
"KWON TE",1
"KWON Y",1
"Kwon Y.",1
"KWONG E",1
"Kwong E.",1
"KYBURZ D",1
"KYEYUNE J",1
"KYLE MARTIN W",1
"Kylén M.",1
"KYNG KJ",1
"KYOGOKU S",1
"KYPRITIDOU Z",1
"KYRIACOU E",1
"KYRIAKOU G",1
"KYRIAKOULIS I",1
"KYRIATZIS G",1
"Kyung S.",1
"L'ALLINEC V",1
"L S LJUNGMAN P",1
"L WISNOWSKI J",1
"LA CAMERA A",1
"LA GERCHE A",1
"LA GRANGE DD",1
"LA GROTTA R",1
"LA GRUTTA L",1
"LA GRUTTA S",1
"LA JOIE R",1
"LA PORTA CAM",1
"LA PORTA E",1
"LA RUSSA R",1
"LA VECCHIA C",1
"LAACK N",1
"LAACK NN",1
"LAAKSONEN K",1
"Laazaar K.",1
"Lababidi H.",1
"LABARTHE DR",1
"Labbe B.M.",1
"LABBÉ EA",1
"LABEAN TH",1
"Labeckas G.",1
"LABELLA C",1
"LABELLA M",1
"LABOTZ M",1
"LABRECQUE L",1
"LABROUSSE L",1
"LACABANNE C",1
"LACALLE-AURIOLES M",1
"LACEY F",1
"LACEY H",1
"LACEY J",1
"LACHAPELLE K",1
"LACHI A",1
"LACKLAND D",1
"LACOMBE C",1
"LACROIX MA",1
"LADDHA H",1
"Ladefoged C.N.",1
"LADEFOGED LG",1
"LADNY JR",1
"ŁADNY JR",1
"LADRÓN ABIA P",1
"Laeger R.",1
"LAFERRIERE S",1
"Laferriere S.",1
"Laffleur F.",1
"LAFOSSE C",1
"LAFOUX A",1
"Lafoux A.",1
"LAFUENTE AS",1
"Lafuente H.",1
"LAGANA MM",1
"LAGEBRANT A",1
"LAGERCRANTZ H",1
"Laggner M.",1
"Laghlam D.",1
"Laginestra F.G.",1
"LAGINESTRA FG",1
"LAGIOU P",1
"LAGUNA S",1
"LAHA JK",1
"LAHA S",1
"Laha S.",1
"LAHAY ME",1
"LAHEY MT",1
"Lahlouh M.",1
"LAHMAR W",1
"LAHOUD RM",1
"Lahr B.E.",1
"LAHRI S",1
"Lahri S.",1
"Lahtinen J.",1
"LAHUE SC",1
"LAI B",1
"LAI CH",1
"LAI H",1
"LAI HC",1
"LAI HF",1
"LAI HT",1
"LAI IC",1
"Lai J.",1
"Lai K.Y.",1
"LAI KS",1
"LAI KW",1
"LAI KY",1
"LAI LT",1
"LAI LW",1
"Lai P.",1
"LAI PS",1
"LAI SD",1
"LAI W",1
"LAI Y",1
"LAI Z",1
"LAICHINGER K",1
"Laichinger K.",1
"LAIDLAW D",1
"Lailach S.",1
"LAINE L",1
"LAINKA E",1
"LAIRON D",1
"LAJOIE G",1
"Lajoie K.",1
"Lakatos P.P.",1
"LAKDAWALA SS",1
"LAKE M",1
"LAKERVELD J",1
"LAKHAL F",1
"LAKHANI S",1
"LAKSHMAIAH RK",1
"LAKSHMANAN A",1
"LAKSHMANAN R",1
"LAKSHMANASAMY R",1
"Lakshmi R.P.",1
"Lakshminarayana B.",1
"Lakshmipathi J.",1
"Lakshmipathy M.",1
"LAL A",1
"LAL BERA M",1
"Lal Bera M.",1
"LALATONNE Y",1
"Lall V.K.",1
"LALLA R",1
"LALLI K",1
"Lalli K.",1
"Lally P.J.",1
"Lalonde R.",1
"Lalor S.J.H.",1
"LALOR SJH",1
"LAM BY",1
"Lam D.C.L.",1
"LAM DC",1
"LAM J",1
"LAM LC",1
"LAM M",1
"LAM MHC",1
"LAM TJR",1
"LAM TM",1
"LAM TYT",1
"LAM V",1
"LAM WA",1
"Lama N.",1
"LAMANA-VALLVERDÚ M",1
"LAMARRE SG",1
"Lamas G.A.",1
"LAMAS GA",1
"Lamb T.",1
"LAMBEA-GIL Á",1
"Lambea-Gil Á.",1
"LAMBERT LH",1
"Lamberti K.K.",1
"Lamberti P.",1
"Lamblin M.",1
"LAMHAUT L",1
"LAMONTAGNE-CARON R",1
"Lamontagne-Caron R.",1
"Lamorie-Foote K.",1
"LAMOU BILA GUEUMEKANE E",1
"LAMOUROUX A",1
"Lamouroux A.",1
"LAMPERT J",1
"Lampert J.",1
"LAMPKEMEYER M",1
"Lampkemeyer M.",1
"Lampkowski A.",1
"LAMPMANN T",1
"LAMPROU S",1
"LAMSAL S",1
"LAN C",1
"LAN D",1
"LAN G",1
"LAN H",1
"LAN J",1
"LAN L",1
"Lan L.",1
"LAN P",1
"LAN Q",1
"LAN W",1
"LAN X",1
"Lan X.",1
"LAN YW",1
"LAN ZAO R",1
"LANA A",1
"LANASPA M",1
"Lancet E.A.",1
"LANCIA S",1
"LANDBERG R",1
"LANDERS G",1
"Landes V.",1
"Landge N.",1
"LANDGRAF AD",1
"Landi G.T.",1
"LANDMAN BA",1
"LANDOLFO K",1
"LANDRIGAN P",1
"Landsman Z.T.",1
"LANDSMAN ZT",1
"LANDSNESS EC",1
"Landtblom A.M.",1
"LANDTBLOM AM",1
"LANDULFO E",1
"LANDWEHR KR",1
"LANE DJ",1
"Lane M.",1
"LANE R",1
"LÁNG A",1
"LANG AE",1
"Lang D.",1
"LANG DJ",1
"LANG F",1
"LANG HC",1
"Lang I.M.",1
"LANG M",1
"Lang M.",1
"LANGAN SP",1
"Lange C.",1
"LANGE E",1
"Lange T.",1
"LANGER M",1
"Langhoff M.",1
"LANGLET-MUTEAU C",1
"LANGLOIS AM",1
"LANGSTON MA",1
"LANGTHALER PB",1
"LANGZAM E",1
"LANKADEVA YR",1
"LANKOANDE D",1
"LANNEMYR L",1
"Lanni D.",1
"LANSBERG M",1
"LANSBERG MG",1
"LANSINGER J",1
"Lansinger J.",1
"LANSMAN SL",1
"Lantieri L.",1
"LANZINO G",1
"Lanzutti A.",1
"LAO Q",1
"Lapenna K.B.",1
"LAPERGUE B",1
"LAPERRIERE N",1
"LAPID MI",1
"Lapierre J.L.",1
"LAPPALAINEN K",1
"Lappe B.L.",1
"Larancuent C.",1
"Laranjo S.",1
"LARCOMBE AN",1
"LARENA C",1
"LARIK MO",1
"LARKIN A",1
"LARKIN JR",1
"LARROSA M",1
"LARSEN BS",1
"LARSEN CS",1
"LARSEN L",1
"Larsen N.",1
"Larson E.A.",1
"Larson P.S.",1
"LARSON PS",1
"LARSON S",1
"LARSON SL",1
"LARSSON M",1
"LARSSON SC",1
"Lasek-Bal A.",1
"LASITHIOTAKIS K",1
"LASKA AC",1
"LASO P",1
"Laso P.",1
"Lasselin J.",1
"Lassen M.L.",1
"LASSEN MCH",1
"LASSERE MND",1
"Lassila T.",1
"LAST N",1
"Last N.",1
"Latenko V.I.",1
"LATHA S",1
"Latha S.",1
"LATKOVSKIS G",1
"LÄTT J",1
"LATTIMER A",1
"LATTUADA G",1
"LAU AY",1
"LAU C",1
"Lau C.",1
"LAU LHS",1
"LAU SSS",1
"LAU WL",1
"Laubrock K.",1
"LAUFFENBURGER DA",1
"LAUGHON MM",1
"LAUGWITZ L",1
"Laukamp K.R.",1
"LAUKKA EJ",1
"LAUKKANEN J",1
"LAUNEY Y",1
"Launey Y.",1
"LAUNSTEIN ED",1
"LAURANZANO E",1
"LAURENCIN M",1
"LAURES-GORE JS",1
"LAURIER D",1
"LAURSEN JE",1
"Laursen S.M.",1
"LAVADOS PM",1
"Lavayen B.P.",1
"LAVENTHAL NT",1
"LAVIGNE É",1
"LAVINIO A",1
"LAVY E",1
"LAW CSW",1
"Law H.F.",1
"LAW HF",1
"LAW LYL",1
"LAW WC",1
"LAWLEY JS",1
"LAWRENCE-DEWAR JM",1
"Lawrence W.R.",1
"LAWSON LP",1
"Lawthom C.",1
"Lawton R.",1
"LAX I",1
"Laxmi Narasimha Raju P.",1
"LAY-EKUAKILLE A",1
"Lay-Ekuakille A.",1
"LÁZÁR C",1
"Lazar V.V.",1
"Lazarus J.E.",1
"LAZCANO U",1
"LAZEYRAS F",1
"LAZO E",1
"LAZOPOULOS G",1
"LAZOPOULOS L",1
"LAZZAROTTI GA",1
"Le A.D.",1
"LE BIHAN DCS",1
"Le Bras A.",1
"Le Friec A.",1
"LE GAC G",1
"LE GOAS M",1
"Le H.L.",1
"LE HELLO C",1
"LE HTT",1
"Le L.N.N.",1
"Le M.D.",1
"LE POLAIN DE WAROUX JB",1
"LE RESTE PJ",1
"Le Tran H.L.",1
"LE VL",1
"Leahy M.G.",1
"Leal A.F.R.",1
"LEAL AFR",1
"LEAL GCL",1
"Leaney S.F.",1
"LEANEY SF",1
"Leao D.J.",1
"LEAO DJ",1
"Leão S.P.",1
"LEAR SA",1
"LEARY CS",1
"Lebedeva E.G.",1
"Lebedevas S.",1
"Lebely C.",1
"LEBOUCHER A",1
"LEBOUF R",1
"LEBOVITZ SG",1
"LEBRAZI S",1
"Lebrazi S.",1
"LEBRUN L",1
"LECHNER K",1
"Lechner K.",1
"LECKER F",1
"Lecker F.",1
"LECKIE T",1
"Leckie T.",1
"LECLAIR L",1
"LECLERC A",1
"Leclerc C.",1
"LÉCORCHÉ P",1
"LECORDIER S",1
"LEDDY J",1
"LEDDY S",1
"LEDO A",1
"Ledo A.",1
"Leduc J.",1
"LEE-KELLAND R",1
"Lee A.",1
"LEE AH",1
"LEE AM",1
"LEE B",1
"Lee B.H.",1
"Lee B.S.",1
"LEE C",1
"Lee C.Y.",1
"LEE CKK",1
"LEE DJ",1
"LEE DY",1
"LEE E",1
"Lee E.K.",1
"Lee E.Y.",1
"LEE EB",1
"LEE EM",1
"LEE GB",1
"Lee H.J.",1
"LEE HA",1
"LEE HS",1
"LEE IT",1
"Lee J.H.",1
"Lee J.K.",1
"Lee J.W.",1
"LEE JD",1
"LEE JI",1
"LEE JJ",1
"Lee K.H.",1
"Lee K.J.",1
"Lee K.W.",1
"LEE KB",1
"LEE KK",1
"LEE KS",1
"LEE KW",1
"Lee M.J.",1
"Lee M.M.S.",1
"Lee M.S.",1
"LEE MMS",1
"LEE MY",1
"LEE N",1
"LEE NL",1
"LEE O",1
"Lee P.T.",1
"LEE RHY",1
"LEE RP",1
"LEE SB",1
"LEE SM",1
"LEE SP",1
"LEE SW",1
"LEE SY",1
"Lee T.K.",1
"LEE V",1
"LEE VH",1
"Lee W.H.",1
"Lee W.S.",1
"LEE WC",1
"LEE WT",1
"LEE WY",1
"Lee Y.",1
"Lee Y.g.",1
"Lee Y.K.",1
"LEE YB",1
"LEE YK",1
"LEE YM",1
"LEE YZ",1
"LEECH KA",1
"LEEMANS CR",1
"LEEMANS E",1
"LEEUW FE",1
"LEFEBVRE W",1
"LEFEVRE-SCELLES A",1
"Leffel B.",1
"LEFFERTS EC",1
"Legé D.",1
"LEGEZA P",1
"Legeza P.",1
"LEGGETT RW",1
"LEGGIT JC",1
"LEGI A",1
"Legi A.",1
"LEGROS ML",1
"LEGUTKO S",1
"LEHMANN D",1
"Lehmann F.",1
"LEHMKUHL L",1
"Lehner L.",1
"LEHNHARDT M",1
"LEHRIEDER D",1
"LEI B",1
"LEI C",1
"Lei C.",1
"LEI D",1
"Lei P.",1
"LEI S",1
"LEI T",1
"LEI TH",1
"LEI X",1
"Lei Y.",1
"LEI Z",1
"LEICHT AS",1
"LEIFHEIT EC",1
"LEIJSER LM",1
"LEINER T",1
"LEINWEBER ME",1
"Leira E.C.",1
"LEIRA EC",1
"LEISEGANG MS",1
"Leistner H.",1
"LEITÃO FLBF",1
"Leitch H.",1
"LEITE CAC",1
"Leite S.",1
"Lejre K.H.L.",1
"LEJUN LI",1
"Lele A.V.",1
"LELE AV",1
"LELECK OM",1
"LEMAIRE S",1
"LEMALE CL",1
"LEMKE D",1
"LEMOGNE B",1
"LEMOINE A",1
"LEMOINE NP",1
"LEMOS S",1
"LEMOSS NM",1
"LEMPEREUR M",1
"LEMPIDAKIS E",1
"LENAERS G",1
"LENCI MARQUES G",1
"LENCIONI T",1
"Lendner J.D.",1
"LENG H",1
"Leng H.",1
"LENG J",1
"Leng J.",1
"LENG M",1
"LENG S",1
"LENG XY",1
"LENG Y",1
"Leng Y.",1
"LENGA L",1
"Lenin K.",1
"LENNARD GR",1
"LENNARTSSON F",1
"Lennon M.J.",1
"LENNON MJ",1
"LENOS A",1
"LENTINI S",1
"LENZ D",1
"Lenz D.",1
"Lenz F.A.",1
"LENZ FA",1
"LENZETTI C",1
"LEON-LATRE M",1
"LEON-ROJAS JE",1
"León-Sánchez G.A.",1
"LEÓN-SÁNCHEZ GA",1
"LEÓN E",1
"LEON RL",1
"Leonard M.F.",1
"LEONE A",1
"Leone A.",1
"LEONE M",1
"Leone S.",1
"LEONG D",1
"LEONI MORENO JC",1
"LEONI RF",1
"Lepaire C.",1
"LEPILOV AV",1
"LEPORE S",1
"LER SG",1
"LERCH MM",1
"LEROUGE S",1
"LERSY F",1
"LERTXUNDI U",1
"LESAGE F",1
"LESCH H",1
"Lesenfants C.",1
"Leshchevich V.V.",1
"LESHNOWER BG",1
"Lesho E.P.",1
"Leslie-Mazwi T.M.",1
"LESLIE A",1
"LESMAN-SEGEV OH",1
"LESNIK OBERSTEIN S",1
"LESSARD D",1
"Lesser A.",1
"Lestari K.E.",1
"Leszto K.",1
"LÉTOURNEAU D",1
"LETSIOU A",1
"LETTS LJ",1
"LEUCI L",1
"LEUNG D",1
"LEUNG JC",1
"Leung R.",1
"LEUNG S",1
"LEUNG TW",1
"LEURCHARUSMEE P",1
"LEVANTINO M",1
"LEVASSEUR T",1
"LEVELS K",1
"LEVERIN AL",1
"LEVI C",1
"LEVI R",1
"LEVIN G",1
"LEVIN M",1
"LEVIN SR",1
"LEVIN T",1
"LEVINE E",1
"Levine H.T.",1
"LEVINE IC",1
"Levinger U.",1
"LEVINSON D",1
"LEVITT S",1
"LEVY B",1
"Levy B.",1
"LEVY JI",1
"LEVY S",1
"Lew K.L.",1
"LEWALTER T",1
"LEWANDOWSKI R",1
"LEWEK J",1
"LEWENSTEIN M",1
"LEWIS-SMITH D",1
"Lewis A.F.",1
"Lewis A.J.M.",1
"LEWIS AH",1
"LEWIS I",1
"Lewis J.B.",1
"Lewis J.D.",1
"LEWIS LM",1
"LEWIS S",1
"Lewis S.R.",1
"LEWIS SE",1
"LEWY J",1
"LEXIMA P",1
"LEXIN W",1
"LEYH R",1
"Li A.",1
"Li A.M.L.",1
"LI AP",1
"LI AY",1
"LI BJ",1
"Li C.C.",1
"Li C.H.G.",1
"Li C.L.",1
"Li C.W.",1
"Li C.Y.",1
"LI CW",1
"LI CX",1
"LI CY",1
"Li D.X.",1
"LI DW",1
"LI FR",1
"LI GB",1
"LI GH",1
"Li H.x.",1
"LI HB",1
"LI HC",1
"LI HJ",1
"LI HL",1
"LI HN",1
"LI HR",1
"Li J.B.",1
"Li J.J.",1
"Li J.m.",1
"Li J.W.",1
"Li J.Y.",1
"LI JE",1
"LI JF",1
"LI JJ",1
"LI JS",1
"LI JX",1
"LI JY",1
"Li L.Z.",1
"LI LZ",1
"Li M.X.",1
"LI ML",1
"LI MOW CHEE F",1
"LI PH",1
"LI PM",1
"LI PR",1
"LI QQ",1
"LI RZ",1
"Li S.J.",1
"Li S.L.",1
"Li S.S.",1
"LI SJ",1
"LI SS",1
"Li T.T.",1
"LI TL",1
"Li W.C.",1
"LI WC",1
"Li X.B.",1
"LI XS",1
"LI XY",1
"Li Y.C.",1
"Li Y.H.",1
"Li Y.M.",1
"Li Y.N.",1
"Li Y.P.",1
"LI YD",1
"LI YY",1
"LI ZH",1
"LI ZQ",1
"LI ZW",1
"LI ZX",1
"LIAN C",1
"LIAN G",1
"Lian L.",1
"LIAN M",1
"LIAN P",1
"Lian P.",1
"Lian S.",1
"LIAN SY",1
"Lian T.Y.",1
"LIAN W",1
"Lian X.",1
"LIAN Z",1
"Lian Z.",1
"LIAN ZD",1
"Liana P.",1
"LIANG A",1
"Liang B.",1
"LIANG CC",1
"LIANG CH",1
"Liang D.",1
"LIANG HB",1
"Liang K.",1
"LIANG L",1
"Liang L.",1
"LIANG P",1
"Liang Q.",1
"Liang T.",1
"LIANG XH",1
"Liang Z.",1
"LIANG ZP",1
"LIAO B",1
"Liao B.",1
"LIAO D",1
"Liao D.",1
"LIAO FF",1
"Liao H.",1
"LIAO KK",1
"Liao Q.",1
"LIAO S",1
"Liao S.H.",1
"LIAO W",1
"Liao W.H.",1
"LIAO WC",1
"Liao Y.",1
"Liao Y.c.",1
"Liao Y.C.",1
"LIAO Z",1
"Liapi G.D.",1
"LIAPI GD",1
"Libersa M.",1
"LICHA A",1
"LICHTENTHALER SF",1
"LICHTMAN JH",1
"LICKER MJ",1
"LICWINKO JR",1
"LIEB K",1
"LIEBER G",1
"Liebergesell N.P.",1
"LIEBERMAN-CRIBBIN W",1
"Lieberman-Cribbin W.",1
"LIEBIG T",1
"LIEM B",1
"Lien T.C.",1
"LIEN TC",1
"LIESCHKE F",1
"Lieschke F.",1
"LIESZ A",1
"LIET AS",1
"LIEW D",1
"LIEW SL",1
"LIEW XY",1
"Lightner J.A.",1
"LIGUTAM MOHABBAT NM",1
"Lijha J.S.J.",1
"Lijia S.",1
"Lijun D.",1
"LIKOSKY DS",1
"Lila A.",1
"LILJESTRÖM M",1
"Lillehei A.",1
"LILLEHEIE I",1
"Lim A.R.",1
"LIM DJ",1
"LIM FL",1
"Lim H.S.",1
"LIM JH",1
"LIM JT",1
"LIM K",1
"LIM LSX",1
"LIM SS",1
"LIM SYW",1
"LIM TR",1
"LIM WS",1
"LIM Y",1
"LIM YC",1
"LIMA DU",1
"LIMA FPS",1
"LIMA JVF",1
"LIMA MO",1
"LIMBERT M",1
"Limbert M.",1
"LIMPIJANKIT T",1
"LIN AP",1
"Lin B.",1
"Lin B.Z.",1
"LIN BS",1
"Lin C.T.",1
"Lin C.W.",1
"LIN CJ",1
"LIN CL",1
"LIN CQ",1
"LIN CT",1
"LIN CW",1
"LIN D",1
"LIN DJ",1
"LIN DM",1
"LIN E",1
"Lin F.",1
"Lin F.W.",1
"LIN FW",1
"Lin G.",1
"Lin H.",1
"Lin H.P.",1
"Lin J.",1
"Lin J.C.",1
"Lin J.H.",1
"LIN JH",1
"LIN JW",1
"Lin K.",1
"Lin L.Y.",1
"Lin L.Z.",1
"LIN LS",1
"Lin M.",1
"LIN MQ",1
"LIN MS",1
"LIN N",1
"Lin P.",1
"Lin P.H.",1
"LIN PC",1
"LIN PH",1
"Lin Q.W.",1
"LIN QW",1
"LIN RT",1
"Lin S.",1
"Lin S.F.",1
"Lin S.K.",1
"Lin S.M.",1
"Lin S.Y.",1
"LIN SH",1
"LIN SS",1
"LIN SW",1
"LIN SY",1
"Lin T.",1
"LIN TA",1
"LIN TW",1
"LIN V",1
"Lin V.",1
"LIN WC",1
"LIN WJ",1
"LIN WQ",1
"LIN WT",1
"Lin X.m.",1
"Lin Y.k.",1
"LIN YC",1
"LIN YN",1
"LIN YT",1
"LIN YW",1
"Lin Z.K.",1
"LIN ZK",1
"LIN ZR",1
"Linardi D.",1
"LINARES AR",1
"LINARES C",1
"LINARI M",1
"LINASSI F",1
"Linassi F.",1
"LINCOLN CM",1
"LIND PM",1
"LINDAHL-JACOBSEN R",1
"LINDAHL B",1
"LINDBLOM S",1
"Lindblom S.",1
"LINDBOHM JV",1
"LINDEN SML",1
"Lindenholz A.",1
"LINDER S",1
"Lindgren A.R.",1
"LINDH CH",1
"LINDHOLM MG",1
"LINDHOLM T",1
"LINDLEY RI",1
"LINDNER B",1
"LINDNER DP",1
"LINDNER G",1
"LINDNER P",1
"LINDQUIST BD",1
"LINDSAY J",1
"LINDSAY T",1
"LINDSAY TF",1
"LINDVALL J",1
"Ling C.",1
"LING DC",1
"LING L",1
"LING R",1
"Ling T.C.",1
"LING X",1
"LING ZY",1
"LINGAM I",1
"Lingqin K.",1
"Linjun Z.",1
"Link M.C.",1
"LINK MJ",1
"Link T.",1
"LINN J",1
"LINNESTAD AM",1
"LINO CA",1
"LINZALONE N",1
"LIOI G",1
"LIONETTI MC",1
"LIOUTAS VA",1
"LIOW YY",1
"LIPFORD ME",1
"Lipiński S.",1
"LIPP E",1
"LIPSCOMB J",1
"LIPSITZ E",1
"Lipsker D.",1
"LIPTON JO",1
"LISABETH L",1
"LISABETH LL",1
"LISDWIYANI BK",1
"LISEN L",1
"LISGARAS CP",1
"LISSÅKER C",1
"LISSENBERG-WITTE BI",1
"LISTL S",1
"LITAK G",1
"LITCHFIELD AC",1
"LITELL J",1
"LITES TD",1
"LITHGOW A",1
"LITKE R",1
"Little M.P.",1
"Little P.V.",1
"LITTNER Y",1
"LIU AB",1
"Liu B.",1
"Liu B.h.",1
"LIU BC",1
"Liu C.W.",1
"LIU CC",1
"LIU CF",1
"LIU CL",1
"LIU CS",1
"LIU CW",1
"LIU CY",1
"LIU FC",1
"Liu G.N.",1
"Liu G.R.",1
"LIU GN",1
"Liu H.C.",1
"LIU HX",1
"LIU HY",1
"LIU IA",1
"Liu J.Y.",1
"LIU JL",1
"LIU JP",1
"LIU JY",1
"LIU KD",1
"LIU LL",1
"LIU LQ",1
"Liu N.",1
"LIU PH",1
"Liu Q.F.",1
"Liu R.B.",1
"LIU RQ",1
"Liu S.F.",1
"Liu S.M.",1
"LIU SF",1
"LIU SM",1
"LIU TM",1
"Liu W.B.",1
"Liu W.P.",1
"LIU WH",1
"LIU WM",1
"LIU WV",1
"LIU WW",1
"Liu X.L.",1
"LIU XJ",1
"LIU XX",1
"Liu Y.f.",1
"Liu Y.Y.",1
"LIU YB",1
"LIU YT",1
"LIU YY",1
"Liu Z.D.",1
"Liu Z.Y.",1
"LIU ZY",1
"LIU ZZ",1
"LIVESAY SL",1
"LIZARRAGA T",1
"LIZASOAIN I",1
"LJUBAS A",1
"Ljubisavljevic S.",1
"LJUNGGREN S",1
"Llamas Rodríguez J.",1
"LLARGUÉS E",1
"LLEWELLYN DJ",1
"Llop-Sayson J.",1
"LLOPIS J",1
"LLORENS R",1
"LLOYD-JONES D",1
"LLOYD A",1
"Lloyd A.",1
"LLOYD M",1
"LO A",1
"LO AC",1
"LO B",1
"Lo B.W.Y.",1
"LO EH",1
"LO K",1
"LO R",1
"Lo S.H.",1
"LO SK",1
"Lo W.C.",1
"LO WD",1
"LO WZ",1
"Lo Y.H.",1
"Lo Y.T.E.",1
"LO YT",1
"LO YTE",1
"LOADER SP",1
"LOAIZA-CORREA H",1
"ŁOBEJKO M",1
"LÖBERMANN M",1
"LOBO AO",1
"Lobo F.S.",1
"LOBO FS",1
"LOBOTESIS K",1
"Locatelli J.C.",1
"LOCHMANN M",1
"LOCHNER P",1
"Lock M.C.",1
"LOCKE DH",1
"LÖCKE M",1
"Lockhart S.M.",1
"LODES U",1
"LODEWYKS C",1
"LODYGENSKY GA",1
"LOEBERG EM",1
"LOEBNER LUND E",1
"LOECHER MW",1
"LOEVINSOHN G",1
"LOEWE A",1
"LOFFROY R",1
"LOFT A",1
"Logan A.",1
"LOGAN PW",1
"LOGANOVSKY K",1
"LOGANOVSKY KN",1
"Loginova N.N.",1
"LOGNONNÉ P",1
"LOGROSCINO G",1
"LOGUNOV AT",1
"LOH M",1
"LOH T",1
"LOHAN NM",1
"Lohmann D.",1
"Lohrke F.",1
"LOHS A",1
"LOHSE A",1
"LOHUIS P",1
"LOIZOU CP",1
"Lok B.",1
"LOK J",1
"LÖKHOLM E",1
"Lokotola C.L.",1
"LOMA-OSORIO P",1
"Lomakin N.V.",1
"LOMBARD FW",1
"LOMBARD J",1
"LOMBARD MA",1
"LOMBARDI V",1
"LONCAR D",1
"LONDI F",1
"LONDONO MJ",1
"LONG B",1
"Long B.",1
"LONG D",1
"Long G.M.",1
"Long J.",1
"Long K.",1
"LONG LZ",1
"LONG N",1
"Long S.",1
"Long Y.",1
"Long Z.",1
"LONGEST AK",1
"LONGHITANO Y",1
"LONGO G",1
"LONGO M",1
"Longobardo G.",1
"Longoria C.R.",1
"LONGSTRETH WT",1
"LØNNEBAKKEN MT",1
"LOO BW",1
"LOO JK",1
"LOOI I",1
"LOOR G",1
"LOPATA R",1
"LOPES-MARTINS RAB",1
"LOPES FJDS",1
"LOPES M",1
"LOPES RD",1
"LOPES RFT",1
"LÓPEZ-AMOEDO S",1
"LÓPEZ-BELMONTE Ó",1
"López-Bueno J.A.",1
"LÓPEZ-BUENO JA",1
"LÓPEZ-CANCIO MARTÍNEZ E",1
"LÓPEZ-CONTRERAS G",1
"LÓPEZ-GÁLVEZ R",1
"LÓPEZ-GARCÍA C",1
"LOPEZ-GARCIA E",1
"LOPEZ-GONZALEZ L",1
"Lopez-Jaramillo P.",1
"LÓPEZ-LOUREIRO I",1
"LÓPEZ-MEDINA DC",1
"LÓPEZ-NICOLÁS Á",1
"LÓPEZ-RIDAURA R",1
"LOPEZ-SALAMANCA DE",1
"LÓPEZ-SOBRINO T",1
"LOPEZ-SOTO C",1
"LOPEZ BARRERA E",1
"Lopez C.B.",1
"LOPEZ DR",1
"LOPEZ G",1
"LOPEZ GALVEZ N",1
"LOPEZ K",1
"Lopez K.",1
"López L.R.",1
"LÓPEZ LÓPEZ A",1
"LOPEZ M",1
"LOPEZ O",1
"LOPEZ OL",1
"LOPEZ P",1
"LOPEZ R",1
"LOPUSZKO A",1
"LORD AS",1
"LORD C",1
"LORD RN",1
"LORENTE BALANZA JÁ",1
"Lorente L.",1
"LORENZ E",1
"Lorenz E.",1
"Lorenzana-Martínez G.",1
"LORENZETTI BRANCO JH",1
"LORENZONI G",1
"LORI S",1
"LORICERA J",1
"Lőrinczy D.",1
"LORKING N",1
"Lorking N.",1
"Lorlowhakarn K.",1
"LORUSSO F",1
"LOSCALZO J",1
"LOSEY AD",1
"Losseva T.V.",1
"Lotfollahzade Moghaddam A.",1
"LOTTEAU S",1
"Lottmann M.",1
"LOTTO A",1
"LOTTO R",1
"LOTZE M",1
"Lou L.",1
"LOU W",1
"Lou Y.",1
"LOU YP",1
"LOUBINOUX I",1
"LOUIS S",1
"Louis S.",1
"LOURIDA I",1
"Louwe M.C.",1
"LOUWERENS M",1
"LOVE SM",1
"LOVE T",1
"LOVELL R",1
"LOVRIC E",1
"LOW ICC",1
"LOWE A",1
"Lowe H.",1
"LOWE J",1
"LOWE S",1
"LOWNIE SP",1
"LOZADA-MARTÍNEZ ID",1
"LOZADA-RAMOS H",1
"LOZANO D",1
"Lu A.",1
"Lu B.",1
"Lu C.",1
"Lu D.N.",1
"Lu H.F.",1
"Lu H.Y.",1
"LU HL",1
"LU HY",1
"Lu J.C.",1
"Lu J.Y.",1
"Lu K.",1
"Lu K.J.",1
"Lu L.",1
"LU MC",1
"Lu S.",1
"LU SS",1
"LU T",1
"Lu T.",1
"LU WA",1
"LU XF",1
"LU XJ",1
"Lu Y.C.",1
"Lu Z.Y.",1
"LU ZM",1
"LU ZQ",1
"LU ZS",1
"Luan G.",1
"LUAN Q",1
"LUAN X",1
"Luan Y.",1
"LUBIN JS",1
"Lucas J.H.",1
"LUCAS RAI",1
"LUCAS SJE",1
"LUCAS SN",1
"Lucas T.",1
"LUCCAS GAA",1
"Lucchese G.",1
"LUCCI VM",1
"LUCENA R",1
"LUCERO J",1
"Luchkanych A.M.S.",1
"LUCHKANYCH AMS",1
"LUCHT S",1
"LUCIANI S",1
"LUCK B",1
"LUCK D",1
"LUCKE AM",1
"LUCONI E",1
"LUCUMI-CUESTA DI",1
"LUDEWIG P",1
"LUDWICK S",1
"Lue Y.F.",1
"LUEPKER RV",1
"LUESCHER T",1
"Luetkens J.A.",1
"LUFT AR",1
"LUFT BJ",1
"LUGANI F",1
"LUGINAAH I",1
"LUGO-RADILLO A",1
"LUGO A",1
"LUGO O",1
"LUI S",1
"LUIK A",1
"Luik A.",1
"LUIZ W",1
"LUKAC P",1
"LUKINS DE",1
"Lukman M.",1
"Lull J.J.",1
"LUM F",1
"LUM K",1
"Lumikari T.J.",1
"LUMNICZKY K",1
"LUMSDEN A",1
"LUMSDEN AB",1
"LUNA-PEREJÓN F",1
"Luna-Perejón F.",1
"LUNAGARIYA A",1
"LUND AK",1
"LUND T",1
"Lundberg A.",1
"LUNDBERG S",1
"LUNDBLAD R",1
"Lunden L.K.",1
"LUNDEN LK",1
"LUNDGAARD I",1
"LÜNSER K",1
"Lunt S.",1
"LUNT T",1
"Lunz D.",1
"LUO B",1
"Luo B.",1
"LUO CS",1
"LUO CY",1
"LUO E",1
"LUO F",1
"LUO JC",1
"LUO K",1
"Luo K.",1
"LUO LB",1
"Luo M.",1
"LUO MH",1
"LUO R",1
"Luo X.",1
"LUO XD",1
"LUO XT",1
"LUO YN",1
"LUOMA K",1
"Luong K.G.",1
"Lupowitz L.G.",1
"LUPSKI JR",1
"LUPTON MK",1
"Luque-García L.",1
"LURIN IA",1
"LURMANN F",1
"LÜSCHER T",1
"LÜSEBRINK U",1
"LUSHNIKOVA EL",1
"Lutvikadic I.",1
"Lutz G.F.",1
"LUTZ GF",1
"LUTZ Y",1
"LUU MDA",1
"LUURTSEMA G",1
"LV A",1
"LV C",1
"LV L",1
"Lv L.S.",1
"LV M",1
"LV N",1
"LV P",1
"Lv P.",1
"LV Q",1
"Lv Q.W.",1
"LV R",1
"Lv R.",1
"Lv T.",1
"lv X.",1
"Lyakhov P.",1
"Lyakhovetskaya V.V.",1
"LYAKURWA JV",1
"LYDEN E",1
"LYETH BG",1
"Lyhne M.D.",1
"LYLYK P",1
"LYMBOURIS M",1
"LYN N",1
"LYNCH J",1
"LYNCH T",1
"LYONNAIS E",1
"LYRETTE N",1
"Lysenkov S.P.",1
"LYSENKOV SP",1
"Lyu J.",1
"Lyu L.",1
"Lyu P.",1
"LYU R",1
"LYU T",1
"LYU X",1
"Lyu X.",1
"Lyu Y.",1
"LYU Z",1
"Lyukov D.A.",1
"M JPP",1
"M S",1
"M. Mandhare R.",1
"Ma'u E.",1
"Ma A.",1
"MA AJ",1
"Ma C.J.",1
"MA DK",1
"Ma K.",1
"Ma L.H.",1
"Ma L.Y.",1
"MA P",1
"Ma P.",1
"MA SJ",1
"MA SZ",1
"Ma T.",1
"MA TF",1
"Ma W.",1
"MA WZ",1
"MA XL",1
"MA YJ",1
"MAADESWARAN P",1
"MAALOUF E",1
"MAASHI F",1
"MABHIDA SE",1
"MABUCHI S",1
"Mabuchi S.",1
"MAC GRORY B",1
"MACCARINI M",1
"MACCHI C",1
"Macchi C.",1
"MACCHI V",1
"MACCHIAVELLO C",1
"MACDONALD CJ",1
"MACDONALD HV",1
"MACDONALD ME",1
"MACDONALD MJ",1
"MACDONALD RL",1
"MACDONALD S",1
"MACDONALD SM",1
"MACEDO SANTOS E",1
"MACERA A",1
"MACEWAN GW",1
"MACH F",1
"Macha K.",1
"Machado-Fragua M.D.",1
"Machado M.",1
"Machado P.M.",1
"Machado T.A.D.",1
"MACHEDA T",1
"MACHNIK G",1
"MACHURA Ł",1
"MACHWART K",1
"MACIEJCZAK A",1
"Maciejczak A.",1
"MACIEJCZYK A",1
"MACINTYRE AN",1
"MACINTYRE CR",1
"Macintyre H.L.",1
"MACINTYRE HL",1
"MACIOCE V",1
"MACK A",1
"MACK SM",1
"MACK W",1
"MACKENSEN GB",1
"MACKEY S",1
"MACKIE SA",1
"MACKINTOSH KA",1
"MACKINTOSH S",1
"MACKOVSKI N",1
"MACLEOD DB",1
"MACLEOD M",1
"MACMILLAN A",1
"Macnamara B.R.",1
"MACNEIL S",1
"Macrae G.",1
"Macruz F.B.d.C.",1
"MĄCZKO A",1
"MADAFFARI A",1
"MADANE PA",1
"Madaras L.",1
"Madarasz A.",1
"Made F.",1
"MADEA B",1
"MADEBO T",1
"MADERO M",1
"Madhushara J.M.S.I.",1
"Madiga Bala D.",1
"Madireddi S.",1
"MADJIDYAR J",1
"MADRAHIMOV N",1
"Madrigano J.",1
"Madugula S.",1
"MADUREIRA J",1
"MADURSKA MJ",1
"MAEDA A",1
"MAEDA N",1
"MAEDA S",1
"Maeda T.",1
"Maeda Y.",1
"MAEDER P",1
"MAEHARA T",1
"Maejima H.",1
"MAEKAWA Y",1
"MAENO K",1
"MAESTRINI I",1
"MAEZAWA M",1
"Mafe M.A.",1
"MAFELD S",1
"MAFFEI E",1
"MAGALHAES FC",1
"MAGALHÃES FC",1
"Magazzino C.",1
"MAGDY J",1
"MAGEN-MOLHO H",1
"MAGHSOUDI AS",1
"MAGNANI JW",1
"MAGNÉ N",1
"Magnerou A.M.",1
"MAGNEROU AM",1
"Magnin E.",1
"MAGNONI P",1
"Magnoni P.",1
"MAGNUS T",1
"MAGNUSON JT",1
"MAGNUSSEN CG",1
"MAGNUSSON C",1
"Magnusson C.",1
"MAGNUSSON PK",1
"MAGO P",1
"MAGOMEDOV A",1
"MAGOMEDOV M",1
"MAGON S",1
"MAGONI M",1
"MAHADEVAN-JANSEN A",1
"MAHADEVAN A",1
"MAHAFDAH B",1
"MAHAJAN A",1
"MAHAJAN C",1
"Mahajan C.",1
"Mahajan S.",1
"MAHAJNA M",1
"Mahani F.S.N.",1
"MAHARJAN AS",1
"Mahata D.",1
"MAHATO J",1
"MAHATO S",1
"MAHDI A",1
"MAHDI Z",1
"MAHDIEH DY",1
"Mahendra Kumar J.L.",1
"MAHENDRADHATA Y",1
"MAHÉO P",1
"MAHER CO",1
"MAHER S",1
"Mahesh G.",1
"Maheshwaran M.",1
"MAHESHWARI A",1
"Maheshwarkar P.",1
"Mahessar A.A.",1
"Mahi R.",1
"Mahlapuu M.",1
"Mahler B.",1
"MAHLER S",1
"Mahmood H.A.",1
"Mahmoud A.S.",1
"Mahmoud D.M.",1
"Mahmoud M.A.",1
"MAHMOUDABADI M",1
"Mahmutovic Persson I.",1
"MAHNAM A",1
"MAHNASHI MS",1
"MAHON RT",1
"MAHRINGER C",1
"Mahroo A.",1
"MAHUM R",1
"Mahum R.",1
"MAHZARNIA A",1
"MAI G",1
"Mai H.",1
"Mai N.T.",1
"MAI TD",1
"MAI Y",1
"Maia A.",1
"MAIA LFPG",1
"MAIER-HEIN L",1
"MAIER A",1
"MAIER CL",1
"MAIER IL",1
"MAIER M",1
"MAIER O",1
"Maier O.",1
"MAIESE A",1
"MAILEND ML",1
"MAILLARD P",1
"MAIMAITI A",1
"MAIMAITI M",1
"Mainali S.",1
"MAINTZ D",1
"Maio S.",1
"Maiorov S.A.",1
"MAIR P",1
"MAIRE M",1
"MAISEL MT",1
"MAISEY DR",1
"MAISTERRA O",1
"MAITRE NL",1
"MAITRE PP",1
"Maizlish N.A.",1
"MAIZLISH NA",1
"MAJCHER C",1
"MAJIDI C",1
"Majidniya M.",1
"MAJOIE C",1
"MAJOIE CBLM",1
"MAJOR D",1
"MAJOR S",1
"MAJUMDER A",1
"MAK HKF",1
"MAK JKC",1
"MAKANJUOLA A",1
"MAKAREM A",1
"Makarem A.",1
"MAKARIAN R",1
"Makarian R.",1
"MAKAROV VV",1
"MAKAWITA C",1
"MÄKELÄ T",1
"Makhambetchin Y.",1
"MAKHLOUF M",1
"MAKHLOUF MHE",1
"MAKIHIRA S",1
"MAKIKAWA M",1
"Makita T.",1
"MAKKI MI",1
"MAKOWSKI NS",1
"Makram O.M.",1
"Makrecka-Kuka M.",1
"Makris N.",1
"MAKWANA B",1
"Malakootian M.",1
"MALAU-ADULI A",1
"MALAU-ADULI AEO",1
"MALAU-ADULI B",1
"MALAU-ADULI BS",1
"Malavera A.",1
"MALBRAIN MLNG",1
"MALCANGI G",1
"Malcolm J.G.",1
"MALCOLM WF",1
"Malczewski K.",1
"Maldonado Carrascosa F.J.",1
"MALDONADO SLOOTJES S",1
"Maldonado Slootjes S.",1
"Maleev R.A.",1
"MALEK MH",1
"MALEKAN R",1
"MALEKI M",1
"Malekpour N.",1
"Malesevic J.",1
"MALFATTO L",1
"MALFERRARI G",1
"Malhi H.M.",1
"Malhotra H.S.",1
"MALHOTRA M",1
"MALHOTRA N",1
"Malhotra R.",1
"MALICKE DT",1
"MALIGŁÓWKA M",1
"MALIK AN",1
"MALIK KU",1
"MALIK M",1
"MALIK P",1
"MALIK R",1
"Malik R.",1
"MALINGER LA",1
"Malini P.",1
"MALINOVA V",1
"Malinowski M.",1
"MALKA D",1
"Malka D.",1
"MALKI MS",1
"MALKOV M",1
"MALLARD C",1
"MALLEN E",1
"MALLER J",1
"Mallick N.C.",1
"Mallikourti V.",1
"MALLINGER LA",1
"MALLOY MJ",1
"MALM J",1
"MALMQVIST E",1
"MALOJČIĆ B",1
"Malta D.C.",1
"MALTA DC",1
"MALTBY A",1
"Malyagina M.D.",1
"Malykhina G.",1
"MALYLA V",1
"MAŁYSZKO S",1
"MAMAS M",1
"MAMAS MA",1
"Mamatha B.",1
"Mambretti M.",1
"Mamede I.N.",1
"MAMEDE IN",1
"Mamen A.",1
"MAMMARELLA L",1
"MAMO JCL",1
"Mamoojee A.I.",1
"MAMPIERI A",1
"MAN M",1
"MAN Q",1
"MANABE M",1
"MANABE RI",1
"MANABE T",1
"Manabe T.",1
"MANABE Y",1
"MANAL MA",1
"MANANGAN A",1
"Manchester E.L.",1
"MANCIA G",1
"MANCIANTI N",1
"MANCINI FR",1
"MANCUSO M",1
"Mancuso M.",1
"MANDAGLIO-COLLADOS D",1
"Mandaglio-Collados D.",1
"Mandal R.",1
"Mandal S.K.",1
"Mandari S.",1
"MANDAVA P",1
"MANDE A",1
"MANDELLI A",1
"Mander H.",1
"MANDEVILLE ET",1
"MANDEVILLE JB",1
"MANDL S",1
"Mandlem V.K.K.",1
"MANDLEM VKK",1
"MANDUR T",1
"MANDZIA J",1
"Manegold R.",1
"Manenti G.",1
"MANENTI S",1
"Manera J.L.",1
"MANERA JL",1
"Mănescu C.",1
"MANESI Z",1
"MANETTI AC",1
"MANGAL A",1
"Mangesius S.",1
"MANGIA C",1
"MANGIFESTA C",1
"Manich G.",1
"Manickam S.",1
"MANIGANDAN S",1
"Manika M.M.",1
"Manikandan K.",1
"Manimaran R.",1
"Manimaran S.",1
"MANIRUZZAMAN M",1
"MANIS DR",1
"Manjaly R.",1
"MANJARREZ E",1
"Manjhi S.K.",1
"MANJI H",1
"Manji H.",1
"MANKTELOW A",1
"MANLEY E",1
"MANLHIOT C",1
"MANLY JJ",1
"MANNAI AA",1
"MANNASAHEB BA",1
"MANNELLI L",1
"Manning C.",1
"Mannion J.",1
"MÄNNISTÖ T",1
"MANNO M",1
"Mannucci P.M.",1
"MANNUCCI PM",1
"MANNUCCIO MANNUCCI P",1
"Manoj M.L.",1
"MANOJKUMAR N",1
"MANOLE AM",1
"Manolis A.S.",1
"MANOLIS AA",1
"MANOLIS AS",1
"MANOLIS TA",1
"Manongi N.",1
"Manoria P.C.",1
"MANRIQUE-CASTANO D",1
"MANRIQUE-HERNÁNDEZ EF",1
"Mansour M.",1
"MANSOUR RF",1
"Mansour W.",1
"MANSOURIAN A",1
"MANSOURIMOGHADAM S",1
"Månsson A.",1
"MANTERO AMA",1
"MANTINI C",1
"MANTINI D",1
"MANTZIARIS G",1
"Manual Kollareth D.J.",1
"MANUAL KOLLARETH DJ",1
"MANZANO-COVARRUBIAS AL",1
"Manzi De Azevedo W.L.",1
"MANZONI G",1
"Mao C.",1
"MAO CH",1
"Mao E.",1
"MAO F",1
"Mao F.",1
"Mao H.y.",1
"Mao H.Y.",1
"MAO HY",1
"Mao J.",1
"MAO L",1
"MAO Q",1
"MAO S",1
"MAO TT",1
"MAPELLI M",1
"MAPSTONE M",1
"MAQSOOD J",1
"Maqsood S.",1
"MAQUILING A",1
"MARAGKOS GA",1
"MARAN E",1
"MARANDYUK B",1
"MARANO G",1
"MARASCO SF",1
"Marasini S.",1
"MARASKOLE PA",1
"MARAZZITI D",1
"MARB A",1
"Marb A.",1
"MARC A",1
"MARCELIN SE",1
"MARCELLO M",1
"MARCELLO MJ",1
"MARCHAL-CRESPO L",1
"MARCHAND M",1
"Marchand M.",1
"MARCHESE AJ",1
"MARCHETTI S",1
"MARCHINA S",1
"MARCHUK DA",1
"MARCIANO FR",1
"Marcic L.",1
"MARCO-CONTELLES J",1
"Marco D.N.",1
"MARD SA",1
"MARDER E",1
"Marder E.",1
"MARDIS ER",1
"MARDONES C",1
"MARFELLA LV",1
"MARFELLA R",1
"Margalit I.",1
"MARGARINT I",1
"MARGRAF A",1
"MARI C",1
"MARIAN DR",1
"MARIANI LH",1
"Mariani V.",1
"MARIANO E",1
"MARIAS K",1
"MARIE Y",1
"Marín-López A.G.",1
"MARÍN-MEDINA DS",1
"Marin-Pardo O.",1
"MARIN A",1
"Marin M.A.",1
"MARIN MA",1
"MARINA-BREYSSE M",1
"MARINHO DA",1
"Marini A.",1
"Marini C.P.",1
"Marini T.J.",1
"MARINI TJ",1
"MARINO M",1
"Marino M.",1
"MARINSKIS G",1
"MARIOTTI F",1
"MARISCALCO G",1
"MARK I",1
"Mark J.",1
"Mark M.D.",1
"MARKENSON DS",1
"Markin A.M.",1
"MARKL M",1
"MARKLUND N",1
"Marklund N.",1
"MARKMANN JF",1
"MARKOS C",1
"Marković J.",1
"MARKS A",1
"Marks A.B.",1
"Marks D.",1
"MARLECHA P",1
"MARLEGA J",1
"Marlega J.",1
"Marlevi D.",1
"Marmarelis V.Z.",1
"MARMARELIS VZ",1
"MARNAT G",1
"MARNEFFE V",1
"MAROLI G",1
"Maroli G.",1
"MARON J",1
"Marope O.",1
"MAROS ME",1
"MAROSFOI M",1
"Maroušek J.",1
"MARQUARDT A",1
"MARQUE P",1
"MARQUERING H",1
"MARQUERING HA",1
"MARQUES C",1
"Marques C.",1
"Marques J.G.",1
"MARQUES JG",1
"MARQUES KDV",1
"Marques R.",1
"MARR LC",1
"MARRO L",1
"MARRONE M",1
"Marrone M.",1
"MARS JA",1
"MARSCHNER S",1
"MARSH D",1
"MARSH PA",1
"MARSHALL IJ",1
"MARSHALL IM",1
"MARSHALL JD",1
"MARSHALL RA",1
"MARSICH A",1
"MARSIGLIA D",1
"MARSLAND AL",1
"MARSMAN DE",1
"MARSOOL AD",1
"Marta-Enguita J.",1
"MARTEL CJ",1
"MARTENS MC",1
"MARTENS PC",1
"MARTENS RS",1
"MARTI-FABREGAS J",1
"MARTÍ LLUCH R",1
"Martin-Baranera M.",1
"MARTÍN-MÉNDEZ I",1
"MARTIN-MERVOYER E",1
"MARTÍN-NÚÑEZ J",1
"MARTÍN-OLALLA JM",1
"Martín-Sánchez F.J.",1
"MARTIN-SCHILD S",1
"MARTIN A",1
"MARTIN AD",1
"MARTIN AJ",1
"Martin B.L.",1
"MARTIN CA",1
"MARTIN CJ",1
"MARTIN DG",1
"MARTÍN HERNÁNDEZ V",1
"MARTIN JM",1
"Martin K.R.",1
"MARTIN KR",1
"Martín López L.M.",1
"MARTÍN LÓPEZ LM",1
"MARTIN NH",1
"MARTÍN NOGUERAS AM",1
"MARTIN RM",1
"MARTIN SS",1
"MARTIN T",1
"Martin T.N.",1
"Martin W.K.",1
"MARTIN WK",1
"Martin Z.T.",1
"MARTIN ZT",1
"Martindale S.L.",1
"MARTINDALE SL",1
"MARTINEAU I",1
"MARTINELLI I",1
"MARTINELLI M",1
"MARTINELLO K",1
"MARTINEZ-ALVAREZ R",1
"Martinez-Bautista G.",1
"MARTÍNEZ-BURNES J",1
"MARTÍNEZ-CASTILLO M",1
"MARTINEZ-DOMEÑO A",1
"MARTÍNEZ-LEVY GA",1
"MARTINEZ-MAJANDER N",1
"MARTÍNEZ-MEMBRIVE MJ",1
"MARTINEZ-MORATA I",1
"Martínez-Pérez A.I.",1
"MARTÍNEZ-SELLÉS M",1
"Martínez-Sellés M.",1
"MARTÍNEZ-SIELVA A",1
"MARTÍNEZ-SILVEIRA MS",1
"Martínez-Torres N.I.",1
"MARTINEZ DELGADO S",1
"Martínez Lozada P.S.",1
"MARTÍNEZ LOZADA PS",1
"MARTÍNEZ O",1
"MARTINEZ OECKEL A",1
"MARTÍNEZ PLANAS A",1
"MARTÍNEZ SÁNCHEZ P",1
"MARTINI J",1
"MARTINO F",1
"MARTINO G",1
"Martins-Filho P.R.",1
"MARTINS BB",1
"MARTINS FG",1
"Martins G.G.",1
"MARTINS MS",1
"Martins P.N.",1
"MARTINS PAF",1
"MARTINS PN",1
"MARTINS S",1
"MARTINSSON A",1
"Martschin J.",1
"MARTUS P",1
"MARTY I",1
"MARTYN O",1
"Martyniuk A.",1
"MARTZ CD",1
"MARUCCI J",1
"Marudo C.P.",1
"MARUDO CP",1
"Maruhashi T.",1
"MARUI H",1
"Maruichi-Kawakami S.",1
"MARUKI T",1
"MARULLO AL",1
"MARUTA Y",1
"Marutani E.",1
"Maruyama K.",1
"Maruyama T.",1
"Marvila M.T.",1
"MARWICK T",1
"MARX N",1
"MARY SCHOOLING C",1
"MARZETTI E",1
"MARZIALI E",1
"MARZOLINI S",1
"MARZOUK R",1
"MASAKANE I",1
"MASAN J",1
"Masan J.",1
"MASCARENHAS C",1
"Mascarenhas M.S.",1
"MASCARENHAS MS",1
"MASCARO ALA",1
"MASCHKE C",1
"MASCOLO AP",1
"MASÈ M",1
"Masè M.",1
"MASE T",1
"MASELLIS M",1
"MASHAU NS",1
"MASHI A",1
"Mashkour M.A.",1
"Masi S.",1
"MASILAMANI N",1
"MASIUK SV",1
"Mašková B.",1
"MASLIN M",1
"MASLIN MA",1
"MASODSAI K",1
"MASOMI-BORNWASSER J",1
"Mason E.E.",1
"MASON EE",1
"MASON GJ",1
"Mason H.M.",1
"MASON HM",1
"MASON RT",1
"Mason T.G.",1
"MASON TG",1
"MASON WP",1
"MASOUMI K",1
"MASSARI S",1
"MASSARO AN",1
"MASSE M",1
"MASSEY A",1
"MASSI GAMS D",1
"Massiani P.F.",1
"MASSIANI PF",1
"MASSIMO LM",1
"Masuda S.",1
"Masuda T.",1
"MASUDA Y",1
"Masumoto K.",1
"MASUMOTO T",1
"MASYUK M",1
"MAT-NASIR N",1
"MATA NV",1
"MATANA KAŠTELAN Z",1
"MATARÓ M",1
"MATEEN F",1
"MATEGA ALS",1
"MATEOS MJ",1
"Mathapati S.",1
"MATHARU M",1
"Mathew A.A.",1
"MATHIBELA K",1
"MATHIESEN TI",1
"Mathieu-Campbell M.E.",1
"MATHIEU F",1
"MATHIEU R",1
"MATHIMANI T",1
"MATHÔT RAA",1
"MATHUR A",1
"Mathurin M.",1
"MATIN N",1
"Matin N.",1
"MÁTIS R",1
"MATIZIROFA L",1
"MATO-ABAD V",1
"Matos J.",1
"MATOUK C",1
"Matsee W.",1
"Matsubara K.",1
"Matsubara Y.",1
"MATSUDA A",1
"MATSUDA M",1
"MATSUDA S",1
"Matsuda S.",1
"MATSUDA T",1
"Matsuganov D.A.",1
"MATSUHAMA M",1
"MATSUHASHI T",1
"MATSUHISA C",1
"MATSUI H",1
"MATSUI K",1
"Matsui M.",1
"Matsui T.",1
"MATSUMARU N",1
"Matsumaru N.",1
"MATSUMARU Y",1
"Matsumoto A.",1
"MATSUMOTO I",1
"Matsumoto K.",1
"MATSUMOTO M",1
"MATSUMOTO S",1
"MATSUMOTO T",1
"Matsumoto T.",1
"MATSUMURA K",1
"MATSUMURA M",1
"MATSUNAGA K",1
"MATSUNAMI T",1
"MATSUNO A",1
"MATSUNO S",1
"MATSUO C",1
"MATSUO M",1
"Matsuo R.",1
"Matsuo Y.",1
"MATSUSHITA K",1
"Matsuta H.",1
"MATSUTAKE R",1
"MATSUYAMA K",1
"MATSUYAMA N",1
"MATSUYAMA Y",1
"Matsuyama Y.",1
"MATSUZAWA A",1
"MATTAR A",1
"MATTEI C",1
"MATTEIS S",1
"MATTEOLI M",1
"Mattern L.",1
"MATTHEWS ARH",1
"Matthies-Wiesler F.",1
"MATTINGLY C",1
"MATTINGLY E",1
"Mattingly T.K.",1
"MATTINGLY TK",1
"Mattiuzzi C.",1
"Matuja S.S.",1
"MATUS P",1
"MATUSKOVA H",1
"Matyáš D.",1
"MATZ C",1
"MATZNER E",1
"Maulydia M.",1
"MAUNY F",1
"MAUREL P",1
"MAURER N",1
"Maurer N.",1
"MAURO C",1
"Maurya A.",1
"Maus B.",1
"MAUZ U",1
"MAVANKAR D",1
"Mavilakandy A.",1
"MAVOA S",1
"MAVROGIANNI A",1
"MAVROIDIS P",1
"MAVROMATI K",1
"Mavrommati K.",1
"MAWKILI A",1
"MAXIMOUS SI",1
"MAXWELL BA",1
"Maxwell M.",1
"May C.N.",1
"MAY CN",1
"May I.V.",1
"MAY T",1
"MAYA GALLEGO S",1
"MAYBERRY W",1
"MAYER S",1
"MAYES HS",1
"Mayevsky A.",1
"MAYHAN WG",1
"Mayhead G.",1
"MAYHEW A",1
"MAYINGER M",1
"Mayo F.",1
"Mayoral C.P.",1
"Mayorga-Arias C.J.",1
"Mayorga E.J.",1
"MAYORGA EJ",1
"Mayrhofer R.D.",1
"MAYROVITZ HN",1
"MAYS M",1
"Mazeli M.I.",1
"MAZELI MI",1
"MAZER CD",1
"MAZIDI M",1
"Mazidi M.",1
"MAZIYAKI A",1
"MAZLAN AZ",1
"MAZLAN NM",1
"MAZLOOMZADEH S",1
"MAZLOUMIBAKHSHAYESH M",1
"MazloumiBakhshayesh M.",1
"MAZUREK P",1
"Mazuro P.",1
"MAZURYK J",1
"Mazuryk J.",1
"MAZZEO A",1
"Mazzi C.",1
"MAZZIOTTI S",1
"MAZZOLA M",1
"MAZZOLAI L",1
"MBAKWEM AC",1
"Mbalilaki J.A.",1
"MBALILAKI JA",1
"MBALINDA SN",1
"MBUAGBAW L",1
"MCADAMS-DEMARCO MA",1
"MCALEXANDER T",1
"MCALEXANDER TP",1
"MCBETH P",1
"McBride D.W.",1
"MCBRYDE ES",1
"MCCABE C",1
"MCCAFFERY H",1
"MCCALL NS",1
"MCCANN A",1
"MCCANN H",1
"McCarthy C.P.",1
"MCCAULEY SR",1
"MCCLAINE KB",1
"McCloskey B.",1
"MCCLURE-THOMAS C",1
"MCCOLLOUGH CH",1
"MCCONNELL MV",1
"MCCOOK O",1
"McCormick J.J.",1
"MCCREARY CR",1
"McCrone J.",1
"MCCUE A",1
"McCue I.D.",1
"MCCULLER C",1
"MCCUTCHEON FM",1
"McCutcheon L.J.",1
"MCDAID J",1
"MCDAVID A",1
"MCDERMOTT A",1
"MCDERMOTT AE",1
"MCDERMOTT B",1
"McDermott B.",1
"MCDONALD K",1
"MCDONALD SA",1
"MCDONNELL AC",1
"McDouall A.",1
"MCDOUGALL C",1
"MCDOUGALL CG",1
"MCEGAN R",1
"MCELHINNY M",1
"MCELVENNY DM",1
"MCGARR GW",1
"MCGARRY MDJ",1
"MCGAVOCK J",1
"MCGEE-AVILA JK",1
"MCGEE G",1
"MCGILL K",1
"MCGILL LJ",1
"McGillivray J.E.",1
"MCGINNIS J",1
"McGlennen K.M.",1
"MCGLENNEN KM",1
"MCGLOTHLIN A",1
"MCGONNELL IM",1
"MCGOWAN M",1
"McGraw K.E.",1
"McGregor K.M.",1
"MCGUINNESS B",1
"MCHIZA ZJ",1
"MCHUGH EG",1
"MCHUTCHISON C",1
"McIntosh B.",1
"McIver W.J.",1
"MCIVER WJ",1
"MCKAIG B",1
"McKenna Z.",1
"MCKERCHAR SL",1
"McKerracher L.",1
"MCKINNEY B",1
"MCKINNEY W",1
"MCLARTY A",1
"McLaughlin B.C.",1
"MCLAUGHLIN S",1
"MCLAUGHLIN SA",1
"McLean D.R.",1
"MCLEAN DR",1
"MCLEAN L",1
"McLeod K.J.",1
"MCMAHILL-WALRAVEN CN",1
"McManus C.",1
"MCMANUS DD",1
"MCMELLEN C",1
"McMichael C.",1
"MCMILLAN CT",1
"MCNAB JA",1
"MCNAIRY ML",1
"MCNALLY R",1
"McNamara D.A.",1
"MCNAMEE JP",1
"MCNARRY MA",1
"McNell E.E.",1
"MCNUTT R",1
"MCVEIGH C",1
"MCVEIGH CM",1
"MD AKIM A",1
"MEADIPUDI S",1
"MEADOWS E",1
"MEAUDRE E",1
"MEBAZAA A",1
"MECHANIC-HAMILTON D",1
"MECHTOUFF L",1
"Mechtouff L.",1
"Mecklenburg A.",1
"MECOCCI S",1
"Mecocci S.",1
"MEDAGEDARA D",1
"MEDAURA J",1
"MEDCALF RL",1
"MEDDA A",1
"MEDEE B",1
"Medgyesi D.N.",1
"MEDINA FL",1
"MEDVEDEV O",1
"Meehan A.D.",1
"MEEHAN C",1
"MEEHAN MT",1
"MEEK J",1
"MEEKER MA",1
"MEEKER TJ",1
"MEELARP N",1
"Meena P.K.",1
"Meephat S.",1
"MEGJHANI M",1
"Megjhani M.",1
"MEGLINSKI I",1
"MEGOMEDOVA A",1
"MEHAWEJ J",1
"Mehboodi D.",1
"Mehdi D.",1
"MEHDIPANAH R",1
"MEHMANDOOST M",1
"Mehmood F.",1
"MEHRAN R",1
"Mehregan M.",1
"MEHRMOHAMMADI M",1
"MEHRPARVAR A",1
"MEHRPOOYA M",1
"Mehrvarz S.",1
"MEHTA AJ",1
"Mehta B.",1
"Mehta L.S.",1
"MEI A",1
"MEI H",1
"Mei H.",1
"MEI L",1
"MEI N",1
"Mei Q.",1
"MEI S",1
"Mei Y.",1
"MEIER M",1
"Meier M.",1
"MEIJER P",1
"Meinel A.",1
"MEINER T",1
"MEINKE S",1
"MEISEL A",1
"MEISEL C",1
"MEISEL K",1
"MEISSNER A",1
"Meixner C.R.",1
"Mejiá A.",1
"Mejía Hernández F.G.",1
"MEJLDAL A",1
"MEKJAVIC IB",1
"MEKJAVIĆ IB",1
"Mela G.",1
"Melaika M.",1
"MELAMED I",1
"Mele E.",1
"MELÉN E",1
"MELHEM M",1
"MELICHER D",1
"Melidoro P.",1
"MELIKER J",1
"Meliker J.",1
"MELINO G",1
"MELINO S",1
"MELLANDER H",1
"Mellander H.",1
"Melmed K.R.",1
"MELMED KR",1
"Melo F.V.",1
"Melo R.T.R.",1
"MELONI A",1
"Memish Z.A.",1
"Menacer B.",1
"MÉNARD R",1
"MENASSA DA",1
"Mendel B.",1
"MENDES DE LEON C",1
"MENDES IS",1
"MENDES MI",1
"MENDES PEREIRA V",1
"MÉNDEZ-GRANDE I",1
"Méndez-Lázaro P.A.",1
"MÉNDEZ-LÁZARO PA",1
"MÉNDEZ-ROJAS MÁ",1
"MENDEZ L",1
"Méndez M.",1
"Mendez N.V.",1
"MENDOLA P",1
"MENDOZA-AYUS S",1
"MENDOZA-CANO O",1
"Mendoza-Cano O.",1
"MENDOZA-VEGA GA",1
"MENDOZA-VELÁSQUEZ J",1
"MENDOZA R",1
"MENDYK A",1
"MENEGHETTI M",1
"MENÉNDEZ-VEGA F",1
"Meneroud P.",1
"MENG C",1
"Meng C.",1
"MENG F",1
"MENG G",1
"MENG JL",1
"MENG P",1
"MENG Q",1
"Meng Q.",1
"Meng R.",1
"MENG XL",1
"Meng Y.",1
"MENGEL A",1
"MENGISTIE B",1
"MENGISTU DA",1
"MENGISTU EM",1
"MENJOT N",1
"MENKES DL",1
"MENON B",1
"MENON C",1
"MENON DK",1
"MENON G",1
"Menon G.",1
"Menon K.",1
"MENON SV",1
"MENSAH-GOURMEL J",1
"MENSAH GA",1
"MENSAH JA",1
"MENSAH Y",1
"MENSSEN J",1
"Menta A.K.",1
"MENTE A",1
"Mentias A.",1
"Mentis A.F.A.",1
"MENTZ L",1
"MENZE BH",1
"MEO AS",1
"Meo M.O.S.",1
"Meo S.A.",1
"MEO SA",1
"MEODED A",1
"MERCADO C",1
"Merchant R.K.",1
"MERCHANT RK",1
"MERCK LH",1
"MERCURI S",1
"MERCY FT",1
"MERDJI H",1
"Meretukov Z.A.",1
"Mergen H.",1
"MERGHANI T",1
"Mergoum A.M.",1
"MERHAR SL",1
"MERIAUDEAU F",1
"Mérida D.M.",1
"MÉRIDA DM",1
"MERIN R",1
"MERKEL A",1
"MERKELY B",1
"MERKENSCHLAGER C",1
"Merkler A.E.",1
"MERKLER AE",1
"MERKOÇI A",1
"MERKOW GR",1
"MERKUS P",1
"MERLAU ER",1
"MERLÍN-GARCÍA I",1
"MERLO-MAS J",1
"MERMIER CM",1
"MERRELL KW",1
"Merrill T.L.",1
"MERTENS PR",1
"MERZ T",1
"Mes S.D.",1
"Meshkova M.",1
"MESKÓ N",1
"MESLIN C",1
"MESSÉ SR",1
"Messerer D.A.C.",1
"MESSERER DAC",1
"MESSERLIAN C",1
"MESSINA A",1
"MESSINA R",1
"MESSINA SA",1
"Messinis S.",1
"METALONIS SW",1
"METCALF CS",1
"METEOĞLU İ",1
"Metherall B.",1
"METHNER A",1
"Méthy N.",1
"METLOCK FE",1
"METRAS A",1
"METRUCCIO F",1
"Mettes S.",1
"Mettias B.",1
"Metzger A.",1
"METZNER A",1
"MEWTON N",1
"Meyding-Lamadé U.",1
"MEYER B",1
"MEYER BC",1
"MEYER D",1
"Meyer D.",1
"MEYER F",1
"Meyer M.",1
"MEYER OL",1
"MEYERHOLZ DK",1
"Meyn J.P.",1
"MEYRAN D",1
"MEZA A",1
"MEZUKI S",1
"Mezuki S.",1
"MEZZOIUSO AG",1
"MFON KEO",1
"Mhangara C.T.",1
"MHANGARA CT",1
"MHAOUTY-KODJA S",1
"MHLONGO ES",1
"Mi J.",1
"MI P",1
"MI S",1
"Mi S.",1
"MI W",1
"MIAH AH",1
"Miah M.M.",1
"Miah T.",1
"Mialkowskyj D.",1
"MIANI A",1
"Miao A.",1
"Miao B.",1
"MIAO G",1
"Miao G.",1
"Miao J.",1
"MIAO Q",1
"Miao R.",1
"MIAO S",1
"Miao S.",1
"Miao X.",1
"MIAO ZL",1
"MIAOMIAO W",1
"Miaomiao W.",1
"MICARELLI A",1
"MICHAEL AE",1
"MICHAEL ES",1
"MICHAEL MB",1
"MICHALCZYK J",1
"MICHALSKI D",1
"MICHARD F",1
"Michard F.",1
"Michaud D.S.",1
"MICHAUD DS",1
"MICHAUD F",1
"MICHAUD M",1
"Michel M.",1
"Michel P.",1
"MICHELUCCI A",1
"MICHELUCCI U",1
"MICHEO WF",1
"Micheu M.M.",1
"MICHEU MM",1
"MICHIELETTI E",1
"MICHIELS D",1
"MICHIKAWA T",1
"MICKELSEN S",1
"Mickevicius T.",1
"MICKIEWICZ A",1
"MIDDELDORP ME",1
"MIDDLEBROOKS EH",1
"MIDDLEKAUFF HR",1
"Middleton L.",1
"MIDDLETON S",1
"Middleton S.",1
"Midhun Prasad K.",1
"MIECHOWICZ I",1
"MIELKE D",1
"Mieszkowska A.",1
"Mietzsch U.",1
"MIFSUD J",1
"MIGLĀNE E",1
"Migliari M.",1
"MIGLIORINI S",1
"MIGLIORINO E",1
"Migliorino E.",1
"MIGUET M",1
"Miguet M.",1
"MIHALIKOVA D",1
"MIHALKO E",1
"Mihanović L.",1
"Mihara Y.",1
"MIJDERWIJK HJ",1
"MIJITI M",1
"MIJLING B",1
"Mikacic M.",1
"MIKAYAMA R",1
"MIKEROV M",1
"MIKHAEL D",1
"MIKHAIL M",1
"MIKHAYLOV ES",1
"MIKI H",1
"MIKI T",1
"MIKKELSEN S",1
"Mikołajczak K.",1
"MIKULIK R",1
"Mikulis D.J.",1
"MIKULOVA K",1
"MILÀ C",1
"MILÁN L",1
"MILANDO C",1
"Milanese M.",1
"Milano G.",1
"MILAVIC M",1
"MILED AB",1
"MILES-BUNCH I",1
"MILES K",1
"Miles K.",1
"MILETIĆ D",1
"MILETIC K",1
"Miletic S.P.",1
"MILEWSKI K",1
"MILIČIĆ D",1
"MILLÁN M",1
"Millar D.A.",1
"MILLARD-STAFFORD M",1
"MILLER D",1
"MILLER DA",1
"MILLER E",1
"Miller G.D.",1
"Miller K.J.",1
"MILLER KJ",1
"MILLER M",1
"MILLER MA",1
"MILLER MK",1
"MILLER P",1
"MILLER PJO",1
"Miller S.P.",1
"MILLER W",1
"Millett G.A.",1
"Mills A.",1
"MILLS JD",1
"MILLS NL",1
"MILLYARD A",1
"MILOS K",1
"MILOVANOVIC B",1
"Milutinovic S.",1
"MILZANI A",1
"MIMASAKA S",1
"MIMURO S",1
"MIN C",1
"Min J.",1
"Min L.",1
"MIN M",1
"MIN N",1
"MIN QIAN Z",1
"MIN R",1
"Min S.N.",1
"MIN SN",1
"MIN W",1
"Min X.",1
"MIN Z",1
"MINAGAWA Y",1
"Minakuchi K.",1
"Miname M.H.",1
"MINAMITANI M",1
"MINAS G",1
"Minderhoud S.C.S.",1
"MINEHARU Y",1
"Mineo T.",1
"Miner S.",1
"MING A",1
"Ming A.",1
"MING D",1
"MING X",1
"Ming X.",1
"MINGJING W",1
"MINGLE AC",1
"MINGUEZ SABATER A",1
"MINGZHE HU",1
"MINH TNT",1
"Mini Suresh S.S.",1
"MINO FR",1
"MINOSHIMA M",1
"MINOWA K",1
"Minutti-Martinez C.",1
"MIODOVNIK A",1
"Mir A.",1
"MIR S",1
"MIRA J",1
"MIRA PAC",1
"MIRABELLI MC",1
"Mirakbari S.M.",1
"MIRAMAND L",1
"MIRAMONTES D",1
"MIRANDA C",1
"MIRANDA CS",1
"MIRANDA RC",1
"MIRANDOLA P",1
"MIRBAGHERI A",1
"Mirhosseini S.A.",1
"Mirnawati",1
"MIRNIA K",1
"MIRÓ F",1
"MIRÓ Ò",1
"Miró Ò.",1
"Mirone G.",1
"Mironova E.M.",1
"Mirouse A.",1
"MIRPURI S",1
"Mirpuri S.",1
"MIRRA D",1
"Mirsanei Z.",1
"MIRSHEKARI JAHANGIRI H",1
"Mirshekari Jahangiri H.",1
"MIRZA S",1
"Mirza S.S.",1
"MIRZAASGARI Z",1
"MIRZAEI-ALAVIJEH M",1
"Mirzaei M.",1
"Misganaw A.",1
"Mishchenko T.S.",1
"MISHINA AI",1
"MISHRA A",1
"Mishra B.",1
"Mishra N.",1
"MISHRA NK",1
"Mishra P.C.",1
"Mishra S.",1
"MISHRA V",1
"MISHRA VN",1
"Miskah S.",1
"Misra A.",1
"MISRA G",1
"Missaghian R.",1
"MISSELBROOK T",1
"MISSORI P",1
"MISTRY C",1
"MISTRY P",1
"Misumi T.",1
"Misztal T.",1
"MITANI H",1
"Mitani H.",1
"MITCHAM T",1
"MITCHELL J",1
"MITCHELL JE",1
"MITCHELL JL",1
"Mitchell K.M.",1
"MITCHELL RN",1
"MITHA AP",1
"MITHU I",1
"Mitianiec W.",1
"Mitra D.",1
"Mitra P.",1
"Mitri F.",1
"MITRICA M",1
"MITROFANIS J",1
"MITROI DM",1
"MITSIAS P",1
"MITSOURAS D",1
"MITSOVA D",1
"MITSUIE T",1
"MITTAL S",1
"Mittal V.",1
"MITTLEMAN MA",1
"MIURA D",1
"Miura M.",1
"MIURA R",1
"Miura S.",1
"Miyahara S.",1
"MIYAKAMI K",1
"Miyake H.",1
"Miyamoto K.",1
"MIYAMOTO N",1
"MIYAMOTO T",1
"MIYAMOTO Y",1
"MIYANAGA S",1
"MIYASAKA K",1
"MIYATA M",1
"MIYATI T",1
"MIYAUCHI M",1
"Miyauchi M.",1
"MIYAWAKI S",1
"Miyawaki T.",1
"Miyazaki C.",1
"MIYAZAKI J",1
"MIYAZAKI N",1
"Miyazaki N.",1
"MIYAZAKI S",1
"Miyazaki S.",1
"MIYAZAWA D",1
"MIYOSHI Y",1
"MIZDRAK A",1
"Mizoguchi T.",1
"Mizowaki T.",1
"MIZUNO M",1
"Mizuno S.",1
"MIZUTA R",1
"Mizutani-Tiebel Y.",1
"MIZUTANI Y",1
"Mnati H.M.",1
"MO D",1
"MO G",1
"MO J",1
"MO L",1
"Mo N.",1
"Mo S.",1
"MO W",1
"Mo Y.",1
"MO Z",1
"Moalla K.S.",1
"Moamer S.",1
"MOAWAD K",1
"Moazeni Y.",1
"MOBBS CV",1
"Mocan M.",1
"MOCHEL JP",1
"MOCHIZUKI Y",1
"Mocumbi A.O.",1
"MODERNELL L",1
"MODI A",1
"Modi A.",1
"MODIR R",1
"MODIRI A",1
"MODRAK M",1
"MODRALL JG",1
"Moe S.S.",1
"MOEBUS S",1
"Moegis F.",1
"MOEINI M",1
"MOENNINGHOFF C",1
"MOERER O",1
"MOFATTEH M",1
"MOFAZ M",1
"MOFFATT-BRUCE S",1
"Moghari M.D.",1
"MOHABBAT NML",1
"MOHAGHEGHIAN F",1
"Mohagheghian F.",1
"Mohaidat S.",1
"MOHAMAD IBRAHIM K",1
"MOHAMAMED KAY",1
"MOHAMED AE",1
"MOHAMED AM",1
"MOHAMED EH",1
"MOHAMED N",1
"Mohamed Refai M.I.",1
"MOHAMED REFAI MI",1
"MOHAMED S",1
"Mohamed W.S.",1
"MOHAMED ZA",1
"Mohamed Zayed A.",1
"MOHAMMAD A",1
"MOHAMMAD K",1
"MOHAMMAD MA",1
"MOHAMMAD MF",1
"MOHAMMAD PPS",1
"Mohammadi-Amin M.",1
"MOHAMMADI A",1
"MOHAMMADI MJ",1
"MOHAMMADIAN ERDI A",1
"MOHAMMADIAN M",1
"MOHAMMADPOUR S",1
"MOHAMMADZADEH M",1
"MOHAMMED A.A.",1
"Mohammed A.A.H.",1
"Mohammed A.J.",1
"MOHAMMED B",1
"Mohammed M.K.",1
"MOHAMMED S",1
"MOHAMMED Z",1
"Mohan Chandra Kumar O.",1
"Mohan V.",1
"Mohanapriya D.",1
"MOHANRAJ S",1
"Mohanrajhu N.",1
"Mohassab H.",1
"MOHD SHABRI NSA",1
"MOHEBBI B",1
"MÖHLENBRUCH M",1
"MOHR NM",1
"Mohsen K.",1
"Mohsen M.",1
"Mohsen M.J.",1
"MOHTASHAM KIA Y",1
"MOHYUDDIN R",1
"Mohyuddin R.",1
"Moia S.",1
"MOIGNIER A",1
"MOINEAU B",1
"MOINUDDIN A",1
"MOISE AC",1
"Mojab E.M.",1
"MOJTABAVI H",1
"MOK GSP",1
"MOK VC",1
"MOKHLES MM",1
"Mokhtari A.",1
"Mokienko O.A.",1
"Mokin M.",1
"MOKOENA H",1
"MOKUDA S",1
"MOL N",1
"Mol N.",1
"MOLA MG",1
"Molaverdi G.",1
"MOLDOVAN H",1
"MOLE D",1
"MOLINARI N",1
"MOLINARO C",1
"MOLINE JM",1
"Molla Ali Akbari F.",1
"MOLLALO A",1
"MOLLE M",1
"MØLLER DØHN U",1
"MØLLER K",1
"Møller K.L.",1
"MØLLER KL",1
"MÖLLER S",1
"MOLLIEX S",1
"MOLLOY J",1
"MOLNÁR G",1
"Molnar G.",1
"MOLONEY PB",1
"MOLTENI F",1
"Momen M.",1
"MOMEN NC",1
"Momeni M.",1
"MOMII A",1
"MOMIN S",1
"MOMOSAKA D",1
"Momose H.",1
"MONAGHAN C",1
"MONAGHAN K",1
"Monaghan K.M.",1
"MONAZZAM MR",1
"Mond H.G.",1
"MONDAL P",1
"MONDAL S",1
"MONDAL U",1
"MONDAY B",1
"MONDO K",1
"Mondo K.",1
"MONGE C",1
"Monica Jenefer B.M.",1
"MONIER E",1
"Monika S.",1
"Mönkäre S.",1
"MONNET X",1
"Monnet X.",1
"MONNIER H",1
"MONPIERRE M",1
"Monpierre M.",1
"MONROE TB",1
"MONSEGU J",1
"Montagnoli A.",1
"MONTALESCOT G",1
"MONTALVO RN",1
"MONTANA F",1
"MONTANARI A",1
"MONTANARO F",1
"MONTANO N",1
"MONTE-SILVA K",1
"Monte K.S.",1
"MONTE KS",1
"MONTEIRO A",1
"Monteiro J.N.",1
"MONTEIRO M",1
"Monteiro M.F.S.",1
"MONTEITH A",1
"MONTELEONE JL",1
"MONTERO AJ",1
"MONTERO M",1
"MONTES A",1
"MONTES DE OCA D",1
"MONTEVERDE C",1
"MONTGOMERY A",1
"MONTGOMERY DG",1
"Montgomery L.D.",1
"MONTGOMERY LD",1
"MONTGOMERY ND",1
"MONTGOMERY RW",1
"Monti C.B.",1
"MONTONE RA",1
"MONY P",1
"MONZON B",1
"Monzon B.",1
"Moodley T.",1
"MOODY A",1
"MOODY AR",1
"MOON BG",1
"Moon C.",1
"MOON EJ",1
"MOON H",1
"Moon K.E.",1
"MOON KE",1
"Moon M.P.",1
"MOON MC",1
"MOON MP",1
"Moon N.",1
"MOON S",1
"Moon S.",1
"Moon S.W.",1
"MOON SM",1
"MOON SW",1
"MOONS P",1
"MOORE B",1
"Moore C.L.",1
"Moore C.P.",1
"MOORE CP",1
"Moore H.B.",1
"MOORE JL",1
"MOORE JM",1
"MOORE JP",1
"MOORE JX",1
"MOORE KA",1
"MOORE M",1
"MOORE NZ",1
"MOORE T",1
"MOORED KD",1
"Moorthy S.",1
"Mooventhan A.",1
"MORA-MEDINA P",1
"MORA A",1
"MORA DC",1
"MORA EC",1
"MORADI-LAKEH M",1
"MORADI A",1
"Moradi M.",1
"MORADINAZAR M",1
"Moradpour A.",1
"MORAES M",1
"MORAES M.M.",1
"MORAES MM",1
"MORAIS HCC",1
"MORAKINYO OM",1
"MORALEJO DH",1
"MORALES-GUADARRAMA A",1
"MORALES-ORTÍZ E",1
"MORALES A",1
"MORALES C",1
"MORALES E",1
"MORALES M",1
"MORALEZ G",1
"MORAN DS",1
"MORANA K",1
"MORANDI X",1
"MORANGE I",1
"MORASH AJ",1
"Moreal C.",1
"MOREIRA A",1
"Moreira G.d.A.",1
"MOREIRA GA",1
"Moreira R.P.",1
"MORELL A",1
"MORENO-MONTERDE E",1
"MORENO J",1
"Morer C.",1
"MORERA-HERRERAS T",1
"MORETTI ANFOSSI C",1
"Moretti Anfossi C.",1
"MORETTO A",1
"Morey J.R.",1
"MORGAN AK",1
"MORGAN CA",1
"MORGAN G",1
"MORGAN GG",1
"MORGAN J",1
"MORGAN VL",1
"MORGAN WH",1
"MORGENROTH D",1
"Morgenroth D.",1
"MORGOM M",1
"MORI A",1
"Mori H.",1
"Mori K.i.",1
"MORI M",1
"Mori M.",1
"MORI N",1
"Mori N.",1
"MORI T",1
"MORIANO MORALES C",1
"MORIARTY J",1
"MORICHAU-BEAUCHANT T",1
"Moridani M.K.",1
"MORIHARA D",1
"MORIKAWA T",1
"Morikawa T.",1
"MORIKAWA Y",1
"MORIKI A",1
"MORIMOTO AH",1
"MORIMOTO M",1
"MORIMOTO S",1
"MORIMOTO T",1
"MORIMURA N",1
"MORIN-GRANDMONT A",1
"MORIOKA S",1
"Morioka T.",1
"MORISCO C",1
"MORISHIMA I",1
"Morishita T.",1
"MORITA K",1
"MORITANI T",1
"MORIYA J",1
"Moriyoshi Y.",1
"MORIZUMI T",1
"MORMINA E",1
"MORNAS A",1
"Mornas A.",1
"MORO MA",1
"MORO V",1
"MOROS EG",1
"MOROTTI I",1
"Morotti I.",1
"MOROVIĆ S",1
"MORREL J",1
"MORRIS A",1
"MORRIS GP",1
"MORRIS H",1
"MORRIS JC",1
"Morris N.",1
"MORRIS R",1
"Morris R.H.",1
"MORRIS RH",1
"MORRISON JJ",1
"Morrison S.A.",1
"MORSE CJ",1
"MORSE DA",1
"MORSE PT",1
"MORTILLA M",1
"MORTIMER K",1
"MORTIN M",1
"MORTON JS",1
"MORTON SU",1
"Morvari A.",1
"MOSBERGER L",1
"Moscote-Salazar L.R.",1
"Moscucci F.",1
"MOSEEVA MB",1
"MOSELEY M",1
"MOSER B",1
"Moser F.",1
"Moser S.",1
"MOSES C",1
"MOSHIRI A",1
"MOSHIRI M",1
"MOSHMAN R",1
"Moskalchuk N.",1
"Moslehi S.",1
"MOSQUERA R",1
"MOSS J",1
"MOSS KO",1
"MOSS SE",1
"Mostafa M.A.",1
"MOSTAFA MA",1
"Mostafavi A.",1
"MOSTOVENKO E",1
"MOTA-ROJAS D",1
"MOTA J",1
"MOTESADDI ZARANDI S",1
"Motesaddi Zarandi S.",1
"MOTLOGELOA O",1
"Motlogeloa O.",1
"MOTOMURA H",1
"MOTOMURA N",1
"MOTONAGA E",1
"MOTRONI V",1
"Motroni V.",1
"MOTSINGER-REIF AA",1
"Motta A.",1
"Mottet N.",1
"MOTTOLA E",1
"Motyka E.",1
"Mou C.",1
"MOU CH",1
"MOUCHABAC S",1
"MOUDGILL N",1
"MOULAEE CONRADSSON D",1
"MOULAEI BIRGANI P",1
"MOULIN N",1
"MOULTON LH",1
"MOUNT CA",1
"MOUNTJOY M",1
"Moura F.S.",1
"MOURA PH",1
"Mourmans S.G.J.",1
"MOUROT L",1
"Mousa A.H.",1
"Mousavi S.",1
"Mousavi Seyedi S.R.",1
"MOUSAVIZADEH A",1
"MOUSTAFA H",1
"MOUSTAFA HE",1
"Moustos D.",1
"Mouton L.",1
"MOYA-ALVARADO P",1
"MOYA-GAROFANO A",1
"MOYA ALVARADO P",1
"Moyaert P.",1
"MOYER A",1
"MOZAFFARI K",1
"MOZAFFARZADEH M",1
"Mozaffarzadeh M.",1
"MOZOS I",1
"Msayib Y.",1
"Mu C.",1
"MU L",1
"Mu L.",1
"MU M",1
"MU Q",1
"MU W",1
"Mu X.",1
"MU YK",1
"MUACEVIC A",1
"MUBEEN M",1
"MUCCINI M",1
"MUCHOVÁ J",1
"MUDAU AG",1
"MUDU P",1
"MUDWAY I",1
"MUDWAY IS",1
"Muehlschlegel G.",1
"Mueller A.K.",1
"MUELLER AK",1
"MUELLER B",1
"Mueller F.",1
"MUELLER J",1
"MUELLER N",1
"MUESSIG JM",1
"Mugenzi T.",1
"MUGHAL S",1
"Mugnai G.",1
"Muhamad S.N.",1
"MUHAMAD SN",1
"Muhamad Tobib H.",1
"MUHAMMAD-IDRIS ZK",1
"MUHAMMAD G",1
"MUHAMMAD N",1
"Muhammad S.K.",1
"Muharram F.R.",1
"Muhith A.",1
"MÜHL A",1
"MÜHLAU M",1
"MUIR CA",1
"Mujtaba M.A.",1
"MUJTABA MA",1
"Mukaetova-Ladinska E.B.",1
"MUKAI M",1
"MUKAI T",1
"Mukai T.",1
"MUKANOVA D",1
"MUKANOVIC-ALIHODZIC A",1
"MUKAWA K",1
"MUKHERJEE B",1
"MUKHERJEE PS",1
"MUKHERJEE S",1
"Mukhoirotin",1
"MUKHTAR I",1
"MUKHTAROV P",1
"Mukli P.",1
"Mukosera G.T.",1
"MULA-HUSSAIN L",1
"Mula-Hussain L.",1
"MULARSKA M",1
"Mulay L.",1
"MULDOWNEY JAS",1
"Mulholland A.M.",1
"MULKERRIN EC",1
"MULLANY EC",1
"MULLENIX S",1
"MÜLLER-WIELAND D",1
"MÜLLER A",1
"MULLER C",1
"Müller C.J.",1
"MÜLLER DC",1
"MÜLLER H",1
"MULLER JW",1
"Müller M.",1
"Müller M.D.",1
"MULLER PA",1
"MÜLLER SA",1
"Muller Y.",1
"MULLHI R",1
"MÜLLING C",1
"Mumtaz W.",1
"Mun J.",1
"Mun Y.J.",1
"MUNAFÒ MR",1
"MUNAKOMI S",1
"MUNASINGHE K",1
"Mündel T.",1
"MUNDER SP",1
"MUNDHARA N",1
"Mundhara N.",1
"Mundisila H.N.",1
"MUNEER J",1
"MUNEER K",1
"MUNETSUNA E",1
"MUNICINÒ M",1
"MUNIR W",1
"Muniyappan S.",1
"MUNIZ-PARDOS B",1
"Muniz-Pardos B.",1
"MUNKONG W",1
"MUÑOZ-AGUIRRE P",1
"MUÑOZ-BOLAÑOS F",1
"Muñoz-Lombo J.P.",1
"Muñoz-Pizza D.M.",1
"MUÑOZ-SAAVEDRA L",1
"MUNSHI R",1
"MUNSHI S",1
"MUNSON-MCGEE SH",1
"MUNSON DA",1
"MUNTEANU C",1
"Munteanu C.",1
"MUNTEN S",1
"MUNTNER P",1
"Munyao E.M.",1
"MUNZEL T",1
"Munzel T.",1
"MUO CH",1
"MURACA E",1
"MURAKAMI M",1
"MURAKAMI N",1
"Murakami N.",1
"Murakami Y.",1
"Muralidharan Y.",1
"MURAMATSU K",1
"Muraoka S.",1
"Murase K.",1
"MURASE M",1
"MURASHEV A",1
"MURASHEV AN",1
"MURASHITA K",1
"MURATA D",1
"MURATA Y",1
"Murayama K.",1
"MURAYAMA S",1
"MURCHISON AG",1
"MURILLAS ANGOITI J",1
"MURILLO-CUESTA S",1
"Murillo-Cuesta S.",1
"MURILLO-ZAMORA E",1
"Murillo P.U.",1
"MURKIN JM",1
"MURMU AC",1
"Murphy A.",1
"MURPHY EK",1
"Murphy G.",1
"Murphy M.",1
"MURPHY MP",1
"Murphy N.B.",1
"MURPHY SI",1
"MURRAY A",1
"Murray C.J.L.",1
"MURRAY DRK",1
"MURRAY N",1
"MURRAY TA",1
"MURSHED MM",1
"Murtada S.I.",1
"MURTAS R",1
"Murtaza H.",1
"MURTAZA Q",1
"Murthy V.V.S.",1
"Murugaiyan V.",1
"Murugappan M.",1
"Murugasen S.",1
"MURULITHARAN J",1
"MURZABEKOV M",1
"Murzabekov M.",1
"MUSA H",1
"MUSHAK II",1
"MUSHARRAF MB",1
"MUSIALEK P",1
"MUSIEK F",1
"MUSIKANTOW D",1
"MUSIL B",1
"MUSLIM M",1
"MUSOLINO P",1
"MUSOLINO PL",1
"Musongwa G.",1
"Mussabek G.",1
"MUSTAFA KF",1
"MUSTAFA RA",1
"MUSTAFA S",1
"MUSTAFIC H",1
"MÜSTECAPLIOĞLU ÖE",1
"Musthafa B.",1
"MUSZYNSKA-SPIELAUER M",1
"MUTAI Y",1
"MUTAIKHAN A",1
"Muth C.M.",1
"MUTHERS S",1
"Muthukrishnan V.",1
"Muthulakshmi K.",1
"MUTHURANGU V",1
"Muthusamy K.",1
"Muthuswamy S.",1
"Muthuveerappan A.",1
"Mutimer C.A.",1
"MUTIMER CA",1
"MUTKE MA",1
"Mutsaerts H.J.M.M.",1
"MUTTAPPALLYMYALIL J",1
"MUZHENYA DV",1
"MUZIO L",1
"MWANDA S",1
"Mwase N.S.",1
"MWASE NS",1
"Mwinuka P.R.",1
"MY I",1
"My I.",1
"MYAKINCHENKO EB",1
"MYATRA SN",1
"Myers B.A.",1
"MYERS E",1
"Myftiu A.",1
"MYINT PK",1
"MYLLYLÄ T",1
"MYLLYMÄKI S",1
"MYLONAKI E",1
"MYRMEL T",1
"MYSTAKIDI VC",1
"MYUNG J",1
"MZURIKWAO ZB",1
"N SVSC",1
"N V J",1
"NA A",1
"NA I",1
"NA L",1
"Na L.",1
"Nabati M.",1
"NABETANI M",1
"Nabi M.N.",1
"NABI N",1
"NABOR DE CÁSSIA SILVA D",1
"NABULSI M",1
"NACCACHE L",1
"Naccarato K.P.",1
"Naccarelli R.",1
"Naceanceno K.",1
"NACHEV P",1
"NACHI S",1
"NACHMAN D",1
"NACHTSHEIM DA",1
"Naciri Y.",1
"Nadaleti W.",1
"Nadas I.",1
"NADEAU KC",1
"NADEEM ZA",1
"NADER-KAWACHI JA",1
"NADER R",1
"NADERI BENI A",1
"NADERI BENI Z",1
"NADERI K",1
"Naderi K.",1
"Nadir A.",1
"NADIR MA",1
"NADOLNY K",1
"NADPARA PA",1
"NAFEE N",1
"Nafee N.",1
"NAFICY S",1
"Nafisi V.R.",1
"NÁFRÁDI B",1
"NAFTEUX P",1
"Nagahama H.",1
"NAGAI K",1
"NAGAKARI K",1
"NAGAMATSU K",1
"NAGANAWA S",1
"Naganawa S.",1
"NAGANE M",1
"Nagano C.",1
"NAGANO H",1
"NAGAO M",1
"Nagaprasad K.S.",1
"NAGARADONA T",1
"NAGARAJA N",1
"NAGASAWA H",1
"NAGASAWA N",1
"Nagasawa T.",1
"Nagashima Y.",1
"NAGDEO KP",1
"NÄGELE H",1
"NÄGELE MP",1
"NAGELSCHNEIDER AA",1
"Nagesh S.V.S.",1
"NAGESH SVS",1
"NAGGARA O",1
"NAGOSHI T",1
"NAGY KV",1
"NAGY Z",1
"NAHMIAS J",1
"NAHÓRNY S",1
"NAHUM J",1
"NAIDICH JJ",1
"NAIDOO V",1
"Naik R.J.",1
"Naily R.",1
"NAIMA M",1
"NAIMAN M",1
"Naimi N.",1
"Nair A.L.",1
"NAIR AA",1
"Nair J.N.",1
"NAIR L",1
"NAIR M",1
"Nair M.",1
"NAIR P",1
"NAIR S",1
"NAIR SK",1
"NAITO H",1
"Naito H.",1
"Naito N.",1
"NAITO S",1
"NAJI N",1
"NAJIPOUR A",1
"Najipour A.",1
"Najjuma J.N.",1
"NAKAE H",1
"NAKAE M",1
"NAKAGAWA R",1
"Nakagawa Y.",1
"NAKAGOME K",1
"NAKAHARA I",1
"NAKAHARA K",1
"NAKAHARA S",1
"Nakahara S.",1
"Nakai C.",1
"NAKAI M",1
"NAKAJI S",1
"NAKAJIMA A",1
"NAKAJIMA K",1
"NAKAJIMA Y",1
"Nakajima Y.",1
"NAKAMOTO N",1
"NAKAMURA A",1
"Nakamura D.",1
"NAKAMURA F",1
"NAKAMURA K",1
"Nakamura K.",1
"Nakamura S.",1
"Nakane N.",1
"NAKANE T",1
"NAKANISHI O",1
"Nakanishi O.",1
"NAKANO H",1
"NAKANO T",1
"NAKAO J",1
"Nakao J.",1
"NAKAO Y",1
"NAKAPHAN T",1
"Nakasako R.",1
"NAKASHIMA M",1
"NAKASHIMA S",1
"NAKASHIMA T",1
"Nakata T.",1
"NAKATOMI H",1
"NAKATSU Y",1
"NAKAURA T",1
"NAKAYA T",1
"NAKAYAMA H",1
"NAKAYAMA SF",1
"NAKAYAMA T",1
"Nakayama T.",1
"NAKAZAWA H",1
"NAKAZAWA J",1
"NAKAZAWA S",1
"Nakeenopakun N.",1
"NAKHJIRGAN P",1
"Nakhjirgan P.",1
"NAKHLA M",1
"Nakhla M.",1
"NAKHOSTIN D",1
"Nakhratova O.V.",1
"NAKIBUUKA J",1
"Nakka V.P.",1
"NALEPA J",1
"Nalini M.",1
"NALLAMOTHU RB",1
"Nalluri P.",1
"NAM H",1
"Nam H.Y.",1
"NAM K",1
"NAM MW",1
"NAMAVAR MR",1
"NAMBA A",1
"NAMBA K",1
"NAMBATYA W",1
"Namdeo A.",1
"NAMIAN M",1
"Namioka A.",1
"Namitome S.",1
"Nampak H.",1
"NAMSRAI BE",1
"Namulanda G.",1
"NAN J",1
"NAN Y",1
"NANA A",1
"NANATSUE K",1
"Nanavati H.D.",1
"NANAVATI HD",1
"Nanda Behera B.",1
"Nanda I.P.",1
"NANDAN A",1
"Nande A.",1
"NANDI M",1
"Nanelo R.F.",1
"NANI A",1
"Nanjappa M.",1
"NANNA MG",1
"Nanni G.S.",1
"NANZ D",1
"NAPOLI C",1
"NAQVI A",1
"NARANG A",1
"NARASAKI Y",1
"Narasaki Y.",1
"NARASIMHALU K",1
"Narasimhan D.",1
"NARAYAN E",1
"NARAYAN HK",1
"Narayan V.",1
"NARAYANAMURTHY R",1
"Narayanan S.",1
"NARAYANASWAMY K",1
"Narayanaswamy N.",1
"Narayane D.",1
"Narciso L.",1
"NARDECCHIA A",1
"NARDI MI",1
"NARDOCCI A",1
"NARDONE A",1
"Narendhiran B.",1
"NARITA K",1
"NARUMI S",1
"NARUMIYA H",1
"NARUTO N",1
"Narvaez-Montoya C.",1
"NARVAEZ J",1
"NARVAEZ JF",1
"Naryanto R.F.",1
"Nascimento L.F.C.",1
"Nascimento L.R.",1
"NASCIMENTO LFC",1
"Naser A.A.",1
"NASER AY",1
"Naseri A.",1
"NASH H",1
"NASHED JY",1
"NASHWAN AJ",1
"NASIR N",1
"Nasir U.",1
"NÄSLUND U",1
"Nasni Naseri R.N.",1
"NASRI S",1
"NASSABEH S",1
"NATALE BN",1
"NATALONI A",1
"NATANEL D",1
"NATARAJAN G",1
"NATARAJAN P",1
"Natarajan S.",1
"NATARAJAN SK",1
"Natesan V.T.",1
"NATH S",1
"Nath S.",1
"NATHAN AS",1
"NATHAN V",1
"NATHENA D",1
"NATHOO B",1
"NATIVIDADE JC",1
"Natsubori A.",1
"Natteru P.A.",1
"NAUMOV P",1
"Nautiyal V.V.",1
"NAUTIYAL VV",1
"NAVA RC",1
"NAVALESI P",1
"NAVALKELE P",1
"NAVARRO-FLORES A",1
"NAVARRO VA",1
"Navas-Acien A.",1
"NAVAS-MARTÍN MA",1
"Naveed M.",1
"Naveen S.",1
"Naves M.",1
"NAVI BB",1
"NAVIA V",1
"NAWA N",1
"NAWADA S",1
"Nawada S.",1
"Nawafleh S.",1
"NAWAL N",1
"Nayak B.",1
"NAYAK P",1
"Nayak P.",1
"Naydenov K.",1
"NAYLOR RM",1
"NAZ Z",1
"NAZARENKO LP",1
"Nazari S.",1
"NAZARPOOR M",1
"Nazarpoor M.",1
"Nazemi A.",1
"Ndiaye A.",1
"NDLOVU M",1
"NDLOVU N",1
"Ndongson-Dongmo B.",1
"Ndzo J.",1
"NEBUWA CN",1
"NECARSULMER J",1
"Necati Özsezen A.",1
"NECKERMAN KM",1
"NEDADUR R",1
"Nedadur R.",1
"NEDELSKA Z",1
"NEDERGAARD M",1
"NEDERKOORN PJ",1
"NEDERVEEN AJ",1
"Nedimyer A.K.",1
"NEDIMYER AK",1
"NEDKOFF L",1
"Needham B.L.",1
"NEEKI MM",1
"Neelukumari K.S.",1
"NEETHLING I",1
"NEFF BD",1
"NEGATIE HM",1
"Negev M.",1
"NEGGERS SJCMM",1
"Negi P.C.B.S.",1
"NEGISHI H",1
"NEGORO T",1
"Negrete-Najar J.P.",1
"NEGRI E",1
"NEGRON S",1
"Negüs F.",1
"NEHME A",1
"Nehme A.",1
"Nehra B.R.S.",1
"NEJADGHADERI SA",1
"Nelapudi N.",1
"NELIAS C",1
"Nelias C.",1
"NELSON CA",1
"Nelson D.A.",1
"Nelson D.W.",1
"NELSON OK",1
"NELSON R",1
"Nemati S.",1
"NEMCHEK V",1
"NEMCSIK J",1
"NEMET M",1
"NÉMETH J",1
"NEMIROVA S",1
"NEMMAR A",1
"Nemoto E.M.",1
"NEMOTO EM",1
"Nemoto H.",1
"NEMOTO S",1
"NENCINI P",1
"NENTWICH K",1
"NEOPHYTOU AM",1
"NEPAL G",1
"Nepal G.",1
"NEPITA I",1
"NERSESJAN V",1
"Nery F.",1
"NESBIT M",1
"Nesbit M.",1
"NESRALLAH G",1
"NESRALLAH GE",1
"NESTEROVA VV",1
"NESVICK CL",1
"NETHERY R",1
"Nethery R.C.",1
"NETHERY RC",1
"Neto A.R.",1
"NETT B",1
"NETTO A",1
"NEUEN DR",1
"NEUGEBAUER H",1
"NEUKING K",1
"NEUMAIER M",1
"Neuman M.",1
"NEUMANN S",1
"NEUŽIL P",1
"NEVAREZ J",1
"NEVES EB",1
"Neves J.M.",1
"Neves J.S.",1
"NEVO U",1
"NEWBURY JB",1
"NEWCOMBE V",1
"NEWELL K",1
"NEWEY C",1
"Newey C.",1
"NEWMAN AB",1
"NEWMAN AJ",1
"NEWMAN J",1
"Newman L.",1
"NEWMAN LS",1
"NEWMAN TB",1
"NEWSOME-CUBY T",1
"Newsome M.",1
"NEWTON B",1
"NEWTON JD",1
"NG D",1
"NG J",1
"NG KW",1
"NG LK",1
"Ng Y.J.",1
"NGAMSOMBAT C",1
"Ngan T.T.",1
"NGANO SO",1
"NGHIEM S",1
"NGO DHA",1
"Ngo Y.B.",1
"NGUYEN A",1
"NGUYEN AM",1
"Nguyen D.",1
"Nguyen D.D.",1
"Nguyen D.G.",1
"Nguyen D.H.P.",1
"NGUYEN DT",1
"NGUYEN DV",1
"NGUYEN JN",1
"NGUYEN KL",1
"Nguyen L.",1
"NGUYEN MA",1
"Nguyen N.",1
"Nguyen N.M.",1
"Nguyen N.X.",1
"NGUYEN PY",1
"NGUYEN T",1
"Nguyen T.M.",1
"Nguyen T.P.A.",1
"Nguyen T.T.",1
"Ngwa C.",1
"Ngwaka U.",1
"NGWENYA S",1
"Nhung N.T.T.",1
"NHUNG NTT",1
"Ni B.",1
"NI C",1
"Ni H.",1
"Ni J.",1
"Ni L.",1
"NI N",1
"NI R",1
"Ni R.",1
"NI S",1
"Ni T.T.",1
"NI X",1
"Ni Y.",1
"NI Z",1
"Niaki S.R.A.",1
"NIANG D",1
"NIATSETSKAYA Z",1
"Niazi I.K.",1
"NICCHIA GP",1
"NICHOL H",1
"NICHOLS D",1
"NICHOLSON P",1
"Nicholson P.",1
"NICKEL D",1
"Nickl M.",1
"NICOLAIDES A",1
"NICOLAIDES AN",1
"Nicolas K.",1
"NICOLAU RA",1
"NICOLLIER T",1
"Nicolo J.P.",1
"NICOLSON DJ",1
"Nicora M.",1
"Nidhi",1
"NIE B",1
"Nie B.",1
"NIE D",1
"NIE F",1
"NIE H",1
"NIE HH",1
"NIE J",1
"Nie J.L.",1
"NIE W",1
"NIE X",1
"NIE Z",1
"NIEBOER K",1
"NIEBOREK A",1
"Nieborek A.",1
"NIEDEGGEN A",1
"NIEDERER D",1
"Niedermeyer G.M.",1
"NIEDERMEYER GM",1
"NIEDOWICZ DM",1
"NIEGO B",1
"NIEHAUS L",1
"NIEHOFF JH",1
"NIEHOFF K",1
"NIELSCH K",1
"NIELSEN AB",1
"NIELSEN C",1
"Nielsen J.B.",1
"NIELSEN K",1
"NIELSEN OW",1
"Nielsen S.R.",1
"NIELSEN SD",1
"NIELSEN SJ",1
"Nielsen T.G.N.d.S.",1
"NIELSEN TGNDS",1
"NIEMIERKO A",1
"NIEMINEN-KELHÄ M",1
"NIENHAUS A",1
"Niesen W.D.",1
"NIESSNER A",1
"Nieto R.",1
"NIEZGODA J",1
"Nigam S.",1
"NIGHTINGALE C",1
"NIHART AJ",1
"NIIYA Y",1
"NIIZUMA K",1
"NIJIATI M",1
"Nik-Nasir N.M.",1
"Nikhitha M.",1
"NIKIEMA SLW",1
"NIKIFORAKI K",1
"Nikitin D.",1
"Nikitina I.P.",1
"NIKKHOO M",1
"Niklawy W.",1
"NIKMANESH Y",1
"Nikmanesh Y.",1
"Niknam Azodi M.",1
"NIKOLIC N",1
"NIKOOMANESH K",1
"Nikoomanesh K.",1
"NIKOUBASHMAN O",1
"NILANONT Y",1
"NILSSON M",1
"NILSSON SOMMAR J",1
"Nimbalkar S.M.",1
"NIMJEE SM",1
"NIMMRICHTER S",1
"Nimpal M.",1
"NIMSKY C",1
"Nindhia T.G.T.",1
"Ning B.",1
"NING SN",1
"Ning Y.L.",1
"NING Z",1
"NINOMIYA H",1
"NIRANJAN A",1
"Nisar M.",1
"NISHANTH K",1
"Nishi G.",1
"NISHI T",1
"NISHIDA Y",1
"NISHIFUJI S",1
"Nishigawa K.",1
"NISHIHIRA T",1
"NISHIJO M",1
"NISHIKAWA T",1
"Nishikawa T.",1
"NISHIMOTO S",1
"Nishimura H.",1
"NISHIMURA K",1
"NISHIMURA S",1
"Nishimura Y.",1
"NISHIOKA N",1
"NISHIOKA T",1
"NISHITA Y",1
"Nishiwaki Y.",1
"NISHIYAMA K",1
"NISHIZAWA M",1
"NISSANKA M",1
"Nita A.",1
"NITA IA",1
"Nithin S.K.",1
"Nithya Shree R.",1
"NITSCHE MA",1
"NITSCHKE M",1
"NITZSCHE B",1
"Niu B.",1
"Niu C.",1
"NIU L",1
"NIU Q",1
"Niu R.",1
"Niu R.Z.",1
"NIU RZ",1
"NIU S",1
"Niu Y.",1
"NIU Z",1
"Niu Z.",1
"NIWA JI",1
"NIWA T",1
"NIWAYAMA M",1
"NIYOGI S",1
"Niyogi S.",1
"Nizam M.F.M.",1
"Nizarudeen S.",1
"NIZHARADZE G",1
"NJAMNSHI AK",1
"NJAMNSHI WY",1
"NJANKOUO MAPOURE Y",1
"Njoku A.U.",1
"NJUME D",1
"NKEH-CHUNGAG BN",1
"NKETIA V",1
"NKOKE C",1
"NKOSI-GONDWE T",1
"NKOUONLACK C",1
"NNABUIFE SG",1
"NO HJ",1
"NOACK T",1
"NOBLES CJ",1
"Nobleza C.O.S.L.",1
"NOBREGA ACL",1
"NOBUSAKO S",1
"NOËL PB",1
"Nogara P.A.",1
"NOGAWA K",1
"NOGUCHI E",1
"NOGUCHI K",1
"Noguchi K.",1
"NOGUEIRA LM",1
"NOGUEIRA MC",1
"NOGUEIRA PJ",1
"NOH J",1
"NOH JH",1
"NOH S",1
"Noheria A.",1
"Noirclerc N.",1
"NOJILANA B",1
"NOKURA K",1
"NOKURA Y",1
"NOLAN A",1
"NOLAN JK",1
"NOLAN JP",1
"NOLIN TD",1
"NOLLI M",1
"NOMIYAMA T",1
"Nomizu K.",1
"NOMURA N",1
"NONAKA M",1
"Nong Y.",1
"NONINO F",1
"NONOMIYA Y",1
"NOOHI F",1
"NOONAN H",1
"Noor C.W.M.",1
"NOOR MI",1
"NOOR S",1
"NOORANI B",1
"Noorifard M.",1
"NOORISHIRAZI K",1
"Nor’en M.S.I.B.",1
"NORBERG M",1
"NORD JL",1
"NORDSLETTEN DA",1
"Nordström C.H.",1
"NORDSTROM L",1
"Norheim O.F.",1
"NORI-SARMA A",1
"NORMAN SL",1
"NORMAND H",1
"NOROZI M",1
"NORRIS AJ",1
"NORRVING B",1
"NORTHOFF BH",1
"NORTHOFF G",1
"Northrop W.F.",1
"NORTON C",1
"Norton C.",1
"Norwood M.",1
"NOSAKA H",1
"NOSAKA M",1
"NOSAL S",1
"NOSAL V",1
"Noser E.A.",1
"NOSER EA",1
"NOSHAD M",1
"Noshad M.",1
"Nosov A.E.",1
"NOSSEK E",1
"NOTENBOOM ML",1
"Notland J.G.",1
"NOTLAND JG",1
"Notley S.R.",1
"NOUAR ME",1
"NOUBIAP JJ",1
"NOUH A",1
"NOUMAN A",1
"NOUNOU N",1
"NOURI F",1
"Nouri J.M.",1
"NOURY N",1
"Nouvenne A.",1
"NOVACK V",1
"NOVAK AC",1
"NOVAKOVIC R",1
"NOVARRO-ESCUDERO N",1
"Novelle M.G.",1
"NOVIKOV DS",1
"NOVOSELAC A",1
"Nowacka A.",1
"Nowacki A.",1
"Nowak A.S.",1
"NOWAK AJ",1
"Nowak I.",1
"Nowicka M.",1
"Nowlin J.",1
"NOZAKI K",1
"NOZAWA Y",1
"NOZDRIUKHIN D",1
"Nozdriukhin D.",1
"NOZOE M",1
"NOZOHOOR S",1
"NTENTAS G",1
"Ntiri E.E.",1
"NTIRI EE",1
"NTOUMAZIOU A",1
"NTSIEA MV",1
"NTZIACHRISTOS L",1
"NUERNISHA A",1
"Nugroho A.K.",1
"Nuiding X.",1
"Numa S.",1
"NUMTHAVAJ P",1
"Nunes A.",1
"Nunes A.R.",1
"Nunes V.A.C.",1
"NUNES VAC",1
"NÚÑEZ-RODRÍGUEZ S",1
"Núñez-Rodríguez S.",1
"NUÑEZ O",1
"NUNNS M",1
"Nur H.",1
"NURCHIS MC",1
"Nurillaeva N.",1
"Nurlgn A.",1
"Nürnberg B.",1
"NÜRNBERGER A",1
"NUWAGIRA E",1
"NUYTEMANS DHGM",1
"Nwaichi E.O.",1
"Nwaogu D.C.",1
"NWIMO C",1
"NYANCHO D",1
"Nyawornota V.K.",1
"NYBERG SK",1
"NYBERG ST",1
"Nyein H.Y.Y.",1
"Nyongesa A.J.",1
"NYSTRÖM T",1
"NZVERE FP",1
"O'BRIEN MK",1
"O'BRIEN WD",1
"O'CALLAGHAN G",1
"O'CONNELL EM",1
"O'CONNELL H",1
"O'CONNELL ME",1
"O'CONNELL SR",1
"O'Connor D.",1
"O'CONNOR FK",1
"O'CONNOR P",1
"O'CONNOR T",1
"O'DONNELL M",1
"O'donnell P.C.",1
"O'DONOVAN MJ",1
"O'FLAHERTY ME",1
"O'HALLORAN A",1
"O'HALLORAN M",1
"O'HALLORAN R",1
"O'HARA D",1
"O'Hara D.",1
"O'HARA JP",1
"O'HARA SM",1
"O'KANE A",1
"O'LEARY M",1
"O'LEARY R",1
"O'LENICK CR",1
"O'MAHONY M",1
"O'Malley C.",1
"O'Meara S.",1
"O'NEIL JN",1
"O'NEILL MS",1
"O'Riordan C.E.",1
"O'SHARKEY K",1
"O'SHEA PM",1
"O’Brien R.",1
"OATES CP",1
"OBA J",1
"Oba T.",1
"OBACH A",1
"Obara T.",1
"Obayes O.K.",1
"OBERLEY-DEEGAN RE",1
"OBERTEGGER U",1
"OBERZAUCHER E",1
"OBIAKO R",1
"Obiefuna J.N.",1
"Obinata H.",1
"Ocando J.",1
"OCHIDA M",1
"ODA A",1
"ODA M",1
"ODD D",1
"ODEBEATU CC",1
"ODILI A",1
"ODO CJ",1
"ODOM EL",1
"ODOM GJ",1
"Odonkor S.T.",1
"Odu-Onikosi A.",1
"ODUGBEMI T",1
"ODURO MS",1
"OE K",1
"Oeckel A.M.",1
"Oestereicher M.A.",1
"Ofer A.",1
"OFFEN D",1
"OFFENBERG R",1
"Offenberg R.",1
"OFFENBORN F",1
"Offerhaus J.A.",1
"OGAMI T",1
"Ogasawara T.",1
"Ogata S.",1
"Ogawa T.",1
"OGAWA Y",1
"Ogawa Y.",1
"Ogbeide-Igiebor V.",1
"OGBOLE G",1
"Ogden H.B.",1
"OGGIANO F",1
"OGHIDE O",1
"Oghoghorie O.",1
"OGIHARA Y",1
"OGILVY CS",1
"OGINO K",1
"OGUNMODEDE JA",1
"OGUNNIYI A",1
"OGUNRO T",1
"OGUNRONBI M",1
"OGUNTADE AS",1
"OGUNTOKE O",1
"OGUNWALE AO",1
"OGUNYANWO MA",1
"Öğüt H.",1
"OĞUZ S",1
"Oğuz S.",1
"OGYU A",1
"OH C",1
"OH CM",1
"OH DK",1
"OH GT",1
"Oh J.Y.",1
"OH JK",1
"Oh S.H.",1
"OH SH",1
"OH SS",1
"OH W",1
"OHAGWU KA",1
"OHALLORAN R",1
"OHARA N",1
"OHASHI H",1
"OHASHI J",1
"Ohashi K.",1
"OHASHI Y",1
"OHIRA S",1
"Ohk T.G.",1
"OHK TG",1
"Ohkura T.",1
"Ohlrich K.",1
"OHLS RK",1
"OHLWEIN S",1
"OHMORI Y",1
"OHMURA H",1
"Ohnaga Y.",1
"OHNISHI M",1
"Ohno H.",1
"Ohno N.",1
"Ohno T.",1
"OHRT AR",1
"OHSAKA H",1
"Ohsawa I.",1
"OHSAWA M",1
"OHTA H",1
"OHTA K",1
"Ohta K.",1
"OHTAKI H",1
"OHTSUKA M",1
"OHTSUKI S",1
"Ohya A.",1
"Oi I.",1
"OIAMO TH",1
"OIDA M",1
"OIKAWA Y",1
"OISHI M",1
"OIWA H",1
"Oiwa H.",1
"OJHA R",1
"OJIKUTU B",1
"Ojo A.O.",1
"Ok J.G.",1
"OK JG",1
"OKA H",1
"Oka H.",1
"Okada K.",1
"OKAMOTO H",1
"Okamoto L.E.",1
"OKAMOTO LE",1
"Okamura K.",1
"Okamura M.",1
"OKANO H",1
"OKANO HJ",1
"OKAWA A",1
"OKAZAKI K",1
"Okazaki N.",1
"OKBAY GUNES A",1
"OKELL TW",1
"Okello N.O.",1
"Okello S.",1
"Okema J.N.",1
"OKEREKE C",1
"Okiljevic B.",1
"OKITA Y",1
"Okitsu M.",1
"Okoani A.O.",1
"OKONKWO DO",1
"Oktay M.M.",1
"OKUBO G",1
"OKUCHI S",1
"Okukpe K.M.",1
"OKUMIYAMA H",1
"OKUMURA A",1
"OKUMURA G",1
"Okumuş F.",1
"OKUMUŞ O",1
"OKUYAMA H",1
"OKUYAMA M",1
"OKUYAMA T",1
"OLABINRI E",1
"Oladunjoye O.O.",1
"OLAI H",1
"Olai H.",1
"Olaiya M.T.",1
"OLAIYA MT",1
"OLAKOREDE I",1
"OLALEYE MT",1
"OLANIYAN O",1
"OLANIYAN T",1
"Olaniyan T.",1
"Olano Pozo J.X.",1
"OLAVARRÍA VV",1
"OLAYO-GONZALEZ R",1
"OLBERT E",1
"Olbert E.",1
"Olbrich H.G.",1
"OLBRICH HG",1
"Olcina Cantos J.",1
"OLCINA G",1
"OLEJNICZAK D",1
"Olennikov D.N.",1
"OLESON CV",1
"OLESZKIEWICZ A",1
"OLEWINE M",1
"OLGIN J",1
"OLIER I",1
"Oliva A.",1
"OLIVA G",1
"OLIVA V",1
"OLIVAS Y",1
"OLIVEIRA-KUMAKURA ARS",1
"Oliveira Í.A.F.",1
"OLIVEIRA JS",1
"Oliveira L.D.B.",1
"Oliveira M.N.",1
"OLIVEIRA MN",1
"OLIVEIRA MR",1
"OLIVEIRA PINHEIRO F",1
"Oliveira Pinheiro F.",1
"OLIVER SJ",1
"OLIVERA AP",1
"OLIVERO-VERBEL J",1
"Oliveros E.",1
"Oliveros G.",1
"OLIVIER AK",1
"OLIVIER B",1
"OLIVIER C",1
"OLIVIER JH",1
"OLIVOTTO I",1
"OLLER FRADERA O",1
"Olmedo Garzón F.J.",1
"OLMOS-HERNÁNDEZ A",1
"OLMOS S",1
"OLMSTED S",1
"OLOPADE CS",1
"OLOWOOKERE S",1
"OLOWOYO P",1
"OLSEN AC",1
"Olsen C.D.",1
"OLSEN CD",1
"OLSEN DB",1
"OLSEN GW",1
"Olsen J.R.",1
"OLSEN MH",1
"OLSON DM",1
"OLSON JJ",1
"OLSON S",1
"OLSSON C",1
"OLSSON D",1
"OLTEANU M",1
"OLTOLINI A",1
"Oluleye O.",1
"OLUMA A",1
"OLVER TD",1
"OMAMA S",1
"Omama S.",1
"OMAR MA",1
"Omboni S.",1
"Omidi A.",1
"OMIDI KHANIABADI F",1
"OMIDI KHANIABADI Y",1
"OMIDVAR R",1
"OMILEKE D",1
"OMINO T",1
"Omote K.",1
"OMSBERG A",1
"Onagbiye S.O.",1
"Onakomaiya D.",1
"ONASANYA A",1
"ONAT F",1
"Onder H.",1
"ONG C",1
"Ong C.J.",1
"ONG E",1
"ONG JSP",1
"ONG LK",1
"ONITSUKA S",1
"Onitsuka S.",1
"ONO C",1
"ONOCHIE-WILLIAMS A",1
"ONODA T",1
"ONODERA T",1
"ONOE H",1
"ONOFRI SMM",1
"Onojowho E.E.",1
"Onorati A.",1
"ONSAARD E",1
"ONTANEDA D",1
"ONYEONORO U",1
"ONYISHI IE",1
"OO AP",1
"OOI J",1
"Ooi J.H.",1
"OOI JH",1
"OOI MCG",1
"OOI SY",1
"OOMMEN AB",1
"OOMS I",1
"OORZHAK AY",1
"OOSTENDORP TF",1
"OOSTVEEN LJ",1
"OPOKA R",1
"OPPERMANN E",1
"OPPERMANN J",1
"Oppermann J.",1
"ORAEE-YAZDANI S",1
"ORAL A",1
"ORAL K",1
"ORAV K",1
"ORBÁN G",1
"ORDONEZ YT",1
"ORDUNEZ P",1
"ORELARU F",1
"Orelaru F.",1
"OREŠKOVIĆ D",1
"Orfila J.E.",1
"ORFILA TIMONER J",1
"ÖRGEL A",1
"Örgel A.",1
"Oriá R.B.",1
"ORIHUELA B",1
"Orihuela J.C.",1
"ORJICHUKWU CK",1
"ORJICHUKWU RO",1
"ORKIN AM",1
"Orlandin J.R.",1
"ORLOV DS",1
"ORLOVA A",1
"Orman R.Ç.",1
"ORMISTON CK",1
"OROZ K",1
"Orozco-Sevilla V.",1
"Orpilla M.B.",1
"ORR C",1
"Örs İ.",1
"Orsatti V.N.",1
"ORSI A",1
"ORTEGA-ESPINA S",1
"ORTEGA-JIMENEZ VM",1
"ORTEGA-MARTORELL S",1
"ORTEGA-PAZ L",1
"ORTEGA-QUINTERO AP",1
"ORTEGA-RAMÍREZ AD",1
"Ortega N.",1
"Ortega R.P.",1
"ORTIBUS E",1
"ORTIZ-LEÓN S",1
"ORTIZ-PÉREZ J",1
"Ortiz-Prado E.",1
"ORTIZ-SANJUÁN F",1
"ORTIZ JR",1
"ORTYL TC",1
"OSADA T",1
"OSAI N",1
"OSAIGBOVO GO",1
"OSAKABE J",1
"Osakabe J.",1
"Osawa E.A.",1
"OSBORNE MT",1
"OSBORNE NJ",1
"OSEI-AMPONSAH R",1
"OSHIMA S",1
"Oshima S.",1
"Oshima Y.",1
"OSHINSKI JN",1
"Oshorov A.",1
"OSKARSSON V",1
"OSKUEI A",1
"OSLINA D",1
"Oslina D.",1
"OSMAN AM",1
"Osman D.",1
"OSMONOV B",1
"Osong B.",1
"OSORIO DS",1
"Osorio J.",1
"OSOULI S",1
"Ospel J.M.",1
"OSPINA O",1
"OSREDKAR D",1
"OSRODKA L",1
"OSSANI PC",1
"OSSOLA A",1
"OSSOLI A",1
"Ossoli A.",1
"OSSWALD S",1
"OSTENDORF B",1
"OSTERMANN M",1
"Ostmeier S.",1
"ÖSTREICHER G",1
"OSTREK G",1
"OSTROFSKY D",1
"OSTROVSKIY G",1
"OSTROWSKI Z",1
"Ostyn F.",1
"OSUKA A",1
"Osumi M.",1
"OSZTHEIMER I",1
"OTA-KOTNER A",1
"OTA H",1
"OTA T",1
"OTABIL EM",1
"Otajonov I.",1
"OTAKA A",1
"OTAKE K",1
"OTAKI R",1
"OTANI H",1
"OTANI N",1
"OTANI R",1
"Otani S.",1
"OTANI T",1
"Otayf D.A.H.",1
"OTAYF DAH",1
"OTHMAN MH",1
"OTIKOVS M",1
"OTINIANO-SIFUENTES R",1
"OTLEY NA",1
"OTSUKA F",1
"OTSUKA K",1
"OTSUKA R",1
"Otsuka S.",1
"OTSUKA T",1
"OTSUKA Y",1
"OTSUKI T",1
"OTTEN EM",1
"OTTLIK M",1
"OTTO C",1
"OTTO F",1
"OTTOSEN CI",1
"OU-YANG WB",1
"Ou C.",1
"OU CQ",1
"OU L",1
"OU S",1
"OU T",1
"OU TL",1
"OU Y",1
"Ou Y.",1
"OU YN",1
"Ouddoud H.",1
"Oudin A.",1
"OUIDIR MS",1
"Oukhai F.",1
"Ouksel T.",1
"OURA D",1
"Oura D.",1
"Oura K.",1
"OUREDNIK J",1
"OUREDNIK V",1
"OURIQUES MARTINS S",1
"OUYANG D",1
"OUYANG F",1
"OUYANG J",1
"Ouyang J.",1
"OUYANG L",1
"Ouyang L.",1
"Ouyang M.",1
"OUYANG R",1
"Ouyang Y.",1
"OUYPORNKOCHAGORN T",1
"Ovalle-Magallanes E.",1
"Ovbiagele B.",1
"OVED S",1
"OVERCENCO A",1
"OVEREINDER I",1
"OVERHOFF D",1
"Overton D.J.",1
"OVIZE M",1
"OW CP",1
"OWASHI K",1
"OWEN CE",1
"OWEN D",1
"OWEN S",1
"Owens C.D.",1
"OWN A",1
"OWOLABI I",1
"OWOLABI L",1
"Owolabi M.O.",1
"OXENHAM V",1
"OYAMA T",1
"OYAMA Y",1
"Oyama Y.",1
"OYEMAKINDE TT",1
"OZAKI A",1
"OZANA N",1
"OZARKAR PD",1
"OZASA N",1
"OZAWA F",1
"OZAWA T",1
"Özbay Y.",1
"ÖZCAN M",1
"ÖZDAL HS",1
"ÖZDEMIR M",1
"Ozdemir Y.E.",1
"ÖZEK A",1
"ÖZENER B",1
"OZER H",1
"Özer S.",1
"OZGULER A",1
"ÖZGÜR A",1
"OZHINSKY E",1
"Oziel M.",1
"OZKAN M",1
"Özker H.",1
"OZKIZILCIK A",1
"Ozmen M.I.",1
"OZPINAR A",1
"OZRAZGAT-BASLANTI T",1
"Ozsari I.",1
"Ozturk S.",1
"ÖZYALÇIN S",1
"OZZOUDE M",1
"P G",1
"P V.",1
"PAAL P",1
"PAATERO I",1
"Pabi S.",1
"PABIAN W",1
"Pabinger I.",1
"Pabon B.",1
"PACCALET A",1
"PACE J",1
"PACE NL",1
"Pacei F.",1
"PACELLA R",1
"PACETTI M",1
"Pąchalska M.",1
"PACHECO-BARRIOS K",1
"Pacheco-Barrios K.",1
"Pacheco D.R.Q.",1
"PACHECO DRQ",1
"PACHI PR",1
"PACHITO D",1
"Pacholec M.",1
"PACHOLSKI M",1
"PACHORI H",1
"PACINI B",1
"PACK SP",1
"PACKENDORFF N",1
"Packer D.L.",1
"PACKER DL",1
"PACKHAM TL",1
"Packy A.",1
"Padalia D.",1
"Padawer-Curry J.A.",1
"PADDA I",1
"PADHY PK",1
"PADHY S",1
"Padhy S.",1
"Padilha M.C.S.V.",1
"PADILLA J",1
"PADMA SRIVASTAVA MV",1
"Padmanabhan S.",1
"PADOVANI R",1
"PAECH D",1
"Paek A.Y.",1
"PAETZOLD JC",1
"PAEZ MS",1
"PAGANI AF",1
"PAGANINI-HILL A",1
"PAGE JH",1
"PAGOULATOU S",1
"Pahlavian S.H.",1
"PAHLEVAN NM",1
"PAHROL MA",1
"PAI P",1
"Pai V.",1
"PAIDAS MJ",1
"PAIK SA",1
"PAIK SH",1
"PAIKRA SK",1
"Paiva B.S.",1
"Paiva D.",1
"PAIVA F",1
"PAIVA FF",1
"PAJICIC F",1
"Pak A.",1
"PAK SY",1
"PAKALNISKIENE V",1
"PAKHARENKO L",1
"Pakizer D.",1
"PAKSOY M",1
"Pal B.",1
"PAL JD",1
"Pal S.",1
"PALÀ E",1
"Palà E.",1
"PALACIO-PORTILLA EJ",1
"PALACIOS-PEÑA L",1
"PALACIOS MM",1
"PALANIAPPAN A",1
"PALANISWAMI M",1
"PALANISWAMI NG",1
"PALANISWAMY M",1
"PALASI A",1
"PALASZ J",1
"Palasz J.",1
"PALAZZO P",1
"Palazzo P.",1
"PALAZZOLO JS",1
"PÁLDY A",1
"PALERMO D",1
"PALIKOV V",1
"PALIKOVA YA",1
"PALILEO-VILLANUEVA LM",1
"PALILONIS MM",1
"PALIN TW",1
"PALINKAS M",1
"PALIWODA ED",1
"PALLESEN LP",1
"PALLOTTA J",1
"Palm V.",1
"PALM WM",1
"PALMA-LARA I",1
"Palma-Lara I.",1
"PALMATEER G",1
"PALMER JD",1
"PALMIERI L",1
"PALMIERI M",1
"PALTA P",1
"PAMIDIMUKKALA A",1
"PAN-NGUM W",1
"PAN B",1
"Pan C.",1
"PAN CM",1
"Pan D.C.",1
"PAN DJ",1
"PAN F",1
"Pan F.",1
"PAN G",1
"Pan G.",1
"PAN HY",1
"Pan J.",1
"PAN KH",1
"Pan L.",1
"PAN MB",1
"Pan S.",1
"PAN SC",1
"Pan W.",1
"PAN WC",1
"Pan X.",1
"PAN XB",1
"Pan Y.w.",1
"PAN YB",1
"PAN YC",1
"PAN YL",1
"PAN YZ",1
"Pana L.",1
"PANAHANDEH M",1
"PANAHI L",1
"PANATO C",1
"PANCHAL M",1
"PANCHOLI T",1
"Panciroli R.",1
"PANDA AK",1
"PANDA D",1
"Panda J.K.",1
"PANDA JK",1
"Panda S.",1
"PANDA SK",1
"Pande S.",1
"PANDEY A",1
"Pandey A.",1
"Pandey A.K.",1
"Pandey A.S.",1
"PANDEY BK",1
"PANDEY D",1
"PANDEY M",1
"Pandey M.",1
"Pandey P.",1
"PANDEY S",1
"PANDEY SM",1
"PANDIAN J",1
"Pandiaraj A.",1
"PANDICS T",1
"Pandics T.",1
"PANDIT A",1
"PANDIT R",1
"PANDOLFI S",1
"Pandolfi S.",1
"PANDURI B",1
"Panduri B.",1
"Pandya J.K.",1
"PANENKA WJ",1
"PANERAI RB",1
"PANEV TI",1
"Paneyala S.",1
"PANG H",1
"Pang H.",1
"PANG J",1
"Pang J.",1
"PANG L",1
"PANG N",1
"Pang N.",1
"PANG Q",1
"Pang Q.",1
"Pang R.",1
"PANG W",1
"Pang X.",1
"PANGKREUNG S",1
"Panicker M.R.",1
"PANIGRAHI R",1
"PANINA P",1
"Panithasan M.S.",1
"Panji M.",1
"Pankratov S.",1
"PANNONE L",1
"Panse V.",1
"PANSERA F",1
"Pantavou K.",1
"Panthi M.",1
"PANTOJA-RUIZ C",1
"Pantoja-Ruiz C.",1
"PANUA R",1
"PANZER R",1
"PAOLILLO AR",1
"Paolillo F.R.",1
"PAOLILLO FR",1
"PAOLINI S",1
"PAOLINO S",1
"PAOLISSO G",1
"PAONE G",1
"PAPADAKIS M",1
"PAPADOPOULOS G",1
"PAPADOPOULOU A",1
"PAPAGEORGAKIS C",1
"PAPAGIANIS PC",1
"PAPAIOANNOU N",1
"PAPAIOANNOU P",1
"PAPAKOSTANTINOU MA",1
"PAPAVASILOPOULOU A",1
"PAPE JW",1
"PAPI C",1
"Papi C.",1
"PAPPIN A",1
"PAPPIN AJ",1
"Paprottka K.J.",1
"PAPROTTKA KJ",1
"PAQUES M",1
"PARADINAS I",1
"PARAJE G",1
"Parajuli S.P.",1
"PARAJULI SP",1
"Paramasivam P.",1
"PARAMBI R",1
"Parameswaran K.",1
"Parameswaran S.",1
"PARANJAPE SY",1
"Paranjape V.V.",1
"PARAS S",1
"PARASIN N",1
"Parasin N.",1
"PARATI G",1
"Parayil P.",1
"Paré M.",1
"Paredes-Rojas J.C.",1
"Paredes I.",1
"PAREEK M",1
"Parekh A.",1
"PAREKH T",1
"PARENTE J",1
"PARENTI A",1
"Parfenov V.A.",1
"PARFENOVA H",1
"PARIANI E",1
"PARIDES M",1
"PARIKH BH",1
"PARIKH C",1
"Parikh K.",1
"PARIKH N",1
"PARIKH NS",1
"PARIS A",1
"PARISE M",1
"PARIZEL P",1
"PARIZOTTO NA",1
"PARK A",1
"PARK B",1
"Park C.Y.",1
"PARK CC",1
"PARK CY",1
"PARK D",1
"Park D.H.",1
"PARK DH",1
"Park E.",1
"Park E.G.",1
"Park E.J.",1
"Park E.Y.",1
"Park G.D.",1
"PARK GH",1
"Park H.K.",1
"PARK HA",1
"PARK HY",1
"PARK IW",1
"Park J.Y.",1
"PARK JB",1
"PARK JE",1
"PARK JJ",1
"PARK JM",1
"PARK JO",1
"PARK JS",1
"PARK JW",1
"PARK JY",1
"Park K.",1
"PARK KN",1
"PARK KS",1
"Park M.H.",1
"PARK MS",1
"Park S.",1
"Park S.J.",1
"Park S.K.",1
"PARK SK",1
"PARK SY",1
"PARK TY",1
"Park W.",1
"PARK WJ",1
"Park Y.",1
"Park Y.J.",1
"PARK YE",1
"PARKER DL",1
"PARKER ER",1
"Parker K.C.",1
"PARKER KC",1
"PARKER KS",1
"PARKER WF",1
"PARKINSON NV",1
"PARLETT L",1
"PARMAR MS",1
"PARMENTIER AL",1
"Parnes S.C.",1
"PARODI PC",1
"Parra-Robert M.",1
"PARRAMON D",1
"PARRAVICINI C",1
"Parravicini M.",1
"PARRAY A",1
"Parrinello M.",1
"PARRISH A",1
"Parry-Jones A.R.",1
"PARRY-JONES AR",1
"PARRY BA",1
"Parsanathan R.",1
"PARSONS E",1
"Partap Singh A.",1
"Partha D.B.",1
"PARTHASARATHI A",1
"PARTHASARATHY AB",1
"Parthiban G.",1
"PARUMS DV",1
"PARVEEN A",1
"PARVEEN F",1
"PASCHOAL AM",1
"PASCUAL-LEONE A",1
"PASI M",1
"PASRIJA C",1
"PASSE TJ",1
"Passi A.",1
"Passos P.",1
"Pasternak M.",1
"PASTEUR-ROUSSEAU A",1
"PASTOR P",1
"PASTORINO S",1
"Pastorino S.",1
"PAT Y",1
"PATABENDIGE A",1
"PATANWALA AE",1
"PATCH M",1
"PATEL AB",1
"PATEL AK",1
"PATEL AV",1
"PATEL B",1
"PATEL D",1
"Patel D.",1
"PATEL H",1
"Patel J.",1
"PATEL K",1
"PATEL NT",1
"Patel P.",1
"PATEL PC",1
"PATEL PH",1
"Patel R.B.",1
"PATEL UK",1
"PATEL VR",1
"PATER Z",1
"PATERNOSTER R",1
"Paterson G.",1
"PATERSON JS",1
"Paterson S.",1
"PATHAK A",1
"PATHAK MP",1
"PATHMATHAS T",1
"Patil A.S.",1
"PATIL AM",1
"Patil H.R.",1
"PATIL M",1
"Patil M.M.",1
"Patil N.A.",1
"Patil N.M.",1
"Patil R.M.",1
"Patil S.",1
"Patil S.A.",1
"PATIL SD",1
"Patil V.",1
"Patil V.C.",1
"Patir A.",1
"PATKI A",1
"PATLAS MN",1
"PATOWARY P",1
"Patra B.",1
"Patra P.K.",1
"PATRE B",1
"Patrician A.",1
"PATRICK D",1
"PATRICK TAN SZC",1
"PATRO S",1
"PATRONE C",1
"PATSAP O",1
"PATTANAPIPITPAISAL P",1
"PATTEN A",1
"PATTERSON E",1
"Patterson E.",1
"Patterson M.A.",1
"PATTESON B",1
"PATTI GJ",1
"PATTICHIS CS",1
"PATTICHIS MS",1
"PATTISAPU VK",1
"PATTON AP",1
"PATTUM P",1
"PATWA J",1
"Patz J.A.",1
"Patzer G.",1
"PAU KK",1
"PAUDEL A",1
"Paudel K.R.",1
"PAUDEL KR",1
"PAUDYAL V",1
"PAUL AR",1
"PAUL KC",1
"Paul L.A.",1
"PAUL LA",1
"Paul M.A.",1
"PAUL R",1
"PAUL S",1
"PAUL T",1
"Paul T.",1
"PAULIAH VP",1
"PAULINO MT",1
"PAULSEN K",1
"PAULSEN KD",1
"PAULWEBER B",1
"PAUS S",1
"PAUZE DR",1
"Pauzi A.A.",1
"PAVANELLO M",1
"Pavani K.H.",1
"Pavithra T.",1
"PAVLOU M",1
"PAVLOV N",1
"PAVLOV NB",1
"PAVLOV VM",1
"PAVLU V",1
"PAVON-DJAVID G",1
"PAVONE FS",1
"Pavot A.",1
"Pavuluri S.",1
"Pawar A.S.",1
"Pawar O.",1
"PAWLACZYK-ŁUSZCZYŃSKA M",1
"PAWLUS P",1
"PAYABAVASH S",1
"PAYABVASH S",1
"Payen J.F.",1
"PAYNE D",1
"Payot C.",1
"Paz Mamani C.F.",1
"PAZ MAMANI CF",1
"PAZHOOHI F",1
"PAZIENZA E",1
"PEACOCK A",1
"Peacock A.",1
"PEANSUKWECH U",1
"PEARCE FJ",1
"PEARLMUTTER J",1
"Pearlyl B.",1
"Pearson J.F.",1
"PEARSON JF",1
"PEARSON S",1
"PECK T",1
"PECK TL",1
"PEDARD M",1
"Pedard M.",1
"PEDDE M",1
"PEDDER H",1
"PEDEN AE",1
"PEDERSEN JN",1
"PEDERSEN JS",1
"Pedersen K.A.",1
"PEDERSEN MV",1
"PEDERSEN NL",1
"PEDICELLI A",1
"Pedicelli A.",1
"Pednekar A.",1
"PEDRA SRFF",1
"Pedrano J.F.M.",1
"PEDRAZA S",1
"PEDRONI CR",1
"PEDROZA C",1
"PEEL JL",1
"PEELING L",1
"PEELING P",1
"PEEPLES ES",1
"PEERAN SRH",1
"Peerlings D.",1
"Peeters-Scholte C.",1
"PEETOOM K",1
"PEGGE SAH",1
"PEGGEN MAG",1
"PEGOLI M",1
"Pegoli M.",1
"PEHLİVAN E.F.",1
"PEI B",1
"PEI M",1
"Pei Z.G.",1
"PEINKHOFER C",1
"PEIRIS RM",1
"PEJIČIĆ M",1
"PEKER S",1
"PELED JU",1
"PELGRIMS I",1
"Pelgrims I.",1
"PELICER LS",1
"Pelizzari L.",1
"PELL J",1
"PELLEGRINELLI L",1
"Pellegrini F.",1
"PELLEGRINI JR",1
"PELLEGRINI V",1
"Pellegrino G.",1
"PELLERIN L",1
"PELLETIER L",1
"PELLIS T",1
"Pellizzaro Batalha G.",1
"Pelouto A.",1
"PELTAN J",1
"PELTIER AC",1
"PELTOLA E",1
"PELZ JO",1
"Pena G.S.",1
"PENALBA A",1
"PENCKOFER M",1
"Pendlebury S.T.",1
"Peng C.",1
"Peng D.",1
"PENG HQ",1
"PENG K",1
"Peng K.",1
"Peng L.",1
"PENG ML",1
"Peng N.",1
"PENG QY",1
"Peng S.",1
"Peng S.J.",1
"Peng S.L.",1
"PENG SJ",1
"PENG YM",1
"Peng Z.",1
"Penjore T.",1
"Pěnkavová V.",1
"PENN SM",1
"Pennel T.",1
"PENNIG H",1
"Pennig L.",1
"PENNING TM",1
"PENNINGTON AF",1
"Pennisi E.",1
"PENOV K",1
"Penov K.",1
"Penso C.M.",1
"PENSO CM",1
"PENSON A",1
"PENSON PE",1
"PENTTI J",1
"PENVEN F",1
"Penzel T.",1
"Peong K.T.",1
"PEOPLES G",1
"PEPE M",1
"PEPE N",1
"PEPPERALL D",1
"PEPRAH D",1
"PERALTA-CARCELEN M",1
"Peralta A.A.",1
"PERAZZINI C",1
"PEREGO J",1
"Pereira F.G.",1
"PEREIRA L",1
"PEREIRA T",1
"Pereira T.",1
"PEREIRA VM",1
"PERERA BPR",1
"Perera Molligoda Arachchige A.S.",1
"PERERA MOLLIGODA ARACHCHIGE AS",1
"Perera W.P.R.T.",1
"Péres W.E.",1
"Pérez-Galicia A.",1
"PÉREZ-GÓMEZ B",1
"Perez-Guzman P.N.",1
"PEREZ-MARTINEZ P",1
"PÉREZ-RÍOS M",1
"PÉREZ-RÍOS N",1
"PÉREZ-ROBLEDO F",1
"PÉREZ A",1
"PÉREZ DE LA OSSA N",1
"PÉREZ DE LLANO L",1
"Perez Herrero M.",1
"PEREZ RI",1
"PÉREZ ROJAS F",1
"PEREZ VELASCO R",1
"PERGE P",1
"PERGOLA V",1
"Perini F.",1
"PERISINAKIS K",1
"Periyathambi V.",1
"PERK J",1
"PERKINS D",1
"PERLE SJ",1
"PERMAL DP",1
"Pernici C.D.",1
"PERNICI CD",1
"PERNOT M",1
"PERO G",1
"PERRA S",1
"PERRAUD E",1
"PERREIRA KM",1
"Perrey S.",1
"PERRIGAULT PF",1
"PERRINEZ E",1
"PERRONE MG",1
"Perrotta A.S.",1
"PERRY A",1
"Perry B.G.",1
"PERRY BG",1
"PERRY RM",1
"PERSAD A",1
"PERSEGHIN G",1
"Pershagen G.",1
"PERŠIĆ V",1
"PERSSE D",1
"PERSSON A",1
"Persson H.C.",1
"PERSSON HC",1
"Persson P.B.",1
"PERSSON WAYE K",1
"PERTICI I",1
"PERZ K",1
"Pescador Jimenez M.",1
"Pescarini J.M.",1
"PESCE A",1
"PESCH T",1
"PESCHILLO S",1
"PESHKOVA MA",1
"Pesti I.",1
"Petchdee S.",1
"PETER IG",1
"PÉTER V",1
"PETERFI A",1
"PETERKE JL",1
"PETERS DC",1
"PETERS KB",1
"PETERS PA",1
"Peters R.",1
"PETERSEN ET",1
"PETERSEN I",1
"PETERSEN SB",1
"PETERSON GM",1
"PETERSON JA",1
"PETERSON M",1
"PETERSS S",1
"Peterss S.",1
"PETERSSON J",1
"PETHICK WA",1
"PETIT A",1
"PETNAK T",1
"PETO I",1
"PETO R",1
"Petracca M.",1
"PETRELLI L",1
"Petri K.",1
"PETRI M",1
"Petridis A.K.",1
"PETRIDIS AK",1
"Petrie J.G.",1
"Petrik J.",1
"Petrone N.",1
"PETROPOULOU P",1
"PETROV I",1
"Petrov N.I.",1
"PETROVA E",1
"PETROVA M",1
"PETROVA MV",1
"PETRU J",1
"PETTERSSON H",1
"Pettersson H.",1
"Pettitt R.M.",1
"PETTY A",1
"PETZOLD G",1
"Peulic M.",1
"Peyton P.J.",1
"Pezzato S.",1
"PFAFF L",1
"Pfaff L.",1
"PFEFFERKORN T",1
"PFEIFFER N",1
"PFLÜGER-MÜLLER B",1
"PFYFFER D",1
"PHAEDRA C",1
"PHALAK M",1
"PHALKEY R",1
"PHAM D",1
"PHAM H",1
"PHAM JV",1
"PHAM N",1
"Pham P.H.",1
"PHAM PM",1
"PHAM SM",1
"Pham T.K.A.",1
"PHAN AT",1
"PHAN H",1
"PHAN HQ",1
"Phan T.C.",1
"PHELAN DM",1
"PHELPS M",1
"PHIANHASIN L",1
"PHILIPP A",1
"Philippe J.",1
"Philippot C.",1
"PHILLIPPI J",1
"Phillips C.M.",1
"Phillips D.",1
"PHILLIPS H",1
"PHILLIPS HN",1
"Phillips M.C.L.",1
"PHILLIPS P",1
"PHIRI KS",1
"PHIRI N",1
"Phisutrattanaporn J.",1
"PHOMKONG W",1
"PHUKAN MI",1
"Phukan N.",1
"PHUNG VLH",1
"Phutane M.S.",1
"PHUYAL S",1
"PHYO AZZ",1
"PI ZD",1
"PIACENTINI MF",1
"PIAMANAN P",1
"Piao Z.S.",1
"PIAO ZS",1
"PIASTRA MC",1
"PIATELLI G",1
"PIAVCHENKO G",1
"PIAZZA G",1
"PIAZZA O",1
"PIAZZALUNGA E",1
"Piazzesi A.",1
"PIAZZESI G",1
"Picano E.",1
"PICANO M",1
"PICARDI M",1
"PICCA A",1
"Piccininni A.",1
"PICCIOTTO S",1
"PICCIRELLI M",1
"Piccitto G.",1
"PICCOLI M",1
"Piccolo D.D.",1
"PICHARDO CM",1
"PICHARDO S",1
"PICHLER G",1
"PICHLMAIER M",1
"Pick F.C.",1
"PICKERING JW",1
"PICKFORD R",1
"PICO F",1
"PICÓN-JAIMES YA",1
"PIEL FB",1
"PIENAAR O",1
"Piepoli M.",1
"Piepoli M.F.",1
"PIERCE LJ",1
"Piergiacomi A.",1
"PIERICK JT",1
"PIERPOINT LA",1
"PIERRAT V",1
"PIERRE J",1
"PIERRE T",1
"PIERSIAK M",1
"PIETROBOM RFR",1
"PIETROGRANDE G",1
"PIETRUCCI D",1
"PIGA D",1
"PIGA G",1
"PIGEON WR",1
"Pignolo A.",1
"PIGORSCH S",1
"PIITULAINEN H",1
"PIKE C",1
"PIKE WT",1
"Pikra G.",1
"PILATO A",1
"PILATO F",1
"PILCHER DV",1
"PILE-SPELLMAN J",1
"Pile J.E.",1
"PILE JE",1
"PILESJÖ P",1
"PILLAY-VAN WYK V",1
"PILLAY S",1
"Pillinger T.",1
"PILOT E",1
"PILZ G",1
"Pimenta L.A.",1
"Pimpalkar A.",1
"PINAULT LL",1
"PINCHEFSKY EF",1
"PINCKAERS FME",1
"PINEDA-CASTILLO SA",1
"PINEDA GB",1
"Pineda N.",1
"PIÑEIRO D",1
"PINEKENSTEIN D",1
"PIÑEYRO P",1
"PING F",1
"Ping K.",1
"PING P",1
"PING Y",1
"Ping Y.",1
"Pinheiro A.C.",1
"PINHEIRO C",1
"Pinheiro C.",1
"PINHEIRO LC",1
"Pinheiro P.S.",1
"PINHEIRO PS",1
"PINI L",1
"Pini L.",1
"PINILLA GONZÁLEZ A",1
"PINILLA V",1
"PINKERTON KE",1
"Pinkerton L.",1
"PINKY NN",1
"PINSKY MR",1
"PINTAVALLE G",1
"PINTER D",1
"PINTO FJ",1
"Pinto G.M.",1
"PINTO J",1
"PINTO VC",1
"PIOTROWSKA DG",1
"PIOTROWSKI K",1
"Piovarči M.",1
"Piperata A.",1
"Pipitò L.",1
"PIRAS F",1
"Piras M.",1
"PIREDDA GF",1
"PIRES EES",1
"PIRHADI M",1
"PIRKL C",1
"PIRLOTTE S",1
"PIRO A",1
"PIROTH L",1
"PIRRACCHIO R",1
"Pirritano C.",1
"PISANI L",1
"PISANIELLO DL",1
"PISANSKI A",1
"PISANSKI K",1
"PISCITELLI P",1
"Pisinger C.",1
"Pisoni E.",1
"PISSARRA J",1
"PISTOCCHI S",1
"Pitcher G.S.",1
"PITITTO F",1
"Pitkäniemi A.",1
"PITOCCHI F",1
"PITSAS D",1
"PITSILADIS Y",1
"PITTALA K",1
"PITTS J",1
"Pitts L.",1
"PIVODIC A",1
"PIZARRO AB",1
"PIZARRO J",1
"PIZZOL D",1
"Pizzuti A.",1
"PJONTEK R",1
"PLA R",1
"Plaisier T.A.M.",1
"PLANAS BIBILONI L",1
"PLASS D",1
"PLASTER A",1
"Platscher M.",1
"PLATT JM",1
"Platt M.A.",1
"PLATTEN M",1
"PLATZER D",1
"PLAUTZ EJ",1
"PLESZCZYŃSKI M",1
"PLETZ MW",1
"PLISS MG",1
"PLOHL N",1
"PLOTNIKOV EY",1
"Plotnikov M.B.",1
"PLOYDANG T",1
"Ploydang T.",1
"PLUIJM SMF",1
"PLUIM J",1
"PLUMBER N",1
"Plyushcheva O.A.",1
"POCHE M",1
"Pochet M.",1
"POCHETTINO A",1
"Podell J.",1
"PODLASEK A",1
"Podlasek A.",1
"PODLOGAR T",1
"Podolec M.",1
"Podsiadło P.",1
"POE K",1
"Poetsch M.S.",1
"POFI R",1
"POGGIALI E",1
"Poggiali E.",1
"POGLIAGHI S",1
"Poh J.",1
"PÖHLAU D",1
"Pohlmann J.E.",1
"POHLMANN JE",1
"POINDEXTER BB",1
"POINTEREAU P",1
"POJOGA LH",1
"Pokaprakarn T.",1
"Pokrajac N.",1
"Polacin M.",1
"POLANCZYK C",1
"POLANIA-SANDOVAL C",1
"Polat S.",1
"POLAVARAPU H",1
"POLETTI L",1
"POLGLASE GR",1
"Polidar P.",1
"POLIMENI JR",1
"Polinder-Bos H.A.",1
"PÖLING J",1
"POLITI C",1
"Politi L.S.",1
"POLITI LS",1
"POLITZ GELEVA S",1
"Politz Geleva S.",1
"POLLOCK BE",1
"POLONSKY T",1
"POLSTER SP",1
"POLVERINO P",1
"POLYDORIDES N",1
"Polzin A.",1
"POMANTE S",1
"Pomante S.",1
"Pongetti L.S.",1
"PONGRÁCZ A",1
"PONJOAN A",1
"Ponjoan A.",1
"Ponnana S.R.",1
"PONNUSAMY A",1
"PONOMAREVA TI",1
"Pons V.",1
"PONSOT E",1
"PONTES-NETO O",1
"Ponticorvo S.",1
"PONTULA S",1
"Poole J.E.",1
"Poon C.S.",1
"POON D",1
"Poon K.S.",1
"POON KS",1
"POON YKP",1
"POONIA A",1
"Poonia A.",1
"Poornima D.",1
"Pooth J.S.",1
"POOVORAWAN K",1
"POPA C",1
"POPA CD",1
"Popa E.A.",1
"Pope C.A.",1
"POPOOLA OA",1
"POPOV I",1
"POPOVA B",1
"Popovici G.C.",1
"Poppenberg K.E.",1
"PORADA E",1
"PORRAS J",1
"PORRITT MJ",1
"Porta A.",1
"Porta M.",1
"PORTANOVA A",1
"PORTECOP P",1
"PORTELLA G",1
"PORTENGEN L",1
"PORTER C",1
"Portilho A.S.",1
"Portmann J.",1
"Portnoy J.",1
"PORTO-ÁLVAREZ J",1
"PORTO RA",1
"PORTOLAN PAJIĆ I",1
"PORTORO I",1
"Portuondo-Jiménez J.",1
"PORWOLIK H",1
"PORZIO E",1
"PORZIONATO A",1
"Posa A.",1
"POSATI T",1
"POSER BA",1
"POSEY JE",1
"Pöss J.",1
"POSTMA AA",1
"Potekhina A.",1
"POTHAPRAGADA SR",1
"Potocnik B.",1
"Potreck A.",1
"POTT J",1
"POTTER T",1
"Pötzschke H.",1
"Poublanc J.",1
"POUDEL R",1
"Poulain A.",1
"POULAKIS A",1
"POULSEN MN",1
"POURAN H",1
"POURCYROUS M",1
"Pourghazi S.",1
"POURMOGHADDAS A",1
"POUYA S",1
"Pouya S.",1
"POUZOT-NEVORET C",1
"POVEY A",1
"Povišer L.",1
"POWELL-WILEY TM",1
"POWELL BE",1
"Powell E.",1
"POWELL KM",1
"POWELL RJ",1
"POWELL WR",1
"POWER E",1
"POWER J",1
"POWERS R",1
"Powers W.J.",1
"PÖYHÖNEN A",1
"POYNTON CB",1
"Poyraz A.K.",1
"Pozdnyakov D.",1
"POZZER A",1
"Prabakaran B.",1
"PRABHAKAR H",1
"Prabhakar U.",1
"Prabhakararao E.",1
"PRABHU SS",1
"PRABHU V",1
"Prabhu V.",1
"PRADANA A",1
"Pradeep K.V.",1
"Pradeep P.",1
"PRADEEP T",1
"PRADHAN A",1
"Pradhan M.",1
"PRADO JV",1
"PRADOS-ROMÁN E",1
"Prados-Román E.",1
"Prahmana R.A.",1
"Prajapati D.K.",1
"PRAKAPENIA A",1
"Prakasam C.",1
"Prakash R.",1
"PRAKASH V",1
"Prakash V.",1
"PRAMANIK A",1
"Pramanik H.S.",1
"PRAMANIK S",1
"Prame Kumar K.",1
"PRANATA R",1
"Pranata R.",1
"PRANEETH K",1
"Prangsuwan S.",1
"Pranta M.H.",1
"PRASAD A",1
"PRASAD P",1
"PRASAD R",1
"Prasad R.D.",1
"Prasad U.",1
"Prasetio B.H.",1
"PRASKACOVA V",1
"Praticò C.",1
"PRATS-SANCHEZ L",1
"PRATTICHIZZO F",1
"Prawiroharjo P.",1
"Pražetina M.",1
"PRECHA N",1
"PREGER Y",1
"PREMILOVAC D",1
"Premilovac D.",1
"PRENTICE D",1
"Prescott E.",1
"PRESCOTT P",1
"PRESLEY DM",1
"PRESSEAU J",1
"Pressler R.",1
"PRESTA V",1
"PRETORIUS E",1
"PRETZSCH A",1
"PREUßNER M",1
"PREVEDEN A",1
"PREVEDEN M",1
"Previti S.",1
"PREZANT DJ",1
"PREZHDO OV",1
"PREZIOSO C",1
"Price M.",1
"PRICE NW",1
"PRICOP B",1
"PRIEGO-QUESADA JI",1
"Primiano N.J.",1
"PRIMIANO NJ",1
"PRINCEHORN EM",1
"Principi N.",1
"PRINTZ BF",1
"Priscilla R.",1
"PRISCO L",1
"PRITCHARD MW",1
"PRITCHETT K",1
"Pritchett K.",1
"Pritom A.I.",1
"PRIYA A",1
"Priya R.S.",1
"Priyadarshini P.",1
"Priyadarshini T.S.",1
"Priyadharshini K.",1
"Priyadharshini P.G.",1
"PRIYADHARSINI P",1
"PROCHASKA JH",1
"PROCHAZKA M",1
"PROCTOR A",1
"PROCTOR EA",1
"Proctor J.L.",1
"PRODEL E",1
"Prodel E.",1
"Prodkornburee T.",1
"PRODOEHL EK",1
"PROELL L",1
"PROENÇA DE MORAES T",1
"PROIETTI M",1
"PROIETTI R",1
"PROKISCH H",1
"PROKOP BJ",1
"PROKOP P",1
"PROKOPIOU P",1
"PRONIEWSKI B",1
"PROSPERINI L",1
"Próspero A.G.",1
"PROTSENKO Y",1
"PROVENCHÈRE S",1
"PROVENCIO M",1
"Provoost A.L.",1
"PRTORIC A",1
"PRUC M",1
"Prüfer K.",1
"PRUIJSSEN JT",1
"PRÜSS-ÜSTÜN AM",1
"PRUVO JP",1
"Pryde M.C.",1
"PRYDE MC",1
"PRYOR JL",1
"PRYOR R",1
"PRZELASKOWSKI A",1
"Przybyła M.",1
"PRZYKLENK K",1
"PSATY BM",1
"PSIMARAS D",1
"Psistaki K.",1
"PSYCHOGIOS M",1
"Psychogios M.",1
"Pu J.",1
"PU K",1
"Pu L.",1
"PU Q",1
"Pu Y.T.",1
"PUANGTHONGTHUB S",1
"PUCCI G",1
"PUCCIO AM",1
"Puchongmart C.",1
"Puckett O.K.",1
"PUCKETT OK",1
"PUCYLO S",1
"PUDLO R",1
"Puetpaiboon S.",1
"PUETZ V",1
"PUEYO-SÁNCHEZ MJ",1
"Puga-Bonilla M.",1
"PUGLIATTI M",1
"PUIA-DUMITRESCU M",1
"PUIG-BARBERA J",1
"PUIG MMC",1
"Puig O.",1
"PUISSANT M",1
"Puissant M.",1
"PUJADAS F",1
"PUJANTE J",1
"Pujante J.",1
"PUJARI VS",1
"PUJOL S",1
"PUJOL V",1
"PUL R",1
"PULA M",1
"Pula M.",1
"PULIDO D",1
"PULLI B",1
"PULLINGER SA",1
"PULSIFER M",1
"PUN VC",1
"Puneeth S.P.",1
"Punia S.",1
"PUNIKHOM P",1
"Punsompong P.",1
"Puntenney-Desmond K.C.",1
"PUNZO B",1
"PUOANE T",1
"PUONTI O",1
"PURA F",1
"Purdy K.",1
"Purewal J.K.",1
"PUREWAL JK",1
"PURICEL S",1
"PURKIS TT",1
"PURNELL TS",1
"Purnomo H.",1
"PURRUCKER JC",1
"PURUSHOTHAM A",1
"Purushotham A.",1
"Purushothaman A.K.",1
"PURUSHOTHAMAN B",1
"Puškár M.",1
"PUSTOVIT RV",1
"PUTENSEN C",1
"Puthani P.",1
"PUTNIK S",1
"Putra A.E.E.",1
"Putri A.S.A.",1
"PUTZER G",1
"PUY L",1
"PUYMIRAT E",1
"PUZ P",1
"PYAKUREL U",1
"Pyakurel U.",1
"PYNN H",1
"PYTEL P",1
"QADIR MA",1
"Qador A.",1
"Qadri S.",1
"Qaryouti D.",1
"Qasemian A.",1
"QASRAWI R",1
"Qasrawi R.",1
"Qassim A.I.",1
"QAZI O",1
"QAZI S",1
"Qazi S.",1
"QDAIH I",1
"Qenawy M.",1
"QI B",1
"Qi F.",1
"QI H",1
"QI K",1
"Qi L.W.",1
"QI LW",1
"Qi M.",1
"QI S",1
"Qi X.Z.",1
"Qi Y.",1
"QIAN B",1
"QIAN BZ",1
"QIAN C",1
"QIAN D",1
"QIAN E",1
"Qian E.",1
"QIAN H",1
"Qian L.",1
"Qian N.",1
"QIAN SE",1
"QIAN T",1
"Qian X.",1
"Qian Y.C.",1
"Qian Z.",1
"QIANG P",1
"QIANG T",1
"QIANG W",1
"Qiao B.",1
"Qiao J.",1
"QIAO L",1
"Qiao W.",1
"Qiao Y.",1
"QIE G",1
"Qie X.",1
"QIN D",1
"Qin D.",1
"Qin G.",1
"Qin H.",1
"QIN J",1
"QIN JX",1
"QIN JY",1
"QIN L",1
"Qin M.",1
"QIN R",1
"Qin S.",1
"Qin W.",1
"Qin X.",1
"Qin X.J.",1
"Qin X.s.",1
"QIN XJ",1
"QIN YH",1
"Qing-Qing P.",1
"Qing-Wei L.",1
"QING F",1
"QING S",1
"Qingwei G.",1
"QIU G",1
"Qiu G.",1
"Qiu J.H.",1
"QIU L",1
"Qiu M.",1
"Qiu Y.",1
"Qiu Y.L.",1
"QU A",1
"Qu C.",1
"QU F",1
"QU G",1
"QU H",1
"Qu J.Z.",1
"QU L",1
"Qu L.",1
"Qu M.",1
"QU X",1
"Qu X.",1
"Qu X.R.",1
"QU XR",1
"Qu Y.",1
"QU YH",1
"QUAN A",1
"Quan G.Z.",1
"QUAN J",1
"QUAN T",1
"QUAN X",1
"QUAN XQ",1
"QUANDT F",1
"QUANDT SA",1
"QUANTIN C",1
"QUARTUCCIO M",1
"QUAZI SH",1
"QUE H",1
"QUE W",1
"QUEIROZ ACC",1
"QUEK H",1
"Quentin L.",1
"QUESADA C",1
"QUETTING M",1
"QUIDEAU S",1
"QUIG N",1
"QUIJANO-RUIZ A",1
"QUINN A",1
"QUINN JW",1
"QUINN TJ",1
"QUINSEY C",1
"QUINTANA-PÉREZ JC",1
"Quintana Ayala J.J.",1
"QUINTANA PJE",1
"QUINTERO-PEÑA C",1
"QUINTON T",1
"Quirante K.A.M.",1
"QUIST A",1
"QUIWA K",1
"Quoilin M.M.J.",1
"Quraishy M.S.",1
"QURESHI AI",1
"QURESHI H",1
"Quyet N.H.",1
"QUYYUMI AA",1
"R MACLEOD M",1
"R PAMEIJER C",1
"R PARIKH R",1
"R T",1
"RAABE A",1
"RAABE M",1
"RAAKE PWJ",1
"RABAROVA D",1
"Rabb N.",1
"RABBI F",1
"RABBY MI",1
"RABIEI K",1
"RABIEN S",1
"Rabien S.",1
"Rabin A.S.",1
"RABIN AS",1
"RABIN E",1
"RABINOVICI GD",1
"RABINSTEIN A",1
"RABINSTEIN AA",1
"RABIU M",1
"Rabotin A.",1
"RABUT C",1
"Rabut C.",1
"Racca Velásquez F.",1
"RACHAMALLA M",1
"Rachid J.J.R.",1
"Rachmadi M.F.",1
"RACHMADI MF",1
"Rachmat O.",1
"Racinais S.",1
"RACO A",1
"RACZ FS",1
"RADAKOVIC D",1
"RADBRUCH A",1
"RADERMACHER P",1
"Radford A.",1
"Radhachandran A.",1
"RADHAKRISHNAN R",1
"RADISAUSKAS R",1
"RADMER JENSEN M",1
"RADOJEWSKI P",1
"Radojewski P.",1
"RADOMSKI M",1
"RADULESCU B",1
"Ráduly A.P.",1
"Radünz M.",1
"Radziejowska M.",1
"RAEIS H",1
"Raffin E.",1
"RAFI Z",1
"RAFTIS J",1
"RAGAN DK",1
"Raghavendra U.",1
"RAGHURAM K",1
"Ragin K.",1
"Ragitha R.G.",1
"Ragno M.",1
"RAGUENES D",1
"RAGUŽ M",1
"Rah A.",1
"RAHBAR MH",1
"Raheem A.",1
"RAHELIĆ D",1
"RAHI AA",1
"RAHIMI-ARDABILI H",1
"Rahimi‐ardabili H.",1
"RAHIMI K",1
"Rahimi R.",1
"RAHIMINEJAD M",1
"Rahman A.",1
"Rahman A.U.",1
"RAHMAN AKMF",1
"RAHMAN HH",1
"RAHMAN I",1
"Rahman M.S.",1
"Rahman M.Z.U.",1
"RAHMAN MA",1
"RAHMAN S",1
"Rahman Z.U.",1
"Rahmandhika A.",1
"Rahmani F.",1
"RAHMANI R",1
"RAHMATI M",1
"RAHOUMA M",1
"Rahul Chiranjeevi V.",1
"RAHUT DB",1
"RAI A",1
"RAI AT",1
"RAI M",1
"Rai M.",1
"RAI P",1
"RAIHANI A",1
"RAIKHELKAR JK",1
"Raimbeau A.",1
"RAIMONDO A",1
"RAINA M",1
"Raina M.",1
"RAINA P",1
"RAINA SK",1
"RAINGEARD I",1
"Rainone C.",1
"RAJ AKD",1
"Raj O.G.R.",1
"RAJ RAJJ",1
"RAJ TS",1
"Raja M.S.M.S.",1
"RAJA MB",1
"RAJA P",1
"RAJA T",1
"RAJAB AM",1
"RAJAB M",1
"RAJAGOPALAN T",1
"Rajagukguk J.R.",1
"RAJAJEE V",1
"Rajajee V.",1
"RAJAK U",1
"RAJAN KB",1
"Rajana K.",1
"RAJAPAKSE JC",1
"RAJAPAKSHE I",1
"RAJARAM MANOHARAN SVR",1
"Rajasegar R.",1
"Rajasekar R.",1
"RAJASUNDARAM S",1
"Rajeesh S.",1
"Rajesh S.P.",1
"RAJESWARAN J",1
"RAJESWARI D",1
"RAJESWARI J",1
"Rajeswari J.",1
"RAJI H",1
"RAJKOVIC J",1
"RAJKUMAR RP",1
"RAJLIC S",1
"RAJMOHAN R",1
"Rajmohan R.",1
"Rajpurohit A.",1
"RAJPUT F",1
"RAJPUT M",1
"Rajput O.",1
"RAJU AKV",1
"Raju F.",1
"RAJZER M",1
"RAKERS F",1
"RAKHIMOV K",1
"RAKOBOWCHUK M",1
"Rakotoniaina J.P.",1
"Rakshna K.B.",1
"Rakun A.D.U.",1
"RALSTON A",1
"RAM A",1
"Ram Deepak Akella S.",1
"Ram S.",1
"Rama Rao T.",1
"Ramadan G.",1
"Ramaiah V.K.",1
"RAMAK R",1
"Ramakrishna B.",1
"Ramakrishna K.",1
"RAMAKRISHNAN R",1
"Ramalingam S.",1
"RAMAMOORTHY S",1
"RAMAN-NAIR J",1
"Raman J.",1
"Raman R.",1
"Raman V.",1
"RAMANAN B",1
"Ramananda S.H.",1
"RAMANANDA SH",1
"Ramanathan P.",1
"Ramani B.",1
"RAMANI M",1
"RAMASAWMY R",1
"Ramdani W.F.",1
"RAMENGHI LA",1
"Ramesh",1
"RAMESH A",1
"Ramesh C.",1
"Ramesh J.",1
"Ramesh P.",1
"RAMESHKUMAR KA",1
"RAMIREZ-CUAPIO FL",1
"Ramírez-Moreno J.M.",1
"RAMÍREZ-MORENO JM",1
"RAMIREZ J",1
"Rämmal H.",1
"RAMOS-BRATOS MP",1
"RAMOS-PACHÓN A",1
"RAMOS R",1
"RAMOS RC",1
"RAMPRASAD R",1
"RAMROTH J",1
"Ramteke S.M.",1
"Ramya T.",1
"RAMYARANGSI P",1
"Ran E.",1
"Ran H.",1
"Ran J.",1
"Ran K.R.",1
"RAN L",1
"Ran L.",1
"Ran S.",1
"RANA JS",1
"RANA R",1
"Ranadive N.",1
"RANASINGHE T",1
"Ranavolo A.",1
"RANAWAKA UK",1
"RANCĀNS K",1
"RANDELL C",1
"RANDLES A",1
"RANDO OJ",1
"RANDRIAMBOAVONJY V",1
"Rane Levendovszky S.",1
"RANETTI AE",1
"RANGAMANI S",1
"RANGANAI E",1
"RANI A",1
"Rani N.S.",1
"Ranjan A.",1
"RANJAN R",1
"RANJAN S",1
"RANJBAR K",1
"Ranjbar K.",1
"RANJINI NJ",1
"Ranjit P.S.",1
"Ranjitha P.",1
"RANSON JM",1
"RANTAKOKKO P",1
"RANTANEN LM",1
"RANZAN J",1
"RAO A",1
"RAO AS",1
"Rao B.J.",1
"RAO BN",1
"RAO D",1
"Rao D.",1
"Rao J.",1
"Rao K.V.",1
"Rao L.T.",1
"RAO OS",1
"Rao P.",1
"Rao P.V.",1
"Rao S.",1
"Rao X.",1
"RAO Z",1
"RAOUFI M",1
"RAPALINO O",1
"Rapeti D.",1
"Raponi M.",1
"RAPOSEIRAS-ROUBÍN S",1
"RAPP KS",1
"Raps H.",1
"RASHEDI S",1
"RASHEDI V",1
"RASHID H",1
"RASHIDI R",1
"Rashkani F.H.",1
"RASHKI GHALENOO S",1
"RASING A",1
"Rasing A.",1
"RASKETT C",1
"RASMUSSEN M",1
"RASMUSSEN TE",1
"RASOAL D",1
"RASRAS M",1
"Rass V.",1
"RASTENYTE D",1
"Rastogi A.K.",1
"RASTOGI AK",1
"RASTOGI S",1
"Rastokina T.N.",1
"RASUL R",1
"RASULO F",1
"Ratajczak A.",1
"RATCLIFFE A",1
"Rath G.P.",1
"Rathnayake C.",1
"Rathore F.A.",1
"Rathore S.",1
"RATLIFF J",1
"RATNAVEL N",1
"RATNESWAREN T",1
"Ratneswaren T.",1
"RATSIMBAZAFINDRANAHAKA MN",1
"Rattanathanoo R.",1
"RATTE S",1
"RAUEN P",1
"RAUF S",1
"RAUKAR NP",1
"RAUNIG JM",1
"RAUS M",1
"RAUSCHENBACH L",1
"RAVAL I",1
"Raven P.B.",1
"RAVENNI G",1
"Ravi Kumar N.",1
"Ravi M.",1
"Ravi S.",1
"RAVI V",1
"RAVIN R",1
"RAVINDRAKUMAR A",1
"RAVINDRAN SL",1
"Raviv D.",1
"RAVLJEN M",1
"Ravljen M.",1
"RAWANDUZY C",1
"RAWAT V",1
"Rawat V.",1
"RAWCLIFFE AJ",1
"Ray B.M.",1
"RAY BK",1
"Ray C.C.",1
"RAY KJ",1
"RAY N",1
"RAY SK",1
"RAYA-CRUZ M",1
"RAYAN M",1
"RAYBUCK JD",1
"RAYMACKERS JM",1
"RAYMOND J",1
"Raz E.",1
"Raza A.",1
"RAZA M",1
"RAZA MS",1
"Raza S.",1
"RAZA W",1
"Raza W.",1
"RAZAQI N",1
"RAZAZAN A",1
"RAZEGHI M",1
"Raziani Y.",1
"RAZIEH C",1
"Razieh C.",1
"RAZIO B",1
"RAZMEH S",1
"Razuin R.",1
"RAZZAGHI A",1
"Razzaghi A.",1
"RAZZAGHI S",1
"Razzaghi S.",1
"RAZZAK J",1
"RAZZAQ MT",1
"Razzicchia E.",1
"REARDON C",1
"REATINI MA",1
"REAY VL",1
"REBELLO-SANCHEZ I",1
"RECH MA",1
"RECONDITI M",1
"REDAELLI V",1
"Reddy C.B.",1
"Reddy C.V.B.",1
"Reddy G.V.",1
"Reddy K.G.",1
"Reddy Kalluru P.K.",1
"Reddy M.M.",1
"Reddy N.A.",1
"REDDY NA",1
"Reddy P.K.",1
"REDDY PK",1
"REDDY SY",1
"REDDY U",1
"Reddy V.Y.",1
"REDER S",1
"REDHWAN MAM",1
"REDINI M",1
"REDLICH CA",1
"REDMOND CE",1
"REDMOND KJ",1
"Redon F.",1
"REDZEK A",1
"Redzek A.",1
"REED CA",1
"REED NS",1
"REED S",1
"REEDIJK AMJ",1
"Reehana S.K.",1
"REEHANA SK",1
"Rees D.C.",1
"REES J",1
"REES JN",1
"Reeve E.H.",1
"REEVE EH",1
"REEVES M",1
"REFSUM H",1
"REGALO SCH",1
"REGIS J",1
"REGISTER-MIHALIK JK",1
"REGLI IB",1
"REGLI L",1
"REGMI S",1
"REHMAN A",1
"REHMAN E",1
"Rehman F.U.",1
"Rehman S.",1
"REICHART A",1
"Reichart G.",1
"Reichler S.J.",1
"REICHLER SJ",1
"REICHLIN T",1
"REICHMANN H",1
"REID C",1
"REID L",1
"Reid M.B.",1
"REIDENBERG JS",1
"REIDLER P",1
"REIMER R",1
"REINACHER PC",1
"REINER Ž",1
"Reiner Ž.",1
"REINHARD M",1
"REINHOLDSSON M",1
"REININK H",1
"REINKENSMEYER D",1
"REIS MAIA R",1
"REIS S",1
"Reis S.B.",1
"REIS TJ",1
"REISINGER EC",1
"REISS J",1
"REIßMANN B",1
"REISTETTER TA",1
"REITER E",1
"Reiter E.",1
"REITMAN A",1
"REKHA NARRA L",1
"REKIK I",1
"Remesh Kumar R.",1
"REMY-NERIS O",1
"REMZSŐ G",1
"REN B",1
"Ren C.",1
"Ren F.",1
"REN G",1
"Ren G.",1
"Ren H.",1
"Ren J.",1
"Ren J.X.",1
"REN K",1
"REN KF",1
"REN LJ",1
"REN M",1
"Ren N.",1
"REN P",1
"REN W",1
"Ren X.",1
"Renani F.A.",1
"RENARD F",1
"RENARD R",1
"Renaudin N.",1
"RENDA N",1
"RENDU J",1
"Renganathan M.",1
"RENNA M",1
"RENNER AT",1
"RENSON A",1
"Rentería L.I.",1
"RENTERÍA LI",1
"REPETTO R",1
"REQUIA W",1
"RESCH S",1
"RESE T",1
"Reséndiz G.P.",1
"RESSA G",1
"RESSLER A",1
"RESTREPO-BECERRA AD",1
"RESTREPO G",1
"Retzer U.",1
"REUBEN A",1
"Reuss D.L.",1
"Reutov V.P.",1
"Reutovich M.Y.",1
"Revich B.",1
"REVILLA AM",1
"Revishvili A.S.",1
"REXRODE K",1
"REY-BRANDARIZ J",1
"REY-MARTINEZ J",1
"Rey J.R.",1
"Reyes-Corral M.",1
"Reyes-Illg G.",1
"Reyes-Illg G.A.",1
"REYES-SOTELO B",1
"Reyes del Paso G.A.",1
"REYES DEL PASO GA",1
"REYES M",1
"Reyes M.S.S.",1
"REYMOND P",1
"REYNOLDS C",1
"REYNOLDS HR",1
"REYNOLDS K",1
"Rezaee M.",1
"REZAEE R",1
"Rezaei R.A.",1
"REZK M",1
"Rezk M.",1
"RHEE CM",1
"RHEE J",1
"Rhee T.M.",1
"RHEE TM",1
"Rhim J.K.",1
"RHIM JK",1
"Rhinehart Z.J.",1
"RHINEHART ZJ",1
"RHODEHOUSE B",1
"RHODES JD",1
"RHODES S",1
"RHYNO EM",1
"Riabova S.A.",1
"RIAHI E",1
"RIAZ A",1
"RIBA-LLENA I",1
"RIBBENSTEDT A",1
"RIBEIRO AG",1
"RIBEIRO ALP",1
"Ribeiro L.W.",1
"RIBEIRO PW",1
"RICARD D",1
"Ricci F.",1
"RICCIARDI W",1
"RICCÒ M",1
"Riccò M.",1
"RICE MB",1
"RICH-EDWARDS JW",1
"RICHARD A",1
"Richard A.E.",1
"Richard N.A.",1
"RICHARD S",1
"RICHARDS BJ",1
"RICHARDS E",1
"RICHARDS EA",1
"RICHARDS J",1
"RICHARDSON A",1
"RICHARDSON AJ",1
"RICHARDSON KL",1
"RICHARDSON MT",1
"RICHARDSON T",1
"RICHARDSON TD",1
"Richerson W.T.",1
"RICHMOND MJ",1
"RICHTER-LASKOWSKA M",1
"RICHTER D",1
"RICHTER M",1
"RICKARD S",1
"RICOLFI F",1
"Riddle E.J.",1
"RIDING N",1
"RIDKER PM",1
"Ridwan H.",1
"RIEDERER I",1
"RIEMER S",1
"RIERA-LÓPEZ N",1
"Riera-López N.",1
"RIESGO RDS",1
"RIESS JG",1
"Riew T.R.",1
"RIFAI M",1
"RIGAMONTI D",1
"RIGHINI M",1
"RIGHTON D",1
"Rigollet S.",1
"RIGON L",1
"RIGON P",1
"RIGOTTI J",1
"RIGUAL R",1
"Rigual R.",1
"RIJKEN M",1
"RIKER RR",1
"RIKHRAJ K",1
"RIKHRAJ KJK",1
"RIKLIN RAVIV T",1
"RILEY JD",1
"RILEY L",1
"RILLIG A",1
"RIM J",1
"ŘÍMANOVÁ V",1
"RIMAZ S",1
"RIMEHAUG SA",1
"RIMM E",1
"RIMON A",1
"Rimša V.",1
"Ringe Y.U.",1
"RINGEL F",1
"RINGMAIER C",1
"Ringuette D.",1
"Ringwald A.",1
"RINKEL GJE",1
"RÍOS-BRACAMONTES EF",1
"Ríos-González B.E.",1
"RÍOS-SILVA M",1
"RÍOS-TOUMA B",1
"RIOS M",1
"RIOUX J",1
"Riphagen S.",1
"RIPPON B",1
"Risberg P.",1
"RISKIN A",1
"RISS CS",1
"RISSARDO JP",1
"RISSMAN RA",1
"Rist L.",1
"Ristić N.",1
"RITCHIE EA",1
"RITCHIE P",1
"Rittblat M.",1
"RITTER J",1
"RITTSCHOF D",1
"RITZ B",1
"RIVAS-TUMANYAN S",1
"RIVAS DD",1
"Rivas E.",1
"Rivera-Brown A.M.",1
"RIVERA-BROWN AM",1
"Rivera-Caravaca J.M.",1
"Rivera-Rivera L.A.",1
"RIVERA-RIVERA LA",1
"RIVERA-TORREJÓN O",1
"RIVERA A",1
"RIVERA B",1
"RIVERA R",1
"RIVERO-RODRIGUEZ JF",1
"RIVEROS-RUIZ J",1
"Rivier C.A.",1
"Riyanta B.",1
"RIZA AL",1
"RIZK C",1
"Rizvi A.",1
"Rizvi S.F.J.",1
"RIZWAN M",1
"RIZWAN R",1
"Rizwee M.",1
"RIZZI N",1
"RIZZO C",1
"ROA MONTERO AM",1
"Roach J.",1
"ROAN JN",1
"ROBAKOWSKI J",1
"Robba C.",1
"Robbe M.M.Q.",1
"ROBBE MMQ",1
"ROBBERSTAD B",1
"ROBELOT L",1
"ROBERTS AP",1
"ROBERTS BM",1
"ROBERTS DE",1
"ROBERTS G",1
"Roberts G.S.",1
"ROBERTS J",1
"ROBERTSHAW H",1
"Robertshaw H.",1
"ROBERTSON J",1
"ROBERTSSON J",1
"ROBICHAUD A",1
"ROBICHAUX C",1
"ROBIN J",1
"ROBINSON LF",1
"ROBINSON MR",1
"ROBINSON P",1
"ROBINSON S",1
"ROBINSON SD",1
"ROBINSON T",1
"Robles L.A.",1
"ROBLES LA",1
"ROBSON MD",1
"ROBSON SC",1
"ROBU M",1
"Robu M.",1
"ROCA-BARCELÓ A",1
"Roca-Barceló A.",1
"ROCA-GUERRERO C",1
"ROCCA B",1
"ROCCHI D",1
"ROCHA-FERREIRA E",1
"ROCHA HNM",1
"Rocha I.I.",1
"ROCHA II",1
"ROCHA JL",1
"Rocha Piedade S.",1
"ROCHA VO",1
"ROCHAS L",1
"Rochemont D.R.",1
"Roçi E.",1
"ROD MH",1
"RODA GF",1
"RODDATE M",1
"RODGERS G",1
"RODGERS J",1
"Rodinò S.",1
"RODINS V",1
"Rodins V.",1
"RODRIGUES DP",1
"RODRIGUES FPM",1
"RODRIGUES GD",1
"RODRIGUES JCL",1
"Rodrigues P.F.",1
"RODRIGUES PF",1
"RODRÍGUEZ-ARTALEJO F",1
"RODRIGUEZ-CAMPELLO A",1
"RODRÍGUEZ-DE LA ROSA L",1
"Rodriguez-Granillo G.A.",1
"RODRIGUEZ-GRANILLO G.A.",1
"RODRIGUEZ-GRANILLO GA",1
"RODRIGUEZ-ITURBE B",1
"RODRIGUEZ-JIMENEZ S",1
"RODRIGUEZ-LUNA D",1
"RODRÍGUEZ-MAQUEDA E",1
"RODRIGUEZ-MERCADO R",1
"RODRÍGUEZ-SOTO AE",1
"RODRÍGUEZ-YÁÑEZ S",1
"RODRIGUEZ A",1
"RODRIGUEZ BL",1
"RODRIGUEZ BLANCO G",1
"Rodríguez C.G.",1
"Rodriguez C.R.B.",1
"RODRIGUEZ CJ",1
"Rodriguez De Vecchis P.",1
"RODRIGUEZ DP",1
"RODRIGUEZ E",1
"RODRÍGUEZ E",1
"Rodriguez Hernandez K.E.",1
"RODRÍGUEZ LOSADA O",1
"Roeder H.J.",1
"ROEDER HJ",1
"ROELZ R",1
"ROEMMICH RT",1
"ROEVER L",1
"Rogalsky C.",1
"ROGAWSKI R",1
"Roger Chen Y.H.",1
"ROGER CHEN YH",1
"ROGER V",1
"ROGERS CR",1
"ROGERS K",1
"ROGERS ML",1
"ROGERS P",1
"ROGERS WK",1
"ROGERSON L",1
"ROGERSON S",1
"Rogerson S.",1
"Roghan H.B.",1
"Rögnvaldsson K.G.",1
"ROH D",1
"Roh D.J.",1
"ROH HG",1
"ROHATGI A",1
"ROHDE G",1
"ROHDE S",1
"ROHDE V",1
"ROHILLA P",1
"ROHJ S",1
"ROHLOVA E",1
"ROHN MCH",1
"ROHR E",1
"ROHRBACH S",1
"ROHREN EM",1
"RÖHRER S",1
"ROHWEDDER K",1
"ROIZ-DE-SA D",1
"ROJANO R",1
"ROJAS-VALVERDE D",1
"Rojas-Valverde D.",1
"ROJAS R",1
"ROJCZYK M",1
"ROJEK M",1
"Rokhade R.",1
"ROLDAN-VALADEZ E",1
"ROLLAN RE",1
"ROLLO I",1
"ROLSTADAAS L",1
"Romagna D.V.",1
"Roman-Pognuz E.",1
"ROMAN F",1
"ROMANELLO D",1
"ROMANELLO M",1
"ROMANITAN M",1
"Romano A.",1
"ROMANO C",1
"Romano C.",1
"ROMANO MR",1
"ROMANTSIK O",1
"Romas K.",1
"ROMEIKO XX",1
"ROMEIRO DA SILVA AC",1
"ROMERO-AVILA JL",1
"ROMERO-CABRERA JL",1
"Romero J.R.",1
"ROMERO JR",1
"ROMERO LS",1
"ROMERO S",1
"ROMINE W",1
"ROMINE WM",1
"ROMOLI M",1
"Ronaldson A.",1
"Ronaldson P.T.",1
"RONCAL-JIMENEZ C",1
"RONCHETTI M",1
"RONDEL J",1
"RONDINONE BM",1
"Rong-Lin C.",1
"Rong K.",1
"RONG X",1
"RONG Y",1
"RONG Z",1
"Rony M.K.K.",1
"RONZONI S",1
"Rooke J.",1
"ROOKS Y",1
"ROOMANEY RA",1
"ROONGSANGMANOON W",1
"ROOS Y",1
"ROOS YBWEM",1
"Roostaei V.",1
"Roper C.",1
"ROPONEN M",1
"RORDEN C",1
"ROS NAVARRET R",1
"ROSA NR",1
"ROSAHL S",1
"Rosahl S.C.",1
"ROSAHL SC",1
"ROSALES J",1
"ROSAMOND WD",1
"ROSANO A",1
"ROSARIO ER",1
"ROSARIO M",1
"ROSATI G",1
"Roscoe C.",1
"Rosdi S.M.",1
"ROSE CC",1
"ROSE S",1
"ROSELLA LC",1
"ROSELLI EE",1
"ROSEMANN T",1
"ROSENBAUM D",1
"ROSENBECH K",1
"Rosenbech K.",1
"ROSENBECH KE",1
"ROSENBERG DS",1
"ROSENBERG H",1
"Rosenblatt K.",1
"ROSENDE A",1
"ROSENFELD JA",1
"ROSENGART TK",1
"Rosenkrantz A.B.",1
"ROSENKRANZ M",1
"Roshan G.R.",1
"Roslan M.F.",1
"ROSS AN",1
"ROSS B",1
"ROSS HJ",1
"ROSS J",1
"Rossel M.",1
"Rossello X.",1
"ROSSETTI AO",1
"Rossi P.",1
"ROSSI PG",1
"ROSSI R",1
"ROSSING P",1
"ROSSINI M",1
"ROSSINI PM",1
"RÖSSLER A",1
"Rößler A.",1
"ROSSO AL",1
"ROSSO C",1
"ROSSO M",1
"ROSTAMI E",1
"Rostevanov I.S.",1
"ROSTEVANOV IS",1
"ROSTOFF P",1
"Roswall N.",1
"ROSZKOWSKA S",1
"ROTEN L",1
"ROTH DL",1
"Roth G.A.",1
"ROTH GA",1
"ROTH S",1
"ROTHBARD S",1
"ROTHENBERGER SM",1
"Rothrock B.",1
"ROTHSTEIN A",1
"Rothstein E.",1
"ROTHWELL PM",1
"Rotim A.",1
"Rotkopf L.T.",1
"ROTUNNO S",1
"ROUACH S",1
"Roudi F.",1
"ROUF RR",1
"ROUHL RPW",1
"ROUMES H",1
"ROUSH K",1
"Roush K.",1
"Roussel M.",1
"Rout A.K.",1
"Rout L.",1
"Routkevitch D.",1
"ROUX-BUISSON N",1
"ROUX E",1
"ROUZIER V",1
"ROVAS G",1
"Rove J.Y.",1
"ROVE JY",1
"ROVEDA L",1
"Rovira J.",1
"Rovira M.",1
"Rowe J.W.",1
"ROWE S",1
"ROWETT S",1
"ROWLAND JA",1
"Rowland S.T.",1
"ROWLAND ST",1
"ROWLAND T",1
"ROWLANDS AV",1
"Roxburgh B.H.",1
"ROXBURGH BH",1
"ROY HK",1
"ROY I",1
"Roy N.",1
"ROY P",1
"ROY PK",1
"ROYEA J",1
"Royea J.",1
"ROYO M",1
"RÖYTER B",1
"Röyter B.",1
"ROZANSKI EA",1
"ROZEMULLER AJM",1
"RU H",1
"RU S",1
"RUA M",1
"RUAN H",1
"RUAN J",1
"Ruan J.",1
"Ruan M.",1
"RUAN S",1
"Ruan S.",1
"Ruan T.",1
"RUAN W",1
"RUAN X",1
"RUAN Y",1
"RUANO-RAVINA A",1
"RUBENS D",1
"RUBIN B",1
"RUBIN LP",1
"Rubio J.S.E.",1
"RUBIRA CJ",1
"Rublee C.",1
"RUBY B",1
"RÜCKEL J",1
"Rudd J.L.",1
"RUDD JL",1
"Ruddy J.",1
"RUDEK MA",1
"RUDENKO MY",1
"RUDI STRICKLER J",1
"RUDIN S",1
"Rudroff T.",1
"Ruesch A.",1
"RÜGAMER D",1
"Ruge M.",1
"Ruggieri F.",1
"RUGGIERO D",1
"RUGGLES A",1
"Ruggles A.",1
"RUHATO BANGUTI P",1
"RUHNKE T",1
"RUI F",1
"Rui M.L.J.",1
"RUI W",1
"RUIJS S",1
"RUIZ-ALCARAZ AJ",1
"RUIZ-MOLINA D",1
"RUIZ-NAVARRO JJ",1
"RUIZ-PÁEZ R",1
"RUIZ-TAGLE A",1
"RUIZ LH",1
"RUJUMBA J",1
"RUKH G",1
"RUKSAKULPIWAT S",1
"Ruksakulpiwat S.",1
"RULA EY",1
"RULL RP",1
"RUMBOLDT Z",1
"RUMI F",1
"RUMPLER R",1
"RUNDLE A",1
"Rundle A.G.",1
"RÜNDVA M",1
"RUPP J",1
"RUPPRECHT HJ",1
"RUSCH E",1
"RUSCHEL R",1
"RUSCICA M",1
"RUSH J",1
"Rusinkevich V.",1
"RUSSELL-BUCKLAND J",1
"RUSSELL JL",1
"RUSSELL K",1
"RUSSELL SL",1
"RUSSIN J",1
"RUSSIN JJ",1
"Russin N.H.",1
"RUSSO AC",1
"RUSSO AG",1
"RUSSO AM",1
"RUSSO C",1
"Russo C.",1
"Russo J.J.",1
"Rustam I.",1
"RUSTAMOV J",1
"RUSTAMOV Z",1
"Rustia A.J.",1
"RUSTIA AJ",1
"RUSYDI MI",1
"RUTTEN M",1
"RÜTTIMANN L",1
"Rüttimann L.",1
"RUŽIĆ A",1
"RUZICKA M",1
"RYAN A",1
"RYAN D",1
"Ryan D.J.",1
"RYAN I",1
"RYAN J",1
"Ryan Murphy J.",1
"RYAN TE",1
"Rybakov D.S.",1
"RYBICKI W",1
"RYBKINA V",1
"RYCHEN J",1
"Rydzewska-Rosołowska A.",1
"RYKOV VA",1
"RYLANDER C",1
"RYLSKI B",1
"RYMER JA",1
"RYOO HW",1
"RYSKIN R",1
"Ryskin R.",1
"RYU HH",1
"Ryu J.",1
"Ryu J.H.",1
"RYU KH",1
"Rzayev A.H.",1
"RZHETSKY A",1
"RZHEVSKY D",1
"S A",1
"S K.",1
"S M.K.",1
"S P",1
"S P.",1
"SÁ MP",1
"SÁ TH",1
"Saa J.P.",1
"SAAD F",1
"Saad M.",1
"SAADANI-MAKKI F",1
"Saadani-Makki F.",1
"SAADAT A",1
"Saadat A.",1
"SAADPRAI S",1
"Saba L.",1
"Sabal B.",1
"SABATH B",1
"SABATH BM",1
"SABATINO L",1
"SABEL BA",1
"Saberzadeh-Ardestani B.",1
"SABIR D",1
"SABOO B",1
"SABOUNCHI R",1
"Sabourdin N.",1
"SABRA A",1
"Sabrin S.",1
"Sabut S.",1
"SABY C",1
"SACCO RM",1
"Sacco S.",1
"SACCOMANNO N",1
"Saccone G.",1
"SACHA A",1
"SACHDEVA N",1
"Sachdeva S.",1
"SACHE A",1
"Sachett J.",1
"SACHS BC",1
"SACK C",1
"SACZYNSKI J",1
"SADAF T",1
"Sadan O.",1
"SADANAGA T",1
"SADASHIMA E",1
"Sadashivanavar V.",1
"SADASIVAN C",1
"SADATI SMH",1
"SADATO N",1
"SADEGHI A",1
"SADEGHIMOGHADDAM A",1
"Sadeghimoghaddam A.",1
"SADEGHIPOUR P",1
"Sadheesh S.",1
"SADIKEEN A",1
"SADIKI A",1
"Sadikov A.",1
"Sadiq Y R.",1
"SADLER R",1
"Sadler R.",1
"SADLER RC",1
"SADOVNIKOVA IS",1
"SADOWSKI J",1
"Sadozi Z.R.",1
"Saeed A.",1
"Saeed F.",1
"SAEED L",1
"Saelee L.",1
"SÆMUNDSSON B",1
"Saengsrichan A.",1
"SAES M",1
"SÁEZ C",1
"SAFADI MAP",1
"SAFADY J",1
"SAFAEI KOUCHAKSARAEI E",1
"Safaei Kouchaksaraei E.",1
"Safari Z.",1
"Safarova L.L.",1
"SAFFER MI",1
"SAFFORD M",1
"SAFFWAN M",1
"SAFIRI S",1
"Safitri I.D.",1
"Safo-Adu G.",1
"Safri A.A.",1
"Safronov A.N.",1
"Sagar K.V.",1
"Sagaya Raj G.",1
"Sağer S.G.",1
"Sagiraju H.K.R.",1
"Sagishima K.",1
"SAGIV S",1
"SAGLAM H",1
"SAGRIS M",1
"SAGUI E",1
"SAH S",1
"SAHA B",1
"Saha D.",1
"Saha P.S.",1
"SAHA PS",1
"Saha R.",1
"SAHA S",1
"SAHA V",1
"SAHARAN S",1
"SAHGAL A",1
"Sahib S.",1
"ŞAHIN M",1
"Sahle Adeba T.",1
"SAHOO DK",1
"Sahoo K.S.S.",1
"Sahoo M.",1
"SAHOO N",1
"SAHOO SK",1
"SAHU A",1
"Sahu A.",1
"Sahu S.",1
"Sahu S.K.",1
"Sai-Aroon K.",1
"Sai Venkata Sarath Chandra N.",1
"SAID A",1
"Said F.",1
"SAID KB",1
"Said R.R.",1
"SAID S",1
"SAIDOV SK",1
"SAIFULLAH M",1
"Saikia M.",1
"Saikia P.J.",1
"Saikrishna P.",1
"SAIKUMAR A",1
"SAILLANT MM",1
"Saini A.S.",1
"SAINI AS",1
"SAINI G",1
"Saini P.",1
"Saini S.S.",1
"SAINZ M",1
"SAIT S",1
"SAITO A",1
"Saito A.",1
"SAITO H",1
"Saito K.",1
"Saito S.",1
"Saito Y.",1
"Saitoh Y.",1
"SAJADIEH A",1
"Sajan J.",1
"SAJATOVIC M",1
"SAJID MU",1
"SAJID S",1
"SAJITHA TA",1
"SAJJA K",1
"SAJJAD M",1
"Sajjad Z.",1
"Saju S.",1
"SAKAI E",1
"SAKAI K",1
"SAKAI N",1
"SAKAI T",1
"SAKAI Y",1
"SAKAMOTO KQ",1
"SAKAMOTO S",1
"Sakamoto Y.",1
"SAKAO N",1
"Sakashita R.",1
"SAKAUE Y",1
"SAKAYAN M",1
"SAKHUJA P",1
"Sakira Parveen A.",1
"SAKKA E",1
"Sakoi T.",1
"SAKUL N",1
"Sakulin R.",1
"SAKUMA H",1
"SAKURAI A",1
"Sakurai A.",1
"SAKURAI M",1
"Sakurai Y.",1
"SALA S",1
"Salah N.M.",1
"SALAHUDDIN B",1
"Salahuddin B.",1
"SALAHUDEEN MS",1
"SALAM A",1
"Salam A.",1
"SALAMA D",1
"SALAMA S",1
"SALAMI A",1
"SALANTI G",1
"Salas R.N.",1
"SALAS RN",1
"Salaudeen M.A.",1
"Salave H.S.",1
"Salazar J.W.",1
"SALAZAR M",1
"SALAZAR R",1
"Salchner M.",1
"SALDANA S",1
"SALDIVA PHN",1
"SALDIVIA GONZÁLEZ M",1
"Saleem M.A.",1
"Saleem M.S.",1
"SALEEM MS",1
"Saleem S.S.",1
"SALEH A",1
"Saleh B.",1
"Saleh J.",1
"Saleh K.",1
"SALEM C",1
"Salerian J.A.",1
"SALERIAN JA",1
"SALERNO PRVO",1
"SALGADO-ALMARIO J",1
"Salgado-Gomes-Sagaz F.",1
"Salgado-Meza P.",1
"Salih E.M.S.",1
"SALIHBEGOVIĆ A",1
"SALIHOVIC S",1
"SALIM HAMMOUD M",1
"SALINAS-MEDINA A",1
"Salinas-Medina A.",1
"SALINAS JA",1
"SALIOU G",1
"SALIS LHA",1
"Salison A.J.P.",1
"SALKIČEVIĆ S",1
"Şallı İ.",1
"SALLINEN H",1
"Sallinen H.",1
"SALLIS HM",1
"SALLÓ Z",1
"SALLUSTIO F",1
"SALLUSTRO M",1
"Salman H.E.",1
"SALMAN M",1
"SALMAN MONTE TC",1
"SALMAN S",1
"Salmaso L.",1
"SALMERON K",1
"Salminen L.E.",1
"SALOM J",1
"SALOMA A",1
"SALOMAA V",1
"SALOMONS GS",1
"SALONER D",1
"SALSBERRY P",1
"SALTARELLI RMF",1
"Saltykova M.M.",1
"SALTZMAN B",1
"SALUJA S",1
"SALUNKE P",1
"Salvador C.",1
"SALVAGNO M",1
"SALVALAGGIO A",1
"SALVAT-PLANA M",1
"SALVATI AC",1
"SALVATI M",1
"Salvato G.",1
"Salvi A.",1
"SALVIONI E",1
"Salwierz P.",1
"Salybekov A.A.",1
"Sam R.",1
"Samad A.",1
"SAMADI S",1
"SAMANCI Y",1
"Samanidis G.",1
"SAMARDZIJA G",1
"Samarkin V.",1
"Sambasivam R.",1
"SAMBHU KM",1
"SAMBLANET K",1
"SAMBOLA A",1
"Sambuughin N.",1
"SAMIAPPAN D",1
"Samimi-Abianeh O.",1
"SAMINATHAN S",1
"Saminathan S.",1
"Samoli E.",1
"SAMOŁYK G",1
"SAMOYLOVA NA",1
"SAMPAIO SILVA G",1
"Sampath V.",1
"SAMPER IC",1
"SAMSON M",1
"SAMSUDIN MN",1
"Samsudin S.D.A.B.",1
"Samudra A.",1
"Samudro M.A.",1
"SAMUEL D",1
"SAMUEL N",1
"SAN LUCIANO M",1
"SANAAT A",1
"Sanabria V.",1
"Sanal Kumar V.R.",1
"Sanami S.",1
"Sanatkhani S.",1
"SANCHES AF",1
"SANCHES E",1
"SÁNCHEZ-ALCARAZ BJ",1
"SANCHEZ-BEZANILLA S",1
"SANCHEZ-CASANOVA J",1
"SÁNCHEZ-CUESTA P",1
"SÁNCHEZ-IGLESIAS AI",1
"Sanchez-Jimenez J.L.",1
"SANCHEZ-JIMENEZ JL",1
"SANCHEZ-LOZADA LG",1
"Sánchez-Olmos L.A.",1
"SANCHEZ-PORRAS R",1
"SÁNCHEZ-SALADO JC",1
"SÁNCHEZ-SEPÚLVEDA MV",1
"SÁNCHEZ-UREÑA B",1
"SANCHEZ B",1
"Sanchez B.",1
"SÁNCHEZ J",1
"SANCHEZ JC",1
"Sanchez L.D.",1
"SANCHEZ LD",1
"SÁNCHEZ PJ",1
"Sanchez Rico M.",1
"Sanchez Y.O.",1
"SANCHIS L",1
"SANDBERG JC",1
"SANDBLOM E",1
"Sandeep Varma P.",1
"SANDER JW",1
"SANDER NH",1
"SANDERS E",1
"SANDERS P",1
"Sanders S.",1
"Sandhi R.S.",1
"SANDHU R",1
"Sandhyarani",1
"SANDLER M",1
"SÁNDOR S",1
"SANDOVAL M",1
"SANDRONI C",1
"SANDRONI P",1
"Sandset E.C.",1
"SANELLI PC",1
"Sanfilippo F.",1
"SANG C",1
"SANG S",1
"SANG Y",1
"SANGEETHA M",1
"Sangeetha M.",1
"SANGHAVI P",1
"Sangi S.",1
"SANGLE S",1
"Sanhita",1
"SANI AM",1
"Sanjay T.",1
"Sanjeevannavar M.B.",1
"SANJEEVANNAVAR MB",1
"Sanjuanelo A.M.M.",1
"SANKAR L",1
"SANMARTIN MX",1
"SANNANANJA B",1
"Sannananja B.",1
"SANNANINGAIAH D",1
"SANNER A",1
"SANNER AP",1
"SANNI TA",1
"SANO H",1
"SANO K",1
"SANO M",1
"Sano M.",1
"SANO Y",1
"SANOH T",1
"SANOSSIAN N",1
"SANS-ROSELLÓ J",1
"Sans Roselló J.",1
"SANS S",1
"SANSANAYUDH N",1
"SANSEVERE AJ",1
"SANSON M",1
"SANT KE",1
"SANTANA DA SILVA D",1
"Santander M.",1
"SANTARNECCHI E",1
"SANTHANAM N",1
"Santhanam N.",1
"Santhosh K.",1
"SANTIAGO-PÉREZ MI",1
"SANTIAGO-RODRÍGUEZ EJ",1
"Santifort K.M.",1
"SANTO T",1
"SANTORELLI A",1
"SANTORO A",1
"Santos-Ribeiro D.",1
"SANTOS CC",1
"SANTOS CP",1
"SANTOS E",1
"SANTOS HP",1
"SANTOS JPND",1
"Santos M.B.",1
"Santos N.V.d.",1
"Santos P.",1
"Santos R.L.",1
"SANTOS RLD",1
"SANTOS RODRÍGUEZ V",1
"Santos T.F.F.",1
"SANTOSH ALEX T",1
"SANTOSO A",1
"Santoso F.",1
"Santoso H.",1
"SANTRA A",1
"SANTUCCI A",1
"SANZ E",1
"SAO P",1
"SAPIENZA M",1
"Sapir G.",1
"Saporito A.F.",1
"SAPP C",1
"Saputra H.",1
"Saputra P.B.T.",1
"Saputra S.",1
"Saputro B.A.",1
"Saqib S.U.",1
"SARACCO B",1
"SARACINO E",1
"SARAÇOĞLU A",1
"SARAÇOĞLU KT",1
"Saraei G.",1
"Saran A.B.",1
"SARAN N",1
"Sarangi A.K.",1
"Saranraj I.",1
"Saranya S.",1
"SARAPUDDIN G",1
"Sarasook J.",1
"Sarathbabu R.T.",1
"SARATHCHANDRAN P",1
"Sarathchandran P.",1
"SARAVANAN CG",1
"SARDÀ SÁNCHEZ M",1
"Sardar G.",1
"SARDAR MB",1
"Sardar S.W.",1
"Sardari M.",1
"SARDU C",1
"SÄRESTÖNIEMI M",1
"Särestöniemi M.",1
"SAREYYUPOGLU B",1
"SARFATI P",1
"Sarfati P.",1
"SARFO FS",1
"SARFO JO",1
"SARGAUTYTE R",1
"SARGENT K",1
"SARHADI K",1
"Sarhan F.M.",1
"SARHAN K",1
"Sari P.A.",1
"SARIPALLI M",1
"Saripalli M.",1
"SARIS AECM",1
"Sarkar A.",1
"SARKAR C",1
"Sarkar M.",1
"SARMANY-SCHULLER I",1
"SÄRNDAHL E",1
"Sarraf B.",1
"SARRAFZADEGAN N",1
"SARRIS CE",1
"SARTOR RB",1
"SARTORETTI-SCHEFER S",1
"SARTORETTI E",1
"SARTORETTI T",1
"SARTORI VALINOTTI JC",1
"SARTRE M",1
"SARWAL A",1
"SARWAR Z",1
"SARWATT DS",1
"Sasa Y.",1
"Sasai F.",1
"SASAJIMA K",1
"Sasajima K.",1
"SASAKI G",1
"SASAKI H",1
"Sasaki H.",1
"Sasaki M.",1
"SASAKI O",1
"SASAKI T",1
"Sasaki Y.",1
"SASAL J",1
"SASANO T",1
"SASAO A",1
"SASIDHARAN A",1
"SASIDHARAN L",1
"Sasmana I.G.A.P.",1
"Sasmita P.K.",1
"SASSE K",1
"SASSER HC",1
"Sassi C.",1
"SASTRY A",1
"Satake Y.",1
"SATAPATHY P",1
"SATHARASINGHE DM",1
"Satheesh Pandian C.S.",1
"Sathesh S.",1
"SATHISH L",1
"Sathish T.",1
"SATHYANARAYANAN S",1
"Sathyanarayanan S.",1
"SATIA I",1
"SATISH A",1
"Satish Kumar S.",1
"SATO A",1
"SATO E",1
"SATO G",1
"Sato H.",1
"SATO I",1
"Sato J.",1
"Sato R.",1
"SATOH K",1
"SATOH S",1
"Satoh T.",1
"SATOMI K",1
"Satpute N.",1
"SATRAGNO C",1
"SATTI S",1
"SAU-MAN IP M",1
"SAU M",1
"Saucedo M.A.",1
"Saucy A.",1
"SAUERBORN R",1
"SAUGEL B",1
"SAUL M",1
"Sauls J.A.",1
"SAUNIK S",1
"SAUTARIELLO G",1
"Sauter C.S.",1
"Sautet A.",1
"SAUVEGRAIN P",1
"Sava Ș.D.",1
"SAVA ȘD",1
"Savangvong P.",1
"Savchenko Y.",1
"SÄVE-SÖDERBERGH M",1
"SAVER JL",1
"SAVI M",1
"SAVINI G",1
"SAVIOLI G",1
"SAVITZ SI",1
"SAVOGIN ANDRAUS G",1
"SAVOIE M",1
"SAVYTSKY I",1
"SAW NEL",1
"Sawada N.",1
"SAWAF T",1
"SAWAHREH M",1
"SAWAN M",1
"SAWANO T",1
"SAWLANI A",1
"SAWYER ME",1
"Saxena A.",1
"Saxena M.R.",1
"SAXHAUG C",1
"SAY A",1
"Sayama K.",1
"SAYANI R",1
"SAYED MA",1
"SAYEED A",1
"Sayem F.R.",1
"SAYERS B",1
"SAYLOR MA",1
"Sayour N.V.",1
"SCAGLIONE A",1
"SCALA M",1
"Scarabelli T.M.",1
"SCARAMELLA J",1
"SCARANI V",1
"SCARCELLA C",1
"SCARCELLA SC",1
"Scarselli A.",1
"Scarsoglio S.",1
"SCHAACK D",1
"SCHAARS CF",1
"SCHACK A",1
"SCHADOW K",1
"Schadt F.",1
"Schaefer H.R.",1
"SCHAEFER JH",1
"SCHAEFER P",1
"SCHAER DJ",1
"SCHAFF HV",1
"SCHAFFELD T",1
"SCHAICH CL",1
"SCHAMBRA HM",1
"SCHANDORF C",1
"SCHARECK C",1
"SCHATTENBERG JM",1
"Schattner A.",1
"SCHAUER T",1
"Schauman S.S.",1
"Scheer C.",1
"SCHEER V",1
"SCHEERENS C",1
"SCHEERS H",1
"Scheers H.",1
"SCHEFFER IE",1
"SCHEFFLER EJ",1
"SCHEICHEL F",1
"SCHEINERMAN SJ",1
"SCHEIWE C",1
"Schelb S.",1
"Schellekens W.",1
"SCHELOSKY LD",1
"SCHELTINGA BL",1
"SCHENONE A",1
"SCHER E",1
"Scher M.S.",1
"SCHERMANN H",1
"Schermann H.",1
"SCHEUERLE A",1
"SCHICK LA",1
"SCHIEFFER KM",1
"SCHIFFER VMMM",1
"Schiffmann N.",1
"SCHIFFNER R",1
"SCHIFITTO G",1
"SCHILLEMANS T",1
"SCHILLING L",1
"Schimelpfenig S.",1
"SCHIMPEL C",1
"SCHINDLER C",1
"SCHINDLER K",1
"SCHIOLER L",1
"SCHIÖTH HB",1
"SCHIPPERIJN J",1
"SCHIRMER CM",1
"SCHIRMER H",1
"SCHJERNING AM",1
"Schlader Z.J.",1
"SCHLADER ZJ",1
"SCHLAGER O",1
"SCHLATTMANN P",1
"SCHLEE W",1
"SCHLEICHER R",1
"SCHLEIN S",1
"SCHLEMPER J",1
"SCHLENK D",1
"SCHLENK M",1
"Schlotte W.",1
"SCHLUCHTER H",1
"SCHLUNDT DG",1
"SCHMEHL S",1
"SCHMEISSER MJ",1
"Schmelter T.",1
"SCHMELZ M",1
"SCHMELZBACH C",1
"SCHMICKER R",1
"Schmid F.",1
"Schmidleithner C.",1
"Schmidt B.",1
"Schmidt C.W.",1
"Schmidt F.P.",1
"SCHMIDT FP",1
"SCHMIDT G",1
"SCHMIDT KK",1
"Schmidt M.",1
"SCHMIDT MD",1
"SCHMIDT MH",1
"SCHMIDT RF",1
"SCHMIDT RJ",1
"Schmidt S.V.",1
"SCHMIDT SV",1
"SCHMIDT WA",1
"SCHMITT CP",1
"SCHMITT J",1
"Schmitt J.",1
"SCHMITT K",1
"SCHMITT LH",1
"Schmitt R.",1
"Schmitz L.P.",1
"SCHMOKER JD",1
"SCHMUTZHARD E",1
"SCHNABEL RB",1
"Schnapp W.D.",1
"Schneckenburger R.",1
"Schneider H.R.",1
"SCHNEIDER J",1
"SCHNEIDER M",1
"SCHNEIDER NJ",1
"Schneider R.",1
"Schneider S.C.",1
"SCHNEIDERMAN A",1
"SCHNELLBÄCHER ND",1
"SCHNELZER M",1
"SCHNITZLER J",1
"SCHOCHAT E",1
"SCHOCK RB",1
"SCHÖDER H",1
"SCHOENBECK D",1
"Schoenbeck D.",1
"SCHOENFELD MA",1
"SCHOENHOLZER K",1
"SCHOENTHAL T",1
"SCHOETTKER P",1
"Schoierer J.",1
"Schoknecht K.",1
"SCHOLKMANN F",1
"Scholkmann F.",1
"SCHOLL JL",1
"Schollenberger J.",1
"Scholtes D.",1
"SCHOLZ H",1
"Schönenberg A.",1
"SCHONHAUT EB",1
"SCHOONAKKER B",1
"Schoppmeier C.M.",1
"SCHOPPMEIER CM",1
"Schoss A.S.",1
"SCHOß AS",1
"SCHOSS AS",1
"SCHOTT AM",1
"SCHOUTEDEN M",1
"SCHOUTEN AC",1
"Schrader J.M.",1
"SCHRAMA D",1
"Schramm S.",1
"SCHRAMSKI JT",1
"SCHREIBER MD",1
"Schreihofer D.A.",1
"SCHREUDER FH",1
"Schröder D.",1
"Schroder J.",1
"SCHRÖDER K",1
"SCHRÖTER J",1
"SCHUBERT T",1
"SCHUCHARDT EL",1
"SCHUERCH N",1
"Schuerch N.",1
"Schuette C.",1
"SCHUIND S",1
"SCHULDER M",1
"SCHULDT HM",1
"Schuleit M.",1
"SCHULLEHNER J",1
"SCHULMAN CI",1
"Schulman J.B.",1
"SCHULTE F",1
"Schulte F.",1
"SCHULTZ B",1
"Schultz C.J.",1
"SCHULZ A",1
"SCHULZ B",1
"SCHULZ E",1
"SCHULZ G",1
"SCHULZ JB",1
"SCHULZE C",1
"Schulze K.M.",1
"SCHULZE KM",1
"SCHUMACHER H",1
"SCHUMM L",1
"Schumm L.",1
"SCHUNKERT H",1
"SCHUPPER AJ",1
"SCHURMAN SH",1
"SCHÜRMANN C",1
"SCHUSS P",1
"SCHÜTT K",1
"SCHUTTE AE",1
"SCHUTZMAN C",1
"Schuurmans J.",1
"SCHWAB M",1
"SCHWAB R",1
"Schwab T.",1
"SCHWABE S",1
"Schwabe S.",1
"SCHWANN TA",1
"SCHWARTZ BS",1
"SCHWARTZ FR",1
"Schwartz L.",1
"SCHWARTZ S",1
"SCHWARZ C",1
"SCHWARZ D",1
"Schwarz L.",1
"SCHWARZ M",1
"Schwarz M.",1
"SCHWARZ ST",1
"SCHWARZE P",1
"SCHWEINERT AR",1
"SCHWEIZER J",1
"SCHWENDE BK",1
"SCHWENDENER K",1
"SCHWENDENER SCHOLL K",1
"SCHWENK Á",1
"SCHWOB J",1
"Scieszka D.",1
"SCILIMATI A",1
"SCIRÈ CA",1
"SCIRICA BM",1
"SCORTICHINI M",1
"Scorza F.",1
"Scott A.",1
"Scott B.A.",1
"SCOTT C",1
"SCOTT CJM",1
"SCOTT GC",1
"SCOTT J",1
"SCOTT JN",1
"SCOTT RW",1
"Scozzari G.",1
"SCUFFHAM P",1
"SCULL-BROWN E",1
"Scurt F.G.",1
"Sead C.",1
"SEAH S",1
"Seah S.",1
"SEAH YC",1
"SEALY-JEFFERSON S",1
"Sealy D.",1
"Sears C.G.",1
"SEAY J",1
"SEBASTIAN A",1
"SEBASTIAN E",1
"SEBASTIAN IA",1
"Sebastian S.A.",1
"SEBASTIAN SA",1
"SEBASTIAN T",1
"SEBASTIANI G",1
"SEBAYANG SK",1
"SECCI F",1
"SECHOPOULOS I",1
"SECORA A",1
"SEDANO J",1
"SEDAS PM",1
"SEDEAUD A",1
"SEDER DB",1
"Sedighi S.",1
"SEEGER JD",1
"SEEL T",1
"SEELAND U",1
"Seeland U.",1
"SEEMANN F",1
"Seepold R.",1
"SEET RCS",1
"SEFFRIN A",1
"SEFTON J",1
"Segal J.B.",1
"SEGAL JB",1
"SEGELMARK M",1
"SEGEV DL",1
"SEGRE PS",1
"SEGUCHI M",1
"Seguchi M.",1
"SEGUIN P",1
"SEGURA T",1
"Sehati F.",1
"SEHDEV S",1
"SEHESTED TSG",1
"SEIDEL M",1
"Seidi J.",1
"SEIDL E",1
"SEIDNER HS",1
"SEIDU S",1
"SEIFERT L",1
"SEIFERT V",1
"Seiffert R.",1
"SEIFFGE D",1
"SEILER A",1
"Seiler A.",1
"SEITOVA GN",1
"SEITZ M",1
"SEIWERTH S",1
"SEKAR M",1
"Seki D.",1
"SEKI T",1
"SEKIGUCHI Y",1
"SEKIJIMA Y",1
"SEKINE Y",1
"SEKINO H",1
"Sekino H.",1
"Sekoguchi S.",1
"SELIM M",1
"SELL P",1
"Sell P.",1
"SELLATHURAI S",1
"SELLERS A",1
"SELLES RW",1
"SELLITTO M",1
"Sellnau M.",1
"Sello M.G.",1
"SELLO MG",1
"Seltenrich N.",1
"Selvamani B.J.",1
"Selvaraj Mercyshalinie E.R.",1
"Selvarajah B.",1
"SELVI A",1
"Semagin A.A.",1
"SEMBA H",1
"SEMENOVA Y",1
"SEMMENS EO",1
"SEMPOWSKI GD",1
"ŞEN S.",1
"Senadheera I.",1
"SENANAYAKA B",1
"SENAY B",1
"SENBA M",1
"Seneviratne A.N.",1
"SENEVIRATNE AN",1
"SENNAROGLU B",1
"SENOCRATE F",1
"SENOR J",1
"SENSI SL",1
"Senthil Kumar A.",1
"SENTHILKUMAR P",1
"Senthilkumar P.",1
"SEO DG",1
"SEO G",1
"Seo J.H.",1
"SEO M",1
"SEO NJ",1
"SEO SW",1
"SEO WK",1
"SEO WY",1
"SEO Y",1
"Seo Y.",1
"SEO YS",1
"Seol J.H.",1
"SEORATANAPHUNT S",1
"SEPAND MR",1
"SEPASIAN M",1
"SEPETA L",1
"SEPOSO X",1
"SEPP D",1
"Seppänen T.",1
"Septiasary H.",1
"SEPÚLVEDA LG",1
"SEPÚLVEDA MS",1
"SERAG I",1
"SERBÉE MJV",1
"SERDAR M",1
"SERGE A",1
"SERINO A",1
"Serizawa Y.",1
"SERÓ L",1
"Serra M.",1
"Serrai H.",1
"SERRATO-AVILA JL",1
"SERRE ML",1
"SERVATIUS H",1
"Serwin M.",1
"SESHADRI DR",1
"SESHADRI S",1
"SESSA F",1
"SESSA M",1
"SETH P",1
"SETHI A",1
"Sethi A.",1
"SETHI SK",1
"Sethi Y.",1
"SETHI Y.",1
"Sethiya K.R.",1
"SETIANTO B",1
"Setiawan A.F.",1
"Setlur Nagesh S.V.",1
"SETLUR NAGESH SV",1
"SETO H",1
"SETOGUCHI M",1
"SETT A",1
"SETTA K",1
"Settypalli R.K.R.",1
"Setyono G.",1
"Setyopranoto I.",1
"SEURS W",1
"SEVENO D",1
"SEVERYNOVSKA O",1
"SEW HEE CSL",1
"SEWELL E",1
"SEY R",1
"SEYAHI N",1
"Seydi M.R.",1
"SEYED SAADAT SN",1
"Seyhan M.",1
"Seymen M.",1
"SEYOUM Y",1
"SEYS D",1
"SEZAVAR SH",1
"SEZIKLI S",1
"Sha M.",1
"Sha X.",1
"SHA XW",1
"Sha Z.",1
"SHAAN M",1
"Shaba T.G.",1
"SHABIL M",1
"Shabil M.",1
"Shabir O.",1
"Shad M.",1
"SHADBOORESTAN A",1
"Shadimetov Y.",1
"SHAFIE KHORASSANI F",1
"SHAFIE S",1
"SHAFII AE",1
"Shafiq M.",1
"SHAFRAN-NATHAN N",1
"Shafransky I.L.",1
"Shaftoe J.B.",1
"SHAH-DEMOPOULOS R",1
"SHAH AS",1
"Shah B.u.D.",1
"Shah E.G.",1
"SHAH G",1
"Shah K.",1
"SHAH L",1
"SHAH MJ",1
"SHAH PS",1
"Shah R.",1
"Shah S.N.",1
"Shah V.A.",1
"SHAHAB F",1
"Shahbaz M.A.",1
"SHAHEEN F",1
"Shaheen S.",1
"SHAHHOSSEINI E",1
"SHAHID S",1
"Shahid S.",1
"SHAHIN MAH",1
"SHAHMOHAMADI E",1
"SHAHNEWAZ S",1
"Shahriari A.H.",1
"Shahril K.",1
"SHAHRIPOUR RB",1
"Shahrujjaman S.M.",1
"SHAHRUJJAMAN SM",1
"Shahzad M.H.",1
"SHAHZADI I",1
"Shaia K.L.",1
"SHAIFUDDIN SNM",1
"Shaik F.",1
"Shaik I.",1
"Shaik M.A.",1
"SHAIKH B",1
"SHAIKH IA",1
"SHAIKH N",1
"Shaji I.M.",1
"Shaked I.",1
"Shakouri Y.",1
"Shakunthala M.",1
"SHAKYA S",1
"SHAKYAWAR SK",1
"SHALABY HY",1
"SHALIMAR AK",1
"Shalnova S.A.",1
"SHALTONI H",1
"SHAM D",1
"Shamardl H.A.A.",1
"Shambhavi A.S.",1
"SHAMIM MS",1
"SHAMJI M",1
"Shamkuwar S.",1
"SHAMS S",1
"Shams S.",1
"Shams S.R.",1
"Shamsa E.H.",1
"SHAMSA F",1
"SHAMSIPOUR M",1
"Shamsipour M.",1
"SHAMY M",1
"SHAN C",1
"Shan D.",1
"Shan H.",1
"SHAN K",1
"Shan L.",1
"Shan N.",1
"SHAN Q",1
"SHAN R",1
"SHAN YS",1
"SHANAHAN J",1
"SHANBHAG N",1
"Shanbhag V.V.",1
"Shanbog M.",1
"SHANG J",1
"SHANG M",1
"Shang M.",1
"Shang S.",1
"SHANG T",1
"Shang T.",1
"SHANG W",1
"Shang Y.Y.",1
"SHANGGUAN X",1
"Shankar H.M.",1
"SHANKAR HM",1
"SHANKAR J",1
"Shankar R.",1
"SHANKAR RL",1
"Shankar S.",1
"SHANMUGANAYAGAM D",1
"SHANN K",1
"Shannon E.M.",1
"SHANNON EM",1
"SHANNON M",1
"Shannu Sri B.",1
"Shantsila E.",1
"Shanwal V.K.",1
"Shao F.",1
"SHAO H",1
"Shao J.",1
"SHAO Q",1
"Shao R.",1
"Shao S.",1
"Shao X.",1
"SHAO XM",1
"Shao Z.G.",1
"Shaoshuai L.",1
"Shapiro L.T.",1
"SHAPIRO M",1
"SHAPIRO MG",1
"SHAPIRO MZ",1
"Shaposhnikov D.A.",1
"SHARAD S",1
"Sharansundar S.",1
"Sharif A.F.",1
"SHARIFF-MARCO S",1
"Shariff M.",1
"Shariffi B.",1
"SHARIFI A",1
"Sharifkazemi M.",1
"SHARIFUL ISLAM SM",1
"Sharma A.K.",1
"SHARMA AK",1
"Sharma C.",1
"SHARMA D",1
"Sharma D.",1
"Sharma D.K.",1
"Sharma Dugala N.",1
"Sharma E.",1
"SHARMA G",1
"Sharma H.S.",1
"SHARMA JP",1
"SHARMA M",1
"SHARMA PK",1
"SHARMA PS",1
"SHARMA R",1
"Sharma R.P.",1
"SHARMA RP",1
"Sharma S.K.",1
"SHARMA SK",1
"SHARMA SS",1
"SHARMA SV",1
"Sharma T.",1
"SHARMA V",1
"SHARP H",1
"SHARP RL",1
"SHARRIEF AZ",1
"SHASH EP",1
"Shashikala A.R.",1
"Shashikumar S.A.",1
"SHASTRI D",1
"SHAUKAT A",1
"Shaukat M.",1
"SHAUL R",1
"Shaul R.",1
"SHAVKATOV N",1
"SHAW A",1
"SHAW S",1
"SHAYKHUTDINOVA E",1
"SHAZEEB MS",1
"SHE G",1
"She Q.",1
"SHE X",1
"Shea S.A.",1
"Shechter M.",1
"SHEEHY S",1
"Sheela S.J.",1
"Sheet E.A.E.",1
"SHEFFIELD J",1
"SHEFFIELD PE",1
"Shehadeh M.",1
"SHEHZAD M",1
"SHEIKH A",1
"SHEIKH SP",1
"SHEIKH T",1
"Shekar J.",1
"SHELLEY D",1
"SHELLHAAS RA",1
"SHELLY S",1
"SHELSWELL R",1
"SHELTON RR",1
"SHEMA PM",1
"SHEMESH N",1
"Shemie S.D.",1
"Shen A.",1
"Shen D.",1
"SHEN E",1
"Shen F.",1
"Shen G.",1
"SHEN GC",1
"SHEN HH",1
"SHEN K",1
"Shen K.",1
"Shen L.",1
"Shen L.J.",1
"Shen M.",1
"SHEN N",1
"SHEN R",1
"Shen R.",1
"Shen S.",1
"SHEN SH",1
"Shen T.",1
"SHEN W",1
"Shen W.",1
"SHEN X",1
"Shen X.",1
"SHEN YM",1
"SHEN Z",1
"Shende P.",1
"Sheng H.",1
"Sheng J.",1
"SHENG N",1
"Sheng X.",1
"SHENG Z",1
"Sheng Z.",1
"Shengtao Wei",1
"Shengyu F.",1
"SHENLIU H",1
"Shenoy S.K.",1
"SHEPARD ELC",1
"SHEPARD J",1
"Shepel O.",1
"SHEPHERD AM",1
"Shepley B.R.",1
"SHEPLEY BR",1
"SHEPPARD L",1
"Shere A.",1
"Sherif A.",1
"SHERIF AY",1
"SHERIF C",1
"SHERIFF S",1
"Sherman J.D.",1
"SHERMON S",1
"SHERONICK R",1
"SHERRATT S",1
"Sherratt S.",1
"SHERWANI Z",1
"Sherzad N.",1
"SHESTAKOV DA",1
"SHETH S",1
"Shettar S.S.",1
"SHETTAR SS",1
"SHETTIGAR A",1
"SHETTY S",1
"SHEVELEV O",1
"Shevelev O.",1
"SHEVELEV OA",1
"Shi-Yu X.",1
"SHI BE",1
"SHI F",1
"Shi F.",1
"SHI G",1
"Shi G.",1
"SHI HB",1
"SHI HW",1
"SHI JJ",1
"SHI JQ",1
"Shi Q.",1
"SHI R",1
"Shi R.",1
"SHI SM",1
"Shi W.",1
"Shi W.W.",1
"Shi Y.J.",1
"SHIBA S",1
"SHIBAGAKI K",1
"SHIBAO CA",1
"SHIBASAKI J",1
"Shibasaki M.",1
"SHIBATA S",1
"SHIBUKAWA S",1
"SHIDALI V",1
"SHIE ML",1
"SHIEH CC",1
"SHIELDS A",1
"SHIELDS TM",1
"SHIELS HA",1
"SHIELS MS",1
"SHIGGINS C",1
"Shih C.H.",1
"Shih H.I.",1
"SHIH MC",1
"SHIJING Y",1
"Shilenje Z.W.",1
"SHILO-BENJAMINI Y",1
"Shilo-Benjamini Y.",1
"Shilpa T.",1
"Shim J.M.",1
"SHIM JI",1
"SHIMADA E",1
"SHIMADA S",1
"Shimada T.",1
"SHIMADA Y",1
"Shimamoto T.",1
"SHIMAMURA J",1
"Shimamura J.",1
"SHIMAZAKI J",1
"SHIMAZAKI T",1
"Shimazaki T.",1
"SHIMAZU T",1
"SHIMIZU H",1
"Shimizu K.",1
"SHIMIZU S",1
"SHIMIZU T",1
"SHIMIZU Y",1
"SHIMODA H",1
"Shimoda T.",1
"SHIMOKATA H",1
"SHIMOMURA R",1
"SHIMONO M",1
"SHIMONY G",1
"SHIMURA H",1
"SHIMURA M",1
"SHIN B",1
"Shin B.",1
"SHIN BS",1
"SHIN DC",1
"SHIN H",1
"Shin H.",1
"SHIN HS",1
"Shin J.",1
"Shin J.M.",1
"Shin J.Y.",1
"SHIN JH",1
"SHIN JM",1
"SHIN M",1
"SHIN MC",1
"Shin W.",1
"SHIN YI",1
"Shinde B.J.",1
"Shindell D.",1
"SHINIL KUMAR AD",1
"Shinohara Y.",1
"SHINTANI A",1
"SHINYA Y",1
"SHIOGAMA K",1
"SHIOTA K",1
"SHIOZAKI T",1
"SHIRAH B",1
"Shirah B.",1
"Shirahama K.",1
"SHIRAI K",1
"SHIRAI T",1
"Shiraishi K.",1
"Shiraishi W.",1
"Shiraki H.",1
"Shirangi A.",1
"SHIRASAKI K",1
"SHIROSHITA A",1
"Shiroto H.",1
"SHIRSHIN E",1
"Shirvani E.",1
"Shirvani O.",1
"Shirvani R.",1
"SHIRZAEI SANI E",1
"SHISHEHBOR MH",1
"SHISHIDO H",1
"Shishido H.",1
"SHIT S",1
"Shit S.",1
"SHITARA S",1
"Shith S.",1
"SHITRIT O",1
"Shivachev P.",1
"SHIVAIAH A",1
"SHIVAKUMAR HN",1
"SHIVANANTHAM K",1
"SHIYNTUM HN",1
"Shkirkova K.",1
"SHLOBIN NA",1
"SHMUELI E",1
"Shnyakin P.G.",1
"SHOAIB MS",1
"SHOHAT DM",1
"SHOJI A",1
"Shoji A.",1
"SHOJON M",1
"Shokouhyan S.M.",1
"SHOKRY E",1
"SHOLES R",1
"Sholes R.",1
"SHONO Y",1
"SHOTWELL MS",1
"SHOUCHE Y",1
"SHOUKAT HAFIZA B",1
"Shoukat Hafiza B.",1
"Shperling S.",1
"Shreesha Kumara K.",1
"Shreevastava A.",1
"Shrestha D.B.",1
"SHRESTHA J",1
"SHRESTHA R",1
"Shrestha R.",1
"SHRIKHANDE SS",1
"Shrivastava D.",1
"Shrivastava K.",1
"Shrivastava P.",1
"SHRIVER LP",1
"Shu B.C.",1
"SHU BC",1
"SHU C",1
"SHU G",1
"Shu H.",1
"SHU HG",1
"SHU J",1
"Shu J.",1
"SHU L",1
"SHU P",1
"SHU XO",1
"SHU Y",1
"SHUAI T",1
"SHUAI Y",1
"SHUAIB A",1
"SHUEY C",1
"SHUJA H",1
"SHUJA MH",1
"Shukha Y.",1
"Shukla A.",1
"Shukla D.",1
"Shukla H.",1
"Shukla P.K.",1
"SHUKLA VV",1
"Shulman A.",1
"SHULMAN T",1
"SHULTS C",1
"SHULTZ DB",1
"SHUMAKER S",1
"SHUMAN WH",1
"SHUMEIKO T",1
"SHUMILOV DS",1
"SHUN PAN CHEUNG G",1
"Shuo Q.",1
"Shur P.Z.",1
"SHUTE JJ",1
"SHUTE JK",1
"SHUTO T",1
"Shuto T.",1
"SHUTTER L",1
"SHUTTLEWORTH CW",1
"SHUTZE WP",1
"Shvets I.",1
"Shyna A.",1
"Si B.",1
"SI C",1
"Si C.",1
"Si H.",1
"SI J",1
"Si J.",1
"Si S.",1
"SI Y",1
"Si Y.",1
"Siadkowska K.",1
"Sibitane Z.",1
"SIBON I",1
"SIBRECHT G",1
"SIBSON NR",1
"SIČ A",1
"SICARD P",1
"SIDDICK A",1
"SIDDIQ A",1
"SIDDIQEE MH",1
"SIDDIQUE IBRAHIM SP",1
"SIDDIQUE R",1
"SIDDIQUE S",1
"SIDDIQUI RS",1
"Siddiqui S.A.",1
"SIDDIQUI UI",1
"SIDES RS",1
"Sidhar K.",1
"SIEBERT U",1
"SIECK DC",1
"SIECK GC",1
"SIEDLECKA J",1
"SIEG VC",1
"SIEGEL BA",1
"SIEGEL F",1
"SIEGEL GUERRA B",1
"SIEGEL K",1
"SIEGELOVA J",1
"SIEGLER JE",1
"SIEGLIN B",1
"SIEGRIST J",1
"SIEIRA J",1
"SIELSKI J",1
"Sielski J.",1
"SIEMIATKOWSKI G",1
"SIEMUND R",1
"SIEPE M",1
"SIEPMANN T",1
"Sierocka A.",1
"SIERSMA V",1
"SIÉSSERE S",1
"SIFAT A",1
"Sife W.",1
"SIFUENTES-ROMERO I",1
"SIGAL RJ",1
"Sigmund E.E.",1
"SIGMUND R",1
"Sigsgaard T.",1
"Siimut K.",1
"Sijia L.",1
"SIKDER BB",1
"SIKIAS P",1
"SIKIRIC P",1
"SIKIRIC S",1
"Sikkander A.R.M.",1
"SIKORA A",1
"SILACHEV DN",1
"SILAWARAWET K",1
"SILIBELLO C",1
"SILVA-CANDAL AD",1
"SILVA-DÍAZ M",1
"SILVA A",1
"Silva A.F.",1
"SILVA AF",1
"SILVA AJ",1
"SILVA DDD",1
"SILVA FS",1
"SILVA JUNIOR ND",1
"Silva M.V.d.",1
"SILVA MM",1
"SILVA NASE",1
"SILVA SP",1
"SILVA Y",1
"SILVA ZENDRON LA",1
"SILVAGNI D",1
"Silvera F.",1
"SILVERA VM",1
"SILVERMAN A",1
"SILVERMAN AJ",1
"Silviana M.",1
"Silvis M.J.M.",1
"SIM H",1
"Sim J.D.W.",1
"SIM MR",1
"SIMAN-TOV M",1
"Siman-Tov M.",1
"SIMARD F",1
"Simath S.",1
"SIMEGN GL",1
"SIMEON P",1
"SIMION R",1
"SIMISTER R",1
"SIMIZU Y",1
"Simmons E.Q.",1
"SIMMONS T",1
"SIMON-FRIEDT B",1
"SIMON J",1
"Simon J.",1
"SIMONE CB",1
"SIMONETTI F",1
"SIMONETTI L",1
"SIMONETTI OP",1
"SIMONETTO C",1
"SIMONIN EM",1
"SIMONNÉ-MÁTIS RK",1
"SIMONS S",1
"SIMONSEN CZ",1
"SIMPSON C",1
"SIMPSON D",1
"SIMPSON RJ",1
"SIMS M",1
"Sims M.",1
"Sims S.K.",1
"ŞIMŞEK Ö",1
"Şimşek S.",1
"Šín R.",1
"SINCLAIR J",1
"SINDET-PEDERSEN C",1
"SINDHURA C",1
"Sindi H.",1
"SINDORF J",1
"Sindorf J.",1
"SING MLC",1
"SINGER M",1
"SINGH AK",1
"Singh B.",1
"SINGH D",1
"SINGH DKA",1
"SINGH DP",1
"Singh E.",1
"Singh K.",1
"Singh N.",1
"Singh P.",1
"SINGH PP",1
"Singh R.",1
"SINGH RB",1
"SINGH RG",1
"Singh S A.",1
"SINGH SK",1
"Singh Thakur J.",1
"Singh V.P.",1
"SINGH VK",1
"SINGH VP",1
"Singhal N.S.",1
"SINGHAL NS",1
"Singhal S.",1
"Singhatanadgige W.",1
"SINGIER A",1
"Singier A.",1
"SINGLA P",1
"Singla S.",1
"SINGLE C",1
"SINHA AA",1
"Sinha P.",1
"Sinha Y.",1
"SINI V",1
"SINISCALCHI A",1
"Siniscalchi A.",1
"SINISCALCHI M",1
"SINVANI LD",1
"Sinyavski V.V.",1
"SIONIS A",1
"SIORIS T",1
"Sioutas G.S.",1
"SIOUTAS GS",1
"SIPARSKY NF",1
"SIPILÄ PN",1
"SIQI Y",1
"SIRACUSE JJ",1
"Siraj A.",1
"SIRASAPALLI S",1
"Sîrbu C.A.",1
"SÎRBU CA",1
"Sirdas S.A.",1
"Siri S.",1
"SIRIMARCO G",1
"SIROTKINA M",1
"SIROVETNUKUL R",1
"SIRTORI CR",1
"SISGAARD T",1
"SITU B",1
"SIUDAK Z",1
"SIVAK S",1
"SIVAKUMAR K",1
"Sivalingam S.",1
"Sivanantham A.",1
"SIVANANTHAM K",1
"SIVARAJAKUMAR B",1
"Sivas E.",1
"Sixu Y.",1
"Siyue H.",1
"SIZDAHKHANI S",1
"SIZONENKO S",1
"Sjögren B.",1
"SJÖGREN J",1
"SJÖSTRÖM M",1
"SKAARUP KG",1
"SKAFF C",1
"SKALICKY M",1
"Skaper S.J.",1
"SKAPER SJ",1
"Skåre C.",1
"Skeete J.",1
"SKELTON HE",1
"SKIKER I",1
"SKINNER BD",1
"SKIPINA TM",1
"Sklar D.",1
"SKLINDA K",1
"SKM V",1
"SKOCZYLAS P",1
"SKOPEC M",1
"Skoug C.",1
"SKOVDAL M",1
"SKRASTIŅA S",1
"Skrastiņa S.",1
"SKRĘT-MAGIERŁO J",1
"SKRIFVARS MB",1
"Skrivanek J.",1
"Skrobot M.",1
"SKRTIC A",1
"SKULJEC J",1
"SKULSTAD H",1
"Slabbaert M.",1
"SLADE E",1
"SLASHCHEVA G",1
"SLAUG B",1
"Slawomir J.",1
"SLEIFER P",1
"Sleight E.",1
"ŚLIWIAK M",1
"Sloan N.L.",1
"SLOAN NL",1
"SLOMIANY U",1
"Slotta-Bachmayr L.",1
"Slovis J.C.",1
"SLOVIS JC",1
"SLOWIK JM",1
"SLUIS WM",1
"SLUMP C",1
"Sly P.D.",1
"SMAILYTE G",1
"SMAJLOVIĆ D",1
"SMALLWOOD EC",1
"Smida A.",1
"SMIRL J",1
"SMIRNAKIS S",1
"Smirnov B.M.",1
"SMIRNOVA M",1
"Smirnova M.D.",1
"SMIT E",1
"Smit J.R.",1
"SMITH AC",1
"SMITH AL",1
"SMITH AR",1
"SMITH BT",1
"SMITH CA",1
"Smith D.",1
"SMITH DA",1
"SMITH DEC",1
"SMITH DL",1
"SMITH EC",1
"SMITH EM",1
"SMITH GK",1
"Smith J.C.",1
"Smith J.K.",1
"SMITH JD",1
"SMITH JE",1
"SMITH L",1
"SMITH M",1
"Smith M.",1
"Smith M.R.",1
"SMITH MD",1
"SMITH RL",1
"SMITH SM",1
"SMITH T",1
"SMITH ZA",1
"SMITS C",1
"SMODAY IM",1
"SMOLARCZYK-KOSOWSKA J",1
"SMOLENSKY A",1
"Smolich J.J.",1
"SMOYER WE",1
"SMUDER AJ",1
"SMUTEK M",1
"SNEAG DB",1
"Snel G.J.H.",1
"SNOECK MMJ",1
"SNOW J",1
"SNOW RJ",1
"SNOW SJ",1
"SNYDER AB",1
"SNYDER EY",1
"SNYDER JM",1
"SNYDER KV",1
"So-Armah K.",1
"So P.",1
"So S.",1
"SOARES FILHO AM",1
"Soares L.E.S.",1
"SOARES LES",1
"SOARES LF",1
"SOARES PPDS",1
"SOARES S",1
"SOBAJIMA H",1
"SOBIESZEK A",1
"SOBITHADEVI D",1
"SOBOLEWSKI M",1
"SOBOTNICKA E",1
"SOBOTNICKI A",1
"SOBRAL A",1
"Sobti M.",1
"SOBUE T",1
"Soda K.",1
"SÖDERBERG M",1
"SÖDERBERG S",1
"Södergren A.",1
"SÖDERHOLM M",1
"SÖDERMAN M",1
"SODHI-BERRY N",1
"SOE TT",1
"Soedibjo D.P.",1
"Soehle M.",1
"SOEJIMA Y",1
"Soejima Y.",1
"SOEKADAR SR",1
"Soeterboek J.",1
"Sofianopoulos A.",1
"SOFKA M",1
"Sogno P.",1
"SOGUNURU GP",1
"Soh W.K.",1
"SOH WK",1
"SOHAIL H",1
"Sohail H.",1
"SOHN J",1
"SOHN JY",1
"Sohn S.I.",1
"Sokas R.K.",1
"Sokhi J.",1
"SOKHINI MHM",1
"SOKOL GM",1
"SOKOL T",1
"Sokolova N.",1
"SOKOLSKA MJ",1
"SOKOLSKI M",1
"SOKOTY L",1
"Sokoty L.",1
"SOKOYA EM",1
"Sokratous D.",1
"SOLAMEN L",1
"SOLANDER S",1
"SOLANKI S",1
"Solanki S.L.",1
"SOLANO-BARAJAS R",1
"SOLAR R",1
"Solar R.J.",1
"SOLAZ GARCÍA Á",1
"SOLDEVILA A",1
"SOLDO A",1
"SOLE-GUITART A",1
"SOLEIMANI H",1
"SOLER-ESPEJO E",1
"Soler-Espejo E.",1
"SOLEY-BORI M",1
"Solfanelli A.",1
"Soliman A.M.",1
"SOLIMAN EZ",1
"Soliman H.M.",1
"SOLIMAN O",1
"SOLIMINI A",1
"SOLIS-ESCALANTE T",1
"Solis-Escalante T.",1
"Soljak M.",1
"SOLLBERGER D",1
"SOLLMANN N",1
"SOLNICA B",1
"Solodkov V.A.",1
"SOLODOVNIKOVA Y",1
"SOLOMON JM",1
"SOLOSHENKO A",1
"SOLOWJOW F",1
"SOLTANI P",1
"Soltanpour M.",1
"SOLTYS SG",1
"SOLVANG JENSEN S",1
"SOMASCHINI A",1
"Somaya K.",1
"Sommar J.",1
"SOMMER C",1
"SOMMER CM",1
"SOMMER P",1
"SOMMERS-THALER S",1
"SOMSEN JF",1
"SOMSUK S",1
"SON A",1
"SON JS",1
"Son T.W.",1
"SON Y",1
"SONESTEDT E",1
"Song D.",1
"SONG F",1
"Song G.",1
"Song H.",1
"SONG HN",1
"SONG JK",1
"SONG JW",1
"Song K.",1
"SONG MA",1
"SONG MM",1
"Song Q.",1
"Song R.",1
"Song S.H.",1
"Song S.Y.",1
"SONG SN",1
"Song Y.S.",1
"SONG YG",1
"SONG YS",1
"Song Z.K.",1
"SONI N",1
"Soni R.",1
"SONI S",1
"SONIL NI",1
"Sonkar P.K.",1
"Sonker P.K.",1
"SÖNMEZ BM",1
"Sonmez E.",1
"Sönmez E.",1
"SONNE K",1
"SONNENFELD M",1
"SONNENFELD R",1
"Sonoda K.",1
"SONODA Y",1
"Sony M.S.",1
"SOO YO",1
"SOOD A",1
"SOOMAR SM",1
"Soomro K.",1
"Soomro R.",1
"Soomro S.",1
"Soomro T.A.",1
"SOONTHORNWORASIRI N",1
"SOORI R",1
"SOOTA A",1
"SOPPA V",1
"SORACE B",1
"Sorby-Adams A.",1
"Sorby-Adams A.J.",1
"SORDIA T",1
"SORENSEN C",1
"Sorensen C.J.",1
"SØRENSEN K",1
"SORENSEN M",1
"SORENSEN RJD",1
"SORGENTE A",1
"SORIANO-COLOMÉ T",1
"SORIANO-GIL Z",1
"SORIANO JB",1
"SORIMACHI T",1
"SORNMO L",1
"SÖRNMO L",1
"SOROKA O",1
"SOROKOWSKA A",1
"SOROKOWSKI P",1
"SORWER MS",1
"SOSNOWSKA B",1
"SOSUNOV S",1
"Sotiridis A.",1
"SOTO-REY I",1
"Sotomaior B.B.",1
"SOTOUDEH N",1
"SOTTON S",1
"SOUDAGAR MEM",1
"SOUL JS",1
"SOUNDARARAJAN G",1
"Sourij C.",1
"SOUSA PJ",1
"SOUSA SIV",1
"SOUSSI R",1
"SOUTH EC",1
"SOUTH T",1
"SOUZA C",1
"Souza G.M.P.R.",1
"SOUZA JCM",1
"SOUZA LGE",1
"SOWA J",1
"SOWA M",1
"Sowmya V.",1
"Sozzi C.",1
"SOZZI F",1
"SPAANDERMAN MEA",1
"SPADARO JV",1
"SPADOTTO AA",1
"SPAGNI G",1
"SPAHIC A",1
"SPAHIC H",1
"SPAHIU F",1
"Spahiu T.",1
"SPAHOVIĆ H",1
"Spampinato M.V.",1
"SPANAKIS K",1
"SPANDRI V",1
"SPANGLER KR",1
"Spann S.M.",1
"Sparacino L.",1
"SPATH N",1
"Spatz E.S.",1
"SPAZIANO G",1
"SPEAKMAN JR",1
"SPEARMAN S",1
"SPECHT J",1
"SPECHT L",1
"SPECK E",1
"SPECKTER H",1
"SPEED M",1
"SPEIER P",1
"SPENA G",1
"Spence J.D.",1
"SPENCER PJ",1
"Speretta G.F.",1
"SPERLING M",1
"SPERONI S",1
"SPERRY N",1
"SPERTI M",1
"SPESCHA R",1
"SPIEKER L",1
"SPIELFOGEL E",1
"Spielman D.",1
"SPIELMANN G",1
"SPIELVOGEL D",1
"SPIES F",1
"SPIES FF",1
"SPILDE M",1
"SPILLANE S",1
"SPILLER RE",1
"SPINELLI S",1
"SPINETTI F",1
"SPINKS G",1
"SPINKS GM",1
"Spinnato P.",1
"Spinner G.R.",1
"SPINNER GR",1
"SPITZER S",1
"SPLAVSKI B",1
"SPOER BR",1
"SPOHN T",1
"SPONBERG S",1
"Sponga S.",1
"SPOSATO L",1
"Sposato L.A.",1
"SPRADLIN RA",1
"SPRENGERS M",1
"Spronk D.",1
"SPROW G",1
"Spyropoulos D.",1
"Spyrounakos G.",1
"SQUARZA SAC",1
"SQUILLANTE A",1
"Squires N.",1
"SRAMKA M",1
"Sreedevi B.",1
"Sreedhar S.",1
"Sreedhar T.",1
"SREEKANTH V",1
"SREEPADA LP",1
"Sri Krishna B.V.",1
"Sricharoenchai T.",1
"SRICHAWLA BS",1
"Sridhar M.",1
"SRIDHAR S",1
"Srikanth M.V.",1
"SRIKANTH V",1
"SRIMAHACHOTA S",1
"SRIMURUGANANDAM B",1
"SRINATH A",1
"Srinavya E.",1
"Srinivas B.K.",1
"Srinivas R.",1
"Srinivas Raman S.",1
"SRINIVASA C",1
"SRINIVASA RAO K",1
"Srinivasan J.",1
"Srinivasan P.S.",1
"Srinivasan S.",1
"SRINIVASAN V",1
"SRINIVASAN VJ",1
"SRINIVASAN VM",1
"SRINIVASAPURA VENKATESHMURTHY N",1
"SRIPRIYA VASUDEVAN H",1
"SRIRAM A",1
"Sriram S.",1
"SRISAENG S",1
"Srisaeng S.",1
"SRISURANGKUL C",1
"Srivastava A.K.",1
"SRIVASTAVA MVP",1
"SRIVASTAVA R",1
"Srivastava R.",1
"Srivyas P.D.",1
"SSEBYALA SN",1
"SSENKUSU JM",1
"St-Arnaud J.G.",1
"ST SAUVEUR R",1
"STAALS J",1
"STABELLINI N",1
"Stabellini N.",1
"STABILE L",1
"STABLE ALL",1
"STACCINI P",1
"Stacey B.S.",1
"STACHENFELD NS",1
"Stachyra M.",1
"Stadlbauer A.",1
"STAFF NP",1
"STAFFORD SL",1
"Stafoggia M.",1
"STÅHL F",1
"STAHL R",1
"Stahl R.",1
"STÅHLBERG F",1
"STÄHLER S",1
"STALZER P",1
"STAM LB",1
"Stamatovic S.M.",1
"Stamenković M.",1
"STAMM G",1
"Stamm P.",1
"STAMMET P",1
"STAMMLER A",1
"STANCOMBE AE",1
"STANFILL AG",1
"Stanger E.J.",1
"STANGL FJ",1
"Stanicic F.",1
"STANKOV Z",1
"Stanley B.F.",1
"STANLEY J",1
"STANWORTH SJ",1
"STANZIONE N",1
"STARESINIC E",1
"STARESINIC M",1
"Staresinic M.",1
"Stark B.A.",1
"STARKE RM",1
"STARKOV A",1
"Starling S.",1
"STARNECKER F",1
"STAROSOLSKI Z",1
"Starovoitov E.I.",1
"Starr J.P.",1
"STARR JP",1
"STARR PA",1
"STARY C",1
"STASO K",1
"STASOLLA A",1
"STASTNY P",1
"STATHAM S",1
"Statsenko Y.",1
"Stauber A.",1
"STAUDT MD",1
"STAUFNER C",1
"Stauss H.M.",1
"STAUSS M",1
"Stauss M.",1
"STÁVALE JN",1
"STAVEM K",1
"Stavem K.",1
"STAVNEM D",1
"STAVTSEV D",1
"STAWIŃSKA-WITOSZYŃSKA B",1
"STEARNS R",1
"STEEB D",1
"STEEBY C",1
"STEEBY CC",1
"STEEDEN JA",1
"STEELE AR",1
"STEFAN I",1
"STEFANI C",1
"Stefanizzi F.M.",1
"STEFANOU MI",1
"Steffani S.",1
"STEG PG",1
"STEGERT M",1
"Steiger H.J.",1
"STEIGER HJ",1
"STEIN VK",1
"Steinberg A.",1
"STEINBERG DM",1
"STEINBERG GK",1
"STEINBERG J",1
"Steinberger F.",1
"STEINBERGER J",1
"Steinbrecher M.",1
"STEINER T",1
"Steiner T.",1
"STEINFARTZ S",1
"STEINHAUFF DD",1
"STEINLE S",1
"STEINMETZ S",1
"Stella A.B.",1
"STELLA AB",1
"STELLACCI A",1
"STELLINGWERFF T",1
"STELTEN F",1
"STELZLE D",1
"STEMBRIDGE M",1
"STENHOLM S",1
"STENMAN M",1
"STENSTRÖM J",1
"Stentz J.",1
"STENUM J",1
"STENZL A",1
"STEPHAN L",1
"STEPHENSON BT",1
"STEPHENSON J",1
"STEPHENSON JM",1
"STEPONAVICIENE R",1
"Steponaviciene R.",1
"STERGIOPULOS N",1
"Sterlin Raj T.",1
"STERN D",1
"STETEFELD H",1
"Steven S.",1
"STEVENS CJ",1
"STEVENS DR",1
"STEVENS LM",1
"STEVENS R",1
"STEVENSON WG",1
"STEWART C",1
"STEWART IB",1
"STEWART M",1
"STEWART PA",1
"STICHERLING C",1
"Stickland R.C.",1
"Stieb D.M.",1
"STIENEN MN",1
"Stienrut P.",1
"STIERLE D",1
"STILLSON C",1
"STINE EA",1
"Stirano F.",1
"ȘTIRU O",1
"STOCCHETTI N",1
"STOCCHINO A",1
"Stocchino A.",1
"STOCKS N",1
"STÖHR EJ",1
"STOIKA R",1
"STOJAN G",1
"Stokes A.M.",1
"STOKES ES",1
"STOKHOLM J",1
"Stokholm J.",1
"STOLL H",1
"STÖLLBERGER C",1
"Stöllberger C.",1
"Stomeo N.",1
"STOMMEL EW",1
"STONE A",1
"Stone A.J.",1
"STONE B",1
"Stone B.",1
"Stone G.L.",1
"STONE GL",1
"Stone J.H.",1
"STONE S",1
"Stone S.",1
"Stookey J.D.",1
"STOOKEY JD",1
"STOOKS J",1
"STOOKS JJ",1
"Stoopler E.T.",1
"STORMLY HANSEN M",1
"STORTECKY S",1
"Stösser S.",1
"STOTHERS T",1
"Stothers T.",1
"Stover L.",1
"STOWE AM",1
"STOWE EW",1
"Stowell J.D.",1
"STOYKA AV",1
"STRACHAN F",1
"STRAMBO D",1
"STRANEY L",1
"STRAUS S",1
"STRAUSS SB",1
"Straw S.",1
"STRBE S",1
"STRECKER C",1
"STREICHER KN",1
"STRETANSKI MF",1
"STRIANO P",1
"STRID A",1
"Strid A.",1
"STRINGER MS",1
"Strippoli E.",1
"STRISCIUGLIO N",1
"STROBL K",1
"STROH E",1
"STROHM T",1
"STRÖKER E",1
"STRÖM JO",1
"STROSBERG D",1
"STROTHER S",1
"STRUBAKOS CD",1
"STRUHAL W",1
"STRUIJK EA",1
"Strumph K.",1
"Strunz S.",1
"STRUŻEWSKA J",1
"STUART EA",1
"Stubbe B.",1
"STUBBENDORFF A",1
"Stubbendorff A.",1
"STUCKEY SM",1
"STUCKY CL",1
"STUMMER W",1
"STURAK MA",1
"STURDY JT",1
"Sturge J.",1
"STUSS DT",1
"STYLIANOU O",1
"SU B",1
"Su B.",1
"SU BB",1
"Su F.Z.",1
"SU G",1
"Su J.",1
"SU K",1
"Su M.",1
"SU MI",1
"SU S",1
"Su S.L.",1
"Su W.",1
"SU YJ",1
"SU YN",1
"SU Z",1
"Su Z.",1
"SUÁREZ-GARABOA S",1
"SUÁREZ-GARCÍA S",1
"Subayu A.",1
"Subba P.",1
"SUBOCHEV P",1
"SUBRAMANIAM P",1
"SUBRAMANIAN Y",1
"SUBRAMANIYAM M",1
"Subramaniyan M.",1
"Sucheck S.J.",1
"SUCHECK SJ",1
"SUCININGSIH R",1
"SUCKLING J",1
"SUDARSHAN VP",1
"SUDATH R",1
"SUDHA G",1
"Sudha K.",1
"Sudhagar K.",1
"Sudhakar S.",1
"Sudheer P.",1
"SUDO T",1
"Suehiro E.",1
"Suen W.S.",1
"SUEN WS",1
"Suerte A.C.C.",1
"Sufe G.",1
"SUFLAS R",1
"SUFRA R",1
"SUGAI A",1
"Sugano M.",1
"Suganthi Brindha G.",1
"SUGANUMA N",1
"Sugawara J.",1
"SUGAWARA M",1
"Sugawara M.",1
"SUGIMORI H",1
"SUGIMOTO K",1
"SUGINO M",1
"SUGISHITA K",1
"SUGITA A",1
"Sugita M.",1
"SUGITA S",1
"SUGITA Y",1
"SUGIURA S",1
"Sugiura S.",1
"SUGIYAMA D",1
"SUGIYAMA F",1
"SUGIYAMA N",1
"SUGIYAMA T",1
"SUGLIA SF",1
"SUH H",1
"Suh P.S.",1
"SUH SW",1
"SUHAI FI",1
"Sui B.",1
"SUI K",1
"Sui K.",1
"Sui M.",1
"SUI Y",1
"SUI Z",1
"Suiuay C.",1
"Sujesh G.",1
"SUJITA DEVI N",1
"Suk W.",1
"SUKOVICH JR",1
"SUKSOM D",1
"Suksompong S.",1
"Sukul P.",1
"Sukuman T.",1
"Sukumaran A.",1
"SUKUMARAN K",1
"Sulaiman S.",1
"Sulaimani T.",1
"SULASTIYO A",1
"Sulena",1
"Sulisty D.H.",1
"Sulistyoningrum E.",1
"Sulistyono M.Y.T.",1
"SULJIC E",1
"SULLIVAN F",1
"Sullivan M.N.",1
"SULLIVAN MN",1
"SULLMAN MJM",1
"SULO G",1
"SULTAN F",1
"Sultan I.",1
"SULTAN MEO MO",1
"SULTAN MEO MZ",1
"SULTAN SM",1
"Sultana M.",1
"SULTANA Y",1
"Sultana Y.",1
"SULTHANA H",1
"Sulthana H.",1
"Suma N.",1
"Sumait A.J.",1
"SUMAIT AJ",1
"Sumanlal M.R.",1
"SUMBALOVA Z",1
"SUMERLIN TS",1
"Sumi K.",1
"SUMITA Y",1
"SUMITANI M",1
"SUMIYA W",1
"Sumiyoshi H.",1
"Sun B.",1
"Sun B.J.",1
"SUN CF",1
"SUN DH",1
"SUN DQ",1
"Sun G.",1
"Sun H.C.",1
"Sun H.Z.",1
"SUN HX",1
"SUN HZ",1
"SUN LY",1
"SUN MJ",1
"SUN PZ",1
"SUN R",1
"SUN TB",1
"SUN XL",1
"Sun Y.Y.",1
"SUN YV",1
"SUNAMI T",1
"SUNDARAM P",1
"SUNDARARAJAN K",1
"SUNDARESAN V",1
"SUNDAY A",1
"SUNDAYI S",1
"SUNDBLOM J",1
"SUNDELL E",1
"SUNDERMANN B",1
"SUNDERRAJAN A",1
"SUNDHOLM N",1
"SUNDIUS L",1
"SUNDQUIST K",1
"SUNDT T",1
"SUNDT TM",1
"SUNENSHINE R",1
"SUNG AD",1
"SUNG CK",1
"Sung D.",1
"Sung D.J.",1
"SUNG E",1
"Sung F.C.",1
"SUNG H",1
"Sung J.",1
"SUNG JH",1
"SUNG MI",1
"Sung S.F.",1
"Sung S.Y.",1
"SUNG SF",1
"SUNGUR MA",1
"Sunil Chaitanya G.",1
"ŠUNJIĆ I",1
"SUNNERHAGEN KS",1
"Sunohara D.",1
"SUNYER J",1
"SUO Y",1
"SUOMINEN SB",1
"SUONA D",1
"SUPEJ M",1
"SUPPASILP C",1
"Suppasilp C.",1
"SUPPHAPIPAT K",1
"Supphapipat K.",1
"Surana N.",1
"SURANI S",1
"SURDACKI P",1
"SURESH A",1
"SURESH S",1
"SURÍS X",1
"Surís X.",1
"SURIT P",1
"Surit P.",1
"SUROV A",1
"Surtees T.L.",1
"Suryawanshi K.",1
"Sushko V.O.",1
"SUSILO Y",1
"Suslova K.G.",1
"Süslü H.T.",1
"SÜß P",1
"SUSSMAN E",1
"SUTAŞIR MN",1
"SUTCLIFFE JA",1
"Sütcü D.",1
"SUTER L",1
"SUTER MA",1
"SUTHAM K",1
"Sutham K.",1
"Sutheerasak E.",1
"SUTHERLAND BA",1
"Suti A.",1
"SUTIN J",1
"Sutormin M.V.",1
"SUTTER R",1
"Suvvari T.K.",1
"Suwalski M.",1
"SUWAZONO Y",1
"Suyasmad",1
"Suyitno S.",1
"SUZUKI A",1
"SUZUKI E",1
"Suzuki I.",1
"Suzuki K.",1
"Suzuki M.",1
"SUZUKI R",1
"Suzuki R.",1
"Suzuki T.",1
"Suzuki Y.",1
"SV SHAH A",1
"SVARTENGREN M",1
"SVEDIN P",1
"SVENSSON E",1
"SVENSSON L",1
"SVENSSON LG",1
"SVETLICHNY L",1
"Svetlichny L.",1
"Svirhunenko Y.",1
"Swafford A.P.",1
"SWAIN JM",1
"Swami P.V.",1
"SWAMINATHAN K",1
"SWAMINATHAN RV",1
"SWAMINATHAN S",1
"SWANSON A",1
"SWANSON EA",1
"SWANSON JR",1
"Swartwood S.",1
"Swartz M.F.",1
"SWARTZ MF",1
"SWARTZ RH",1
"Swathi V.S.",1
"SWATHI VS",1
"Sweeney H.L.",1
"SWEENEY LM",1
"SWEID A",1
"SWETT K",1
"SWIDAN H",1
"SWIRAD S",1
"Swirad S.",1
"SWOBODA R",1
"SWOR R",1
"Syafriani E.",1
"Syamsuri",1
"Sybrandt A.E.",1
"SYBRANDT AE",1
"Syed D.",1
"Syed H.",1
"Syed K.",1
"Syed M.H.",1
"Syeda M.Z.",1
"SYME DA",1
"SYMEONIDES C",1
"SYMONS S",1
"Syntila S.",1
"Syrovatsky A.A.",1
"SZABÓ Á",1
"Szabó Á.I.",1
"SZABO AL",1
"SZABO K",1
"SZABO M",1
"SZABO V",1
"SZABOOVA K",1
"SZANTON SL",1
"SZAPOCZNIK J",1
"SZARPAK L",1
"SZARVAS Z",1
"SZASZ B",1
"Szecskó A.",1
"SZEGEDI L",1
"SZEGEDI N",1
"SZÉP R",1
"Szkutnik K.",1
"SZWARGULSKI P",1
"SZYDŁOWSKI R",1
"SZYMANKIEWICZ-SZUKAŁA A",1
"Szymankiewicz-Szukała A.",1
"T GRADY S",1
"TA N",1
"Taba Chabi W.K.",1
"TABAEE SS",1
"TABAEI S",1
"Tabaei S.",1
"TABAK AG",1
"TABARI AM",1
"TABASSUM M",1
"TABATA S",1
"Tabata S.",1
"Tabatabaei S.A.",1
"TABBARA R",1
"Tabernig C.B.",1
"TABET M",1
"TABI M",1
"Tabi M.",1
"TABOADA-ALQUERQUE M",1
"Taboada-Alquerque M.",1
"TABORDA NA",1
"TABRAIZ SA",1
"Taccone F.S.",1
"TACCONE FS",1
"Tachino J.",1
"Tachiquingutierrez R.T.",1
"TADA K",1
"TADDEI PJ",1
"TADINAC M",1
"Tadokoro N.",1
"TAEBI M",1
"Taga A.",1
"TAGAMI K",1
"TAGAMI R",1
"TAGAMI T",1
"Tagawa H.",1
"TAGHI M",1
"Taghvaei A.",1
"TAGLIA I",1
"TAGLIAFERRO S",1
"TAGO H",1
"TAGUCHI A",1
"Taguchi A.",1
"TAGURI M",1
"Tagusari J.",1
"Taha A.",1
"TAHA OM",1
"TAHA R",1
"TAHARA A",1
"TAHER F",1
"Taheri-Soodejani M.",1
"Taheri A.",1
"Taheri G.",1
"TAHERI M",1
"Taheri M.",1
"TAHERIAN M",1
"TAHERPOUR M",1
"TAHIR D",1
"TAHIR I",1
"Tahir M.F.",1
"TAHIR MF",1
"TAHMASEBI GHORRABI A",1
"Tai P.A.",1
"TAI PA",1
"Tai R.",1
"Tai S.Y.",1
"TAI SH",1
"TAI SY",1
"TAI XY",1
"Tai Y.",1
"Taibani A.",1
"TAIMURA A",1
"TAIMURI B",1
"Taimuri B.",1
"Taiwo O.J.",1
"TAIWO OJ",1
"Tajik R.",1
"TAJIMA S",1
"Tajima S.",1
"Tajima T.",1
"Tajima Y.",1
"TAKÁCS J",1
"TAKADA T",1
"Takagi A.",1
"TAKAGI H",1
"TAKAGI S",1
"TAKAGI T",1
"TAKAHARA M",1
"Takahara S.",1
"TAKAHASHI I",1
"Takahashi I.",1
"Takahashi K.",1
"TAKAHASHI M",1
"Takahashi M.",1
"TAKAHASHI R",1
"TAKAHASHI W",1
"Takahashi Y.",1
"TAKAI H",1
"TAKAKURA J",1
"TAKAKURA N",1
"Takale D.G.",1
"TAKAMOTO S",1
"TAKAO M",1
"Takaoka S.",1
"Takara H.",1
"TAKARA S",1
"Takara S.",1
"TAKASAWA A",1
"TAKASAWA K",1
"TAKASE K",1
"Takasone K.",1
"TAKASU A",1
"TAKASU S",1
"TAKATSUKI S",1
"TAKAYAMA H",1
"Takayama H.",1
"Takayama N.",1
"TAKAYASU T",1
"TAKAZAWA Y",1
"TAKEBAYASHI H",1
"TAKECHI R",1
"TAKEDA K",1
"Takeda Y.",1
"TAKEGAWA R",1
"Takei N.",1
"TAKENOBU Y",1
"TAKESHIMA Y",1
"Takeuchi A.",1
"TAKEUCHI I",1
"TAKIYA M",1
"TAKYI SA",1
"TALAMONTI M",1
"TALASAZ AH",1
"Talebipour A.",1
"Talepour N.",1
"TALER V",1
"Talib Hashem G.",1
"Tallet C.",1
"TALLON E",1
"TALOUBI M",1
"TALTON JW",1
"TAM AKY",1
"TAM DY",1
"TAM JW",1
"TAM TC",1
"TAMAIEV J",1
"Tamaiev J.",1
"TAMAKI H",1
"TAMAKI Y",1
"TAMAKOSHI A",1
"TAMARGO RJ",1
"TAMAY-CACH F",1
"Tameh A.A.",1
"TAMES MF",1
"Tamimi S.",1
"TAMIYA Y",1
"TAMIZ AP",1
"Tamjidillah M.",1
"TAMM T",1
"TAMMARO I",1
"TAMMELA TLJ",1
"TAMMISOLA O",1
"TAMOSIUNAS A",1
"TAMPLIN J",1
"TAMURA M",1
"Tamura R.E.",1
"TAMURA T",1
"Tamura Y.",1
"TAN AX",1
"Tan B.Y.Q.",1
"TAN C",1
"TAN CH",1
"TAN D",1
"Tan D.",1
"TAN F",1
"Tan F.",1
"TAN G",1
"Tan H.T.",1
"TAN KB",1
"Tan L.",1
"Tan M.",1
"Tan M.B.",1
"Tan M.G.",1
"TAN MP",1
"Tan Öksüz S.B.",1
"TAN ÖKSÜZ SB",1
"TAN PMS",1
"TAN Q",1
"TAN QSW",1
"Tan R.S.",1
"Tan R.Y.Y.",1
"Tan S.C.W.",1
"Tan S.S.",1
"TAN SC",1
"TAN SCC",1
"Tan T.",1
"TAN W",1
"Tan W.",1
"TAN XR",1
"TAN Z",1
"Tanabe J.",1
"TANABE M",1
"TANABE Y",1
"TANADA F",1
"Tañada M.R.P.K.",1
"TANAKA E",1
"Tanaka H.",1
"TANAKA N",1
"Tanaka N.",1
"Tanaka Y.",1
"Tanaratchat V.",1
"Tanashyan M.M.",1
"Taneichi S.",1
"TANENBAUM MT",1
"TANG BZ",1
"TANG CH",1
"TANG E",1
"Tang E.J.",1
"TANG EJ",1
"Tang G.",1
"TANG K",1
"Tang K.",1
"Tang K.S.",1
"Tang L.",1
"TANG MX",1
"TANG N",1
"TANG O",1
"TANG P",1
"Tang Q.",1
"Tang S.",1
"TANG SN",1
"TANG T",1
"Tang T.",1
"TANG WK",1
"Tang Y.N.",1
"TANG YQ",1
"TANG ZL",1
"TANGANG R",1
"TANGANG RT",1
"TANGE C",1
"Tangkulpanich P.",1
"TANIGUCH T",1
"Taniguchi Y.",1
"TANINI I",1
"TANIOUS A",1
"TANISAWA K",1
"TANIUCHI S",1
"Tanninen P.",1
"TANNO K",1
"TANNOUS H",1
"Tanrıtanır A.C.",1
"TANSKY J",1
"Tantawi B.",1
"TANTIPANJAPORN T",1
"Tantiwatniyom T.",1
"TANTRIGE P",1
"TANTRY US",1
"TAO C",1
"Tao F.Y.",1
"TAO J",1
"TAO M",1
"TAO Q",1
"TAO R",1
"TAO W",1
"Tao X.",1
"TAO XX",1
"TAO Z",1
"Taomoto D.",1
"Tapia R.",1
"Tapia V.",1
"TAPP A",1
"Tapp A.",1
"Tapper S.",1
"TarajiNaik B.",1
"TARAKANOV A",1
"TARAN K",1
"TARANTINI S",1
"TARASSENKO L",1
"TARAZI WW",1
"TARBELL NJ",1
"Tarchiani M.",1
"Tardale R.P.",1
"TARDO-DINO PE",1
"TARÍN-CARRASCO P",1
"TARIQ A",1
"TARIQ E",1
"TARIQ MI",1
"Tariq S.M.",1
"TARNING J",1
"TARUMI T",1
"Tarumi T.",1
"Taryudi",1
"Taryudi T.",1
"TASCONA D",1
"Tashiro R.",1
"TASIOS P",1
"TASKER RA",1
"TASNIM S",1
"Taso M.",1
"TATANGELO M",1
"TATARENKO OM",1
"TATARKOVA EA",1
"TATEMATSU K",1
"Tatematsu K.",1
"TATEMICHI M",1
"TATESHIMA S",1
"Tatevosyan A.A.",1
"TATLISUMAK T",1
"TATSUGAMI F",1
"TATSUTA K",1
"TAUB E",1
"TAUBE S",1
"Taube S.",1
"TAUFFER JVM",1
"Tavakoli Pirzaman A.",1
"Tavares J.O.",1
"TAVARES JO",1
"TAVERNIER R",1
"Tavora-Vieira D.",1
"Tawaraya A.",1
"Tawfeeq R.D.",1
"TAWK R",1
"TAWK RG",1
"Taxis Di Bordonia E Valnigra D.",1
"TAY JC",1
"Tay S.y.",1
"Taybeh E.O.",1
"TAYBEH EO",1
"Taye Zewde E.",1
"TAYIER G",1
"Taylor A.J.",1
"TAYLOR BL",1
"TAYLOR BS",1
"TAYLOR CT",1
"TAYLOR E",1
"Taylor K.M.",1
"TAYLOR KH",1
"TAYLOR L",1
"Taylor L.",1
"Taylor M.C.",1
"TAYLOR NAS",1
"TAYLOR PD",1
"TAYLOR T",1
"TAYYEBI S",1
"TAZAROURTE K",1
"Tazoe J.",1
"TCARENKOVA E",1
"TCHANDJA J",1
"TEBECK ST",1
"TEBOUL JL",1
"Tecchio F.",1
"TECHASURIYAWONG T",1
"TEE JJ",1
"TEE LEWIS PG",1
"TEEPEN JC",1
"Tegegne S.S.",1
"Teichmann D.",1
"TEICHROW D",1
"TEILMANN J",1
"TEITELBAUM SL",1
"TEIXEIRA-COELHO F",1
"TEIXEIRA JQ",1
"TEIXEIRA L",1
"Teixeira L.",1
"Teixeira L.R.",1
"TEIXEIRA LR",1
"Teja K.",1
"Teja R.",1
"TEJADA CE",1
"Tejada De Rink M.M.",1
"Tejaswi K.",1
"Tejerina Álvarez E.E.",1
"TEJERINA ÁLVAREZ EE",1
"TEKE S",1
"Tekin E.",1
"Tekin E.E.",1
"TEKIN KA",1
"Tekin O.",1
"TEKLE W",1
"Tel Ustunisik C.",1
"TELESSY I",1
"TELFER B",1
"Telkapalliwar N.G.",1
"TELLAROLI P",1
"TELMAN G",1
"TELYSHEV D",1
"Tembo D.",1
"TEMBO P",1
"TEMBO W",1
"TEMIME L",1
"Temizer I.",1
"Temizer İ.",1
"TEMKIN NR",1
"Templeman J.R.",1
"Templeton S.",1
"TEMSAMANI J",1
"TEMURZIEV S",1
"Ten Brink A.F.",1
"TEN BRINK AF",1
"Ten Donkelaar H.J.",1
"TEN EYCK P",1
"TEN V",1
"TEN VS",1
"Tena-Colunga A.",1
"TENA MORA D",1
"TENBERG A",1
"TENG C",1
"Teng C.",1
"Teng Q.",1
"TENG W",1
"Tennankore R.",1
"TENNANT A",1
"Tenorio A.",1
"TENPAS AS",1
"TENYWA E",1
"TEO BW",1
"TEOH H",1
"Teoh Y.H.",1
"Teplyakova O.V.",1
"TER KUILE FO",1
"Terada M.",1
"TERADA Y",1
"TERAMOTO A",1
"TERAMOTO M",1
"TERANISHI M",1
"TERASAKI T",1
"Terauchi M.",1
"TERAUCHI R",1
"TERAURA H",1
"Tereshchenko A.S.",1
"TERESHCHENKO SO",1
"TERMENON M",1
"TERMINI M",1
"TERMOZ A",1
"Terry L.M.",1
"TERSLEV L",1
"Tervo O.M.",1
"TERZIC D",1
"TERZIEV R",1
"Tesega A.",1
"Tesfaldet Y.T.",1
"Tesfaye A.",1
"TESFAYE M",1
"Teshale A.B.",1
"TESKE N",1
"TESKE NC",1
"Teskeredzic A.",1
"TESMAN N",1
"TESO M",1
"Teso M.",1
"TESTA A",1
"Testa A.",1
"TESTAI FD",1
"Tete P.",1
"Tetley J.W.",1
"TETTELBACH WH",1
"TETZLAFF EJ",1
"TEURNEAU-HERMANSSON K",1
"TEUSCHL Y",1
"Tewabe D.M.",1
"Tewari K.",1
"TEWARI MK",1
"TEXTOR J",1
"Tha K.K.",1
"Thabet S.",1
"Thabet S.A.",1
"Thabethe N.D.L.",1
"THACHER J",1
"THAETE L",1
"THAKKAR J",1
"Thakkar J.B.",1
"THAKKINSTIAN A",1
"THAKORE P",1
"THAKUR AK",1
"THAKUR KT",1
"Thakur M.",1
"Thakur N.",1
"THAKUSHINOV IA",1
"THAKUSHINOV RA",1
"Thalhammer J.",1
"THALI MJ",1
"THALLINGER GG",1
"Thamilarasi V.",1
"THAMM T",1
"Thammasarn K.",1
"THAMPAKKUL J",1
"THAN M",1
"Thangagiri B.",1
"Thangam S.",1
"THANH NTN",1
"Thanigainathan S.",1
"THANKI S",1
"THANNA S",1
"THAPA D",1
"THAPA RK",1
"THAPA S",1
"THAPLIYAL K",1
"THARIN S",1
"Thawley V.J.",1
"The Lancet Diabetes & Endocrinology",1
"The Lancet Public Health",1
"The Lancet Regional Health – Americas",1
"The Lancet Regional Health – South East Asia",1
"The Lancet Regional Health – Western Pacific",1
"THEALL BM",1
"THEILEN H",1
"Theisen C.F.",1
"THEISEN CF",1
"Theiss S.",1
"THELUS R",1
"Theodorou A.",1
"Theodorou D.J.",1
"THESING C",1
"Thi Khanh H.N.",1
"THI KHANH HN",1
"Thiagarajan C.",1
"Thiaucourt J.",1
"THIBAULT D",1
"Thibodeau S.È.",1
"THIBODEAU SÈ",1
"Thicot F.",1
"Thiebaut A.M.",1
"THIEBAUT DE SCHOTTEN M",1
"THIEBEN F",1
"THIEL CM",1
"THIELEN D",1
"THIELEN H",1
"Thielen H.",1
"THIELMAN GT",1
"THIEM A",1
"THIES M",1
"THIJS RD",1
"THIJS V",1
"THILIPKUMAR P",1
"Thilipkumar P.",1
"THILLAYS F",1
"THIRUMALA PD",1
"Thirumurugaveerakumar S.",1
"Thirunagari S.",1
"THITISUTTHI S",1
"Thiyagarajan S.K.",1
"THOM CS",1
"THOMA F",1
"THOMAIDIS N",1
"THOMAS AJ",1
"THOMAS AL",1
"THOMAS B",1
"THOMAS CN",1
"THOMAS DL",1
"THOMAS GN",1
"THOMAS H",1
"THOMAS I",1
"THOMAS JJ",1
"THOMAS JT",1
"THOMAS M",1
"Thomas R.G.",1
"THOMAS S",1
"Thomas S.E.",1
"THOMAS SE",1
"THOMAS V",1
"THOME C",1
"THOMÉ C",1
"THOME T",1
"THOMOPOULOS SI",1
"THOMPSON BG",1
"THOMPSON CAS",1
"Thompson D.A.",1
"THOMPSON JA",1
"THOMPSON JR",1
"THOMPSON LC",1
"Thompson P.",1
"Thompson R.",1
"Thomson C.J.",1
"THOMSON EM",1
"THOMSON K",1
"Thomson T.N.",1
"THON JM",1
"THON N",1
"THON OR",1
"THONGKUM W",1
"Thongkum W.",1
"THONGPRAYOON C",1
"THORAND B",1
"THORIN N",1
"THORNE BRH",1
"THORNÉUS G",1
"THORNGTHIP S",1
"THORNTON AE",1
"THORNTON C",1
"THORPE RJ",1
"Thorsen L.S.",1
"THORWALD M",1
"THORWALD MA",1
"THOTTEMPUDI N",1
"THRIPPLETON M",1
"THULASIRAM R",1
"THURMAN J",1
"Thurston M.G.",1
"THURU X",1
"THWIB S",1
"TIAN C",1
"Tian C.",1
"Tian D.",1
"Tian D.S.",1
"TIAN DS",1
"Tian L.Y.",1
"Tian M.",1
"Tian N.",1
"Tian R.",1
"Tian S.",1
"TIAN T",1
"Tian T.",1
"Tian W.",1
"Tian X.",1
"TIAN XD",1
"TIAN YF",1
"Tiberia A.",1
"TIE C",1
"Tie J.",1
"TIEDT S",1
"Tiedt S.",1
"Tiefenthaler M.",1
"TIEMANN K",1
"TIERANU EN",1
"TIERANU ML",1
"TIGOVA O",1
"TILLEKERATNE LMV",1
"TILZ RR",1
"TIMARAN CH",1
"TIMEK T",1
"Timmins K.M.",1
"TIMMONS SD",1
"TIMMS L",1
"Timms L.",1
"TIMÓN R",1
"TIMONEY A",1
"TIMPKA T",1
"TING JPY",1
"TING T",1
"TINKER LF",1
"TINUCCI T",1
"TINWORTH A",1
"TIPNIS SV",1
"TIPPETT I",1
"TIPTON MJ",1
"TIRELLI U",1
"Tirkey J.V.",1
"TIRTHANI E",1
"TISHUKAJ F",1
"TISON S",1
"Tisotti T.",1
"TISSING WJE",1
"Titov D.S.",1
"TITSWORTH M",1
"TITUS AR",1
"TIVNAN M",1
"TIWARI DK",1
"TIWARI HK",1
"Tiwari K.",1
"Tiwari L.",1
"Tiwari R.G.",1
"Tiwet P.D.",1
"Tjerkstra M.A.",1
"TJONNELAND A",1
"TJOUMAKARIS SI",1
"TKACZUK A",1
"To N.D.",1
"TOBALDINI E",1
"TOBAR FREDES C",1
"TOBÍAS A",1
"Tobias A.",1
"Tobías A.",1
"Tobieson L.",1
"Tobollik M.",1
"TOBORI S",1
"Tobushi T.",1
"Tocco F.",1
"TOD D",1
"TODD AC",1
"TODD J",1
"Todd J.",1
"TODHUNTER-BROWN A",1
"TODNEM ND",1
"Todo K.",1
"Tofield A.",1
"Tofigh F.",1
"Toğuşlu G.",1
"Tohoku S.",1
"Toi S.",1
"TOIMATOV S",1
"TOIVANEN J",1
"TOJO T",1
"TOK AIY",1
"TOKAREVA B",1
"TOKMAKOVA M",1
"Tokmoldin S.Z.",1
"Tokue H.",1
"TOKUNAGA C",1
"Tokunaga T.",1
"Toledo dos Santos D.",1
"TOLEDO J",1
"TOLEDO P",1
"TOLENTINO D",1
"TOLER S",1
"TOLSTRUP JS",1
"TOLUIE A",1
"TOLULOPE A",1
"Tolvaj M.",1
"TOMÁS-CARÚS P",1
"TOMASZUK-KAZBERUK A",1
"TOMATIS V",1
"TOMCZAK CR",1
"TOMCZAK J",1
"Tome S.",1
"Tomicic M.",1
"TOMINAGA A",1
"Tominaga K.",1
"TOMINAGA T",1
"TOMITA H",1
"TOMIYAMA N",1
"TOMKA T",1
"TOMMASINI E",1
"TOMONAGA A",1
"TOMPA A",1
"TOMPPO L",1
"TOMSEN-MELERO J",1
"Tomson M.",1
"TONA F",1
"Tonaree W.",1
"TONDAS AE",1
"TONEY L",1
"TONG F",1
"TONG G",1
"TONG J",1
"Tong J.",1
"TONG K",1
"TONG W",1
"Tong W.h.",1
"Tong Y.",1
"Tongyoo S.",1
"TONN JC",1
"TOPARE NS",1
"TOPJIAN A",1
"TOPPING NE",1
"Topriceanu C.C.",1
"Toraiwa M.",1
"Torbat Esfahani M.",1
"TORBEY M",1
"Torén K.",1
"TORGANO G",1
"TORGERSON C",1
"Torild P.",1
"Torkzad M.R.",1
"TORO C",1
"TORRE MONMANY N",1
"TORREALBA-ACOSTA G",1
"TORREJÓN RODRÍGUEZ L",1
"TORRES-CASTRO L",1
"TORRES E",1
"TORRES EB",1
"TORRES G",1
"Torres G.",1
"TORRES JL",1
"TORRES LF",1
"Torshin D.V.",1
"TORTORA A",1
"TORTORA D",1
"TORTORA LE",1
"TORTORELLA C",1
"TORZHENSKAYA N",1
"TOSCHI N",1
"TOSETTI M",1
"TOSUN B",1
"Tosun E.",1
"TÓTH-SZŰKI V",1
"Tóth A.",1
"TOTH PP",1
"Totla N.B.",1
"TOTZECK A",1
"TOUBASI A",1
"Toubasi A.",1
"TOUBEKIS A",1
"Tourais A.",1
"TOURE EN",1
"TOURELLE M",1
"TOURNIER-LASSERVE E",1
"Tous C.",1
"TOUSIGNANT M",1
"TOUSSAINT JF",1
"TOUSSAINT PJ",1
"TOUVIER M",1
"TOVAR J",1
"TOVAR VARGAS S",1
"TOWN JA",1
"TOWNSEND KA",1
"Towolawi A.T.",1
"TOWOLAWI AT",1
"TOYAMA H",1
"TOYAMA M",1
"TOYAMA Y",1
"TOYE J",1
"TOYIB O",1
"TOYODA N",1
"TOYOSHIMA Y",1
"TOYOTA A",1
"TOYOTA S",1
"TRABELSI S",1
"TRABULUS S",1
"Trachsel L.D.",1
"TRACHSEL LD",1
"TRACHTMAN H",1
"Trahair E.D.",1
"TRAHAIR ED",1
"TRAKIC A",1
"TRAMMELL S",1
"TRAN DNA",1
"Tran H.M.",1
"TRAN HDT",1
"TRAN HM",1
"TRAN HTP",1
"TRAN KV",1
"TRAN L",1
"TRAN LP",1
"Tran M.C.",1
"Tran M.T.",1
"TRAN MC",1
"TRAN MH",1
"TRAN NT",1
"Tran P.M.",1
"TRAN PM",1
"TRAN T",1
"Tran T.T.T.",1
"TRAN V",1
"TRAN Y",1
"Traneva V.",1
"TRAORÉ AN",1
"TRASK-MARINO A",1
"TRATTNIG S",1
"TRAUB K",1
"TRAUTMAN MS",1
"Trauzeddel R.F.",1
"TRAVERS G",1
"TRAYKOV V",1
"TREBACH J",1
"Trebeleva G.V.",1
"TREEDE H",1
"TREFF G",1
"Treib J.",1
"TREIMAN GS",1
"TREMAMUNNO S",1
"TREMBATH A",1
"Tremblay B.",1
"TREMBLAY JC",1
"TREMBLAY MÈ",1
"TREMBLAY S",1
"TREMBLE SM",1
"Tressler C.M.",1
"TRESSON P",1
"Treurniet L.",1
"TREVENEN ML",1
"TREVES S",1
"TREVILIAN T",1
"TREVIÑO M",1
"Triananda A.H.",1
"Trickey K.S.",1
"TRICKEY KS",1
"TRICOIRE-LEIGNEL H",1
"TRIGIANI LJ",1
"TRIMARCHI S",1
"TRIMARCO V",1
"Trimble D.J.",1
"TRIMPE S",1
"Tripathi G.",1
"Tripathi K.N.",1
"TRIPATHI M",1
"Tripathi P.M.",1
"Tripathi S.C.",1
"TRIPATHI SC",1
"Tripathy S.",1
"TRIPODI D",1
"TRIPON E",1
"TRIPP B",1
"Tripp B.",1
"Tripp B.L.",1
"Trivedi R.",1
"TRIVIZAKIS E",1
"Triwijoyo B.K.",1
"Triwiyanto T.",1
"TRKANJEC Z",1
"Trombley G.",1
"TRONCOSO G",1
"TRONE DW",1
"Troost J.P.",1
"TROOST JP",1
"Tropea T.",1
"TROTMAN-LUCAS M",1
"Trotta G.",1
"Trotter C.E.",1
"TROUT AL",1
"TROZIC I",1
"Trozic I.",1
"TRPCHEVSKA N",1
"TRUCKENMUELLER P",1
"TRUEBLOOD EV",1
"TRUJILLO X",1
"Trukhan V.",1
"TRUMAN G",1
"TRUMM CG",1
"Truong G.T.D.",1
"TRUONG HT",1
"TRUONG J",1
"TRUONG LH",1
"TRUONG M",1
"Truong S.K.",1
"TRUONG SK",1
"Truyen T.T.T.T.",1
"TRYBEK P",1
"Trybek P.",1
"TRZECZAK D",1
"TSAGAKIS K",1
"Tsagkaris C.",1
"TSAI FJ",1
"Tsai H.H.",1
"Tsai H.Y.",1
"TSAI J",1
"Tsai J.C.",1
"Tsai M.T.",1
"TSAI MS",1
"TSAI MT",1
"Tsai P.C.",1
"TSAI S",1
"Tsai S.",1
"TSAI SP",1
"TSAI SS",1
"Tsai T.H.",1
"TSAI TY",1
"TSAI WC",1
"TSANAS A",1
"TSANG CK",1
"Tsao T.M.",1
"TSAO YH",1
"TSAPAKI V",1
"TSAPIS N",1
"TSE EL",1
"TSE LA",1
"TSENG CJ",1
"TSENG E",1
"TSENG H",1
"Tseng M.F.",1
"TSENG MF",1
"TSENG SH",1
"Tseng W.C.",1
"TSENG WC",1
"TSERIOTIS VS",1
"TSETSOU S",1
"Tsibulskiy S.A.",1
"Tsimitrea E.",1
"Tsiouda T.",1
"TSIRIZANI L",1
"Tsitsilonis K.M.",1
"TSITSIOU Y",1
"TSO MK",1
"Tsoi K.H.",1
"TSOI KKF",1
"Tsoutsoubi L.",1
"TSUBOGUCHI S",1
"TSUBOI Y",1
"TSUDA K",1
"TSUEI YS",1
"TSUJI B",1
"TSUJI M",1
"TSUJI S",1
"TSUJIKAWA T",1
"TSUKAHARA K",1
"TSUKAHARA T",1
"TSUKAMOTO K",1
"Tsukamoto R.",1
"TSUNETA S",1
"Tsuneta S.",1
"Tsuruta Y.",1
"Tsuruya K.",1
"TSUSHIMA S",1
"TSUTSUI A",1
"TSUTSUI S",1
"TSUTSUMI A",1
"TSUTSUMI K",1
"TSUTSUMI S",1
"TSVETKOVA AD",1
"Tsygankova D.P.",1
"TSYRLIN VA",1
"TU GW",1
"TU K",1
"TU MY",1
"Tu Q.Y.",1
"TU R",1
"Tu W.J.",1
"TU WJ",1
"Tubben A.",1
"TUBERT-BITTER P",1
"TUCK S",1
"TUCKER A",1
"TUCKER JB",1
"TUDOSE J",1
"TUERDI N",1
"Tuerdi N.",1
"TUGUZ AR",1
"TUHOLSKE C",1
"TUIFUA L",1
"Tuktur W.R.",1
"TUKTUR WR",1
"TULADHAR AM",1
"Tulek F.",1
"Tulin A.",1
"TULLIE S",1
"Tumaini B.",1
"TUMKIN II",1
"Tumram N.K.",1
"TUMRAM NK",1
"TUNÇ İ",1
"Tunç İ.",1
"TUNG R",1
"TUNG TH",1
"TUNG YT",1
"Tunissen S.A.M.",1
"TUNISSEN SAM",1
"TUNSTALL-PEDOE H",1
"Tuny S.M.",1
"TUPONE D",1
"TURAGAM MK",1
"TURANA Y",1
"TURAWA EB",1
"TURCHYNA NS",1
"Turcotte S.",1
"Türe H.",1
"TURECKOVA J",1
"TURIN TC",1
"Türk Börü Ü.",1
"Türk Y.",1
"Türkcan Ö.",1
"TÜRKER KADER İ",1
"TURKER KS",1
"Turkez H.",1
"Türkmen D.",1
"TÜRKMEN U",1
"Turnbull C.",1
"TURNBULL I",1
"Turner L.D.",1
"TURNER RC",1
"Turner S.",1
"TURNEY IC",1
"TURSKI PA",1
"TURUNEN AW",1
"TÜSCHER O",1
"Tushar M.S.H.K.",1
"TUTENEL P",1
"TUTINO V",1
"TUTS N",1
"TVEITAN SN",1
"TVRDA L",1
"Tvrda L.",1
"TWICHELL MF",1
"TWUMASI R",1
"Tyagi R.K.",1
"TYAGI SK",1
"TYLDESLEY S",1
"Tyler C.J.",1
"Tymko M.M.",1
"Tyrikos G.",1
"Tyshyk Y.",1
"TYSON JE",1
"TYSON S",1
"TYSZKA JM",1
"TZENG E",1
"TZOUMAS A",1
"UBALDE-LOPEZ M",1
"UBALDO OGV",1
"UBBENS H",1
"UÇAR FM",1
"UCHIDA K",1
"UCHIDA S",1
"Uchida S.",1
"UCHIDA Y",1
"Uchida Y.",1
"UCHINO H",1
"UCHINO M",1
"UCHINO T",1
"UCHISAWA H",1
"UCHIYAMA K",1
"UCHIYAMA T",1
"Uchizawa T.",1
"UCHMANOWICZ I",1
"Ucpinar B.A.",1
"UDASIN IG",1
"Udayakumar R.",1
"UDDIN MN",1
"UDDIN SI",1
"UDEANI G",1
"UDGIRI R",1
"Udzik J.",1
"UEBA T",1
"UEBA Y",1
"Uehara T.",1
"UEJIMA T",1
"UEMURA K",1
"UENO M",1
"UENO S",1
"Ueno S.",1
"UENO Y",1
"UESHIMA H",1
"UETANI H",1
"UETANI M",1
"UGALDE GONZÁLEZ K",1
"Ugraram R.",1
"UGRAS H",1
"UGWU PC",1
"UHRYN O",1
"Ujita A.",1
"UJUETA F",1
"UKACHUKWU AK",1
"UKAI T",1
"Ukai T.",1
"Ukita K.",1
"Ukoha P.O.",1
"UL HAQ MH",1
"UL ISLAM M",1
"Ul Mulk W.",1
"Ullah M.N.",1
"ULLAH MN",1
"ULLAH SS",1
"ULLAH Z",1
"Ullah Z.",1
"ULUSAN S",1
"Ulusoy K.",1
"UMAÇ GA",1
"Umamageswari A.",1
"UMANS JG",1
"Umar M.",1
"Umashankar A.",1
"UMEMURA T",1
"UMEMURA Y",1
"UNAL DO",1
"UNAL G",1
"Unal G.",1
"UNAL YUKSEKGONUL A",1
"UNDÉN J",1
"UNDERHILL LJ",1
"UNDRÉN P",1
"Ung R.L.",1
"UNG RL",1
"Unger T.",1
"UNGVARI A",1
"UNGVARI Z",1
"UNLU E",1
"UNPAPROM Y",1
"UNRINE JM",1
"ÜNSAL A",1
"UNSWORTH LD",1
"Unterberg M.",1
"UNUMA K",1
"Ünver Koluman B.",1
"UNVERZAGT FW",1
"UONG SP",1
"UPADHYA B",1
"Upadhyay R.K.",1
"UPADHYAYA A",1
"URABE T",1
"URAKOVA DM",1
"URAKOVA TU",1
"URBACH H",1
"Urbach H.",1
"URBAN M",1
"URBANCZYCK C",1
"Urbanek L.",1
"URBANO T",1
"Urbanowicz T.K.",1
"Urbanski P.",1
"Urbanski P.P.",1
"URBANSKI PP",1
"Urciuoli L.",1
"URDAY S",1
"URIBE-RAMOS JM",1
"URIBE S",1
"URICK DM",1
"URIEGAS NA",1
"URIKURA A",1
"Urner T.M.",1
"URQUIETA E",1
"URRUTIA V",1
"Urso D.",1
"URUSHITANI M",1
"USHIKOSHI H",1
"USHIO A",1
"Ushio A.",1
"USLAR E",1
"USLU S",1
"Usman D.D.",1
"USMAN MS",1
"USMAN SM",1
"Usmanov E.S.",1
"USMANOV ES",1
"USMANOV GS",1
"USSELMAN CW",1
"USTAALIOĞLU İ",1
"Ustaalioğlu İ.",1
"Ustinaviciene R.",1
"USUDA D",1
"USUI A",1
"USUI M",1
"USWATTE G",1
"Utaev S.",1
"Utami G.",1
"UTRIAINEN D",1
"UTZINGER J",1
"Uusitalo A.",1
"UWAMUNGU JC",1
"Uyumaz A.",1
"Uyun S.",1
"UZU H",1
"V C R",1
"VAARTJES ICH",1
"VACCARINO V",1
"Vacchiano V.",1
"Vachula R.S.",1
"Vad O.B.",1
"VADIA N",1
"VAES B",1
"VAFAPOUR F",1
"VAHTERA J",1
"VAIBHAW V",1
"VAICIULIS V",1
"VAIDYA B",1
"Vaidya B.",1
"VAIDYA M",1
"VAIDYANATHAN S",1
"VAIENTI L",1
"VAIL A",1
"Vaisberg J.M.",1
"Vaivada T.",1
"VAJKOCZY P",1
"VAJPAYEE S",1
"Vajravel V.",1
"VAKHARIA K",1
"VALADÃO CAA",1
"VALADEZ SG",1
"VALADO A",1
"Valdelievre T.",1
"VALDENASSI L",1
"VALDES-HERNANDEZ MC",1
"Valdés Hernández M.d.C.",1
"VALDEZ M",1
"Valdez R.B.",1
"VALDEZ RB",1
"Valeeva E.T.",1
"VALENÇA SDS",1
"Valencia-Cervantes J.",1
"Valencia S.",1
"Valent A.",1
"Valente A.",1
"VALENTE G",1
"VALENTE I",1
"VALENTI A",1
"VALENTI G",1
"VALENTIN A",1
"VALENTINE MT",1
"VALENZA-PEÑA G",1
"VALENZA MC",1
"VALENZUELA-LIMÓN OL",1
"VALENZUELA N",1
"Valenzuela R.",1
"Valenzuela T.F.",1
"VALERA I",1
"Valeriano C.",1
"Valero-Muñoz M.",1
"VALETTE M",1
"VALIHRACH L",1
"VALLABHAJOSYULA S",1
"VALLADE J",1
"Vallamkonda B.",1
"VALLAR G",1
"Vallée F.",1
"Vallejo F.",1
"VALLENNIE V",1
"Vallennie V.",1
"VALLES MURCIA N",1
"Valter Y.",1
"van Amsterdam J.",1
"VAN BAEL A",1
"van Bavel J.J.A.",1
"van Beek K.A.J.",1
"VAN BEIJNUM BF",1
"Van Berkel E.K.",1
"VAN BERKEL EK",1
"VAN COPPENOLLE F",1
"van Daalen K.R.",1
"van Damme C.",1
"VAN DE BEEK D",1
"VAN DE HAAR P",1
"Van De Lagemaat M.",1
"VAN DE LOOIJ Y",1
"VAN DE RUIT M",1
"VAN DE VEL K",1
"VAN DE VEN V",1
"VAN DE VOSSE F",1
"VAN DEERLIN VM",1
"VAN DEN BERG R",1
"Van Den Bersselaar L.R.",1
"VAN DEN BRINK MRM",1
"VAN DEN EEDEN S",1
"VAN DEN HEUVEL-EIBRINK MM",1
"VAN DEN KERKHOF M",1
"VAN DER AA NE",1
"VAN DER BIJL K",1
"van der Bijl K.",1
"VAN DER CRUIJSEN J",1
"van der Cruijsen J.",1
"VAN DER FLIER WM",1
"VAN DER GEEST RJ",1
"VAN DER GOOT T",1
"VAN DER HAL N",1
"VAN DER HEIDEN-VAN DER LOO M",1
"VAN DER HELM FCT",1
"VAN DER HEYDEN J",1
"VAN DER HOORN A",1
"VAN DER KOOIJ H",1
"VAN DER KOOIJ J",1
"VAN DER LELIJ E",1
"VAN DER MAAS A",1
"VAN DER PAL HJH",1
"VAN DER SCHOUW YT",1
"VAN DER THIEL MM",1
"VAN DER VEER MAA",1
"VAN DER VEERE WIJ",1
"van der Velde N.",1
"van der Weijden C.W.J.",1
"VAN DER WEIJDEN CWJ",1
"VAN DER ZEE-NEUEN A",1
"VAN DIEMEN F",1
"van Dorth D.",1
"VAN DRIEL M",1
"Van Drunen R.",1
"VAN DULMEN-DEN BROEDER E",1
"VAN DUNG D",1
"Van Duong N.",1
"VAN DYKE N",1
"Van Dyke N.",1
"Van Eaton A.R.",1
"Van Etten E.S.",1
"VAN HARTEN AC",1
"VAN HEDENT S",1
"VAN HEES R",1
"Van Hees R.",1
"VAN HERTEN RLM",1
"Van Hieu D.",1
"VAN KAAM AH",1
"van Kamp I.",1
"Van Kamp I.",1
"van Kordelaar J.",1
"VAN LEYEN K",1
"VAN LIESHOUT JH",1
"VAN LINTHOUT S",1
"VAN LOENHOUT JAF",1
"Van Mai K.",1
"VAN NGUYEN C",1
"VAN NIEKERK L",1
"VAN NIJNATTEN F",1
"VAN NOORDEN L",1
"VAN NOSTRAND SC",1
"van Ommen F.",1
"VAN OSCH MJP",1
"VAN RATINGEN S",1
"VAN SAMBEEK M",1
"VAN SCHAEYBROECK B",1
"van Selm L.",1
"VAN SLEEN Y",1
"VAN SMOORENBURG L",1
"VAN SPALL HGC",1
"Van Sprengel M.",1
"VAN STRAATEN HLM",1
"VAN TONGEREN M",1
"van Tongeren M.",1
"VAN TUSSENBROEK G",1
"VAN VEER H",1
"van Veluw S.J.",1
"van Voorst H.",1
"van Waaij K.",1
"VAN WIER MF",1
"VAN ZIJL PCM",1
"VAN ZWAM WH",1
"Vanchiere C.",1
"VANCINI RL",1
"VANDENHEEDE H",1
"Vandermark L.W.",1
"VANDERMARK LW",1
"VANDERPLANKEN K",1
"Vandersanden J.",1
"VANDERTOP WP",1
"VANIA R",1
"Vanoli J.",1
"VANOS J",1
"Vanos J.",1
"VANOS JK",1
"VANPOUCKE C",1
"VANROSSOMME AE",1
"VANSENNE F",1
"VAPARANTA K",1
"VARAMENTI E",1
"VARASTEH S",1
"VARATHARAJAN M",1
"VARDASCA R",1
"VARDENY O",1
"Vardhan H.",1
"VAREESANGTHIP K",1
"VARELA-LEMA L",1
"VARELA-MIRANDA R",1
"VARELA-NIETO I",1
"VARELLA MAC",1
"VARESI A",1
"VARGA-SZEMES A",1
"VARGA C",1
"VARGA V",1
"VARGAS-CAÑAS R",1
"Vargas-Cuentas N.I.",1
"VARGAS A",1
"VARGHESE J",1
"Varghese J.",1
"VARGHESE R",1
"VARGHESE S",1
"VARGO J",1
"VARGO JA",1
"VARLEY R",1
"VARMA N",1
"Varma P.",1
"Varma S.",1
"VARMDAL T",1
"VARNIK F",1
"Varnitha M.S.",1
"VARON J",1
"VARONE F",1
"VAROTSIS G",1
"VARRASO R",1
"VARRIANO B",1
"VARRONE M",1
"VARTANIAN RJ",1
"VARUGHESE T",1
"VARVARYNETS AV",1
"VASCONEZ AE",1
"Vashakmadze N.",1
"VASIL DM",1
"VASILE TM",1
"VASILENKO ZL",1
"Vasiljevic C.",1
"Vasireddi A.",1
"VÁSQUEZ TC",1
"VASSALLE C",1
"Vassallo F.",1
"Vassalotti J.A.",1
"VASTENHOUW B",1
"VASYLENKO ZL",1
"Vatian A.",1
"VATTER H",1
"VAUCLAIR CM",1
"VAUGHAN R",1
"VAUGHN JS",1
"VAUGHN TL",1
"VAUGIER L",1
"VAVPOTIČ D",1
"VAYALTHRIKOVIL S",1
"Väyrynen T.",1
"VAYVAY O",1
"VÁZQUEZ-YAÑEZ A",1
"Vazquez B.",1
"VDOVENKO VY",1
"VEBER T",1
"Veber T.",1
"VECCHIONE C",1
"VECIANA J",1
"Vedantam A.",1
"VEDANTHAN R",1
"VEEN KM",1
"VEENSTRA B",1
"VEERAPPAN A",1
"Veerappan A.",1
"VEERASEKAR G",1
"VEGA-DEL-VAL C",1
"VEGA ARAYA LD",1
"Vega C.F.",1
"VEGA F",1
"Vega S.R.",1
"VEHNIÄINEN ER",1
"Vehof J.",1
"VEJAR-VIVAR C",1
"Vejar-Vivar C.",1
"Vela-Sebastián A.",1
"VELA E",1
"VELASQUEZ JIMENEZ L",1
"VELAZQUEZ A",1
"VELDEMAN M",1
"Veldhuis M.",1
"VELEA L",1
"VÉLEZ-PEREIRA AM",1
"VELICKI L",1
"VELLICHIRAMMAL NN",1
"Velmurugan A.",1
"VELMURUGAN G",1
"VELOSO GA",1
"VELTEN M",1
"VELTHUIS BK",1
"VELTINK PH",1
"Vembathu Rajesh A.",1
"VEMUGANTI R",1
"Vemula A.M.",1
"VENABLES KM",1
"VENABLES L",1
"VENCLOVIENE J",1
"VENCLOVIENĖ J",1
"VENERMO M",1
"VENETIS S",1
"Venkata Lakshmi S.",1
"VENKATACHALAM AM",1
"VENKATAPATHAPPA P",1
"VENKATAPPA MM",1
"VENKATARAMAN A",1
"VENKATARAMAN S",1
"Venkatesan H.",1
"Venkatesan V.",1
"Venkatesh R.",1
"Venketasubramanian N.",1
"VENNA VR",1
"VENTOSA N",1
"Venturato G.",1
"VENTURELLI M",1
"VENTURELLI PM",1
"Venugopal D.",1
"VENUGOPAL S",1
"Venugopal V.",1
"Vera-Tudela W.",1
"VERACHTERT E",1
"VERAS MM",1
"VERBRUGGEN LC",1
"VERCALSTEREN E",1
"Vercalsteren E.",1
"VERCAUTEREN T",1
"VERCELLI A",1
"Vercesi L.",1
"VERDEL N",1
"Verdel N.",1
"Verdú G.",1
"VERDUZCO-MENDOZA A",1
"VERDUZCO R",1
"Vered S.",1
"VERGARA-GARCIA D",1
"VERGARA A",1
"VERGARA B",1
"VERHOEF PA",1
"VERHOEVEN J",1
"VERHOEVEN JI",1
"VERKET M",1
"VERKHRATSKY A",1
"Verkhratsky A.",1
"VERMA A",1
"Verma I.",1
"Verma N.",1
"VERMA S",1
"Verma T.N.",1
"VERMA TN",1
"Vermi F.",1
"VERONESE N",1
"VERONIKA CF",1
"VERRI ED",1
"VERRINA E",1
"VERSACI F.",1
"VERSCHURE PFMJ",1
"VERSCHUREN O",1
"VERSCHUREN WMM",1
"VERSLUIJS AB",1
"VERTINSKY AT",1
"Vervoorn M.T.",1
"VERZELLONI P",1
"VERZOLA D",1
"VESELÝ V",1
"VESNIN SG",1
"VESOULIS ZA",1
"VETRANO DL",1
"VEYSI SHEIKHROBAT M",1
"VEZINA G",1
"VEZZANI A",1
"VEZZOSI L",1
"VIANELLO G",1
"VIAZZI F",1
"Vicedo-Cabrera A.M.",1
"VICENTE M",1
"Vicente M.",1
"VICENTE V",1
"Vichare M.S.",1
"Vichare R.",1
"VICINO A",1
"Vicino A.",1
"Vidaurre C.",1
"VIDERMAN D",1
"Viderman D.",1
"VIDHU KUMAR K",1
"VIDORET A",1
"VIDYASAGAR S",1
"VIEGAS F",1
"Viegas P.",1
"VIEHMAN JK",1
"VIEILLARD-BARON A",1
"VIEIRA DE OLIVEIRA SALERNO PR",1
"VIEIRA EWR",1
"VIEIRA LCPF",1
"VIEIRA R",1
"VIEITES-PRADO A",1
"VIELE K",1
"Vienneau D.",1
"Vienneau E.P.",1
"VIENNEAU EP",1
"VIENO M",1
"VIGLIOCCO G",1
"VIGLIOTTI G",1
"VIHLBORG P",1
"VIIGIMAA M",1
"Vij P.",1
"Vijan A.",1
"Vijayakumar S.D.",1
"Vijayalaxmi J.",1
"Vijayan S.",1
"VIJAYANAND PJ",1
"VIJAYARAGHAVAN P",1
"Vijayaraghavan P.",1
"Vijayasankar A.",1
"Vijayashree T.",1
"VIJGEN J",1
"Viju S.",1
"VIKESLAND PJ",1
"Vikram G.",1
"Vikraman V.",1
"VIKTORISSON A",1
"Vila-Castelar C.",1
"Vila-Olives R.",1
"VILAS-BOAS JP",1
"VILAS BOAS JP",1
"VILELA P",1
"Villa M.",1
"VILLAIN M",1
"VILLAMARÍN C",1
"VILLANI M",1
"VILLANUEVA-MEYER JE",1
"VILLARROEL M",1
"VILLARUEL E",1
"VILLASANA L",1
"Villau M.",1
"VILLEMURE-POLIQUIN N",1
"VILLENA FB",1
"VILOTITCH A",1
"VINCELLETTE C",1
"VINCENS N",1
"VINCENT A",1
"Vincent A.",1
"VINCENT HK",1
"VINCENT JL",1
"VINCETI M",1
"Vinchi F.",1
"VINCI SL",1
"VINDAS Y",1
"Vinod R.",1
"VINOGRADSKIY Y",1
"VINOKUR M",1
"Vinoth Kanna I.",1
"Vintrych P.",1
"VINUESA R",1
"VIOTTI A",1
"Viotti A.",1
"Virani S.S.",1
"VIRANI SS",1
"VIRKAR S",1
"VIRTANEN N",1
"VIRTANEN P",1
"Virtanen P.",1
"Visan N.A.",1
"VISCA A",1
"VISCARDI RM",1
"Vishnu Vardhan M.",1
"Vishnuvardhan M.",1
"Vishram-Nielsen J.K.K.",1
"VISHRAM-NIELSEN JKK",1
"VISHWAKARMA D",1
"Vishwakarma O.",1
"VISHWAKARMA R",1
"VISHWANATH S",1
"Visileanu E.",1
"VISSER F",1
"Visseren F.",1
"VISWAKULA S",1
"VISWANATHAN M",1
"Viswanathan M.",1
"VISWANATHAN PK",1
"VISWAPRIYA SE",1
"Vita M.",1
"VITALE M",1
"Vitali E.",1
"VITOLINS MZ",1
"VITTAYAPRAPARAT P",1
"VITTINGHOFF E",1
"VIVANCO-HIDALGO R",1
"VIVANCO-HIDALGO RM",1
"VIVANCOS-MORA J",1
"VIVE S",1
"Vive S.",1
"Vivekanandan S.",1
"VIVIAN ER",1
"VIVIEN B",1
"VIZCARDO-GALINDO GA",1
"VIZUETE W",1
"VJ P",1
"VLAANDEREN J",1
"VLADAREANU L",1
"Vladimirov N.",1
"VLAINIC J",1
"VLASCEANU SG",1
"Vloka C.",1
"Vo T.T.T.",1
"VO TTT",1
"VOGELSONG MA",1
"VOGL TJ",1
"VOGT J",1
"VOGT L",1
"VOGT T",1
"VOICA C",1
"VOIGT A",1
"Voigt R.M.",1
"VOIPIO J",1
"VOJNIC M",1
"Vokoun D.",1
"VOLDERS D",1
"VOLKMAN R",1
"Volkodav O.V.",1
"VOLLAND J",1
"VOLLHERBST D",1
"Vollmar C.",1
"VOLODINA DE",1
"VOLONNINO G",1
"VOLOVICI V",1
"Volpé T.",1
"Volynsky M.A.",1
"von Aspern K.",1
"VON BAUMGARTEN L",1
"VON DONKELAAR A",1
"VON KLEIST TD",1
"VON KOCH L",1
"VON KRIEGSHEIM A",1
"VON SCHEIDT M",1
"VONGSFAK J",1
"VOOS JE",1
"VORA V",1
"VORASOOT N",1
"Voronova O.K.",1
"VORONOVA OK",1
"VORSTER APA",1
"VOSKANYAN A",1
"VOSPER E",1
"Vospernig M.",1
"VOSS JG",1
"VOTRUBA-DRZAL E",1
"Voulgaris A.",1
"VOULIOTIS A",1
"VOVOS R",1
"VRANES H",1
"VRBAN F",1
"Vrettou C.S.",1
"VROMANS J",1
"Vromans J.",1
"VROSGOU A",1
"Vrublevskaya N.A.",1
"Vu A.T.",1
"Vu B.N.",1
"VU C",1
"VU G",1
"VU JK",1
"Vukadinovic M.",1
"VUKOVIĆ M",1
"VULEKOVIC P",1
"Vulović A.",1
"Vuorio A.",1
"VY V",1
"Vyalikov D.V.",1
"VYAS R",1
"VYSOTSKAYA N",1
"W KYLE MARTIN N",1
"WAACK A",1
"WABINA RSR",1
"WACH J",1
"WACHT L",1
"WADA A",1
"Wada A.",1
"WADA M",1
"WADA R",1
"WADE A",1
"WADE AN",1
"WADEHRA D",1
"WADGHIRI YZ",1
"WADHERA R",1
"WADHERA RK",1
"WADHWA A",1
"Wadkar C.",1
"WAFAI IA",1
"WAGAR KE",1
"Wagatsuma K.",1
"WAGEMANS BAJM",1
"WAGEUSPACK A",1
"WAGHMARE L",1
"WAGNER A",1
"WAGNER AM",1
"Wagner B.",1
"Wagner C.",1
"WAGNER F",1
"Wagner F.",1
"Wagner G.R.",1
"WAGNER J",1
"WAGNER JG",1
"Wagner M.",1
"WAGTENDONK A",1
"WAHAB K",1
"WAHAB MIA",1
"Wahba A.",1
"Wahid F.A.",1
"Wahid N.",1
"Wahile G.S.",1
"WAHL DR",1
"WÅHLIN A",1
"Wahlster S.",1
"WAI SANG SL",1
"WAIBEL S",1
"Waidyatillake N.T.",1
"WAITE KA",1
"WAJDA A",1
"WAKABAYASHI R",1
"Wakabayashi R.",1
"WAKABAYASHI T",1
"Wakabayashi Y.",1
"Wakasa R.",1
"WAKEHAM DJ",1
"WAKEM M",1
"WAKUTA N",1
"Wakuta N.",1
"WALAS W",1
"WALAYAT A",1
"Wald A.",1
"WALD LL",1
"WALDECK S",1
"Walden D.",1
"WALELGN N",1
"Walelgn N.",1
"WALKER AE",1
"WALKER DW",1
"WALKER FR",1
"WALKER L",1
"WALKER LR",1
"WALKER MJ",1
"WALKER RW",1
"Walker S.C.",1
"Walkty A.",1
"WALL HK",1
"Wallace K.L.",1
"Wallace L.A.",1
"WALLACE LA",1
"Wallenberg N.",1
"WALLER J",1
"WALLER JL",1
"WALLNER C",1
"WALLOE L",1
"WALSH-WILKINSON É",1
"WALSH A",1
"WALSH E",1
"WALSH L",1
"Walsh L.V.",1
"WALSH LV",1
"Walsh M.",1
"WALSH MC",1
"WALSH NP",1
"WALTER E",1
"Walter K.",1
"Walter T.",1
"WALTHER M",1
"WALTON H",1
"Walton H.",1
"WALZ DJ",1
"Wan A W.Z.",1
"Wan F.",1
"Wan H.",1
"WAN HASAN WZ",1
"WAN JB",1
"WAN L",1
"Wan Mansor W.N.",1
"WAN MANSOR WN",1
"WAN MP",1
"WAN MWL",1
"WAN N",1
"WAN S",1
"WAN SC",1
"WAN W",1
"WAN Y",1
"Wan Z.",1
"Wanchu A.",1
"Wang A.P.",1
"Wang A.Y.",1
"WANG AY",1
"WANG BR",1
"WANG BX",1
"Wang C.Q.",1
"WANG CC",1
"WANG CH",1
"WANG DC",1
"WANG DM",1
"WANG DN",1
"WANG DS",1
"WANG EY",1
"Wang G.L.",1
"Wang H.T.",1
"WANG HC",1
"WANG HT",1
"Wang J.J.",1
"WANG JB",1
"WANG JH",1
"WANG JK",1
"WANG JM",1
"WANG JQ",1
"WANG JX",1
"WANG JY",1
"Wang K.M.",1
"WANG KY",1
"Wang L.H.",1
"Wang L.L.",1
"WANG LB",1
"WANG LL",1
"WANG LP",1
"WANG LY",1
"Wang M.S.",1
"Wang M.T.",1
"WANG MD",1
"WANG MH",1
"WANG MJ",1
"WANG MQ",1
"WANG MT",1
"WANG MTM",1
"WANG NE",1
"Wang P.C.",1
"WANG PH",1
"WANG QL",1
"WANG QN",1
"Wang R.L.",1
"Wang R.Y.",1
"Wang S.K.",1
"Wang S.Q.",1
"Wang S.Y.",1
"WANG SJ",1
"WANG SK",1
"WANG SY",1
"Wang T.C.",1
"WANG TD",1
"WANG TS",1
"WANG TT",1
"WANG TY",1
"Wang V.Z.",1
"WANG VS",1
"Wang W.B.",1
"WANG WK",1
"WANG WL",1
"Wang X.H.",1
"Wang X.W.",1
"WANG XB",1
"WANG XL",1
"WANG XM",1
"WANG XP",1
"WANG XR",1
"WANG XX",1
"WĀNG Y",1
"WANG Y.",1
"Wāng Y.",1
"Wang Y.c.",1
"Wang Y.X.",1
"WANG YJ",1
"WANG YL",1
"WANG YN",1
"WANG YT",1
"WANG YW",1
"WANG YX",1
"Wang Z.G.",1
"Wang Z.H.",1
"Wang Z.W.",1
"Wang Z.Y.",1
"WANG ZG",1
"WANG ZQ",1
"WANG ZW",1
"Wangmo P.",1
"WANI F",1
"WANIBUCHI M",1
"WANNASORN S",1
"Waqfi D.",1
"Ward-Caviness C.K.",1
"WARD AH",1
"Ward J.L.",1
"Ward N.S.",1
"WARDLAW J",1
"Wardono H.",1
"WARE TH",1
"WARGUŁA Ł",1
"WARIACH K",1
"Warioba C.S.",1
"WARK PA",1
"WARNCKE S",1
"WARNER DS",1
"Warner L.",1
"WARNER M",1
"WARNER WR",1
"WARNICK RE",1
"WARREN JD",1
"WARREN KC",1
"Warzel R.T.",1
"WASHIDA N",1
"Washimi T.",1
"WASHINGTON DL",1
"Washio T.",1
"WASILEWSKI D",1
"Wasilewski D.",1
"WASIQ SA",1
"WASMANN RE",1
"WASSERMAN BA",1
"WASYLIW S",1
"WATANABE A",1
"WATANABE D",1
"Watanabe D.",1
"Watanabe H.",1
"Watanabe I.",1
"WATANABE J",1
"WATANABE K",1
"Watanabe K.",1
"WATANABE N",1
"WATANABE R",1
"WATANABE T",1
"Watanabe T.",1
"WATANUKI M",1
"WATARI Y",1
"Waters E.L.",1
"WATERS EL",1
"WATERS JT",1
"WATERS S",1
"WATKINS RD",1
"WATKINSON PJ",1
"WATSO JC",1
"WATSON BD",1
"WATSON H",1
"Watson J.B.",1
"WATSON JB",1
"WATSON P",1
"WATSON T",1
"WATT MJ",1
"WATTOO MA",1
"WATTS JEM",1
"WAUGH S",1
"WAUGH SJ",1
"WAWRZKIEWICZ-JAŁOWIECKA A",1
"Wawrzyniak P.",1
"WAXENBAUM J",1
"WAXER JF",1
"WAXMAN MJ",1
"WAY BM",1
"Waymont J.M.J.",1
"WAYMONT JMJ",1
"WAYNE A",1
"Wazaren H.",1
"WEAGLE C",1
"WEAVER J",1
"WEAVER JB",1
"WEBB AJ",1
"WEBB AJS",1
"WEBBER MP",1
"WEBBER SC",1
"WEBBER T",1
"WEBER-FISHKIN S",1
"Weber-Fishkin S.",1
"Weber E.",1
"WEBER H",1
"WEBER JE",1
"WEBER KA",1
"WEBER KJ",1
"WEBER LP",1
"WEBER P",1
"WEBER R",1
"Weber R.Z.",1
"WEBER TC",1
"Webster C.M.",1
"WEBSTER TF",1
"WEBSTER W",1
"WEE JH",1
"Weed L.",1
"WEEKS AE",1
"WEGENER G",1
"WEGENER S",1
"WĘGLARZ K",1
"WEGMAN DH",1
"Wegmann T.",1
"WEGNER A",1
"Wegner A.",1
"Wegner F.K.",1
"WEGNER R",1
"WEI B",1
"WEI D",1
"WEI F",1
"WEI GS",1
"WEI JC",1
"WEI K",1
"WEI KS",1
"Wei N.",1
"Wei Q.Y.",1
"WEI QT",1
"Wei R.",1
"Wei R.J.",1
"Wei X.",1
"WEI YP",1
"Wei Z.S.",1
"WEI ZZ",1
"Weichenthal S.",1
"WEIDINGER F",1
"Weigang L.",1
"Weil T.",1
"WEILAND E",1
"WEIMAR C",1
"WEIN B",1
"WEINBERG JH",1
"WEINBERG KR",1
"Weinberger K.R.",1
"WEINBERGER KR",1
"Weiner C.M.",1
"WEINER CM",1
"WEINMANN-MENKE J",1
"Weinreb J.C.",1
"WEINTRAUB D",1
"Weiser I.F.",1
"WEISMAN E",1
"WEIß C",1
"Weiss H.",1
"WEISS I",1
"Weiss J.P.",1
"WEISS JP",1
"Weiss M.",1
"Weiss R.",1
"WEISSMAN A",1
"WEIYI LI",1
"WEKSLER Y",1
"WELCHOWSKI T",1
"WELIN ODEBACK O",1
"Welin Odeback O.",1
"WELKENHUYZEN L",1
"Welland S.H.",1
"WELLENS L",1
"WELLER C",1
"WELLER W",1
"Welles T.S.",1
"WELLING DB",1
"WELLINGTON CL",1
"WELLINGTON J",1
"WELLMANN S",1
"Wells A.",1
"WELLS J",1
"Wells M.",1
"WELTI LM",1
"WEMHONER J",1
"WEN C",1
"Wen C.",1
"WEN CK",1
"WEN D",1
"Wen D.",1
"Wen F.L.",1
"Wen H.",1
"Wen H.x.",1
"WEN JS",1
"Wen L.",1
"WEN MS",1
"WEN S",1
"Wen T.",1
"WEN W",1
"Wen X.",1
"Wen Z.",1
"WENG J",1
"WENG L",1
"Weng L.",1
"Weng S.",1
"WENG X",1
"WENGER N",1
"WENGUO H",1
"Wenlong M.",1
"WENNBERG P",1
"Wenting J.",1
"Wenyi Y.",1
"WENZ H",1
"WENZEL DA",1
"WEPLER M",1
"Werchota R.",1
"Werdiger F.",1
"WERESKI R",1
"WERLEN L",1
"WERNER T",1
"WERNHEIMER V",1
"WERNLY B",1
"WERRING D",1
"WERTHEIM HFL",1
"WESP DMA",1
"WESSEL CR",1
"WESSELING C",1
"WESSELING J",1
"WESSELY S",1
"WEST AB",1
"WEST AS",1
"WEST CR",1
"WEST PJ",1
"WEST RE",1
"WESTBERG H",1
"WESTHALL E",1
"Westlund A.",1
"WESTON C",1
"Westwood C.S.",1
"WETTER R",1
"WETTERLING F",1
"Wetterling F.",1
"WEYLAND C",1
"Weyland C.S.",1
"WHALEN P",1
"WHANG W",1
"WHANGCHAI K",1
"WHEELER AJ",1
"WHEELER BW",1
"WHEELOCK C",1
"WHISNANT J",1
"WHITAKER-HILBIG AA",1
"WHITE A",1
"White A.J.",1
"WHITE J",1
"White M.",1
"White M.H.",1
"WHITE MP",1
"WHITE OR",1
"WHITEHEAD HV",1
"WHITEHOUSE S",1
"WHITELEY WN",1
"WHITING E",1
"Whitman E.M.",1
"WHITMAN EM",1
"WHITMAN G",1
"WHITMER RA",1
"Whittaker E.",1
"Whittington R.H.",1
"Whitwell J.L.",1
"Whyte M.",1
"WHYTE S",1
"WI J",1
"WI W",1
"WIBMER AG",1
"Wibowo A.",1
"WICHERS HJ",1
"WICHMANN JL",1
"WICKHAM H",1
"WICKRAMARATNE T",1
"WICKREMASINGHE AR",1
"Wickware C.",1
"WIDAMAN KF",1
"WIDARINI DA",1
"Widarti L.",1
"WIDATALLA STH",1
"WIDER JM",1
"WIDHALM G",1
"WIEBEN O",1
"WIĘCKOWSKA B",1
"Wieczkowski M.S.",1
"WIECZOREK B",1
"WIEDMANN M",1
"Wiedmann M.",1
"WIELANDTS JY",1
"WIELGAT MB",1
"WIENCKE AK",1
"Wiens T.",1
"WIERTEL-KRAWCZUK A",1
"WIERUP P",1
"WIESE L",1
"WIESENER C",1
"Wiesener C.",1
"WIESER M",1
"WIESMANN M",1
"WIEST R",1
"Wietrzny A.E.",1
"WIETRZNY AE",1
"WIEWIÓROWSKA S",1
"WIGGINS CJ",1
"WIGGINS JB",1
"WIGGINS MF",1
"WIJATA A",1
"WIJDICKS EFM",1
"Wijesundera C.N.",1
"WIJESUNDERA CN",1
"WIJNEN JP",1
"WIKELSKI M",1
"Wiklund L.",1
"Wilbeck J.",1
"WILBER DJ",1
"WILCOX KS",1
"WILCOX L",1
"WILCZYNSKA A",1
"WILCZYNSKI E",1
"WILD P",1
"WILDE EA",1
"WILDE J",1
"WILES M",1
"WILHELM C",1
"WILHELMS ZU BICKERN P",1
"WILK P",1
"WILKINSON DA",1
"WILKINSON M",1
"Willaredt M.",1
"Willcox M.J.",1
"WILLCOX MJ",1
"WILLEMS MET",1
"WILLEMSTEIN N",1
"Willemstein N.",1
"Willett Y.",1
"WILLHITE CC",1
"WILLIAMS C",1
"WILLIAMS DJ",1
"WILLIAMS E",1
"WILLIAMS EL",1
"WILLIAMS F",1
"WILLIAMS GH",1
"Williams J.",1
"WILLIAMS KA",1
"WILLIAMS LJ",1
"WILLIAMS OA",1
"Williams P.C.M.",1
"Williams T.M.",1
"WILLIAMS TB",1
"Williams V.A.",1
"WILLIAMS VF",1
"Williamson C.A.",1
"WILLIAMSON CA",1
"WILLIAMSON JR",1
"WILLIAMSON MR",1
"Williamson N.H.",1
"WILLIAMSON NH",1
"WILLING TF",1
"WILLIS AW",1
"WILLIS D",1
"Willmott A.G.B.",1
"WILLMOTT AGB",1
"WILLMS JF",1
"WILLS J",1
"WILLS M",1
"WILMES M",1
"WILMS GM",1
"WILSON-COSTELLO DE",1
"WILSON B",1
"Wilson B.H.",1
"WILSON CG",1
"WILSON DW",1
"Wilson L.G.",1
"WILSON LC",1
"WILSON M",1
"WILSON MG",1
"WILSON MW",1
"WILSON RH",1
"WILSON T",1
"WILSON Y",1
"WILT G",1
"WILTGEN T",1
"WILTON S",1
"WILTSHIRE A",1
"Winata A.",1
"WINBLADH B",1
"WINDECKER S",1
"WINDER CB",1
"Winford E.D.",1
"Wingo J.E.",1
"WINGO M",1
"WINIARSKI G",1
"WINKELMANN ZK",1
"WINKELMEIER L",1
"WINKERT K",1
"WINKLHOFER S",1
"Winklhofer S.",1
"WINKVIST A",1
"Winnes H.",1
"Winnick A.A.",1
"Winokur P.",1
"WINQUIST A",1
"WINSTEIN C",1
"WINTER S",1
"Winzer E.B.",1
"WINZER S",1
"WIPFLER P",1
"WIPPLINGER C",1
"WIREKO AA",1
"WIRESTAM R",1
"WISE LA",1
"WISE MP",1
"WISE R",1
"WISE RG",1
"WISEMAN S",1
"WISEMAN SJ",1
"WISLØFF-AASE K",1
"Wisløff-Aase K.",1
"Wisnewski A.V.",1
"WISNEWSKI AV",1
"WISNOWSKI JL",1
"Wisutep P.",1
"Witberg G.",1
"WITBERG T",1
"WITHAGEN P",1
"Witkowski A.",1
"WITT MJ",1
"WITTE OW",1
"WITTICH FK",1
"Wittmann B.",1
"Witze A.",1
"WITZENRATH M",1
"WLADIS EJ",1
"WODCHIS W",1
"WODSCHOW K",1
"WOHLGEMUTH K",1
"Wohlgemuth K.",1
"WOHLLEBEN C",1
"WOITOK BK",1
"WOJCIECHOWSKA W",1
"WOJCIECHOWSKI Ł",1
"Wojewódka-Ściążko H.",1
"Wojtas A.M.",1
"WOLAN-NIERODA A",1
"WOLD ES",1
"Wold t.S.",1
"WOLDE HM",1
"WOLF A",1
"WOLF D",1
"WOLF JR",1
"Wolf K.",1
"WOLF S",1
"WOLF U",1
"WOLFE C",1
"WOLFE L",1
"WOLFERTZ J",1
"WOLFFENBUTTEL BHR",1
"Wolfrum S.",1
"Wolfsberger C.H.",1
"WOLFSCHMITT EM",1
"WOLFSON C",1
"Wolhuter K.",1
"WOLK A",1
"WOLK DA",1
"WOLMAN DN",1
"WOLPAW J",1
"WOLSTENCROFT M",1
"WON S",1
"WONG A",1
"Wong A.",1
"WONG AM",1
"WONG B",1
"WONG BBM",1
"Wong E.",1
"Wong E.L.Y.",1
"WONG GKC",1
"Wong H.",1
"WONG HY",1
"WONG J",1
"WONG JH",1
"WONG JYY",1
"Wong K.K.",1
"Wong K.K.L.",1
"WONG KA",1
"WONG KK",1
"Wong N.D.",1
"WONG OY",1
"WONG PK",1
"WONG SM",1
"WONGMAYURACHAT K",1
"Wongsanuphat S.",1
"Woo B.",1
"WOO J",1
"WOO JS",1
"WOO KS",1
"WOOD AD",1
"Wood D.A.",1
"WOOD F",1
"Wood F.",1
"WOOD G",1
"WOOD J",1
"WOOD JA",1
"WOOD L",1
"WOODCOCK J",1
"WOODHOUSE LJ",1
"WOODIN JA",1
"Woodland L.",1
"WOODRUFF TJ",1
"WOODS JG",1
"WOODS SE",1
"Woodside J.V.",1
"WOODWARD CA",1
"Woodward M.R.",1
"Woodward O.B.",1
"WOODWARD OB",1
"WOOLF B",1
"Woorons X.",1
"WORLEY M",1
"WORLEY ML",1
"WORM A",1
"WORRILOW CC",1
"WORSCHECH F",1
"Worschech F.",1
"WORSLEY PR",1
"WORTERS P",1
"WORTMANN SB",1
"WOSTRACK M",1
"WOUTERS A",1
"WOYWODT A",1
"WOZNIAK M",1
"Wright C.Y.",1
"WRIGHT CY",1
"WRIGHT JS",1
"Wright N.",1
"WRIGHT RO",1
"WU A",1
"Wu A.H.",1
"WU AHB",1
"WU AQ",1
"Wu B.C.B.",1
"Wu B.F.",1
"WU BC",1
"WU BCB",1
"WU BF",1
"WU BJ",1
"Wu C.C.",1
"WU CD",1
"WU CM",1
"WU CZ",1
"Wu D.W.",1
"WU E",1
"WU FS",1
"WU FY",1
"Wu H.n.",1
"WU HH",1
"WU HW",1
"WU HY",1
"WU JC",1
"WU JH",1
"WU JW",1
"WU JY",1
"WU K",1
"Wu K.",1
"Wu K.C.",1
"WU KC",1
"WU KH",1
"Wu L.Y.",1
"WU LY",1
"Wu M.L.",1
"WU N",1
"Wu N.",1
"Wu P.C.",1
"WU PA",1
"WU PC",1
"WU QM",1
"Wu R.",1
"Wu S.S.",1
"WU SS",1
"WU TY",1
"WU V",1
"Wu W.T.",1
"WU WJ",1
"WU WQ",1
"WU XL",1
"WU YC",1
"WU YD",1
"WU YH",1
"WU YL",1
"WU YM",1
"WU YQ",1
"WU YY",1
"WUERFL T",1
"WUESTE M",1
"WUNDERLICH S",1
"WUSS S",1
"WUSTHOFF C",1
"WUSTHOFF CJ",1
"WUYTS L",1
"Wyckoff M.H.",1
"WYKA K",1
"Wynkoop W.",1
"Wyrobek J.",1
"WYSS-CORAY T",1
"WYSS M",1
"Wаng L.",1
"Xi D.",1
"XI F",1
"XI L",1
"XI R",1
"Xi S.",1
"Xi Y.",1
"XIA C",1
"Xia C.",1
"XIA D",1
"Xia D.M.",1
"XIA DM",1
"XIA H",1
"XIA M",1
"XIA N",1
"Xia N.",1
"XIA Q",1
"Xia W.",1
"XIAN H",1
"XIAN Y",1
"XIANG C",1
"Xiang C.",1
"XIANG L",1
"XIANG Q",1
"Xiang R.",1
"Xiang Y.",1
"XIANG YB",1
"XIANGZHE L",1
"XIAO B",1
"XIAO BZ",1
"XIAO D",1
"XIAO FH",1
"Xiao J.",1
"Xiao K.",1
"XIAO L",1
"Xiao L.",1
"Xiao M.",1
"XIAO N",1
"XIAO PL",1
"Xiao Q.",1
"XIAO T",1
"Xiao W.",1
"Xiaobin L.",1
"XIAODONG Z",1
"XIAOFEI YU",1
"XIAOHALATI X",1
"XIAOLING W",1
"XIAOSHUANG X",1
"XIE B",1
"XIE D",1
"XIE E",1
"Xie E.",1
"Xie F.",1
"XIE HH",1
"Xie J.b.",1
"XIE ME",1
"XIE N",1
"Xie N.",1
"XIE P",1
"XIE Q",1
"Xie Q.",1
"XIE QY",1
"XIE S",1
"XIE SX",1
"XIE T",1
"Xie W.",1
"XIE XX",1
"XIN A",1
"Xin C.",1
"Xin D.",1
"XIN J",1
"Xin J.",1
"Xin M.",1
"XIN Q",1
"Xin Q.",1
"XIN R",1
"XIN X",1
"Xin X.",1
"XIN XY",1
"XINCHUN Z",1
"XING C",1
"XING G",1
"XING J",1
"Xing K.",1
"XING Q",1
"XING R",1
"Xing X.",1
"XING Y",1
"Xingfeng P.",1
"XIONG D",1
"Xiong F.",1
"XIONG JF",1
"XIONG JQ",1
"Xiong L.",1
"XIONG Q",1
"XIONG QS",1
"XIONG S",1
"XIONG T",1
"Xiong W.",1
"Xiong X.",1
"XIONG YY",1
"Xu A.",1
"XU EG",1
"Xu F.F.",1
"Xu H.B.",1
"Xu J.B.",1
"Xu J.L.",1
"Xu K.",1
"XU N",1
"Xu N.",1
"XU P",1
"XU QH",1
"Xu S.Y.",1
"XU SB",1
"XU ST",1
"XU SY",1
"Xu T.B.",1
"Xu X.Q.",1
"XU XM",1
"XU XQ",1
"XU XY",1
"XU YL",1
"XU YX",1
"XUAN H",1
"XUAN Z",1
"XUE B",1
"XUE C",1
"XUE D",1
"Xue D.",1
"XUE G",1
"Xue G.",1
"XUE MM",1
"Xue P.",1
"Xue T.",1
"XUE W",1
"XUE Z",1
"Xuecong Z.",1
"Xv F.",1
"Y REDDY V",1
"Ya-Wen W.",1
"YAAKOV ZT",1
"YAARI R",1
"YABLUCHANSKIY A",1
"YACAMÁN-MÉNDEZ D",1
"Yacheur D.",1
"Yadav A.",1
"YADAV BK",1
"Yadav C.",1
"YADAV JK",1
"YADAV L",1
"Yadav N.K.",1
"Yadav R.",1
"Yadav R.K.",1
"YADUVANSHI A",1
"YAFFE MB",1
"YAGER JY",1
"YAGI M",1
"Yagi M.",1
"YAGI N",1
"Yagi S.",1
"YAGI T",1
"YAGIL C",1
"YAGIL Y",1
"Yagnasri A.",1
"YAGO H",1
"YAHAYA IS",1
"YAHIKOZAWA K",1
"YAHYA T",1
"Yair Y.",1
"YAJIMA J",1
"YAKHKIND A",1
"Yakhkind A.",1
"Yakovlev A.Y.",1
"YAKU H",1
"Yaku H.",1
"YAKUB MA",1
"YALAVARTHY PK",1
"Yaldiz C.O.",1
"YALDIZ CO",1
"YALIN M",1
"Yalin M.",1
"YALONETSKY S",1
"YAMADA E",1
"YAMADA H",1
"Yamada H.",1
"Yamada K.",1
"YAMADA M",1
"YAMADA N",1
"Yamada S.M.",1
"Yamada T.",1
"Yamadori Y.",1
"YAMAGA H",1
"YAMAGUCHI H",1
"Yamaguchi H.",1
"Yamaguchi J.",1
"YAMAGUCHI K",1
"YAMAGUCHI S",1
"Yamaguchi T.",1
"YAMAJI H",1
"YAMAJI T",1
"YAMAKAWA K",1
"YAMAKAWA T",1
"Yamakawa Y.",1
"YAMAKI A",1
"Yamakita Y.",1
"YAMAKUNI R",1
"YAMAMOTO H",1
"YAMAMOTO J",1
"YAMAMOTO K",1
"Yamamoto S.",1
"Yamamoto T.",1
"YAMAMURA K",1
"YAMAMURA Y",1
"Yamamura Y.",1
"YAMANA H",1
"YAMANAKA MS",1
"YAMANO Y",1
"Yamanouchi Y.",1
"YAMAO K",1
"YAMAOKA-TOJO M",1
"Yamaoka-Tojo M.",1
"YAMASAKI F",1
"YAMASAKI L",1
"Yamasaki T.",1
"YAMASHIRO K",1
"YAMASHITA M",1
"YAMASHITA Y",1
"YAMATAKA M",1
"Yamataka M.",1
"Yamato S.H.",1
"YAMATO SH",1
"Yamauchi K.",1
"Yamauchi T.",1
"YAMAYA T",1
"YAMAZAKI A",1
"Yamazaki K.",1
"YAMAZAKI T",1
"Yamazaki Y.",1
"YAMIN D",1
"Yamin J.",1
"YAMORI Y",1
"Yan B.",1
"Yan D.",1
"YAN DM",1
"YAN JA",1
"YAN K",1
"Yan L.",1
"Yan L.D.",1
"YAN LD",1
"YAN LM",1
"YAN Q",1
"Yan R.",1
"YAN T",1
"YAN W",1
"Yan W.",1
"YAN WANG Z",1
"YAN WB",1
"YAN YH",1
"Yan Z.",1
"YANAGAWA Y",1
"YANAGIDA T",1
"YANAGISAWA J",1
"YANAGISAWA K",1
"YANAI A",1
"YANG A",1
"Yang A.",1
"Yang C.L.",1
"Yang C.P.",1
"Yang C.T.",1
"YANG CC",1
"YANG CJ",1
"YANG CP",1
"YANG CY",1
"Yang F.Y.",1
"YANG FF",1
"Yang G.",1
"Yang H.J.",1
"Yang H.S.",1
"YANG HG",1
"YANG HW",1
"YANG I",1
"YANG JJ",1
"YANG JK",1
"YANG JQ",1
"Yang K.J.",1
"YANG KJ",1
"YANG KX",1
"YANG LL",1
"YANG LQ",1
"Yang M.C.",1
"Yang M.M.",1
"YANG NS",1
"YANG PC",1
"Yang S.W.",1
"YANG SH",1
"YANG SJ",1
"YANG SQ",1
"YANG WH",1
"YANG WX",1
"YANG WY",1
"YANG X.Y.",1
"YANG XM",1
"YANG XS",1
"YANG YF",1
"YANG YQ",1
"YANG ZS",1
"YANKANCHI SG",1
"Yankoty L.I.",1
"Yano J.",1
"YANOSKY JD",1
"YANOVICH R",1
"Yao B.",1
"YAO C",1
"Yao D.X.",1
"YAO DX",1
"YAO F",1
"Yao H.",1
"Yao J.",1
"YAO P",1
"Yao P.",1
"YAO R",1
"Yao R.",1
"Yao S.",1
"YAO T",1
"Yao T.",1
"YAO TT",1
"YAO W",1
"Yao W.",1
"YAO Z",1
"YAO ZW",1
"YAP C",1
"Yap S.Q.",1
"YAP SC",1
"YAQOOB H",1
"Yaqoob H.",1
"Yaqub M.",1
"YARDIM ZS",1
"YARIWAKE VY",1
"YARMOHAMMADI F",1
"YAROVA K",1
"Yarova K.",1
"Yarza S.",1
"Yasaratne D.",1
"YASEEN S",1
"Yashnikova M.V.",1
"YASSARI R",1
"YASSI N",1
"YASSIN A",1
"Yassin A.",1
"YASSIN MM",1
"YASUDA S",1
"YASUDA T",1
"Yasuda T.",1
"YASUI H",1
"YASUNAGA H",1
"Yates P.A.",1
"YATES T",1
"YAU T",1
"YAU V",1
"YAVAGAL DR",1
"YAVARI B",1
"Yaxin W.",1
"YAZDANI M",1
"YAZDI S",1
"Yazici D.",1
"YAZICI SE",1
"YDSTRÖM K",1
"YE D",1
"YE L",1
"Ye L.",1
"Ye Q.",1
"YE W",1
"Ye Z.",1
"YEAGER R",1
"Yeager R.",1
"YEAGLE J",1
"Yean C.W.",1
"YEAP BB",1
"Yeargin S.",1
"Yeargin S.W.",1
"YEATTS SD",1
"YECHEZKEL M",1
"Yedavalli V.S.",1
"YEE C",1
"YEFENG C",1
"YEFIMOVA YV",1
"YEH CH",1
"YEH LAI AMANDA C",1
"YEH MH",1
"YEH P",1
"Yehl J.L.",1
"YEKKALURU S",1
"Yen C.T.",1
"Yen J.M.",1
"YEN JM",1
"Yen T.H.",1
"YENARI MA",1
"YENIÇERIOĞLU Y",1
"YENUGADHATI N",1
"YEO DTB",1
"YEO MK",1
"YEO WH",1
"Yeoh C.W.",1
"YEOH CW",1
"YEOM KW",1
"YEON G",1
"YEOW LY",1
"Yerly J.",1
"Yermakova I.",1
"YERRABELLI RS",1
"YETIŞIR H",1
"YEUNG HY",1
"YÉVENES-BRIONES H",1
"Yévenes-Briones H.",1
"Yfantis E.A.",1
"YI B",1
"Yi C.",1
"YI G",1
"Yi J.",1
"YI J.",1
"YI L",1
"YI P",1
"Yi X.",1
"YI Y",1
"Yi Z.",1
"YICHUN J",1
"Yifan L.",1
"YIĞIT G",1
"Yiğit G.",1
"YIIN J",1
"YILDIRIM ES",1
"YILDIRIM N",1
"YILDIZ MG",1
"Yılmaz M.",1
"Yilmaz S.",1
"Yilmazer H.",1
"Yim S.H.L.",1
"YIMING S",1
"Yin D.",1
"YIN DM",1
"YIN G",1
"YIN H",1
"YIN JH",1
"YIN JY",1
"Yin L.",1
"Yin M.",1
"YIN Q",1
"Yin T.",1
"Yin X.",1
"Yin Y.",1
"YIN YJ",1
"YING J",1
"YING L",1
"Ying S.J.",1
"YING T",1
"YING X",1
"YING Y",1
"Ying Y.",1
"yingfei S.",1
"Yingfei S.",1
"Yip C.S.C.",1
"YIP CSA",1
"YIP DS",1
"YIU BK",1
"Yixin X.",1
"Yndigegn T.",1
"Yodawara C.",1
"YODER BA",1
"YODER RC",1
"Yoeli T.",1
"Yogeeswara T.",1
"Yokobori S.",1
"YOKOHAMA T",1
"YOKOI K",1
"Yokokawa M.",1
"YOKOMIZO S",1
"YOKOTA Y",1
"YOKOYAMA Y",1
"YON DK",1
"YONAS H",1
"Yoneda K.",1
"YONEHARA T",1
"YONEMOCHI T",1
"Yoneya N.",1
"YONEYAMA K",1
"YONEYAMA M",1
"Yong M.F.",1
"YONG VW",1
"Yongyukantorn K.",1
"YOO B",1
"YOO G",1
"YOO H",1
"YOO KY",1
"YOO SJ",1
"Yoo T.K.",1
"YOON D",1
"Yoon H.G.",1
"YOON J",1
"Yoon J.H.",1
"YOON JH",1
"YOON JW",1
"YOON KW",1
"YOON MJ",1
"Yoon S.H.",1
"YOON SY",1
"Yoon T.h.",1
"YOON TH",1
"Yorifuji T.",1
"YORKE E",1
"YORKE ED",1
"YOSEPH B",1
"YOSHIDA A",1
"YOSHIDA R",1
"YOSHIHARA S",1
"YOSHIKAWA S",1
"Yoshikawa T.",1
"YOSHIKAWA Y",1
"YOSHIMARU D",1
"YOSHIMATSU S",1
"YOSHIMOTO K",1
"Yoshimoto K.",1
"Yoshimoto T.",1
"YOSHIMURA M",1
"YOSHINO Y",1
"YOSHIOKA H",1
"YOSHITAKE S",1
"YOST J",1
"YOU A",1
"You A.",1
"YOU AS",1
"You H.",1
"YOU JSH",1
"You L.",1
"YOU M",1
"You S.",1
"You S.H.",1
"YOU X",1
"YOU Z",1
"YOUKEE D",1
"Youn C.S.",1
"YOUN CS",1
"YOUN JC",1
"Younas M.",1
"Younes-Velosa C.",1
"YOUNES M",1
"Young G.A.",1
"YOUNG KM",1
"Young L.J.",1
"YOUNG M",1
"Young S.G.",1
"YOUNG SI",1
"YOUNG T",1
"YOUNGER J",1
"YOUNISS L",1
"Youniss L.",1
"Younossi Z.M.",1
"YOUSAF H",1
"YOUSEF O",1
"YOUSEF S",1
"YOUSEFI H",1
"YOUSEFIAN M",1
"YOUSEFZAI S",1
"Yousefzai S.",1
"Yousif I.E.",1
"YOUSIF M",1
"YOUSIF N",1
"Yousif O.M.",1
"YOUSSEF PE",1
"YOUSSFI M",1
"Yousuff M.",1
"Yu-Liang P.",1
"YU-WAI CHAN J",1
"Yu C.H.",1
"YU CH",1
"YU CHENG H",1
"Yu D.",1
"YU EY",1
"YU FY",1
"YU G",1
"YU HM",1
"YU HY",1
"Yu J.F.",1
"YU JT",1
"YU JZ",1
"Yu K.",1
"Yu L.S.",1
"YU N",1
"Yu P.",1
"YU RH",1
"Yu S.P.",1
"YU SJ",1
"YU SK",1
"Yu W.",1
"YU ZL",1
"YUAN A",1
"Yuan B.",1
"YUAN D",1
"YUAN F",1
"Yuan F.",1
"YUAN G",1
"Yuan H.Y.",1
"Yuan J.",1
"YUAN K",1
"Yuan K.",1
"Yuan M.",1
"Yuan R.",1
"Yuan S.N.",1
"Yuan T.",1
"YUAN W",1
"Yuan Y.J.",1
"Yuan Z.",1
"YUANQI Z",1
"Yuba T.",1
"YUDIN VS",1
"Yue-liang X.",1
"YUE B",1
"YUE C",1
"YUE K",1
"YUE M",1
"YUE Q",1
"YUE S",1
"YUE W",1
"Yue W.",1
"YUE Y",1
"Yue Y.",1
"Yue Z.",1
"YUEDE C",1
"YUELI Z",1
"YUEN YS",1
"YUKUMI S",1
"Yukumi S.",1
"Yuliarto S.",1
"Yuliyani I.",1
"Yumino S.",1
"YUMOTO T",1
"YUN B",1
"Yun C.S.",1
"YUN CS",1
"YUN HJ",1
"YUN L",1
"Yun S.",1
"YUN SM",1
"YUNESIAN M",1
"Yunsong Z.",1
"Yuqian Z.",1
"Yuqin A.",1
"Yur’yeva S.V.",1
"YURIEV MY",1
"YUROVITSKY A",1
"Yurugi S.",1
"Yusha T.",1
"Yusof A.M.",1
"YUSOF AA",1
"Yusuf A.M.",1
"YUSUF K",1
"Yusuf S.",1
"Yusufu A.",1
"YUTAKA N",1
"YUVAL I",1
"YUVARAJ M",1
"Yuvaraj M.",1
"Yuvenda D.",1
"Zaaqoq A.M.",1
"ZAAQOQ AM",1
"Zaareer M.",1
"ZABALA A",1
"Zabihihesari A.",1
"Zaboli A.",1
"ZACÀ D",1
"ZACCA R",1
"ZACCARDI F",1
"ZACHARIAS J",1
"Zacharias J.",1
"ZADEH ZF",1
"Zaeni I.A.E.",1
"ZAFEIRATOU S",1
"Zafeiratou S.",1
"ZAFIRAH Y",1
"ZAGER P",1
"ZAHARCHUK G",1
"ZAHER REY",1
"ZAHID D",1
"ZAHIRI M",1
"ZAHOOR MA",1
"Zaid Al-Kaylani A.H.A.",1
"ZAID M",1
"ZAIDAT OO",1
"ZAIDI H",1
"Zaidi K.F.",1
"ZAIDI S",1
"ZAINO D",1
"ZAIZEN H",1
"Žák M.",1
"Zak S.M.",1
"ZAKARIA M",1
"Zakaria M.",1
"ZAKARIA S",1
"Zakaria S.",1
"Zaken S.B.",1
"Zakeryaev A.B.",1
"ZAKI N",1
"ZAKI P",1
"Zaki T.",1
"Zakri A.A.",1
"ZALEWSKA K",1
"Zalewska K.",1
"ZALOGIN S",1
"ZALOOM S",1
"ZAMAN A",1
"Zaman H.",1
"ZAMAN K",1
"Zaman S.",1
"ZAMAN SB",1
"ZAMANI A",1
"Zambalov S.D.",1
"Zamboni G.",1
"ZAMBONI R",1
"ZAMMIT C",1
"Zammit C.",1
"ZAMORA-LEDEZMA E",1
"Zamorategui-Molina A.",1
"ZAMPOLLI L",1
"Zan J.",1
"ZAN Q",1
"ZANCANA G",1
"ZANG L",1
"Zang S.T.",1
"ZANG W",1
"ZANG Y",1
"ZANINOTTO P",1
"ZANOTTI B",1
"Zanotto B.S.",1
"ZANOTTO BS",1
"ZANZA C",1
"ZAPATA-DIOMEDI B",1
"ZAPATA-SORIA M",1
"ZAPLATOSCH ME",1
"ZARDINI AA",1
"Zare Jeddi M.",1
"Zare Lahijan L.",1
"Zare Sakhvidi M.J.",1
"ZARĘBA K",1
"Zaręba K.",1
"ZAREDAR N",1
"ZAREEI J",1
"ZAREI H",1
"ZAREI M",1
"Zarei M.",1
"ZAREI T",1
"Zarei T.",1
"Zaric O.",1
"ZARIFKAR A",1
"ZARIFKAR AH",1
"ZARNKE A",1
"Zarnke A.",1
"Zarra F.",1
"Zarrinkoob L.",1
"ZAŤKOVÁ M",1
"ZATOŃSKI T",1
"ZÁTONYI A",1
"ZAVALA PEREZ MA",1
"ZAVALETA-CORTIJO C",1
"Zavalishina S.Y.",1
"Zawadka M.",1
"Zawiah M.",1
"ZDANEVICH NA",1
"ZDANOWICZ-RATAJCZYK A",1
"ZDORENKO LL",1
"ZDROJEWSKI T",1
"ZDUNCZYK A",1
"ZDYRSKI C",1
"Zdyrski C.",1
"Ze-Meng Z.",1
"Zebley J.A.",1
"ZEC K",1
"ZEDAN ASA",1
"Zedde M.",1
"ZEE PC",1
"ZEEB H",1
"ZEESHAN M",1
"Zei P.C.",1
"ZEIG-OWENS R",1
"ZEILER FA",1
"ZEIN H",1
"Zeitani J.",1
"ZEITZER JM",1
"Zeldovich M.",1
"Zeleke Tilinti B.",1
"ZELEŇÁK K",1
"Zelenka J.",1
"ZELLER T",1
"ZELLNER A",1
"Zellner A.",1
"Zendehbad S.A.",1
"Zendron L.A.S.",1
"ZENG CH",1
"ZENG D",1
"ZENG G",1
"ZENG JX",1
"ZENG M",1
"Zeng M.",1
"ZENG P",1
"Zeng P.",1
"Zeng Q.",1
"ZENG QB",1
"ZENG R",1
"Zeng T.",1
"Zeng X.G.",1
"ZENG XF",1
"ZENG XW",1
"ZENG YL",1
"Zeng Z.",1
"ZENG ZW",1
"ZENGIN A",1
"ZENOBI C",1
"ZENORINI M",1
"ZERAATKAR D",1
"ZERBINI F",1
"ZERBINO D",1
"Zerhouni A.",1
"Zerin R.I.",1
"ZERIN RI",1
"ZERNOV VA",1
"Zett O.",1
"ZETTERBERG H",1
"Zettira Z.",1
"ZEWDIE R",1
"Zgliczyński W.S.",1
"ZHA L",1
"ZHA Z",1
"ZHA ZQ",1
"ZHAI C",1
"ZHAI DC",1
"ZHAI J",1
"ZHAI P",1
"ZHAI S",1
"Zhai S.",1
"ZHAI YR",1
"Zhan L.",1
"ZHAN R",1
"ZHAN W",1
"ZHAN X",1
"Zhan Y.",1
"ZHAN YH",1
"ZHAN ZY",1
"ZHANAR A",1
"ZHANG AY",1
"ZHANG DS",1
"ZHANG FT",1
"Zhang G.J.",1
"ZHANG GJ",1
"ZHANG HG",1
"ZHANG HJ",1
"ZHANG HL",1
"ZHANG HQ",1
"ZHANG HW",1
"ZHANG HY",1
"Zhang J.Q.",1
"Zhang J.R.",1
"Zhang J.Y.",1
"ZHANG JC",1
"ZHANG JF",1
"ZHANG KN",1
"ZHANG LJ",1
"ZHANG LN",1
"ZHANG LY",1
"ZHANG MY",1
"Zhang R.T.",1
"ZHANG RG",1
"ZHANG SS",1
"Zhang T.Z.",1
"ZHANG TZ",1
"Zhang W.L.",1
"ZHANG WY",1
"Zhang X.J.",1
"Zhang X.L.",1
"Zhang X.Y.",1
"ZHANG XD",1
"ZHANG XJ",1
"ZHANG XL",1
"ZHANG XP",1
"ZHANG XR",1
"ZHANG XX",1
"Zhang Y.Q.",1
"Zhang Y.S.",1
"Zhang Y.Z.",1
"ZHANG YL",1
"ZHANG YM",1
"ZHANG YQ",1
"ZHANG YX",1
"ZHANG YY",1
"ZHANG Z.",1
"Zhang Z.T.",1
"ZHANG ZQ",1
"ZHANG ZT",1
"ZHANG ZW",1
"ZHANGSUN Z",1
"Zhao A.",1
"ZHAO CG",1
"Zhao D.",1
"Zhao D.H.",1
"ZHAO F",1
"ZHAO HW",1
"ZHAO JY",1
"ZHAO P",1
"Zhao P.",1
"Zhao Q.Y.",1
"ZHAO QY",1
"ZHAO SH",1
"Zhao T.",1
"ZHAO XD",1
"ZHAO XQ",1
"ZHAO XT",1
"Zhao Y.H.",1
"Zhao Y.X.",1
"ZHAO YB",1
"ZHAO YL",1
"ZHAO YT",1
"ZHAO YX",1
"ZHAO ZG",1
"ZHAO ZH",1
"Zhaosu W.",1
"ZHARKEVICH O",1
"ZHDANOVA MA",1
"ZHEN S",1
"Zhen S.",1
"ZHEN W",1
"Zheng B.",1
"ZHENG CS",1
"Zheng D.",1
"Zheng G.",1
"Zheng J.",1
"ZHENG JW",1
"ZHENG N",1
"Zheng N.",1
"Zheng P.",1
"Zheng Q.",1
"Zheng Q.f.",1
"ZHENG QF",1
"Zheng R.",1
"Zheng W.",1
"Zheng X.f.",1
"Zheng X.X.",1
"ZHENG XX",1
"ZHENG ZJ",1
"ZHENG ZQ",1
"ZHI BB",1
"Zhi D.",1
"ZHI H",1
"ZHI J",1
"Zhi L.",1
"ZHI N",1
"ZHI W",1
"Zhi Zhou X.",1
"ZHIGUO P",1
"Zhiqiang L.",1
"ZHONG A",1
"ZHONG BC",1
"ZHONG C",1
"Zhong H.",1
"ZHONG K",1
"ZHONG LC",1
"ZHONG N",1
"ZHONG S",1
"ZHONG T",1
"ZHONG XM",1
"ZHONG XZ",1
"ZHONG Z",1
"Zhong Z.",1
"Zhong Z.G.",1
"Zhongjian P.",1
"Zhou C.L.",1
"ZHOU FM",1
"ZHOU G",1
"Zhou G.",1
"Zhou H.q.",1
"Zhou I.Y.",1
"Zhou K.",1
"ZHOU KG",1
"ZHOU N",1
"Zhou P.H.",1
"ZHOU PY",1
"Zhou R.",1
"ZHOU WS",1
"Zhou X.Y.",1
"ZHOU XB",1
"ZHOU XD",1
"ZHOU XF",1
"ZHOU XZ",1
"ZHOU YJ",1
"ZHOU YM",1
"ZHOU ZW",1
"ZHOU ZY",1
"ZHU A",1
"Zhu A.",1
"Zhu B.",1
"ZHU BF",1
"Zhu D.",1
"Zｈｕ H.",1
"ZHU JM",1
"ZHU JQ",1
"ZHU K",1
"Zhu K.",1
"Zhu N.",1
"Zhu Q.",1
"Zhu R.",1
"Zhu T.",1
"Zhu W.",1
"ZHU WT",1
"ZHU WY",1
"Zhu X.X.",1
"Zhu Y.D.",1
"ZHU YC",1
"ZHU YX",1
"ZHUANG D",1
"ZHUANG G",1
"Zhuang H.",1
"ZHUANG P",1
"ZHUANG R",1
"Zhuang S.",1
"ZHUANG T",1
"Zhuang T.Y.",1
"ZHUANG W",1
"ZHUANG XH",1
"ZHUANG Y",1
"Zhuang Y.Q.",1
"Zhuang Z.",1
"ZHUNTOVA G",1
"ZHUNUSPEKOV D",1
"ZHUO C",1
"Zhuo Z.",1
"Zhuo Z.l.",1
"ZHUO ZL",1
"ZHUOHUA X",1
"ZHUOMA D",1
"Zhuravleva K.V.",1
"Zhuravleva M.V.",1
"ZIA M",1
"ZIADDINI M",1
"Ziai W.C.",1
"ZIAI WC",1
"ZIANI H",1
"ZIBIBULA Y",1
"ZIBLILLA YM",1
"ZIELESKIEWICZ L",1
"ZIHNI E",1
"ZILBERSHEID D",1
"ZILLE M",1
"ZILLI VIEIRA CL",1
"Zillner L.",1
"ZIMMER C",1
"ZIMMERLE D",1
"ZIMMERMANN J",1
"ZIMMERMANN LL",1
"ZIMPFER D",1
"ZIN AUNG K",1
"Zinabu S.",1
"ZINABU SW",1
"ZINDOVIC I",1
"ZINGARETTI N",1
"ZINGMARK M",1
"ZINK EK",1
"ZINK F",1
"ZINK MD",1
"ZINS M",1
"ZIÓŁKOWSKI P",1
"ZIÓŁKOWSKI PJ",1
"ZIOMEK M",1
"Zirbo S.G.V.",1
"ZIRDEHI EM",1
"ZIRLIK A",1
"ZIRPOLI H",1
"ZIVALJEVIC J",1
"Zivaljevic J.",1
"ZIYI Z",1
"ZIZEK H",1
"ZLOKOVIC BV",1
"ZLOTNIK A",1
"Zöbinger N.",1
"Zoccali C.",1
"ZOHDI H",1
"Zohdi H.",1
"ZOIA C",1
"ZOLETNIK S",1
"Zonca L.",1
"ZONDERVAN D",1
"ZONG R",1
"ZONG Y",1
"ZOPFS D",1
"Zortuk Ö.",1
"ZORZI M",1
"ZOU A",1
"Zou A.",1
"Zou B.",1
"ZOU D",1
"Zou J.",1
"ZOU LJ",1
"ZOU LL",1
"Zou M.",1
"ZOU P",1
"ZOU R",1
"ZOU S",1
"Zou T.",1
"ZOU W",1
"Zou X.",1
"ZOU XG",1
"ZOU YX",1
"Zou Z.Y.",1
"Zouache M.A.",1
"Zoulikha M.",1
"ZOUMPROULI A",1
"Zoumprouli A.",1
"ZSOLDOS RR",1
"ZU Y",1
"ZU Z",1
"ZUANG C",1
"ZUBAIR R",1
"ZUBER P",1
"ZUBERI SM",1
"ZUCKERBERG G",1
"Zuhl M.",1
"Zuhriyah A.",1
"ZUKOTYNSKI KA",1
"Zulian G.Y.",1
"ZULQARNAIN M",1
"ZULUAGA-RUIZ ME",1
"ZUO G",1
"ZUO H",1
"Zuo H.",1
"ZUO M",1
"Zuo P.",1
"ZUO S",1
"Zuo S.",1
"ZUO T",1
"Zuo T.",1
"ZUO X",1
"Zuo Y.",1
"Zuo Z.",1
"ZUPANČIČ M",1
"zur Nedden S.",1
"ZURAWLEW MJ",1
"ZURLO Z",1
"ZUURBIER KR",1
"Zuurbier S.M.",1
"ZVARYCH LM",1
"ZWERGAL A",1
"ZYCHOWSKI KE",1
"ŻYCKA-MALESA D",1
"Życka-Malesa D.",1
"ZYMLIŃSKI R",1
"ŻYREK D",1
"Żyrek D.",1
"ŻYREK N",1
"ZYŚKO D",1
"Мiteva L.D.",1
