2026-06-19 19:40:01 [INFO] Pipeline iniciado em  C:/Users/oorie/OneDrive/Documentos/TRABALHOS/DLNM - CNPq 
2026-06-19 19:40:01 [INFO] Etapa 1/9: downloads SIH 
2026-06-19 19:40:01 [INFO] FORCE_RAW_DOWNLOAD ativo; substituindo arquivo bruto:  01_DLNMs_RJ_cerebrovascular/data_raw/sih/sih_rd_rj_2010_01.rds 
2026-06-19 19:40:01 [INFO] Baixando  SIH-RD  RJ  2010 - 01 
2026-06-19 19:40:12 [INFO] FORCE_RAW_DOWNLOAD ativo; substituindo arquivo bruto:  01_DLNMs_RJ_cerebrovascular/data_raw/sih/sih_rd_rj_2010_02.rds 
2026-06-19 19:40:12 [INFO] Baixando  SIH-RD  RJ  2010 - 02 
2026-06-19 19:40:19 [INFO] FORCE_RAW_DOWNLOAD ativo; substituindo arquivo bruto:  01_DLNMs_RJ_cerebrovascular/data_raw/sih/sih_rd_rj_2010_03.rds 
2026-06-19 19:40:19 [INFO] Baixando  SIH-RD  RJ  2010 - 03 
2026-06-19 19:40:27 [INFO] FORCE_RAW_DOWNLOAD ativo; substituindo arquivo bruto:  01_DLNMs_RJ_cerebrovascular/data_raw/sih/sih_rd_rj_2010_04.rds 
2026-06-19 19:40:27 [INFO] Baixando  SIH-RD  RJ  2010 - 04 
2026-06-19 19:40:34 [INFO] FORCE_RAW_DOWNLOAD ativo; substituindo arquivo bruto:  01_DLNMs_RJ_cerebrovascular/data_raw/sih/sih_rd_rj_2010_05.rds 
2026-06-19 19:40:34 [INFO] Baixando  SIH-RD  RJ  2010 - 05 
2026-06-19 19:40:43 [INFO] FORCE_RAW_DOWNLOAD ativo; substituindo arquivo bruto:  01_DLNMs_RJ_cerebrovascular/data_raw/sih/sih_rd_rj_2010_06.rds 
2026-06-19 19:40:43 [INFO] Baixando  SIH-RD  RJ  2010 - 06 
2026-06-19 19:40:53 [INFO] FORCE_RAW_DOWNLOAD ativo; substituindo arquivo bruto:  01_DLNMs_RJ_cerebrovascular/data_raw/sih/sih_rd_rj_2010_07.rds 
2026-06-19 19:40:53 [INFO] Baixando  SIH-RD  RJ  2010 - 07 
2026-06-19 19:41:03 [INFO] FORCE_RAW_DOWNLOAD ativo; substituindo arquivo bruto:  01_DLNMs_RJ_cerebrovascular/data_raw/sih/sih_rd_rj_2010_08.rds 
2026-06-19 19:41:03 [INFO] Baixando  SIH-RD  RJ  2010 - 08 
2026-06-19 19:41:14 [INFO] FORCE_RAW_DOWNLOAD ativo; substituindo arquivo bruto:  01_DLNMs_RJ_cerebrovascular/data_raw/sih/sih_rd_rj_2010_09.rds 
2026-06-19 19:41:14 [INFO] Baixando  SIH-RD  RJ  2010 - 09 
2026-06-19 19:41:24 [INFO] FORCE_RAW_DOWNLOAD ativo; substituindo arquivo bruto:  01_DLNMs_RJ_cerebrovascular/data_raw/sih/sih_rd_rj_2010_10.rds 
2026-06-19 19:41:24 [INFO] Baixando  SIH-RD  RJ  2010 - 10 
2026-06-19 19:41:34 [INFO] FORCE_RAW_DOWNLOAD ativo; substituindo arquivo bruto:  01_DLNMs_RJ_cerebrovascular/data_raw/sih/sih_rd_rj_2010_11.rds 
2026-06-19 19:41:34 [INFO] Baixando  SIH-RD  RJ  2010 - 11 
2026-06-19 19:41:44 [INFO] FORCE_RAW_DOWNLOAD ativo; substituindo arquivo bruto:  01_DLNMs_RJ_cerebrovascular/data_raw/sih/sih_rd_rj_2010_12.rds 
2026-06-19 19:41:44 [INFO] Baixando  SIH-RD  RJ  2010 - 12 
2026-06-19 19:41:58 [INFO] FORCE_RAW_DOWNLOAD ativo; substituindo arquivo bruto:  01_DLNMs_RJ_cerebrovascular/data_raw/sih/sih_rd_rj_2011_01.rds 
2026-06-19 19:41:58 [INFO] Baixando  SIH-RD  RJ  2011 - 01 
2026-06-19 19:42:12 [INFO] FORCE_RAW_DOWNLOAD ativo; substituindo arquivo bruto:  01_DLNMs_RJ_cerebrovascular/data_raw/sih/sih_rd_rj_2011_02.rds 
2026-06-19 19:42:12 [INFO] Baixando  SIH-RD  RJ  2011 - 02 
2026-06-19 19:42:26 [INFO] FORCE_RAW_DOWNLOAD ativo; substituindo arquivo bruto:  01_DLNMs_RJ_cerebrovascular/data_raw/sih/sih_rd_rj_2011_03.rds 
2026-06-19 19:42:26 [INFO] Baixando  SIH-RD  RJ  2011 - 03 
2026-06-19 19:42:37 [INFO] FORCE_RAW_DOWNLOAD ativo; substituindo arquivo bruto:  01_DLNMs_RJ_cerebrovascular/data_raw/sih/sih_rd_rj_2011_04.rds 
2026-06-19 19:42:37 [INFO] Baixando  SIH-RD  RJ  2011 - 04 
2026-06-19 19:42:52 [INFO] FORCE_RAW_DOWNLOAD ativo; substituindo arquivo bruto:  01_DLNMs_RJ_cerebrovascular/data_raw/sih/sih_rd_rj_2011_05.rds 
2026-06-19 19:42:52 [INFO] Baixando  SIH-RD  RJ  2011 - 05 
2026-06-19 19:43:05 [INFO] Baixando  SIH-RD  RJ  2011 - 06 
2026-06-19 19:43:20 [INFO] FORCE_RAW_DOWNLOAD ativo; substituindo arquivo bruto:  01_DLNMs_RJ_cerebrovascular/data_raw/sih/sih_rd_rj_2011_07.rds 
2026-06-19 19:43:20 [INFO] Baixando  SIH-RD  RJ  2011 - 07 
2026-06-19 19:43:27 [INFO] FORCE_RAW_DOWNLOAD ativo; substituindo arquivo bruto:  01_DLNMs_RJ_cerebrovascular/data_raw/sih/sih_rd_rj_2011_08.rds 
2026-06-19 19:43:27 [INFO] Baixando  SIH-RD  RJ  2011 - 08 
2026-06-19 19:43:39 [INFO] FORCE_RAW_DOWNLOAD ativo; substituindo arquivo bruto:  01_DLNMs_RJ_cerebrovascular/data_raw/sih/sih_rd_rj_2011_09.rds 
2026-06-19 19:43:39 [INFO] Baixando  SIH-RD  RJ  2011 - 09 
2026-06-19 19:43:50 [INFO] FORCE_RAW_DOWNLOAD ativo; substituindo arquivo bruto:  01_DLNMs_RJ_cerebrovascular/data_raw/sih/sih_rd_rj_2011_10.rds 
2026-06-19 19:43:50 [INFO] Baixando  SIH-RD  RJ  2011 - 10 
2026-06-19 19:43:59 [INFO] FORCE_RAW_DOWNLOAD ativo; substituindo arquivo bruto:  01_DLNMs_RJ_cerebrovascular/data_raw/sih/sih_rd_rj_2011_11.rds 
2026-06-19 19:43:59 [INFO] Baixando  SIH-RD  RJ  2011 - 11 
2026-06-19 19:44:10 [INFO] FORCE_RAW_DOWNLOAD ativo; substituindo arquivo bruto:  01_DLNMs_RJ_cerebrovascular/data_raw/sih/sih_rd_rj_2011_12.rds 
2026-06-19 19:44:10 [INFO] Baixando  SIH-RD  RJ  2011 - 12 
2026-06-19 19:44:21 [INFO] FORCE_RAW_DOWNLOAD ativo; substituindo arquivo bruto:  01_DLNMs_RJ_cerebrovascular/data_raw/sih/sih_rd_rj_2012_01.rds 
2026-06-19 19:44:21 [INFO] Baixando  SIH-RD  RJ  2012 - 01 
2026-06-19 19:44:29 [INFO] FORCE_RAW_DOWNLOAD ativo; substituindo arquivo bruto:  01_DLNMs_RJ_cerebrovascular/data_raw/sih/sih_rd_rj_2012_02.rds 
2026-06-19 19:44:29 [INFO] Baixando  SIH-RD  RJ  2012 - 02 
2026-06-19 19:44:38 [INFO] FORCE_RAW_DOWNLOAD ativo; substituindo arquivo bruto:  01_DLNMs_RJ_cerebrovascular/data_raw/sih/sih_rd_rj_2012_03.rds 
2026-06-19 19:44:38 [INFO] Baixando  SIH-RD  RJ  2012 - 03 
2026-06-19 19:44:48 [INFO] FORCE_RAW_DOWNLOAD ativo; substituindo arquivo bruto:  01_DLNMs_RJ_cerebrovascular/data_raw/sih/sih_rd_rj_2012_04.rds 
2026-06-19 19:44:48 [INFO] Baixando  SIH-RD  RJ  2012 - 04 
2026-06-19 19:44:57 [INFO] FORCE_RAW_DOWNLOAD ativo; substituindo arquivo bruto:  01_DLNMs_RJ_cerebrovascular/data_raw/sih/sih_rd_rj_2012_05.rds 
2026-06-19 19:44:57 [INFO] Baixando  SIH-RD  RJ  2012 - 05 
2026-06-19 19:45:09 [INFO] FORCE_RAW_DOWNLOAD ativo; substituindo arquivo bruto:  01_DLNMs_RJ_cerebrovascular/data_raw/sih/sih_rd_rj_2012_06.rds 
2026-06-19 19:45:09 [INFO] Baixando  SIH-RD  RJ  2012 - 06 
2026-06-19 19:45:20 [INFO] FORCE_RAW_DOWNLOAD ativo; substituindo arquivo bruto:  01_DLNMs_RJ_cerebrovascular/data_raw/sih/sih_rd_rj_2012_07.rds 
2026-06-19 19:45:20 [INFO] Baixando  SIH-RD  RJ  2012 - 07 
2026-06-19 19:45:28 [INFO] FORCE_RAW_DOWNLOAD ativo; substituindo arquivo bruto:  01_DLNMs_RJ_cerebrovascular/data_raw/sih/sih_rd_rj_2012_08.rds 
2026-06-19 19:45:28 [INFO] Baixando  SIH-RD  RJ  2012 - 08 
2026-06-19 19:45:37 [INFO] FORCE_RAW_DOWNLOAD ativo; substituindo arquivo bruto:  01_DLNMs_RJ_cerebrovascular/data_raw/sih/sih_rd_rj_2012_09.rds 
2026-06-19 19:45:37 [INFO] Baixando  SIH-RD  RJ  2012 - 09 
2026-06-19 19:45:46 [INFO] FORCE_RAW_DOWNLOAD ativo; substituindo arquivo bruto:  01_DLNMs_RJ_cerebrovascular/data_raw/sih/sih_rd_rj_2012_10.rds 
2026-06-19 19:45:46 [INFO] Baixando  SIH-RD  RJ  2012 - 10 
2026-06-19 19:45:55 [INFO] FORCE_RAW_DOWNLOAD ativo; substituindo arquivo bruto:  01_DLNMs_RJ_cerebrovascular/data_raw/sih/sih_rd_rj_2012_11.rds 
2026-06-19 19:45:55 [INFO] Baixando  SIH-RD  RJ  2012 - 11 
2026-06-19 19:46:03 [INFO] FORCE_RAW_DOWNLOAD ativo; substituindo arquivo bruto:  01_DLNMs_RJ_cerebrovascular/data_raw/sih/sih_rd_rj_2012_12.rds 
2026-06-19 19:46:03 [INFO] Baixando  SIH-RD  RJ  2012 - 12 
2026-06-19 19:46:10 [INFO] FORCE_RAW_DOWNLOAD ativo; substituindo arquivo bruto:  01_DLNMs_RJ_cerebrovascular/data_raw/sih/sih_rd_rj_2013_01.rds 
2026-06-19 19:46:10 [INFO] Baixando  SIH-RD  RJ  2013 - 01 
2026-06-19 19:46:18 [INFO] FORCE_RAW_DOWNLOAD ativo; substituindo arquivo bruto:  01_DLNMs_RJ_cerebrovascular/data_raw/sih/sih_rd_rj_2013_02.rds 
2026-06-19 19:46:18 [INFO] Baixando  SIH-RD  RJ  2013 - 02 
2026-06-19 19:46:34 [INFO] FORCE_RAW_DOWNLOAD ativo; substituindo arquivo bruto:  01_DLNMs_RJ_cerebrovascular/data_raw/sih/sih_rd_rj_2013_03.rds 
2026-06-19 19:46:34 [INFO] Baixando  SIH-RD  RJ  2013 - 03 
2026-06-19 19:46:45 [INFO] FORCE_RAW_DOWNLOAD ativo; substituindo arquivo bruto:  01_DLNMs_RJ_cerebrovascular/data_raw/sih/sih_rd_rj_2013_04.rds 
2026-06-19 19:46:45 [INFO] Baixando  SIH-RD  RJ  2013 - 04 
2026-06-19 19:46:54 [INFO] FORCE_RAW_DOWNLOAD ativo; substituindo arquivo bruto:  01_DLNMs_RJ_cerebrovascular/data_raw/sih/sih_rd_rj_2013_05.rds 
2026-06-19 19:46:54 [INFO] Baixando  SIH-RD  RJ  2013 - 05 
2026-06-19 19:47:04 [INFO] FORCE_RAW_DOWNLOAD ativo; substituindo arquivo bruto:  01_DLNMs_RJ_cerebrovascular/data_raw/sih/sih_rd_rj_2013_06.rds 
2026-06-19 19:47:04 [INFO] Baixando  SIH-RD  RJ  2013 - 06 
2026-06-19 19:47:14 [INFO] FORCE_RAW_DOWNLOAD ativo; substituindo arquivo bruto:  01_DLNMs_RJ_cerebrovascular/data_raw/sih/sih_rd_rj_2013_07.rds 
2026-06-19 19:47:14 [INFO] Baixando  SIH-RD  RJ  2013 - 07 
2026-06-19 19:48:00 [INFO] FORCE_RAW_DOWNLOAD ativo; substituindo arquivo bruto:  01_DLNMs_RJ_cerebrovascular/data_raw/sih/sih_rd_rj_2013_08.rds 
2026-06-19 19:48:00 [INFO] Baixando  SIH-RD  RJ  2013 - 08 
2026-06-19 19:48:12 [INFO] FORCE_RAW_DOWNLOAD ativo; substituindo arquivo bruto:  01_DLNMs_RJ_cerebrovascular/data_raw/sih/sih_rd_rj_2013_09.rds 
2026-06-19 19:48:12 [INFO] Baixando  SIH-RD  RJ  2013 - 09 
2026-06-19 19:48:22 [INFO] FORCE_RAW_DOWNLOAD ativo; substituindo arquivo bruto:  01_DLNMs_RJ_cerebrovascular/data_raw/sih/sih_rd_rj_2013_10.rds 
2026-06-19 19:48:22 [INFO] Baixando  SIH-RD  RJ  2013 - 10 
2026-06-19 19:48:31 [INFO] FORCE_RAW_DOWNLOAD ativo; substituindo arquivo bruto:  01_DLNMs_RJ_cerebrovascular/data_raw/sih/sih_rd_rj_2013_11.rds 
2026-06-19 19:48:31 [INFO] Baixando  SIH-RD  RJ  2013 - 11 
2026-06-19 19:48:41 [INFO] FORCE_RAW_DOWNLOAD ativo; substituindo arquivo bruto:  01_DLNMs_RJ_cerebrovascular/data_raw/sih/sih_rd_rj_2013_12.rds 
2026-06-19 19:48:41 [INFO] Baixando  SIH-RD  RJ  2013 - 12 
2026-06-19 19:48:49 [INFO] FORCE_RAW_DOWNLOAD ativo; substituindo arquivo bruto:  01_DLNMs_RJ_cerebrovascular/data_raw/sih/sih_rd_rj_2014_01.rds 
2026-06-19 19:48:49 [INFO] Baixando  SIH-RD  RJ  2014 - 01 
2026-06-19 19:49:04 [INFO] FORCE_RAW_DOWNLOAD ativo; substituindo arquivo bruto:  01_DLNMs_RJ_cerebrovascular/data_raw/sih/sih_rd_rj_2014_02.rds 
2026-06-19 19:49:04 [INFO] Baixando  SIH-RD  RJ  2014 - 02 
2026-06-19 19:49:22 [INFO] FORCE_RAW_DOWNLOAD ativo; substituindo arquivo bruto:  01_DLNMs_RJ_cerebrovascular/data_raw/sih/sih_rd_rj_2014_03.rds 
2026-06-19 19:49:22 [INFO] Baixando  SIH-RD  RJ  2014 - 03 
2026-06-19 19:49:33 [INFO] FORCE_RAW_DOWNLOAD ativo; substituindo arquivo bruto:  01_DLNMs_RJ_cerebrovascular/data_raw/sih/sih_rd_rj_2014_04.rds 
2026-06-19 19:49:33 [INFO] Baixando  SIH-RD  RJ  2014 - 04 
2026-06-19 19:49:42 [INFO] FORCE_RAW_DOWNLOAD ativo; substituindo arquivo bruto:  01_DLNMs_RJ_cerebrovascular/data_raw/sih/sih_rd_rj_2014_05.rds 
2026-06-19 19:49:42 [INFO] Baixando  SIH-RD  RJ  2014 - 05 
2026-06-19 19:49:53 [INFO] FORCE_RAW_DOWNLOAD ativo; substituindo arquivo bruto:  01_DLNMs_RJ_cerebrovascular/data_raw/sih/sih_rd_rj_2014_06.rds 
2026-06-19 19:49:53 [INFO] Baixando  SIH-RD  RJ  2014 - 06 
2026-06-19 19:50:02 [INFO] FORCE_RAW_DOWNLOAD ativo; substituindo arquivo bruto:  01_DLNMs_RJ_cerebrovascular/data_raw/sih/sih_rd_rj_2014_07.rds 
2026-06-19 19:50:02 [INFO] Baixando  SIH-RD  RJ  2014 - 07 
2026-06-19 19:50:12 [INFO] FORCE_RAW_DOWNLOAD ativo; substituindo arquivo bruto:  01_DLNMs_RJ_cerebrovascular/data_raw/sih/sih_rd_rj_2014_08.rds 
2026-06-19 19:50:12 [INFO] Baixando  SIH-RD  RJ  2014 - 08 
2026-06-19 19:50:20 [INFO] FORCE_RAW_DOWNLOAD ativo; substituindo arquivo bruto:  01_DLNMs_RJ_cerebrovascular/data_raw/sih/sih_rd_rj_2014_09.rds 
2026-06-19 19:50:20 [INFO] Baixando  SIH-RD  RJ  2014 - 09 
2026-06-19 19:50:29 [INFO] FORCE_RAW_DOWNLOAD ativo; substituindo arquivo bruto:  01_DLNMs_RJ_cerebrovascular/data_raw/sih/sih_rd_rj_2014_10.rds 
2026-06-19 19:50:29 [INFO] Baixando  SIH-RD  RJ  2014 - 10 
2026-06-19 19:50:39 [INFO] FORCE_RAW_DOWNLOAD ativo; substituindo arquivo bruto:  01_DLNMs_RJ_cerebrovascular/data_raw/sih/sih_rd_rj_2014_11.rds 
2026-06-19 19:50:39 [INFO] Baixando  SIH-RD  RJ  2014 - 11 
2026-06-19 19:50:49 [INFO] FORCE_RAW_DOWNLOAD ativo; substituindo arquivo bruto:  01_DLNMs_RJ_cerebrovascular/data_raw/sih/sih_rd_rj_2014_12.rds 
2026-06-19 19:50:49 [INFO] Baixando  SIH-RD  RJ  2014 - 12 
2026-06-19 19:50:57 [INFO] FORCE_RAW_DOWNLOAD ativo; substituindo arquivo bruto:  01_DLNMs_RJ_cerebrovascular/data_raw/sih/sih_rd_rj_2015_01.rds 
2026-06-19 19:50:57 [INFO] Baixando  SIH-RD  RJ  2015 - 01 
2026-06-19 19:51:07 [INFO] FORCE_RAW_DOWNLOAD ativo; substituindo arquivo bruto:  01_DLNMs_RJ_cerebrovascular/data_raw/sih/sih_rd_rj_2015_02.rds 
2026-06-19 19:51:07 [INFO] Baixando  SIH-RD  RJ  2015 - 02 
2026-06-19 19:51:16 [INFO] FORCE_RAW_DOWNLOAD ativo; substituindo arquivo bruto:  01_DLNMs_RJ_cerebrovascular/data_raw/sih/sih_rd_rj_2015_03.rds 
2026-06-19 19:51:16 [INFO] Baixando  SIH-RD  RJ  2015 - 03 
2026-06-19 19:51:25 [INFO] FORCE_RAW_DOWNLOAD ativo; substituindo arquivo bruto:  01_DLNMs_RJ_cerebrovascular/data_raw/sih/sih_rd_rj_2015_04.rds 
2026-06-19 19:51:25 [INFO] Baixando  SIH-RD  RJ  2015 - 04 
2026-06-19 19:51:34 [INFO] FORCE_RAW_DOWNLOAD ativo; substituindo arquivo bruto:  01_DLNMs_RJ_cerebrovascular/data_raw/sih/sih_rd_rj_2015_05.rds 
2026-06-19 19:51:34 [INFO] Baixando  SIH-RD  RJ  2015 - 05 
2026-06-19 19:51:43 [INFO] FORCE_RAW_DOWNLOAD ativo; substituindo arquivo bruto:  01_DLNMs_RJ_cerebrovascular/data_raw/sih/sih_rd_rj_2015_06.rds 
2026-06-19 19:51:43 [INFO] Baixando  SIH-RD  RJ  2015 - 06 
2026-06-19 19:51:52 [INFO] FORCE_RAW_DOWNLOAD ativo; substituindo arquivo bruto:  01_DLNMs_RJ_cerebrovascular/data_raw/sih/sih_rd_rj_2015_07.rds 
2026-06-19 19:51:52 [INFO] Baixando  SIH-RD  RJ  2015 - 07 
2026-06-19 19:52:01 [INFO] FORCE_RAW_DOWNLOAD ativo; substituindo arquivo bruto:  01_DLNMs_RJ_cerebrovascular/data_raw/sih/sih_rd_rj_2015_08.rds 
2026-06-19 19:52:01 [INFO] Baixando  SIH-RD  RJ  2015 - 08 
2026-06-19 19:52:11 [INFO] FORCE_RAW_DOWNLOAD ativo; substituindo arquivo bruto:  01_DLNMs_RJ_cerebrovascular/data_raw/sih/sih_rd_rj_2015_09.rds 
2026-06-19 19:52:11 [INFO] Baixando  SIH-RD  RJ  2015 - 09 
2026-06-19 19:52:21 [INFO] FORCE_RAW_DOWNLOAD ativo; substituindo arquivo bruto:  01_DLNMs_RJ_cerebrovascular/data_raw/sih/sih_rd_rj_2015_10.rds 
2026-06-19 19:52:21 [INFO] Baixando  SIH-RD  RJ  2015 - 10 
2026-06-19 19:52:30 [INFO] FORCE_RAW_DOWNLOAD ativo; substituindo arquivo bruto:  01_DLNMs_RJ_cerebrovascular/data_raw/sih/sih_rd_rj_2015_11.rds 
2026-06-19 19:52:30 [INFO] Baixando  SIH-RD  RJ  2015 - 11 
2026-06-19 19:52:40 [INFO] FORCE_RAW_DOWNLOAD ativo; substituindo arquivo bruto:  01_DLNMs_RJ_cerebrovascular/data_raw/sih/sih_rd_rj_2015_12.rds 
2026-06-19 19:52:40 [INFO] Baixando  SIH-RD  RJ  2015 - 12 
2026-06-19 19:52:49 [INFO] FORCE_RAW_DOWNLOAD ativo; substituindo arquivo bruto:  01_DLNMs_RJ_cerebrovascular/data_raw/sih/sih_rd_rj_2016_01.rds 
2026-06-19 19:52:49 [INFO] Baixando  SIH-RD  RJ  2016 - 01 
2026-06-19 19:52:58 [INFO] FORCE_RAW_DOWNLOAD ativo; substituindo arquivo bruto:  01_DLNMs_RJ_cerebrovascular/data_raw/sih/sih_rd_rj_2016_02.rds 
2026-06-19 19:52:58 [INFO] Baixando  SIH-RD  RJ  2016 - 02 
2026-06-19 19:53:08 [INFO] FORCE_RAW_DOWNLOAD ativo; substituindo arquivo bruto:  01_DLNMs_RJ_cerebrovascular/data_raw/sih/sih_rd_rj_2016_03.rds 
2026-06-19 19:53:08 [INFO] Baixando  SIH-RD  RJ  2016 - 03 
2026-06-19 19:53:17 [INFO] FORCE_RAW_DOWNLOAD ativo; substituindo arquivo bruto:  01_DLNMs_RJ_cerebrovascular/data_raw/sih/sih_rd_rj_2016_04.rds 
2026-06-19 19:53:17 [INFO] Baixando  SIH-RD  RJ  2016 - 04 
2026-06-19 19:53:28 [INFO] FORCE_RAW_DOWNLOAD ativo; substituindo arquivo bruto:  01_DLNMs_RJ_cerebrovascular/data_raw/sih/sih_rd_rj_2016_05.rds 
2026-06-19 19:53:28 [INFO] Baixando  SIH-RD  RJ  2016 - 05 
2026-06-19 19:53:37 [INFO] FORCE_RAW_DOWNLOAD ativo; substituindo arquivo bruto:  01_DLNMs_RJ_cerebrovascular/data_raw/sih/sih_rd_rj_2016_06.rds 
2026-06-19 19:53:37 [INFO] Baixando  SIH-RD  RJ  2016 - 06 
2026-06-19 19:53:47 [INFO] FORCE_RAW_DOWNLOAD ativo; substituindo arquivo bruto:  01_DLNMs_RJ_cerebrovascular/data_raw/sih/sih_rd_rj_2016_07.rds 
2026-06-19 19:53:47 [INFO] Baixando  SIH-RD  RJ  2016 - 07 
2026-06-19 19:54:02 [INFO] FORCE_RAW_DOWNLOAD ativo; substituindo arquivo bruto:  01_DLNMs_RJ_cerebrovascular/data_raw/sih/sih_rd_rj_2016_08.rds 
2026-06-19 19:54:02 [INFO] Baixando  SIH-RD  RJ  2016 - 08 
2026-06-19 19:54:16 [INFO] FORCE_RAW_DOWNLOAD ativo; substituindo arquivo bruto:  01_DLNMs_RJ_cerebrovascular/data_raw/sih/sih_rd_rj_2016_09.rds 
2026-06-19 19:54:16 [INFO] Baixando  SIH-RD  RJ  2016 - 09 
2026-06-19 19:54:24 [INFO] FORCE_RAW_DOWNLOAD ativo; substituindo arquivo bruto:  01_DLNMs_RJ_cerebrovascular/data_raw/sih/sih_rd_rj_2016_10.rds 
2026-06-19 19:54:24 [INFO] Baixando  SIH-RD  RJ  2016 - 10 
2026-06-19 19:54:32 [INFO] FORCE_RAW_DOWNLOAD ativo; substituindo arquivo bruto:  01_DLNMs_RJ_cerebrovascular/data_raw/sih/sih_rd_rj_2016_11.rds 
2026-06-19 19:54:32 [INFO] Baixando  SIH-RD  RJ  2016 - 11 
2026-06-19 19:54:40 [INFO] FORCE_RAW_DOWNLOAD ativo; substituindo arquivo bruto:  01_DLNMs_RJ_cerebrovascular/data_raw/sih/sih_rd_rj_2016_12.rds 
2026-06-19 19:54:40 [INFO] Baixando  SIH-RD  RJ  2016 - 12 
2026-06-19 19:54:48 [INFO] FORCE_RAW_DOWNLOAD ativo; substituindo arquivo bruto:  01_DLNMs_RJ_cerebrovascular/data_raw/sih/sih_rd_rj_2017_01.rds 
2026-06-19 19:54:48 [INFO] Baixando  SIH-RD  RJ  2017 - 01 
2026-06-19 19:54:56 [INFO] FORCE_RAW_DOWNLOAD ativo; substituindo arquivo bruto:  01_DLNMs_RJ_cerebrovascular/data_raw/sih/sih_rd_rj_2017_02.rds 
2026-06-19 19:54:56 [INFO] Baixando  SIH-RD  RJ  2017 - 02 
2026-06-19 19:55:04 [INFO] FORCE_RAW_DOWNLOAD ativo; substituindo arquivo bruto:  01_DLNMs_RJ_cerebrovascular/data_raw/sih/sih_rd_rj_2017_03.rds 
2026-06-19 19:55:05 [INFO] Baixando  SIH-RD  RJ  2017 - 03 
2026-06-19 19:55:14 [INFO] FORCE_RAW_DOWNLOAD ativo; substituindo arquivo bruto:  01_DLNMs_RJ_cerebrovascular/data_raw/sih/sih_rd_rj_2017_04.rds 
2026-06-19 19:55:14 [INFO] Baixando  SIH-RD  RJ  2017 - 04 
2026-06-19 19:55:21 [INFO] FORCE_RAW_DOWNLOAD ativo; substituindo arquivo bruto:  01_DLNMs_RJ_cerebrovascular/data_raw/sih/sih_rd_rj_2017_05.rds 
2026-06-19 19:55:21 [INFO] Baixando  SIH-RD  RJ  2017 - 05 
2026-06-19 19:55:31 [INFO] FORCE_RAW_DOWNLOAD ativo; substituindo arquivo bruto:  01_DLNMs_RJ_cerebrovascular/data_raw/sih/sih_rd_rj_2017_06.rds 
2026-06-19 19:55:31 [INFO] Baixando  SIH-RD  RJ  2017 - 06 
2026-06-19 19:55:41 [INFO] FORCE_RAW_DOWNLOAD ativo; substituindo arquivo bruto:  01_DLNMs_RJ_cerebrovascular/data_raw/sih/sih_rd_rj_2017_07.rds 
2026-06-19 19:55:41 [INFO] Baixando  SIH-RD  RJ  2017 - 07 
2026-06-19 19:55:50 [INFO] FORCE_RAW_DOWNLOAD ativo; substituindo arquivo bruto:  01_DLNMs_RJ_cerebrovascular/data_raw/sih/sih_rd_rj_2017_08.rds 
2026-06-19 19:55:50 [INFO] Baixando  SIH-RD  RJ  2017 - 08 
2026-06-19 19:56:02 [INFO] FORCE_RAW_DOWNLOAD ativo; substituindo arquivo bruto:  01_DLNMs_RJ_cerebrovascular/data_raw/sih/sih_rd_rj_2017_09.rds 
2026-06-19 19:56:02 [INFO] Baixando  SIH-RD  RJ  2017 - 09 
2026-06-19 19:56:10 [INFO] FORCE_RAW_DOWNLOAD ativo; substituindo arquivo bruto:  01_DLNMs_RJ_cerebrovascular/data_raw/sih/sih_rd_rj_2017_10.rds 
2026-06-19 19:56:10 [INFO] Baixando  SIH-RD  RJ  2017 - 10 
2026-06-19 19:56:20 [INFO] FORCE_RAW_DOWNLOAD ativo; substituindo arquivo bruto:  01_DLNMs_RJ_cerebrovascular/data_raw/sih/sih_rd_rj_2017_11.rds 
2026-06-19 19:56:20 [INFO] Baixando  SIH-RD  RJ  2017 - 11 
2026-06-19 19:56:31 [INFO] FORCE_RAW_DOWNLOAD ativo; substituindo arquivo bruto:  01_DLNMs_RJ_cerebrovascular/data_raw/sih/sih_rd_rj_2017_12.rds 
2026-06-19 19:56:31 [INFO] Baixando  SIH-RD  RJ  2017 - 12 
2026-06-19 19:56:40 [INFO] FORCE_RAW_DOWNLOAD ativo; substituindo arquivo bruto:  01_DLNMs_RJ_cerebrovascular/data_raw/sih/sih_rd_rj_2018_01.rds 
2026-06-19 19:56:40 [INFO] Baixando  SIH-RD  RJ  2018 - 01 
2026-06-19 19:56:50 [INFO] FORCE_RAW_DOWNLOAD ativo; substituindo arquivo bruto:  01_DLNMs_RJ_cerebrovascular/data_raw/sih/sih_rd_rj_2018_02.rds 
2026-06-19 19:56:50 [INFO] Baixando  SIH-RD  RJ  2018 - 02 
2026-06-19 19:56:59 [INFO] FORCE_RAW_DOWNLOAD ativo; substituindo arquivo bruto:  01_DLNMs_RJ_cerebrovascular/data_raw/sih/sih_rd_rj_2018_03.rds 
2026-06-19 19:56:59 [INFO] Baixando  SIH-RD  RJ  2018 - 03 
2026-06-19 19:57:25 [INFO] FORCE_RAW_DOWNLOAD ativo; substituindo arquivo bruto:  01_DLNMs_RJ_cerebrovascular/data_raw/sih/sih_rd_rj_2018_04.rds 
2026-06-19 19:57:25 [INFO] Baixando  SIH-RD  RJ  2018 - 04 
2026-06-19 19:57:35 [INFO] FORCE_RAW_DOWNLOAD ativo; substituindo arquivo bruto:  01_DLNMs_RJ_cerebrovascular/data_raw/sih/sih_rd_rj_2018_05.rds 
2026-06-19 19:57:35 [INFO] Baixando  SIH-RD  RJ  2018 - 05 
2026-06-19 19:57:45 [INFO] FORCE_RAW_DOWNLOAD ativo; substituindo arquivo bruto:  01_DLNMs_RJ_cerebrovascular/data_raw/sih/sih_rd_rj_2018_06.rds 
2026-06-19 19:57:45 [INFO] Baixando  SIH-RD  RJ  2018 - 06 
2026-06-19 19:57:56 [INFO] FORCE_RAW_DOWNLOAD ativo; substituindo arquivo bruto:  01_DLNMs_RJ_cerebrovascular/data_raw/sih/sih_rd_rj_2018_07.rds 
2026-06-19 19:57:56 [INFO] Baixando  SIH-RD  RJ  2018 - 07 
2026-06-19 19:58:05 [INFO] FORCE_RAW_DOWNLOAD ativo; substituindo arquivo bruto:  01_DLNMs_RJ_cerebrovascular/data_raw/sih/sih_rd_rj_2018_08.rds 
2026-06-19 19:58:05 [INFO] Baixando  SIH-RD  RJ  2018 - 08 
2026-06-19 19:58:15 [INFO] FORCE_RAW_DOWNLOAD ativo; substituindo arquivo bruto:  01_DLNMs_RJ_cerebrovascular/data_raw/sih/sih_rd_rj_2018_09.rds 
2026-06-19 19:58:15 [INFO] Baixando  SIH-RD  RJ  2018 - 09 
2026-06-19 19:58:31 [INFO] FORCE_RAW_DOWNLOAD ativo; substituindo arquivo bruto:  01_DLNMs_RJ_cerebrovascular/data_raw/sih/sih_rd_rj_2018_10.rds 
2026-06-19 19:58:31 [INFO] Baixando  SIH-RD  RJ  2018 - 10 
2026-06-19 19:58:42 [INFO] FORCE_RAW_DOWNLOAD ativo; substituindo arquivo bruto:  01_DLNMs_RJ_cerebrovascular/data_raw/sih/sih_rd_rj_2018_11.rds 
2026-06-19 19:58:42 [INFO] Baixando  SIH-RD  RJ  2018 - 11 
2026-06-19 19:58:51 [INFO] FORCE_RAW_DOWNLOAD ativo; substituindo arquivo bruto:  01_DLNMs_RJ_cerebrovascular/data_raw/sih/sih_rd_rj_2018_12.rds 
2026-06-19 19:58:51 [INFO] Baixando  SIH-RD  RJ  2018 - 12 
2026-06-19 19:59:19 [WARN] Falha no download  SIH-RD   2018 - 12  tentativa  1 / 4 :  Recv failure: Connection was reset 
2026-06-19 19:59:38 [INFO] FORCE_RAW_DOWNLOAD ativo; substituindo arquivo bruto:  01_DLNMs_RJ_cerebrovascular/data_raw/sih/sih_rd_rj_2019_01.rds 
2026-06-19 19:59:38 [INFO] Baixando  SIH-RD  RJ  2019 - 01 
2026-06-19 19:59:48 [INFO] FORCE_RAW_DOWNLOAD ativo; substituindo arquivo bruto:  01_DLNMs_RJ_cerebrovascular/data_raw/sih/sih_rd_rj_2019_02.rds 
2026-06-19 19:59:48 [INFO] Baixando  SIH-RD  RJ  2019 - 02 
2026-06-19 20:00:02 [INFO] FORCE_RAW_DOWNLOAD ativo; substituindo arquivo bruto:  01_DLNMs_RJ_cerebrovascular/data_raw/sih/sih_rd_rj_2019_03.rds 
2026-06-19 20:00:02 [INFO] Baixando  SIH-RD  RJ  2019 - 03 
2026-06-19 20:00:13 [INFO] FORCE_RAW_DOWNLOAD ativo; substituindo arquivo bruto:  01_DLNMs_RJ_cerebrovascular/data_raw/sih/sih_rd_rj_2019_04.rds 
2026-06-19 20:00:13 [INFO] Baixando  SIH-RD  RJ  2019 - 04 
2026-06-19 20:00:23 [INFO] FORCE_RAW_DOWNLOAD ativo; substituindo arquivo bruto:  01_DLNMs_RJ_cerebrovascular/data_raw/sih/sih_rd_rj_2019_05.rds 
2026-06-19 20:00:23 [INFO] Baixando  SIH-RD  RJ  2019 - 05 
2026-06-19 20:00:34 [INFO] FORCE_RAW_DOWNLOAD ativo; substituindo arquivo bruto:  01_DLNMs_RJ_cerebrovascular/data_raw/sih/sih_rd_rj_2019_06.rds 
2026-06-19 20:00:34 [INFO] Baixando  SIH-RD  RJ  2019 - 06 
2026-06-19 20:00:47 [INFO] FORCE_RAW_DOWNLOAD ativo; substituindo arquivo bruto:  01_DLNMs_RJ_cerebrovascular/data_raw/sih/sih_rd_rj_2019_07.rds 
2026-06-19 20:00:47 [INFO] Baixando  SIH-RD  RJ  2019 - 07 
2026-06-19 20:00:59 [INFO] FORCE_RAW_DOWNLOAD ativo; substituindo arquivo bruto:  01_DLNMs_RJ_cerebrovascular/data_raw/sih/sih_rd_rj_2019_08.rds 
2026-06-19 20:00:59 [INFO] Baixando  SIH-RD  RJ  2019 - 08 
2026-06-19 20:01:09 [INFO] FORCE_RAW_DOWNLOAD ativo; substituindo arquivo bruto:  01_DLNMs_RJ_cerebrovascular/data_raw/sih/sih_rd_rj_2019_09.rds 
2026-06-19 20:01:09 [INFO] Baixando  SIH-RD  RJ  2019 - 09 
2026-06-19 20:01:20 [INFO] FORCE_RAW_DOWNLOAD ativo; substituindo arquivo bruto:  01_DLNMs_RJ_cerebrovascular/data_raw/sih/sih_rd_rj_2019_10.rds 
2026-06-19 20:01:20 [INFO] Baixando  SIH-RD  RJ  2019 - 10 
2026-06-19 20:01:34 [INFO] FORCE_RAW_DOWNLOAD ativo; substituindo arquivo bruto:  01_DLNMs_RJ_cerebrovascular/data_raw/sih/sih_rd_rj_2019_11.rds 
2026-06-19 20:01:34 [INFO] Baixando  SIH-RD  RJ  2019 - 11 
2026-06-19 20:01:43 [INFO] FORCE_RAW_DOWNLOAD ativo; substituindo arquivo bruto:  01_DLNMs_RJ_cerebrovascular/data_raw/sih/sih_rd_rj_2019_12.rds 
2026-06-19 20:01:43 [INFO] Baixando  SIH-RD  RJ  2019 - 12 
2026-06-19 20:01:53 [INFO] FORCE_RAW_DOWNLOAD ativo; substituindo arquivo bruto:  01_DLNMs_RJ_cerebrovascular/data_raw/sih/sih_rd_rj_2020_01.rds 
2026-06-19 20:01:53 [INFO] Baixando  SIH-RD  RJ  2020 - 01 
2026-06-19 20:03:06 [INFO] FORCE_RAW_DOWNLOAD ativo; substituindo arquivo bruto:  01_DLNMs_RJ_cerebrovascular/data_raw/sih/sih_rd_rj_2020_02.rds 
2026-06-19 20:03:06 [INFO] Baixando  SIH-RD  RJ  2020 - 02 
2026-06-19 20:03:14 [INFO] FORCE_RAW_DOWNLOAD ativo; substituindo arquivo bruto:  01_DLNMs_RJ_cerebrovascular/data_raw/sih/sih_rd_rj_2020_03.rds 
2026-06-19 20:03:14 [INFO] Baixando  SIH-RD  RJ  2020 - 03 
2026-06-19 20:03:23 [INFO] FORCE_RAW_DOWNLOAD ativo; substituindo arquivo bruto:  01_DLNMs_RJ_cerebrovascular/data_raw/sih/sih_rd_rj_2020_04.rds 
2026-06-19 20:03:23 [INFO] Baixando  SIH-RD  RJ  2020 - 04 
2026-06-19 20:03:31 [INFO] FORCE_RAW_DOWNLOAD ativo; substituindo arquivo bruto:  01_DLNMs_RJ_cerebrovascular/data_raw/sih/sih_rd_rj_2020_05.rds 
2026-06-19 20:03:31 [INFO] Baixando  SIH-RD  RJ  2020 - 05 
2026-06-19 20:03:42 [INFO] FORCE_RAW_DOWNLOAD ativo; substituindo arquivo bruto:  01_DLNMs_RJ_cerebrovascular/data_raw/sih/sih_rd_rj_2020_06.rds 
2026-06-19 20:03:42 [INFO] Baixando  SIH-RD  RJ  2020 - 06 
2026-06-19 20:03:50 [INFO] FORCE_RAW_DOWNLOAD ativo; substituindo arquivo bruto:  01_DLNMs_RJ_cerebrovascular/data_raw/sih/sih_rd_rj_2020_07.rds 
2026-06-19 20:03:50 [INFO] Baixando  SIH-RD  RJ  2020 - 07 
2026-06-19 20:04:04 [INFO] FORCE_RAW_DOWNLOAD ativo; substituindo arquivo bruto:  01_DLNMs_RJ_cerebrovascular/data_raw/sih/sih_rd_rj_2020_08.rds 
2026-06-19 20:04:04 [INFO] Baixando  SIH-RD  RJ  2020 - 08 
2026-06-19 20:04:12 [INFO] FORCE_RAW_DOWNLOAD ativo; substituindo arquivo bruto:  01_DLNMs_RJ_cerebrovascular/data_raw/sih/sih_rd_rj_2020_09.rds 
2026-06-19 20:04:12 [INFO] Baixando  SIH-RD  RJ  2020 - 09 
2026-06-19 20:04:23 [INFO] FORCE_RAW_DOWNLOAD ativo; substituindo arquivo bruto:  01_DLNMs_RJ_cerebrovascular/data_raw/sih/sih_rd_rj_2020_10.rds 
2026-06-19 20:04:23 [INFO] Baixando  SIH-RD  RJ  2020 - 10 
2026-06-19 20:04:32 [INFO] FORCE_RAW_DOWNLOAD ativo; substituindo arquivo bruto:  01_DLNMs_RJ_cerebrovascular/data_raw/sih/sih_rd_rj_2020_11.rds 
2026-06-19 20:04:32 [INFO] Baixando  SIH-RD  RJ  2020 - 11 
2026-06-19 20:04:41 [INFO] FORCE_RAW_DOWNLOAD ativo; substituindo arquivo bruto:  01_DLNMs_RJ_cerebrovascular/data_raw/sih/sih_rd_rj_2020_12.rds 
2026-06-19 20:04:41 [INFO] Baixando  SIH-RD  RJ  2020 - 12 
2026-06-19 20:04:49 [INFO] FORCE_RAW_DOWNLOAD ativo; substituindo arquivo bruto:  01_DLNMs_RJ_cerebrovascular/data_raw/sih/sih_rd_rj_2021_01.rds 
2026-06-19 20:04:49 [INFO] Baixando  SIH-RD  RJ  2021 - 01 
2026-06-19 20:04:58 [INFO] FORCE_RAW_DOWNLOAD ativo; substituindo arquivo bruto:  01_DLNMs_RJ_cerebrovascular/data_raw/sih/sih_rd_rj_2021_02.rds 
2026-06-19 20:04:58 [INFO] Baixando  SIH-RD  RJ  2021 - 02 
2026-06-19 20:05:07 [INFO] FORCE_RAW_DOWNLOAD ativo; substituindo arquivo bruto:  01_DLNMs_RJ_cerebrovascular/data_raw/sih/sih_rd_rj_2021_03.rds 
2026-06-19 20:05:07 [INFO] Baixando  SIH-RD  RJ  2021 - 03 
2026-06-19 20:05:16 [INFO] FORCE_RAW_DOWNLOAD ativo; substituindo arquivo bruto:  01_DLNMs_RJ_cerebrovascular/data_raw/sih/sih_rd_rj_2021_04.rds 
2026-06-19 20:05:16 [INFO] Baixando  SIH-RD  RJ  2021 - 04 
2026-06-19 20:05:25 [INFO] FORCE_RAW_DOWNLOAD ativo; substituindo arquivo bruto:  01_DLNMs_RJ_cerebrovascular/data_raw/sih/sih_rd_rj_2021_05.rds 
2026-06-19 20:05:25 [INFO] Baixando  SIH-RD  RJ  2021 - 05 
2026-06-19 20:05:34 [INFO] FORCE_RAW_DOWNLOAD ativo; substituindo arquivo bruto:  01_DLNMs_RJ_cerebrovascular/data_raw/sih/sih_rd_rj_2021_06.rds 
2026-06-19 20:05:34 [INFO] Baixando  SIH-RD  RJ  2021 - 06 
2026-06-19 20:05:45 [INFO] FORCE_RAW_DOWNLOAD ativo; substituindo arquivo bruto:  01_DLNMs_RJ_cerebrovascular/data_raw/sih/sih_rd_rj_2021_07.rds 
2026-06-19 20:05:45 [INFO] Baixando  SIH-RD  RJ  2021 - 07 
2026-06-19 20:05:54 [INFO] FORCE_RAW_DOWNLOAD ativo; substituindo arquivo bruto:  01_DLNMs_RJ_cerebrovascular/data_raw/sih/sih_rd_rj_2021_08.rds 
2026-06-19 20:05:54 [INFO] Baixando  SIH-RD  RJ  2021 - 08 
2026-06-19 20:06:04 [INFO] FORCE_RAW_DOWNLOAD ativo; substituindo arquivo bruto:  01_DLNMs_RJ_cerebrovascular/data_raw/sih/sih_rd_rj_2021_09.rds 
2026-06-19 20:06:04 [INFO] Baixando  SIH-RD  RJ  2021 - 09 
2026-06-19 20:06:13 [INFO] FORCE_RAW_DOWNLOAD ativo; substituindo arquivo bruto:  01_DLNMs_RJ_cerebrovascular/data_raw/sih/sih_rd_rj_2021_10.rds 
2026-06-19 20:06:13 [INFO] Baixando  SIH-RD  RJ  2021 - 10 
2026-06-19 20:06:25 [INFO] FORCE_RAW_DOWNLOAD ativo; substituindo arquivo bruto:  01_DLNMs_RJ_cerebrovascular/data_raw/sih/sih_rd_rj_2021_11.rds 
2026-06-19 20:06:25 [INFO] Baixando  SIH-RD  RJ  2021 - 11 
2026-06-19 20:06:34 [INFO] FORCE_RAW_DOWNLOAD ativo; substituindo arquivo bruto:  01_DLNMs_RJ_cerebrovascular/data_raw/sih/sih_rd_rj_2021_12.rds 
2026-06-19 20:06:34 [INFO] Baixando  SIH-RD  RJ  2021 - 12 
2026-06-19 20:06:45 [INFO] FORCE_RAW_DOWNLOAD ativo; substituindo arquivo bruto:  01_DLNMs_RJ_cerebrovascular/data_raw/sih/sih_rd_rj_2022_01.rds 
2026-06-19 20:06:45 [INFO] Baixando  SIH-RD  RJ  2022 - 01 
2026-06-19 20:06:54 [INFO] FORCE_RAW_DOWNLOAD ativo; substituindo arquivo bruto:  01_DLNMs_RJ_cerebrovascular/data_raw/sih/sih_rd_rj_2022_02.rds 
2026-06-19 20:06:54 [INFO] Baixando  SIH-RD  RJ  2022 - 02 
2026-06-19 20:07:03 [INFO] FORCE_RAW_DOWNLOAD ativo; substituindo arquivo bruto:  01_DLNMs_RJ_cerebrovascular/data_raw/sih/sih_rd_rj_2022_03.rds 
2026-06-19 20:07:03 [INFO] Baixando  SIH-RD  RJ  2022 - 03 
2026-06-19 20:07:14 [INFO] FORCE_RAW_DOWNLOAD ativo; substituindo arquivo bruto:  01_DLNMs_RJ_cerebrovascular/data_raw/sih/sih_rd_rj_2022_04.rds 
2026-06-19 20:07:14 [INFO] Baixando  SIH-RD  RJ  2022 - 04 
2026-06-19 20:07:25 [INFO] FORCE_RAW_DOWNLOAD ativo; substituindo arquivo bruto:  01_DLNMs_RJ_cerebrovascular/data_raw/sih/sih_rd_rj_2022_05.rds 
2026-06-19 20:07:25 [INFO] Baixando  SIH-RD  RJ  2022 - 05 
2026-06-19 20:08:37 [INFO] FORCE_RAW_DOWNLOAD ativo; substituindo arquivo bruto:  01_DLNMs_RJ_cerebrovascular/data_raw/sih/sih_rd_rj_2022_06.rds 
2026-06-19 20:08:37 [INFO] Baixando  SIH-RD  RJ  2022 - 06 
2026-06-19 20:08:47 [INFO] FORCE_RAW_DOWNLOAD ativo; substituindo arquivo bruto:  01_DLNMs_RJ_cerebrovascular/data_raw/sih/sih_rd_rj_2022_07.rds 
2026-06-19 20:08:47 [INFO] Baixando  SIH-RD  RJ  2022 - 07 
2026-06-19 20:08:57 [INFO] FORCE_RAW_DOWNLOAD ativo; substituindo arquivo bruto:  01_DLNMs_RJ_cerebrovascular/data_raw/sih/sih_rd_rj_2022_08.rds 
2026-06-19 20:08:57 [INFO] Baixando  SIH-RD  RJ  2022 - 08 
2026-06-19 20:09:07 [INFO] FORCE_RAW_DOWNLOAD ativo; substituindo arquivo bruto:  01_DLNMs_RJ_cerebrovascular/data_raw/sih/sih_rd_rj_2022_09.rds 
2026-06-19 20:09:07 [INFO] Baixando  SIH-RD  RJ  2022 - 09 
2026-06-19 20:09:19 [INFO] FORCE_RAW_DOWNLOAD ativo; substituindo arquivo bruto:  01_DLNMs_RJ_cerebrovascular/data_raw/sih/sih_rd_rj_2022_10.rds 
2026-06-19 20:09:19 [INFO] Baixando  SIH-RD  RJ  2022 - 10 
2026-06-19 20:09:29 [INFO] FORCE_RAW_DOWNLOAD ativo; substituindo arquivo bruto:  01_DLNMs_RJ_cerebrovascular/data_raw/sih/sih_rd_rj_2022_11.rds 
2026-06-19 20:09:29 [INFO] Baixando  SIH-RD  RJ  2022 - 11 
2026-06-19 20:09:38 [INFO] FORCE_RAW_DOWNLOAD ativo; substituindo arquivo bruto:  01_DLNMs_RJ_cerebrovascular/data_raw/sih/sih_rd_rj_2022_12.rds 
2026-06-19 20:09:38 [INFO] Baixando  SIH-RD  RJ  2022 - 12 
2026-06-19 20:09:47 [INFO] FORCE_RAW_DOWNLOAD ativo; substituindo arquivo bruto:  01_DLNMs_RJ_cerebrovascular/data_raw/sih/sih_rd_rj_2023_01.rds 
2026-06-19 20:09:47 [INFO] Baixando  SIH-RD  RJ  2023 - 01 
2026-06-19 20:09:58 [INFO] FORCE_RAW_DOWNLOAD ativo; substituindo arquivo bruto:  01_DLNMs_RJ_cerebrovascular/data_raw/sih/sih_rd_rj_2023_02.rds 
2026-06-19 20:09:58 [INFO] Baixando  SIH-RD  RJ  2023 - 02 
2026-06-19 20:10:08 [INFO] FORCE_RAW_DOWNLOAD ativo; substituindo arquivo bruto:  01_DLNMs_RJ_cerebrovascular/data_raw/sih/sih_rd_rj_2023_03.rds 
2026-06-19 20:10:08 [INFO] Baixando  SIH-RD  RJ  2023 - 03 
2026-06-19 20:10:21 [INFO] FORCE_RAW_DOWNLOAD ativo; substituindo arquivo bruto:  01_DLNMs_RJ_cerebrovascular/data_raw/sih/sih_rd_rj_2023_04.rds 
2026-06-19 20:10:21 [INFO] Baixando  SIH-RD  RJ  2023 - 04 
2026-06-19 20:10:31 [INFO] FORCE_RAW_DOWNLOAD ativo; substituindo arquivo bruto:  01_DLNMs_RJ_cerebrovascular/data_raw/sih/sih_rd_rj_2023_05.rds 
2026-06-19 20:10:31 [INFO] Baixando  SIH-RD  RJ  2023 - 05 
2026-06-19 20:10:43 [INFO] FORCE_RAW_DOWNLOAD ativo; substituindo arquivo bruto:  01_DLNMs_RJ_cerebrovascular/data_raw/sih/sih_rd_rj_2023_06.rds 
2026-06-19 20:10:43 [INFO] Baixando  SIH-RD  RJ  2023 - 06 
2026-06-19 20:10:55 [INFO] FORCE_RAW_DOWNLOAD ativo; substituindo arquivo bruto:  01_DLNMs_RJ_cerebrovascular/data_raw/sih/sih_rd_rj_2023_07.rds 
2026-06-19 20:10:55 [INFO] Baixando  SIH-RD  RJ  2023 - 07 
2026-06-19 20:11:06 [INFO] FORCE_RAW_DOWNLOAD ativo; substituindo arquivo bruto:  01_DLNMs_RJ_cerebrovascular/data_raw/sih/sih_rd_rj_2023_08.rds 
2026-06-19 20:11:06 [INFO] Baixando  SIH-RD  RJ  2023 - 08 
2026-06-19 20:11:18 [INFO] FORCE_RAW_DOWNLOAD ativo; substituindo arquivo bruto:  01_DLNMs_RJ_cerebrovascular/data_raw/sih/sih_rd_rj_2023_09.rds 
2026-06-19 20:11:18 [INFO] Baixando  SIH-RD  RJ  2023 - 09 
2026-06-19 20:11:29 [INFO] FORCE_RAW_DOWNLOAD ativo; substituindo arquivo bruto:  01_DLNMs_RJ_cerebrovascular/data_raw/sih/sih_rd_rj_2023_10.rds 
2026-06-19 20:11:29 [INFO] Baixando  SIH-RD  RJ  2023 - 10 
2026-06-19 20:11:41 [INFO] FORCE_RAW_DOWNLOAD ativo; substituindo arquivo bruto:  01_DLNMs_RJ_cerebrovascular/data_raw/sih/sih_rd_rj_2023_11.rds 
2026-06-19 20:11:41 [INFO] Baixando  SIH-RD  RJ  2023 - 11 
2026-06-19 20:11:53 [INFO] FORCE_RAW_DOWNLOAD ativo; substituindo arquivo bruto:  01_DLNMs_RJ_cerebrovascular/data_raw/sih/sih_rd_rj_2023_12.rds 
2026-06-19 20:11:53 [INFO] Baixando  SIH-RD  RJ  2023 - 12 
2026-06-19 20:12:06 [INFO] FORCE_RAW_DOWNLOAD ativo; substituindo arquivo bruto:  01_DLNMs_RJ_cerebrovascular/data_raw/sih/sih_rd_rj_2024_01.rds 
2026-06-19 20:12:06 [INFO] Baixando  SIH-RD  RJ  2024 - 01 
2026-06-19 20:12:20 [INFO] FORCE_RAW_DOWNLOAD ativo; substituindo arquivo bruto:  01_DLNMs_RJ_cerebrovascular/data_raw/sih/sih_rd_rj_2024_02.rds 
2026-06-19 20:12:20 [INFO] Baixando  SIH-RD  RJ  2024 - 02 
2026-06-19 20:12:35 [INFO] FORCE_RAW_DOWNLOAD ativo; substituindo arquivo bruto:  01_DLNMs_RJ_cerebrovascular/data_raw/sih/sih_rd_rj_2024_03.rds 
2026-06-19 20:12:35 [INFO] Baixando  SIH-RD  RJ  2024 - 03 
2026-06-19 20:12:46 [INFO] FORCE_RAW_DOWNLOAD ativo; substituindo arquivo bruto:  01_DLNMs_RJ_cerebrovascular/data_raw/sih/sih_rd_rj_2024_04.rds 
2026-06-19 20:12:46 [INFO] Baixando  SIH-RD  RJ  2024 - 04 
2026-06-19 20:12:59 [INFO] FORCE_RAW_DOWNLOAD ativo; substituindo arquivo bruto:  01_DLNMs_RJ_cerebrovascular/data_raw/sih/sih_rd_rj_2024_05.rds 
2026-06-19 20:12:59 [INFO] Baixando  SIH-RD  RJ  2024 - 05 
2026-06-19 20:13:13 [INFO] FORCE_RAW_DOWNLOAD ativo; substituindo arquivo bruto:  01_DLNMs_RJ_cerebrovascular/data_raw/sih/sih_rd_rj_2024_06.rds 
2026-06-19 20:13:13 [INFO] Baixando  SIH-RD  RJ  2024 - 06 
2026-06-19 20:13:25 [INFO] FORCE_RAW_DOWNLOAD ativo; substituindo arquivo bruto:  01_DLNMs_RJ_cerebrovascular/data_raw/sih/sih_rd_rj_2024_07.rds 
2026-06-19 20:13:25 [INFO] Baixando  SIH-RD  RJ  2024 - 07 
2026-06-19 20:13:37 [INFO] FORCE_RAW_DOWNLOAD ativo; substituindo arquivo bruto:  01_DLNMs_RJ_cerebrovascular/data_raw/sih/sih_rd_rj_2024_08.rds 
2026-06-19 20:13:37 [INFO] Baixando  SIH-RD  RJ  2024 - 08 
2026-06-19 20:13:50 [INFO] FORCE_RAW_DOWNLOAD ativo; substituindo arquivo bruto:  01_DLNMs_RJ_cerebrovascular/data_raw/sih/sih_rd_rj_2024_09.rds 
2026-06-19 20:13:50 [INFO] Baixando  SIH-RD  RJ  2024 - 09 
2026-06-19 20:14:04 [INFO] FORCE_RAW_DOWNLOAD ativo; substituindo arquivo bruto:  01_DLNMs_RJ_cerebrovascular/data_raw/sih/sih_rd_rj_2024_10.rds 
2026-06-19 20:14:04 [INFO] Baixando  SIH-RD  RJ  2024 - 10 
2026-06-19 20:14:17 [INFO] FORCE_RAW_DOWNLOAD ativo; substituindo arquivo bruto:  01_DLNMs_RJ_cerebrovascular/data_raw/sih/sih_rd_rj_2024_11.rds 
2026-06-19 20:14:17 [INFO] Baixando  SIH-RD  RJ  2024 - 11 
2026-06-19 20:14:32 [INFO] FORCE_RAW_DOWNLOAD ativo; substituindo arquivo bruto:  01_DLNMs_RJ_cerebrovascular/data_raw/sih/sih_rd_rj_2024_12.rds 
2026-06-19 20:14:32 [INFO] Baixando  SIH-RD  RJ  2024 - 12 
2026-06-19 20:14:44 [INFO] FORCE_RAW_DOWNLOAD ativo; substituindo arquivo bruto:  01_DLNMs_RJ_cerebrovascular/data_raw/sih/sih_rd_rj_2025_01.rds 
2026-06-19 20:14:44 [INFO] Baixando  SIH-RD  RJ  2025 - 01 
2026-06-19 20:14:58 [INFO] FORCE_RAW_DOWNLOAD ativo; substituindo arquivo bruto:  01_DLNMs_RJ_cerebrovascular/data_raw/sih/sih_rd_rj_2025_02.rds 
2026-06-19 20:14:58 [INFO] Baixando  SIH-RD  RJ  2025 - 02 
2026-06-19 20:15:12 [INFO] FORCE_RAW_DOWNLOAD ativo; substituindo arquivo bruto:  01_DLNMs_RJ_cerebrovascular/data_raw/sih/sih_rd_rj_2025_03.rds 
2026-06-19 20:15:12 [INFO] Baixando  SIH-RD  RJ  2025 - 03 
2026-06-19 20:15:27 [INFO] FORCE_RAW_DOWNLOAD ativo; substituindo arquivo bruto:  01_DLNMs_RJ_cerebrovascular/data_raw/sih/sih_rd_rj_2025_04.rds 
2026-06-19 20:15:27 [INFO] Baixando  SIH-RD  RJ  2025 - 04 
2026-06-19 20:15:44 [INFO] FORCE_RAW_DOWNLOAD ativo; substituindo arquivo bruto:  01_DLNMs_RJ_cerebrovascular/data_raw/sih/sih_rd_rj_2025_05.rds 
2026-06-19 20:15:44 [INFO] Baixando  SIH-RD  RJ  2025 - 05 
2026-06-19 20:16:04 [INFO] FORCE_RAW_DOWNLOAD ativo; substituindo arquivo bruto:  01_DLNMs_RJ_cerebrovascular/data_raw/sih/sih_rd_rj_2025_06.rds 
2026-06-19 20:16:04 [INFO] Baixando  SIH-RD  RJ  2025 - 06 
2026-06-19 20:16:23 [INFO] FORCE_RAW_DOWNLOAD ativo; substituindo arquivo bruto:  01_DLNMs_RJ_cerebrovascular/data_raw/sih/sih_rd_rj_2025_07.rds 
2026-06-19 20:16:23 [INFO] Baixando  SIH-RD  RJ  2025 - 07 
2026-06-19 20:16:42 [INFO] FORCE_RAW_DOWNLOAD ativo; substituindo arquivo bruto:  01_DLNMs_RJ_cerebrovascular/data_raw/sih/sih_rd_rj_2025_08.rds 
2026-06-19 20:16:42 [INFO] Baixando  SIH-RD  RJ  2025 - 08 
2026-06-19 20:16:55 [INFO] FORCE_RAW_DOWNLOAD ativo; substituindo arquivo bruto:  01_DLNMs_RJ_cerebrovascular/data_raw/sih/sih_rd_rj_2025_09.rds 
2026-06-19 20:16:55 [INFO] Baixando  SIH-RD  RJ  2025 - 09 
2026-06-19 20:17:08 [INFO] FORCE_RAW_DOWNLOAD ativo; substituindo arquivo bruto:  01_DLNMs_RJ_cerebrovascular/data_raw/sih/sih_rd_rj_2025_10.rds 
2026-06-19 20:17:08 [INFO] Baixando  SIH-RD  RJ  2025 - 10 
2026-06-19 20:17:24 [INFO] FORCE_RAW_DOWNLOAD ativo; substituindo arquivo bruto:  01_DLNMs_RJ_cerebrovascular/data_raw/sih/sih_rd_rj_2025_11.rds 
2026-06-19 20:17:24 [INFO] Baixando  SIH-RD  RJ  2025 - 11 
2026-06-19 20:17:37 [INFO] FORCE_RAW_DOWNLOAD ativo; substituindo arquivo bruto:  01_DLNMs_RJ_cerebrovascular/data_raw/sih/sih_rd_rj_2025_12.rds 
2026-06-19 20:17:37 [INFO] Baixando  SIH-RD  RJ  2025 - 12 
2026-06-19 20:17:54 [INFO] Etapa 2/9: downloads SIM 
2026-06-19 20:17:54 [INFO] FORCE_RAW_DOWNLOAD ativo; substituindo SIM anual bruto:  01_DLNMs_RJ_cerebrovascular/data_raw/sim/sim_do_rj_year_2010.rds 
2026-06-19 20:17:54 [INFO] Baixando SIM-DO RJ  2010  (arquivo anual) 
2026-06-19 20:18:07 [INFO] FORCE_RAW_DOWNLOAD ativo; substituindo SIM anual bruto:  01_DLNMs_RJ_cerebrovascular/data_raw/sim/sim_do_rj_year_2011.rds 
2026-06-19 20:18:07 [INFO] Baixando SIM-DO RJ  2011  (arquivo anual) 
2026-06-19 20:18:24 [INFO] FORCE_RAW_DOWNLOAD ativo; substituindo SIM anual bruto:  01_DLNMs_RJ_cerebrovascular/data_raw/sim/sim_do_rj_year_2012.rds 
2026-06-19 20:18:24 [INFO] Baixando SIM-DO RJ  2012  (arquivo anual) 
2026-06-19 20:18:38 [INFO] FORCE_RAW_DOWNLOAD ativo; substituindo SIM anual bruto:  01_DLNMs_RJ_cerebrovascular/data_raw/sim/sim_do_rj_year_2013.rds 
2026-06-19 20:18:38 [INFO] Baixando SIM-DO RJ  2013  (arquivo anual) 
2026-06-19 20:19:15 [INFO] FORCE_RAW_DOWNLOAD ativo; substituindo SIM anual bruto:  01_DLNMs_RJ_cerebrovascular/data_raw/sim/sim_do_rj_year_2014.rds 
2026-06-19 20:19:15 [INFO] Baixando SIM-DO RJ  2014  (arquivo anual) 
2026-06-20 03:22:20 [INFO] FORCE_RAW_DOWNLOAD ativo; substituindo SIM anual bruto:  01_DLNMs_RJ_cerebrovascular/data_raw/sim/sim_do_rj_year_2015.rds 
2026-06-20 03:22:20 [INFO] Baixando SIM-DO RJ  2015  (arquivo anual) 
2026-06-20 09:15:17 [INFO] FORCE_RAW_DOWNLOAD ativo; substituindo SIM anual bruto:  01_DLNMs_RJ_cerebrovascular/data_raw/sim/sim_do_rj_year_2016.rds 
2026-06-20 09:15:17 [INFO] Baixando SIM-DO RJ  2016  (arquivo anual) 
2026-06-20 09:16:13 [INFO] FORCE_RAW_DOWNLOAD ativo; substituindo SIM anual bruto:  01_DLNMs_RJ_cerebrovascular/data_raw/sim/sim_do_rj_year_2017.rds 
2026-06-20 09:16:13 [INFO] Baixando SIM-DO RJ  2017  (arquivo anual) 
2026-06-20 09:16:47 [INFO] FORCE_RAW_DOWNLOAD ativo; substituindo SIM anual bruto:  01_DLNMs_RJ_cerebrovascular/data_raw/sim/sim_do_rj_year_2018.rds 
2026-06-20 09:16:47 [INFO] Baixando SIM-DO RJ  2018  (arquivo anual) 
2026-06-20 09:17:10 [INFO] FORCE_RAW_DOWNLOAD ativo; substituindo SIM anual bruto:  01_DLNMs_RJ_cerebrovascular/data_raw/sim/sim_do_rj_year_2019.rds 
2026-06-20 09:17:10 [INFO] Baixando SIM-DO RJ  2019  (arquivo anual) 
2026-06-20 09:17:30 [INFO] FORCE_RAW_DOWNLOAD ativo; substituindo SIM anual bruto:  01_DLNMs_RJ_cerebrovascular/data_raw/sim/sim_do_rj_year_2020.rds 
2026-06-20 09:17:30 [INFO] Baixando SIM-DO RJ  2020  (arquivo anual) 
2026-06-20 09:17:54 [INFO] FORCE_RAW_DOWNLOAD ativo; substituindo SIM anual bruto:  01_DLNMs_RJ_cerebrovascular/data_raw/sim/sim_do_rj_year_2021.rds 
2026-06-20 09:17:54 [INFO] Baixando SIM-DO RJ  2021  (arquivo anual) 
2026-06-20 09:18:23 [INFO] FORCE_RAW_DOWNLOAD ativo; substituindo SIM anual bruto:  01_DLNMs_RJ_cerebrovascular/data_raw/sim/sim_do_rj_year_2022.rds 
2026-06-20 09:18:23 [INFO] Baixando SIM-DO RJ  2022  (arquivo anual) 
2026-06-20 09:19:07 [INFO] FORCE_RAW_DOWNLOAD ativo; substituindo SIM anual bruto:  01_DLNMs_RJ_cerebrovascular/data_raw/sim/sim_do_rj_year_2023.rds 
2026-06-20 09:19:07 [INFO] Baixando SIM-DO RJ  2023  (arquivo anual) 
2026-06-20 09:19:32 [INFO] FORCE_RAW_DOWNLOAD ativo; substituindo SIM anual bruto:  01_DLNMs_RJ_cerebrovascular/data_raw/sim/sim_do_rj_year_2024.rds 
2026-06-20 09:19:32 [INFO] Baixando SIM-DO RJ  2024  (arquivo anual) 
2026-06-20 09:19:52 [INFO] Baixando SIM-DO RJ  2025  (arquivo anual) 
2026-06-20 09:19:57 [WARN] Alguns anos do SIM nao ficaram disponaveis. A modelagem usara apenas anos reais baixados; ver auditoria_download_sim.csv. 
2026-06-20 09:19:57 [INFO] Etapa 3/9: downloads INMET 
2026-06-20 09:19:58 [INFO] FORCE_RAW_DOWNLOAD ativo; substituindo ZIP INMET bruto:  01_DLNMs_RJ_cerebrovascular/data_raw/inmet_zip/inmet_2010.zip 
2026-06-20 09:20:41 [INFO] Processando ZIP INMET  2010 
2026-06-20 09:20:57 [INFO] FORCE_RAW_DOWNLOAD ativo; substituindo ZIP INMET bruto:  01_DLNMs_RJ_cerebrovascular/data_raw/inmet_zip/inmet_2011.zip 
2026-06-20 09:21:46 [INFO] Processando ZIP INMET  2011 
2026-06-20 09:21:58 [INFO] FORCE_RAW_DOWNLOAD ativo; substituindo ZIP INMET bruto:  01_DLNMs_RJ_cerebrovascular/data_raw/inmet_zip/inmet_2012.zip 
2026-06-20 09:22:45 [INFO] Processando ZIP INMET  2012 
2026-06-20 09:22:58 [INFO] FORCE_RAW_DOWNLOAD ativo; substituindo ZIP INMET bruto:  01_DLNMs_RJ_cerebrovascular/data_raw/inmet_zip/inmet_2013.zip 
2026-06-20 09:23:43 [INFO] Processando ZIP INMET  2013 
2026-06-20 09:23:55 [INFO] FORCE_RAW_DOWNLOAD ativo; substituindo ZIP INMET bruto:  01_DLNMs_RJ_cerebrovascular/data_raw/inmet_zip/inmet_2014.zip 
2026-06-20 09:25:27 [INFO] Processando ZIP INMET  2014 
2026-06-20 09:25:39 [INFO] FORCE_RAW_DOWNLOAD ativo; substituindo ZIP INMET bruto:  01_DLNMs_RJ_cerebrovascular/data_raw/inmet_zip/inmet_2015.zip 
2026-06-20 09:26:06 [INFO] Processando ZIP INMET  2015 
2026-06-20 09:26:19 [INFO] FORCE_RAW_DOWNLOAD ativo; substituindo ZIP INMET bruto:  01_DLNMs_RJ_cerebrovascular/data_raw/inmet_zip/inmet_2016.zip 
2026-06-20 09:26:52 [INFO] Processando ZIP INMET  2016 
2026-06-20 09:27:07 [INFO] FORCE_RAW_DOWNLOAD ativo; substituindo ZIP INMET bruto:  01_DLNMs_RJ_cerebrovascular/data_raw/inmet_zip/inmet_2017.zip 
2026-06-20 09:27:37 [INFO] Processando ZIP INMET  2017 
2026-06-20 09:27:53 [INFO] FORCE_RAW_DOWNLOAD ativo; substituindo ZIP INMET bruto:  01_DLNMs_RJ_cerebrovascular/data_raw/inmet_zip/inmet_2018.zip 
2026-06-20 09:28:37 [INFO] Processando ZIP INMET  2018 
2026-06-20 09:28:55 [INFO] FORCE_RAW_DOWNLOAD ativo; substituindo ZIP INMET bruto:  01_DLNMs_RJ_cerebrovascular/data_raw/inmet_zip/inmet_2019.zip 
2026-06-20 09:30:31 [INFO] Processando ZIP INMET  2019 
2026-06-20 09:30:46 [INFO] FORCE_RAW_DOWNLOAD ativo; substituindo ZIP INMET bruto:  01_DLNMs_RJ_cerebrovascular/data_raw/inmet_zip/inmet_2020.zip 
2026-06-20 09:31:22 [INFO] Processando ZIP INMET  2020 
2026-06-20 09:31:38 [INFO] FORCE_RAW_DOWNLOAD ativo; substituindo ZIP INMET bruto:  01_DLNMs_RJ_cerebrovascular/data_raw/inmet_zip/inmet_2021.zip 
2026-06-20 09:32:02 [INFO] Processando ZIP INMET  2021 
2026-06-20 09:32:17 [INFO] FORCE_RAW_DOWNLOAD ativo; substituindo ZIP INMET bruto:  01_DLNMs_RJ_cerebrovascular/data_raw/inmet_zip/inmet_2022.zip 
2026-06-20 09:32:44 [INFO] Processando ZIP INMET  2022 
2026-06-20 09:32:58 [INFO] FORCE_RAW_DOWNLOAD ativo; substituindo ZIP INMET bruto:  01_DLNMs_RJ_cerebrovascular/data_raw/inmet_zip/inmet_2023.zip 
2026-06-20 09:33:39 [INFO] Processando ZIP INMET  2023 
2026-06-20 09:33:56 [INFO] FORCE_RAW_DOWNLOAD ativo; substituindo ZIP INMET bruto:  01_DLNMs_RJ_cerebrovascular/data_raw/inmet_zip/inmet_2024.zip 
2026-06-20 09:34:22 [INFO] Processando ZIP INMET  2024 
2026-06-20 09:34:38 [INFO] FORCE_RAW_DOWNLOAD ativo; substituindo ZIP INMET bruto:  01_DLNMs_RJ_cerebrovascular/data_raw/inmet_zip/inmet_2025.zip 
2026-06-20 09:35:01 [INFO] Processando ZIP INMET  2025 
2026-06-20 09:35:15 [INFO] Etapa 4/9: processamento de desfechos 
2026-06-20 09:42:38 [WARN] parse_datasus_date:  127536  registros reconvertidos de dmy;  0  registros permaneceram NA 
2026-06-20 09:42:42 [WARN] parse_datasus_date:  127095  registros reconvertidos de dmy;  0  registros permaneceram NA 
2026-06-20 09:42:45 [WARN] parse_datasus_date:  126261  registros reconvertidos de dmy;  0  registros permaneceram NA 
2026-06-20 09:42:51 [WARN] parse_datasus_date:  130032  registros reconvertidos de dmy;  0  registros permaneceram NA 
2026-06-20 09:42:56 [WARN] parse_datasus_date:  131044  registros reconvertidos de dmy;  0  registros permaneceram NA 
2026-06-20 09:43:01 [WARN] parse_datasus_date:  132714  registros reconvertidos de dmy;  0  registros permaneceram NA 
2026-06-20 09:43:06 [WARN] parse_datasus_date:  141089  registros reconvertidos de dmy;  0  registros permaneceram NA 
2026-06-20 09:43:11 [WARN] parse_datasus_date:  136709  registros reconvertidos de dmy;  0  registros permaneceram NA 
2026-06-20 09:43:16 [WARN] parse_datasus_date:  140706  registros reconvertidos de dmy;  0  registros permaneceram NA 
2026-06-20 09:43:22 [WARN] parse_datasus_date:  144600  registros reconvertidos de dmy;  0  registros permaneceram NA 
2026-06-20 09:43:29 [WARN] parse_datasus_date:  172185  registros reconvertidos de dmy;  0  registros permaneceram NA 
2026-06-20 09:43:36 [WARN] parse_datasus_date:  189232  registros reconvertidos de dmy;  0  registros permaneceram NA 
2026-06-20 09:43:42 [WARN] parse_datasus_date:  150806  registros reconvertidos de dmy;  0  registros permaneceram NA 
2026-06-20 09:43:46 [WARN] parse_datasus_date:  145148  registros reconvertidos de dmy;  0  registros permaneceram NA 
2026-06-20 09:43:52 [WARN] parse_datasus_date:  148156  registros reconvertidos de dmy;  0  registros permaneceram NA 
2026-06-20 09:44:16 [INFO] Etapa 5/9: processamento INMET 
2026-06-20 09:44:27 [ERROR] Centroides municipais para auditoria espacial das estacoes INMET :  Geometria municipal sem codigo ou nome identificavel: ibge_malhas_api_qualidade_minima_2020 
2026-06-20 09:44:27 [ERROR] Centroides municipais para centros macrorregionais :  Geometria municipal sem codigo ou nome identificavel: ibge_malhas_api_qualidade_minima_2020 
2026-06-20 09:45:46 [INFO] Etapa 6/9: populacao SIDRA/IBGE para offset 
2026-06-20 09:45:47 [INFO] Baixando populacao municipal RJ pelo SIDRA/IBGE para  2010-2025 
2026-06-20 09:45:52 [INFO] Etapa 7/9: dataset analitico e DLNM 
2026-06-20 09:46:49 [INFO] Daily timeseries figures by macroregion saved to  01_DLNMs_RJ_cerebrovascular/outputs/figures 
2026-06-20 09:46:49 [INFO] Ajustando DLNM:  Baia da Ilha Grande  /  internacoes_i60_i69  /  temp_med 
2026-06-20 09:47:00 [INFO] Ajustando DLNM:  Baia da Ilha Grande  /  internacoes_i60_i69  /  ur_med 
2026-06-20 09:47:10 [INFO] Ajustando DLNM:  Baia da Ilha Grande  /  obitos_i60_i69  /  temp_med 
2026-06-20 09:47:20 [INFO] Ajustando DLNM:  Baia da Ilha Grande  /  obitos_i60_i69  /  ur_med 
2026-06-20 09:47:27 [INFO] Ajustando DLNM:  Baia da Ilha Grande  /  internacoes_i60_i64  /  temp_med 
2026-06-20 09:47:35 [INFO] Ajustando DLNM:  Baia da Ilha Grande  /  internacoes_i60_i64  /  ur_med 
2026-06-20 09:47:43 [INFO] Ajustando DLNM:  Baia da Ilha Grande  /  obitos_i60_i64  /  temp_med 
2026-06-20 09:47:53 [INFO] Ajustando DLNM:  Baia da Ilha Grande  /  obitos_i60_i64  /  ur_med 
2026-06-20 09:48:01 [INFO] Ajustando DLNM:  Baia da Ilha Grande  /  internacoes_i60_i62  /  temp_med 
2026-06-20 09:48:09 [INFO] Ajustando DLNM:  Baia da Ilha Grande  /  internacoes_i60_i62  /  ur_med 
2026-06-20 09:48:17 [INFO] Ajustando DLNM:  Baia da Ilha Grande  /  obitos_i60_i62  /  temp_med 
2026-06-20 09:48:31 [INFO] Ajustando DLNM:  Baia da Ilha Grande  /  obitos_i60_i62  /  ur_med 
2026-06-20 09:48:46 [INFO] Ajustando DLNM:  Baia da Ilha Grande  /  internacoes_i63  /  temp_med 
2026-06-20 09:48:58 [INFO] Ajustando DLNM:  Baia da Ilha Grande  /  internacoes_i63  /  ur_med 
2026-06-20 09:49:13 [INFO] Ajustando DLNM:  Baia da Ilha Grande  /  obitos_i63  /  temp_med 
2026-06-20 09:49:26 [INFO] Ajustando DLNM:  Baia da Ilha Grande  /  obitos_i63  /  ur_med 
2026-06-20 09:49:39 [INFO] Ajustando DLNM:  Baixada Litoranea  /  internacoes_i60_i69  /  temp_med 
2026-06-20 09:49:46 [INFO] Ajustando DLNM:  Baixada Litoranea  /  internacoes_i60_i69  /  ur_med 
2026-06-20 09:49:53 [INFO] Ajustando DLNM:  Baixada Litoranea  /  obitos_i60_i69  /  temp_med 
2026-06-20 09:49:59 [INFO] Ajustando DLNM:  Baixada Litoranea  /  obitos_i60_i69  /  ur_med 
2026-06-20 09:50:06 [INFO] Ajustando DLNM:  Baixada Litoranea  /  internacoes_i60_i64  /  temp_med 
2026-06-20 09:50:13 [INFO] Ajustando DLNM:  Baixada Litoranea  /  internacoes_i60_i64  /  ur_med 
2026-06-20 09:50:19 [INFO] Ajustando DLNM:  Baixada Litoranea  /  obitos_i60_i64  /  temp_med 
2026-06-20 09:50:25 [INFO] Ajustando DLNM:  Baixada Litoranea  /  obitos_i60_i64  /  ur_med 
2026-06-20 09:50:32 [INFO] Ajustando DLNM:  Baixada Litoranea  /  internacoes_i60_i62  /  temp_med 
2026-06-20 09:50:39 [INFO] Ajustando DLNM:  Baixada Litoranea  /  internacoes_i60_i62  /  ur_med 
2026-06-20 09:50:45 [INFO] Ajustando DLNM:  Baixada Litoranea  /  obitos_i60_i62  /  temp_med 
2026-06-20 09:50:59 [INFO] Ajustando DLNM:  Baixada Litoranea  /  obitos_i60_i62  /  ur_med 
2026-06-20 09:51:03 [ERROR] DLNM Baixada Litoranea obitos_i60_i62 ur_med :  NA/NaN/Inf in 'x' 
2026-06-20 09:51:03 [INFO] Ajustando DLNM:  Baixada Litoranea  /  internacoes_i63  /  temp_med 
2026-06-20 09:51:06 [ERROR] DLNM Baixada Litoranea internacoes_i63 temp_med :  loop interno 1; não é possível corrigir o tamanho do passo 
2026-06-20 09:51:06 [INFO] Ajustando DLNM:  Baixada Litoranea  /  internacoes_i63  /  ur_med 
2026-06-20 09:51:09 [ERROR] DLNM Baixada Litoranea internacoes_i63 ur_med :  loop interno 1; não é possível corrigir o tamanho do passo 
2026-06-20 09:51:09 [INFO] Ajustando DLNM:  Baixada Litoranea  /  obitos_i63  /  temp_med 
2026-06-20 09:51:26 [INFO] Ajustando DLNM:  Baixada Litoranea  /  obitos_i63  /  ur_med 
2026-06-20 09:51:29 [ERROR] DLNM Baixada Litoranea obitos_i63 ur_med :  NA/NaN/Inf in 'x' 
2026-06-20 09:51:29 [INFO] Ajustando DLNM:  Centro-Sul  /  internacoes_i60_i69  /  temp_med 
2026-06-20 09:51:35 [INFO] Ajustando DLNM:  Centro-Sul  /  internacoes_i60_i69  /  ur_med 
2026-06-20 09:51:42 [INFO] Ajustando DLNM:  Centro-Sul  /  obitos_i60_i69  /  temp_med 
2026-06-20 09:51:49 [INFO] Ajustando DLNM:  Centro-Sul  /  obitos_i60_i69  /  ur_med 
2026-06-20 09:51:57 [INFO] Ajustando DLNM:  Centro-Sul  /  internacoes_i60_i64  /  temp_med 
2026-06-20 09:52:03 [INFO] Ajustando DLNM:  Centro-Sul  /  internacoes_i60_i64  /  ur_med 
2026-06-20 09:52:10 [INFO] Ajustando DLNM:  Centro-Sul  /  obitos_i60_i64  /  temp_med 
2026-06-20 09:52:18 [INFO] Ajustando DLNM:  Centro-Sul  /  obitos_i60_i64  /  ur_med 
2026-06-20 09:52:25 [INFO] Ajustando DLNM:  Centro-Sul  /  internacoes_i60_i62  /  temp_med 
2026-06-20 09:52:31 [INFO] Ajustando DLNM:  Centro-Sul  /  internacoes_i60_i62  /  ur_med 
2026-06-20 09:52:38 [INFO] Ajustando DLNM:  Centro-Sul  /  obitos_i60_i62  /  temp_med 
2026-06-20 09:52:51 [INFO] Ajustando DLNM:  Centro-Sul  /  obitos_i60_i62  /  ur_med 
2026-06-20 09:53:03 [INFO] Ajustando DLNM:  Centro-Sul  /  internacoes_i63  /  temp_med 
2026-06-20 09:53:14 [INFO] Ajustando DLNM:  Centro-Sul  /  internacoes_i63  /  ur_med 
2026-06-20 09:53:24 [INFO] Ajustando DLNM:  Centro-Sul  /  obitos_i63  /  temp_med 
2026-06-20 09:53:27 [ERROR] DLNM Centro-Sul obitos_i63 temp_med :  loop interno 1; não é possível corrigir o tamanho do passo 
2026-06-20 09:53:27 [INFO] Ajustando DLNM:  Centro-Sul  /  obitos_i63  /  ur_med 
2026-06-20 09:53:29 [ERROR] DLNM Centro-Sul obitos_i63 ur_med :  NA/NaN/Inf in 'x' 
2026-06-20 09:53:29 [INFO] Ajustando DLNM:  Medio Paraiba  /  internacoes_i60_i69  /  temp_med 
2026-06-20 09:53:44 [INFO] Ajustando DLNM:  Medio Paraiba  /  internacoes_i60_i69  /  ur_med 
2026-06-20 09:53:59 [INFO] Ajustando DLNM:  Medio Paraiba  /  obitos_i60_i69  /  temp_med 
2026-06-20 09:54:06 [INFO] Ajustando DLNM:  Medio Paraiba  /  obitos_i60_i69  /  ur_med 
2026-06-20 09:54:12 [INFO] Ajustando DLNM:  Medio Paraiba  /  internacoes_i60_i64  /  temp_med 
2026-06-20 09:54:18 [INFO] Ajustando DLNM:  Medio Paraiba  /  internacoes_i60_i64  /  ur_med 
2026-06-20 09:54:24 [INFO] Ajustando DLNM:  Medio Paraiba  /  obitos_i60_i64  /  temp_med 
2026-06-20 09:54:31 [INFO] Ajustando DLNM:  Medio Paraiba  /  obitos_i60_i64  /  ur_med 
2026-06-20 09:54:37 [INFO] Ajustando DLNM:  Medio Paraiba  /  internacoes_i60_i62  /  temp_med 
2026-06-20 09:54:43 [INFO] Ajustando DLNM:  Medio Paraiba  /  internacoes_i60_i62  /  ur_med 
2026-06-20 09:54:49 [INFO] Ajustando DLNM:  Medio Paraiba  /  obitos_i60_i62  /  temp_med 
2026-06-20 09:55:04 [INFO] Ajustando DLNM:  Medio Paraiba  /  obitos_i60_i62  /  ur_med 
2026-06-20 09:55:08 [ERROR] DLNM Medio Paraiba obitos_i60_i62 ur_med :  loop interno 1; não é possível corrigir o tamanho do passo 
2026-06-20 09:55:08 [INFO] Ajustando DLNM:  Medio Paraiba  /  internacoes_i63  /  temp_med 
2026-06-20 09:55:15 [INFO] Ajustando DLNM:  Medio Paraiba  /  internacoes_i63  /  ur_med 
2026-06-20 09:55:23 [INFO] Ajustando DLNM:  Medio Paraiba  /  obitos_i63  /  temp_med 
2026-06-20 09:55:26 [ERROR] DLNM Medio Paraiba obitos_i63 temp_med :  loop interno 1; não é possível corrigir o tamanho do passo 
2026-06-20 09:55:26 [INFO] Ajustando DLNM:  Medio Paraiba  /  obitos_i63  /  ur_med 
2026-06-20 09:55:30 [ERROR] DLNM Medio Paraiba obitos_i63 ur_med :  NA/NaN/Inf in 'x' 
2026-06-20 09:55:30 [INFO] Ajustando DLNM:  Metropolitana I  /  internacoes_i60_i69  /  temp_med 
2026-06-20 09:55:47 [INFO] Ajustando DLNM:  Metropolitana I  /  internacoes_i60_i69  /  ur_med 
2026-06-20 09:56:06 [INFO] Ajustando DLNM:  Metropolitana I  /  obitos_i60_i69  /  temp_med 
2026-06-20 09:56:14 [INFO] Ajustando DLNM:  Metropolitana I  /  obitos_i60_i69  /  ur_med 
2026-06-20 09:56:21 [INFO] Ajustando DLNM:  Metropolitana I  /  internacoes_i60_i64  /  temp_med 
2026-06-20 09:56:28 [INFO] Ajustando DLNM:  Metropolitana I  /  internacoes_i60_i64  /  ur_med 
2026-06-20 09:56:34 [INFO] Ajustando DLNM:  Metropolitana I  /  obitos_i60_i64  /  temp_med 
2026-06-20 09:56:42 [INFO] Ajustando DLNM:  Metropolitana I  /  obitos_i60_i64  /  ur_med 
2026-06-20 09:56:49 [INFO] Ajustando DLNM:  Metropolitana I  /  internacoes_i60_i62  /  temp_med 
2026-06-20 09:56:56 [INFO] Ajustando DLNM:  Metropolitana I  /  internacoes_i60_i62  /  ur_med 
2026-06-20 09:57:04 [INFO] Ajustando DLNM:  Metropolitana I  /  obitos_i60_i62  /  temp_med 
2026-06-20 09:57:08 [ERROR] DLNM Metropolitana I obitos_i60_i62 temp_med :  NA/NaN/Inf in 'x' 
2026-06-20 09:57:08 [INFO] Ajustando DLNM:  Metropolitana I  /  obitos_i60_i62  /  ur_med 
2026-06-20 09:57:13 [ERROR] DLNM Metropolitana I obitos_i60_i62 ur_med :  NA/NaN/Inf in 'x' 
2026-06-20 09:57:13 [INFO] Ajustando DLNM:  Metropolitana I  /  internacoes_i63  /  temp_med 
2026-06-20 09:57:23 [INFO] Ajustando DLNM:  Metropolitana I  /  internacoes_i63  /  ur_med 
2026-06-20 09:57:32 [INFO] Ajustando DLNM:  Metropolitana I  /  obitos_i63  /  temp_med 
2026-06-20 09:57:53 [INFO] Ajustando DLNM:  Metropolitana I  /  obitos_i63  /  ur_med 
2026-06-20 09:58:06 [INFO] Ajustando DLNM:  Metropolitana II  /  internacoes_i60_i69  /  temp_med 
2026-06-20 09:58:12 [INFO] Ajustando DLNM:  Metropolitana II  /  internacoes_i60_i69  /  ur_med 
2026-06-20 09:58:19 [INFO] Ajustando DLNM:  Metropolitana II  /  obitos_i60_i69  /  temp_med 
2026-06-20 09:58:28 [INFO] Ajustando DLNM:  Metropolitana II  /  obitos_i60_i69  /  ur_med 
2026-06-20 09:58:33 [INFO] Ajustando DLNM:  Metropolitana II  /  internacoes_i60_i64  /  temp_med 
2026-06-20 09:58:39 [INFO] Ajustando DLNM:  Metropolitana II  /  internacoes_i60_i64  /  ur_med 
2026-06-20 09:58:45 [INFO] Ajustando DLNM:  Metropolitana II  /  obitos_i60_i64  /  temp_med 
2026-06-20 09:58:51 [INFO] Ajustando DLNM:  Metropolitana II  /  obitos_i60_i64  /  ur_med 
2026-06-20 09:58:57 [INFO] Ajustando DLNM:  Metropolitana II  /  internacoes_i60_i62  /  temp_med 
2026-06-20 09:59:03 [INFO] Ajustando DLNM:  Metropolitana II  /  internacoes_i60_i62  /  ur_med 
2026-06-20 09:59:10 [INFO] Ajustando DLNM:  Metropolitana II  /  obitos_i60_i62  /  temp_med 
2026-06-20 09:59:22 [INFO] Ajustando DLNM:  Metropolitana II  /  obitos_i60_i62  /  ur_med 
2026-06-20 09:59:34 [INFO] Ajustando DLNM:  Metropolitana II  /  internacoes_i63  /  temp_med 
2026-06-20 09:59:42 [INFO] Ajustando DLNM:  Metropolitana II  /  internacoes_i63  /  ur_med 
2026-06-20 09:59:49 [INFO] Ajustando DLNM:  Metropolitana II  /  obitos_i63  /  temp_med 
2026-06-20 10:00:00 [INFO] Ajustando DLNM:  Metropolitana II  /  obitos_i63  /  ur_med 
2026-06-20 10:00:13 [INFO] Ajustando DLNM:  Noroeste  /  internacoes_i60_i69  /  temp_med 
2026-06-20 10:00:20 [INFO] Ajustando DLNM:  Noroeste  /  internacoes_i60_i69  /  ur_med 
2026-06-20 10:00:29 [INFO] Ajustando DLNM:  Noroeste  /  obitos_i60_i69  /  temp_med 
2026-06-20 10:00:36 [INFO] Ajustando DLNM:  Noroeste  /  obitos_i60_i69  /  ur_med 
2026-06-20 10:00:42 [INFO] Ajustando DLNM:  Noroeste  /  internacoes_i60_i64  /  temp_med 
2026-06-20 10:00:51 [INFO] Ajustando DLNM:  Noroeste  /  internacoes_i60_i64  /  ur_med 
2026-06-20 10:01:11 [INFO] Ajustando DLNM:  Noroeste  /  obitos_i60_i64  /  temp_med 
2026-06-20 10:01:18 [INFO] Ajustando DLNM:  Noroeste  /  obitos_i60_i64  /  ur_med 
2026-06-20 10:01:26 [INFO] Ajustando DLNM:  Noroeste  /  internacoes_i60_i62  /  temp_med 
2026-06-20 10:01:32 [INFO] Ajustando DLNM:  Noroeste  /  internacoes_i60_i62  /  ur_med 
2026-06-20 10:01:39 [INFO] Ajustando DLNM:  Noroeste  /  obitos_i60_i62  /  temp_med 
2026-06-20 10:01:43 [ERROR] DLNM Noroeste obitos_i60_i62 temp_med :  NA/NaN/Inf in 'x' 
2026-06-20 10:01:43 [INFO] Ajustando DLNM:  Noroeste  /  obitos_i60_i62  /  ur_med 
2026-06-20 10:02:00 [INFO] Ajustando DLNM:  Noroeste  /  internacoes_i63  /  temp_med 
2026-06-20 10:02:13 [INFO] Ajustando DLNM:  Noroeste  /  internacoes_i63  /  ur_med 
2026-06-20 10:02:24 [INFO] Ajustando DLNM:  Noroeste  /  obitos_i63  /  temp_med 
2026-06-20 10:02:29 [ERROR] DLNM Noroeste obitos_i63 temp_med :  NA/NaN/Inf in 'x' 
2026-06-20 10:02:29 [INFO] Ajustando DLNM:  Noroeste  /  obitos_i63  /  ur_med 
2026-06-20 10:02:48 [INFO] Ajustando DLNM:  Norte  /  internacoes_i60_i69  /  temp_med 
2026-06-20 10:02:55 [INFO] Ajustando DLNM:  Norte  /  internacoes_i60_i69  /  ur_med 
2026-06-20 10:03:02 [INFO] Ajustando DLNM:  Norte  /  obitos_i60_i69  /  temp_med 
2026-06-20 10:03:08 [INFO] Ajustando DLNM:  Norte  /  obitos_i60_i69  /  ur_med 
2026-06-20 10:03:15 [INFO] Ajustando DLNM:  Norte  /  internacoes_i60_i64  /  temp_med 
2026-06-20 10:03:21 [INFO] Ajustando DLNM:  Norte  /  internacoes_i60_i64  /  ur_med 
2026-06-20 10:03:27 [INFO] Ajustando DLNM:  Norte  /  obitos_i60_i64  /  temp_med 
2026-06-20 10:03:33 [INFO] Ajustando DLNM:  Norte  /  obitos_i60_i64  /  ur_med 
2026-06-20 10:03:39 [INFO] Ajustando DLNM:  Norte  /  internacoes_i60_i62  /  temp_med 
2026-06-20 10:03:47 [INFO] Ajustando DLNM:  Norte  /  internacoes_i60_i62  /  ur_med 
2026-06-20 10:03:53 [INFO] Ajustando DLNM:  Norte  /  obitos_i60_i62  /  temp_med 
2026-06-20 10:04:03 [INFO] Ajustando DLNM:  Norte  /  obitos_i60_i62  /  ur_med 
2026-06-20 10:04:15 [INFO] Ajustando DLNM:  Norte  /  internacoes_i63  /  temp_med 
2026-06-20 10:04:22 [INFO] Ajustando DLNM:  Norte  /  internacoes_i63  /  ur_med 
2026-06-20 10:04:29 [INFO] Ajustando DLNM:  Norte  /  obitos_i63  /  temp_med 
2026-06-20 10:04:31 [ERROR] DLNM Norte obitos_i63 temp_med :  loop interno 1; não é possível corrigir o tamanho do passo 
2026-06-20 10:04:31 [INFO] Ajustando DLNM:  Norte  /  obitos_i63  /  ur_med 
2026-06-20 10:04:33 [ERROR] DLNM Norte obitos_i63 ur_med :  loop interno 1; não é possível corrigir o tamanho do passo 
2026-06-20 10:04:33 [INFO] Ajustando DLNM:  Serrana  /  internacoes_i60_i69  /  temp_med 
2026-06-20 10:04:52 [INFO] Ajustando DLNM:  Serrana  /  internacoes_i60_i69  /  ur_med 
2026-06-20 10:05:10 [INFO] Ajustando DLNM:  Serrana  /  obitos_i60_i69  /  temp_med 
2026-06-20 10:05:20 [INFO] Ajustando DLNM:  Serrana  /  obitos_i60_i69  /  ur_med 
2026-06-20 10:05:27 [INFO] Ajustando DLNM:  Serrana  /  internacoes_i60_i64  /  temp_med 
2026-06-20 10:05:35 [INFO] Ajustando DLNM:  Serrana  /  internacoes_i60_i64  /  ur_med 
2026-06-20 10:05:41 [INFO] Ajustando DLNM:  Serrana  /  obitos_i60_i64  /  temp_med 
2026-06-20 10:05:48 [INFO] Ajustando DLNM:  Serrana  /  obitos_i60_i64  /  ur_med 
2026-06-20 10:05:55 [INFO] Ajustando DLNM:  Serrana  /  internacoes_i60_i62  /  temp_med 
2026-06-20 10:06:01 [INFO] Ajustando DLNM:  Serrana  /  internacoes_i60_i62  /  ur_med 
2026-06-20 10:06:08 [INFO] Ajustando DLNM:  Serrana  /  obitos_i60_i62  /  temp_med 
2026-06-20 10:06:12 [ERROR] DLNM Serrana obitos_i60_i62 temp_med :  NA/NaN/Inf in 'x' 
2026-06-20 10:06:12 [INFO] Ajustando DLNM:  Serrana  /  obitos_i60_i62  /  ur_med 
2026-06-20 10:06:16 [ERROR] DLNM Serrana obitos_i60_i62 ur_med :  loop interno 1; não é possível corrigir o tamanho do passo 
2026-06-20 10:06:16 [INFO] Ajustando DLNM:  Serrana  /  internacoes_i63  /  temp_med 
2026-06-20 10:06:24 [INFO] Ajustando DLNM:  Serrana  /  internacoes_i63  /  ur_med 
2026-06-20 10:06:32 [INFO] Ajustando DLNM:  Serrana  /  obitos_i63  /  temp_med 
2026-06-20 10:06:36 [ERROR] DLNM Serrana obitos_i63 temp_med :  NA/NaN/Inf in 'x' 
2026-06-20 10:06:36 [INFO] Ajustando DLNM:  Serrana  /  obitos_i63  /  ur_med 
2026-06-20 10:16:52 [INFO] Etapa 7b: DLNMs sazonais (verao/inverno) 
2026-06-20 10:16:52 [INFO] DLNM sazonal: ajustando modelos por estacao (verao/inverno) 
2026-06-20 10:18:00 [ERROR] DLNM sazonal Baia da Ilha Grande internacoes_i60_i69 temp_med inverno :  all interior knots match left boundary knot 
2026-06-20 10:18:01 [ERROR] DLNM sazonal Baia da Ilha Grande internacoes_i60_i69 ur_med inverno :  all interior knots match left boundary knot 
2026-06-20 10:18:01 [ERROR] DLNM sazonal Baia da Ilha Grande obitos_i60_i69 temp_med inverno :  all interior knots match left boundary knot 
2026-06-20 10:18:01 [ERROR] DLNM sazonal Baia da Ilha Grande obitos_i60_i69 ur_med inverno :  all interior knots match left boundary knot 
2026-06-20 10:18:01 [ERROR] DLNM sazonal Baixada Litoranea internacoes_i60_i69 temp_med inverno :  all interior knots match left boundary knot 
2026-06-20 10:18:01 [ERROR] DLNM sazonal Baixada Litoranea internacoes_i60_i69 ur_med inverno :  all interior knots match left boundary knot 
2026-06-20 10:18:01 [ERROR] DLNM sazonal Baixada Litoranea obitos_i60_i69 temp_med inverno :  all interior knots match left boundary knot 
2026-06-20 10:18:01 [ERROR] DLNM sazonal Baixada Litoranea obitos_i60_i69 ur_med inverno :  all interior knots match left boundary knot 
2026-06-20 10:18:01 [ERROR] DLNM sazonal Centro-Sul internacoes_i60_i69 temp_med inverno :  all interior knots match left boundary knot 
2026-06-20 10:18:01 [ERROR] DLNM sazonal Centro-Sul internacoes_i60_i69 ur_med inverno :  all interior knots match left boundary knot 
2026-06-20 10:18:01 [ERROR] DLNM sazonal Centro-Sul obitos_i60_i69 temp_med inverno :  all interior knots match left boundary knot 
2026-06-20 10:18:01 [ERROR] DLNM sazonal Centro-Sul obitos_i60_i69 ur_med inverno :  all interior knots match left boundary knot 
2026-06-20 10:18:01 [ERROR] DLNM sazonal Medio Paraiba internacoes_i60_i69 temp_med inverno :  all interior knots match left boundary knot 
2026-06-20 10:18:01 [ERROR] DLNM sazonal Medio Paraiba internacoes_i60_i69 ur_med inverno :  all interior knots match left boundary knot 
2026-06-20 10:18:01 [ERROR] DLNM sazonal Medio Paraiba obitos_i60_i69 temp_med inverno :  all interior knots match left boundary knot 
2026-06-20 10:18:01 [ERROR] DLNM sazonal Medio Paraiba obitos_i60_i69 ur_med inverno :  all interior knots match left boundary knot 
2026-06-20 10:18:01 [ERROR] DLNM sazonal Metropolitana I internacoes_i60_i69 temp_med inverno :  all interior knots match left boundary knot 
2026-06-20 10:18:01 [ERROR] DLNM sazonal Metropolitana I internacoes_i60_i69 ur_med inverno :  all interior knots match left boundary knot 
2026-06-20 10:18:01 [ERROR] DLNM sazonal Metropolitana I obitos_i60_i69 temp_med inverno :  all interior knots match left boundary knot 
2026-06-20 10:18:02 [ERROR] DLNM sazonal Metropolitana I obitos_i60_i69 ur_med inverno :  all interior knots match left boundary knot 
2026-06-20 10:18:02 [ERROR] DLNM sazonal Metropolitana II internacoes_i60_i69 temp_med inverno :  all interior knots match left boundary knot 
2026-06-20 10:18:02 [ERROR] DLNM sazonal Metropolitana II internacoes_i60_i69 ur_med inverno :  all interior knots match left boundary knot 
2026-06-20 10:18:02 [ERROR] DLNM sazonal Metropolitana II obitos_i60_i69 temp_med inverno :  all interior knots match left boundary knot 
2026-06-20 10:18:02 [ERROR] DLNM sazonal Metropolitana II obitos_i60_i69 ur_med inverno :  all interior knots match left boundary knot 
2026-06-20 10:18:02 [ERROR] DLNM sazonal Noroeste internacoes_i60_i69 temp_med inverno :  all interior knots match left boundary knot 
2026-06-20 10:18:02 [ERROR] DLNM sazonal Noroeste internacoes_i60_i69 ur_med inverno :  all interior knots match left boundary knot 
2026-06-20 10:18:02 [ERROR] DLNM sazonal Noroeste obitos_i60_i69 temp_med inverno :  all interior knots match left boundary knot 
2026-06-20 10:18:02 [ERROR] DLNM sazonal Noroeste obitos_i60_i69 ur_med inverno :  all interior knots match left boundary knot 
2026-06-20 10:18:02 [ERROR] DLNM sazonal Norte internacoes_i60_i69 temp_med inverno :  all interior knots match left boundary knot 
2026-06-20 10:18:02 [ERROR] DLNM sazonal Norte internacoes_i60_i69 ur_med inverno :  all interior knots match left boundary knot 
2026-06-20 10:18:03 [ERROR] DLNM sazonal Norte obitos_i60_i69 temp_med inverno :  all interior knots match left boundary knot 
2026-06-20 10:18:03 [ERROR] DLNM sazonal Norte obitos_i60_i69 ur_med inverno :  all interior knots match left boundary knot 
2026-06-20 10:18:03 [ERROR] DLNM sazonal Serrana internacoes_i60_i69 temp_med inverno :  all interior knots match left boundary knot 
2026-06-20 10:18:03 [ERROR] DLNM sazonal Serrana internacoes_i60_i69 ur_med inverno :  all interior knots match left boundary knot 
2026-06-20 10:18:03 [ERROR] DLNM sazonal Serrana obitos_i60_i69 temp_med inverno :  all interior knots match left boundary knot 
2026-06-20 10:18:03 [ERROR] DLNM sazonal Serrana obitos_i60_i69 ur_med inverno :  all interior knots match left boundary knot 
2026-06-20 10:18:03 [INFO] DLNM sazonal concluido:  36  modelos 
2026-06-20 10:18:03 [INFO] Etapa 7c: DLNMs estratificados por sexo e idade (se denominadores disponiveis) 
2026-06-20 10:18:04 [INFO] DLNM sexo/idade: verificando disponibilidade de denominadores 
2026-06-20 10:18:04 [INFO] Baixando populacao municipal RJ pelo SIDRA/IBGE para  2010-2025 
2026-06-20 10:18:16 [ERROR] DLNM sexo/idade Baia da Ilha Grande internacoes_i60_i69 temp_med Masculino ate_64 :  objeto 'tempo' não encontrado 
2026-06-20 10:18:16 [ERROR] DLNM sexo/idade Baixada Litoranea internacoes_i60_i69 temp_med Masculino ate_64 :  objeto 'tempo' não encontrado 
2026-06-20 10:18:16 [ERROR] DLNM sexo/idade Centro-Sul internacoes_i60_i69 temp_med Masculino ate_64 :  objeto 'tempo' não encontrado 
2026-06-20 10:18:17 [ERROR] DLNM sexo/idade Medio Paraiba internacoes_i60_i69 temp_med Masculino ate_64 :  objeto 'tempo' não encontrado 
2026-06-20 10:18:17 [ERROR] DLNM sexo/idade Metropolitana I internacoes_i60_i69 temp_med Masculino ate_64 :  objeto 'tempo' não encontrado 
2026-06-20 10:18:17 [ERROR] DLNM sexo/idade Metropolitana II internacoes_i60_i69 temp_med Masculino ate_64 :  objeto 'tempo' não encontrado 
2026-06-20 10:18:17 [ERROR] DLNM sexo/idade Noroeste internacoes_i60_i69 temp_med Masculino ate_64 :  objeto 'tempo' não encontrado 
2026-06-20 10:18:17 [ERROR] DLNM sexo/idade Norte internacoes_i60_i69 temp_med Masculino ate_64 :  objeto 'tempo' não encontrado 
2026-06-20 10:18:17 [ERROR] DLNM sexo/idade Serrana internacoes_i60_i69 temp_med Masculino ate_64 :  objeto 'tempo' não encontrado 
2026-06-20 10:18:17 [ERROR] DLNM sexo/idade Baia da Ilha Grande internacoes_i60_i69 ur_med Masculino ate_64 :  objeto 'tempo' não encontrado 
2026-06-20 10:18:17 [ERROR] DLNM sexo/idade Baixada Litoranea internacoes_i60_i69 ur_med Masculino ate_64 :  objeto 'tempo' não encontrado 
2026-06-20 10:18:17 [ERROR] DLNM sexo/idade Centro-Sul internacoes_i60_i69 ur_med Masculino ate_64 :  objeto 'tempo' não encontrado 
2026-06-20 10:18:17 [ERROR] DLNM sexo/idade Medio Paraiba internacoes_i60_i69 ur_med Masculino ate_64 :  objeto 'tempo' não encontrado 
2026-06-20 10:18:17 [ERROR] DLNM sexo/idade Metropolitana I internacoes_i60_i69 ur_med Masculino ate_64 :  objeto 'tempo' não encontrado 
2026-06-20 10:18:17 [ERROR] DLNM sexo/idade Metropolitana II internacoes_i60_i69 ur_med Masculino ate_64 :  objeto 'tempo' não encontrado 
2026-06-20 10:18:17 [ERROR] DLNM sexo/idade Noroeste internacoes_i60_i69 ur_med Masculino ate_64 :  objeto 'tempo' não encontrado 
2026-06-20 10:18:18 [ERROR] DLNM sexo/idade Norte internacoes_i60_i69 ur_med Masculino ate_64 :  objeto 'tempo' não encontrado 
2026-06-20 10:18:18 [ERROR] DLNM sexo/idade Serrana internacoes_i60_i69 ur_med Masculino ate_64 :  objeto 'tempo' não encontrado 
2026-06-20 10:18:18 [ERROR] DLNM sexo/idade Baia da Ilha Grande obitos_i60_i69 temp_med Masculino ate_64 :  objeto 'tempo' não encontrado 
2026-06-20 10:18:18 [ERROR] DLNM sexo/idade Baixada Litoranea obitos_i60_i69 temp_med Masculino ate_64 :  objeto 'tempo' não encontrado 
2026-06-20 10:18:18 [ERROR] DLNM sexo/idade Centro-Sul obitos_i60_i69 temp_med Masculino ate_64 :  objeto 'tempo' não encontrado 
2026-06-20 10:18:18 [ERROR] DLNM sexo/idade Medio Paraiba obitos_i60_i69 temp_med Masculino ate_64 :  objeto 'tempo' não encontrado 
2026-06-20 10:18:18 [ERROR] DLNM sexo/idade Metropolitana I obitos_i60_i69 temp_med Masculino ate_64 :  objeto 'tempo' não encontrado 
2026-06-20 10:18:18 [ERROR] DLNM sexo/idade Metropolitana II obitos_i60_i69 temp_med Masculino ate_64 :  objeto 'tempo' não encontrado 
2026-06-20 10:18:18 [ERROR] DLNM sexo/idade Noroeste obitos_i60_i69 temp_med Masculino ate_64 :  objeto 'tempo' não encontrado 
2026-06-20 10:18:18 [ERROR] DLNM sexo/idade Norte obitos_i60_i69 temp_med Masculino ate_64 :  objeto 'tempo' não encontrado 
2026-06-20 10:18:18 [ERROR] DLNM sexo/idade Serrana obitos_i60_i69 temp_med Masculino ate_64 :  objeto 'tempo' não encontrado 
2026-06-20 10:18:18 [ERROR] DLNM sexo/idade Baia da Ilha Grande obitos_i60_i69 ur_med Masculino ate_64 :  objeto 'tempo' não encontrado 
2026-06-20 10:18:18 [ERROR] DLNM sexo/idade Baixada Litoranea obitos_i60_i69 ur_med Masculino ate_64 :  objeto 'tempo' não encontrado 
2026-06-20 10:18:18 [ERROR] DLNM sexo/idade Centro-Sul obitos_i60_i69 ur_med Masculino ate_64 :  objeto 'tempo' não encontrado 
2026-06-20 10:18:18 [ERROR] DLNM sexo/idade Medio Paraiba obitos_i60_i69 ur_med Masculino ate_64 :  objeto 'tempo' não encontrado 
2026-06-20 10:18:18 [ERROR] DLNM sexo/idade Metropolitana I obitos_i60_i69 ur_med Masculino ate_64 :  objeto 'tempo' não encontrado 
2026-06-20 10:18:19 [ERROR] DLNM sexo/idade Metropolitana II obitos_i60_i69 ur_med Masculino ate_64 :  objeto 'tempo' não encontrado 
2026-06-20 10:18:19 [ERROR] DLNM sexo/idade Noroeste obitos_i60_i69 ur_med Masculino ate_64 :  objeto 'tempo' não encontrado 
2026-06-20 10:18:19 [ERROR] DLNM sexo/idade Norte obitos_i60_i69 ur_med Masculino ate_64 :  objeto 'tempo' não encontrado 
2026-06-20 10:18:19 [ERROR] DLNM sexo/idade Serrana obitos_i60_i69 ur_med Masculino ate_64 :  objeto 'tempo' não encontrado 
2026-06-20 10:18:23 [ERROR] DLNM sexo/idade Baia da Ilha Grande internacoes_i60_i69 temp_med Masculino 65_mais :  objeto 'tempo' não encontrado 
2026-06-20 10:18:24 [ERROR] DLNM sexo/idade Baixada Litoranea internacoes_i60_i69 temp_med Masculino 65_mais :  objeto 'tempo' não encontrado 
2026-06-20 10:18:24 [ERROR] DLNM sexo/idade Centro-Sul internacoes_i60_i69 temp_med Masculino 65_mais :  objeto 'tempo' não encontrado 
2026-06-20 10:18:24 [ERROR] DLNM sexo/idade Medio Paraiba internacoes_i60_i69 temp_med Masculino 65_mais :  objeto 'tempo' não encontrado 
2026-06-20 10:18:24 [ERROR] DLNM sexo/idade Metropolitana I internacoes_i60_i69 temp_med Masculino 65_mais :  objeto 'tempo' não encontrado 
2026-06-20 10:18:24 [ERROR] DLNM sexo/idade Metropolitana II internacoes_i60_i69 temp_med Masculino 65_mais :  objeto 'tempo' não encontrado 
2026-06-20 10:18:24 [ERROR] DLNM sexo/idade Noroeste internacoes_i60_i69 temp_med Masculino 65_mais :  objeto 'tempo' não encontrado 
2026-06-20 10:18:24 [ERROR] DLNM sexo/idade Norte internacoes_i60_i69 temp_med Masculino 65_mais :  objeto 'tempo' não encontrado 
2026-06-20 10:18:24 [ERROR] DLNM sexo/idade Serrana internacoes_i60_i69 temp_med Masculino 65_mais :  objeto 'tempo' não encontrado 
2026-06-20 10:18:24 [ERROR] DLNM sexo/idade Baia da Ilha Grande internacoes_i60_i69 ur_med Masculino 65_mais :  objeto 'tempo' não encontrado 
2026-06-20 10:18:24 [ERROR] DLNM sexo/idade Baixada Litoranea internacoes_i60_i69 ur_med Masculino 65_mais :  objeto 'tempo' não encontrado 
2026-06-20 10:18:24 [ERROR] DLNM sexo/idade Centro-Sul internacoes_i60_i69 ur_med Masculino 65_mais :  objeto 'tempo' não encontrado 
2026-06-20 10:18:24 [ERROR] DLNM sexo/idade Medio Paraiba internacoes_i60_i69 ur_med Masculino 65_mais :  objeto 'tempo' não encontrado 
2026-06-20 10:18:24 [ERROR] DLNM sexo/idade Metropolitana I internacoes_i60_i69 ur_med Masculino 65_mais :  objeto 'tempo' não encontrado 
2026-06-20 10:18:24 [ERROR] DLNM sexo/idade Metropolitana II internacoes_i60_i69 ur_med Masculino 65_mais :  objeto 'tempo' não encontrado 
2026-06-20 10:18:24 [ERROR] DLNM sexo/idade Noroeste internacoes_i60_i69 ur_med Masculino 65_mais :  objeto 'tempo' não encontrado 
2026-06-20 10:18:24 [ERROR] DLNM sexo/idade Norte internacoes_i60_i69 ur_med Masculino 65_mais :  objeto 'tempo' não encontrado 
2026-06-20 10:18:25 [ERROR] DLNM sexo/idade Serrana internacoes_i60_i69 ur_med Masculino 65_mais :  objeto 'tempo' não encontrado 
2026-06-20 10:18:25 [ERROR] DLNM sexo/idade Baia da Ilha Grande obitos_i60_i69 temp_med Masculino 65_mais :  objeto 'tempo' não encontrado 
2026-06-20 10:18:25 [ERROR] DLNM sexo/idade Baixada Litoranea obitos_i60_i69 temp_med Masculino 65_mais :  objeto 'tempo' não encontrado 
2026-06-20 10:18:25 [ERROR] DLNM sexo/idade Centro-Sul obitos_i60_i69 temp_med Masculino 65_mais :  objeto 'tempo' não encontrado 
2026-06-20 10:18:25 [ERROR] DLNM sexo/idade Medio Paraiba obitos_i60_i69 temp_med Masculino 65_mais :  objeto 'tempo' não encontrado 
2026-06-20 10:18:25 [ERROR] DLNM sexo/idade Metropolitana I obitos_i60_i69 temp_med Masculino 65_mais :  objeto 'tempo' não encontrado 
2026-06-20 10:18:25 [ERROR] DLNM sexo/idade Metropolitana II obitos_i60_i69 temp_med Masculino 65_mais :  objeto 'tempo' não encontrado 
2026-06-20 10:18:25 [ERROR] DLNM sexo/idade Noroeste obitos_i60_i69 temp_med Masculino 65_mais :  objeto 'tempo' não encontrado 
2026-06-20 10:18:25 [ERROR] DLNM sexo/idade Norte obitos_i60_i69 temp_med Masculino 65_mais :  objeto 'tempo' não encontrado 
2026-06-20 10:18:25 [ERROR] DLNM sexo/idade Serrana obitos_i60_i69 temp_med Masculino 65_mais :  objeto 'tempo' não encontrado 
2026-06-20 10:18:25 [ERROR] DLNM sexo/idade Baia da Ilha Grande obitos_i60_i69 ur_med Masculino 65_mais :  objeto 'tempo' não encontrado 
2026-06-20 10:18:26 [ERROR] DLNM sexo/idade Baixada Litoranea obitos_i60_i69 ur_med Masculino 65_mais :  objeto 'tempo' não encontrado 
2026-06-20 10:18:26 [ERROR] DLNM sexo/idade Centro-Sul obitos_i60_i69 ur_med Masculino 65_mais :  objeto 'tempo' não encontrado 
2026-06-20 10:18:26 [ERROR] DLNM sexo/idade Medio Paraiba obitos_i60_i69 ur_med Masculino 65_mais :  objeto 'tempo' não encontrado 
2026-06-20 10:18:26 [ERROR] DLNM sexo/idade Metropolitana I obitos_i60_i69 ur_med Masculino 65_mais :  objeto 'tempo' não encontrado 
2026-06-20 10:18:26 [ERROR] DLNM sexo/idade Metropolitana II obitos_i60_i69 ur_med Masculino 65_mais :  objeto 'tempo' não encontrado 
2026-06-20 10:18:26 [ERROR] DLNM sexo/idade Noroeste obitos_i60_i69 ur_med Masculino 65_mais :  objeto 'tempo' não encontrado 
2026-06-20 10:18:26 [ERROR] DLNM sexo/idade Norte obitos_i60_i69 ur_med Masculino 65_mais :  objeto 'tempo' não encontrado 
2026-06-20 10:18:26 [ERROR] DLNM sexo/idade Serrana obitos_i60_i69 ur_med Masculino 65_mais :  objeto 'tempo' não encontrado 
2026-06-20 10:18:30 [ERROR] DLNM sexo/idade Baia da Ilha Grande internacoes_i60_i69 temp_med Feminino ate_64 :  objeto 'tempo' não encontrado 
2026-06-20 10:18:30 [ERROR] DLNM sexo/idade Baixada Litoranea internacoes_i60_i69 temp_med Feminino ate_64 :  objeto 'tempo' não encontrado 
2026-06-20 10:18:30 [ERROR] DLNM sexo/idade Centro-Sul internacoes_i60_i69 temp_med Feminino ate_64 :  objeto 'tempo' não encontrado 
2026-06-20 10:18:30 [ERROR] DLNM sexo/idade Medio Paraiba internacoes_i60_i69 temp_med Feminino ate_64 :  objeto 'tempo' não encontrado 
2026-06-20 10:18:30 [ERROR] DLNM sexo/idade Metropolitana I internacoes_i60_i69 temp_med Feminino ate_64 :  objeto 'tempo' não encontrado 
2026-06-20 10:18:30 [ERROR] DLNM sexo/idade Metropolitana II internacoes_i60_i69 temp_med Feminino ate_64 :  objeto 'tempo' não encontrado 
2026-06-20 10:18:30 [ERROR] DLNM sexo/idade Noroeste internacoes_i60_i69 temp_med Feminino ate_64 :  objeto 'tempo' não encontrado 
2026-06-20 10:18:31 [ERROR] DLNM sexo/idade Norte internacoes_i60_i69 temp_med Feminino ate_64 :  objeto 'tempo' não encontrado 
2026-06-20 10:18:31 [ERROR] DLNM sexo/idade Serrana internacoes_i60_i69 temp_med Feminino ate_64 :  objeto 'tempo' não encontrado 
2026-06-20 10:18:31 [ERROR] DLNM sexo/idade Baia da Ilha Grande internacoes_i60_i69 ur_med Feminino ate_64 :  objeto 'tempo' não encontrado 
2026-06-20 10:18:31 [ERROR] DLNM sexo/idade Baixada Litoranea internacoes_i60_i69 ur_med Feminino ate_64 :  objeto 'tempo' não encontrado 
2026-06-20 10:18:31 [ERROR] DLNM sexo/idade Centro-Sul internacoes_i60_i69 ur_med Feminino ate_64 :  objeto 'tempo' não encontrado 
2026-06-20 10:18:31 [ERROR] DLNM sexo/idade Medio Paraiba internacoes_i60_i69 ur_med Feminino ate_64 :  objeto 'tempo' não encontrado 
2026-06-20 10:18:31 [ERROR] DLNM sexo/idade Metropolitana I internacoes_i60_i69 ur_med Feminino ate_64 :  objeto 'tempo' não encontrado 
2026-06-20 10:18:31 [ERROR] DLNM sexo/idade Metropolitana II internacoes_i60_i69 ur_med Feminino ate_64 :  objeto 'tempo' não encontrado 
2026-06-20 10:18:31 [ERROR] DLNM sexo/idade Noroeste internacoes_i60_i69 ur_med Feminino ate_64 :  objeto 'tempo' não encontrado 
2026-06-20 10:18:31 [ERROR] DLNM sexo/idade Norte internacoes_i60_i69 ur_med Feminino ate_64 :  objeto 'tempo' não encontrado 
2026-06-20 10:18:31 [ERROR] DLNM sexo/idade Serrana internacoes_i60_i69 ur_med Feminino ate_64 :  objeto 'tempo' não encontrado 
2026-06-20 10:18:31 [ERROR] DLNM sexo/idade Baia da Ilha Grande obitos_i60_i69 temp_med Feminino ate_64 :  objeto 'tempo' não encontrado 
2026-06-20 10:18:31 [ERROR] DLNM sexo/idade Baixada Litoranea obitos_i60_i69 temp_med Feminino ate_64 :  objeto 'tempo' não encontrado 
2026-06-20 10:18:31 [ERROR] DLNM sexo/idade Centro-Sul obitos_i60_i69 temp_med Feminino ate_64 :  objeto 'tempo' não encontrado 
2026-06-20 10:18:31 [ERROR] DLNM sexo/idade Medio Paraiba obitos_i60_i69 temp_med Feminino ate_64 :  objeto 'tempo' não encontrado 
2026-06-20 10:18:31 [ERROR] DLNM sexo/idade Metropolitana I obitos_i60_i69 temp_med Feminino ate_64 :  objeto 'tempo' não encontrado 
2026-06-20 10:18:32 [ERROR] DLNM sexo/idade Metropolitana II obitos_i60_i69 temp_med Feminino ate_64 :  objeto 'tempo' não encontrado 
2026-06-20 10:18:32 [ERROR] DLNM sexo/idade Noroeste obitos_i60_i69 temp_med Feminino ate_64 :  objeto 'tempo' não encontrado 
2026-06-20 10:18:32 [ERROR] DLNM sexo/idade Norte obitos_i60_i69 temp_med Feminino ate_64 :  objeto 'tempo' não encontrado 
2026-06-20 10:18:32 [ERROR] DLNM sexo/idade Serrana obitos_i60_i69 temp_med Feminino ate_64 :  objeto 'tempo' não encontrado 
2026-06-20 10:18:32 [ERROR] DLNM sexo/idade Baia da Ilha Grande obitos_i60_i69 ur_med Feminino ate_64 :  objeto 'tempo' não encontrado 
2026-06-20 10:18:32 [ERROR] DLNM sexo/idade Baixada Litoranea obitos_i60_i69 ur_med Feminino ate_64 :  objeto 'tempo' não encontrado 
2026-06-20 10:18:32 [ERROR] DLNM sexo/idade Centro-Sul obitos_i60_i69 ur_med Feminino ate_64 :  objeto 'tempo' não encontrado 
2026-06-20 10:18:32 [ERROR] DLNM sexo/idade Medio Paraiba obitos_i60_i69 ur_med Feminino ate_64 :  objeto 'tempo' não encontrado 
2026-06-20 10:18:32 [ERROR] DLNM sexo/idade Metropolitana I obitos_i60_i69 ur_med Feminino ate_64 :  objeto 'tempo' não encontrado 
2026-06-20 10:18:32 [ERROR] DLNM sexo/idade Metropolitana II obitos_i60_i69 ur_med Feminino ate_64 :  objeto 'tempo' não encontrado 
2026-06-20 10:18:32 [ERROR] DLNM sexo/idade Noroeste obitos_i60_i69 ur_med Feminino ate_64 :  objeto 'tempo' não encontrado 
2026-06-20 10:18:32 [ERROR] DLNM sexo/idade Norte obitos_i60_i69 ur_med Feminino ate_64 :  objeto 'tempo' não encontrado 
2026-06-20 10:18:32 [ERROR] DLNM sexo/idade Serrana obitos_i60_i69 ur_med Feminino ate_64 :  objeto 'tempo' não encontrado 
2026-06-20 10:18:37 [ERROR] DLNM sexo/idade Baia da Ilha Grande internacoes_i60_i69 temp_med Feminino 65_mais :  objeto 'tempo' não encontrado 
2026-06-20 10:18:37 [ERROR] DLNM sexo/idade Baixada Litoranea internacoes_i60_i69 temp_med Feminino 65_mais :  objeto 'tempo' não encontrado 
2026-06-20 10:18:37 [ERROR] DLNM sexo/idade Centro-Sul internacoes_i60_i69 temp_med Feminino 65_mais :  objeto 'tempo' não encontrado 
2026-06-20 10:18:37 [ERROR] DLNM sexo/idade Medio Paraiba internacoes_i60_i69 temp_med Feminino 65_mais :  objeto 'tempo' não encontrado 
2026-06-20 10:18:37 [ERROR] DLNM sexo/idade Metropolitana I internacoes_i60_i69 temp_med Feminino 65_mais :  objeto 'tempo' não encontrado 
2026-06-20 10:18:37 [ERROR] DLNM sexo/idade Metropolitana II internacoes_i60_i69 temp_med Feminino 65_mais :  objeto 'tempo' não encontrado 
2026-06-20 10:18:37 [ERROR] DLNM sexo/idade Noroeste internacoes_i60_i69 temp_med Feminino 65_mais :  objeto 'tempo' não encontrado 
2026-06-20 10:18:37 [ERROR] DLNM sexo/idade Norte internacoes_i60_i69 temp_med Feminino 65_mais :  objeto 'tempo' não encontrado 
2026-06-20 10:18:37 [ERROR] DLNM sexo/idade Serrana internacoes_i60_i69 temp_med Feminino 65_mais :  objeto 'tempo' não encontrado 
2026-06-20 10:18:37 [ERROR] DLNM sexo/idade Baia da Ilha Grande internacoes_i60_i69 ur_med Feminino 65_mais :  objeto 'tempo' não encontrado 
2026-06-20 10:18:37 [ERROR] DLNM sexo/idade Baixada Litoranea internacoes_i60_i69 ur_med Feminino 65_mais :  objeto 'tempo' não encontrado 
2026-06-20 10:18:37 [ERROR] DLNM sexo/idade Centro-Sul internacoes_i60_i69 ur_med Feminino 65_mais :  objeto 'tempo' não encontrado 
2026-06-20 10:18:37 [ERROR] DLNM sexo/idade Medio Paraiba internacoes_i60_i69 ur_med Feminino 65_mais :  objeto 'tempo' não encontrado 
2026-06-20 10:18:37 [ERROR] DLNM sexo/idade Metropolitana I internacoes_i60_i69 ur_med Feminino 65_mais :  objeto 'tempo' não encontrado 
2026-06-20 10:18:38 [ERROR] DLNM sexo/idade Metropolitana II internacoes_i60_i69 ur_med Feminino 65_mais :  objeto 'tempo' não encontrado 
2026-06-20 10:18:38 [ERROR] DLNM sexo/idade Noroeste internacoes_i60_i69 ur_med Feminino 65_mais :  objeto 'tempo' não encontrado 
2026-06-20 10:18:38 [ERROR] DLNM sexo/idade Norte internacoes_i60_i69 ur_med Feminino 65_mais :  objeto 'tempo' não encontrado 
2026-06-20 10:18:38 [ERROR] DLNM sexo/idade Serrana internacoes_i60_i69 ur_med Feminino 65_mais :  objeto 'tempo' não encontrado 
2026-06-20 10:18:38 [ERROR] DLNM sexo/idade Baia da Ilha Grande obitos_i60_i69 temp_med Feminino 65_mais :  objeto 'tempo' não encontrado 
2026-06-20 10:18:38 [ERROR] DLNM sexo/idade Baixada Litoranea obitos_i60_i69 temp_med Feminino 65_mais :  objeto 'tempo' não encontrado 
2026-06-20 10:18:38 [ERROR] DLNM sexo/idade Centro-Sul obitos_i60_i69 temp_med Feminino 65_mais :  objeto 'tempo' não encontrado 
2026-06-20 10:18:38 [ERROR] DLNM sexo/idade Medio Paraiba obitos_i60_i69 temp_med Feminino 65_mais :  objeto 'tempo' não encontrado 
2026-06-20 10:18:38 [ERROR] DLNM sexo/idade Metropolitana I obitos_i60_i69 temp_med Feminino 65_mais :  objeto 'tempo' não encontrado 
2026-06-20 10:18:38 [ERROR] DLNM sexo/idade Metropolitana II obitos_i60_i69 temp_med Feminino 65_mais :  objeto 'tempo' não encontrado 
2026-06-20 10:18:38 [ERROR] DLNM sexo/idade Noroeste obitos_i60_i69 temp_med Feminino 65_mais :  objeto 'tempo' não encontrado 
2026-06-20 10:18:38 [ERROR] DLNM sexo/idade Norte obitos_i60_i69 temp_med Feminino 65_mais :  objeto 'tempo' não encontrado 
2026-06-20 10:18:38 [ERROR] DLNM sexo/idade Serrana obitos_i60_i69 temp_med Feminino 65_mais :  objeto 'tempo' não encontrado 
2026-06-20 10:18:38 [ERROR] DLNM sexo/idade Baia da Ilha Grande obitos_i60_i69 ur_med Feminino 65_mais :  objeto 'tempo' não encontrado 
2026-06-20 10:18:38 [ERROR] DLNM sexo/idade Baixada Litoranea obitos_i60_i69 ur_med Feminino 65_mais :  objeto 'tempo' não encontrado 
2026-06-20 10:18:38 [ERROR] DLNM sexo/idade Centro-Sul obitos_i60_i69 ur_med Feminino 65_mais :  objeto 'tempo' não encontrado 
2026-06-20 10:18:38 [ERROR] DLNM sexo/idade Medio Paraiba obitos_i60_i69 ur_med Feminino 65_mais :  objeto 'tempo' não encontrado 
2026-06-20 10:18:38 [ERROR] DLNM sexo/idade Metropolitana I obitos_i60_i69 ur_med Feminino 65_mais :  objeto 'tempo' não encontrado 
2026-06-20 10:18:39 [ERROR] DLNM sexo/idade Metropolitana II obitos_i60_i69 ur_med Feminino 65_mais :  objeto 'tempo' não encontrado 
2026-06-20 10:18:39 [ERROR] DLNM sexo/idade Noroeste obitos_i60_i69 ur_med Feminino 65_mais :  objeto 'tempo' não encontrado 
2026-06-20 10:18:39 [ERROR] DLNM sexo/idade Norte obitos_i60_i69 ur_med Feminino 65_mais :  objeto 'tempo' não encontrado 
2026-06-20 10:18:39 [ERROR] DLNM sexo/idade Serrana obitos_i60_i69 ur_med Feminino 65_mais :  objeto 'tempo' não encontrado 
2026-06-20 10:18:39 [INFO] DLNM sexo/idade concluido:  0  modelos 
2026-06-20 10:18:39 [INFO] Etapa 7d: Jackknife temporal DESABILITADO (custo computacional extremo) 
2026-06-20 10:18:39 [INFO] Etapa 7e: Teste de Moran (autocorrelacao espacial dos residuos) 
2026-06-20 10:18:39 [INFO] Moran: testando autocorrelacao espacial dos residuos DLNM 
2026-06-20 10:18:40 [ERROR] Centroides municipais para auditoria espacial das estacoes INMET :  Geometria municipal sem codigo ou nome identificavel: ibge_malhas_api_qualidade_minima_2020 
2026-06-20 10:18:41 [ERROR] Centroides municipais para centros macrorregionais :  Geometria municipal sem codigo ou nome identificavel: ibge_malhas_api_qualidade_minima_2020 
2026-06-20 10:18:42 [INFO] Moran concluido:  0  testes 
2026-06-20 10:18:42 [INFO] Etapa 7f: Case-crossover (validacao com desenho individual) 
2026-06-20 10:18:43 [INFO] Case-crossover: validacao com desenho individual 
2026-06-20 11:45:43 [INFO] Pipeline iniciado em  C:/Users/oorie/OneDrive/Documentos/TRABALHOS/DLNM 
2026-06-20 11:45:46 [INFO] Etapa 1/10: downloads PM2.5 (INEA/MonitorAr) 
2026-06-20 11:45:46 [INFO] Arquivos PM2.5 ja existentes, pulando download 
2026-06-20 11:45:46 [INFO] Etapa 2/10: downloads SIH 
2026-06-20 11:45:46 [INFO] Arquivo existente, pulando:  01_DLNMs_RJ_cerebrovascular/data_raw/sih/sih_rd_rj_2010_01.rds 
2026-06-20 11:45:46 [INFO] Arquivo existente, pulando:  01_DLNMs_RJ_cerebrovascular/data_raw/sih/sih_rd_rj_2010_02.rds 
2026-06-20 11:45:46 [INFO] Arquivo existente, pulando:  01_DLNMs_RJ_cerebrovascular/data_raw/sih/sih_rd_rj_2010_03.rds 
2026-06-20 11:45:46 [INFO] Arquivo existente, pulando:  01_DLNMs_RJ_cerebrovascular/data_raw/sih/sih_rd_rj_2010_04.rds 
2026-06-20 11:45:46 [INFO] Arquivo existente, pulando:  01_DLNMs_RJ_cerebrovascular/data_raw/sih/sih_rd_rj_2010_05.rds 
2026-06-20 11:45:46 [INFO] Arquivo existente, pulando:  01_DLNMs_RJ_cerebrovascular/data_raw/sih/sih_rd_rj_2010_06.rds 
2026-06-20 11:45:46 [INFO] Arquivo existente, pulando:  01_DLNMs_RJ_cerebrovascular/data_raw/sih/sih_rd_rj_2010_07.rds 
2026-06-20 11:45:46 [INFO] Arquivo existente, pulando:  01_DLNMs_RJ_cerebrovascular/data_raw/sih/sih_rd_rj_2010_08.rds 
2026-06-20 11:45:46 [INFO] Arquivo existente, pulando:  01_DLNMs_RJ_cerebrovascular/data_raw/sih/sih_rd_rj_2010_09.rds 
2026-06-20 11:45:46 [INFO] Arquivo existente, pulando:  01_DLNMs_RJ_cerebrovascular/data_raw/sih/sih_rd_rj_2010_10.rds 
2026-06-20 11:45:46 [INFO] Arquivo existente, pulando:  01_DLNMs_RJ_cerebrovascular/data_raw/sih/sih_rd_rj_2010_11.rds 
2026-06-20 11:45:46 [INFO] Arquivo existente, pulando:  01_DLNMs_RJ_cerebrovascular/data_raw/sih/sih_rd_rj_2010_12.rds 
2026-06-20 11:45:46 [INFO] Arquivo existente, pulando:  01_DLNMs_RJ_cerebrovascular/data_raw/sih/sih_rd_rj_2011_01.rds 
2026-06-20 11:45:46 [INFO] Arquivo existente, pulando:  01_DLNMs_RJ_cerebrovascular/data_raw/sih/sih_rd_rj_2011_02.rds 
2026-06-20 11:45:46 [INFO] Arquivo existente, pulando:  01_DLNMs_RJ_cerebrovascular/data_raw/sih/sih_rd_rj_2011_03.rds 
2026-06-20 11:45:46 [INFO] Arquivo existente, pulando:  01_DLNMs_RJ_cerebrovascular/data_raw/sih/sih_rd_rj_2011_04.rds 
2026-06-20 11:45:46 [INFO] Arquivo existente, pulando:  01_DLNMs_RJ_cerebrovascular/data_raw/sih/sih_rd_rj_2011_05.rds 
2026-06-20 11:45:46 [INFO] Arquivo existente, pulando:  01_DLNMs_RJ_cerebrovascular/data_raw/sih/sih_rd_rj_2011_06.rds 
2026-06-20 11:45:46 [INFO] Arquivo existente, pulando:  01_DLNMs_RJ_cerebrovascular/data_raw/sih/sih_rd_rj_2011_07.rds 
2026-06-20 11:45:46 [INFO] Arquivo existente, pulando:  01_DLNMs_RJ_cerebrovascular/data_raw/sih/sih_rd_rj_2011_08.rds 
2026-06-20 11:45:46 [INFO] Arquivo existente, pulando:  01_DLNMs_RJ_cerebrovascular/data_raw/sih/sih_rd_rj_2011_09.rds 
2026-06-20 11:45:46 [INFO] Arquivo existente, pulando:  01_DLNMs_RJ_cerebrovascular/data_raw/sih/sih_rd_rj_2011_10.rds 
2026-06-20 11:45:46 [INFO] Arquivo existente, pulando:  01_DLNMs_RJ_cerebrovascular/data_raw/sih/sih_rd_rj_2011_11.rds 
2026-06-20 11:45:46 [INFO] Arquivo existente, pulando:  01_DLNMs_RJ_cerebrovascular/data_raw/sih/sih_rd_rj_2011_12.rds 
2026-06-20 11:45:46 [INFO] Arquivo existente, pulando:  01_DLNMs_RJ_cerebrovascular/data_raw/sih/sih_rd_rj_2012_01.rds 
2026-06-20 11:45:46 [INFO] Arquivo existente, pulando:  01_DLNMs_RJ_cerebrovascular/data_raw/sih/sih_rd_rj_2012_02.rds 
2026-06-20 11:45:46 [INFO] Arquivo existente, pulando:  01_DLNMs_RJ_cerebrovascular/data_raw/sih/sih_rd_rj_2012_03.rds 
2026-06-20 11:45:46 [INFO] Arquivo existente, pulando:  01_DLNMs_RJ_cerebrovascular/data_raw/sih/sih_rd_rj_2012_04.rds 
2026-06-20 11:45:46 [INFO] Arquivo existente, pulando:  01_DLNMs_RJ_cerebrovascular/data_raw/sih/sih_rd_rj_2012_05.rds 
2026-06-20 11:45:46 [INFO] Arquivo existente, pulando:  01_DLNMs_RJ_cerebrovascular/data_raw/sih/sih_rd_rj_2012_06.rds 
2026-06-20 11:45:46 [INFO] Arquivo existente, pulando:  01_DLNMs_RJ_cerebrovascular/data_raw/sih/sih_rd_rj_2012_07.rds 
2026-06-20 11:45:46 [INFO] Arquivo existente, pulando:  01_DLNMs_RJ_cerebrovascular/data_raw/sih/sih_rd_rj_2012_08.rds 
2026-06-20 11:45:46 [INFO] Arquivo existente, pulando:  01_DLNMs_RJ_cerebrovascular/data_raw/sih/sih_rd_rj_2012_09.rds 
2026-06-20 11:45:46 [INFO] Arquivo existente, pulando:  01_DLNMs_RJ_cerebrovascular/data_raw/sih/sih_rd_rj_2012_10.rds 
2026-06-20 11:45:46 [INFO] Arquivo existente, pulando:  01_DLNMs_RJ_cerebrovascular/data_raw/sih/sih_rd_rj_2012_11.rds 
2026-06-20 11:45:46 [INFO] Arquivo existente, pulando:  01_DLNMs_RJ_cerebrovascular/data_raw/sih/sih_rd_rj_2012_12.rds 
2026-06-20 11:45:46 [INFO] Arquivo existente, pulando:  01_DLNMs_RJ_cerebrovascular/data_raw/sih/sih_rd_rj_2013_01.rds 
2026-06-20 11:45:46 [INFO] Arquivo existente, pulando:  01_DLNMs_RJ_cerebrovascular/data_raw/sih/sih_rd_rj_2013_02.rds 
2026-06-20 11:45:46 [INFO] Arquivo existente, pulando:  01_DLNMs_RJ_cerebrovascular/data_raw/sih/sih_rd_rj_2013_03.rds 
2026-06-20 11:45:46 [INFO] Arquivo existente, pulando:  01_DLNMs_RJ_cerebrovascular/data_raw/sih/sih_rd_rj_2013_04.rds 
2026-06-20 11:45:46 [INFO] Arquivo existente, pulando:  01_DLNMs_RJ_cerebrovascular/data_raw/sih/sih_rd_rj_2013_05.rds 
2026-06-20 11:45:46 [INFO] Arquivo existente, pulando:  01_DLNMs_RJ_cerebrovascular/data_raw/sih/sih_rd_rj_2013_06.rds 
2026-06-20 11:45:46 [INFO] Arquivo existente, pulando:  01_DLNMs_RJ_cerebrovascular/data_raw/sih/sih_rd_rj_2013_07.rds 
2026-06-20 11:45:46 [INFO] Arquivo existente, pulando:  01_DLNMs_RJ_cerebrovascular/data_raw/sih/sih_rd_rj_2013_08.rds 
2026-06-20 11:45:46 [INFO] Arquivo existente, pulando:  01_DLNMs_RJ_cerebrovascular/data_raw/sih/sih_rd_rj_2013_09.rds 
2026-06-20 11:45:46 [INFO] Arquivo existente, pulando:  01_DLNMs_RJ_cerebrovascular/data_raw/sih/sih_rd_rj_2013_10.rds 
2026-06-20 11:45:46 [INFO] Arquivo existente, pulando:  01_DLNMs_RJ_cerebrovascular/data_raw/sih/sih_rd_rj_2013_11.rds 
2026-06-20 11:45:46 [INFO] Arquivo existente, pulando:  01_DLNMs_RJ_cerebrovascular/data_raw/sih/sih_rd_rj_2013_12.rds 
2026-06-20 11:45:46 [INFO] Arquivo existente, pulando:  01_DLNMs_RJ_cerebrovascular/data_raw/sih/sih_rd_rj_2014_01.rds 
2026-06-20 11:45:46 [INFO] Arquivo existente, pulando:  01_DLNMs_RJ_cerebrovascular/data_raw/sih/sih_rd_rj_2014_02.rds 
2026-06-20 11:45:46 [INFO] Arquivo existente, pulando:  01_DLNMs_RJ_cerebrovascular/data_raw/sih/sih_rd_rj_2014_03.rds 
2026-06-20 11:45:46 [INFO] Arquivo existente, pulando:  01_DLNMs_RJ_cerebrovascular/data_raw/sih/sih_rd_rj_2014_04.rds 
2026-06-20 11:45:46 [INFO] Arquivo existente, pulando:  01_DLNMs_RJ_cerebrovascular/data_raw/sih/sih_rd_rj_2014_05.rds 
2026-06-20 11:45:46 [INFO] Arquivo existente, pulando:  01_DLNMs_RJ_cerebrovascular/data_raw/sih/sih_rd_rj_2014_06.rds 
2026-06-20 11:45:46 [INFO] Arquivo existente, pulando:  01_DLNMs_RJ_cerebrovascular/data_raw/sih/sih_rd_rj_2014_07.rds 
2026-06-20 11:45:46 [INFO] Arquivo existente, pulando:  01_DLNMs_RJ_cerebrovascular/data_raw/sih/sih_rd_rj_2014_08.rds 
2026-06-20 11:45:46 [INFO] Arquivo existente, pulando:  01_DLNMs_RJ_cerebrovascular/data_raw/sih/sih_rd_rj_2014_09.rds 
2026-06-20 11:45:46 [INFO] Arquivo existente, pulando:  01_DLNMs_RJ_cerebrovascular/data_raw/sih/sih_rd_rj_2014_10.rds 
2026-06-20 11:45:46 [INFO] Arquivo existente, pulando:  01_DLNMs_RJ_cerebrovascular/data_raw/sih/sih_rd_rj_2014_11.rds 
2026-06-20 11:45:46 [INFO] Arquivo existente, pulando:  01_DLNMs_RJ_cerebrovascular/data_raw/sih/sih_rd_rj_2014_12.rds 
2026-06-20 11:45:46 [INFO] Arquivo existente, pulando:  01_DLNMs_RJ_cerebrovascular/data_raw/sih/sih_rd_rj_2015_01.rds 
2026-06-20 11:45:46 [INFO] Arquivo existente, pulando:  01_DLNMs_RJ_cerebrovascular/data_raw/sih/sih_rd_rj_2015_02.rds 
2026-06-20 11:45:46 [INFO] Arquivo existente, pulando:  01_DLNMs_RJ_cerebrovascular/data_raw/sih/sih_rd_rj_2015_03.rds 
2026-06-20 11:45:46 [INFO] Arquivo existente, pulando:  01_DLNMs_RJ_cerebrovascular/data_raw/sih/sih_rd_rj_2015_04.rds 
2026-06-20 11:45:46 [INFO] Arquivo existente, pulando:  01_DLNMs_RJ_cerebrovascular/data_raw/sih/sih_rd_rj_2015_05.rds 
2026-06-20 11:45:46 [INFO] Arquivo existente, pulando:  01_DLNMs_RJ_cerebrovascular/data_raw/sih/sih_rd_rj_2015_06.rds 
2026-06-20 11:45:46 [INFO] Arquivo existente, pulando:  01_DLNMs_RJ_cerebrovascular/data_raw/sih/sih_rd_rj_2015_07.rds 
2026-06-20 11:45:46 [INFO] Arquivo existente, pulando:  01_DLNMs_RJ_cerebrovascular/data_raw/sih/sih_rd_rj_2015_08.rds 
2026-06-20 11:45:46 [INFO] Arquivo existente, pulando:  01_DLNMs_RJ_cerebrovascular/data_raw/sih/sih_rd_rj_2015_09.rds 
2026-06-20 11:45:46 [INFO] Arquivo existente, pulando:  01_DLNMs_RJ_cerebrovascular/data_raw/sih/sih_rd_rj_2015_10.rds 
2026-06-20 11:45:46 [INFO] Arquivo existente, pulando:  01_DLNMs_RJ_cerebrovascular/data_raw/sih/sih_rd_rj_2015_11.rds 
2026-06-20 11:45:46 [INFO] Arquivo existente, pulando:  01_DLNMs_RJ_cerebrovascular/data_raw/sih/sih_rd_rj_2015_12.rds 
2026-06-20 11:45:46 [INFO] Arquivo existente, pulando:  01_DLNMs_RJ_cerebrovascular/data_raw/sih/sih_rd_rj_2016_01.rds 
2026-06-20 11:45:46 [INFO] Arquivo existente, pulando:  01_DLNMs_RJ_cerebrovascular/data_raw/sih/sih_rd_rj_2016_02.rds 
2026-06-20 11:45:46 [INFO] Arquivo existente, pulando:  01_DLNMs_RJ_cerebrovascular/data_raw/sih/sih_rd_rj_2016_03.rds 
2026-06-20 11:45:46 [INFO] Arquivo existente, pulando:  01_DLNMs_RJ_cerebrovascular/data_raw/sih/sih_rd_rj_2016_04.rds 
2026-06-20 11:45:46 [INFO] Arquivo existente, pulando:  01_DLNMs_RJ_cerebrovascular/data_raw/sih/sih_rd_rj_2016_05.rds 
2026-06-20 11:45:46 [INFO] Arquivo existente, pulando:  01_DLNMs_RJ_cerebrovascular/data_raw/sih/sih_rd_rj_2016_06.rds 
2026-06-20 11:45:46 [INFO] Arquivo existente, pulando:  01_DLNMs_RJ_cerebrovascular/data_raw/sih/sih_rd_rj_2016_07.rds 
2026-06-20 11:45:46 [INFO] Arquivo existente, pulando:  01_DLNMs_RJ_cerebrovascular/data_raw/sih/sih_rd_rj_2016_08.rds 
2026-06-20 11:45:46 [INFO] Arquivo existente, pulando:  01_DLNMs_RJ_cerebrovascular/data_raw/sih/sih_rd_rj_2016_09.rds 
2026-06-20 11:45:46 [INFO] Arquivo existente, pulando:  01_DLNMs_RJ_cerebrovascular/data_raw/sih/sih_rd_rj_2016_10.rds 
2026-06-20 11:45:46 [INFO] Arquivo existente, pulando:  01_DLNMs_RJ_cerebrovascular/data_raw/sih/sih_rd_rj_2016_11.rds 
2026-06-20 11:45:46 [INFO] Arquivo existente, pulando:  01_DLNMs_RJ_cerebrovascular/data_raw/sih/sih_rd_rj_2016_12.rds 
2026-06-20 11:45:46 [INFO] Arquivo existente, pulando:  01_DLNMs_RJ_cerebrovascular/data_raw/sih/sih_rd_rj_2017_01.rds 
2026-06-20 11:45:46 [INFO] Arquivo existente, pulando:  01_DLNMs_RJ_cerebrovascular/data_raw/sih/sih_rd_rj_2017_02.rds 
2026-06-20 11:45:46 [INFO] Arquivo existente, pulando:  01_DLNMs_RJ_cerebrovascular/data_raw/sih/sih_rd_rj_2017_03.rds 
2026-06-20 11:45:46 [INFO] Arquivo existente, pulando:  01_DLNMs_RJ_cerebrovascular/data_raw/sih/sih_rd_rj_2017_04.rds 
2026-06-20 11:45:46 [INFO] Arquivo existente, pulando:  01_DLNMs_RJ_cerebrovascular/data_raw/sih/sih_rd_rj_2017_05.rds 
2026-06-20 11:45:46 [INFO] Arquivo existente, pulando:  01_DLNMs_RJ_cerebrovascular/data_raw/sih/sih_rd_rj_2017_06.rds 
2026-06-20 11:45:46 [INFO] Arquivo existente, pulando:  01_DLNMs_RJ_cerebrovascular/data_raw/sih/sih_rd_rj_2017_07.rds 
2026-06-20 11:45:46 [INFO] Arquivo existente, pulando:  01_DLNMs_RJ_cerebrovascular/data_raw/sih/sih_rd_rj_2017_08.rds 
2026-06-20 11:45:46 [INFO] Arquivo existente, pulando:  01_DLNMs_RJ_cerebrovascular/data_raw/sih/sih_rd_rj_2017_09.rds 
2026-06-20 11:45:46 [INFO] Arquivo existente, pulando:  01_DLNMs_RJ_cerebrovascular/data_raw/sih/sih_rd_rj_2017_10.rds 
2026-06-20 11:45:46 [INFO] Arquivo existente, pulando:  01_DLNMs_RJ_cerebrovascular/data_raw/sih/sih_rd_rj_2017_11.rds 
2026-06-20 11:45:46 [INFO] Arquivo existente, pulando:  01_DLNMs_RJ_cerebrovascular/data_raw/sih/sih_rd_rj_2017_12.rds 
2026-06-20 11:45:46 [INFO] Arquivo existente, pulando:  01_DLNMs_RJ_cerebrovascular/data_raw/sih/sih_rd_rj_2018_01.rds 
2026-06-20 11:45:46 [INFO] Arquivo existente, pulando:  01_DLNMs_RJ_cerebrovascular/data_raw/sih/sih_rd_rj_2018_02.rds 
2026-06-20 11:45:46 [INFO] Arquivo existente, pulando:  01_DLNMs_RJ_cerebrovascular/data_raw/sih/sih_rd_rj_2018_03.rds 
2026-06-20 11:45:46 [INFO] Arquivo existente, pulando:  01_DLNMs_RJ_cerebrovascular/data_raw/sih/sih_rd_rj_2018_04.rds 
2026-06-20 11:45:46 [INFO] Arquivo existente, pulando:  01_DLNMs_RJ_cerebrovascular/data_raw/sih/sih_rd_rj_2018_05.rds 
2026-06-20 11:45:46 [INFO] Arquivo existente, pulando:  01_DLNMs_RJ_cerebrovascular/data_raw/sih/sih_rd_rj_2018_06.rds 
2026-06-20 11:45:46 [INFO] Arquivo existente, pulando:  01_DLNMs_RJ_cerebrovascular/data_raw/sih/sih_rd_rj_2018_07.rds 
2026-06-20 11:45:46 [INFO] Arquivo existente, pulando:  01_DLNMs_RJ_cerebrovascular/data_raw/sih/sih_rd_rj_2018_08.rds 
2026-06-20 11:45:46 [INFO] Arquivo existente, pulando:  01_DLNMs_RJ_cerebrovascular/data_raw/sih/sih_rd_rj_2018_09.rds 
2026-06-20 11:45:46 [INFO] Arquivo existente, pulando:  01_DLNMs_RJ_cerebrovascular/data_raw/sih/sih_rd_rj_2018_10.rds 
2026-06-20 11:45:46 [INFO] Arquivo existente, pulando:  01_DLNMs_RJ_cerebrovascular/data_raw/sih/sih_rd_rj_2018_11.rds 
2026-06-20 11:45:46 [INFO] Arquivo existente, pulando:  01_DLNMs_RJ_cerebrovascular/data_raw/sih/sih_rd_rj_2018_12.rds 
2026-06-20 11:45:46 [INFO] Arquivo existente, pulando:  01_DLNMs_RJ_cerebrovascular/data_raw/sih/sih_rd_rj_2019_01.rds 
2026-06-20 11:45:46 [INFO] Arquivo existente, pulando:  01_DLNMs_RJ_cerebrovascular/data_raw/sih/sih_rd_rj_2019_02.rds 
2026-06-20 11:45:46 [INFO] Arquivo existente, pulando:  01_DLNMs_RJ_cerebrovascular/data_raw/sih/sih_rd_rj_2019_03.rds 
2026-06-20 11:45:46 [INFO] Arquivo existente, pulando:  01_DLNMs_RJ_cerebrovascular/data_raw/sih/sih_rd_rj_2019_04.rds 
2026-06-20 11:45:46 [INFO] Arquivo existente, pulando:  01_DLNMs_RJ_cerebrovascular/data_raw/sih/sih_rd_rj_2019_05.rds 
2026-06-20 11:45:46 [INFO] Arquivo existente, pulando:  01_DLNMs_RJ_cerebrovascular/data_raw/sih/sih_rd_rj_2019_06.rds 
2026-06-20 11:45:46 [INFO] Arquivo existente, pulando:  01_DLNMs_RJ_cerebrovascular/data_raw/sih/sih_rd_rj_2019_07.rds 
2026-06-20 11:45:46 [INFO] Arquivo existente, pulando:  01_DLNMs_RJ_cerebrovascular/data_raw/sih/sih_rd_rj_2019_08.rds 
2026-06-20 11:45:46 [INFO] Arquivo existente, pulando:  01_DLNMs_RJ_cerebrovascular/data_raw/sih/sih_rd_rj_2019_09.rds 
2026-06-20 11:45:46 [INFO] Arquivo existente, pulando:  01_DLNMs_RJ_cerebrovascular/data_raw/sih/sih_rd_rj_2019_10.rds 
2026-06-20 11:45:46 [INFO] Arquivo existente, pulando:  01_DLNMs_RJ_cerebrovascular/data_raw/sih/sih_rd_rj_2019_11.rds 
2026-06-20 11:45:46 [INFO] Arquivo existente, pulando:  01_DLNMs_RJ_cerebrovascular/data_raw/sih/sih_rd_rj_2019_12.rds 
2026-06-20 11:45:46 [INFO] Arquivo existente, pulando:  01_DLNMs_RJ_cerebrovascular/data_raw/sih/sih_rd_rj_2020_01.rds 
2026-06-20 11:45:46 [INFO] Arquivo existente, pulando:  01_DLNMs_RJ_cerebrovascular/data_raw/sih/sih_rd_rj_2020_02.rds 
2026-06-20 11:45:46 [INFO] Arquivo existente, pulando:  01_DLNMs_RJ_cerebrovascular/data_raw/sih/sih_rd_rj_2020_03.rds 
2026-06-20 11:45:46 [INFO] Arquivo existente, pulando:  01_DLNMs_RJ_cerebrovascular/data_raw/sih/sih_rd_rj_2020_04.rds 
2026-06-20 11:45:46 [INFO] Arquivo existente, pulando:  01_DLNMs_RJ_cerebrovascular/data_raw/sih/sih_rd_rj_2020_05.rds 
2026-06-20 11:45:46 [INFO] Arquivo existente, pulando:  01_DLNMs_RJ_cerebrovascular/data_raw/sih/sih_rd_rj_2020_06.rds 
2026-06-20 11:45:46 [INFO] Arquivo existente, pulando:  01_DLNMs_RJ_cerebrovascular/data_raw/sih/sih_rd_rj_2020_07.rds 
2026-06-20 11:45:46 [INFO] Arquivo existente, pulando:  01_DLNMs_RJ_cerebrovascular/data_raw/sih/sih_rd_rj_2020_08.rds 
2026-06-20 11:45:46 [INFO] Arquivo existente, pulando:  01_DLNMs_RJ_cerebrovascular/data_raw/sih/sih_rd_rj_2020_09.rds 
2026-06-20 11:45:46 [INFO] Arquivo existente, pulando:  01_DLNMs_RJ_cerebrovascular/data_raw/sih/sih_rd_rj_2020_10.rds 
2026-06-20 11:45:46 [INFO] Arquivo existente, pulando:  01_DLNMs_RJ_cerebrovascular/data_raw/sih/sih_rd_rj_2020_11.rds 
2026-06-20 11:45:46 [INFO] Arquivo existente, pulando:  01_DLNMs_RJ_cerebrovascular/data_raw/sih/sih_rd_rj_2020_12.rds 
2026-06-20 11:45:46 [INFO] Arquivo existente, pulando:  01_DLNMs_RJ_cerebrovascular/data_raw/sih/sih_rd_rj_2021_01.rds 
2026-06-20 11:45:46 [INFO] Arquivo existente, pulando:  01_DLNMs_RJ_cerebrovascular/data_raw/sih/sih_rd_rj_2021_02.rds 
2026-06-20 11:45:46 [INFO] Arquivo existente, pulando:  01_DLNMs_RJ_cerebrovascular/data_raw/sih/sih_rd_rj_2021_03.rds 
2026-06-20 11:45:46 [INFO] Arquivo existente, pulando:  01_DLNMs_RJ_cerebrovascular/data_raw/sih/sih_rd_rj_2021_04.rds 
2026-06-20 11:45:46 [INFO] Arquivo existente, pulando:  01_DLNMs_RJ_cerebrovascular/data_raw/sih/sih_rd_rj_2021_05.rds 
2026-06-20 11:45:46 [INFO] Arquivo existente, pulando:  01_DLNMs_RJ_cerebrovascular/data_raw/sih/sih_rd_rj_2021_06.rds 
2026-06-20 11:45:46 [INFO] Arquivo existente, pulando:  01_DLNMs_RJ_cerebrovascular/data_raw/sih/sih_rd_rj_2021_07.rds 
2026-06-20 11:45:46 [INFO] Arquivo existente, pulando:  01_DLNMs_RJ_cerebrovascular/data_raw/sih/sih_rd_rj_2021_08.rds 
2026-06-20 11:45:46 [INFO] Arquivo existente, pulando:  01_DLNMs_RJ_cerebrovascular/data_raw/sih/sih_rd_rj_2021_09.rds 
2026-06-20 11:45:46 [INFO] Arquivo existente, pulando:  01_DLNMs_RJ_cerebrovascular/data_raw/sih/sih_rd_rj_2021_10.rds 
2026-06-20 11:45:46 [INFO] Arquivo existente, pulando:  01_DLNMs_RJ_cerebrovascular/data_raw/sih/sih_rd_rj_2021_11.rds 
2026-06-20 11:45:46 [INFO] Arquivo existente, pulando:  01_DLNMs_RJ_cerebrovascular/data_raw/sih/sih_rd_rj_2021_12.rds 
2026-06-20 11:45:46 [INFO] Arquivo existente, pulando:  01_DLNMs_RJ_cerebrovascular/data_raw/sih/sih_rd_rj_2022_01.rds 
2026-06-20 11:45:46 [INFO] Arquivo existente, pulando:  01_DLNMs_RJ_cerebrovascular/data_raw/sih/sih_rd_rj_2022_02.rds 
2026-06-20 11:45:46 [INFO] Arquivo existente, pulando:  01_DLNMs_RJ_cerebrovascular/data_raw/sih/sih_rd_rj_2022_03.rds 
2026-06-20 11:45:46 [INFO] Arquivo existente, pulando:  01_DLNMs_RJ_cerebrovascular/data_raw/sih/sih_rd_rj_2022_04.rds 
2026-06-20 11:45:46 [INFO] Arquivo existente, pulando:  01_DLNMs_RJ_cerebrovascular/data_raw/sih/sih_rd_rj_2022_05.rds 
2026-06-20 11:45:46 [INFO] Arquivo existente, pulando:  01_DLNMs_RJ_cerebrovascular/data_raw/sih/sih_rd_rj_2022_06.rds 
2026-06-20 11:45:46 [INFO] Arquivo existente, pulando:  01_DLNMs_RJ_cerebrovascular/data_raw/sih/sih_rd_rj_2022_07.rds 
2026-06-20 11:45:46 [INFO] Arquivo existente, pulando:  01_DLNMs_RJ_cerebrovascular/data_raw/sih/sih_rd_rj_2022_08.rds 
2026-06-20 11:45:46 [INFO] Arquivo existente, pulando:  01_DLNMs_RJ_cerebrovascular/data_raw/sih/sih_rd_rj_2022_09.rds 
2026-06-20 11:45:46 [INFO] Arquivo existente, pulando:  01_DLNMs_RJ_cerebrovascular/data_raw/sih/sih_rd_rj_2022_10.rds 
2026-06-20 11:45:46 [INFO] Arquivo existente, pulando:  01_DLNMs_RJ_cerebrovascular/data_raw/sih/sih_rd_rj_2022_11.rds 
2026-06-20 11:45:46 [INFO] Arquivo existente, pulando:  01_DLNMs_RJ_cerebrovascular/data_raw/sih/sih_rd_rj_2022_12.rds 
2026-06-20 11:45:46 [INFO] Arquivo existente, pulando:  01_DLNMs_RJ_cerebrovascular/data_raw/sih/sih_rd_rj_2023_01.rds 
2026-06-20 11:45:46 [INFO] Arquivo existente, pulando:  01_DLNMs_RJ_cerebrovascular/data_raw/sih/sih_rd_rj_2023_02.rds 
2026-06-20 11:45:46 [INFO] Arquivo existente, pulando:  01_DLNMs_RJ_cerebrovascular/data_raw/sih/sih_rd_rj_2023_03.rds 
2026-06-20 11:45:46 [INFO] Arquivo existente, pulando:  01_DLNMs_RJ_cerebrovascular/data_raw/sih/sih_rd_rj_2023_04.rds 
2026-06-20 11:45:46 [INFO] Arquivo existente, pulando:  01_DLNMs_RJ_cerebrovascular/data_raw/sih/sih_rd_rj_2023_05.rds 
2026-06-20 11:45:46 [INFO] Arquivo existente, pulando:  01_DLNMs_RJ_cerebrovascular/data_raw/sih/sih_rd_rj_2023_06.rds 
2026-06-20 11:45:46 [INFO] Arquivo existente, pulando:  01_DLNMs_RJ_cerebrovascular/data_raw/sih/sih_rd_rj_2023_07.rds 
2026-06-20 11:45:46 [INFO] Arquivo existente, pulando:  01_DLNMs_RJ_cerebrovascular/data_raw/sih/sih_rd_rj_2023_08.rds 
2026-06-20 11:45:46 [INFO] Arquivo existente, pulando:  01_DLNMs_RJ_cerebrovascular/data_raw/sih/sih_rd_rj_2023_09.rds 
2026-06-20 11:45:46 [INFO] Arquivo existente, pulando:  01_DLNMs_RJ_cerebrovascular/data_raw/sih/sih_rd_rj_2023_10.rds 
2026-06-20 11:45:46 [INFO] Arquivo existente, pulando:  01_DLNMs_RJ_cerebrovascular/data_raw/sih/sih_rd_rj_2023_11.rds 
2026-06-20 11:45:46 [INFO] Arquivo existente, pulando:  01_DLNMs_RJ_cerebrovascular/data_raw/sih/sih_rd_rj_2023_12.rds 
2026-06-20 11:45:46 [INFO] Arquivo existente, pulando:  01_DLNMs_RJ_cerebrovascular/data_raw/sih/sih_rd_rj_2024_01.rds 
2026-06-20 11:45:46 [INFO] Arquivo existente, pulando:  01_DLNMs_RJ_cerebrovascular/data_raw/sih/sih_rd_rj_2024_02.rds 
2026-06-20 11:45:46 [INFO] Arquivo existente, pulando:  01_DLNMs_RJ_cerebrovascular/data_raw/sih/sih_rd_rj_2024_03.rds 
2026-06-20 11:45:46 [INFO] Arquivo existente, pulando:  01_DLNMs_RJ_cerebrovascular/data_raw/sih/sih_rd_rj_2024_04.rds 
2026-06-20 11:45:46 [INFO] Arquivo existente, pulando:  01_DLNMs_RJ_cerebrovascular/data_raw/sih/sih_rd_rj_2024_05.rds 
2026-06-20 11:45:46 [INFO] Arquivo existente, pulando:  01_DLNMs_RJ_cerebrovascular/data_raw/sih/sih_rd_rj_2024_06.rds 
2026-06-20 11:45:46 [INFO] Arquivo existente, pulando:  01_DLNMs_RJ_cerebrovascular/data_raw/sih/sih_rd_rj_2024_07.rds 
2026-06-20 11:45:46 [INFO] Arquivo existente, pulando:  01_DLNMs_RJ_cerebrovascular/data_raw/sih/sih_rd_rj_2024_08.rds 
2026-06-20 11:45:46 [INFO] Arquivo existente, pulando:  01_DLNMs_RJ_cerebrovascular/data_raw/sih/sih_rd_rj_2024_09.rds 
2026-06-20 11:45:46 [INFO] Arquivo existente, pulando:  01_DLNMs_RJ_cerebrovascular/data_raw/sih/sih_rd_rj_2024_10.rds 
2026-06-20 11:45:46 [INFO] Arquivo existente, pulando:  01_DLNMs_RJ_cerebrovascular/data_raw/sih/sih_rd_rj_2024_11.rds 
2026-06-20 11:45:46 [INFO] Arquivo existente, pulando:  01_DLNMs_RJ_cerebrovascular/data_raw/sih/sih_rd_rj_2024_12.rds 
2026-06-20 11:45:46 [INFO] Arquivo existente, pulando:  01_DLNMs_RJ_cerebrovascular/data_raw/sih/sih_rd_rj_2025_01.rds 
2026-06-20 11:45:46 [INFO] Arquivo existente, pulando:  01_DLNMs_RJ_cerebrovascular/data_raw/sih/sih_rd_rj_2025_02.rds 
2026-06-20 11:45:46 [INFO] Arquivo existente, pulando:  01_DLNMs_RJ_cerebrovascular/data_raw/sih/sih_rd_rj_2025_03.rds 
2026-06-20 11:45:46 [INFO] Arquivo existente, pulando:  01_DLNMs_RJ_cerebrovascular/data_raw/sih/sih_rd_rj_2025_04.rds 
2026-06-20 11:45:46 [INFO] Arquivo existente, pulando:  01_DLNMs_RJ_cerebrovascular/data_raw/sih/sih_rd_rj_2025_05.rds 
2026-06-20 11:45:46 [INFO] Arquivo existente, pulando:  01_DLNMs_RJ_cerebrovascular/data_raw/sih/sih_rd_rj_2025_06.rds 
2026-06-20 11:45:46 [INFO] Arquivo existente, pulando:  01_DLNMs_RJ_cerebrovascular/data_raw/sih/sih_rd_rj_2025_07.rds 
2026-06-20 11:45:46 [INFO] Arquivo existente, pulando:  01_DLNMs_RJ_cerebrovascular/data_raw/sih/sih_rd_rj_2025_08.rds 
2026-06-20 11:45:46 [INFO] Arquivo existente, pulando:  01_DLNMs_RJ_cerebrovascular/data_raw/sih/sih_rd_rj_2025_09.rds 
2026-06-20 11:45:46 [INFO] Arquivo existente, pulando:  01_DLNMs_RJ_cerebrovascular/data_raw/sih/sih_rd_rj_2025_10.rds 
2026-06-20 11:45:46 [INFO] Arquivo existente, pulando:  01_DLNMs_RJ_cerebrovascular/data_raw/sih/sih_rd_rj_2025_11.rds 
2026-06-20 11:45:46 [INFO] Arquivo existente, pulando:  01_DLNMs_RJ_cerebrovascular/data_raw/sih/sih_rd_rj_2025_12.rds 
2026-06-20 11:45:46 [INFO] Etapa 3/10: downloads SIM 
2026-06-20 11:45:46 [INFO] Arquivo SIM anual existente, pulando:  01_DLNMs_RJ_cerebrovascular/data_raw/sim/sim_do_rj_year_2010.rds 
2026-06-20 11:45:46 [INFO] Arquivo SIM anual existente, pulando:  01_DLNMs_RJ_cerebrovascular/data_raw/sim/sim_do_rj_year_2011.rds 
2026-06-20 11:45:46 [INFO] Arquivo SIM anual existente, pulando:  01_DLNMs_RJ_cerebrovascular/data_raw/sim/sim_do_rj_year_2012.rds 
2026-06-20 11:45:46 [INFO] Arquivo SIM anual existente, pulando:  01_DLNMs_RJ_cerebrovascular/data_raw/sim/sim_do_rj_year_2013.rds 
2026-06-20 11:45:46 [INFO] Arquivo SIM anual existente, pulando:  01_DLNMs_RJ_cerebrovascular/data_raw/sim/sim_do_rj_year_2014.rds 
2026-06-20 11:45:46 [INFO] Arquivo SIM anual existente, pulando:  01_DLNMs_RJ_cerebrovascular/data_raw/sim/sim_do_rj_year_2015.rds 
2026-06-20 11:45:46 [INFO] Arquivo SIM anual existente, pulando:  01_DLNMs_RJ_cerebrovascular/data_raw/sim/sim_do_rj_year_2016.rds 
2026-06-20 11:45:46 [INFO] Arquivo SIM anual existente, pulando:  01_DLNMs_RJ_cerebrovascular/data_raw/sim/sim_do_rj_year_2017.rds 
2026-06-20 11:45:46 [INFO] Arquivo SIM anual existente, pulando:  01_DLNMs_RJ_cerebrovascular/data_raw/sim/sim_do_rj_year_2018.rds 
2026-06-20 11:45:46 [INFO] Arquivo SIM anual existente, pulando:  01_DLNMs_RJ_cerebrovascular/data_raw/sim/sim_do_rj_year_2019.rds 
2026-06-20 11:45:46 [INFO] Arquivo SIM anual existente, pulando:  01_DLNMs_RJ_cerebrovascular/data_raw/sim/sim_do_rj_year_2020.rds 
2026-06-20 11:45:46 [INFO] Arquivo SIM anual existente, pulando:  01_DLNMs_RJ_cerebrovascular/data_raw/sim/sim_do_rj_year_2021.rds 
2026-06-20 11:45:46 [INFO] Arquivo SIM anual existente, pulando:  01_DLNMs_RJ_cerebrovascular/data_raw/sim/sim_do_rj_year_2022.rds 
2026-06-20 11:45:46 [INFO] Arquivo SIM anual existente, pulando:  01_DLNMs_RJ_cerebrovascular/data_raw/sim/sim_do_rj_year_2023.rds 
2026-06-20 11:45:46 [INFO] Arquivo SIM anual existente, pulando:  01_DLNMs_RJ_cerebrovascular/data_raw/sim/sim_do_rj_year_2024.rds 
2026-06-20 11:45:46 [INFO] Baixando SIM-DO RJ  2025  (arquivo anual) 
2026-06-20 11:45:51 [WARN] Alguns anos do SIM nao ficaram disponaveis. A modelagem usara apenas anos reais baixados; ver auditoria_download_sim.csv. 
2026-06-20 11:45:51 [INFO] Etapa 4/10: downloads INMET 
2026-06-20 11:45:52 [INFO] Arquivos INMET mensais existentes, pulando ano  2010 
2026-06-20 11:45:52 [INFO] Arquivos INMET mensais existentes, pulando ano  2011 
2026-06-20 11:45:52 [INFO] Arquivos INMET mensais existentes, pulando ano  2012 
2026-06-20 11:45:52 [INFO] Arquivos INMET mensais existentes, pulando ano  2013 
2026-06-20 11:45:53 [INFO] Arquivos INMET mensais existentes, pulando ano  2014 
2026-06-20 11:45:53 [INFO] Arquivos INMET mensais existentes, pulando ano  2015 
2026-06-20 11:45:53 [INFO] Arquivos INMET mensais existentes, pulando ano  2016 
2026-06-20 11:45:53 [INFO] Arquivos INMET mensais existentes, pulando ano  2017 
2026-06-20 11:45:53 [INFO] Arquivos INMET mensais existentes, pulando ano  2018 
2026-06-20 11:45:53 [INFO] Arquivos INMET mensais existentes, pulando ano  2019 
2026-06-20 11:45:53 [INFO] Arquivos INMET mensais existentes, pulando ano  2020 
2026-06-20 11:45:53 [INFO] Arquivos INMET mensais existentes, pulando ano  2021 
2026-06-20 11:45:53 [INFO] Arquivos INMET mensais existentes, pulando ano  2022 
2026-06-20 11:45:53 [INFO] Arquivos INMET mensais existentes, pulando ano  2023 
2026-06-20 11:45:53 [INFO] Arquivos INMET mensais existentes, pulando ano  2024 
2026-06-20 11:45:53 [INFO] Arquivos INMET mensais existentes, pulando ano  2025 
2026-06-20 11:45:53 [INFO] Etapa 5/10: processamento de desfechos 
2026-06-20 11:52:04 [WARN] parse_datasus_date:  127536  registros reconvertidos de dmy;  0  registros permaneceram NA 
2026-06-20 11:52:05 [WARN] parse_datasus_date:  127095  registros reconvertidos de dmy;  0  registros permaneceram NA 
2026-06-20 11:52:06 [WARN] parse_datasus_date:  126261  registros reconvertidos de dmy;  0  registros permaneceram NA 
2026-06-20 11:52:08 [WARN] parse_datasus_date:  130032  registros reconvertidos de dmy;  0  registros permaneceram NA 
2026-06-20 11:52:10 [WARN] parse_datasus_date:  131044  registros reconvertidos de dmy;  0  registros permaneceram NA 
2026-06-20 11:52:13 [WARN] parse_datasus_date:  132714  registros reconvertidos de dmy;  0  registros permaneceram NA 
2026-06-20 11:52:19 [WARN] parse_datasus_date:  141089  registros reconvertidos de dmy;  0  registros permaneceram NA 
2026-06-20 11:52:25 [WARN] parse_datasus_date:  136709  registros reconvertidos de dmy;  0  registros permaneceram NA 
2026-06-20 11:52:31 [WARN] parse_datasus_date:  140706  registros reconvertidos de dmy;  0  registros permaneceram NA 
2026-06-20 11:52:37 [WARN] parse_datasus_date:  144600  registros reconvertidos de dmy;  0  registros permaneceram NA 
2026-06-20 11:52:43 [WARN] parse_datasus_date:  172185  registros reconvertidos de dmy;  0  registros permaneceram NA 
2026-06-20 11:52:51 [WARN] parse_datasus_date:  189232  registros reconvertidos de dmy;  0  registros permaneceram NA 
2026-06-20 11:52:58 [WARN] parse_datasus_date:  150806  registros reconvertidos de dmy;  0  registros permaneceram NA 
2026-06-20 11:53:03 [WARN] parse_datasus_date:  145148  registros reconvertidos de dmy;  0  registros permaneceram NA 
2026-06-20 11:53:09 [WARN] parse_datasus_date:  148156  registros reconvertidos de dmy;  0  registros permaneceram NA 
2026-06-20 11:53:34 [INFO] Etapa 6/10: processamento INMET 
2026-06-20 12:04:39 [ERROR] Fallback IBGE Malhas dos municipios RJ para centroides :  Cannot open "https://servicodados.ibge.gov.br/api/v3/malhas/estados/33?formato=application/vnd.geo+json&qualidade=minima&intrarregiao=municipio"; The file doesn't seem to exist. 
2026-06-20 12:04:39 [WARN] Fontes online de geometrias municipais indisponiveis. Usando tabela estatica embarcada de centroides municipais do RJ (IBGE 2022). 
2026-06-20 12:05:54 [INFO] Etapa 7/10: populacao SIDRA/IBGE para offset 
2026-06-20 12:05:54 [INFO] Etapa 8/10: dataset analitico e DLNM 
2026-06-20 12:06:47 [INFO] Daily timeseries figures by macroregion saved to  01_DLNMs_RJ_cerebrovascular/outputs/figures 
2026-06-20 12:06:48 [INFO] Ajustando DLNM:  Baia da Ilha Grande  /  internacoes_i60_i69  /  temp_med 
2026-06-20 12:06:59 [INFO] Ajustando DLNM:  Baia da Ilha Grande  /  internacoes_i60_i69  /  ur_med 
2026-06-20 12:07:08 [INFO] Ajustando DLNM:  Baia da Ilha Grande  /  obitos_i60_i69  /  temp_med 
2026-06-20 12:07:18 [INFO] Ajustando DLNM:  Baia da Ilha Grande  /  obitos_i60_i69  /  ur_med 
2026-06-20 12:07:30 [INFO] Ajustando DLNM:  Baia da Ilha Grande  /  internacoes_i60_i64  /  temp_med 
2026-06-20 12:07:39 [INFO] Ajustando DLNM:  Baia da Ilha Grande  /  internacoes_i60_i64  /  ur_med 
2026-06-20 12:07:49 [INFO] Ajustando DLNM:  Baia da Ilha Grande  /  obitos_i60_i64  /  temp_med 
2026-06-20 12:07:58 [INFO] Ajustando DLNM:  Baia da Ilha Grande  /  obitos_i60_i64  /  ur_med 
2026-06-20 12:08:07 [INFO] Ajustando DLNM:  Baia da Ilha Grande  /  internacoes_i60_i62  /  temp_med 
2026-06-20 12:08:17 [INFO] Ajustando DLNM:  Baia da Ilha Grande  /  internacoes_i60_i62  /  ur_med 
2026-06-20 12:08:26 [INFO] Ajustando DLNM:  Baia da Ilha Grande  /  obitos_i60_i62  /  temp_med 
2026-06-20 12:08:47 [INFO] Ajustando DLNM:  Baia da Ilha Grande  /  obitos_i60_i62  /  ur_med 
2026-06-20 12:09:11 [INFO] Ajustando DLNM:  Baia da Ilha Grande  /  internacoes_i63  /  temp_med 
2026-06-20 12:09:29 [INFO] Ajustando DLNM:  Baia da Ilha Grande  /  internacoes_i63  /  ur_med 
2026-06-20 12:09:51 [INFO] Ajustando DLNM:  Baia da Ilha Grande  /  obitos_i63  /  temp_med 
2026-06-20 12:10:10 [INFO] Ajustando DLNM:  Baia da Ilha Grande  /  obitos_i63  /  ur_med 
2026-06-20 12:10:30 [INFO] Ajustando DLNM:  Baixada Litoranea  /  internacoes_i60_i69  /  temp_med 
2026-06-20 12:10:39 [INFO] Ajustando DLNM:  Baixada Litoranea  /  internacoes_i60_i69  /  ur_med 
2026-06-20 12:10:48 [INFO] Ajustando DLNM:  Baixada Litoranea  /  obitos_i60_i69  /  temp_med 
2026-06-20 12:10:57 [INFO] Ajustando DLNM:  Baixada Litoranea  /  obitos_i60_i69  /  ur_med 
2026-06-20 12:11:06 [INFO] Ajustando DLNM:  Baixada Litoranea  /  internacoes_i60_i64  /  temp_med 
2026-06-20 12:11:15 [INFO] Ajustando DLNM:  Baixada Litoranea  /  internacoes_i60_i64  /  ur_med 
2026-06-20 12:11:25 [INFO] Ajustando DLNM:  Baixada Litoranea  /  obitos_i60_i64  /  temp_med 
2026-06-20 12:11:34 [INFO] Ajustando DLNM:  Baixada Litoranea  /  obitos_i60_i64  /  ur_med 
2026-06-20 12:11:43 [INFO] Ajustando DLNM:  Baixada Litoranea  /  internacoes_i60_i62  /  temp_med 
2026-06-20 12:11:54 [INFO] Ajustando DLNM:  Baixada Litoranea  /  internacoes_i60_i62  /  ur_med 
2026-06-20 12:12:03 [INFO] Ajustando DLNM:  Baixada Litoranea  /  obitos_i60_i62  /  temp_med 
2026-06-20 12:12:24 [INFO] Ajustando DLNM:  Baixada Litoranea  /  obitos_i60_i62  /  ur_med 
2026-06-20 12:13:12 [INFO] Ajustando DLNM:  Baixada Litoranea  /  internacoes_i63  /  temp_med 
2026-06-20 12:13:16 [ERROR] DLNM Baixada Litoranea internacoes_i63 temp_med :  NA/NaN/Inf in 'x' 
2026-06-20 12:13:16 [INFO] Ajustando DLNM:  Baixada Litoranea  /  internacoes_i63  /  ur_med 
2026-06-20 12:13:20 [ERROR] DLNM Baixada Litoranea internacoes_i63 ur_med :  loop interno 1; não é possível corrigir o tamanho do passo 
2026-06-20 12:13:20 [INFO] Ajustando DLNM:  Baixada Litoranea  /  obitos_i63  /  temp_med 
2026-06-20 12:13:28 [ERROR] DLNM Baixada Litoranea obitos_i63 temp_med :  NA/NaN/Inf in 'x' 
2026-06-20 12:13:28 [INFO] Ajustando DLNM:  Baixada Litoranea  /  obitos_i63  /  ur_med 
2026-06-20 12:14:02 [INFO] Ajustando DLNM:  Centro-Sul  /  internacoes_i60_i69  /  temp_med 
2026-06-20 12:14:12 [INFO] Ajustando DLNM:  Centro-Sul  /  internacoes_i60_i69  /  ur_med 
2026-06-20 12:14:22 [INFO] Ajustando DLNM:  Centro-Sul  /  obitos_i60_i69  /  temp_med 
2026-06-20 12:14:31 [INFO] Ajustando DLNM:  Centro-Sul  /  obitos_i60_i69  /  ur_med 
2026-06-20 12:14:41 [INFO] Ajustando DLNM:  Centro-Sul  /  internacoes_i60_i64  /  temp_med 
2026-06-20 12:14:51 [INFO] Ajustando DLNM:  Centro-Sul  /  internacoes_i60_i64  /  ur_med 
2026-06-20 12:15:00 [INFO] Ajustando DLNM:  Centro-Sul  /  obitos_i60_i64  /  temp_med 
2026-06-20 12:15:10 [INFO] Ajustando DLNM:  Centro-Sul  /  obitos_i60_i64  /  ur_med 
2026-06-20 12:15:19 [INFO] Ajustando DLNM:  Centro-Sul  /  internacoes_i60_i62  /  temp_med 
2026-06-20 12:15:29 [INFO] Ajustando DLNM:  Centro-Sul  /  internacoes_i60_i62  /  ur_med 
2026-06-20 12:15:40 [INFO] Ajustando DLNM:  Centro-Sul  /  obitos_i60_i62  /  temp_med 
2026-06-20 12:15:59 [INFO] Ajustando DLNM:  Centro-Sul  /  obitos_i60_i62  /  ur_med 
2026-06-20 12:16:17 [INFO] Ajustando DLNM:  Centro-Sul  /  internacoes_i63  /  temp_med 
2026-06-20 12:16:32 [INFO] Ajustando DLNM:  Centro-Sul  /  internacoes_i63  /  ur_med 
2026-06-20 12:16:47 [INFO] Ajustando DLNM:  Centro-Sul  /  obitos_i63  /  temp_med 
2026-06-20 12:16:51 [ERROR] DLNM Centro-Sul obitos_i63 temp_med :  NA/NaN/Inf in 'x' 
2026-06-20 12:16:51 [INFO] Ajustando DLNM:  Centro-Sul  /  obitos_i63  /  ur_med 
2026-06-20 12:17:14 [INFO] Ajustando DLNM:  Medio Paraiba  /  internacoes_i60_i69  /  temp_med 
2026-06-20 12:17:33 [INFO] Ajustando DLNM:  Medio Paraiba  /  internacoes_i60_i69  /  ur_med 
2026-06-20 12:17:54 [INFO] Ajustando DLNM:  Medio Paraiba  /  obitos_i60_i69  /  temp_med 
2026-06-20 12:18:02 [INFO] Ajustando DLNM:  Medio Paraiba  /  obitos_i60_i69  /  ur_med 
2026-06-20 12:18:12 [INFO] Ajustando DLNM:  Medio Paraiba  /  internacoes_i60_i64  /  temp_med 
2026-06-20 12:18:20 [INFO] Ajustando DLNM:  Medio Paraiba  /  internacoes_i60_i64  /  ur_med 
2026-06-20 12:18:29 [INFO] Ajustando DLNM:  Medio Paraiba  /  obitos_i60_i64  /  temp_med 
2026-06-20 12:18:38 [INFO] Ajustando DLNM:  Medio Paraiba  /  obitos_i60_i64  /  ur_med 
2026-06-20 12:18:46 [INFO] Ajustando DLNM:  Medio Paraiba  /  internacoes_i60_i62  /  temp_med 
2026-06-20 12:18:56 [INFO] Ajustando DLNM:  Medio Paraiba  /  internacoes_i60_i62  /  ur_med 
2026-06-20 12:19:05 [INFO] Ajustando DLNM:  Medio Paraiba  /  obitos_i60_i62  /  temp_med 
2026-06-20 12:19:28 [INFO] Ajustando DLNM:  Medio Paraiba  /  obitos_i60_i62  /  ur_med 
2026-06-20 12:19:33 [ERROR] DLNM Medio Paraiba obitos_i60_i62 ur_med :  loop interno 1; não é possível corrigir o tamanho do passo 
2026-06-20 12:19:33 [INFO] Ajustando DLNM:  Medio Paraiba  /  internacoes_i63  /  temp_med 
2026-06-20 12:19:43 [INFO] Ajustando DLNM:  Medio Paraiba  /  internacoes_i63  /  ur_med 
2026-06-20 12:19:52 [INFO] Ajustando DLNM:  Medio Paraiba  /  obitos_i63  /  temp_med 
2026-06-20 12:19:58 [ERROR] DLNM Medio Paraiba obitos_i63 temp_med :  loop interno 1; não é possível corrigir o tamanho do passo 
2026-06-20 12:19:58 [INFO] Ajustando DLNM:  Medio Paraiba  /  obitos_i63  /  ur_med 
2026-06-20 12:20:04 [ERROR] DLNM Medio Paraiba obitos_i63 ur_med :  NA/NaN/Inf in 'x' 
2026-06-20 12:20:04 [INFO] Ajustando DLNM:  Metropolitana I  /  internacoes_i60_i69  /  temp_med 
2026-06-20 12:20:31 [INFO] Ajustando DLNM:  Metropolitana I  /  internacoes_i60_i69  /  ur_med 
2026-06-20 12:20:57 [INFO] Ajustando DLNM:  Metropolitana I  /  obitos_i60_i69  /  temp_med 
2026-06-20 12:21:08 [INFO] Ajustando DLNM:  Metropolitana I  /  obitos_i60_i69  /  ur_med 
2026-06-20 12:21:17 [INFO] Ajustando DLNM:  Metropolitana I  /  internacoes_i60_i64  /  temp_med 
2026-06-20 12:21:26 [INFO] Ajustando DLNM:  Metropolitana I  /  internacoes_i60_i64  /  ur_med 
2026-06-20 12:21:35 [INFO] Ajustando DLNM:  Metropolitana I  /  obitos_i60_i64  /  temp_med 
2026-06-20 12:21:43 [INFO] Ajustando DLNM:  Metropolitana I  /  obitos_i60_i64  /  ur_med 
2026-06-20 12:21:53 [INFO] Ajustando DLNM:  Metropolitana I  /  internacoes_i60_i62  /  temp_med 
2026-06-20 12:22:00 [INFO] Ajustando DLNM:  Metropolitana I  /  internacoes_i60_i62  /  ur_med 
2026-06-20 12:22:06 [INFO] Ajustando DLNM:  Metropolitana I  /  obitos_i60_i62  /  temp_med 
2026-06-20 12:22:10 [ERROR] DLNM Metropolitana I obitos_i60_i62 temp_med :  NA/NaN/Inf in 'x' 
2026-06-20 12:22:10 [INFO] Ajustando DLNM:  Metropolitana I  /  obitos_i60_i62  /  ur_med 
2026-06-20 12:22:14 [ERROR] DLNM Metropolitana I obitos_i60_i62 ur_med :  NA/NaN/Inf in 'x' 
2026-06-20 12:22:14 [INFO] Ajustando DLNM:  Metropolitana I  /  internacoes_i63  /  temp_med 
2026-06-20 12:22:20 [INFO] Ajustando DLNM:  Metropolitana I  /  internacoes_i63  /  ur_med 
2026-06-20 12:22:27 [INFO] Ajustando DLNM:  Metropolitana I  /  obitos_i63  /  temp_med 
2026-06-20 12:22:54 [INFO] Ajustando DLNM:  Metropolitana I  /  obitos_i63  /  ur_med 
2026-06-20 12:23:06 [INFO] Ajustando DLNM:  Metropolitana II  /  internacoes_i60_i69  /  temp_med 
2026-06-20 12:23:13 [INFO] Ajustando DLNM:  Metropolitana II  /  internacoes_i60_i69  /  ur_med 
2026-06-20 12:23:19 [INFO] Ajustando DLNM:  Metropolitana II  /  obitos_i60_i69  /  temp_med 
2026-06-20 12:23:26 [INFO] Ajustando DLNM:  Metropolitana II  /  obitos_i60_i69  /  ur_med 
2026-06-20 12:23:33 [INFO] Ajustando DLNM:  Metropolitana II  /  internacoes_i60_i64  /  temp_med 
2026-06-20 12:23:39 [INFO] Ajustando DLNM:  Metropolitana II  /  internacoes_i60_i64  /  ur_med 
2026-06-20 12:23:45 [INFO] Ajustando DLNM:  Metropolitana II  /  obitos_i60_i64  /  temp_med 
2026-06-20 12:23:51 [INFO] Ajustando DLNM:  Metropolitana II  /  obitos_i60_i64  /  ur_med 
2026-06-20 12:23:58 [INFO] Ajustando DLNM:  Metropolitana II  /  internacoes_i60_i62  /  temp_med 
2026-06-20 12:24:04 [INFO] Ajustando DLNM:  Metropolitana II  /  internacoes_i60_i62  /  ur_med 
2026-06-20 12:24:11 [INFO] Ajustando DLNM:  Metropolitana II  /  obitos_i60_i62  /  temp_med 
2026-06-20 12:24:23 [INFO] Ajustando DLNM:  Metropolitana II  /  obitos_i60_i62  /  ur_med 
2026-06-20 12:24:36 [INFO] Ajustando DLNM:  Metropolitana II  /  internacoes_i63  /  temp_med 
2026-06-20 12:24:43 [INFO] Ajustando DLNM:  Metropolitana II  /  internacoes_i63  /  ur_med 
2026-06-20 12:24:50 [INFO] Ajustando DLNM:  Metropolitana II  /  obitos_i63  /  temp_med 
2026-06-20 12:25:01 [INFO] Ajustando DLNM:  Metropolitana II  /  obitos_i63  /  ur_med 
2026-06-20 12:25:11 [INFO] Ajustando DLNM:  Noroeste  /  internacoes_i60_i69  /  temp_med 
2026-06-20 12:25:17 [INFO] Ajustando DLNM:  Noroeste  /  internacoes_i60_i69  /  ur_med 
2026-06-20 12:25:26 [INFO] Ajustando DLNM:  Noroeste  /  obitos_i60_i69  /  temp_med 
2026-06-20 12:25:32 [INFO] Ajustando DLNM:  Noroeste  /  obitos_i60_i69  /  ur_med 
2026-06-20 12:25:40 [INFO] Ajustando DLNM:  Noroeste  /  internacoes_i60_i64  /  temp_med 
2026-06-20 12:25:46 [INFO] Ajustando DLNM:  Noroeste  /  internacoes_i60_i64  /  ur_med 
2026-06-20 12:25:52 [INFO] Ajustando DLNM:  Noroeste  /  obitos_i60_i64  /  temp_med 
2026-06-20 12:25:59 [INFO] Ajustando DLNM:  Noroeste  /  obitos_i60_i64  /  ur_med 
2026-06-20 12:26:06 [INFO] Ajustando DLNM:  Noroeste  /  internacoes_i60_i62  /  temp_med 
2026-06-20 12:26:12 [INFO] Ajustando DLNM:  Noroeste  /  internacoes_i60_i62  /  ur_med 
2026-06-20 12:26:19 [INFO] Ajustando DLNM:  Noroeste  /  obitos_i60_i62  /  temp_med 
2026-06-20 12:26:23 [ERROR] DLNM Noroeste obitos_i60_i62 temp_med :  NA/NaN/Inf in 'x' 
2026-06-20 12:26:23 [INFO] Ajustando DLNM:  Noroeste  /  obitos_i60_i62  /  ur_med 
2026-06-20 12:26:41 [INFO] Ajustando DLNM:  Noroeste  /  internacoes_i63  /  temp_med 
2026-06-20 12:26:54 [INFO] Ajustando DLNM:  Noroeste  /  internacoes_i63  /  ur_med 
2026-06-20 12:27:07 [INFO] Ajustando DLNM:  Noroeste  /  obitos_i63  /  temp_med 
2026-06-20 12:27:12 [ERROR] DLNM Noroeste obitos_i63 temp_med :  NA/NaN/Inf in 'x' 
2026-06-20 12:27:12 [INFO] Ajustando DLNM:  Noroeste  /  obitos_i63  /  ur_med 
2026-06-20 12:27:30 [INFO] Ajustando DLNM:  Norte  /  internacoes_i60_i69  /  temp_med 
2026-06-20 12:27:37 [INFO] Ajustando DLNM:  Norte  /  internacoes_i60_i69  /  ur_med 
2026-06-20 12:27:44 [INFO] Ajustando DLNM:  Norte  /  obitos_i60_i69  /  temp_med 
2026-06-20 12:27:50 [INFO] Ajustando DLNM:  Norte  /  obitos_i60_i69  /  ur_med 
2026-06-20 12:27:58 [INFO] Ajustando DLNM:  Norte  /  internacoes_i60_i64  /  temp_med 
2026-06-20 12:28:05 [INFO] Ajustando DLNM:  Norte  /  internacoes_i60_i64  /  ur_med 
2026-06-20 12:28:11 [INFO] Ajustando DLNM:  Norte  /  obitos_i60_i64  /  temp_med 
2026-06-20 12:28:17 [INFO] Ajustando DLNM:  Norte  /  obitos_i60_i64  /  ur_med 
2026-06-20 12:28:24 [INFO] Ajustando DLNM:  Norte  /  internacoes_i60_i62  /  temp_med 
2026-06-20 12:28:31 [INFO] Ajustando DLNM:  Norte  /  internacoes_i60_i62  /  ur_med 
2026-06-20 12:28:37 [INFO] Ajustando DLNM:  Norte  /  obitos_i60_i62  /  temp_med 
2026-06-20 12:28:50 [INFO] Ajustando DLNM:  Norte  /  obitos_i60_i62  /  ur_med 
2026-06-20 12:29:03 [INFO] Ajustando DLNM:  Norte  /  internacoes_i63  /  temp_med 
2026-06-20 12:29:09 [INFO] Ajustando DLNM:  Norte  /  internacoes_i63  /  ur_med 
2026-06-20 12:29:16 [INFO] Ajustando DLNM:  Norte  /  obitos_i63  /  temp_med 
2026-06-20 12:29:19 [ERROR] DLNM Norte obitos_i63 temp_med :  loop interno 1; não é possível corrigir o tamanho do passo 
2026-06-20 12:29:19 [INFO] Ajustando DLNM:  Norte  /  obitos_i63  /  ur_med 
2026-06-20 12:29:22 [ERROR] DLNM Norte obitos_i63 ur_med :  loop interno 1; não é possível corrigir o tamanho do passo 
2026-06-20 12:29:22 [INFO] Ajustando DLNM:  Serrana  /  internacoes_i60_i69  /  temp_med 
2026-06-20 12:29:40 [INFO] Ajustando DLNM:  Serrana  /  internacoes_i60_i69  /  ur_med 
2026-06-20 12:29:57 [INFO] Ajustando DLNM:  Serrana  /  obitos_i60_i69  /  temp_med 
2026-06-20 12:30:04 [INFO] Ajustando DLNM:  Serrana  /  obitos_i60_i69  /  ur_med 
2026-06-20 12:30:14 [INFO] Ajustando DLNM:  Serrana  /  internacoes_i60_i64  /  temp_med 
2026-06-20 12:30:20 [INFO] Ajustando DLNM:  Serrana  /  internacoes_i60_i64  /  ur_med 
2026-06-20 12:30:26 [INFO] Ajustando DLNM:  Serrana  /  obitos_i60_i64  /  temp_med 
2026-06-20 12:30:32 [INFO] Ajustando DLNM:  Serrana  /  obitos_i60_i64  /  ur_med 
2026-06-20 12:30:39 [INFO] Ajustando DLNM:  Serrana  /  internacoes_i60_i62  /  temp_med 
2026-06-20 12:30:45 [INFO] Ajustando DLNM:  Serrana  /  internacoes_i60_i62  /  ur_med 
2026-06-20 12:30:52 [INFO] Ajustando DLNM:  Serrana  /  obitos_i60_i62  /  temp_med 
2026-06-20 12:30:56 [ERROR] DLNM Serrana obitos_i60_i62 temp_med :  NA/NaN/Inf in 'x' 
2026-06-20 12:30:56 [INFO] Ajustando DLNM:  Serrana  /  obitos_i60_i62  /  ur_med 
2026-06-20 12:30:59 [ERROR] DLNM Serrana obitos_i60_i62 ur_med :  loop interno 1; não é possível corrigir o tamanho do passo 
2026-06-20 12:30:59 [INFO] Ajustando DLNM:  Serrana  /  internacoes_i63  /  temp_med 
2026-06-20 12:31:06 [INFO] Ajustando DLNM:  Serrana  /  internacoes_i63  /  ur_med 
2026-06-20 12:31:13 [INFO] Ajustando DLNM:  Serrana  /  obitos_i63  /  temp_med 
2026-06-20 12:31:17 [ERROR] DLNM Serrana obitos_i63 temp_med :  NA/NaN/Inf in 'x' 
2026-06-20 12:31:17 [INFO] Ajustando DLNM:  Serrana  /  obitos_i63  /  ur_med 
2026-06-20 12:41:27 [INFO] Etapa 8b: DLNMs sazonais (verao/inverno) 
2026-06-20 12:41:27 [INFO] DLNM sazonal: ajustando modelos por estacao (verao/inverno) 
2026-06-20 12:42:47 [INFO] Pipeline iniciado em  C:/Users/oorie/OneDrive/Documentos/TRABALHOS/DLNM 
2026-06-20 12:42:59 [ERROR] DLNM sazonal Baia da Ilha Grande internacoes_i60_i69 temp_med inverno :  all interior knots match left boundary knot 
2026-06-20 12:42:59 [ERROR] DLNM sazonal Baia da Ilha Grande internacoes_i60_i69 ur_med inverno :  all interior knots match left boundary knot 
2026-06-20 12:42:59 [ERROR] DLNM sazonal Baia da Ilha Grande obitos_i60_i69 temp_med inverno :  all interior knots match left boundary knot 
2026-06-20 12:42:59 [ERROR] DLNM sazonal Baia da Ilha Grande obitos_i60_i69 ur_med inverno :  all interior knots match left boundary knot 
2026-06-20 12:42:59 [ERROR] DLNM sazonal Baixada Litoranea internacoes_i60_i69 temp_med inverno :  all interior knots match left boundary knot 
2026-06-20 12:42:59 [ERROR] DLNM sazonal Baixada Litoranea internacoes_i60_i69 ur_med inverno :  all interior knots match left boundary knot 
2026-06-20 12:43:00 [ERROR] DLNM sazonal Baixada Litoranea obitos_i60_i69 temp_med inverno :  all interior knots match left boundary knot 
2026-06-20 12:43:00 [ERROR] DLNM sazonal Baixada Litoranea obitos_i60_i69 ur_med inverno :  all interior knots match left boundary knot 
2026-06-20 12:43:00 [ERROR] DLNM sazonal Centro-Sul internacoes_i60_i69 temp_med inverno :  all interior knots match left boundary knot 
2026-06-20 12:43:00 [ERROR] DLNM sazonal Centro-Sul internacoes_i60_i69 ur_med inverno :  all interior knots match left boundary knot 
2026-06-20 12:43:00 [ERROR] DLNM sazonal Centro-Sul obitos_i60_i69 temp_med inverno :  all interior knots match left boundary knot 
2026-06-20 12:43:00 [ERROR] DLNM sazonal Centro-Sul obitos_i60_i69 ur_med inverno :  all interior knots match left boundary knot 
2026-06-20 12:43:00 [ERROR] DLNM sazonal Medio Paraiba internacoes_i60_i69 temp_med inverno :  all interior knots match left boundary knot 
2026-06-20 12:43:00 [ERROR] DLNM sazonal Medio Paraiba internacoes_i60_i69 ur_med inverno :  all interior knots match left boundary knot 
2026-06-20 12:43:00 [ERROR] DLNM sazonal Medio Paraiba obitos_i60_i69 temp_med inverno :  all interior knots match left boundary knot 
2026-06-20 12:43:00 [ERROR] DLNM sazonal Medio Paraiba obitos_i60_i69 ur_med inverno :  all interior knots match left boundary knot 
2026-06-20 12:43:00 [ERROR] DLNM sazonal Metropolitana I internacoes_i60_i69 temp_med inverno :  all interior knots match left boundary knot 
2026-06-20 12:43:00 [ERROR] DLNM sazonal Metropolitana I internacoes_i60_i69 ur_med inverno :  all interior knots match left boundary knot 
2026-06-20 12:43:00 [ERROR] DLNM sazonal Metropolitana I obitos_i60_i69 temp_med inverno :  all interior knots match left boundary knot 
2026-06-20 12:43:00 [ERROR] DLNM sazonal Metropolitana I obitos_i60_i69 ur_med inverno :  all interior knots match left boundary knot 
2026-06-20 12:43:00 [ERROR] DLNM sazonal Metropolitana II internacoes_i60_i69 temp_med inverno :  all interior knots match left boundary knot 
2026-06-20 12:43:01 [ERROR] DLNM sazonal Metropolitana II internacoes_i60_i69 ur_med inverno :  all interior knots match left boundary knot 
2026-06-20 12:43:01 [ERROR] DLNM sazonal Metropolitana II obitos_i60_i69 temp_med inverno :  all interior knots match left boundary knot 
2026-06-20 12:43:01 [ERROR] DLNM sazonal Metropolitana II obitos_i60_i69 ur_med inverno :  all interior knots match left boundary knot 
2026-06-20 12:43:01 [ERROR] DLNM sazonal Noroeste internacoes_i60_i69 temp_med inverno :  all interior knots match left boundary knot 
2026-06-20 12:43:01 [ERROR] DLNM sazonal Noroeste internacoes_i60_i69 ur_med inverno :  all interior knots match left boundary knot 
2026-06-20 12:43:01 [ERROR] DLNM sazonal Noroeste obitos_i60_i69 temp_med inverno :  all interior knots match left boundary knot 
2026-06-20 12:43:01 [ERROR] DLNM sazonal Noroeste obitos_i60_i69 ur_med inverno :  all interior knots match left boundary knot 
2026-06-20 12:43:01 [ERROR] DLNM sazonal Norte internacoes_i60_i69 temp_med inverno :  all interior knots match left boundary knot 
2026-06-20 12:43:01 [ERROR] DLNM sazonal Norte internacoes_i60_i69 ur_med inverno :  all interior knots match left boundary knot 
2026-06-20 12:43:01 [ERROR] DLNM sazonal Norte obitos_i60_i69 temp_med inverno :  all interior knots match left boundary knot 
2026-06-20 12:43:01 [ERROR] DLNM sazonal Norte obitos_i60_i69 ur_med inverno :  all interior knots match left boundary knot 
2026-06-20 12:43:01 [ERROR] DLNM sazonal Serrana internacoes_i60_i69 temp_med inverno :  all interior knots match left boundary knot 
2026-06-20 12:43:01 [ERROR] DLNM sazonal Serrana internacoes_i60_i69 ur_med inverno :  all interior knots match left boundary knot 
2026-06-20 12:43:01 [ERROR] DLNM sazonal Serrana obitos_i60_i69 temp_med inverno :  all interior knots match left boundary knot 
2026-06-20 12:43:01 [ERROR] DLNM sazonal Serrana obitos_i60_i69 ur_med inverno :  all interior knots match left boundary knot 
2026-06-20 12:43:02 [INFO] DLNM sazonal concluido:  36  modelos 
2026-06-20 12:43:02 [INFO] Etapa 8c: DLNMs estratificados por sexo e idade (se denominadores disponiveis) 
2026-06-20 12:43:02 [INFO] DLNM sexo/idade: verificando disponibilidade de denominadores 
2026-06-20 12:45:47 [INFO] Etapa 1/10: downloads PM2.5 (INEA/MonitorAr) 
2026-06-20 12:45:48 [INFO] Executando script Python de PM2.5:  02_MP25_RJ_exposicao/scripts/extrair_mp25_rj.py 
2026-06-20 12:45:48 [INFO] Python encontrado:  C:\Users\oorie\AppData\Local\Programs\Python\PYTHON~1\python.exe 
2026-06-20 12:45:53 [INFO] Script PM2.5 concluido com sucesso 
2026-06-20 12:45:53 [INFO] Arquivo PM2.5 OK:  mp25_rj_anual_2010_2025.csv 
2026-06-20 12:45:53 [INFO] Arquivo PM2.5 OK:  mp25_rj_estatisticas_macroregiao.csv 
2026-06-20 12:45:53 [INFO] Etapa 2/10: downloads SIH 
2026-06-20 12:45:53 [INFO] FORCE_RAW_DOWNLOAD ativo; substituindo arquivo bruto:  01_DLNMs_RJ_cerebrovascular/data_raw/sih/sih_rd_rj_2010_01.rds 
2026-06-20 12:45:53 [INFO] Baixando  SIH-RD  RJ  2010 - 01 
2026-06-20 12:46:02 [INFO] FORCE_RAW_DOWNLOAD ativo; substituindo arquivo bruto:  01_DLNMs_RJ_cerebrovascular/data_raw/sih/sih_rd_rj_2010_02.rds 
2026-06-20 12:46:02 [INFO] Baixando  SIH-RD  RJ  2010 - 02 
2026-06-20 12:46:07 [INFO] FORCE_RAW_DOWNLOAD ativo; substituindo arquivo bruto:  01_DLNMs_RJ_cerebrovascular/data_raw/sih/sih_rd_rj_2010_03.rds 
2026-06-20 12:46:07 [INFO] Baixando  SIH-RD  RJ  2010 - 03 
2026-06-20 12:46:11 [INFO] FORCE_RAW_DOWNLOAD ativo; substituindo arquivo bruto:  01_DLNMs_RJ_cerebrovascular/data_raw/sih/sih_rd_rj_2010_04.rds 
2026-06-20 12:46:11 [INFO] Baixando  SIH-RD  RJ  2010 - 04 
2026-06-20 12:46:17 [INFO] FORCE_RAW_DOWNLOAD ativo; substituindo arquivo bruto:  01_DLNMs_RJ_cerebrovascular/data_raw/sih/sih_rd_rj_2010_05.rds 
2026-06-20 12:46:17 [INFO] Baixando  SIH-RD  RJ  2010 - 05 
2026-06-20 12:46:22 [INFO] FORCE_RAW_DOWNLOAD ativo; substituindo arquivo bruto:  01_DLNMs_RJ_cerebrovascular/data_raw/sih/sih_rd_rj_2010_06.rds 
2026-06-20 12:46:22 [INFO] Baixando  SIH-RD  RJ  2010 - 06 
2026-06-20 12:46:26 [INFO] FORCE_RAW_DOWNLOAD ativo; substituindo arquivo bruto:  01_DLNMs_RJ_cerebrovascular/data_raw/sih/sih_rd_rj_2010_07.rds 
2026-06-20 12:46:26 [INFO] Baixando  SIH-RD  RJ  2010 - 07 
2026-06-20 12:46:32 [INFO] FORCE_RAW_DOWNLOAD ativo; substituindo arquivo bruto:  01_DLNMs_RJ_cerebrovascular/data_raw/sih/sih_rd_rj_2010_08.rds 
2026-06-20 12:46:32 [INFO] Baixando  SIH-RD  RJ  2010 - 08 
2026-06-20 12:46:37 [INFO] FORCE_RAW_DOWNLOAD ativo; substituindo arquivo bruto:  01_DLNMs_RJ_cerebrovascular/data_raw/sih/sih_rd_rj_2010_09.rds 
2026-06-20 12:46:37 [INFO] Baixando  SIH-RD  RJ  2010 - 09 
2026-06-20 12:46:41 [INFO] FORCE_RAW_DOWNLOAD ativo; substituindo arquivo bruto:  01_DLNMs_RJ_cerebrovascular/data_raw/sih/sih_rd_rj_2010_10.rds 
2026-06-20 12:46:41 [INFO] Baixando  SIH-RD  RJ  2010 - 10 
2026-06-20 12:46:45 [INFO] FORCE_RAW_DOWNLOAD ativo; substituindo arquivo bruto:  01_DLNMs_RJ_cerebrovascular/data_raw/sih/sih_rd_rj_2010_11.rds 
2026-06-20 12:46:45 [INFO] Baixando  SIH-RD  RJ  2010 - 11 
2026-06-20 12:46:50 [INFO] FORCE_RAW_DOWNLOAD ativo; substituindo arquivo bruto:  01_DLNMs_RJ_cerebrovascular/data_raw/sih/sih_rd_rj_2010_12.rds 
2026-06-20 12:46:50 [INFO] Baixando  SIH-RD  RJ  2010 - 12 
2026-06-20 12:46:54 [INFO] FORCE_RAW_DOWNLOAD ativo; substituindo arquivo bruto:  01_DLNMs_RJ_cerebrovascular/data_raw/sih/sih_rd_rj_2011_01.rds 
2026-06-20 12:46:54 [INFO] Baixando  SIH-RD  RJ  2011 - 01 
2026-06-20 12:46:59 [INFO] FORCE_RAW_DOWNLOAD ativo; substituindo arquivo bruto:  01_DLNMs_RJ_cerebrovascular/data_raw/sih/sih_rd_rj_2011_02.rds 
2026-06-20 12:46:59 [INFO] Baixando  SIH-RD  RJ  2011 - 02 
2026-06-20 12:47:03 [INFO] FORCE_RAW_DOWNLOAD ativo; substituindo arquivo bruto:  01_DLNMs_RJ_cerebrovascular/data_raw/sih/sih_rd_rj_2011_03.rds 
2026-06-20 12:47:04 [INFO] Baixando  SIH-RD  RJ  2011 - 03 
2026-06-20 12:47:09 [INFO] FORCE_RAW_DOWNLOAD ativo; substituindo arquivo bruto:  01_DLNMs_RJ_cerebrovascular/data_raw/sih/sih_rd_rj_2011_04.rds 
2026-06-20 12:47:09 [INFO] Baixando  SIH-RD  RJ  2011 - 04 
2026-06-20 12:47:13 [INFO] FORCE_RAW_DOWNLOAD ativo; substituindo arquivo bruto:  01_DLNMs_RJ_cerebrovascular/data_raw/sih/sih_rd_rj_2011_05.rds 
2026-06-20 12:47:13 [INFO] Baixando  SIH-RD  RJ  2011 - 05 
2026-06-20 12:47:19 [INFO] FORCE_RAW_DOWNLOAD ativo; substituindo arquivo bruto:  01_DLNMs_RJ_cerebrovascular/data_raw/sih/sih_rd_rj_2011_06.rds 
2026-06-20 12:47:19 [INFO] Baixando  SIH-RD  RJ  2011 - 06 
2026-06-20 12:47:24 [INFO] FORCE_RAW_DOWNLOAD ativo; substituindo arquivo bruto:  01_DLNMs_RJ_cerebrovascular/data_raw/sih/sih_rd_rj_2011_07.rds 
2026-06-20 12:47:24 [INFO] Baixando  SIH-RD  RJ  2011 - 07 
2026-06-20 12:47:29 [INFO] FORCE_RAW_DOWNLOAD ativo; substituindo arquivo bruto:  01_DLNMs_RJ_cerebrovascular/data_raw/sih/sih_rd_rj_2011_08.rds 
2026-06-20 12:47:29 [INFO] Baixando  SIH-RD  RJ  2011 - 08 
2026-06-20 12:47:34 [INFO] FORCE_RAW_DOWNLOAD ativo; substituindo arquivo bruto:  01_DLNMs_RJ_cerebrovascular/data_raw/sih/sih_rd_rj_2011_09.rds 
2026-06-20 12:47:34 [INFO] Baixando  SIH-RD  RJ  2011 - 09 
2026-06-20 12:47:39 [INFO] FORCE_RAW_DOWNLOAD ativo; substituindo arquivo bruto:  01_DLNMs_RJ_cerebrovascular/data_raw/sih/sih_rd_rj_2011_10.rds 
2026-06-20 12:47:39 [INFO] Baixando  SIH-RD  RJ  2011 - 10 
2026-06-20 12:47:44 [INFO] FORCE_RAW_DOWNLOAD ativo; substituindo arquivo bruto:  01_DLNMs_RJ_cerebrovascular/data_raw/sih/sih_rd_rj_2011_11.rds 
2026-06-20 12:47:44 [INFO] Baixando  SIH-RD  RJ  2011 - 11 
2026-06-20 12:47:50 [INFO] FORCE_RAW_DOWNLOAD ativo; substituindo arquivo bruto:  01_DLNMs_RJ_cerebrovascular/data_raw/sih/sih_rd_rj_2011_12.rds 
2026-06-20 12:47:50 [INFO] Baixando  SIH-RD  RJ  2011 - 12 
2026-06-20 12:47:55 [INFO] FORCE_RAW_DOWNLOAD ativo; substituindo arquivo bruto:  01_DLNMs_RJ_cerebrovascular/data_raw/sih/sih_rd_rj_2012_01.rds 
2026-06-20 12:47:55 [INFO] Baixando  SIH-RD  RJ  2012 - 01 
2026-06-20 12:48:03 [INFO] FORCE_RAW_DOWNLOAD ativo; substituindo arquivo bruto:  01_DLNMs_RJ_cerebrovascular/data_raw/sih/sih_rd_rj_2012_02.rds 
2026-06-20 12:48:03 [INFO] Baixando  SIH-RD  RJ  2012 - 02 
2026-06-20 12:48:08 [INFO] FORCE_RAW_DOWNLOAD ativo; substituindo arquivo bruto:  01_DLNMs_RJ_cerebrovascular/data_raw/sih/sih_rd_rj_2012_03.rds 
2026-06-20 12:48:08 [INFO] Baixando  SIH-RD  RJ  2012 - 03 
2026-06-20 12:48:14 [INFO] FORCE_RAW_DOWNLOAD ativo; substituindo arquivo bruto:  01_DLNMs_RJ_cerebrovascular/data_raw/sih/sih_rd_rj_2012_04.rds 
2026-06-20 12:48:14 [INFO] Baixando  SIH-RD  RJ  2012 - 04 
2026-06-20 12:48:19 [INFO] FORCE_RAW_DOWNLOAD ativo; substituindo arquivo bruto:  01_DLNMs_RJ_cerebrovascular/data_raw/sih/sih_rd_rj_2012_05.rds 
2026-06-20 12:48:19 [INFO] Baixando  SIH-RD  RJ  2012 - 05 
2026-06-20 12:48:24 [INFO] FORCE_RAW_DOWNLOAD ativo; substituindo arquivo bruto:  01_DLNMs_RJ_cerebrovascular/data_raw/sih/sih_rd_rj_2012_06.rds 
2026-06-20 12:48:24 [INFO] Baixando  SIH-RD  RJ  2012 - 06 
2026-06-20 12:49:29 [INFO] Pipeline iniciado em  C:/Users/oorie/OneDrive/Documentos/TRABALHOS/DLNM 
2026-06-20 12:49:33 [INFO] Etapa 1/10: downloads PM2.5 (INEA/MonitorAr) 
2026-06-20 12:49:33 [INFO] Executando script Python de PM2.5:  02_MP25_RJ_exposicao/scripts/extrair_mp25_rj.py 
2026-06-20 12:49:33 [INFO] Python encontrado:  C:\Users\oorie\AppData\Local\Programs\Python\PYTHON~1\python.exe 
2026-06-20 12:49:36 [INFO] Script PM2.5 concluido com sucesso 
2026-06-20 12:49:36 [INFO] Arquivo PM2.5 OK:  mp25_rj_anual_2010_2025.csv 
2026-06-20 12:49:36 [INFO] Arquivo PM2.5 OK:  mp25_rj_estatisticas_macroregiao.csv 
2026-06-20 12:49:36 [INFO] Etapa 2/10: downloads SIH 
2026-06-20 12:49:36 [INFO] FORCE_RAW_DOWNLOAD ativo; substituindo arquivo bruto:  01_DLNMs_RJ_cerebrovascular/data_raw/sih/sih_rd_rj_2010_01.rds 
2026-06-20 12:49:36 [INFO] Baixando  SIH-RD  RJ  2010 - 01 
2026-06-20 12:49:45 [INFO] FORCE_RAW_DOWNLOAD ativo; substituindo arquivo bruto:  01_DLNMs_RJ_cerebrovascular/data_raw/sih/sih_rd_rj_2010_02.rds 
2026-06-20 12:49:45 [INFO] Baixando  SIH-RD  RJ  2010 - 02 
2026-06-20 12:49:51 [INFO] FORCE_RAW_DOWNLOAD ativo; substituindo arquivo bruto:  01_DLNMs_RJ_cerebrovascular/data_raw/sih/sih_rd_rj_2010_03.rds 
2026-06-20 12:49:51 [INFO] Baixando  SIH-RD  RJ  2010 - 03 
2026-06-20 12:49:57 [INFO] FORCE_RAW_DOWNLOAD ativo; substituindo arquivo bruto:  01_DLNMs_RJ_cerebrovascular/data_raw/sih/sih_rd_rj_2010_04.rds 
2026-06-20 12:49:57 [INFO] Baixando  SIH-RD  RJ  2010 - 04 
2026-06-20 12:50:03 [INFO] FORCE_RAW_DOWNLOAD ativo; substituindo arquivo bruto:  01_DLNMs_RJ_cerebrovascular/data_raw/sih/sih_rd_rj_2010_05.rds 
2026-06-20 12:50:03 [INFO] Baixando  SIH-RD  RJ  2010 - 05 
2026-06-20 12:50:09 [INFO] FORCE_RAW_DOWNLOAD ativo; substituindo arquivo bruto:  01_DLNMs_RJ_cerebrovascular/data_raw/sih/sih_rd_rj_2010_06.rds 
2026-06-20 12:50:09 [INFO] Baixando  SIH-RD  RJ  2010 - 06 
2026-06-20 12:50:17 [INFO] FORCE_RAW_DOWNLOAD ativo; substituindo arquivo bruto:  01_DLNMs_RJ_cerebrovascular/data_raw/sih/sih_rd_rj_2010_07.rds 
2026-06-20 12:50:17 [INFO] Baixando  SIH-RD  RJ  2010 - 07 
2026-06-20 12:50:24 [INFO] FORCE_RAW_DOWNLOAD ativo; substituindo arquivo bruto:  01_DLNMs_RJ_cerebrovascular/data_raw/sih/sih_rd_rj_2010_08.rds 
2026-06-20 12:50:24 [INFO] Baixando  SIH-RD  RJ  2010 - 08 
2026-06-20 12:50:32 [INFO] FORCE_RAW_DOWNLOAD ativo; substituindo arquivo bruto:  01_DLNMs_RJ_cerebrovascular/data_raw/sih/sih_rd_rj_2010_09.rds 
2026-06-20 12:50:32 [INFO] Baixando  SIH-RD  RJ  2010 - 09 
2026-06-20 12:50:38 [INFO] FORCE_RAW_DOWNLOAD ativo; substituindo arquivo bruto:  01_DLNMs_RJ_cerebrovascular/data_raw/sih/sih_rd_rj_2010_10.rds 
2026-06-20 12:50:38 [INFO] Baixando  SIH-RD  RJ  2010 - 10 
2026-06-20 12:50:44 [INFO] FORCE_RAW_DOWNLOAD ativo; substituindo arquivo bruto:  01_DLNMs_RJ_cerebrovascular/data_raw/sih/sih_rd_rj_2010_11.rds 
2026-06-20 12:50:44 [INFO] Baixando  SIH-RD  RJ  2010 - 11 
2026-06-20 12:50:51 [INFO] FORCE_RAW_DOWNLOAD ativo; substituindo arquivo bruto:  01_DLNMs_RJ_cerebrovascular/data_raw/sih/sih_rd_rj_2010_12.rds 
2026-06-20 12:50:51 [INFO] Baixando  SIH-RD  RJ  2010 - 12 
2026-06-20 12:50:56 [INFO] FORCE_RAW_DOWNLOAD ativo; substituindo arquivo bruto:  01_DLNMs_RJ_cerebrovascular/data_raw/sih/sih_rd_rj_2011_01.rds 
2026-06-20 12:50:56 [INFO] Baixando  SIH-RD  RJ  2011 - 01 
2026-06-20 12:51:02 [INFO] FORCE_RAW_DOWNLOAD ativo; substituindo arquivo bruto:  01_DLNMs_RJ_cerebrovascular/data_raw/sih/sih_rd_rj_2011_02.rds 
2026-06-20 12:51:02 [INFO] Baixando  SIH-RD  RJ  2011 - 02 
2026-06-20 12:51:08 [INFO] FORCE_RAW_DOWNLOAD ativo; substituindo arquivo bruto:  01_DLNMs_RJ_cerebrovascular/data_raw/sih/sih_rd_rj_2011_03.rds 
2026-06-20 12:51:08 [INFO] Baixando  SIH-RD  RJ  2011 - 03 
2026-06-20 12:51:17 [INFO] FORCE_RAW_DOWNLOAD ativo; substituindo arquivo bruto:  01_DLNMs_RJ_cerebrovascular/data_raw/sih/sih_rd_rj_2011_04.rds 
2026-06-20 12:51:17 [INFO] Baixando  SIH-RD  RJ  2011 - 04 
2026-06-20 12:52:18 [WARN] Falha no download  SIH-RD   2011 - 04  tentativa  1 / 4 :  server response timeout 
2026-06-20 12:52:36 [INFO] FORCE_RAW_DOWNLOAD ativo; substituindo arquivo bruto:  01_DLNMs_RJ_cerebrovascular/data_raw/sih/sih_rd_rj_2011_05.rds 
2026-06-20 12:52:36 [INFO] Baixando  SIH-RD  RJ  2011 - 05 
2026-06-20 12:52:41 [INFO] FORCE_RAW_DOWNLOAD ativo; substituindo arquivo bruto:  01_DLNMs_RJ_cerebrovascular/data_raw/sih/sih_rd_rj_2011_06.rds 
2026-06-20 12:52:41 [INFO] Baixando  SIH-RD  RJ  2011 - 06 
2026-06-20 12:52:49 [INFO] FORCE_RAW_DOWNLOAD ativo; substituindo arquivo bruto:  01_DLNMs_RJ_cerebrovascular/data_raw/sih/sih_rd_rj_2011_07.rds 
2026-06-20 12:52:49 [INFO] Baixando  SIH-RD  RJ  2011 - 07 
2026-06-20 12:52:55 [INFO] FORCE_RAW_DOWNLOAD ativo; substituindo arquivo bruto:  01_DLNMs_RJ_cerebrovascular/data_raw/sih/sih_rd_rj_2011_08.rds 
2026-06-20 12:52:55 [INFO] Baixando  SIH-RD  RJ  2011 - 08 
2026-06-20 12:53:02 [INFO] FORCE_RAW_DOWNLOAD ativo; substituindo arquivo bruto:  01_DLNMs_RJ_cerebrovascular/data_raw/sih/sih_rd_rj_2011_09.rds 
2026-06-20 12:53:02 [INFO] Baixando  SIH-RD  RJ  2011 - 09 
2026-06-20 12:53:07 [INFO] FORCE_RAW_DOWNLOAD ativo; substituindo arquivo bruto:  01_DLNMs_RJ_cerebrovascular/data_raw/sih/sih_rd_rj_2011_10.rds 
2026-06-20 12:53:07 [INFO] Baixando  SIH-RD  RJ  2011 - 10 
2026-06-20 12:53:12 [INFO] FORCE_RAW_DOWNLOAD ativo; substituindo arquivo bruto:  01_DLNMs_RJ_cerebrovascular/data_raw/sih/sih_rd_rj_2011_11.rds 
2026-06-20 12:53:12 [INFO] Baixando  SIH-RD  RJ  2011 - 11 
2026-06-20 12:53:20 [INFO] FORCE_RAW_DOWNLOAD ativo; substituindo arquivo bruto:  01_DLNMs_RJ_cerebrovascular/data_raw/sih/sih_rd_rj_2011_12.rds 
2026-06-20 12:53:20 [INFO] Baixando  SIH-RD  RJ  2011 - 12 
2026-06-20 12:53:25 [INFO] FORCE_RAW_DOWNLOAD ativo; substituindo arquivo bruto:  01_DLNMs_RJ_cerebrovascular/data_raw/sih/sih_rd_rj_2012_01.rds 
2026-06-20 12:53:25 [INFO] Baixando  SIH-RD  RJ  2012 - 01 
2026-06-20 12:53:30 [INFO] FORCE_RAW_DOWNLOAD ativo; substituindo arquivo bruto:  01_DLNMs_RJ_cerebrovascular/data_raw/sih/sih_rd_rj_2012_02.rds 
2026-06-20 12:53:30 [INFO] Baixando  SIH-RD  RJ  2012 - 02 
2026-06-20 12:53:34 [INFO] FORCE_RAW_DOWNLOAD ativo; substituindo arquivo bruto:  01_DLNMs_RJ_cerebrovascular/data_raw/sih/sih_rd_rj_2012_03.rds 
2026-06-20 12:53:34 [INFO] Baixando  SIH-RD  RJ  2012 - 03 
2026-06-20 12:53:40 [INFO] FORCE_RAW_DOWNLOAD ativo; substituindo arquivo bruto:  01_DLNMs_RJ_cerebrovascular/data_raw/sih/sih_rd_rj_2012_04.rds 
2026-06-20 12:53:40 [INFO] Baixando  SIH-RD  RJ  2012 - 04 
2026-06-20 12:53:46 [INFO] FORCE_RAW_DOWNLOAD ativo; substituindo arquivo bruto:  01_DLNMs_RJ_cerebrovascular/data_raw/sih/sih_rd_rj_2012_05.rds 
2026-06-20 12:53:46 [INFO] Baixando  SIH-RD  RJ  2012 - 05 
2026-06-20 12:53:52 [INFO] Baixando  SIH-RD  RJ  2012 - 06 
2026-06-20 12:53:59 [INFO] FORCE_RAW_DOWNLOAD ativo; substituindo arquivo bruto:  01_DLNMs_RJ_cerebrovascular/data_raw/sih/sih_rd_rj_2012_07.rds 
2026-06-20 12:53:59 [INFO] Baixando  SIH-RD  RJ  2012 - 07 
2026-06-20 12:54:03 [INFO] FORCE_RAW_DOWNLOAD ativo; substituindo arquivo bruto:  01_DLNMs_RJ_cerebrovascular/data_raw/sih/sih_rd_rj_2012_08.rds 
2026-06-20 12:54:03 [INFO] Baixando  SIH-RD  RJ  2012 - 08 
2026-06-20 12:54:09 [INFO] FORCE_RAW_DOWNLOAD ativo; substituindo arquivo bruto:  01_DLNMs_RJ_cerebrovascular/data_raw/sih/sih_rd_rj_2012_09.rds 
2026-06-20 12:54:09 [INFO] Baixando  SIH-RD  RJ  2012 - 09 
2026-06-20 12:54:15 [INFO] FORCE_RAW_DOWNLOAD ativo; substituindo arquivo bruto:  01_DLNMs_RJ_cerebrovascular/data_raw/sih/sih_rd_rj_2012_10.rds 
2026-06-20 12:54:15 [INFO] Baixando  SIH-RD  RJ  2012 - 10 
2026-06-20 12:54:21 [INFO] FORCE_RAW_DOWNLOAD ativo; substituindo arquivo bruto:  01_DLNMs_RJ_cerebrovascular/data_raw/sih/sih_rd_rj_2012_11.rds 
2026-06-20 12:54:21 [INFO] Baixando  SIH-RD  RJ  2012 - 11 
2026-06-20 12:54:25 [INFO] FORCE_RAW_DOWNLOAD ativo; substituindo arquivo bruto:  01_DLNMs_RJ_cerebrovascular/data_raw/sih/sih_rd_rj_2012_12.rds 
2026-06-20 12:54:25 [INFO] Baixando  SIH-RD  RJ  2012 - 12 
2026-06-20 12:54:30 [INFO] FORCE_RAW_DOWNLOAD ativo; substituindo arquivo bruto:  01_DLNMs_RJ_cerebrovascular/data_raw/sih/sih_rd_rj_2013_01.rds 
2026-06-20 12:54:30 [INFO] Baixando  SIH-RD  RJ  2013 - 01 
2026-06-20 12:54:35 [INFO] FORCE_RAW_DOWNLOAD ativo; substituindo arquivo bruto:  01_DLNMs_RJ_cerebrovascular/data_raw/sih/sih_rd_rj_2013_02.rds 
2026-06-20 12:54:35 [INFO] Baixando  SIH-RD  RJ  2013 - 02 
2026-06-20 12:54:40 [INFO] FORCE_RAW_DOWNLOAD ativo; substituindo arquivo bruto:  01_DLNMs_RJ_cerebrovascular/data_raw/sih/sih_rd_rj_2013_03.rds 
2026-06-20 12:54:40 [INFO] Baixando  SIH-RD  RJ  2013 - 03 
2026-06-20 12:54:46 [INFO] FORCE_RAW_DOWNLOAD ativo; substituindo arquivo bruto:  01_DLNMs_RJ_cerebrovascular/data_raw/sih/sih_rd_rj_2013_04.rds 
2026-06-20 12:54:46 [INFO] Baixando  SIH-RD  RJ  2013 - 04 
2026-06-20 12:54:51 [INFO] FORCE_RAW_DOWNLOAD ativo; substituindo arquivo bruto:  01_DLNMs_RJ_cerebrovascular/data_raw/sih/sih_rd_rj_2013_05.rds 
2026-06-20 12:54:51 [INFO] Baixando  SIH-RD  RJ  2013 - 05 
2026-06-20 12:54:56 [INFO] FORCE_RAW_DOWNLOAD ativo; substituindo arquivo bruto:  01_DLNMs_RJ_cerebrovascular/data_raw/sih/sih_rd_rj_2013_06.rds 
2026-06-20 12:54:56 [INFO] Baixando  SIH-RD  RJ  2013 - 06 
2026-06-20 12:55:00 [INFO] FORCE_RAW_DOWNLOAD ativo; substituindo arquivo bruto:  01_DLNMs_RJ_cerebrovascular/data_raw/sih/sih_rd_rj_2013_07.rds 
2026-06-20 12:55:00 [INFO] Baixando  SIH-RD  RJ  2013 - 07 
2026-06-20 12:55:07 [INFO] FORCE_RAW_DOWNLOAD ativo; substituindo arquivo bruto:  01_DLNMs_RJ_cerebrovascular/data_raw/sih/sih_rd_rj_2013_08.rds 
2026-06-20 12:55:07 [INFO] Baixando  SIH-RD  RJ  2013 - 08 
2026-06-20 12:55:11 [INFO] FORCE_RAW_DOWNLOAD ativo; substituindo arquivo bruto:  01_DLNMs_RJ_cerebrovascular/data_raw/sih/sih_rd_rj_2013_09.rds 
2026-06-20 12:55:11 [INFO] Baixando  SIH-RD  RJ  2013 - 09 
2026-06-20 12:55:17 [INFO] FORCE_RAW_DOWNLOAD ativo; substituindo arquivo bruto:  01_DLNMs_RJ_cerebrovascular/data_raw/sih/sih_rd_rj_2013_10.rds 
2026-06-20 12:55:17 [INFO] Baixando  SIH-RD  RJ  2013 - 10 
2026-06-20 12:55:25 [INFO] FORCE_RAW_DOWNLOAD ativo; substituindo arquivo bruto:  01_DLNMs_RJ_cerebrovascular/data_raw/sih/sih_rd_rj_2013_11.rds 
2026-06-20 12:55:25 [INFO] Baixando  SIH-RD  RJ  2013 - 11 
2026-06-20 12:55:30 [INFO] FORCE_RAW_DOWNLOAD ativo; substituindo arquivo bruto:  01_DLNMs_RJ_cerebrovascular/data_raw/sih/sih_rd_rj_2013_12.rds 
2026-06-20 12:55:30 [INFO] Baixando  SIH-RD  RJ  2013 - 12 
2026-06-20 12:55:36 [INFO] FORCE_RAW_DOWNLOAD ativo; substituindo arquivo bruto:  01_DLNMs_RJ_cerebrovascular/data_raw/sih/sih_rd_rj_2014_01.rds 
2026-06-20 12:55:36 [INFO] Baixando  SIH-RD  RJ  2014 - 01 
2026-06-20 12:55:42 [INFO] FORCE_RAW_DOWNLOAD ativo; substituindo arquivo bruto:  01_DLNMs_RJ_cerebrovascular/data_raw/sih/sih_rd_rj_2014_02.rds 
2026-06-20 12:55:42 [INFO] Baixando  SIH-RD  RJ  2014 - 02 
2026-06-20 12:55:47 [INFO] FORCE_RAW_DOWNLOAD ativo; substituindo arquivo bruto:  01_DLNMs_RJ_cerebrovascular/data_raw/sih/sih_rd_rj_2014_03.rds 
2026-06-20 12:55:47 [INFO] Baixando  SIH-RD  RJ  2014 - 03 
2026-06-20 12:55:52 [INFO] FORCE_RAW_DOWNLOAD ativo; substituindo arquivo bruto:  01_DLNMs_RJ_cerebrovascular/data_raw/sih/sih_rd_rj_2014_04.rds 
2026-06-20 12:55:52 [INFO] Baixando  SIH-RD  RJ  2014 - 04 
2026-06-20 12:55:57 [INFO] FORCE_RAW_DOWNLOAD ativo; substituindo arquivo bruto:  01_DLNMs_RJ_cerebrovascular/data_raw/sih/sih_rd_rj_2014_05.rds 
2026-06-20 12:55:57 [INFO] Baixando  SIH-RD  RJ  2014 - 05 
2026-06-20 12:56:02 [INFO] FORCE_RAW_DOWNLOAD ativo; substituindo arquivo bruto:  01_DLNMs_RJ_cerebrovascular/data_raw/sih/sih_rd_rj_2014_06.rds 
2026-06-20 12:56:02 [INFO] Baixando  SIH-RD  RJ  2014 - 06 
2026-06-20 12:56:07 [INFO] FORCE_RAW_DOWNLOAD ativo; substituindo arquivo bruto:  01_DLNMs_RJ_cerebrovascular/data_raw/sih/sih_rd_rj_2014_07.rds 
2026-06-20 12:56:07 [INFO] Baixando  SIH-RD  RJ  2014 - 07 
2026-06-20 12:56:13 [INFO] FORCE_RAW_DOWNLOAD ativo; substituindo arquivo bruto:  01_DLNMs_RJ_cerebrovascular/data_raw/sih/sih_rd_rj_2014_08.rds 
2026-06-20 12:56:13 [INFO] Baixando  SIH-RD  RJ  2014 - 08 
2026-06-20 12:56:19 [INFO] FORCE_RAW_DOWNLOAD ativo; substituindo arquivo bruto:  01_DLNMs_RJ_cerebrovascular/data_raw/sih/sih_rd_rj_2014_09.rds 
2026-06-20 12:56:19 [INFO] Baixando  SIH-RD  RJ  2014 - 09 
2026-06-20 12:56:25 [INFO] FORCE_RAW_DOWNLOAD ativo; substituindo arquivo bruto:  01_DLNMs_RJ_cerebrovascular/data_raw/sih/sih_rd_rj_2014_10.rds 
2026-06-20 12:56:25 [INFO] Baixando  SIH-RD  RJ  2014 - 10 
2026-06-20 12:56:30 [INFO] FORCE_RAW_DOWNLOAD ativo; substituindo arquivo bruto:  01_DLNMs_RJ_cerebrovascular/data_raw/sih/sih_rd_rj_2014_11.rds 
2026-06-20 12:56:30 [INFO] Baixando  SIH-RD  RJ  2014 - 11 
2026-06-20 12:56:36 [INFO] FORCE_RAW_DOWNLOAD ativo; substituindo arquivo bruto:  01_DLNMs_RJ_cerebrovascular/data_raw/sih/sih_rd_rj_2014_12.rds 
2026-06-20 12:56:36 [INFO] Baixando  SIH-RD  RJ  2014 - 12 
2026-06-20 12:56:58 [WARN] Falha no download  SIH-RD   2014 - 12  tentativa  1 / 4 :  Failed to connect to ftp.datasus.gov.br port 21 after 21031 ms: Could not connect to server 
2026-06-20 12:57:13 [INFO] FORCE_RAW_DOWNLOAD ativo; substituindo arquivo bruto:  01_DLNMs_RJ_cerebrovascular/data_raw/sih/sih_rd_rj_2015_01.rds 
2026-06-20 12:57:13 [INFO] Baixando  SIH-RD  RJ  2015 - 01 
2026-06-20 12:57:19 [INFO] FORCE_RAW_DOWNLOAD ativo; substituindo arquivo bruto:  01_DLNMs_RJ_cerebrovascular/data_raw/sih/sih_rd_rj_2015_02.rds 
2026-06-20 12:57:19 [INFO] Baixando  SIH-RD  RJ  2015 - 02 
2026-06-20 12:57:25 [INFO] FORCE_RAW_DOWNLOAD ativo; substituindo arquivo bruto:  01_DLNMs_RJ_cerebrovascular/data_raw/sih/sih_rd_rj_2015_03.rds 
2026-06-20 12:57:25 [INFO] Baixando  SIH-RD  RJ  2015 - 03 
2026-06-20 12:57:30 [INFO] FORCE_RAW_DOWNLOAD ativo; substituindo arquivo bruto:  01_DLNMs_RJ_cerebrovascular/data_raw/sih/sih_rd_rj_2015_04.rds 
2026-06-20 12:57:30 [INFO] Baixando  SIH-RD  RJ  2015 - 04 
2026-06-20 12:57:35 [INFO] FORCE_RAW_DOWNLOAD ativo; substituindo arquivo bruto:  01_DLNMs_RJ_cerebrovascular/data_raw/sih/sih_rd_rj_2015_05.rds 
2026-06-20 12:57:35 [INFO] Baixando  SIH-RD  RJ  2015 - 05 
2026-06-20 12:57:41 [INFO] FORCE_RAW_DOWNLOAD ativo; substituindo arquivo bruto:  01_DLNMs_RJ_cerebrovascular/data_raw/sih/sih_rd_rj_2015_06.rds 
2026-06-20 12:57:41 [INFO] Baixando  SIH-RD  RJ  2015 - 06 
2026-06-20 12:57:47 [INFO] FORCE_RAW_DOWNLOAD ativo; substituindo arquivo bruto:  01_DLNMs_RJ_cerebrovascular/data_raw/sih/sih_rd_rj_2015_07.rds 
2026-06-20 12:57:47 [INFO] Baixando  SIH-RD  RJ  2015 - 07 
2026-06-20 12:57:55 [INFO] FORCE_RAW_DOWNLOAD ativo; substituindo arquivo bruto:  01_DLNMs_RJ_cerebrovascular/data_raw/sih/sih_rd_rj_2015_08.rds 
2026-06-20 12:57:55 [INFO] Baixando  SIH-RD  RJ  2015 - 08 
2026-06-20 12:58:01 [INFO] FORCE_RAW_DOWNLOAD ativo; substituindo arquivo bruto:  01_DLNMs_RJ_cerebrovascular/data_raw/sih/sih_rd_rj_2015_09.rds 
2026-06-20 12:58:01 [INFO] Baixando  SIH-RD  RJ  2015 - 09 
2026-06-20 12:58:07 [INFO] FORCE_RAW_DOWNLOAD ativo; substituindo arquivo bruto:  01_DLNMs_RJ_cerebrovascular/data_raw/sih/sih_rd_rj_2015_10.rds 
2026-06-20 12:58:07 [INFO] Baixando  SIH-RD  RJ  2015 - 10 
2026-06-20 12:58:13 [INFO] FORCE_RAW_DOWNLOAD ativo; substituindo arquivo bruto:  01_DLNMs_RJ_cerebrovascular/data_raw/sih/sih_rd_rj_2015_11.rds 
2026-06-20 12:58:13 [INFO] Baixando  SIH-RD  RJ  2015 - 11 
2026-06-20 12:58:20 [INFO] FORCE_RAW_DOWNLOAD ativo; substituindo arquivo bruto:  01_DLNMs_RJ_cerebrovascular/data_raw/sih/sih_rd_rj_2015_12.rds 
2026-06-20 12:58:20 [INFO] Baixando  SIH-RD  RJ  2015 - 12 
2026-06-20 12:58:25 [INFO] FORCE_RAW_DOWNLOAD ativo; substituindo arquivo bruto:  01_DLNMs_RJ_cerebrovascular/data_raw/sih/sih_rd_rj_2016_01.rds 
2026-06-20 12:58:25 [INFO] Baixando  SIH-RD  RJ  2016 - 01 
2026-06-20 12:58:30 [INFO] FORCE_RAW_DOWNLOAD ativo; substituindo arquivo bruto:  01_DLNMs_RJ_cerebrovascular/data_raw/sih/sih_rd_rj_2016_02.rds 
2026-06-20 12:58:30 [INFO] Baixando  SIH-RD  RJ  2016 - 02 
2026-06-20 12:58:35 [INFO] FORCE_RAW_DOWNLOAD ativo; substituindo arquivo bruto:  01_DLNMs_RJ_cerebrovascular/data_raw/sih/sih_rd_rj_2016_03.rds 
2026-06-20 12:58:35 [INFO] Baixando  SIH-RD  RJ  2016 - 03 
2026-06-20 12:58:40 [INFO] FORCE_RAW_DOWNLOAD ativo; substituindo arquivo bruto:  01_DLNMs_RJ_cerebrovascular/data_raw/sih/sih_rd_rj_2016_04.rds 
2026-06-20 12:58:40 [INFO] Baixando  SIH-RD  RJ  2016 - 04 
2026-06-20 12:58:47 [INFO] FORCE_RAW_DOWNLOAD ativo; substituindo arquivo bruto:  01_DLNMs_RJ_cerebrovascular/data_raw/sih/sih_rd_rj_2016_05.rds 
2026-06-20 12:58:47 [INFO] Baixando  SIH-RD  RJ  2016 - 05 
2026-06-20 12:58:50 [ERROR] DLNM sexo/idade Baixada Litoranea obitos_i60_i69 temp_med Masculino 65_mais :  NA/NaN/Inf in 'x' 
2026-06-20 12:58:53 [INFO] FORCE_RAW_DOWNLOAD ativo; substituindo arquivo bruto:  01_DLNMs_RJ_cerebrovascular/data_raw/sih/sih_rd_rj_2016_06.rds 
2026-06-20 12:58:53 [INFO] Baixando  SIH-RD  RJ  2016 - 06 
2026-06-20 12:58:59 [INFO] FORCE_RAW_DOWNLOAD ativo; substituindo arquivo bruto:  01_DLNMs_RJ_cerebrovascular/data_raw/sih/sih_rd_rj_2016_07.rds 
2026-06-20 12:58:59 [INFO] Baixando  SIH-RD  RJ  2016 - 07 
2026-06-20 12:59:04 [INFO] FORCE_RAW_DOWNLOAD ativo; substituindo arquivo bruto:  01_DLNMs_RJ_cerebrovascular/data_raw/sih/sih_rd_rj_2016_08.rds 
2026-06-20 12:59:04 [INFO] Baixando  SIH-RD  RJ  2016 - 08 
2026-06-20 12:59:09 [INFO] FORCE_RAW_DOWNLOAD ativo; substituindo arquivo bruto:  01_DLNMs_RJ_cerebrovascular/data_raw/sih/sih_rd_rj_2016_09.rds 
2026-06-20 12:59:09 [INFO] Baixando  SIH-RD  RJ  2016 - 09 
2026-06-20 12:59:15 [INFO] FORCE_RAW_DOWNLOAD ativo; substituindo arquivo bruto:  01_DLNMs_RJ_cerebrovascular/data_raw/sih/sih_rd_rj_2016_10.rds 
2026-06-20 12:59:15 [INFO] Baixando  SIH-RD  RJ  2016 - 10 
2026-06-20 12:59:20 [INFO] FORCE_RAW_DOWNLOAD ativo; substituindo arquivo bruto:  01_DLNMs_RJ_cerebrovascular/data_raw/sih/sih_rd_rj_2016_11.rds 
2026-06-20 12:59:20 [INFO] Baixando  SIH-RD  RJ  2016 - 11 
2026-06-20 12:59:27 [INFO] FORCE_RAW_DOWNLOAD ativo; substituindo arquivo bruto:  01_DLNMs_RJ_cerebrovascular/data_raw/sih/sih_rd_rj_2016_12.rds 
2026-06-20 12:59:28 [INFO] Baixando  SIH-RD  RJ  2016 - 12 
2026-06-20 12:59:39 [INFO] FORCE_RAW_DOWNLOAD ativo; substituindo arquivo bruto:  01_DLNMs_RJ_cerebrovascular/data_raw/sih/sih_rd_rj_2017_01.rds 
2026-06-20 12:59:39 [INFO] Baixando  SIH-RD  RJ  2017 - 01 
2026-06-20 12:59:45 [INFO] FORCE_RAW_DOWNLOAD ativo; substituindo arquivo bruto:  01_DLNMs_RJ_cerebrovascular/data_raw/sih/sih_rd_rj_2017_02.rds 
2026-06-20 12:59:45 [INFO] Baixando  SIH-RD  RJ  2017 - 02 
2026-06-20 12:59:48 [ERROR] DLNM sexo/idade Metropolitana I obitos_i60_i69 temp_med Masculino 65_mais :  coef/vcov not consistent with basis matrix. See help(crosspred) 
2026-06-20 12:59:51 [INFO] FORCE_RAW_DOWNLOAD ativo; substituindo arquivo bruto:  01_DLNMs_RJ_cerebrovascular/data_raw/sih/sih_rd_rj_2017_03.rds 
2026-06-20 12:59:51 [INFO] Baixando  SIH-RD  RJ  2017 - 03 
2026-06-20 12:59:59 [INFO] FORCE_RAW_DOWNLOAD ativo; substituindo arquivo bruto:  01_DLNMs_RJ_cerebrovascular/data_raw/sih/sih_rd_rj_2017_04.rds 
2026-06-20 12:59:59 [INFO] Baixando  SIH-RD  RJ  2017 - 04 
2026-06-20 13:00:07 [INFO] FORCE_RAW_DOWNLOAD ativo; substituindo arquivo bruto:  01_DLNMs_RJ_cerebrovascular/data_raw/sih/sih_rd_rj_2017_05.rds 
2026-06-20 13:00:07 [INFO] Baixando  SIH-RD  RJ  2017 - 05 
2026-06-20 13:00:15 [INFO] FORCE_RAW_DOWNLOAD ativo; substituindo arquivo bruto:  01_DLNMs_RJ_cerebrovascular/data_raw/sih/sih_rd_rj_2017_06.rds 
2026-06-20 13:00:15 [INFO] Baixando  SIH-RD  RJ  2017 - 06 
2026-06-20 13:00:24 [INFO] FORCE_RAW_DOWNLOAD ativo; substituindo arquivo bruto:  01_DLNMs_RJ_cerebrovascular/data_raw/sih/sih_rd_rj_2017_07.rds 
2026-06-20 13:00:24 [INFO] Baixando  SIH-RD  RJ  2017 - 07 
2026-06-20 13:00:31 [INFO] FORCE_RAW_DOWNLOAD ativo; substituindo arquivo bruto:  01_DLNMs_RJ_cerebrovascular/data_raw/sih/sih_rd_rj_2017_08.rds 
2026-06-20 13:00:31 [INFO] Baixando  SIH-RD  RJ  2017 - 08 
2026-06-20 13:00:39 [INFO] FORCE_RAW_DOWNLOAD ativo; substituindo arquivo bruto:  01_DLNMs_RJ_cerebrovascular/data_raw/sih/sih_rd_rj_2017_09.rds 
2026-06-20 13:00:39 [INFO] Baixando  SIH-RD  RJ  2017 - 09 
2026-06-20 13:00:46 [INFO] FORCE_RAW_DOWNLOAD ativo; substituindo arquivo bruto:  01_DLNMs_RJ_cerebrovascular/data_raw/sih/sih_rd_rj_2017_10.rds 
2026-06-20 13:00:46 [INFO] Baixando  SIH-RD  RJ  2017 - 10 
2026-06-20 13:00:55 [INFO] FORCE_RAW_DOWNLOAD ativo; substituindo arquivo bruto:  01_DLNMs_RJ_cerebrovascular/data_raw/sih/sih_rd_rj_2017_11.rds 
2026-06-20 13:00:55 [INFO] Baixando  SIH-RD  RJ  2017 - 11 
2026-06-20 13:01:03 [INFO] FORCE_RAW_DOWNLOAD ativo; substituindo arquivo bruto:  01_DLNMs_RJ_cerebrovascular/data_raw/sih/sih_rd_rj_2017_12.rds 
2026-06-20 13:01:03 [INFO] Baixando  SIH-RD  RJ  2017 - 12 
2026-06-20 13:01:09 [INFO] FORCE_RAW_DOWNLOAD ativo; substituindo arquivo bruto:  01_DLNMs_RJ_cerebrovascular/data_raw/sih/sih_rd_rj_2018_01.rds 
2026-06-20 13:01:09 [INFO] Baixando  SIH-RD  RJ  2018 - 01 
2026-06-20 13:01:16 [INFO] FORCE_RAW_DOWNLOAD ativo; substituindo arquivo bruto:  01_DLNMs_RJ_cerebrovascular/data_raw/sih/sih_rd_rj_2018_02.rds 
2026-06-20 13:01:16 [INFO] Baixando  SIH-RD  RJ  2018 - 02 
2026-06-20 13:01:22 [INFO] FORCE_RAW_DOWNLOAD ativo; substituindo arquivo bruto:  01_DLNMs_RJ_cerebrovascular/data_raw/sih/sih_rd_rj_2018_03.rds 
2026-06-20 13:01:22 [INFO] Baixando  SIH-RD  RJ  2018 - 03 
2026-06-20 13:01:31 [INFO] FORCE_RAW_DOWNLOAD ativo; substituindo arquivo bruto:  01_DLNMs_RJ_cerebrovascular/data_raw/sih/sih_rd_rj_2018_04.rds 
2026-06-20 13:01:31 [INFO] Baixando  SIH-RD  RJ  2018 - 04 
2026-06-20 13:01:38 [INFO] FORCE_RAW_DOWNLOAD ativo; substituindo arquivo bruto:  01_DLNMs_RJ_cerebrovascular/data_raw/sih/sih_rd_rj_2018_05.rds 
2026-06-20 13:01:38 [INFO] Baixando  SIH-RD  RJ  2018 - 05 
2026-06-20 13:01:44 [INFO] FORCE_RAW_DOWNLOAD ativo; substituindo arquivo bruto:  01_DLNMs_RJ_cerebrovascular/data_raw/sih/sih_rd_rj_2018_06.rds 
2026-06-20 13:01:44 [INFO] Baixando  SIH-RD  RJ  2018 - 06 
2026-06-20 13:01:50 [ERROR] DLNM sexo/idade Centro-Sul obitos_i60_i69 ur_med Masculino 65_mais :  NA/NaN/Inf in 'x' 
2026-06-20 13:01:52 [INFO] FORCE_RAW_DOWNLOAD ativo; substituindo arquivo bruto:  01_DLNMs_RJ_cerebrovascular/data_raw/sih/sih_rd_rj_2018_07.rds 
2026-06-20 13:01:52 [INFO] Baixando  SIH-RD  RJ  2018 - 07 
2026-06-20 13:01:59 [INFO] FORCE_RAW_DOWNLOAD ativo; substituindo arquivo bruto:  01_DLNMs_RJ_cerebrovascular/data_raw/sih/sih_rd_rj_2018_08.rds 
2026-06-20 13:01:59 [INFO] Baixando  SIH-RD  RJ  2018 - 08 
2026-06-20 13:02:01 [ERROR] DLNM sexo/idade Medio Paraiba obitos_i60_i69 ur_med Masculino 65_mais :  NA/NaN/Inf in 'x' 
2026-06-20 13:02:05 [INFO] FORCE_RAW_DOWNLOAD ativo; substituindo arquivo bruto:  01_DLNMs_RJ_cerebrovascular/data_raw/sih/sih_rd_rj_2018_09.rds 
2026-06-20 13:02:05 [INFO] Baixando  SIH-RD  RJ  2018 - 09 
2026-06-20 13:02:07 [ERROR] DLNM sexo/idade Metropolitana I obitos_i60_i69 ur_med Masculino 65_mais :  loop interno 1; não é possível corrigir o tamanho do passo 
2026-06-20 13:02:12 [INFO] FORCE_RAW_DOWNLOAD ativo; substituindo arquivo bruto:  01_DLNMs_RJ_cerebrovascular/data_raw/sih/sih_rd_rj_2018_10.rds 
2026-06-20 13:02:12 [INFO] Baixando  SIH-RD  RJ  2018 - 10 
2026-06-20 13:02:17 [INFO] FORCE_RAW_DOWNLOAD ativo; substituindo arquivo bruto:  01_DLNMs_RJ_cerebrovascular/data_raw/sih/sih_rd_rj_2018_11.rds 
2026-06-20 13:02:17 [INFO] Baixando  SIH-RD  RJ  2018 - 11 
2026-06-20 13:02:23 [INFO] FORCE_RAW_DOWNLOAD ativo; substituindo arquivo bruto:  01_DLNMs_RJ_cerebrovascular/data_raw/sih/sih_rd_rj_2018_12.rds 
2026-06-20 13:02:23 [INFO] Baixando  SIH-RD  RJ  2018 - 12 
2026-06-20 13:02:28 [INFO] FORCE_RAW_DOWNLOAD ativo; substituindo arquivo bruto:  01_DLNMs_RJ_cerebrovascular/data_raw/sih/sih_rd_rj_2019_01.rds 
2026-06-20 13:02:28 [INFO] Baixando  SIH-RD  RJ  2019 - 01 
2026-06-20 13:02:33 [INFO] FORCE_RAW_DOWNLOAD ativo; substituindo arquivo bruto:  01_DLNMs_RJ_cerebrovascular/data_raw/sih/sih_rd_rj_2019_02.rds 
2026-06-20 13:02:33 [INFO] Baixando  SIH-RD  RJ  2019 - 02 
2026-06-20 13:02:40 [INFO] FORCE_RAW_DOWNLOAD ativo; substituindo arquivo bruto:  01_DLNMs_RJ_cerebrovascular/data_raw/sih/sih_rd_rj_2019_03.rds 
2026-06-20 13:02:40 [INFO] Baixando  SIH-RD  RJ  2019 - 03 
2026-06-20 13:02:45 [INFO] FORCE_RAW_DOWNLOAD ativo; substituindo arquivo bruto:  01_DLNMs_RJ_cerebrovascular/data_raw/sih/sih_rd_rj_2019_04.rds 
2026-06-20 13:02:45 [INFO] Baixando  SIH-RD  RJ  2019 - 04 
2026-06-20 13:02:53 [INFO] FORCE_RAW_DOWNLOAD ativo; substituindo arquivo bruto:  01_DLNMs_RJ_cerebrovascular/data_raw/sih/sih_rd_rj_2019_05.rds 
2026-06-20 13:02:53 [INFO] Baixando  SIH-RD  RJ  2019 - 05 
2026-06-20 13:02:57 [INFO] FORCE_RAW_DOWNLOAD ativo; substituindo arquivo bruto:  01_DLNMs_RJ_cerebrovascular/data_raw/sih/sih_rd_rj_2019_06.rds 
2026-06-20 13:02:57 [INFO] Baixando  SIH-RD  RJ  2019 - 06 
2026-06-20 13:03:03 [INFO] FORCE_RAW_DOWNLOAD ativo; substituindo arquivo bruto:  01_DLNMs_RJ_cerebrovascular/data_raw/sih/sih_rd_rj_2019_07.rds 
2026-06-20 13:03:03 [INFO] Baixando  SIH-RD  RJ  2019 - 07 
2026-06-20 13:03:08 [INFO] FORCE_RAW_DOWNLOAD ativo; substituindo arquivo bruto:  01_DLNMs_RJ_cerebrovascular/data_raw/sih/sih_rd_rj_2019_08.rds 
2026-06-20 13:03:08 [INFO] Baixando  SIH-RD  RJ  2019 - 08 
2026-06-20 13:03:14 [INFO] FORCE_RAW_DOWNLOAD ativo; substituindo arquivo bruto:  01_DLNMs_RJ_cerebrovascular/data_raw/sih/sih_rd_rj_2019_09.rds 
2026-06-20 13:03:14 [INFO] Baixando  SIH-RD  RJ  2019 - 09 
2026-06-20 13:03:20 [ERROR] DLNM sexo/idade Serrana obitos_i60_i69 ur_med Masculino 65_mais :  NA/NaN/Inf in 'x' 
2026-06-20 13:03:20 [INFO] FORCE_RAW_DOWNLOAD ativo; substituindo arquivo bruto:  01_DLNMs_RJ_cerebrovascular/data_raw/sih/sih_rd_rj_2019_10.rds 
2026-06-20 13:03:20 [INFO] Baixando  SIH-RD  RJ  2019 - 10 
2026-06-20 13:03:26 [INFO] FORCE_RAW_DOWNLOAD ativo; substituindo arquivo bruto:  01_DLNMs_RJ_cerebrovascular/data_raw/sih/sih_rd_rj_2019_11.rds 
2026-06-20 13:03:26 [INFO] Baixando  SIH-RD  RJ  2019 - 11 
2026-06-20 13:03:32 [INFO] FORCE_RAW_DOWNLOAD ativo; substituindo arquivo bruto:  01_DLNMs_RJ_cerebrovascular/data_raw/sih/sih_rd_rj_2019_12.rds 
2026-06-20 13:03:32 [INFO] Baixando  SIH-RD  RJ  2019 - 12 
2026-06-20 13:03:38 [INFO] FORCE_RAW_DOWNLOAD ativo; substituindo arquivo bruto:  01_DLNMs_RJ_cerebrovascular/data_raw/sih/sih_rd_rj_2020_01.rds 
2026-06-20 13:03:38 [INFO] Baixando  SIH-RD  RJ  2020 - 01 
2026-06-20 13:03:45 [INFO] FORCE_RAW_DOWNLOAD ativo; substituindo arquivo bruto:  01_DLNMs_RJ_cerebrovascular/data_raw/sih/sih_rd_rj_2020_02.rds 
2026-06-20 13:03:45 [INFO] Baixando  SIH-RD  RJ  2020 - 02 
2026-06-20 13:03:50 [INFO] FORCE_RAW_DOWNLOAD ativo; substituindo arquivo bruto:  01_DLNMs_RJ_cerebrovascular/data_raw/sih/sih_rd_rj_2020_03.rds 
2026-06-20 13:03:50 [INFO] Baixando  SIH-RD  RJ  2020 - 03 
2026-06-20 13:03:55 [INFO] FORCE_RAW_DOWNLOAD ativo; substituindo arquivo bruto:  01_DLNMs_RJ_cerebrovascular/data_raw/sih/sih_rd_rj_2020_04.rds 
2026-06-20 13:03:55 [INFO] Baixando  SIH-RD  RJ  2020 - 04 
2026-06-20 13:04:01 [INFO] FORCE_RAW_DOWNLOAD ativo; substituindo arquivo bruto:  01_DLNMs_RJ_cerebrovascular/data_raw/sih/sih_rd_rj_2020_05.rds 
2026-06-20 13:04:01 [INFO] Baixando  SIH-RD  RJ  2020 - 05 
2026-06-20 13:04:05 [INFO] FORCE_RAW_DOWNLOAD ativo; substituindo arquivo bruto:  01_DLNMs_RJ_cerebrovascular/data_raw/sih/sih_rd_rj_2020_06.rds 
2026-06-20 13:04:05 [INFO] Baixando  SIH-RD  RJ  2020 - 06 
2026-06-20 13:04:10 [INFO] FORCE_RAW_DOWNLOAD ativo; substituindo arquivo bruto:  01_DLNMs_RJ_cerebrovascular/data_raw/sih/sih_rd_rj_2020_07.rds 
2026-06-20 13:04:10 [INFO] Baixando  SIH-RD  RJ  2020 - 07 
2026-06-20 13:04:15 [INFO] FORCE_RAW_DOWNLOAD ativo; substituindo arquivo bruto:  01_DLNMs_RJ_cerebrovascular/data_raw/sih/sih_rd_rj_2020_08.rds 
2026-06-20 13:04:15 [INFO] Baixando  SIH-RD  RJ  2020 - 08 
2026-06-20 13:04:21 [INFO] FORCE_RAW_DOWNLOAD ativo; substituindo arquivo bruto:  01_DLNMs_RJ_cerebrovascular/data_raw/sih/sih_rd_rj_2020_09.rds 
2026-06-20 13:04:21 [INFO] Baixando  SIH-RD  RJ  2020 - 09 
2026-06-20 13:04:26 [INFO] FORCE_RAW_DOWNLOAD ativo; substituindo arquivo bruto:  01_DLNMs_RJ_cerebrovascular/data_raw/sih/sih_rd_rj_2020_10.rds 
2026-06-20 13:04:26 [INFO] Baixando  SIH-RD  RJ  2020 - 10 
2026-06-20 13:04:31 [INFO] FORCE_RAW_DOWNLOAD ativo; substituindo arquivo bruto:  01_DLNMs_RJ_cerebrovascular/data_raw/sih/sih_rd_rj_2020_11.rds 
2026-06-20 13:04:31 [INFO] Baixando  SIH-RD  RJ  2020 - 11 
2026-06-20 13:04:36 [INFO] FORCE_RAW_DOWNLOAD ativo; substituindo arquivo bruto:  01_DLNMs_RJ_cerebrovascular/data_raw/sih/sih_rd_rj_2020_12.rds 
2026-06-20 13:04:36 [INFO] Baixando  SIH-RD  RJ  2020 - 12 
2026-06-20 13:04:42 [INFO] FORCE_RAW_DOWNLOAD ativo; substituindo arquivo bruto:  01_DLNMs_RJ_cerebrovascular/data_raw/sih/sih_rd_rj_2021_01.rds 
2026-06-20 13:04:42 [INFO] Baixando  SIH-RD  RJ  2021 - 01 
2026-06-20 13:04:47 [INFO] FORCE_RAW_DOWNLOAD ativo; substituindo arquivo bruto:  01_DLNMs_RJ_cerebrovascular/data_raw/sih/sih_rd_rj_2021_02.rds 
2026-06-20 13:04:47 [INFO] Baixando  SIH-RD  RJ  2021 - 02 
2026-06-20 13:04:53 [INFO] FORCE_RAW_DOWNLOAD ativo; substituindo arquivo bruto:  01_DLNMs_RJ_cerebrovascular/data_raw/sih/sih_rd_rj_2021_03.rds 
2026-06-20 13:04:53 [INFO] Baixando  SIH-RD  RJ  2021 - 03 
2026-06-20 13:04:58 [INFO] FORCE_RAW_DOWNLOAD ativo; substituindo arquivo bruto:  01_DLNMs_RJ_cerebrovascular/data_raw/sih/sih_rd_rj_2021_04.rds 
2026-06-20 13:04:58 [INFO] Baixando  SIH-RD  RJ  2021 - 04 
2026-06-20 13:05:08 [INFO] FORCE_RAW_DOWNLOAD ativo; substituindo arquivo bruto:  01_DLNMs_RJ_cerebrovascular/data_raw/sih/sih_rd_rj_2021_05.rds 
2026-06-20 13:05:08 [INFO] Baixando  SIH-RD  RJ  2021 - 05 
2026-06-20 13:05:12 [INFO] FORCE_RAW_DOWNLOAD ativo; substituindo arquivo bruto:  01_DLNMs_RJ_cerebrovascular/data_raw/sih/sih_rd_rj_2021_06.rds 
2026-06-20 13:05:12 [INFO] Baixando  SIH-RD  RJ  2021 - 06 
2026-06-20 13:05:18 [INFO] FORCE_RAW_DOWNLOAD ativo; substituindo arquivo bruto:  01_DLNMs_RJ_cerebrovascular/data_raw/sih/sih_rd_rj_2021_07.rds 
2026-06-20 13:05:18 [INFO] Baixando  SIH-RD  RJ  2021 - 07 
2026-06-20 13:05:24 [INFO] FORCE_RAW_DOWNLOAD ativo; substituindo arquivo bruto:  01_DLNMs_RJ_cerebrovascular/data_raw/sih/sih_rd_rj_2021_08.rds 
2026-06-20 13:05:24 [INFO] Baixando  SIH-RD  RJ  2021 - 08 
2026-06-20 13:05:29 [INFO] FORCE_RAW_DOWNLOAD ativo; substituindo arquivo bruto:  01_DLNMs_RJ_cerebrovascular/data_raw/sih/sih_rd_rj_2021_09.rds 
2026-06-20 13:05:29 [INFO] Baixando  SIH-RD  RJ  2021 - 09 
2026-06-20 13:05:35 [INFO] FORCE_RAW_DOWNLOAD ativo; substituindo arquivo bruto:  01_DLNMs_RJ_cerebrovascular/data_raw/sih/sih_rd_rj_2021_10.rds 
2026-06-20 13:05:35 [INFO] Baixando  SIH-RD  RJ  2021 - 10 
2026-06-20 13:05:42 [INFO] FORCE_RAW_DOWNLOAD ativo; substituindo arquivo bruto:  01_DLNMs_RJ_cerebrovascular/data_raw/sih/sih_rd_rj_2021_11.rds 
2026-06-20 13:05:42 [INFO] Baixando  SIH-RD  RJ  2021 - 11 
2026-06-20 13:05:47 [INFO] FORCE_RAW_DOWNLOAD ativo; substituindo arquivo bruto:  01_DLNMs_RJ_cerebrovascular/data_raw/sih/sih_rd_rj_2021_12.rds 
2026-06-20 13:05:47 [INFO] Baixando  SIH-RD  RJ  2021 - 12 
2026-06-20 13:05:53 [INFO] FORCE_RAW_DOWNLOAD ativo; substituindo arquivo bruto:  01_DLNMs_RJ_cerebrovascular/data_raw/sih/sih_rd_rj_2022_01.rds 
2026-06-20 13:05:53 [INFO] Baixando  SIH-RD  RJ  2022 - 01 
2026-06-20 13:05:58 [INFO] FORCE_RAW_DOWNLOAD ativo; substituindo arquivo bruto:  01_DLNMs_RJ_cerebrovascular/data_raw/sih/sih_rd_rj_2022_02.rds 
2026-06-20 13:05:58 [INFO] Baixando  SIH-RD  RJ  2022 - 02 
2026-06-20 13:06:05 [INFO] FORCE_RAW_DOWNLOAD ativo; substituindo arquivo bruto:  01_DLNMs_RJ_cerebrovascular/data_raw/sih/sih_rd_rj_2022_03.rds 
2026-06-20 13:06:05 [INFO] Baixando  SIH-RD  RJ  2022 - 03 
2026-06-20 13:06:11 [INFO] FORCE_RAW_DOWNLOAD ativo; substituindo arquivo bruto:  01_DLNMs_RJ_cerebrovascular/data_raw/sih/sih_rd_rj_2022_04.rds 
2026-06-20 13:06:11 [INFO] Baixando  SIH-RD  RJ  2022 - 04 
2026-06-20 13:06:16 [INFO] FORCE_RAW_DOWNLOAD ativo; substituindo arquivo bruto:  01_DLNMs_RJ_cerebrovascular/data_raw/sih/sih_rd_rj_2022_05.rds 
2026-06-20 13:06:16 [INFO] Baixando  SIH-RD  RJ  2022 - 05 
2026-06-20 13:06:22 [INFO] FORCE_RAW_DOWNLOAD ativo; substituindo arquivo bruto:  01_DLNMs_RJ_cerebrovascular/data_raw/sih/sih_rd_rj_2022_06.rds 
2026-06-20 13:06:22 [INFO] Baixando  SIH-RD  RJ  2022 - 06 
2026-06-20 13:06:27 [INFO] FORCE_RAW_DOWNLOAD ativo; substituindo arquivo bruto:  01_DLNMs_RJ_cerebrovascular/data_raw/sih/sih_rd_rj_2022_07.rds 
2026-06-20 13:06:27 [INFO] Baixando  SIH-RD  RJ  2022 - 07 
2026-06-20 13:06:34 [INFO] FORCE_RAW_DOWNLOAD ativo; substituindo arquivo bruto:  01_DLNMs_RJ_cerebrovascular/data_raw/sih/sih_rd_rj_2022_08.rds 
2026-06-20 13:06:34 [INFO] Baixando  SIH-RD  RJ  2022 - 08 
2026-06-20 13:06:40 [INFO] FORCE_RAW_DOWNLOAD ativo; substituindo arquivo bruto:  01_DLNMs_RJ_cerebrovascular/data_raw/sih/sih_rd_rj_2022_09.rds 
2026-06-20 13:06:40 [INFO] Baixando  SIH-RD  RJ  2022 - 09 
2026-06-20 13:06:45 [INFO] FORCE_RAW_DOWNLOAD ativo; substituindo arquivo bruto:  01_DLNMs_RJ_cerebrovascular/data_raw/sih/sih_rd_rj_2022_10.rds 
2026-06-20 13:06:45 [INFO] Baixando  SIH-RD  RJ  2022 - 10 
2026-06-20 13:06:51 [INFO] FORCE_RAW_DOWNLOAD ativo; substituindo arquivo bruto:  01_DLNMs_RJ_cerebrovascular/data_raw/sih/sih_rd_rj_2022_11.rds 
2026-06-20 13:06:51 [INFO] Baixando  SIH-RD  RJ  2022 - 11 
2026-06-20 13:06:57 [INFO] FORCE_RAW_DOWNLOAD ativo; substituindo arquivo bruto:  01_DLNMs_RJ_cerebrovascular/data_raw/sih/sih_rd_rj_2022_12.rds 
2026-06-20 13:06:57 [INFO] Baixando  SIH-RD  RJ  2022 - 12 
2026-06-20 13:07:03 [INFO] FORCE_RAW_DOWNLOAD ativo; substituindo arquivo bruto:  01_DLNMs_RJ_cerebrovascular/data_raw/sih/sih_rd_rj_2023_01.rds 
2026-06-20 13:07:03 [INFO] Baixando  SIH-RD  RJ  2023 - 01 
2026-06-20 13:07:09 [INFO] FORCE_RAW_DOWNLOAD ativo; substituindo arquivo bruto:  01_DLNMs_RJ_cerebrovascular/data_raw/sih/sih_rd_rj_2023_02.rds 
2026-06-20 13:07:09 [INFO] Baixando  SIH-RD  RJ  2023 - 02 
2026-06-20 13:07:15 [INFO] FORCE_RAW_DOWNLOAD ativo; substituindo arquivo bruto:  01_DLNMs_RJ_cerebrovascular/data_raw/sih/sih_rd_rj_2023_03.rds 
2026-06-20 13:07:15 [INFO] Baixando  SIH-RD  RJ  2023 - 03 
2026-06-20 13:07:21 [INFO] FORCE_RAW_DOWNLOAD ativo; substituindo arquivo bruto:  01_DLNMs_RJ_cerebrovascular/data_raw/sih/sih_rd_rj_2023_04.rds 
2026-06-20 13:07:21 [INFO] Baixando  SIH-RD  RJ  2023 - 04 
2026-06-20 13:07:28 [INFO] FORCE_RAW_DOWNLOAD ativo; substituindo arquivo bruto:  01_DLNMs_RJ_cerebrovascular/data_raw/sih/sih_rd_rj_2023_05.rds 
2026-06-20 13:07:28 [INFO] Baixando  SIH-RD  RJ  2023 - 05 
2026-06-20 13:07:35 [INFO] FORCE_RAW_DOWNLOAD ativo; substituindo arquivo bruto:  01_DLNMs_RJ_cerebrovascular/data_raw/sih/sih_rd_rj_2023_06.rds 
2026-06-20 13:07:35 [INFO] Baixando  SIH-RD  RJ  2023 - 06 
2026-06-20 13:07:45 [INFO] FORCE_RAW_DOWNLOAD ativo; substituindo arquivo bruto:  01_DLNMs_RJ_cerebrovascular/data_raw/sih/sih_rd_rj_2023_07.rds 
2026-06-20 13:07:45 [INFO] Baixando  SIH-RD  RJ  2023 - 07 
2026-06-20 13:07:52 [INFO] FORCE_RAW_DOWNLOAD ativo; substituindo arquivo bruto:  01_DLNMs_RJ_cerebrovascular/data_raw/sih/sih_rd_rj_2023_08.rds 
2026-06-20 13:07:52 [INFO] Baixando  SIH-RD  RJ  2023 - 08 
2026-06-20 13:07:59 [INFO] FORCE_RAW_DOWNLOAD ativo; substituindo arquivo bruto:  01_DLNMs_RJ_cerebrovascular/data_raw/sih/sih_rd_rj_2023_09.rds 
2026-06-20 13:07:59 [INFO] Baixando  SIH-RD  RJ  2023 - 09 
2026-06-20 13:08:06 [INFO] FORCE_RAW_DOWNLOAD ativo; substituindo arquivo bruto:  01_DLNMs_RJ_cerebrovascular/data_raw/sih/sih_rd_rj_2023_10.rds 
2026-06-20 13:08:06 [INFO] Baixando  SIH-RD  RJ  2023 - 10 
2026-06-20 13:08:17 [INFO] FORCE_RAW_DOWNLOAD ativo; substituindo arquivo bruto:  01_DLNMs_RJ_cerebrovascular/data_raw/sih/sih_rd_rj_2023_11.rds 
2026-06-20 13:08:17 [INFO] Baixando  SIH-RD  RJ  2023 - 11 
2026-06-20 13:08:24 [INFO] FORCE_RAW_DOWNLOAD ativo; substituindo arquivo bruto:  01_DLNMs_RJ_cerebrovascular/data_raw/sih/sih_rd_rj_2023_12.rds 
2026-06-20 13:08:25 [INFO] Baixando  SIH-RD  RJ  2023 - 12 
2026-06-20 13:08:33 [INFO] FORCE_RAW_DOWNLOAD ativo; substituindo arquivo bruto:  01_DLNMs_RJ_cerebrovascular/data_raw/sih/sih_rd_rj_2024_01.rds 
2026-06-20 13:08:33 [INFO] Baixando  SIH-RD  RJ  2024 - 01 
2026-06-20 13:08:39 [INFO] FORCE_RAW_DOWNLOAD ativo; substituindo arquivo bruto:  01_DLNMs_RJ_cerebrovascular/data_raw/sih/sih_rd_rj_2024_02.rds 
2026-06-20 13:08:39 [INFO] Baixando  SIH-RD  RJ  2024 - 02 
2026-06-20 13:08:48 [INFO] FORCE_RAW_DOWNLOAD ativo; substituindo arquivo bruto:  01_DLNMs_RJ_cerebrovascular/data_raw/sih/sih_rd_rj_2024_03.rds 
2026-06-20 13:08:48 [INFO] Baixando  SIH-RD  RJ  2024 - 03 
2026-06-20 13:08:51 [ERROR] DLNM sexo/idade Metropolitana I obitos_i60_i69 temp_med Feminino ate_64 :  loop interno 1; não é possível corrigir o tamanho do passo 
2026-06-20 13:08:56 [INFO] FORCE_RAW_DOWNLOAD ativo; substituindo arquivo bruto:  01_DLNMs_RJ_cerebrovascular/data_raw/sih/sih_rd_rj_2024_04.rds 
2026-06-20 13:08:56 [INFO] Baixando  SIH-RD  RJ  2024 - 04 
2026-06-20 13:09:11 [INFO] FORCE_RAW_DOWNLOAD ativo; substituindo arquivo bruto:  01_DLNMs_RJ_cerebrovascular/data_raw/sih/sih_rd_rj_2024_05.rds 
2026-06-20 13:09:11 [INFO] Baixando  SIH-RD  RJ  2024 - 05 
2026-06-20 13:09:20 [INFO] FORCE_RAW_DOWNLOAD ativo; substituindo arquivo bruto:  01_DLNMs_RJ_cerebrovascular/data_raw/sih/sih_rd_rj_2024_06.rds 
2026-06-20 13:09:20 [INFO] Baixando  SIH-RD  RJ  2024 - 06 
2026-06-20 13:09:29 [INFO] FORCE_RAW_DOWNLOAD ativo; substituindo arquivo bruto:  01_DLNMs_RJ_cerebrovascular/data_raw/sih/sih_rd_rj_2024_07.rds 
2026-06-20 13:09:29 [INFO] Baixando  SIH-RD  RJ  2024 - 07 
2026-06-20 13:09:41 [INFO] FORCE_RAW_DOWNLOAD ativo; substituindo arquivo bruto:  01_DLNMs_RJ_cerebrovascular/data_raw/sih/sih_rd_rj_2024_08.rds 
2026-06-20 13:09:41 [INFO] Baixando  SIH-RD  RJ  2024 - 08 
2026-06-20 13:09:50 [INFO] FORCE_RAW_DOWNLOAD ativo; substituindo arquivo bruto:  01_DLNMs_RJ_cerebrovascular/data_raw/sih/sih_rd_rj_2024_09.rds 
2026-06-20 13:09:50 [INFO] Baixando  SIH-RD  RJ  2024 - 09 
2026-06-20 13:09:59 [INFO] FORCE_RAW_DOWNLOAD ativo; substituindo arquivo bruto:  01_DLNMs_RJ_cerebrovascular/data_raw/sih/sih_rd_rj_2024_10.rds 
2026-06-20 13:09:59 [INFO] Baixando  SIH-RD  RJ  2024 - 10 
2026-06-20 13:11:14 [INFO] FORCE_RAW_DOWNLOAD ativo; substituindo arquivo bruto:  01_DLNMs_RJ_cerebrovascular/data_raw/sih/sih_rd_rj_2024_11.rds 
2026-06-20 13:11:14 [INFO] Baixando  SIH-RD  RJ  2024 - 11 
2026-06-20 13:11:21 [INFO] FORCE_RAW_DOWNLOAD ativo; substituindo arquivo bruto:  01_DLNMs_RJ_cerebrovascular/data_raw/sih/sih_rd_rj_2024_12.rds 
2026-06-20 13:11:21 [INFO] Baixando  SIH-RD  RJ  2024 - 12 
2026-06-20 13:11:29 [INFO] FORCE_RAW_DOWNLOAD ativo; substituindo arquivo bruto:  01_DLNMs_RJ_cerebrovascular/data_raw/sih/sih_rd_rj_2025_01.rds 
2026-06-20 13:11:29 [INFO] Baixando  SIH-RD  RJ  2025 - 01 
2026-06-20 13:11:39 [INFO] FORCE_RAW_DOWNLOAD ativo; substituindo arquivo bruto:  01_DLNMs_RJ_cerebrovascular/data_raw/sih/sih_rd_rj_2025_02.rds 
2026-06-20 13:11:39 [INFO] Baixando  SIH-RD  RJ  2025 - 02 
2026-06-20 13:11:51 [INFO] FORCE_RAW_DOWNLOAD ativo; substituindo arquivo bruto:  01_DLNMs_RJ_cerebrovascular/data_raw/sih/sih_rd_rj_2025_03.rds 
2026-06-20 13:11:51 [INFO] Baixando  SIH-RD  RJ  2025 - 03 
2026-06-20 13:12:10 [INFO] FORCE_RAW_DOWNLOAD ativo; substituindo arquivo bruto:  01_DLNMs_RJ_cerebrovascular/data_raw/sih/sih_rd_rj_2025_04.rds 
2026-06-20 13:12:10 [INFO] Baixando  SIH-RD  RJ  2025 - 04 
2026-06-20 13:12:15 [ERROR] DLNM sexo/idade Metropolitana II obitos_i60_i69 ur_med Feminino ate_64 :  NA/NaN/Inf in 'x' 
2026-06-20 13:12:31 [INFO] FORCE_RAW_DOWNLOAD ativo; substituindo arquivo bruto:  01_DLNMs_RJ_cerebrovascular/data_raw/sih/sih_rd_rj_2025_05.rds 
2026-06-20 13:12:32 [INFO] Baixando  SIH-RD  RJ  2025 - 05 
2026-06-20 13:12:47 [INFO] FORCE_RAW_DOWNLOAD ativo; substituindo arquivo bruto:  01_DLNMs_RJ_cerebrovascular/data_raw/sih/sih_rd_rj_2025_06.rds 
2026-06-20 13:12:47 [INFO] Baixando  SIH-RD  RJ  2025 - 06 
2026-06-20 13:13:01 [INFO] FORCE_RAW_DOWNLOAD ativo; substituindo arquivo bruto:  01_DLNMs_RJ_cerebrovascular/data_raw/sih/sih_rd_rj_2025_07.rds 
2026-06-20 13:13:01 [INFO] Baixando  SIH-RD  RJ  2025 - 07 
2026-06-20 13:13:23 [INFO] FORCE_RAW_DOWNLOAD ativo; substituindo arquivo bruto:  01_DLNMs_RJ_cerebrovascular/data_raw/sih/sih_rd_rj_2025_08.rds 
2026-06-20 13:13:23 [INFO] Baixando  SIH-RD  RJ  2025 - 08 
2026-06-20 13:13:49 [INFO] FORCE_RAW_DOWNLOAD ativo; substituindo arquivo bruto:  01_DLNMs_RJ_cerebrovascular/data_raw/sih/sih_rd_rj_2025_09.rds 
2026-06-20 13:13:49 [INFO] Baixando  SIH-RD  RJ  2025 - 09 
2026-06-20 13:14:02 [INFO] FORCE_RAW_DOWNLOAD ativo; substituindo arquivo bruto:  01_DLNMs_RJ_cerebrovascular/data_raw/sih/sih_rd_rj_2025_10.rds 
2026-06-20 13:14:02 [INFO] Baixando  SIH-RD  RJ  2025 - 10 
2026-06-20 13:14:15 [INFO] FORCE_RAW_DOWNLOAD ativo; substituindo arquivo bruto:  01_DLNMs_RJ_cerebrovascular/data_raw/sih/sih_rd_rj_2025_11.rds 
2026-06-20 13:14:15 [INFO] Baixando  SIH-RD  RJ  2025 - 11 
2026-06-20 13:14:27 [INFO] FORCE_RAW_DOWNLOAD ativo; substituindo arquivo bruto:  01_DLNMs_RJ_cerebrovascular/data_raw/sih/sih_rd_rj_2025_12.rds 
2026-06-20 13:14:27 [INFO] Baixando  SIH-RD  RJ  2025 - 12 
2026-06-20 13:14:39 [INFO] Etapa 3/10: downloads SIM 
2026-06-20 13:14:39 [INFO] FORCE_RAW_DOWNLOAD ativo; substituindo SIM anual bruto:  01_DLNMs_RJ_cerebrovascular/data_raw/sim/sim_do_rj_year_2010.rds 
2026-06-20 13:14:39 [INFO] Baixando SIM-DO RJ  2010  (arquivo anual) 
2026-06-20 13:14:52 [INFO] FORCE_RAW_DOWNLOAD ativo; substituindo SIM anual bruto:  01_DLNMs_RJ_cerebrovascular/data_raw/sim/sim_do_rj_year_2011.rds 
2026-06-20 13:14:52 [INFO] Baixando SIM-DO RJ  2011  (arquivo anual) 
2026-06-20 13:15:02 [INFO] FORCE_RAW_DOWNLOAD ativo; substituindo SIM anual bruto:  01_DLNMs_RJ_cerebrovascular/data_raw/sim/sim_do_rj_year_2012.rds 
2026-06-20 13:15:02 [INFO] Baixando SIM-DO RJ  2012  (arquivo anual) 
2026-06-20 13:15:18 [INFO] FORCE_RAW_DOWNLOAD ativo; substituindo SIM anual bruto:  01_DLNMs_RJ_cerebrovascular/data_raw/sim/sim_do_rj_year_2013.rds 
2026-06-20 13:15:18 [INFO] Baixando SIM-DO RJ  2013  (arquivo anual) 
2026-06-20 13:15:33 [INFO] FORCE_RAW_DOWNLOAD ativo; substituindo SIM anual bruto:  01_DLNMs_RJ_cerebrovascular/data_raw/sim/sim_do_rj_year_2014.rds 
2026-06-20 13:15:34 [INFO] Baixando SIM-DO RJ  2014  (arquivo anual) 
2026-06-20 13:15:53 [INFO] FORCE_RAW_DOWNLOAD ativo; substituindo SIM anual bruto:  01_DLNMs_RJ_cerebrovascular/data_raw/sim/sim_do_rj_year_2015.rds 
2026-06-20 13:15:53 [INFO] Baixando SIM-DO RJ  2015  (arquivo anual) 
2026-06-20 13:16:11 [INFO] FORCE_RAW_DOWNLOAD ativo; substituindo SIM anual bruto:  01_DLNMs_RJ_cerebrovascular/data_raw/sim/sim_do_rj_year_2016.rds 
2026-06-20 13:16:11 [INFO] Baixando SIM-DO RJ  2016  (arquivo anual) 
2026-06-20 13:16:30 [INFO] FORCE_RAW_DOWNLOAD ativo; substituindo SIM anual bruto:  01_DLNMs_RJ_cerebrovascular/data_raw/sim/sim_do_rj_year_2017.rds 
2026-06-20 13:16:31 [INFO] Baixando SIM-DO RJ  2017  (arquivo anual) 
2026-06-20 13:16:49 [INFO] FORCE_RAW_DOWNLOAD ativo; substituindo SIM anual bruto:  01_DLNMs_RJ_cerebrovascular/data_raw/sim/sim_do_rj_year_2018.rds 
2026-06-20 13:16:49 [INFO] Baixando SIM-DO RJ  2018  (arquivo anual) 
2026-06-20 13:17:08 [INFO] FORCE_RAW_DOWNLOAD ativo; substituindo SIM anual bruto:  01_DLNMs_RJ_cerebrovascular/data_raw/sim/sim_do_rj_year_2019.rds 
2026-06-20 13:17:08 [INFO] Baixando SIM-DO RJ  2019  (arquivo anual) 
2026-06-20 13:17:29 [INFO] FORCE_RAW_DOWNLOAD ativo; substituindo SIM anual bruto:  01_DLNMs_RJ_cerebrovascular/data_raw/sim/sim_do_rj_year_2020.rds 
2026-06-20 13:17:29 [INFO] Baixando SIM-DO RJ  2020  (arquivo anual) 
2026-06-20 13:17:41 [INFO] FORCE_RAW_DOWNLOAD ativo; substituindo SIM anual bruto:  01_DLNMs_RJ_cerebrovascular/data_raw/sim/sim_do_rj_year_2021.rds 
2026-06-20 13:17:41 [INFO] Baixando SIM-DO RJ  2021  (arquivo anual) 
2026-06-20 13:17:56 [INFO] FORCE_RAW_DOWNLOAD ativo; substituindo SIM anual bruto:  01_DLNMs_RJ_cerebrovascular/data_raw/sim/sim_do_rj_year_2022.rds 
2026-06-20 13:17:56 [INFO] Baixando SIM-DO RJ  2022  (arquivo anual) 
2026-06-20 13:18:10 [ERROR] DLNM sexo/idade Serrana obitos_i60_i69 temp_med Feminino 65_mais :  NA/NaN/Inf in 'x' 
2026-06-20 13:18:15 [INFO] FORCE_RAW_DOWNLOAD ativo; substituindo SIM anual bruto:  01_DLNMs_RJ_cerebrovascular/data_raw/sim/sim_do_rj_year_2023.rds 
2026-06-20 13:18:15 [INFO] Baixando SIM-DO RJ  2023  (arquivo anual) 
2026-06-20 13:18:35 [INFO] FORCE_RAW_DOWNLOAD ativo; substituindo SIM anual bruto:  01_DLNMs_RJ_cerebrovascular/data_raw/sim/sim_do_rj_year_2024.rds 
2026-06-20 13:18:35 [INFO] Baixando SIM-DO RJ  2024  (arquivo anual) 
2026-06-20 13:18:54 [INFO] Baixando SIM-DO RJ  2025  (arquivo anual) 
2026-06-20 13:18:59 [WARN] Alguns anos do SIM nao ficaram disponaveis. A modelagem usara apenas anos reais baixados; ver auditoria_download_sim.csv. 
2026-06-20 13:18:59 [INFO] Etapa 4/10: downloads INMET 
2026-06-20 13:19:00 [INFO] FORCE_RAW_DOWNLOAD ativo; substituindo ZIP INMET bruto:  01_DLNMs_RJ_cerebrovascular/data_raw/inmet_zip/inmet_2010.zip 
2026-06-20 13:19:24 [INFO] Processando ZIP INMET  2010 
2026-06-20 13:19:42 [INFO] FORCE_RAW_DOWNLOAD ativo; substituindo ZIP INMET bruto:  01_DLNMs_RJ_cerebrovascular/data_raw/inmet_zip/inmet_2011.zip 
2026-06-20 13:19:50 [ERROR] DLNM sexo/idade Norte obitos_i60_i69 ur_med Feminino 65_mais :  NA/NaN/Inf in 'x' 
2026-06-20 13:20:16 [INFO] Processando ZIP INMET  2011 
2026-06-20 13:20:26 [INFO] FORCE_RAW_DOWNLOAD ativo; substituindo ZIP INMET bruto:  01_DLNMs_RJ_cerebrovascular/data_raw/inmet_zip/inmet_2012.zip 
2026-06-20 13:21:03 [INFO] Processando ZIP INMET  2012 
2026-06-20 13:21:15 [INFO] DLNM sexo/idade concluido:  134  modelos 
2026-06-20 13:21:15 [INFO] Etapa 8d: Jackknife temporal DESABILITADO (custo computacional extremo) 
2026-06-20 13:21:15 [INFO] Etapa 8e: Teste de Moran (autocorrelacao espacial dos residuos) 
2026-06-20 13:21:15 [INFO] Moran: testando autocorrelacao espacial dos residuos DLNM 
2026-06-20 13:21:20 [INFO] Moran concluido:  0  testes 
2026-06-20 13:21:20 [INFO] Etapa 8f: Case-crossover (validacao com desenho individual) 
2026-06-20 13:21:20 [INFO] FORCE_RAW_DOWNLOAD ativo; substituindo ZIP INMET bruto:  01_DLNMs_RJ_cerebrovascular/data_raw/inmet_zip/inmet_2013.zip 
2026-06-20 13:21:21 [INFO] Case-crossover: validacao com desenho individual 
2026-06-20 13:22:12 [INFO] Processando ZIP INMET  2013 
2026-06-20 13:22:20 [INFO] FORCE_RAW_DOWNLOAD ativo; substituindo ZIP INMET bruto:  01_DLNMs_RJ_cerebrovascular/data_raw/inmet_zip/inmet_2014.zip 
2026-06-20 13:23:08 [INFO] Processando ZIP INMET  2014 
2026-06-20 13:23:16 [INFO] FORCE_RAW_DOWNLOAD ativo; substituindo ZIP INMET bruto:  01_DLNMs_RJ_cerebrovascular/data_raw/inmet_zip/inmet_2015.zip 
2026-06-20 13:24:03 [INFO] Processando ZIP INMET  2015 
2026-06-20 13:24:12 [INFO] FORCE_RAW_DOWNLOAD ativo; substituindo ZIP INMET bruto:  01_DLNMs_RJ_cerebrovascular/data_raw/inmet_zip/inmet_2016.zip 
2026-06-20 13:24:59 [INFO] Processando ZIP INMET  2016 
2026-06-20 13:25:16 [INFO] FORCE_RAW_DOWNLOAD ativo; substituindo ZIP INMET bruto:  01_DLNMs_RJ_cerebrovascular/data_raw/inmet_zip/inmet_2017.zip 
2026-06-20 13:25:58 [INFO] Processando ZIP INMET  2017 
2026-06-20 13:26:14 [INFO] FORCE_RAW_DOWNLOAD ativo; substituindo ZIP INMET bruto:  01_DLNMs_RJ_cerebrovascular/data_raw/inmet_zip/inmet_2018.zip 
2026-06-20 13:27:04 [INFO] Processando ZIP INMET  2018 
2026-06-20 13:27:25 [INFO] FORCE_RAW_DOWNLOAD ativo; substituindo ZIP INMET bruto:  01_DLNMs_RJ_cerebrovascular/data_raw/inmet_zip/inmet_2019.zip 
2026-06-20 13:28:09 [INFO] Processando ZIP INMET  2019 
2026-06-20 13:28:27 [INFO] FORCE_RAW_DOWNLOAD ativo; substituindo ZIP INMET bruto:  01_DLNMs_RJ_cerebrovascular/data_raw/inmet_zip/inmet_2020.zip 
2026-06-20 13:29:06 [INFO] Processando ZIP INMET  2020 
2026-06-20 13:29:20 [INFO] FORCE_RAW_DOWNLOAD ativo; substituindo ZIP INMET bruto:  01_DLNMs_RJ_cerebrovascular/data_raw/inmet_zip/inmet_2021.zip 
2026-06-20 13:29:57 [INFO] Processando ZIP INMET  2021 
2026-06-20 13:30:06 [INFO] FORCE_RAW_DOWNLOAD ativo; substituindo ZIP INMET bruto:  01_DLNMs_RJ_cerebrovascular/data_raw/inmet_zip/inmet_2022.zip 
2026-06-20 13:30:42 [INFO] Processando ZIP INMET  2022 
2026-06-20 13:30:50 [INFO] FORCE_RAW_DOWNLOAD ativo; substituindo ZIP INMET bruto:  01_DLNMs_RJ_cerebrovascular/data_raw/inmet_zip/inmet_2023.zip 
2026-06-20 13:31:39 [INFO] Processando ZIP INMET  2023 
2026-06-20 13:31:59 [INFO] FORCE_RAW_DOWNLOAD ativo; substituindo ZIP INMET bruto:  01_DLNMs_RJ_cerebrovascular/data_raw/inmet_zip/inmet_2024.zip 
2026-06-20 13:32:43 [INFO] Processando ZIP INMET  2024 
2026-06-20 13:32:59 [INFO] FORCE_RAW_DOWNLOAD ativo; substituindo ZIP INMET bruto:  01_DLNMs_RJ_cerebrovascular/data_raw/inmet_zip/inmet_2025.zip 
2026-06-20 13:33:51 [INFO] Processando ZIP INMET  2025 
2026-06-20 13:34:13 [INFO] Etapa 5/10: processamento de desfechos 
2026-06-20 13:40:58 [WARN] parse_datasus_date:  127536  registros reconvertidos de dmy;  0  registros permaneceram NA 
2026-06-20 13:41:02 [WARN] parse_datasus_date:  127095  registros reconvertidos de dmy;  0  registros permaneceram NA 
2026-06-20 13:41:06 [WARN] parse_datasus_date:  126261  registros reconvertidos de dmy;  0  registros permaneceram NA 
2026-06-20 13:41:12 [WARN] parse_datasus_date:  130032  registros reconvertidos de dmy;  0  registros permaneceram NA 
2026-06-20 13:41:17 [WARN] parse_datasus_date:  131044  registros reconvertidos de dmy;  0  registros permaneceram NA 
2026-06-20 13:41:21 [WARN] parse_datasus_date:  132714  registros reconvertidos de dmy;  0  registros permaneceram NA 
2026-06-20 13:41:27 [WARN] parse_datasus_date:  141089  registros reconvertidos de dmy;  0  registros permaneceram NA 
2026-06-20 13:41:32 [WARN] parse_datasus_date:  136709  registros reconvertidos de dmy;  0  registros permaneceram NA 
2026-06-20 13:41:37 [WARN] parse_datasus_date:  140706  registros reconvertidos de dmy;  0  registros permaneceram NA 
2026-06-20 13:41:42 [WARN] parse_datasus_date:  144600  registros reconvertidos de dmy;  0  registros permaneceram NA 
2026-06-20 13:41:47 [WARN] parse_datasus_date:  172185  registros reconvertidos de dmy;  0  registros permaneceram NA 
2026-06-20 13:41:53 [WARN] parse_datasus_date:  189232  registros reconvertidos de dmy;  0  registros permaneceram NA 
2026-06-20 13:41:57 [WARN] parse_datasus_date:  150806  registros reconvertidos de dmy;  0  registros permaneceram NA 
2026-06-20 13:42:02 [WARN] parse_datasus_date:  145148  registros reconvertidos de dmy;  0  registros permaneceram NA 
2026-06-20 13:42:07 [WARN] parse_datasus_date:  148156  registros reconvertidos de dmy;  0  registros permaneceram NA 
2026-06-20 13:42:31 [INFO] Etapa 6/10: processamento INMET 
2026-06-20 13:43:40 [INFO] Etapa 7/10: populacao SIDRA/IBGE para offset 
2026-06-20 13:43:40 [INFO] Baixando populacao municipal RJ pelo SIDRA/IBGE para  2010-2025 
2026-06-20 13:43:44 [INFO] Etapa 8/10: dataset analitico e DLNM 
2026-06-20 13:44:35 [INFO] Daily timeseries figures by macroregion saved to  01_DLNMs_RJ_cerebrovascular/outputs/figures 
2026-06-20 13:44:35 [INFO] Ajustando DLNM:  Baia da Ilha Grande  /  internacoes_i60_i69  /  temp_med 
2026-06-20 13:44:44 [INFO] Ajustando DLNM:  Baia da Ilha Grande  /  internacoes_i60_i69  /  ur_med 
2026-06-20 13:44:51 [INFO] Ajustando DLNM:  Baia da Ilha Grande  /  obitos_i60_i69  /  temp_med 
2026-06-20 13:44:59 [INFO] Ajustando DLNM:  Baia da Ilha Grande  /  obitos_i60_i69  /  ur_med 
2026-06-20 13:45:06 [INFO] Ajustando DLNM:  Baia da Ilha Grande  /  internacoes_i60_i64  /  temp_med 
2026-06-20 13:45:13 [INFO] Ajustando DLNM:  Baia da Ilha Grande  /  internacoes_i60_i64  /  ur_med 
2026-06-20 13:45:20 [INFO] Ajustando DLNM:  Baia da Ilha Grande  /  obitos_i60_i64  /  temp_med 
2026-06-20 13:45:27 [INFO] Ajustando DLNM:  Baia da Ilha Grande  /  obitos_i60_i64  /  ur_med 
2026-06-20 13:45:34 [INFO] Ajustando DLNM:  Baia da Ilha Grande  /  internacoes_i60_i62  /  temp_med 
2026-06-20 13:45:42 [INFO] Ajustando DLNM:  Baia da Ilha Grande  /  internacoes_i60_i62  /  ur_med 
2026-06-20 13:45:49 [INFO] Ajustando DLNM:  Baia da Ilha Grande  /  obitos_i60_i62  /  temp_med 
2026-06-20 13:46:03 [INFO] Ajustando DLNM:  Baia da Ilha Grande  /  obitos_i60_i62  /  ur_med 
2026-06-20 13:46:17 [INFO] Ajustando DLNM:  Baia da Ilha Grande  /  internacoes_i63  /  temp_med 
2026-06-20 13:46:31 [INFO] Ajustando DLNM:  Baia da Ilha Grande  /  internacoes_i63  /  ur_med 
2026-06-20 13:46:46 [INFO] Ajustando DLNM:  Baia da Ilha Grande  /  obitos_i63  /  temp_med 
2026-06-20 13:47:00 [INFO] Ajustando DLNM:  Baia da Ilha Grande  /  obitos_i63  /  ur_med 
2026-06-20 13:47:14 [INFO] Ajustando DLNM:  Baixada Litoranea  /  internacoes_i60_i69  /  temp_med 
2026-06-20 13:47:21 [INFO] Ajustando DLNM:  Baixada Litoranea  /  internacoes_i60_i69  /  ur_med 
2026-06-20 13:47:28 [INFO] Ajustando DLNM:  Baixada Litoranea  /  obitos_i60_i69  /  temp_med 
2026-06-20 13:47:35 [INFO] Ajustando DLNM:  Baixada Litoranea  /  obitos_i60_i69  /  ur_med 
2026-06-20 13:47:42 [INFO] Ajustando DLNM:  Baixada Litoranea  /  internacoes_i60_i64  /  temp_med 
2026-06-20 13:47:49 [INFO] Ajustando DLNM:  Baixada Litoranea  /  internacoes_i60_i64  /  ur_med 
2026-06-20 13:47:55 [INFO] Ajustando DLNM:  Baixada Litoranea  /  obitos_i60_i64  /  temp_med 
2026-06-20 13:48:02 [INFO] Ajustando DLNM:  Baixada Litoranea  /  obitos_i60_i64  /  ur_med 
2026-06-20 13:48:09 [INFO] Ajustando DLNM:  Baixada Litoranea  /  internacoes_i60_i62  /  temp_med 
2026-06-20 13:48:16 [INFO] Ajustando DLNM:  Baixada Litoranea  /  internacoes_i60_i62  /  ur_med 
2026-06-20 13:48:23 [INFO] Ajustando DLNM:  Baixada Litoranea  /  obitos_i60_i62  /  temp_med 
2026-06-20 13:48:35 [INFO] Ajustando DLNM:  Baixada Litoranea  /  obitos_i60_i62  /  ur_med 
2026-06-20 13:48:56 [INFO] Ajustando DLNM:  Baixada Litoranea  /  internacoes_i63  /  temp_med 
2026-06-20 13:49:00 [ERROR] DLNM Baixada Litoranea internacoes_i63 temp_med :  NA/NaN/Inf in 'x' 
2026-06-20 13:49:00 [INFO] Ajustando DLNM:  Baixada Litoranea  /  internacoes_i63  /  ur_med 
2026-06-20 13:49:03 [ERROR] DLNM Baixada Litoranea internacoes_i63 ur_med :  loop interno 1; não é possível corrigir o tamanho do passo 
2026-06-20 13:49:03 [INFO] Ajustando DLNM:  Baixada Litoranea  /  obitos_i63  /  temp_med 
2026-06-20 13:49:08 [ERROR] DLNM Baixada Litoranea obitos_i63 temp_med :  NA/NaN/Inf in 'x' 
2026-06-20 13:49:08 [INFO] Ajustando DLNM:  Baixada Litoranea  /  obitos_i63  /  ur_med 
2026-06-20 13:49:29 [INFO] Ajustando DLNM:  Centro-Sul  /  internacoes_i60_i69  /  temp_med 
2026-06-20 13:49:36 [INFO] Ajustando DLNM:  Centro-Sul  /  internacoes_i60_i69  /  ur_med 
2026-06-20 13:49:43 [INFO] Ajustando DLNM:  Centro-Sul  /  obitos_i60_i69  /  temp_med 
2026-06-20 13:49:49 [INFO] Ajustando DLNM:  Centro-Sul  /  obitos_i60_i69  /  ur_med 
2026-06-20 13:49:56 [INFO] Ajustando DLNM:  Centro-Sul  /  internacoes_i60_i64  /  temp_med 
2026-06-20 13:50:03 [INFO] Ajustando DLNM:  Centro-Sul  /  internacoes_i60_i64  /  ur_med 
2026-06-20 13:50:10 [INFO] Ajustando DLNM:  Centro-Sul  /  obitos_i60_i64  /  temp_med 
2026-06-20 13:50:17 [INFO] Ajustando DLNM:  Centro-Sul  /  obitos_i60_i64  /  ur_med 
2026-06-20 13:50:25 [INFO] Ajustando DLNM:  Centro-Sul  /  internacoes_i60_i62  /  temp_med 
2026-06-20 13:50:32 [INFO] Ajustando DLNM:  Centro-Sul  /  internacoes_i60_i62  /  ur_med 
2026-06-20 13:50:39 [INFO] Ajustando DLNM:  Centro-Sul  /  obitos_i60_i62  /  temp_med 
2026-06-20 13:50:49 [INFO] Ajustando DLNM:  Centro-Sul  /  obitos_i60_i62  /  ur_med 
2026-06-20 13:50:59 [INFO] Ajustando DLNM:  Centro-Sul  /  internacoes_i63  /  temp_med 
2026-06-20 13:51:05 [INFO] Ajustando DLNM:  Centro-Sul  /  internacoes_i63  /  ur_med 
2026-06-20 13:51:10 [INFO] Ajustando DLNM:  Centro-Sul  /  obitos_i63  /  temp_med 
2026-06-20 13:51:11 [ERROR] DLNM Centro-Sul obitos_i63 temp_med :  NA/NaN/Inf in 'x' 
2026-06-20 13:51:12 [INFO] Ajustando DLNM:  Centro-Sul  /  obitos_i63  /  ur_med 
2026-06-20 13:51:21 [INFO] Ajustando DLNM:  Medio Paraiba  /  internacoes_i60_i69  /  temp_med 
2026-06-20 13:51:28 [INFO] Ajustando DLNM:  Medio Paraiba  /  internacoes_i60_i69  /  ur_med 
2026-06-20 13:51:38 [INFO] Ajustando DLNM:  Medio Paraiba  /  obitos_i60_i69  /  temp_med 
2026-06-20 13:51:44 [INFO] Ajustando DLNM:  Medio Paraiba  /  obitos_i60_i69  /  ur_med 
2026-06-20 13:51:52 [INFO] Ajustando DLNM:  Medio Paraiba  /  internacoes_i60_i64  /  temp_med 
2026-06-20 13:51:56 [INFO] Ajustando DLNM:  Medio Paraiba  /  internacoes_i60_i64  /  ur_med 
2026-06-20 13:51:59 [INFO] Ajustando DLNM:  Medio Paraiba  /  obitos_i60_i64  /  temp_med 
2026-06-20 13:52:03 [INFO] Ajustando DLNM:  Medio Paraiba  /  obitos_i60_i64  /  ur_med 
2026-06-20 13:52:10 [INFO] Ajustando DLNM:  Medio Paraiba  /  internacoes_i60_i62  /  temp_med 
2026-06-20 13:52:17 [INFO] Ajustando DLNM:  Medio Paraiba  /  internacoes_i60_i62  /  ur_med 
2026-06-20 13:52:24 [INFO] Ajustando DLNM:  Medio Paraiba  /  obitos_i60_i62  /  temp_med 
2026-06-20 13:52:44 [INFO] Ajustando DLNM:  Medio Paraiba  /  obitos_i60_i62  /  ur_med 
2026-06-20 13:52:49 [ERROR] DLNM Medio Paraiba obitos_i60_i62 ur_med :  loop interno 1; não é possível corrigir o tamanho do passo 
2026-06-20 13:52:49 [INFO] Ajustando DLNM:  Medio Paraiba  /  internacoes_i63  /  temp_med 
2026-06-20 13:52:56 [INFO] Ajustando DLNM:  Medio Paraiba  /  internacoes_i63  /  ur_med 
2026-06-20 13:53:04 [INFO] Ajustando DLNM:  Medio Paraiba  /  obitos_i63  /  temp_med 
2026-06-20 13:53:09 [ERROR] DLNM Medio Paraiba obitos_i63 temp_med :  loop interno 1; não é possível corrigir o tamanho do passo 
2026-06-20 13:53:09 [INFO] Ajustando DLNM:  Medio Paraiba  /  obitos_i63  /  ur_med 
2026-06-20 13:53:14 [ERROR] DLNM Medio Paraiba obitos_i63 ur_med :  NA/NaN/Inf in 'x' 
2026-06-20 13:53:14 [INFO] Ajustando DLNM:  Metropolitana I  /  internacoes_i60_i69  /  temp_med 
2026-06-20 13:53:34 [INFO] Ajustando DLNM:  Metropolitana I  /  internacoes_i60_i69  /  ur_med 
2026-06-20 13:53:55 [INFO] Ajustando DLNM:  Metropolitana I  /  obitos_i60_i69  /  temp_med 
2026-06-20 13:54:04 [INFO] Ajustando DLNM:  Metropolitana I  /  obitos_i60_i69  /  ur_med 
2026-06-20 13:54:11 [INFO] Ajustando DLNM:  Metropolitana I  /  internacoes_i60_i64  /  temp_med 
2026-06-20 13:54:18 [INFO] Ajustando DLNM:  Metropolitana I  /  internacoes_i60_i64  /  ur_med 
2026-06-20 13:54:24 [INFO] Ajustando DLNM:  Metropolitana I  /  obitos_i60_i64  /  temp_med 
2026-06-20 13:54:31 [INFO] Ajustando DLNM:  Metropolitana I  /  obitos_i60_i64  /  ur_med 
2026-06-20 13:54:38 [INFO] Ajustando DLNM:  Metropolitana I  /  internacoes_i60_i62  /  temp_med 
2026-06-20 13:54:45 [INFO] Ajustando DLNM:  Metropolitana I  /  internacoes_i60_i62  /  ur_med 
2026-06-20 13:54:52 [INFO] Ajustando DLNM:  Metropolitana I  /  obitos_i60_i62  /  temp_med 
2026-06-20 13:54:56 [ERROR] DLNM Metropolitana I obitos_i60_i62 temp_med :  NA/NaN/Inf in 'x' 
2026-06-20 13:54:56 [INFO] Ajustando DLNM:  Metropolitana I  /  obitos_i60_i62  /  ur_med 
2026-06-20 13:55:01 [ERROR] DLNM Metropolitana I obitos_i60_i62 ur_med :  NA/NaN/Inf in 'x' 
2026-06-20 13:55:01 [INFO] Ajustando DLNM:  Metropolitana I  /  internacoes_i63  /  temp_med 
2026-06-20 13:55:08 [INFO] Ajustando DLNM:  Metropolitana I  /  internacoes_i63  /  ur_med 
2026-06-20 13:55:15 [INFO] Ajustando DLNM:  Metropolitana I  /  obitos_i63  /  temp_med 
2026-06-20 13:55:40 [INFO] Ajustando DLNM:  Metropolitana I  /  obitos_i63  /  ur_med 
2026-06-20 13:55:53 [INFO] Ajustando DLNM:  Metropolitana II  /  internacoes_i60_i69  /  temp_med 
2026-06-20 13:56:00 [INFO] Ajustando DLNM:  Metropolitana II  /  internacoes_i60_i69  /  ur_med 
2026-06-20 13:56:07 [INFO] Ajustando DLNM:  Metropolitana II  /  obitos_i60_i69  /  temp_med 
2026-06-20 13:56:15 [INFO] Ajustando DLNM:  Metropolitana II  /  obitos_i60_i69  /  ur_med 
2026-06-20 13:56:23 [INFO] Ajustando DLNM:  Metropolitana II  /  internacoes_i60_i64  /  temp_med 
2026-06-20 13:56:30 [INFO] Ajustando DLNM:  Metropolitana II  /  internacoes_i60_i64  /  ur_med 
2026-06-20 13:56:37 [INFO] Ajustando DLNM:  Metropolitana II  /  obitos_i60_i64  /  temp_med 
2026-06-20 13:56:44 [INFO] Ajustando DLNM:  Metropolitana II  /  obitos_i60_i64  /  ur_med 
2026-06-20 13:56:50 [INFO] Ajustando DLNM:  Metropolitana II  /  internacoes_i60_i62  /  temp_med 
2026-06-20 13:56:56 [INFO] Ajustando DLNM:  Metropolitana II  /  internacoes_i60_i62  /  ur_med 
2026-06-20 13:57:04 [INFO] Ajustando DLNM:  Metropolitana II  /  obitos_i60_i62  /  temp_med 
2026-06-20 13:57:17 [INFO] Ajustando DLNM:  Metropolitana II  /  obitos_i60_i62  /  ur_med 
2026-06-20 13:57:38 [INFO] Ajustando DLNM:  Metropolitana II  /  internacoes_i63  /  temp_med 
2026-06-20 13:57:46 [INFO] Ajustando DLNM:  Metropolitana II  /  internacoes_i63  /  ur_med 
2026-06-20 13:57:55 [INFO] Ajustando DLNM:  Metropolitana II  /  obitos_i63  /  temp_med 
2026-06-20 13:58:07 [INFO] Ajustando DLNM:  Metropolitana II  /  obitos_i63  /  ur_med 
2026-06-20 13:58:21 [INFO] Ajustando DLNM:  Noroeste  /  internacoes_i60_i69  /  temp_med 
2026-06-20 13:58:33 [INFO] Ajustando DLNM:  Noroeste  /  internacoes_i60_i69  /  ur_med 
2026-06-20 13:58:43 [INFO] Ajustando DLNM:  Noroeste  /  obitos_i60_i69  /  temp_med 
2026-06-20 13:58:50 [INFO] Ajustando DLNM:  Noroeste  /  obitos_i60_i69  /  ur_med 
2026-06-20 13:58:58 [INFO] Ajustando DLNM:  Noroeste  /  internacoes_i60_i64  /  temp_med 
2026-06-20 13:59:05 [INFO] Ajustando DLNM:  Noroeste  /  internacoes_i60_i64  /  ur_med 
2026-06-20 13:59:12 [INFO] Ajustando DLNM:  Noroeste  /  obitos_i60_i64  /  temp_med 
2026-06-20 13:59:19 [INFO] Ajustando DLNM:  Noroeste  /  obitos_i60_i64  /  ur_med 
2026-06-20 13:59:27 [INFO] Ajustando DLNM:  Noroeste  /  internacoes_i60_i62  /  temp_med 
2026-06-20 13:59:35 [INFO] Ajustando DLNM:  Noroeste  /  internacoes_i60_i62  /  ur_med 
2026-06-20 13:59:44 [INFO] Ajustando DLNM:  Noroeste  /  obitos_i60_i62  /  temp_med 
2026-06-20 13:59:51 [ERROR] DLNM Noroeste obitos_i60_i62 temp_med :  NA/NaN/Inf in 'x' 
2026-06-20 13:59:51 [INFO] Ajustando DLNM:  Noroeste  /  obitos_i60_i62  /  ur_med 
2026-06-20 14:00:10 [INFO] Ajustando DLNM:  Noroeste  /  internacoes_i63  /  temp_med 
2026-06-20 14:00:24 [INFO] Ajustando DLNM:  Noroeste  /  internacoes_i63  /  ur_med 
2026-06-20 14:00:38 [INFO] Ajustando DLNM:  Noroeste  /  obitos_i63  /  temp_med 
2026-06-20 14:00:42 [ERROR] DLNM Noroeste obitos_i63 temp_med :  NA/NaN/Inf in 'x' 
2026-06-20 14:00:42 [INFO] Ajustando DLNM:  Noroeste  /  obitos_i63  /  ur_med 
2026-06-20 14:01:02 [INFO] Ajustando DLNM:  Norte  /  internacoes_i60_i69  /  temp_med 
2026-06-20 14:01:10 [INFO] Ajustando DLNM:  Norte  /  internacoes_i60_i69  /  ur_med 
2026-06-20 14:01:17 [INFO] Ajustando DLNM:  Norte  /  obitos_i60_i69  /  temp_med 
2026-06-20 14:01:23 [INFO] Ajustando DLNM:  Norte  /  obitos_i60_i69  /  ur_med 
2026-06-20 14:01:30 [INFO] Ajustando DLNM:  Norte  /  internacoes_i60_i64  /  temp_med 
2026-06-20 14:01:37 [INFO] Ajustando DLNM:  Norte  /  internacoes_i60_i64  /  ur_med 
2026-06-20 14:01:46 [INFO] Ajustando DLNM:  Norte  /  obitos_i60_i64  /  temp_med 
2026-06-20 14:01:54 [INFO] Ajustando DLNM:  Norte  /  obitos_i60_i64  /  ur_med 
2026-06-20 14:02:03 [INFO] Ajustando DLNM:  Norte  /  internacoes_i60_i62  /  temp_med 
2026-06-20 14:02:10 [INFO] Ajustando DLNM:  Norte  /  internacoes_i60_i62  /  ur_med 
2026-06-20 14:02:19 [INFO] Ajustando DLNM:  Norte  /  obitos_i60_i62  /  temp_med 
2026-06-20 14:02:34 [INFO] Ajustando DLNM:  Norte  /  obitos_i60_i62  /  ur_med 
2026-06-20 14:02:49 [INFO] Ajustando DLNM:  Norte  /  internacoes_i63  /  temp_med 
2026-06-20 14:02:56 [INFO] Ajustando DLNM:  Norte  /  internacoes_i63  /  ur_med 
2026-06-20 14:03:04 [INFO] Ajustando DLNM:  Norte  /  obitos_i63  /  temp_med 
2026-06-20 14:03:07 [ERROR] DLNM Norte obitos_i63 temp_med :  loop interno 1; não é possível corrigir o tamanho do passo 
2026-06-20 14:03:07 [INFO] Ajustando DLNM:  Norte  /  obitos_i63  /  ur_med 
2026-06-20 14:03:10 [ERROR] DLNM Norte obitos_i63 ur_med :  loop interno 1; não é possível corrigir o tamanho do passo 
2026-06-20 14:03:10 [INFO] Ajustando DLNM:  Serrana  /  internacoes_i60_i69  /  temp_med 
2026-06-20 14:03:30 [INFO] Ajustando DLNM:  Serrana  /  internacoes_i60_i69  /  ur_med 
2026-06-20 14:03:51 [INFO] Ajustando DLNM:  Serrana  /  obitos_i60_i69  /  temp_med 
2026-06-20 14:03:58 [INFO] Ajustando DLNM:  Serrana  /  obitos_i60_i69  /  ur_med 
2026-06-20 14:04:07 [INFO] Ajustando DLNM:  Serrana  /  internacoes_i60_i64  /  temp_med 
2026-06-20 14:04:14 [INFO] Ajustando DLNM:  Serrana  /  internacoes_i60_i64  /  ur_med 
2026-06-20 14:04:21 [INFO] Ajustando DLNM:  Serrana  /  obitos_i60_i64  /  temp_med 
2026-06-20 14:04:28 [INFO] Ajustando DLNM:  Serrana  /  obitos_i60_i64  /  ur_med 
2026-06-20 14:04:35 [INFO] Ajustando DLNM:  Serrana  /  internacoes_i60_i62  /  temp_med 
2026-06-20 14:04:41 [INFO] Ajustando DLNM:  Serrana  /  internacoes_i60_i62  /  ur_med 
2026-06-20 14:04:47 [INFO] Ajustando DLNM:  Serrana  /  obitos_i60_i62  /  temp_med 
2026-06-20 14:04:51 [ERROR] DLNM Serrana obitos_i60_i62 temp_med :  NA/NaN/Inf in 'x' 
2026-06-20 14:04:51 [INFO] Ajustando DLNM:  Serrana  /  obitos_i60_i62  /  ur_med 
2026-06-20 14:04:56 [ERROR] DLNM Serrana obitos_i60_i62 ur_med :  loop interno 1; não é possível corrigir o tamanho do passo 
2026-06-20 14:04:56 [INFO] Ajustando DLNM:  Serrana  /  internacoes_i63  /  temp_med 
2026-06-20 14:05:04 [INFO] Ajustando DLNM:  Serrana  /  internacoes_i63  /  ur_med 
2026-06-20 14:05:13 [INFO] Ajustando DLNM:  Serrana  /  obitos_i63  /  temp_med 
2026-06-20 14:05:18 [ERROR] DLNM Serrana obitos_i63 temp_med :  NA/NaN/Inf in 'x' 
2026-06-20 14:05:18 [INFO] Ajustando DLNM:  Serrana  /  obitos_i63  /  ur_med 
2026-06-20 14:14:43 [INFO] Etapa 8b: DLNMs sazonais (verao/inverno) 
2026-06-20 14:14:43 [INFO] DLNM sazonal: ajustando modelos por estacao (verao/inverno) 
2026-06-20 14:16:01 [ERROR] DLNM sazonal Baia da Ilha Grande internacoes_i60_i69 temp_med inverno :  all interior knots match left boundary knot 
2026-06-20 14:16:01 [ERROR] DLNM sazonal Baia da Ilha Grande internacoes_i60_i69 ur_med inverno :  all interior knots match left boundary knot 
2026-06-20 14:16:01 [ERROR] DLNM sazonal Baia da Ilha Grande obitos_i60_i69 temp_med inverno :  all interior knots match left boundary knot 
2026-06-20 14:16:01 [ERROR] DLNM sazonal Baia da Ilha Grande obitos_i60_i69 ur_med inverno :  all interior knots match left boundary knot 
2026-06-20 14:16:01 [ERROR] DLNM sazonal Baixada Litoranea internacoes_i60_i69 temp_med inverno :  all interior knots match left boundary knot 
2026-06-20 14:16:01 [ERROR] DLNM sazonal Baixada Litoranea internacoes_i60_i69 ur_med inverno :  all interior knots match left boundary knot 
2026-06-20 14:16:01 [ERROR] DLNM sazonal Baixada Litoranea obitos_i60_i69 temp_med inverno :  all interior knots match left boundary knot 
2026-06-20 14:16:01 [ERROR] DLNM sazonal Baixada Litoranea obitos_i60_i69 ur_med inverno :  all interior knots match left boundary knot 
2026-06-20 14:16:01 [ERROR] DLNM sazonal Centro-Sul internacoes_i60_i69 temp_med inverno :  all interior knots match left boundary knot 
2026-06-20 14:16:01 [ERROR] DLNM sazonal Centro-Sul internacoes_i60_i69 ur_med inverno :  all interior knots match left boundary knot 
2026-06-20 14:16:01 [ERROR] DLNM sazonal Centro-Sul obitos_i60_i69 temp_med inverno :  all interior knots match left boundary knot 
2026-06-20 14:16:01 [ERROR] DLNM sazonal Centro-Sul obitos_i60_i69 ur_med inverno :  all interior knots match left boundary knot 
2026-06-20 14:16:01 [ERROR] DLNM sazonal Medio Paraiba internacoes_i60_i69 temp_med inverno :  all interior knots match left boundary knot 
2026-06-20 14:16:01 [ERROR] DLNM sazonal Medio Paraiba internacoes_i60_i69 ur_med inverno :  all interior knots match left boundary knot 
2026-06-20 14:16:01 [ERROR] DLNM sazonal Medio Paraiba obitos_i60_i69 temp_med inverno :  all interior knots match left boundary knot 
2026-06-20 14:16:02 [ERROR] DLNM sazonal Medio Paraiba obitos_i60_i69 ur_med inverno :  all interior knots match left boundary knot 
2026-06-20 14:16:02 [ERROR] DLNM sazonal Metropolitana I internacoes_i60_i69 temp_med inverno :  all interior knots match left boundary knot 
2026-06-20 14:16:02 [ERROR] DLNM sazonal Metropolitana I internacoes_i60_i69 ur_med inverno :  all interior knots match left boundary knot 
2026-06-20 14:16:02 [ERROR] DLNM sazonal Metropolitana I obitos_i60_i69 temp_med inverno :  all interior knots match left boundary knot 
2026-06-20 14:16:02 [ERROR] DLNM sazonal Metropolitana I obitos_i60_i69 ur_med inverno :  all interior knots match left boundary knot 
2026-06-20 14:16:02 [ERROR] DLNM sazonal Metropolitana II internacoes_i60_i69 temp_med inverno :  all interior knots match left boundary knot 
2026-06-20 14:16:02 [ERROR] DLNM sazonal Metropolitana II internacoes_i60_i69 ur_med inverno :  all interior knots match left boundary knot 
2026-06-20 14:16:02 [ERROR] DLNM sazonal Metropolitana II obitos_i60_i69 temp_med inverno :  all interior knots match left boundary knot 
2026-06-20 14:16:02 [ERROR] DLNM sazonal Metropolitana II obitos_i60_i69 ur_med inverno :  all interior knots match left boundary knot 
2026-06-20 14:16:02 [ERROR] DLNM sazonal Noroeste internacoes_i60_i69 temp_med inverno :  all interior knots match left boundary knot 
2026-06-20 14:16:02 [ERROR] DLNM sazonal Noroeste internacoes_i60_i69 ur_med inverno :  all interior knots match left boundary knot 
2026-06-20 14:16:02 [ERROR] DLNM sazonal Noroeste obitos_i60_i69 temp_med inverno :  all interior knots match left boundary knot 
2026-06-20 14:16:02 [ERROR] DLNM sazonal Noroeste obitos_i60_i69 ur_med inverno :  all interior knots match left boundary knot 
2026-06-20 14:16:02 [ERROR] DLNM sazonal Norte internacoes_i60_i69 temp_med inverno :  all interior knots match left boundary knot 
2026-06-20 14:16:02 [ERROR] DLNM sazonal Norte internacoes_i60_i69 ur_med inverno :  all interior knots match left boundary knot 
2026-06-20 14:16:02 [ERROR] DLNM sazonal Norte obitos_i60_i69 temp_med inverno :  all interior knots match left boundary knot 
2026-06-20 14:16:03 [ERROR] DLNM sazonal Norte obitos_i60_i69 ur_med inverno :  all interior knots match left boundary knot 
2026-06-20 14:16:03 [ERROR] DLNM sazonal Serrana internacoes_i60_i69 temp_med inverno :  all interior knots match left boundary knot 
2026-06-20 14:16:03 [ERROR] DLNM sazonal Serrana internacoes_i60_i69 ur_med inverno :  all interior knots match left boundary knot 
2026-06-20 14:16:03 [ERROR] DLNM sazonal Serrana obitos_i60_i69 temp_med inverno :  all interior knots match left boundary knot 
2026-06-20 14:16:03 [ERROR] DLNM sazonal Serrana obitos_i60_i69 ur_med inverno :  all interior knots match left boundary knot 
2026-06-20 14:16:03 [INFO] DLNM sazonal concluido:  36  modelos 
2026-06-20 14:16:03 [INFO] Etapa 8c: DLNMs estratificados por sexo e idade (se denominadores disponiveis) 
2026-06-20 14:16:04 [INFO] DLNM sexo/idade: verificando disponibilidade de denominadores 
2026-06-20 14:16:04 [INFO] Baixando populacao municipal RJ pelo SIDRA/IBGE para  2010-2025 
2026-06-20 14:27:41 [ERROR] DLNM sexo/idade Baixada Litoranea obitos_i60_i69 temp_med Masculino 65_mais :  NA/NaN/Inf in 'x' 
2026-06-20 14:28:26 [ERROR] DLNM sexo/idade Metropolitana I obitos_i60_i69 temp_med Masculino 65_mais :  coef/vcov not consistent with basis matrix. See help(crosspred) 
2026-06-20 14:30:10 [ERROR] DLNM sexo/idade Centro-Sul obitos_i60_i69 ur_med Masculino 65_mais :  NA/NaN/Inf in 'x' 
2026-06-20 14:30:16 [ERROR] DLNM sexo/idade Medio Paraiba obitos_i60_i69 ur_med Masculino 65_mais :  NA/NaN/Inf in 'x' 
2026-06-20 14:30:21 [ERROR] DLNM sexo/idade Metropolitana I obitos_i60_i69 ur_med Masculino 65_mais :  loop interno 1; não é possível corrigir o tamanho do passo 
2026-06-20 14:31:12 [ERROR] DLNM sexo/idade Serrana obitos_i60_i69 ur_med Masculino 65_mais :  NA/NaN/Inf in 'x' 
2026-06-20 14:35:12 [ERROR] DLNM sexo/idade Metropolitana I obitos_i60_i69 temp_med Feminino ate_64 :  loop interno 1; não é possível corrigir o tamanho do passo 
2026-06-20 14:37:50 [ERROR] DLNM sexo/idade Metropolitana II obitos_i60_i69 ur_med Feminino ate_64 :  NA/NaN/Inf in 'x' 
2026-06-20 14:44:27 [ERROR] DLNM sexo/idade Serrana obitos_i60_i69 temp_med Feminino 65_mais :  NA/NaN/Inf in 'x' 
2026-06-20 14:46:34 [ERROR] DLNM sexo/idade Norte obitos_i60_i69 ur_med Feminino 65_mais :  NA/NaN/Inf in 'x' 
2026-06-20 14:48:28 [INFO] DLNM sexo/idade concluido:  134  modelos 
2026-06-20 14:48:28 [INFO] Etapa 8d: Jackknife temporal DESABILITADO (custo computacional extremo) 
2026-06-20 14:48:28 [INFO] Etapa 8e: Teste de Moran (autocorrelacao espacial dos residuos) 
2026-06-20 14:48:29 [INFO] Moran: testando autocorrelacao espacial dos residuos DLNM 
2026-06-20 14:48:31 [INFO] Moran concluido:  0  testes 
2026-06-20 14:48:31 [INFO] Etapa 8f: Case-crossover (validacao com desenho individual) 
2026-06-20 14:48:32 [INFO] Case-crossover: validacao com desenho individual 
2026-06-20 14:56:38 [INFO] Pipeline iniciado em  C:/Users/oorie/OneDrive/Documentos/TRABALHOS/DLNM 
2026-06-20 14:56:38 [INFO] === RETOMANDO PIPELINE A PARTIR DA ETAPA 8f === 
2026-06-20 14:58:12 [INFO] Etapa 8f: Case-crossover (validacao com desenho individual) 
2026-06-20 14:58:12 [INFO] Case-crossover: validacao com desenho individual 
2026-06-20 14:58:41 [INFO] Case-crossover concluido:  48  estimativas 
2026-06-20 14:58:41 [INFO] Etapa 8h: DLNM com heat_index (temperatura aparente) 
2026-06-20 14:58:41 [INFO] Heat index: DLNM com heat_index como exposicao adicional 
2026-06-20 15:02:46 [INFO] Heat index DLNM concluido:  18  modelos 
2026-06-20 15:02:46 [INFO] Etapa 8i: Validacao cruzada da imputacao climatica 
2026-06-20 15:02:47 [INFO] Validacao cruzada da imputacao climatica 
2026-06-20 15:02:57 [INFO] CV imputacao concluida:  25  validacoes 
2026-06-20 15:02:57 [INFO] Sensibilidade de lags DLNM 
2026-06-20 15:02:57 [INFO] Sensibilidade DLNM lag  7 :  Baia da Ilha Grande  /  internacoes_i60_i69  /  temp_med 
2026-06-20 15:03:00 [INFO] Sensibilidade DLNM lag  14 :  Baia da Ilha Grande  /  internacoes_i60_i69  /  temp_med 
2026-06-20 15:03:08 [INFO] Sensibilidade DLNM lag  21 :  Baia da Ilha Grande  /  internacoes_i60_i69  /  temp_med 
2026-06-20 15:03:20 [INFO] Sensibilidade DLNM lag  7 :  Baia da Ilha Grande  /  internacoes_i60_i69  /  ur_med 
2026-06-20 15:03:29 [INFO] Sensibilidade DLNM lag  14 :  Baia da Ilha Grande  /  internacoes_i60_i69  /  ur_med 
2026-06-20 15:03:36 [INFO] Sensibilidade DLNM lag  21 :  Baia da Ilha Grande  /  internacoes_i60_i69  /  ur_med 
2026-06-20 15:03:43 [INFO] Sensibilidade DLNM lag  7 :  Baia da Ilha Grande  /  obitos_i60_i69  /  temp_med 
2026-06-20 15:03:52 [INFO] Sensibilidade DLNM lag  14 :  Baia da Ilha Grande  /  obitos_i60_i69  /  temp_med 
2026-06-20 15:03:59 [INFO] Sensibilidade DLNM lag  21 :  Baia da Ilha Grande  /  obitos_i60_i69  /  temp_med 
2026-06-20 15:04:06 [INFO] Sensibilidade DLNM lag  7 :  Baia da Ilha Grande  /  obitos_i60_i69  /  ur_med 
2026-06-20 15:04:13 [INFO] Sensibilidade DLNM lag  14 :  Baia da Ilha Grande  /  obitos_i60_i69  /  ur_med 
2026-06-20 15:04:25 [INFO] Sensibilidade DLNM lag  21 :  Baia da Ilha Grande  /  obitos_i60_i69  /  ur_med 
2026-06-20 15:04:31 [INFO] Sensibilidade DLNM lag  7 :  Baia da Ilha Grande  /  internacoes_i60_i64  /  temp_med 
2026-06-20 15:04:38 [INFO] Sensibilidade DLNM lag  14 :  Baia da Ilha Grande  /  internacoes_i60_i64  /  temp_med 
2026-06-20 15:04:48 [INFO] Sensibilidade DLNM lag  21 :  Baia da Ilha Grande  /  internacoes_i60_i64  /  temp_med 
2026-06-20 15:04:57 [INFO] Sensibilidade DLNM lag  7 :  Baia da Ilha Grande  /  internacoes_i60_i64  /  ur_med 
2026-06-20 15:05:03 [INFO] Sensibilidade DLNM lag  14 :  Baia da Ilha Grande  /  internacoes_i60_i64  /  ur_med 
2026-06-20 15:05:09 [INFO] Sensibilidade DLNM lag  21 :  Baia da Ilha Grande  /  internacoes_i60_i64  /  ur_med 
2026-06-20 15:05:17 [INFO] Sensibilidade DLNM lag  7 :  Baia da Ilha Grande  /  obitos_i60_i64  /  temp_med 
2026-06-20 15:05:23 [INFO] Sensibilidade DLNM lag  14 :  Baia da Ilha Grande  /  obitos_i60_i64  /  temp_med 
2026-06-20 15:05:30 [INFO] Sensibilidade DLNM lag  21 :  Baia da Ilha Grande  /  obitos_i60_i64  /  temp_med 
2026-06-20 15:05:36 [INFO] Sensibilidade DLNM lag  7 :  Baia da Ilha Grande  /  obitos_i60_i64  /  ur_med 
2026-06-20 15:05:44 [INFO] Sensibilidade DLNM lag  14 :  Baia da Ilha Grande  /  obitos_i60_i64  /  ur_med 
2026-06-20 15:05:54 [INFO] Sensibilidade DLNM lag  21 :  Baia da Ilha Grande  /  obitos_i60_i64  /  ur_med 
2026-06-20 15:06:06 [INFO] Sensibilidade DLNM lag  7 :  Baixada Litoranea  /  internacoes_i60_i69  /  temp_med 
2026-06-20 15:06:15 [INFO] Sensibilidade DLNM lag  14 :  Baixada Litoranea  /  internacoes_i60_i69  /  temp_med 
2026-06-20 15:06:21 [INFO] Sensibilidade DLNM lag  21 :  Baixada Litoranea  /  internacoes_i60_i69  /  temp_med 
2026-06-20 15:06:28 [INFO] Sensibilidade DLNM lag  7 :  Baixada Litoranea  /  internacoes_i60_i69  /  ur_med 
2026-06-20 15:06:35 [INFO] Sensibilidade DLNM lag  14 :  Baixada Litoranea  /  internacoes_i60_i69  /  ur_med 
2026-06-20 15:06:42 [INFO] Sensibilidade DLNM lag  21 :  Baixada Litoranea  /  internacoes_i60_i69  /  ur_med 
2026-06-20 15:06:47 [INFO] Sensibilidade DLNM lag  7 :  Baixada Litoranea  /  obitos_i60_i69  /  temp_med 
2026-06-20 15:07:10 [INFO] Sensibilidade DLNM lag  14 :  Baixada Litoranea  /  obitos_i60_i69  /  temp_med 
2026-06-20 15:07:18 [INFO] Sensibilidade DLNM lag  21 :  Baixada Litoranea  /  obitos_i60_i69  /  temp_med 
2026-06-20 15:07:27 [INFO] Sensibilidade DLNM lag  7 :  Baixada Litoranea  /  obitos_i60_i69  /  ur_med 
2026-06-20 15:07:36 [INFO] Sensibilidade DLNM lag  14 :  Baixada Litoranea  /  obitos_i60_i69  /  ur_med 
2026-06-20 15:07:45 [INFO] Sensibilidade DLNM lag  21 :  Baixada Litoranea  /  obitos_i60_i69  /  ur_med 
2026-06-20 15:07:53 [INFO] Sensibilidade DLNM lag  7 :  Baixada Litoranea  /  internacoes_i60_i64  /  temp_med 
2026-06-20 15:08:01 [INFO] Sensibilidade DLNM lag  14 :  Baixada Litoranea  /  internacoes_i60_i64  /  temp_med 
2026-06-20 15:08:17 [INFO] Sensibilidade DLNM lag  21 :  Baixada Litoranea  /  internacoes_i60_i64  /  temp_med 
2026-06-20 15:08:25 [INFO] Sensibilidade DLNM lag  7 :  Baixada Litoranea  /  internacoes_i60_i64  /  ur_med 
2026-06-20 15:08:32 [INFO] Sensibilidade DLNM lag  14 :  Baixada Litoranea  /  internacoes_i60_i64  /  ur_med 
2026-06-20 15:08:40 [INFO] Sensibilidade DLNM lag  21 :  Baixada Litoranea  /  internacoes_i60_i64  /  ur_med 
2026-06-20 15:08:48 [INFO] Sensibilidade DLNM lag  7 :  Baixada Litoranea  /  obitos_i60_i64  /  temp_med 
2026-06-20 15:08:56 [INFO] Sensibilidade DLNM lag  14 :  Baixada Litoranea  /  obitos_i60_i64  /  temp_med 
2026-06-20 15:09:04 [INFO] Sensibilidade DLNM lag  21 :  Baixada Litoranea  /  obitos_i60_i64  /  temp_med 
2026-06-20 15:09:17 [INFO] Sensibilidade DLNM lag  7 :  Baixada Litoranea  /  obitos_i60_i64  /  ur_med 
2026-06-20 15:09:25 [INFO] Sensibilidade DLNM lag  14 :  Baixada Litoranea  /  obitos_i60_i64  /  ur_med 
2026-06-20 15:09:32 [INFO] Sensibilidade DLNM lag  21 :  Baixada Litoranea  /  obitos_i60_i64  /  ur_med 
2026-06-20 15:09:42 [INFO] Sensibilidade DLNM lag  7 :  Centro-Sul  /  internacoes_i60_i69  /  temp_med 
2026-06-20 15:09:53 [INFO] Sensibilidade DLNM lag  14 :  Centro-Sul  /  internacoes_i60_i69  /  temp_med 
2026-06-20 15:10:01 [INFO] Sensibilidade DLNM lag  21 :  Centro-Sul  /  internacoes_i60_i69  /  temp_med 
2026-06-20 15:10:10 [INFO] Sensibilidade DLNM lag  7 :  Centro-Sul  /  internacoes_i60_i69  /  ur_med 
2026-06-20 15:10:27 [INFO] Sensibilidade DLNM lag  14 :  Centro-Sul  /  internacoes_i60_i69  /  ur_med 
2026-06-20 15:10:34 [INFO] Sensibilidade DLNM lag  21 :  Centro-Sul  /  internacoes_i60_i69  /  ur_med 
2026-06-20 15:10:42 [INFO] Sensibilidade DLNM lag  7 :  Centro-Sul  /  obitos_i60_i69  /  temp_med 
2026-06-20 15:10:50 [INFO] Sensibilidade DLNM lag  14 :  Centro-Sul  /  obitos_i60_i69  /  temp_med 
2026-06-20 15:11:00 [INFO] Sensibilidade DLNM lag  21 :  Centro-Sul  /  obitos_i60_i69  /  temp_med 
2026-06-20 15:11:10 [INFO] Sensibilidade DLNM lag  7 :  Centro-Sul  /  obitos_i60_i69  /  ur_med 
2026-06-20 15:11:17 [INFO] Sensibilidade DLNM lag  14 :  Centro-Sul  /  obitos_i60_i69  /  ur_med 
2026-06-20 15:11:33 [INFO] Sensibilidade DLNM lag  21 :  Centro-Sul  /  obitos_i60_i69  /  ur_med 
2026-06-20 15:11:40 [INFO] Sensibilidade DLNM lag  7 :  Centro-Sul  /  internacoes_i60_i64  /  temp_med 
2026-06-20 15:11:47 [INFO] Sensibilidade DLNM lag  14 :  Centro-Sul  /  internacoes_i60_i64  /  temp_med 
2026-06-20 15:11:55 [INFO] Sensibilidade DLNM lag  21 :  Centro-Sul  /  internacoes_i60_i64  /  temp_med 
2026-06-20 15:12:04 [INFO] Sensibilidade DLNM lag  7 :  Centro-Sul  /  internacoes_i60_i64  /  ur_med 
2026-06-20 15:12:13 [INFO] Sensibilidade DLNM lag  14 :  Centro-Sul  /  internacoes_i60_i64  /  ur_med 
2026-06-20 15:12:24 [INFO] Sensibilidade DLNM lag  21 :  Centro-Sul  /  internacoes_i60_i64  /  ur_med 
2026-06-20 15:12:53 [INFO] Sensibilidade DLNM lag  7 :  Centro-Sul  /  obitos_i60_i64  /  temp_med 
2026-06-20 15:13:00 [INFO] Sensibilidade DLNM lag  14 :  Centro-Sul  /  obitos_i60_i64  /  temp_med 
2026-06-20 15:13:09 [INFO] Sensibilidade DLNM lag  21 :  Centro-Sul  /  obitos_i60_i64  /  temp_med 
2026-06-20 15:13:18 [INFO] Sensibilidade DLNM lag  7 :  Centro-Sul  /  obitos_i60_i64  /  ur_med 
2026-06-20 15:13:28 [INFO] Sensibilidade DLNM lag  14 :  Centro-Sul  /  obitos_i60_i64  /  ur_med 
2026-06-20 15:13:37 [INFO] Sensibilidade DLNM lag  21 :  Centro-Sul  /  obitos_i60_i64  /  ur_med 
2026-06-20 15:13:46 [INFO] Sensibilidade DLNM lag  7 :  Medio Paraiba  /  internacoes_i60_i69  /  temp_med 
2026-06-20 15:14:09 [INFO] Sensibilidade DLNM lag  14 :  Medio Paraiba  /  internacoes_i60_i69  /  temp_med 
2026-06-20 15:14:25 [INFO] Sensibilidade DLNM lag  21 :  Medio Paraiba  /  internacoes_i60_i69  /  temp_med 
2026-06-20 15:14:42 [INFO] Sensibilidade DLNM lag  7 :  Medio Paraiba  /  internacoes_i60_i69  /  ur_med 
2026-06-20 15:15:05 [INFO] Sensibilidade DLNM lag  14 :  Medio Paraiba  /  internacoes_i60_i69  /  ur_med 
2026-06-20 15:15:21 [INFO] Sensibilidade DLNM lag  21 :  Medio Paraiba  /  internacoes_i60_i69  /  ur_med 
2026-06-20 15:15:37 [INFO] Sensibilidade DLNM lag  7 :  Medio Paraiba  /  obitos_i60_i69  /  temp_med 
2026-06-20 15:15:43 [INFO] Sensibilidade DLNM lag  14 :  Medio Paraiba  /  obitos_i60_i69  /  temp_med 
2026-06-20 15:15:56 [INFO] Sensibilidade DLNM lag  21 :  Medio Paraiba  /  obitos_i60_i69  /  temp_med 
2026-06-20 15:16:04 [INFO] Sensibilidade DLNM lag  7 :  Medio Paraiba  /  obitos_i60_i69  /  ur_med 
2026-06-20 15:16:11 [INFO] Sensibilidade DLNM lag  14 :  Medio Paraiba  /  obitos_i60_i69  /  ur_med 
2026-06-20 15:16:17 [INFO] Sensibilidade DLNM lag  21 :  Medio Paraiba  /  obitos_i60_i69  /  ur_med 
2026-06-20 15:16:23 [INFO] Sensibilidade DLNM lag  7 :  Medio Paraiba  /  internacoes_i60_i64  /  temp_med 
2026-06-20 15:16:30 [INFO] Sensibilidade DLNM lag  14 :  Medio Paraiba  /  internacoes_i60_i64  /  temp_med 
2026-06-20 15:16:35 [INFO] Sensibilidade DLNM lag  21 :  Medio Paraiba  /  internacoes_i60_i64  /  temp_med 
2026-06-20 15:16:46 [INFO] Sensibilidade DLNM lag  7 :  Medio Paraiba  /  internacoes_i60_i64  /  ur_med 
2026-06-20 15:16:52 [INFO] Sensibilidade DLNM lag  14 :  Medio Paraiba  /  internacoes_i60_i64  /  ur_med 
2026-06-20 15:16:57 [INFO] Sensibilidade DLNM lag  21 :  Medio Paraiba  /  internacoes_i60_i64  /  ur_med 
2026-06-20 15:17:03 [INFO] Sensibilidade DLNM lag  7 :  Medio Paraiba  /  obitos_i60_i64  /  temp_med 
2026-06-20 15:17:09 [INFO] Sensibilidade DLNM lag  14 :  Medio Paraiba  /  obitos_i60_i64  /  temp_med 
2026-06-20 15:17:15 [INFO] Sensibilidade DLNM lag  21 :  Medio Paraiba  /  obitos_i60_i64  /  temp_med 
2026-06-20 15:17:23 [INFO] Sensibilidade DLNM lag  7 :  Medio Paraiba  /  obitos_i60_i64  /  ur_med 
2026-06-20 15:17:30 [INFO] Sensibilidade DLNM lag  14 :  Medio Paraiba  /  obitos_i60_i64  /  ur_med 
2026-06-20 15:17:36 [INFO] Sensibilidade DLNM lag  21 :  Medio Paraiba  /  obitos_i60_i64  /  ur_med 
2026-06-20 15:17:42 [INFO] Sensibilidade DLNM lag  7 :  Metropolitana I  /  internacoes_i60_i69  /  temp_med 
2026-06-20 15:18:10 [INFO] Sensibilidade DLNM lag  14 :  Metropolitana I  /  internacoes_i60_i69  /  temp_med 
2026-06-20 15:18:30 [INFO] Sensibilidade DLNM lag  21 :  Metropolitana I  /  internacoes_i60_i69  /  temp_med 
2026-06-20 15:18:48 [INFO] Sensibilidade DLNM lag  7 :  Metropolitana I  /  internacoes_i60_i69  /  ur_med 
2026-06-20 15:19:14 [INFO] Sensibilidade DLNM lag  14 :  Metropolitana I  /  internacoes_i60_i69  /  ur_med 
2026-06-20 15:19:30 [INFO] Sensibilidade DLNM lag  21 :  Metropolitana I  /  internacoes_i60_i69  /  ur_med 
2026-06-20 15:19:51 [INFO] Sensibilidade DLNM lag  7 :  Metropolitana I  /  obitos_i60_i69  /  temp_med 
2026-06-20 15:19:54 [INFO] Sensibilidade DLNM lag  14 :  Metropolitana I  /  obitos_i60_i69  /  temp_med 
2026-06-20 15:19:58 [INFO] Sensibilidade DLNM lag  21 :  Metropolitana I  /  obitos_i60_i69  /  temp_med 
2026-06-20 15:20:01 [INFO] Sensibilidade DLNM lag  7 :  Metropolitana I  /  obitos_i60_i69  /  ur_med 
2026-06-20 15:20:05 [INFO] Sensibilidade DLNM lag  14 :  Metropolitana I  /  obitos_i60_i69  /  ur_med 
2026-06-20 15:20:09 [INFO] Sensibilidade DLNM lag  21 :  Metropolitana I  /  obitos_i60_i69  /  ur_med 
2026-06-20 15:20:15 [INFO] Sensibilidade DLNM lag  7 :  Metropolitana I  /  internacoes_i60_i64  /  temp_med 
2026-06-20 15:20:18 [INFO] Sensibilidade DLNM lag  14 :  Metropolitana I  /  internacoes_i60_i64  /  temp_med 
2026-06-20 15:20:21 [INFO] Sensibilidade DLNM lag  21 :  Metropolitana I  /  internacoes_i60_i64  /  temp_med 
2026-06-20 15:20:25 [INFO] Sensibilidade DLNM lag  7 :  Metropolitana I  /  internacoes_i60_i64  /  ur_med 
2026-06-20 15:20:30 [INFO] Sensibilidade DLNM lag  14 :  Metropolitana I  /  internacoes_i60_i64  /  ur_med 
2026-06-20 15:20:35 [INFO] Sensibilidade DLNM lag  21 :  Metropolitana I  /  internacoes_i60_i64  /  ur_med 
2026-06-20 15:20:45 [INFO] Sensibilidade DLNM lag  7 :  Metropolitana I  /  obitos_i60_i64  /  temp_med 
2026-06-20 15:20:53 [INFO] Sensibilidade DLNM lag  14 :  Metropolitana I  /  obitos_i60_i64  /  temp_med 
2026-06-20 15:20:59 [INFO] Sensibilidade DLNM lag  21 :  Metropolitana I  /  obitos_i60_i64  /  temp_med 
2026-06-20 15:21:06 [INFO] Sensibilidade DLNM lag  7 :  Metropolitana I  /  obitos_i60_i64  /  ur_med 
2026-06-20 15:21:14 [INFO] Sensibilidade DLNM lag  14 :  Metropolitana I  /  obitos_i60_i64  /  ur_med 
2026-06-20 15:21:21 [INFO] Sensibilidade DLNM lag  21 :  Metropolitana I  /  obitos_i60_i64  /  ur_med 
2026-06-20 15:21:30 [INFO] Sensibilidade DLNM lag  7 :  Metropolitana II  /  internacoes_i60_i69  /  temp_med 
2026-06-20 15:21:37 [INFO] Sensibilidade DLNM lag  14 :  Metropolitana II  /  internacoes_i60_i69  /  temp_med 
2026-06-20 15:21:42 [INFO] Sensibilidade DLNM lag  21 :  Metropolitana II  /  internacoes_i60_i69  /  temp_med 
2026-06-20 15:21:49 [INFO] Sensibilidade DLNM lag  7 :  Metropolitana II  /  internacoes_i60_i69  /  ur_med 
2026-06-20 15:21:55 [INFO] Sensibilidade DLNM lag  14 :  Metropolitana II  /  internacoes_i60_i69  /  ur_med 
2026-06-20 15:22:05 [INFO] Sensibilidade DLNM lag  21 :  Metropolitana II  /  internacoes_i60_i69  /  ur_med 
2026-06-20 15:22:12 [INFO] Sensibilidade DLNM lag  7 :  Metropolitana II  /  obitos_i60_i69  /  temp_med 
2026-06-20 15:22:17 [INFO] Sensibilidade DLNM lag  14 :  Metropolitana II  /  obitos_i60_i69  /  temp_med 
2026-06-20 15:22:22 [INFO] Sensibilidade DLNM lag  21 :  Metropolitana II  /  obitos_i60_i69  /  temp_med 
2026-06-20 15:22:28 [INFO] Sensibilidade DLNM lag  7 :  Metropolitana II  /  obitos_i60_i69  /  ur_med 
2026-06-20 15:22:33 [INFO] Sensibilidade DLNM lag  14 :  Metropolitana II  /  obitos_i60_i69  /  ur_med 
2026-06-20 15:22:42 [INFO] Sensibilidade DLNM lag  21 :  Metropolitana II  /  obitos_i60_i69  /  ur_med 
2026-06-20 15:22:49 [INFO] Sensibilidade DLNM lag  7 :  Metropolitana II  /  internacoes_i60_i64  /  temp_med 
2026-06-20 15:22:55 [INFO] Sensibilidade DLNM lag  14 :  Metropolitana II  /  internacoes_i60_i64  /  temp_med 
2026-06-20 15:23:01 [INFO] Sensibilidade DLNM lag  21 :  Metropolitana II  /  internacoes_i60_i64  /  temp_med 
2026-06-20 15:23:07 [INFO] Sensibilidade DLNM lag  7 :  Metropolitana II  /  internacoes_i60_i64  /  ur_med 
2026-06-20 15:23:12 [INFO] Sensibilidade DLNM lag  14 :  Metropolitana II  /  internacoes_i60_i64  /  ur_med 
2026-06-20 15:23:29 [INFO] Sensibilidade DLNM lag  21 :  Metropolitana II  /  internacoes_i60_i64  /  ur_med 
2026-06-20 15:23:34 [INFO] Sensibilidade DLNM lag  7 :  Metropolitana II  /  obitos_i60_i64  /  temp_med 
2026-06-20 15:23:39 [INFO] Sensibilidade DLNM lag  14 :  Metropolitana II  /  obitos_i60_i64  /  temp_med 
2026-06-20 15:23:45 [INFO] Sensibilidade DLNM lag  21 :  Metropolitana II  /  obitos_i60_i64  /  temp_med 
2026-06-20 15:23:50 [INFO] Sensibilidade DLNM lag  7 :  Metropolitana II  /  obitos_i60_i64  /  ur_med 
2026-06-20 15:24:03 [INFO] Sensibilidade DLNM lag  14 :  Metropolitana II  /  obitos_i60_i64  /  ur_med 
2026-06-20 15:24:10 [INFO] Sensibilidade DLNM lag  21 :  Metropolitana II  /  obitos_i60_i64  /  ur_med 
2026-06-20 15:24:16 [INFO] Sensibilidade DLNM lag  7 :  Noroeste  /  internacoes_i60_i69  /  temp_med 
2026-06-20 15:24:21 [INFO] Sensibilidade DLNM lag  14 :  Noroeste  /  internacoes_i60_i69  /  temp_med 
2026-06-20 15:24:27 [INFO] Sensibilidade DLNM lag  21 :  Noroeste  /  internacoes_i60_i69  /  temp_med 
2026-06-20 15:24:38 [INFO] Sensibilidade DLNM lag  7 :  Noroeste  /  internacoes_i60_i69  /  ur_med 
2026-06-20 15:24:46 [INFO] Sensibilidade DLNM lag  14 :  Noroeste  /  internacoes_i60_i69  /  ur_med 
2026-06-20 15:24:50 [INFO] Sensibilidade DLNM lag  21 :  Noroeste  /  internacoes_i60_i69  /  ur_med 
2026-06-20 15:24:55 [INFO] Sensibilidade DLNM lag  7 :  Noroeste  /  obitos_i60_i69  /  temp_med 
2026-06-20 15:25:00 [INFO] Sensibilidade DLNM lag  14 :  Noroeste  /  obitos_i60_i69  /  temp_med 
2026-06-20 15:25:06 [INFO] Sensibilidade DLNM lag  21 :  Noroeste  /  obitos_i60_i69  /  temp_med 
2026-06-20 15:25:18 [INFO] Sensibilidade DLNM lag  7 :  Noroeste  /  obitos_i60_i69  /  ur_med 
2026-06-20 15:25:23 [INFO] Sensibilidade DLNM lag  14 :  Noroeste  /  obitos_i60_i69  /  ur_med 
2026-06-20 15:25:28 [INFO] Sensibilidade DLNM lag  21 :  Noroeste  /  obitos_i60_i69  /  ur_med 
2026-06-20 15:25:34 [INFO] Sensibilidade DLNM lag  7 :  Noroeste  /  internacoes_i60_i64  /  temp_med 
2026-06-20 15:25:39 [INFO] Sensibilidade DLNM lag  14 :  Noroeste  /  internacoes_i60_i64  /  temp_med 
2026-06-20 15:25:53 [INFO] Sensibilidade DLNM lag  21 :  Noroeste  /  internacoes_i60_i64  /  temp_med 
2026-06-20 15:25:59 [INFO] Sensibilidade DLNM lag  7 :  Noroeste  /  internacoes_i60_i64  /  ur_med 
2026-06-20 15:26:05 [INFO] Sensibilidade DLNM lag  14 :  Noroeste  /  internacoes_i60_i64  /  ur_med 
2026-06-20 15:26:11 [INFO] Sensibilidade DLNM lag  21 :  Noroeste  /  internacoes_i60_i64  /  ur_med 
2026-06-20 15:26:17 [INFO] Sensibilidade DLNM lag  7 :  Noroeste  /  obitos_i60_i64  /  temp_med 
2026-06-20 15:26:35 [INFO] Sensibilidade DLNM lag  14 :  Noroeste  /  obitos_i60_i64  /  temp_med 
2026-06-20 15:26:41 [INFO] Sensibilidade DLNM lag  21 :  Noroeste  /  obitos_i60_i64  /  temp_med 
2026-06-20 15:26:48 [INFO] Sensibilidade DLNM lag  7 :  Noroeste  /  obitos_i60_i64  /  ur_med 
2026-06-20 15:26:54 [INFO] Sensibilidade DLNM lag  14 :  Noroeste  /  obitos_i60_i64  /  ur_med 
2026-06-20 15:27:00 [INFO] Sensibilidade DLNM lag  21 :  Noroeste  /  obitos_i60_i64  /  ur_med 
2026-06-20 15:27:12 [INFO] Sensibilidade DLNM lag  7 :  Norte  /  internacoes_i60_i69  /  temp_med 
2026-06-20 15:27:29 [INFO] Sensibilidade DLNM lag  14 :  Norte  /  internacoes_i60_i69  /  temp_med 
2026-06-20 15:27:36 [INFO] Sensibilidade DLNM lag  21 :  Norte  /  internacoes_i60_i69  /  temp_med 
2026-06-20 15:27:43 [INFO] Sensibilidade DLNM lag  7 :  Norte  /  internacoes_i60_i69  /  ur_med 
2026-06-20 15:27:50 [INFO] Sensibilidade DLNM lag  14 :  Norte  /  internacoes_i60_i69  /  ur_med 
2026-06-20 15:27:56 [INFO] Sensibilidade DLNM lag  21 :  Norte  /  internacoes_i60_i69  /  ur_med 
2026-06-20 15:28:03 [INFO] Sensibilidade DLNM lag  7 :  Norte  /  obitos_i60_i69  /  temp_med 
2026-06-20 15:28:08 [INFO] Sensibilidade DLNM lag  14 :  Norte  /  obitos_i60_i69  /  temp_med 
2026-06-20 15:28:28 [INFO] Sensibilidade DLNM lag  21 :  Norte  /  obitos_i60_i69  /  temp_med 
2026-06-20 15:28:34 [INFO] Sensibilidade DLNM lag  7 :  Norte  /  obitos_i60_i69  /  ur_med 
2026-06-20 15:28:39 [INFO] Sensibilidade DLNM lag  14 :  Norte  /  obitos_i60_i69  /  ur_med 
2026-06-20 15:28:45 [INFO] Sensibilidade DLNM lag  21 :  Norte  /  obitos_i60_i69  /  ur_med 
2026-06-20 15:28:51 [INFO] Sensibilidade DLNM lag  7 :  Norte  /  internacoes_i60_i64  /  temp_med 
2026-06-20 15:29:04 [INFO] Sensibilidade DLNM lag  14 :  Norte  /  internacoes_i60_i64  /  temp_med 
2026-06-20 15:29:10 [INFO] Sensibilidade DLNM lag  21 :  Norte  /  internacoes_i60_i64  /  temp_med 
2026-06-20 15:29:24 [INFO] Sensibilidade DLNM lag  7 :  Norte  /  internacoes_i60_i64  /  ur_med 
2026-06-20 15:29:30 [INFO] Sensibilidade DLNM lag  14 :  Norte  /  internacoes_i60_i64  /  ur_med 
2026-06-20 15:29:36 [INFO] Sensibilidade DLNM lag  21 :  Norte  /  internacoes_i60_i64  /  ur_med 
2026-06-20 15:29:42 [INFO] Sensibilidade DLNM lag  7 :  Norte  /  obitos_i60_i64  /  temp_med 
2026-06-20 15:29:50 [INFO] Sensibilidade DLNM lag  14 :  Norte  /  obitos_i60_i64  /  temp_med 
2026-06-20 15:30:07 [INFO] Sensibilidade DLNM lag  21 :  Norte  /  obitos_i60_i64  /  temp_med 
2026-06-20 15:30:13 [INFO] Sensibilidade DLNM lag  7 :  Norte  /  obitos_i60_i64  /  ur_med 
2026-06-20 15:30:25 [INFO] Sensibilidade DLNM lag  14 :  Norte  /  obitos_i60_i64  /  ur_med 
2026-06-20 15:30:32 [INFO] Sensibilidade DLNM lag  21 :  Norte  /  obitos_i60_i64  /  ur_med 
2026-06-20 15:30:38 [INFO] Sensibilidade DLNM lag  7 :  Serrana  /  internacoes_i60_i69  /  temp_med 
2026-06-20 15:30:58 [INFO] Sensibilidade DLNM lag  14 :  Serrana  /  internacoes_i60_i69  /  temp_med 
2026-06-20 15:31:34 [INFO] Sensibilidade DLNM lag  21 :  Serrana  /  internacoes_i60_i69  /  temp_med 
2026-06-20 15:31:55 [INFO] Sensibilidade DLNM lag  7 :  Serrana  /  internacoes_i60_i69  /  ur_med 
2026-06-20 15:32:24 [INFO] Sensibilidade DLNM lag  14 :  Serrana  /  internacoes_i60_i69  /  ur_med 
2026-06-20 15:32:39 [INFO] Sensibilidade DLNM lag  21 :  Serrana  /  internacoes_i60_i69  /  ur_med 
2026-06-20 15:33:02 [INFO] Sensibilidade DLNM lag  7 :  Serrana  /  obitos_i60_i69  /  temp_med 
2026-06-20 15:33:16 [INFO] Sensibilidade DLNM lag  14 :  Serrana  /  obitos_i60_i69  /  temp_med 
2026-06-20 15:33:20 [INFO] Sensibilidade DLNM lag  21 :  Serrana  /  obitos_i60_i69  /  temp_med 
2026-06-20 15:33:25 [INFO] Sensibilidade DLNM lag  7 :  Serrana  /  obitos_i60_i69  /  ur_med 
2026-06-20 15:33:30 [INFO] Sensibilidade DLNM lag  14 :  Serrana  /  obitos_i60_i69  /  ur_med 
2026-06-20 15:33:35 [INFO] Sensibilidade DLNM lag  21 :  Serrana  /  obitos_i60_i69  /  ur_med 
2026-06-20 15:33:41 [INFO] Sensibilidade DLNM lag  7 :  Serrana  /  internacoes_i60_i64  /  temp_med 
2026-06-20 15:33:54 [INFO] Sensibilidade DLNM lag  14 :  Serrana  /  internacoes_i60_i64  /  temp_med 
2026-06-20 15:34:01 [INFO] Sensibilidade DLNM lag  21 :  Serrana  /  internacoes_i60_i64  /  temp_med 
2026-06-20 15:34:07 [INFO] Sensibilidade DLNM lag  7 :  Serrana  /  internacoes_i60_i64  /  ur_med 
2026-06-20 15:34:13 [INFO] Sensibilidade DLNM lag  14 :  Serrana  /  internacoes_i60_i64  /  ur_med 
2026-06-20 15:34:20 [INFO] Sensibilidade DLNM lag  21 :  Serrana  /  internacoes_i60_i64  /  ur_med 
2026-06-20 15:34:26 [INFO] Sensibilidade DLNM lag  7 :  Serrana  /  obitos_i60_i64  /  temp_med 
2026-06-20 15:34:33 [INFO] Sensibilidade DLNM lag  14 :  Serrana  /  obitos_i60_i64  /  temp_med 
2026-06-20 15:34:44 [INFO] Sensibilidade DLNM lag  21 :  Serrana  /  obitos_i60_i64  /  temp_med 
2026-06-20 15:34:49 [INFO] Sensibilidade DLNM lag  7 :  Serrana  /  obitos_i60_i64  /  ur_med 
2026-06-20 15:34:54 [INFO] Sensibilidade DLNM lag  14 :  Serrana  /  obitos_i60_i64  /  ur_med 
2026-06-20 15:34:59 [INFO] Sensibilidade DLNM lag  21 :  Serrana  /  obitos_i60_i64  /  ur_med 
2026-06-20 15:35:12 [INFO] Sensibilidade sem pandemia 
2026-06-20 15:35:12 [INFO] Sensibilidade sem pandemia:  Baia da Ilha Grande  /  internacoes_i60_i69  /  temp_med 
2026-06-20 15:35:23 [INFO] Sensibilidade sem pandemia:  Baia da Ilha Grande  /  internacoes_i60_i69  /  ur_med 
2026-06-20 15:35:26 [INFO] Sensibilidade sem pandemia:  Baia da Ilha Grande  /  obitos_i60_i69  /  temp_med 
2026-06-20 15:35:30 [INFO] Sensibilidade sem pandemia:  Baia da Ilha Grande  /  obitos_i60_i69  /  ur_med 
2026-06-20 15:35:33 [INFO] Sensibilidade sem pandemia:  Baia da Ilha Grande  /  internacoes_i60_i64  /  temp_med 
2026-06-20 15:35:37 [INFO] Sensibilidade sem pandemia:  Baia da Ilha Grande  /  internacoes_i60_i64  /  ur_med 
2026-06-20 15:35:40 [INFO] Sensibilidade sem pandemia:  Baia da Ilha Grande  /  obitos_i60_i64  /  temp_med 
2026-06-20 15:35:44 [INFO] Sensibilidade sem pandemia:  Baia da Ilha Grande  /  obitos_i60_i64  /  ur_med 
2026-06-20 15:35:55 [INFO] Sensibilidade sem pandemia:  Baixada Litoranea  /  internacoes_i60_i69  /  temp_med 
2026-06-20 15:35:58 [INFO] Sensibilidade sem pandemia:  Baixada Litoranea  /  internacoes_i60_i69  /  ur_med 
2026-06-20 15:36:01 [INFO] Sensibilidade sem pandemia:  Baixada Litoranea  /  obitos_i60_i69  /  temp_med 
2026-06-20 15:36:05 [INFO] Sensibilidade sem pandemia:  Baixada Litoranea  /  obitos_i60_i69  /  ur_med 
2026-06-20 15:36:08 [INFO] Sensibilidade sem pandemia:  Baixada Litoranea  /  internacoes_i60_i64  /  temp_med 
2026-06-20 15:36:11 [INFO] Sensibilidade sem pandemia:  Baixada Litoranea  /  internacoes_i60_i64  /  ur_med 
2026-06-20 15:36:15 [INFO] Sensibilidade sem pandemia:  Baixada Litoranea  /  obitos_i60_i64  /  temp_med 
2026-06-20 15:36:19 [INFO] Sensibilidade sem pandemia:  Baixada Litoranea  /  obitos_i60_i64  /  ur_med 
2026-06-20 15:36:28 [INFO] Sensibilidade sem pandemia:  Centro-Sul  /  internacoes_i60_i69  /  temp_med 
2026-06-20 15:36:31 [INFO] Sensibilidade sem pandemia:  Centro-Sul  /  internacoes_i60_i69  /  ur_med 
2026-06-20 15:36:34 [INFO] Sensibilidade sem pandemia:  Centro-Sul  /  obitos_i60_i69  /  temp_med 
2026-06-20 15:36:38 [INFO] Sensibilidade sem pandemia:  Centro-Sul  /  obitos_i60_i69  /  ur_med 
2026-06-20 15:36:41 [INFO] Sensibilidade sem pandemia:  Centro-Sul  /  internacoes_i60_i64  /  temp_med 
2026-06-20 15:36:44 [INFO] Sensibilidade sem pandemia:  Centro-Sul  /  internacoes_i60_i64  /  ur_med 
2026-06-20 15:36:47 [INFO] Sensibilidade sem pandemia:  Centro-Sul  /  obitos_i60_i64  /  temp_med 
2026-06-20 15:36:56 [INFO] Sensibilidade sem pandemia:  Centro-Sul  /  obitos_i60_i64  /  ur_med 
2026-06-20 15:37:00 [INFO] Sensibilidade sem pandemia:  Medio Paraiba  /  internacoes_i60_i69  /  temp_med 
2026-06-20 15:37:07 [INFO] Sensibilidade sem pandemia:  Medio Paraiba  /  internacoes_i60_i69  /  ur_med 
2026-06-20 15:37:15 [INFO] Sensibilidade sem pandemia:  Medio Paraiba  /  obitos_i60_i69  /  temp_med 
2026-06-20 15:37:18 [INFO] Sensibilidade sem pandemia:  Medio Paraiba  /  obitos_i60_i69  /  ur_med 
2026-06-20 15:37:22 [INFO] Sensibilidade sem pandemia:  Medio Paraiba  /  internacoes_i60_i64  /  temp_med 
2026-06-20 15:37:32 [INFO] Sensibilidade sem pandemia:  Medio Paraiba  /  internacoes_i60_i64  /  ur_med 
2026-06-20 15:37:35 [INFO] Sensibilidade sem pandemia:  Medio Paraiba  /  obitos_i60_i64  /  temp_med 
2026-06-20 15:37:39 [INFO] Sensibilidade sem pandemia:  Medio Paraiba  /  obitos_i60_i64  /  ur_med 
2026-06-20 15:37:42 [INFO] Sensibilidade sem pandemia:  Metropolitana I  /  internacoes_i60_i69  /  temp_med 
2026-06-20 15:37:53 [INFO] Sensibilidade sem pandemia:  Metropolitana I  /  internacoes_i60_i69  /  ur_med 
2026-06-20 15:38:11 [INFO] Sensibilidade sem pandemia:  Metropolitana I  /  obitos_i60_i69  /  temp_med 
2026-06-20 15:38:14 [INFO] Sensibilidade sem pandemia:  Metropolitana I  /  obitos_i60_i69  /  ur_med 
2026-06-20 15:38:18 [INFO] Sensibilidade sem pandemia:  Metropolitana I  /  internacoes_i60_i64  /  temp_med 
2026-06-20 15:38:22 [INFO] Sensibilidade sem pandemia:  Metropolitana I  /  internacoes_i60_i64  /  ur_med 
2026-06-20 15:38:25 [INFO] Sensibilidade sem pandemia:  Metropolitana I  /  obitos_i60_i64  /  temp_med 
2026-06-20 15:38:29 [INFO] Sensibilidade sem pandemia:  Metropolitana I  /  obitos_i60_i64  /  ur_med 
2026-06-20 15:38:38 [INFO] Sensibilidade sem pandemia:  Metropolitana II  /  internacoes_i60_i69  /  temp_med 
2026-06-20 15:38:41 [INFO] Sensibilidade sem pandemia:  Metropolitana II  /  internacoes_i60_i69  /  ur_med 
2026-06-20 15:38:45 [INFO] Sensibilidade sem pandemia:  Metropolitana II  /  obitos_i60_i69  /  temp_med 
2026-06-20 15:38:48 [INFO] Sensibilidade sem pandemia:  Metropolitana II  /  obitos_i60_i69  /  ur_med 
2026-06-20 15:38:51 [INFO] Sensibilidade sem pandemia:  Metropolitana II  /  internacoes_i60_i64  /  temp_med 
2026-06-20 15:38:54 [INFO] Sensibilidade sem pandemia:  Metropolitana II  /  internacoes_i60_i64  /  ur_med 
2026-06-20 15:38:58 [INFO] Sensibilidade sem pandemia:  Metropolitana II  /  obitos_i60_i64  /  temp_med 
2026-06-20 15:39:09 [INFO] Sensibilidade sem pandemia:  Metropolitana II  /  obitos_i60_i64  /  ur_med 
2026-06-20 15:39:12 [INFO] Sensibilidade sem pandemia:  Noroeste  /  internacoes_i60_i69  /  temp_med 
2026-06-20 15:39:15 [INFO] Sensibilidade sem pandemia:  Noroeste  /  internacoes_i60_i69  /  ur_med 
2026-06-20 15:39:18 [INFO] Sensibilidade sem pandemia:  Noroeste  /  obitos_i60_i69  /  temp_med 
2026-06-20 15:39:22 [INFO] Sensibilidade sem pandemia:  Noroeste  /  obitos_i60_i69  /  ur_med 
2026-06-20 15:39:27 [INFO] Sensibilidade sem pandemia:  Noroeste  /  internacoes_i60_i64  /  temp_med 
2026-06-20 15:39:30 [INFO] Sensibilidade sem pandemia:  Noroeste  /  internacoes_i60_i64  /  ur_med 
2026-06-20 15:39:40 [INFO] Sensibilidade sem pandemia:  Noroeste  /  obitos_i60_i64  /  temp_med 
2026-06-20 15:39:44 [INFO] Sensibilidade sem pandemia:  Noroeste  /  obitos_i60_i64  /  ur_med 
2026-06-20 15:39:47 [INFO] Sensibilidade sem pandemia:  Norte  /  internacoes_i60_i69  /  temp_med 
2026-06-20 15:39:51 [INFO] Sensibilidade sem pandemia:  Norte  /  internacoes_i60_i69  /  ur_med 
2026-06-20 15:39:55 [INFO] Sensibilidade sem pandemia:  Norte  /  obitos_i60_i69  /  temp_med 
2026-06-20 15:39:58 [INFO] Sensibilidade sem pandemia:  Norte  /  obitos_i60_i69  /  ur_med 
2026-06-20 15:40:01 [INFO] Sensibilidade sem pandemia:  Norte  /  internacoes_i60_i64  /  temp_med 
2026-06-20 15:40:14 [INFO] Sensibilidade sem pandemia:  Norte  /  internacoes_i60_i64  /  ur_med 
2026-06-20 15:40:17 [INFO] Sensibilidade sem pandemia:  Norte  /  obitos_i60_i64  /  temp_med 
2026-06-20 15:40:21 [INFO] Sensibilidade sem pandemia:  Norte  /  obitos_i60_i64  /  ur_med 
2026-06-20 15:40:25 [INFO] Sensibilidade sem pandemia:  Serrana  /  internacoes_i60_i69  /  temp_med 
2026-06-20 15:40:37 [INFO] Sensibilidade sem pandemia:  Serrana  /  internacoes_i60_i69  /  ur_med 
2026-06-20 15:40:50 [INFO] Sensibilidade sem pandemia:  Serrana  /  obitos_i60_i69  /  temp_med 
2026-06-20 15:40:54 [INFO] Sensibilidade sem pandemia:  Serrana  /  obitos_i60_i69  /  ur_med 
2026-06-20 15:40:58 [INFO] Sensibilidade sem pandemia:  Serrana  /  internacoes_i60_i64  /  temp_med 
2026-06-20 15:41:01 [INFO] Sensibilidade sem pandemia:  Serrana  /  internacoes_i60_i64  /  ur_med 
2026-06-20 15:41:05 [INFO] Sensibilidade sem pandemia:  Serrana  /  obitos_i60_i64  /  temp_med 
2026-06-20 15:41:14 [INFO] Sensibilidade sem pandemia:  Serrana  /  obitos_i60_i64  /  ur_med 
2026-06-20 15:41:18 [INFO] Etapa 8g: Sensibilidade de priors bayesianos 
2026-06-20 15:41:18 [INFO] Prior sensitivity: testando 3 especificacoes de prior 
2026-06-20 15:41:31 [INFO] Prior sensitivity concluida:  216  estimativas 
2026-06-20 15:41:31 [INFO] Validacao Bayesiana hierarquica 
2026-06-20 15:41:38 [INFO] Sensibilidade spline df:  baia_da_ilha_grande_internacoes_i60_i69_temp_med  / df_exp= 3  / df_lag= 3 
2026-06-20 15:41:44 [INFO] Sensibilidade spline df:  baia_da_ilha_grande_internacoes_i60_i69_temp_med  / df_exp= 3  / df_lag= 4 
2026-06-20 15:41:50 [INFO] Sensibilidade spline df:  baia_da_ilha_grande_internacoes_i60_i69_temp_med  / df_exp= 3  / df_lag= 5 
2026-06-20 15:41:55 [INFO] Sensibilidade spline df:  baia_da_ilha_grande_internacoes_i60_i69_temp_med  / df_exp= 4  / df_lag= 3 
2026-06-20 15:42:00 [INFO] Sensibilidade spline df:  baia_da_ilha_grande_internacoes_i60_i69_temp_med  / df_exp= 4  / df_lag= 4 
2026-06-20 15:42:06 [INFO] Sensibilidade spline df:  baia_da_ilha_grande_internacoes_i60_i69_temp_med  / df_exp= 4  / df_lag= 5 
2026-06-20 15:42:12 [INFO] Sensibilidade spline df:  baia_da_ilha_grande_internacoes_i60_i69_temp_med  / df_exp= 5  / df_lag= 3 
2026-06-20 15:42:18 [INFO] Sensibilidade spline df:  baia_da_ilha_grande_internacoes_i60_i69_temp_med  / df_exp= 5  / df_lag= 4 
2026-06-20 15:42:24 [INFO] Sensibilidade spline df:  baia_da_ilha_grande_internacoes_i60_i69_temp_med  / df_exp= 5  / df_lag= 5 
2026-06-20 15:42:29 [INFO] Sensibilidade spline df:  baixada_litoranea_internacoes_i60_i69_ur_med  / df_exp= 3  / df_lag= 3 
2026-06-20 15:42:35 [INFO] Sensibilidade spline df:  baixada_litoranea_internacoes_i60_i69_ur_med  / df_exp= 3  / df_lag= 4 
2026-06-20 15:42:53 [INFO] Sensibilidade spline df:  baixada_litoranea_internacoes_i60_i69_ur_med  / df_exp= 3  / df_lag= 5 
2026-06-20 15:42:59 [INFO] Sensibilidade spline df:  baixada_litoranea_internacoes_i60_i69_ur_med  / df_exp= 4  / df_lag= 3 
2026-06-20 15:43:04 [INFO] Sensibilidade spline df:  baixada_litoranea_internacoes_i60_i69_ur_med  / df_exp= 4  / df_lag= 4 
2026-06-20 15:43:10 [INFO] Sensibilidade spline df:  baixada_litoranea_internacoes_i60_i69_ur_med  / df_exp= 4  / df_lag= 5 
2026-06-20 15:43:16 [INFO] Sensibilidade spline df:  baixada_litoranea_internacoes_i60_i69_ur_med  / df_exp= 5  / df_lag= 3 
2026-06-20 15:43:21 [INFO] Sensibilidade spline df:  baixada_litoranea_internacoes_i60_i69_ur_med  / df_exp= 5  / df_lag= 4 
2026-06-20 15:43:29 [INFO] Sensibilidade spline df:  baixada_litoranea_internacoes_i60_i69_ur_med  / df_exp= 5  / df_lag= 5 
2026-06-20 15:43:48 [INFO] Sensibilidade spline df:  centro_sul_obitos_i60_i69_temp_med  / df_exp= 3  / df_lag= 3 
2026-06-20 15:43:54 [INFO] Sensibilidade spline df:  centro_sul_obitos_i60_i69_temp_med  / df_exp= 3  / df_lag= 4 
2026-06-20 15:43:59 [INFO] Sensibilidade spline df:  centro_sul_obitos_i60_i69_temp_med  / df_exp= 3  / df_lag= 5 
2026-06-20 15:44:05 [INFO] Sensibilidade spline df:  centro_sul_obitos_i60_i69_temp_med  / df_exp= 4  / df_lag= 3 
2026-06-20 15:44:11 [INFO] Sensibilidade spline df:  centro_sul_obitos_i60_i69_temp_med  / df_exp= 4  / df_lag= 4 
2026-06-20 15:44:16 [INFO] Sensibilidade spline df:  centro_sul_obitos_i60_i69_temp_med  / df_exp= 4  / df_lag= 5 
2026-06-20 15:44:37 [INFO] Sensibilidade spline df:  centro_sul_obitos_i60_i69_temp_med  / df_exp= 5  / df_lag= 3 
2026-06-20 15:44:43 [INFO] Sensibilidade spline df:  centro_sul_obitos_i60_i69_temp_med  / df_exp= 5  / df_lag= 4 
2026-06-20 15:44:49 [INFO] Sensibilidade spline df:  centro_sul_obitos_i60_i69_temp_med  / df_exp= 5  / df_lag= 5 
2026-06-20 15:44:55 [INFO] Sensibilidade spline df:  medio_paraiba_internacoes_i60_i69_temp_med  / df_exp= 3  / df_lag= 3 
2026-06-20 15:45:07 [INFO] Sensibilidade spline df:  medio_paraiba_internacoes_i60_i69_temp_med  / df_exp= 3  / df_lag= 4 
2026-06-20 15:45:23 [INFO] Sensibilidade spline df:  medio_paraiba_internacoes_i60_i69_temp_med  / df_exp= 3  / df_lag= 5 
2026-06-20 15:45:38 [INFO] Sensibilidade spline df:  medio_paraiba_internacoes_i60_i69_temp_med  / df_exp= 4  / df_lag= 3 
2026-06-20 15:45:52 [INFO] Sensibilidade spline df:  medio_paraiba_internacoes_i60_i69_temp_med  / df_exp= 4  / df_lag= 4 
2026-06-20 15:46:08 [INFO] Sensibilidade spline df:  medio_paraiba_internacoes_i60_i69_temp_med  / df_exp= 4  / df_lag= 5 
2026-06-20 15:46:22 [INFO] Sensibilidade spline df:  medio_paraiba_internacoes_i60_i69_temp_med  / df_exp= 5  / df_lag= 3 
2026-06-20 15:46:37 [INFO] Sensibilidade spline df:  medio_paraiba_internacoes_i60_i69_temp_med  / df_exp= 5  / df_lag= 4 
2026-06-20 15:46:57 [INFO] Sensibilidade spline df:  medio_paraiba_internacoes_i60_i69_temp_med  / df_exp= 5  / df_lag= 5 
2026-06-20 15:47:12 [INFO] Sensibilidade spline df:  medio_paraiba_internacoes_i60_i69_ur_med  / df_exp= 3  / df_lag= 3 
2026-06-20 15:47:25 [INFO] Sensibilidade spline df:  medio_paraiba_internacoes_i60_i69_ur_med  / df_exp= 3  / df_lag= 4 
2026-06-20 15:47:45 [INFO] Sensibilidade spline df:  medio_paraiba_internacoes_i60_i69_ur_med  / df_exp= 3  / df_lag= 5 
2026-06-20 15:48:00 [INFO] Sensibilidade spline df:  medio_paraiba_internacoes_i60_i69_ur_med  / df_exp= 4  / df_lag= 3 
2026-06-20 15:48:14 [INFO] Sensibilidade spline df:  medio_paraiba_internacoes_i60_i69_ur_med  / df_exp= 4  / df_lag= 4 
2026-06-20 15:48:28 [INFO] Sensibilidade spline df:  medio_paraiba_internacoes_i60_i69_ur_med  / df_exp= 4  / df_lag= 5 
2026-06-20 15:48:43 [INFO] Sensibilidade spline df:  medio_paraiba_internacoes_i60_i69_ur_med  / df_exp= 5  / df_lag= 3 
2026-06-20 15:48:59 [INFO] Sensibilidade spline df:  medio_paraiba_internacoes_i60_i69_ur_med  / df_exp= 5  / df_lag= 4 
2026-06-20 15:49:18 [INFO] Sensibilidade spline df:  medio_paraiba_internacoes_i60_i69_ur_med  / df_exp= 5  / df_lag= 5 
2026-06-20 15:49:31 [INFO] Sensibilidade spline df:  medio_paraiba_obitos_i60_i69_temp_med  / df_exp= 3  / df_lag= 3 
2026-06-20 15:49:36 [INFO] Sensibilidade spline df:  medio_paraiba_obitos_i60_i69_temp_med  / df_exp= 3  / df_lag= 4 
2026-06-20 15:49:49 [INFO] Sensibilidade spline df:  medio_paraiba_obitos_i60_i69_temp_med  / df_exp= 3  / df_lag= 5 
2026-06-20 15:49:55 [INFO] Sensibilidade spline df:  medio_paraiba_obitos_i60_i69_temp_med  / df_exp= 4  / df_lag= 3 
2026-06-20 15:50:00 [INFO] Sensibilidade spline df:  medio_paraiba_obitos_i60_i69_temp_med  / df_exp= 4  / df_lag= 4 
2026-06-20 15:50:05 [INFO] Sensibilidade spline df:  medio_paraiba_obitos_i60_i69_temp_med  / df_exp= 4  / df_lag= 5 
2026-06-20 15:50:12 [INFO] Sensibilidade spline df:  medio_paraiba_obitos_i60_i69_temp_med  / df_exp= 5  / df_lag= 3 
2026-06-20 15:50:17 [INFO] Sensibilidade spline df:  medio_paraiba_obitos_i60_i69_temp_med  / df_exp= 5  / df_lag= 4 
2026-06-20 15:50:32 [INFO] Sensibilidade spline df:  medio_paraiba_obitos_i60_i69_temp_med  / df_exp= 5  / df_lag= 5 
2026-06-20 15:50:38 [INFO] Sensibilidade spline df:  medio_paraiba_obitos_i60_i69_ur_med  / df_exp= 3  / df_lag= 3 
2026-06-20 15:50:42 [INFO] Sensibilidade spline df:  medio_paraiba_obitos_i60_i69_ur_med  / df_exp= 3  / df_lag= 4 
2026-06-20 15:50:47 [INFO] Sensibilidade spline df:  medio_paraiba_obitos_i60_i69_ur_med  / df_exp= 3  / df_lag= 5 
2026-06-20 15:50:55 [INFO] Sensibilidade spline df:  medio_paraiba_obitos_i60_i69_ur_med  / df_exp= 4  / df_lag= 3 
2026-06-20 15:51:07 [INFO] Sensibilidade spline df:  medio_paraiba_obitos_i60_i69_ur_med  / df_exp= 4  / df_lag= 4 
2026-06-20 15:51:17 [INFO] Sensibilidade spline df:  medio_paraiba_obitos_i60_i69_ur_med  / df_exp= 4  / df_lag= 5 
2026-06-20 15:51:26 [INFO] Sensibilidade spline df:  medio_paraiba_obitos_i60_i69_ur_med  / df_exp= 5  / df_lag= 3 
2026-06-20 15:51:34 [INFO] Sensibilidade spline df:  medio_paraiba_obitos_i60_i69_ur_med  / df_exp= 5  / df_lag= 4 
2026-06-20 15:51:43 [INFO] Sensibilidade spline df:  medio_paraiba_obitos_i60_i69_ur_med  / df_exp= 5  / df_lag= 5 
2026-06-20 15:51:54 [INFO] Sensibilidade spline df:  metropolitana_i_obitos_i60_i69_temp_med  / df_exp= 3  / df_lag= 3 
2026-06-20 15:52:04 [INFO] Sensibilidade spline df:  metropolitana_i_obitos_i60_i69_temp_med  / df_exp= 3  / df_lag= 4 
2026-06-20 15:52:14 [INFO] Sensibilidade spline df:  metropolitana_i_obitos_i60_i69_temp_med  / df_exp= 3  / df_lag= 5 
2026-06-20 15:52:23 [INFO] Sensibilidade spline df:  metropolitana_i_obitos_i60_i69_temp_med  / df_exp= 4  / df_lag= 3 
2026-06-20 15:52:32 [INFO] Sensibilidade spline df:  metropolitana_i_obitos_i60_i69_temp_med  / df_exp= 4  / df_lag= 4 
2026-06-20 15:52:41 [INFO] Sensibilidade spline df:  metropolitana_i_obitos_i60_i69_temp_med  / df_exp= 4  / df_lag= 5 
2026-06-20 15:52:53 [INFO] Sensibilidade spline df:  metropolitana_i_obitos_i60_i69_temp_med  / df_exp= 5  / df_lag= 3 
2026-06-20 15:53:02 [INFO] Sensibilidade spline df:  metropolitana_i_obitos_i60_i69_temp_med  / df_exp= 5  / df_lag= 4 
2026-06-20 15:53:12 [INFO] Sensibilidade spline df:  metropolitana_i_obitos_i60_i69_temp_med  / df_exp= 5  / df_lag= 5 
2026-06-20 15:53:22 [INFO] Sensibilidade spline df:  metropolitana_ii_internacoes_i60_i69_ur_med  / df_exp= 3  / df_lag= 3 
2026-06-20 15:53:30 [INFO] Sensibilidade spline df:  metropolitana_ii_internacoes_i60_i69_ur_med  / df_exp= 3  / df_lag= 4 
2026-06-20 15:53:49 [INFO] Sensibilidade spline df:  metropolitana_ii_internacoes_i60_i69_ur_med  / df_exp= 3  / df_lag= 5 
2026-06-20 15:53:57 [INFO] Sensibilidade spline df:  metropolitana_ii_internacoes_i60_i69_ur_med  / df_exp= 4  / df_lag= 3 
2026-06-20 15:54:05 [INFO] Sensibilidade spline df:  metropolitana_ii_internacoes_i60_i69_ur_med  / df_exp= 4  / df_lag= 4 
2026-06-20 15:54:15 [INFO] Sensibilidade spline df:  metropolitana_ii_internacoes_i60_i69_ur_med  / df_exp= 4  / df_lag= 5 
2026-06-20 15:54:24 [INFO] Sensibilidade spline df:  metropolitana_ii_internacoes_i60_i69_ur_med  / df_exp= 5  / df_lag= 3 
2026-06-20 15:54:44 [INFO] Sensibilidade spline df:  metropolitana_ii_internacoes_i60_i69_ur_med  / df_exp= 5  / df_lag= 4 
2026-06-20 15:54:53 [INFO] Sensibilidade spline df:  metropolitana_ii_internacoes_i60_i69_ur_med  / df_exp= 5  / df_lag= 5 
2026-06-20 15:55:03 [INFO] Sensibilidade spline df:  metropolitana_ii_obitos_i60_i69_ur_med  / df_exp= 3  / df_lag= 3 
2026-06-20 15:55:11 [INFO] Sensibilidade spline df:  metropolitana_ii_obitos_i60_i69_ur_med  / df_exp= 3  / df_lag= 4 
2026-06-20 15:55:21 [INFO] Sensibilidade spline df:  metropolitana_ii_obitos_i60_i69_ur_med  / df_exp= 3  / df_lag= 5 
2026-06-20 15:55:45 [INFO] Sensibilidade spline df:  metropolitana_ii_obitos_i60_i69_ur_med  / df_exp= 4  / df_lag= 3 
2026-06-20 15:55:52 [INFO] Sensibilidade spline df:  metropolitana_ii_obitos_i60_i69_ur_med  / df_exp= 4  / df_lag= 4 
2026-06-20 15:56:00 [INFO] Sensibilidade spline df:  metropolitana_ii_obitos_i60_i69_ur_med  / df_exp= 4  / df_lag= 5 
2026-06-20 15:56:08 [INFO] Sensibilidade spline df:  metropolitana_ii_obitos_i60_i69_ur_med  / df_exp= 5  / df_lag= 3 
2026-06-20 15:56:17 [INFO] Sensibilidade spline df:  metropolitana_ii_obitos_i60_i69_ur_med  / df_exp= 5  / df_lag= 4 
2026-06-20 15:56:28 [INFO] Sensibilidade spline df:  metropolitana_ii_obitos_i60_i69_ur_med  / df_exp= 5  / df_lag= 5 
2026-06-20 15:56:39 [INFO] Sensibilidade spline df:  noroeste_internacoes_i60_i69_temp_med  / df_exp= 3  / df_lag= 3 
2026-06-20 15:56:56 [INFO] Sensibilidade spline df:  noroeste_internacoes_i60_i69_temp_med  / df_exp= 3  / df_lag= 4 
2026-06-20 15:57:05 [INFO] Sensibilidade spline df:  noroeste_internacoes_i60_i69_temp_med  / df_exp= 3  / df_lag= 5 
2026-06-20 15:57:14 [INFO] Sensibilidade spline df:  noroeste_internacoes_i60_i69_temp_med  / df_exp= 4  / df_lag= 3 
2026-06-20 15:57:23 [INFO] Sensibilidade spline df:  noroeste_internacoes_i60_i69_temp_med  / df_exp= 4  / df_lag= 4 
2026-06-20 15:57:35 [INFO] Sensibilidade spline df:  noroeste_internacoes_i60_i69_temp_med  / df_exp= 4  / df_lag= 5 
2026-06-20 15:57:50 [INFO] Sensibilidade spline df:  noroeste_internacoes_i60_i69_temp_med  / df_exp= 5  / df_lag= 3 
2026-06-20 15:58:16 [INFO] Sensibilidade spline df:  noroeste_internacoes_i60_i69_temp_med  / df_exp= 5  / df_lag= 4 
2026-06-20 15:58:25 [INFO] Sensibilidade spline df:  noroeste_internacoes_i60_i69_temp_med  / df_exp= 5  / df_lag= 5 
2026-06-20 15:58:35 [INFO] Sensibilidade spline df:  norte_internacoes_i60_i69_temp_med  / df_exp= 3  / df_lag= 3 
2026-06-20 15:58:44 [INFO] Sensibilidade spline df:  norte_internacoes_i60_i69_temp_med  / df_exp= 3  / df_lag= 4 
2026-06-20 15:58:53 [INFO] Sensibilidade spline df:  norte_internacoes_i60_i69_temp_med  / df_exp= 3  / df_lag= 5 
2026-06-20 15:59:08 [INFO] Sensibilidade spline df:  norte_internacoes_i60_i69_temp_med  / df_exp= 4  / df_lag= 3 
2026-06-20 15:59:31 [INFO] Sensibilidade spline df:  norte_internacoes_i60_i69_temp_med  / df_exp= 4  / df_lag= 4 
2026-06-20 15:59:41 [INFO] Sensibilidade spline df:  norte_internacoes_i60_i69_temp_med  / df_exp= 4  / df_lag= 5 
2026-06-20 15:59:51 [INFO] Sensibilidade spline df:  norte_internacoes_i60_i69_temp_med  / df_exp= 5  / df_lag= 3 
2026-06-20 16:00:01 [INFO] Sensibilidade spline df:  norte_internacoes_i60_i69_temp_med  / df_exp= 5  / df_lag= 4 
2026-06-20 16:00:11 [INFO] Sensibilidade spline df:  norte_internacoes_i60_i69_temp_med  / df_exp= 5  / df_lag= 5 
2026-06-20 16:00:23 [INFO] Sensibilidade spline df:  norte_internacoes_i60_i69_ur_med  / df_exp= 3  / df_lag= 3 
2026-06-20 16:00:44 [INFO] Sensibilidade spline df:  norte_internacoes_i60_i69_ur_med  / df_exp= 3  / df_lag= 4 
2026-06-20 16:00:53 [INFO] Sensibilidade spline df:  norte_internacoes_i60_i69_ur_med  / df_exp= 3  / df_lag= 5 
2026-06-20 16:01:03 [INFO] Sensibilidade spline df:  norte_internacoes_i60_i69_ur_med  / df_exp= 4  / df_lag= 3 
2026-06-20 16:01:13 [INFO] Sensibilidade spline df:  norte_internacoes_i60_i69_ur_med  / df_exp= 4  / df_lag= 4 
2026-06-20 16:01:24 [INFO] Sensibilidade spline df:  norte_internacoes_i60_i69_ur_med  / df_exp= 4  / df_lag= 5 
2026-06-20 16:01:35 [INFO] Sensibilidade spline df:  norte_internacoes_i60_i69_ur_med  / df_exp= 5  / df_lag= 3 
2026-06-20 16:01:57 [INFO] Sensibilidade spline df:  norte_internacoes_i60_i69_ur_med  / df_exp= 5  / df_lag= 4 
2026-06-20 16:02:08 [INFO] Sensibilidade spline df:  norte_internacoes_i60_i69_ur_med  / df_exp= 5  / df_lag= 5 
2026-06-20 16:02:19 [INFO] Sensibilidade spline df:  norte_obitos_i60_i69_temp_med  / df_exp= 3  / df_lag= 3 
2026-06-20 16:02:28 [INFO] Sensibilidade spline df:  norte_obitos_i60_i69_temp_med  / df_exp= 3  / df_lag= 4 
2026-06-20 16:02:36 [INFO] Sensibilidade spline df:  norte_obitos_i60_i69_temp_med  / df_exp= 3  / df_lag= 5 
2026-06-20 16:02:47 [INFO] Sensibilidade spline df:  norte_obitos_i60_i69_temp_med  / df_exp= 4  / df_lag= 3 
2026-06-20 16:03:15 [INFO] Sensibilidade spline df:  norte_obitos_i60_i69_temp_med  / df_exp= 4  / df_lag= 4 
2026-06-20 16:03:24 [INFO] Sensibilidade spline df:  norte_obitos_i60_i69_temp_med  / df_exp= 4  / df_lag= 5 
2026-06-20 16:03:33 [INFO] Sensibilidade spline df:  norte_obitos_i60_i69_temp_med  / df_exp= 5  / df_lag= 3 
2026-06-20 16:03:42 [INFO] Sensibilidade spline df:  norte_obitos_i60_i69_temp_med  / df_exp= 5  / df_lag= 4 
2026-06-20 16:03:53 [INFO] Sensibilidade spline df:  norte_obitos_i60_i69_temp_med  / df_exp= 5  / df_lag= 5 
2026-06-20 16:04:04 [INFO] Sensibilidade spline df:  norte_obitos_i60_i69_ur_med  / df_exp= 3  / df_lag= 3 
2026-06-20 16:04:39 [INFO] Sensibilidade spline df:  norte_obitos_i60_i69_ur_med  / df_exp= 3  / df_lag= 4 
2026-06-20 16:04:49 [INFO] Sensibilidade spline df:  norte_obitos_i60_i69_ur_med  / df_exp= 3  / df_lag= 5 
2026-06-20 16:04:57 [INFO] Sensibilidade spline df:  norte_obitos_i60_i69_ur_med  / df_exp= 4  / df_lag= 3 
2026-06-20 16:05:06 [INFO] Sensibilidade spline df:  norte_obitos_i60_i69_ur_med  / df_exp= 4  / df_lag= 4 
2026-06-20 16:05:16 [INFO] Sensibilidade spline df:  norte_obitos_i60_i69_ur_med  / df_exp= 4  / df_lag= 5 
2026-06-20 16:05:29 [INFO] Sensibilidade spline df:  norte_obitos_i60_i69_ur_med  / df_exp= 5  / df_lag= 3 
2026-06-20 16:05:39 [INFO] Sensibilidade spline df:  norte_obitos_i60_i69_ur_med  / df_exp= 5  / df_lag= 4 
2026-06-20 16:06:01 [INFO] Sensibilidade spline df:  norte_obitos_i60_i69_ur_med  / df_exp= 5  / df_lag= 5 
2026-06-20 16:06:11 [INFO] Sensibilidade spline df:  serrana_internacoes_i60_i69_temp_med  / df_exp= 3  / df_lag= 3 
2026-06-20 16:06:38 [INFO] Sensibilidade spline df:  serrana_internacoes_i60_i69_temp_med  / df_exp= 3  / df_lag= 4 
2026-06-20 16:07:17 [INFO] Sensibilidade spline df:  serrana_internacoes_i60_i69_temp_med  / df_exp= 3  / df_lag= 5 
2026-06-20 16:07:45 [INFO] Sensibilidade spline df:  serrana_internacoes_i60_i69_temp_med  / df_exp= 4  / df_lag= 3 
2026-06-20 16:08:09 [INFO] Sensibilidade spline df:  serrana_internacoes_i60_i69_temp_med  / df_exp= 4  / df_lag= 4 
2026-06-20 16:08:46 [INFO] Sensibilidade spline df:  serrana_internacoes_i60_i69_temp_med  / df_exp= 4  / df_lag= 5 
2026-06-20 16:09:16 [INFO] Sensibilidade spline df:  serrana_internacoes_i60_i69_temp_med  / df_exp= 5  / df_lag= 3 
2026-06-20 16:09:50 [INFO] Sensibilidade spline df:  serrana_internacoes_i60_i69_temp_med  / df_exp= 5  / df_lag= 4 
2026-06-20 16:10:21 [INFO] Sensibilidade spline df:  serrana_internacoes_i60_i69_temp_med  / df_exp= 5  / df_lag= 5 
2026-06-20 16:10:59 [INFO] Sensibilidade spline df:  serrana_internacoes_i60_i69_ur_med  / df_exp= 3  / df_lag= 3 
2026-06-20 16:11:20 [INFO] Sensibilidade spline df:  serrana_internacoes_i60_i69_ur_med  / df_exp= 3  / df_lag= 4 
2026-06-20 16:11:49 [INFO] Sensibilidade spline df:  serrana_internacoes_i60_i69_ur_med  / df_exp= 3  / df_lag= 5 
2026-06-20 16:12:19 [INFO] Sensibilidade spline df:  serrana_internacoes_i60_i69_ur_med  / df_exp= 4  / df_lag= 3 
2026-06-20 16:12:52 [INFO] Sensibilidade spline df:  serrana_internacoes_i60_i69_ur_med  / df_exp= 4  / df_lag= 4 
2026-06-20 16:13:26 [INFO] Sensibilidade spline df:  serrana_internacoes_i60_i69_ur_med  / df_exp= 4  / df_lag= 5 
2026-06-20 16:14:04 [INFO] Sensibilidade spline df:  serrana_internacoes_i60_i69_ur_med  / df_exp= 5  / df_lag= 3 
2026-06-20 16:14:30 [INFO] Sensibilidade spline df:  serrana_internacoes_i60_i69_ur_med  / df_exp= 5  / df_lag= 4 
2026-06-20 16:15:19 [INFO] Sensibilidade spline df:  serrana_internacoes_i60_i69_ur_med  / df_exp= 5  / df_lag= 5 
